context,size,dataset,base_horizon_days,theta_weeks,sub_days,lock_days,master_days_used,solver,success,returncode,runtime_sec,out_json,out_assignments,stdout_path,stderr_path,timestamp
pg,6,pg_6,,2,14,1,14,mip,True,0,0.0,/home/rjaffray/projects/jaffray-masc-fhops-model/data/output/pg_6_sub14_lock1_mip_20260301_200539.json,/home/rjaffray/projects/jaffray-masc-fhops-model/data/output/pg_6_sub14_lock1_mip_20260301_200539_assignments.csv,/home/rjaffray/projects/jaffray-masc-fhops-model/data/output/stdout/pg_6_sub14_lock1_mip_20260301_200539.out.txt,/home/rjaffray/projects/jaffray-masc-fhops-model/data/output/stderr/pg_6_sub14_lock1_mip_20260301_200539.err.txt,2026-03-01 20:05:39
pg,6,pg_6,,2,14,1,14,sa,True,0,0.0,/home/rjaffray/projects/jaffray-masc-fhops-model/data/output/pg_6_sub14_lock1_sa_20260301_200539.json,/home/rjaffray/projects/jaffray-masc-fhops-model/data/output/pg_6_sub14_lock1_sa_20260301_200539_assignments.csv,/home/rjaffray/projects/jaffray-masc-fhops-model/data/output/stdout/pg_6_sub14_lock1_sa_20260301_200539.out.txt,/home/rjaffray/projects/jaffray-masc-fhops-model/data/output/stderr/pg_6_sub14_lock1_sa_20260301_200539.err.txt,2026-03-01 20:05:39
pg,6,pg_6,,2,14,7,14,mip,True,0,0.0,/home/rjaffray/projects/jaffray-masc-fhops-model/data/output/pg_6_sub14_lock7_mip_20260301_200539.json,/home/rjaffray/projects/jaffray-masc-fhops-model/data/output/pg_6_sub14_lock7_mip_20260301_200539_assignments.csv,/home/rjaffray/projects/jaffray-masc-fhops-model/data/output/stdout/pg_6_sub14_lock7_mip_20260301_200539.out.txt,/home/rjaffray/projects/jaffray-masc-fhops-model/data/output/stderr/pg_6_sub14_lock7_mip_20260301_200539.err.txt,2026-03-01 20:05:39
pg,6,pg_6,,2,14,7,14,sa,True,0,0.0,/home/rjaffray/projects/jaffray-masc-fhops-model/data/output/pg_6_sub14_lock7_sa_20260301_200539.json,/home/rjaffray/projects/jaffray-masc-fhops-model/data/output/pg_6_sub14_lock7_sa_20260301_200539_assignments.csv,/home/rjaffray/projects/jaffray-masc-fhops-model/data/output/stdout/pg_6_sub14_lock7_sa_20260301_200539.out.txt,/home/rjaffray/projects/jaffray-masc-fhops-model/data/output/stderr/pg_6_sub14_lock7_sa_20260301_200539.err.txt,2026-03-01 20:05:39
pg,6,pg_6,,2,14,14,14,mip,True,0,0.0,/home/rjaffray/projects/jaffray-masc-fhops-model/data/output/pg_6_sub14_lock14_mip_20260301_200539.json,/home/rjaffray/projects/jaffray-masc-fhops-model/data/output/pg_6_sub14_lock14_mip_20260301_200539_assignments.csv,/home/rjaffray/projects/jaffray-masc-fhops-model/data/output/stdout/pg_6_sub14_lock14_mip_20260301_200539.out.txt,/home/rjaffray/projects/jaffray-masc-fhops-model/data/output/stderr/pg_6_sub14_lock14_mip_20260301_200539.err.txt,2026-03-01 20:05:39
pg,6,pg_6,,2,14,14,14,sa,True,0,0.0,/home/rjaffray/projects/jaffray-masc-fhops-model/data/output/pg_6_sub14_lock14_sa_20260301_200539.json,/home/rjaffray/projects/jaffray-masc-fhops-model/data/output/pg_6_sub14_lock14_sa_20260301_200539_assignments.csv,/home/rjaffray/projects/jaffray-masc-fhops-model/data/output/stdout/pg_6_sub14_lock14_sa_20260301_200539.out.txt,/home/rjaffray/projects/jaffray-masc-fhops-model/data/output/stderr/pg_6_sub14_lock14_sa_20260301_200539.err.txt,2026-03-01 20:05:39
pg,6,pg_6,,4,28,1,28,mip,True,0,0.0,/home/rjaffray/projects/jaffray-masc-fhops-model/data/output/pg_6_sub28_lock1_mip_20260301_200539.json,/home/rjaffray/projects/jaffray-masc-fhops-model/data/output/pg_6_sub28_lock1_mip_20260301_200539_assignments.csv,/home/rjaffray/projects/jaffray-masc-fhops-model/data/output/stdout/pg_6_sub28_lock1_mip_20260301_200539.out.txt,/home/rjaffray/projects/jaffray-masc-fhops-model/data/output/stderr/pg_6_sub28_lock1_mip_20260301_200539.err.txt,2026-03-01 20:05:39
pg,6,pg_6,,4,28,1,28,sa,True,0,0.0,/home/rjaffray/projects/jaffray-masc-fhops-model/data/output/pg_6_sub28_lock1_sa_20260301_200539.json,/home/rjaffray/projects/jaffray-masc-fhops-model/data/output/pg_6_sub28_lock1_sa_20260301_200539_assignments.csv,/home/rjaffray/projects/jaffray-masc-fhops-model/data/output/stdout/pg_6_sub28_lock1_sa_20260301_200539.out.txt,/home/rjaffray/projects/jaffray-masc-fhops-model/data/output/stderr/pg_6_sub28_lock1_sa_20260301_200539.err.txt,2026-03-01 20:05:39
pg,6,pg_6,,4,28,7,28,mip,True,0,0.0,/home/rjaffray/projects/jaffray-masc-fhops-model/data/output/pg_6_sub28_lock7_mip_20260301_200539.json,/home/rjaffray/projects/jaffray-masc-fhops-model/data/output/pg_6_sub28_lock7_mip_20260301_200539_assignments.csv,/home/rjaffray/projects/jaffray-masc-fhops-model/data/output/stdout/pg_6_sub28_lock7_mip_20260301_200539.out.txt,/home/rjaffray/projects/jaffray-masc-fhops-model/data/output/stderr/pg_6_sub28_lock7_mip_20260301_200539.err.txt,2026-03-01 20:05:39
pg,6,pg_6,,4,28,7,28,sa,True,0,0.0,/home/rjaffray/projects/jaffray-masc-fhops-model/data/output/pg_6_sub28_lock7_sa_20260301_200539.json,/home/rjaffray/projects/jaffray-masc-fhops-model/data/output/pg_6_sub28_lock7_sa_20260301_200539_assignments.csv,/home/rjaffray/projects/jaffray-masc-fhops-model/data/output/stdout/pg_6_sub28_lock7_sa_20260301_200539.out.txt,/home/rjaffray/projects/jaffray-masc-fhops-model/data/output/stderr/pg_6_sub28_lock7_sa_20260301_200539.err.txt,2026-03-01 20:05:39
pg,6,pg_6,,4,28,14,28,mip,True,0,0.0,/home/rjaffray/projects/jaffray-masc-fhops-model/data/output/pg_6_sub28_lock14_mip_20260301_200539.json,/home/rjaffray/projects/jaffray-masc-fhops-model/data/output/pg_6_sub28_lock14_mip_20260301_200539_assignments.csv,/home/rjaffray/projects/jaffray-masc-fhops-model/data/output/stdout/pg_6_sub28_lock14_mip_20260301_200539.out.txt,/home/rjaffray/projects/jaffray-masc-fhops-model/data/output/stderr/pg_6_sub28_lock14_mip_20260301_200539.err.txt,2026-03-01 20:05:39
pg,6,pg_6,,4,28,14,28,sa,True,0,0.0,/home/rjaffray/projects/jaffray-masc-fhops-model/data/output/pg_6_sub28_lock14_sa_20260301_200539.json,/home/rjaffray/projects/jaffray-masc-fhops-model/data/output/pg_6_sub28_lock14_sa_20260301_200539_assignments.csv,/home/rjaffray/projects/jaffray-masc-fhops-model/data/output/stdout/pg_6_sub28_lock14_sa_20260301_200539.out.txt,/home/rjaffray/projects/jaffray-masc-fhops-model/data/output/stderr/pg_6_sub28_lock14_sa_20260301_200539.err.txt,2026-03-01 20:05:39
pg,6,pg_6,,8,56,1,56,mip,True,0,0.0,/home/rjaffray/projects/jaffray-masc-fhops-model/data/output/pg_6_sub56_lock1_mip_20260301_200539.json,/home/rjaffray/projects/jaffray-masc-fhops-model/data/output/pg_6_sub56_lock1_mip_20260301_200539_assignments.csv,/home/rjaffray/projects/jaffray-masc-fhops-model/data/output/stdout/pg_6_sub56_lock1_mip_20260301_200539.out.txt,/home/rjaffray/projects/jaffray-masc-fhops-model/data/output/stderr/pg_6_sub56_lock1_mip_20260301_200539.err.txt,2026-03-01 20:05:39
pg,6,pg_6,,8,56,1,56,sa,True,0,0.0,/home/rjaffray/projects/jaffray-masc-fhops-model/data/output/pg_6_sub56_lock1_sa_20260301_200539.json,/home/rjaffray/projects/jaffray-masc-fhops-model/data/output/pg_6_sub56_lock1_sa_20260301_200539_assignments.csv,/home/rjaffray/projects/jaffray-masc-fhops-model/data/output/stdout/pg_6_sub56_lock1_sa_20260301_200539.out.txt,/home/rjaffray/projects/jaffray-masc-fhops-model/data/output/stderr/pg_6_sub56_lock1_sa_20260301_200539.err.txt,2026-03-01 20:05:39
pg,6,pg_6,,8,56,7,56,mip,True,0,0.0,/home/rjaffray/projects/jaffray-masc-fhops-model/data/output/pg_6_sub56_lock7_mip_20260301_200539.json,/home/rjaffray/projects/jaffray-masc-fhops-model/data/output/pg_6_sub56_lock7_mip_20260301_200539_assignments.csv,/home/rjaffray/projects/jaffray-masc-fhops-model/data/output/stdout/pg_6_sub56_lock7_mip_20260301_200539.out.txt,/home/rjaffray/projects/jaffray-masc-fhops-model/data/output/stderr/pg_6_sub56_lock7_mip_20260301_200539.err.txt,2026-03-01 20:05:39
pg,6,pg_6,,8,56,7,56,sa,True,0,0.0,/home/rjaffray/projects/jaffray-masc-fhops-model/data/output/pg_6_sub56_lock7_sa_20260301_200539.json,/home/rjaffray/projects/jaffray-masc-fhops-model/data/output/pg_6_sub56_lock7_sa_20260301_200539_assignments.csv,/home/rjaffray/projects/jaffray-masc-fhops-model/data/output/stdout/pg_6_sub56_lock7_sa_20260301_200539.out.txt,/home/rjaffray/projects/jaffray-masc-fhops-model/data/output/stderr/pg_6_sub56_lock7_sa_20260301_200539.err.txt,2026-03-01 20:05:39
pg,6,pg_6,,8,56,14,56,mip,True,0,0.0,/home/rjaffray/projects/jaffray-masc-fhops-model/data/output/pg_6_sub56_lock14_mip_20260301_200539.json,/home/rjaffray/projects/jaffray-masc-fhops-model/data/output/pg_6_sub56_lock14_mip_20260301_200539_assignments.csv,/home/rjaffray/projects/jaffray-masc-fhops-model/data/output/stdout/pg_6_sub56_lock14_mip_20260301_200539.out.txt,/home/rjaffray/projects/jaffray-masc-fhops-model/data/output/stderr/pg_6_sub56_lock14_mip_20260301_200539.err.txt,2026-03-01 20:05:39
pg,6,pg_6,,8,56,14,56,sa,True,0,0.0,/home/rjaffray/projects/jaffray-masc-fhops-model/data/output/pg_6_sub56_lock14_sa_20260301_200539.json,/home/rjaffray/projects/jaffray-masc-fhops-model/data/output/pg_6_sub56_lock14_sa_20260301_200539_assignments.csv,/home/rjaffray/projects/jaffray-masc-fhops-model/data/output/stdout/pg_6_sub56_lock14_sa_20260301_200539.out.txt,/home/rjaffray/projects/jaffray-masc-fhops-model/data/output/stderr/pg_6_sub56_lock14_sa_20260301_200539.err.txt,2026-03-01 20:05:39
pg,6,pg_6,,16,112,1,112,mip,True,0,0.0,/home/rjaffray/projects/jaffray-masc-fhops-model/data/output/pg_6_sub112_lock1_mip_20260301_200539.json,/home/rjaffray/projects/jaffray-masc-fhops-model/data/output/pg_6_sub112_lock1_mip_20260301_200539_assignments.csv,/home/rjaffray/projects/jaffray-masc-fhops-model/data/output/stdout/pg_6_sub112_lock1_mip_20260301_200539.out.txt,/home/rjaffray/projects/jaffray-masc-fhops-model/data/output/stderr/pg_6_sub112_lock1_mip_20260301_200539.err.txt,2026-03-01 20:05:39
pg,6,pg_6,,16,112,1,112,sa,True,0,0.0,/home/rjaffray/projects/jaffray-masc-fhops-model/data/output/pg_6_sub112_lock1_sa_20260301_200539.json,/home/rjaffray/projects/jaffray-masc-fhops-model/data/output/pg_6_sub112_lock1_sa_20260301_200539_assignments.csv,/home/rjaffray/projects/jaffray-masc-fhops-model/data/output/stdout/pg_6_sub112_lock1_sa_20260301_200539.out.txt,/home/rjaffray/projects/jaffray-masc-fhops-model/data/output/stderr/pg_6_sub112_lock1_sa_20260301_200539.err.txt,2026-03-01 20:05:39
pg,6,pg_6,,16,112,7,112,mip,True,0,0.0,/home/rjaffray/projects/jaffray-masc-fhops-model/data/output/pg_6_sub112_lock7_mip_20260301_200539.json,/home/rjaffray/projects/jaffray-masc-fhops-model/data/output/pg_6_sub112_lock7_mip_20260301_200539_assignments.csv,/home/rjaffray/projects/jaffray-masc-fhops-model/data/output/stdout/pg_6_sub112_lock7_mip_20260301_200539.out.txt,/home/rjaffray/projects/jaffray-masc-fhops-model/data/output/stderr/pg_6_sub112_lock7_mip_20260301_200539.err.txt,2026-03-01 20:05:39
pg,6,pg_6,,16,112,7,112,sa,True,0,0.0,/home/rjaffray/projects/jaffray-masc-fhops-model/data/output/pg_6_sub112_lock7_sa_20260301_200539.json,/home/rjaffray/projects/jaffray-masc-fhops-model/data/output/pg_6_sub112_lock7_sa_20260301_200539_assignments.csv,/home/rjaffray/projects/jaffray-masc-fhops-model/data/output/stdout/pg_6_sub112_lock7_sa_20260301_200539.out.txt,/home/rjaffray/projects/jaffray-masc-fhops-model/data/output/stderr/pg_6_sub112_lock7_sa_20260301_200539.err.txt,2026-03-01 20:05:39
pg,6,pg_6,,16,112,14,112,mip,True,0,0.0,/home/rjaffray/projects/jaffray-masc-fhops-model/data/output/pg_6_sub112_lock14_mip_20260301_200539.json,/home/rjaffray/projects/jaffray-masc-fhops-model/data/output/pg_6_sub112_lock14_mip_20260301_200539_assignments.csv,/home/rjaffray/projects/jaffray-masc-fhops-model/data/output/stdout/pg_6_sub112_lock14_mip_20260301_200539.out.txt,/home/rjaffray/projects/jaffray-masc-fhops-model/data/output/stderr/pg_6_sub112_lock14_mip_20260301_200539.err.txt,2026-03-01 20:05:39
pg,6,pg_6,,16,112,14,112,sa,True,0,0.0,/home/rjaffray/projects/jaffray-masc-fhops-model/data/output/pg_6_sub112_lock14_sa_20260301_200539.json,/home/rjaffray/projects/jaffray-masc-fhops-model/data/output/pg_6_sub112_lock14_sa_20260301_200539_assignments.csv,/home/rjaffray/projects/jaffray-masc-fhops-model/data/output/stdout/pg_6_sub112_lock14_sa_20260301_200539.out.txt,/home/rjaffray/projects/jaffray-masc-fhops-model/data/output/stderr/pg_6_sub112_lock14_sa_20260301_200539.err.txt,2026-03-01 20:05:39
pg,18,pg_18,,2,14,1,14,mip,True,0,0.0,/home/rjaffray/projects/jaffray-masc-fhops-model/data/output/pg_18_sub14_lock1_mip_20260301_200539.json,/home/rjaffray/projects/jaffray-masc-fhops-model/data/output/pg_18_sub14_lock1_mip_20260301_200539_assignments.csv,/home/rjaffray/projects/jaffray-masc-fhops-model/data/output/stdout/pg_18_sub14_lock1_mip_20260301_200539.out.txt,/home/rjaffray/projects/jaffray-masc-fhops-model/data/output/stderr/pg_18_sub14_lock1_mip_20260301_200539.err.txt,2026-03-01 20:05:39
pg,18,pg_18,,2,14,1,14,sa,True,0,0.0,/home/rjaffray/projects/jaffray-masc-fhops-model/data/output/pg_18_sub14_lock1_sa_20260301_200539.json,/home/rjaffray/projects/jaffray-masc-fhops-model/data/output/pg_18_sub14_lock1_sa_20260301_200539_assignments.csv,/home/rjaffray/projects/jaffray-masc-fhops-model/data/output/stdout/pg_18_sub14_lock1_sa_20260301_200539.out.txt,/home/rjaffray/projects/jaffray-masc-fhops-model/data/output/stderr/pg_18_sub14_lock1_sa_20260301_200539.err.txt,2026-03-01 20:05:39
pg,18,pg_18,,2,14,7,14,mip,True,0,0.0,/home/rjaffray/projects/jaffray-masc-fhops-model/data/output/pg_18_sub14_lock7_mip_20260301_200539.json,/home/rjaffray/projects/jaffray-masc-fhops-model/data/output/pg_18_sub14_lock7_mip_20260301_200539_assignments.csv,/home/rjaffray/projects/jaffray-masc-fhops-model/data/output/stdout/pg_18_sub14_lock7_mip_20260301_200539.out.txt,/home/rjaffray/projects/jaffray-masc-fhops-model/data/output/stderr/pg_18_sub14_lock7_mip_20260301_200539.err.txt,2026-03-01 20:05:39
pg,18,pg_18,,2,14,7,14,sa,True,0,0.0,/home/rjaffray/projects/jaffray-masc-fhops-model/data/output/pg_18_sub14_lock7_sa_20260301_200539.json,/home/rjaffray/projects/jaffray-masc-fhops-model/data/output/pg_18_sub14_lock7_sa_20260301_200539_assignments.csv,/home/rjaffray/projects/jaffray-masc-fhops-model/data/output/stdout/pg_18_sub14_lock7_sa_20260301_200539.out.txt,/home/rjaffray/projects/jaffray-masc-fhops-model/data/output/stderr/pg_18_sub14_lock7_sa_20260301_200539.err.txt,2026-03-01 20:05:39
pg,18,pg_18,,2,14,14,14,mip,True,0,0.0,/home/rjaffray/projects/jaffray-masc-fhops-model/data/output/pg_18_sub14_lock14_mip_20260301_200539.json,/home/rjaffray/projects/jaffray-masc-fhops-model/data/output/pg_18_sub14_lock14_mip_20260301_200539_assignments.csv,/home/rjaffray/projects/jaffray-masc-fhops-model/data/output/stdout/pg_18_sub14_lock14_mip_20260301_200539.out.txt,/home/rjaffray/projects/jaffray-masc-fhops-model/data/output/stderr/pg_18_sub14_lock14_mip_20260301_200539.err.txt,2026-03-01 20:05:39
pg,18,pg_18,,2,14,14,14,sa,True,0,0.0,/home/rjaffray/projects/jaffray-masc-fhops-model/data/output/pg_18_sub14_lock14_sa_20260301_200539.json,/home/rjaffray/projects/jaffray-masc-fhops-model/data/output/pg_18_sub14_lock14_sa_20260301_200539_assignments.csv,/home/rjaffray/projects/jaffray-masc-fhops-model/data/output/stdout/pg_18_sub14_lock14_sa_20260301_200539.out.txt,/home/rjaffray/projects/jaffray-masc-fhops-model/data/output/stderr/pg_18_sub14_lock14_sa_20260301_200539.err.txt,2026-03-01 20:05:39
pg,18,pg_18,,4,28,1,28,mip,True,0,0.0,/home/rjaffray/projects/jaffray-masc-fhops-model/data/output/pg_18_sub28_lock1_mip_20260301_200539.json,/home/rjaffray/projects/jaffray-masc-fhops-model/data/output/pg_18_sub28_lock1_mip_20260301_200539_assignments.csv,/home/rjaffray/projects/jaffray-masc-fhops-model/data/output/stdout/pg_18_sub28_lock1_mip_20260301_200539.out.txt,/home/rjaffray/projects/jaffray-masc-fhops-model/data/output/stderr/pg_18_sub28_lock1_mip_20260301_200539.err.txt,2026-03-01 20:05:39
pg,18,pg_18,,4,28,1,28,sa,True,0,0.0,/home/rjaffray/projects/jaffray-masc-fhops-model/data/output/pg_18_sub28_lock1_sa_20260301_200539.json,/home/rjaffray/projects/jaffray-masc-fhops-model/data/output/pg_18_sub28_lock1_sa_20260301_200539_assignments.csv,/home/rjaffray/projects/jaffray-masc-fhops-model/data/output/stdout/pg_18_sub28_lock1_sa_20260301_200539.out.txt,/home/rjaffray/projects/jaffray-masc-fhops-model/data/output/stderr/pg_18_sub28_lock1_sa_20260301_200539.err.txt,2026-03-01 20:05:39
pg,18,pg_18,,4,28,7,28,mip,True,0,0.0,/home/rjaffray/projects/jaffray-masc-fhops-model/data/output/pg_18_sub28_lock7_mip_20260301_200539.json,/home/rjaffray/projects/jaffray-masc-fhops-model/data/output/pg_18_sub28_lock7_mip_20260301_200539_assignments.csv,/home/rjaffray/projects/jaffray-masc-fhops-model/data/output/stdout/pg_18_sub28_lock7_mip_20260301_200539.out.txt,/home/rjaffray/projects/jaffray-masc-fhops-model/data/output/stderr/pg_18_sub28_lock7_mip_20260301_200539.err.txt,2026-03-01 20:05:39
pg,18,pg_18,,4,28,7,28,sa,True,0,0.0,/home/rjaffray/projects/jaffray-masc-fhops-model/data/output/pg_18_sub28_lock7_sa_20260301_200539.json,/home/rjaffray/projects/jaffray-masc-fhops-model/data/output/pg_18_sub28_lock7_sa_20260301_200539_assignments.csv,/home/rjaffray/projects/jaffray-masc-fhops-model/data/output/stdout/pg_18_sub28_lock7_sa_20260301_200539.out.txt,/home/rjaffray/projects/jaffray-masc-fhops-model/data/output/stderr/pg_18_sub28_lock7_sa_20260301_200539.err.txt,2026-03-01 20:05:39
pg,18,pg_18,,4,28,14,28,mip,True,0,0.0,/home/rjaffray/projects/jaffray-masc-fhops-model/data/output/pg_18_sub28_lock14_mip_20260301_200539.json,/home/rjaffray/projects/jaffray-masc-fhops-model/data/output/pg_18_sub28_lock14_mip_20260301_200539_assignments.csv,/home/rjaffray/projects/jaffray-masc-fhops-model/data/output/stdout/pg_18_sub28_lock14_mip_20260301_200539.out.txt,/home/rjaffray/projects/jaffray-masc-fhops-model/data/output/stderr/pg_18_sub28_lock14_mip_20260301_200539.err.txt,2026-03-01 20:05:39
pg,18,pg_18,,4,28,14,28,sa,True,0,0.0,/home/rjaffray/projects/jaffray-masc-fhops-model/data/output/pg_18_sub28_lock14_sa_20260301_200539.json,/home/rjaffray/projects/jaffray-masc-fhops-model/data/output/pg_18_sub28_lock14_sa_20260301_200539_assignments.csv,/home/rjaffray/projects/jaffray-masc-fhops-model/data/output/stdout/pg_18_sub28_lock14_sa_20260301_200539.out.txt,/home/rjaffray/projects/jaffray-masc-fhops-model/data/output/stderr/pg_18_sub28_lock14_sa_20260301_200539.err.txt,2026-03-01 20:05:39
pg,18,pg_18,,8,56,1,56,mip,True,0,0.0,/home/rjaffray/projects/jaffray-masc-fhops-model/data/output/pg_18_sub56_lock1_mip_20260301_200539.json,/home/rjaffray/projects/jaffray-masc-fhops-model/data/output/pg_18_sub56_lock1_mip_20260301_200539_assignments.csv,/home/rjaffray/projects/jaffray-masc-fhops-model/data/output/stdout/pg_18_sub56_lock1_mip_20260301_200539.out.txt,/home/rjaffray/projects/jaffray-masc-fhops-model/data/output/stderr/pg_18_sub56_lock1_mip_20260301_200539.err.txt,2026-03-01 20:05:39
pg,18,pg_18,,8,56,1,56,sa,True,0,0.0,/home/rjaffray/projects/jaffray-masc-fhops-model/data/output/pg_18_sub56_lock1_sa_20260301_200539.json,/home/rjaffray/projects/jaffray-masc-fhops-model/data/output/pg_18_sub56_lock1_sa_20260301_200539_assignments.csv,/home/rjaffray/projects/jaffray-masc-fhops-model/data/output/stdout/pg_18_sub56_lock1_sa_20260301_200539.out.txt,/home/rjaffray/projects/jaffray-masc-fhops-model/data/output/stderr/pg_18_sub56_lock1_sa_20260301_200539.err.txt,2026-03-01 20:05:39
pg,18,pg_18,,8,56,7,56,mip,True,0,0.0,/home/rjaffray/projects/jaffray-masc-fhops-model/data/output/pg_18_sub56_lock7_mip_20260301_200539.json,/home/rjaffray/projects/jaffray-masc-fhops-model/data/output/pg_18_sub56_lock7_mip_20260301_200539_assignments.csv,/home/rjaffray/projects/jaffray-masc-fhops-model/data/output/stdout/pg_18_sub56_lock7_mip_20260301_200539.out.txt,/home/rjaffray/projects/jaffray-masc-fhops-model/data/output/stderr/pg_18_sub56_lock7_mip_20260301_200539.err.txt,2026-03-01 20:05:39
pg,18,pg_18,,8,56,7,56,sa,True,0,0.0,/home/rjaffray/projects/jaffray-masc-fhops-model/data/output/pg_18_sub56_lock7_sa_20260301_200539.json,/home/rjaffray/projects/jaffray-masc-fhops-model/data/output/pg_18_sub56_lock7_sa_20260301_200539_assignments.csv,/home/rjaffray/projects/jaffray-masc-fhops-model/data/output/stdout/pg_18_sub56_lock7_sa_20260301_200539.out.txt,/home/rjaffray/projects/jaffray-masc-fhops-model/data/output/stderr/pg_18_sub56_lock7_sa_20260301_200539.err.txt,2026-03-01 20:05:39
pg,18,pg_18,,8,56,14,56,mip,True,0,0.0,/home/rjaffray/projects/jaffray-masc-fhops-model/data/output/pg_18_sub56_lock14_mip_20260301_200539.json,/home/rjaffray/projects/jaffray-masc-fhops-model/data/output/pg_18_sub56_lock14_mip_20260301_200539_assignments.csv,/home/rjaffray/projects/jaffray-masc-fhops-model/data/output/stdout/pg_18_sub56_lock14_mip_20260301_200539.out.txt,/home/rjaffray/projects/jaffray-masc-fhops-model/data/output/stderr/pg_18_sub56_lock14_mip_20260301_200539.err.txt,2026-03-01 20:05:39
pg,18,pg_18,,8,56,14,56,sa,True,0,0.0,/home/rjaffray/projects/jaffray-masc-fhops-model/data/output/pg_18_sub56_lock14_sa_20260301_200539.json,/home/rjaffray/projects/jaffray-masc-fhops-model/data/output/pg_18_sub56_lock14_sa_20260301_200539_assignments.csv,/home/rjaffray/projects/jaffray-masc-fhops-model/data/output/stdout/pg_18_sub56_lock14_sa_20260301_200539.out.txt,/home/rjaffray/projects/jaffray-masc-fhops-model/data/output/stderr/pg_18_sub56_lock14_sa_20260301_200539.err.txt,2026-03-01 20:05:39
pg,18,pg_18,,16,112,1,112,mip,True,0,0.0,/home/rjaffray/projects/jaffray-masc-fhops-model/data/output/pg_18_sub112_lock1_mip_20260301_200539.json,/home/rjaffray/projects/jaffray-masc-fhops-model/data/output/pg_18_sub112_lock1_mip_20260301_200539_assignments.csv,/home/rjaffray/projects/jaffray-masc-fhops-model/data/output/stdout/pg_18_sub112_lock1_mip_20260301_200539.out.txt,/home/rjaffray/projects/jaffray-masc-fhops-model/data/output/stderr/pg_18_sub112_lock1_mip_20260301_200539.err.txt,2026-03-01 20:05:39
pg,18,pg_18,,16,112,1,112,sa,True,0,0.0,/home/rjaffray/projects/jaffray-masc-fhops-model/data/output/pg_18_sub112_lock1_sa_20260301_200539.json,/home/rjaffray/projects/jaffray-masc-fhops-model/data/output/pg_18_sub112_lock1_sa_20260301_200539_assignments.csv,/home/rjaffray/projects/jaffray-masc-fhops-model/data/output/stdout/pg_18_sub112_lock1_sa_20260301_200539.out.txt,/home/rjaffray/projects/jaffray-masc-fhops-model/data/output/stderr/pg_18_sub112_lock1_sa_20260301_200539.err.txt,2026-03-01 20:05:39
pg,18,pg_18,,16,112,7,112,mip,True,0,0.0,/home/rjaffray/projects/jaffray-masc-fhops-model/data/output/pg_18_sub112_lock7_mip_20260301_200539.json,/home/rjaffray/projects/jaffray-masc-fhops-model/data/output/pg_18_sub112_lock7_mip_20260301_200539_assignments.csv,/home/rjaffray/projects/jaffray-masc-fhops-model/data/output/stdout/pg_18_sub112_lock7_mip_20260301_200539.out.txt,/home/rjaffray/projects/jaffray-masc-fhops-model/data/output/stderr/pg_18_sub112_lock7_mip_20260301_200539.err.txt,2026-03-01 20:05:39
pg,18,pg_18,,16,112,7,112,sa,True,0,0.0,/home/rjaffray/projects/jaffray-masc-fhops-model/data/output/pg_18_sub112_lock7_sa_20260301_200539.json,/home/rjaffray/projects/jaffray-masc-fhops-model/data/output/pg_18_sub112_lock7_sa_20260301_200539_assignments.csv,/home/rjaffray/projects/jaffray-masc-fhops-model/data/output/stdout/pg_18_sub112_lock7_sa_20260301_200539.out.txt,/home/rjaffray/projects/jaffray-masc-fhops-model/data/output/stderr/pg_18_sub112_lock7_sa_20260301_200539.err.txt,2026-03-01 20:05:39
pg,18,pg_18,,16,112,14,112,mip,True,0,0.0,/home/rjaffray/projects/jaffray-masc-fhops-model/data/output/pg_18_sub112_lock14_mip_20260301_200539.json,/home/rjaffray/projects/jaffray-masc-fhops-model/data/output/pg_18_sub112_lock14_mip_20260301_200539_assignments.csv,/home/rjaffray/projects/jaffray-masc-fhops-model/data/output/stdout/pg_18_sub112_lock14_mip_20260301_200539.out.txt,/home/rjaffray/projects/jaffray-masc-fhops-model/data/output/stderr/pg_18_sub112_lock14_mip_20260301_200539.err.txt,2026-03-01 20:05:39
pg,18,pg_18,,16,112,14,112,sa,True,0,0.0,/home/rjaffray/projects/jaffray-masc-fhops-model/data/output/pg_18_sub112_lock14_sa_20260301_200539.json,/home/rjaffray/projects/jaffray-masc-fhops-model/data/output/pg_18_sub112_lock14_sa_20260301_200539_assignments.csv,/home/rjaffray/projects/jaffray-masc-fhops-model/data/output/stdout/pg_18_sub112_lock14_sa_20260301_200539.out.txt,/home/rjaffray/projects/jaffray-masc-fhops-model/data/output/stderr/pg_18_sub112_lock14_sa_20260301_200539.err.txt,2026-03-01 20:05:39
pg,40,pg_40,,2,14,1,14,mip,True,0,0.0,/home/rjaffray/projects/jaffray-masc-fhops-model/data/output/pg_40_sub14_lock1_mip_20260301_200539.json,/home/rjaffray/projects/jaffray-masc-fhops-model/data/output/pg_40_sub14_lock1_mip_20260301_200539_assignments.csv,/home/rjaffray/projects/jaffray-masc-fhops-model/data/output/stdout/pg_40_sub14_lock1_mip_20260301_200539.out.txt,/home/rjaffray/projects/jaffray-masc-fhops-model/data/output/stderr/pg_40_sub14_lock1_mip_20260301_200539.err.txt,2026-03-01 20:05:39
pg,40,pg_40,,2,14,1,14,sa,True,0,0.0,/home/rjaffray/projects/jaffray-masc-fhops-model/data/output/pg_40_sub14_lock1_sa_20260301_200539.json,/home/rjaffray/projects/jaffray-masc-fhops-model/data/output/pg_40_sub14_lock1_sa_20260301_200539_assignments.csv,/home/rjaffray/projects/jaffray-masc-fhops-model/data/output/stdout/pg_40_sub14_lock1_sa_20260301_200539.out.txt,/home/rjaffray/projects/jaffray-masc-fhops-model/data/output/stderr/pg_40_sub14_lock1_sa_20260301_200539.err.txt,2026-03-01 20:05:39
pg,40,pg_40,,2,14,7,14,mip,True,0,0.0,/home/rjaffray/projects/jaffray-masc-fhops-model/data/output/pg_40_sub14_lock7_mip_20260301_200539.json,/home/rjaffray/projects/jaffray-masc-fhops-model/data/output/pg_40_sub14_lock7_mip_20260301_200539_assignments.csv,/home/rjaffray/projects/jaffray-masc-fhops-model/data/output/stdout/pg_40_sub14_lock7_mip_20260301_200539.out.txt,/home/rjaffray/projects/jaffray-masc-fhops-model/data/output/stderr/pg_40_sub14_lock7_mip_20260301_200539.err.txt,2026-03-01 20:05:39
pg,40,pg_40,,2,14,7,14,sa,True,0,0.0,/home/rjaffray/projects/jaffray-masc-fhops-model/data/output/pg_40_sub14_lock7_sa_20260301_200539.json,/home/rjaffray/projects/jaffray-masc-fhops-model/data/output/pg_40_sub14_lock7_sa_20260301_200539_assignments.csv,/home/rjaffray/projects/jaffray-masc-fhops-model/data/output/stdout/pg_40_sub14_lock7_sa_20260301_200539.out.txt,/home/rjaffray/projects/jaffray-masc-fhops-model/data/output/stderr/pg_40_sub14_lock7_sa_20260301_200539.err.txt,2026-03-01 20:05:39
pg,40,pg_40,,2,14,14,14,mip,True,0,0.0,/home/rjaffray/projects/jaffray-masc-fhops-model/data/output/pg_40_sub14_lock14_mip_20260301_200539.json,/home/rjaffray/projects/jaffray-masc-fhops-model/data/output/pg_40_sub14_lock14_mip_20260301_200539_assignments.csv,/home/rjaffray/projects/jaffray-masc-fhops-model/data/output/stdout/pg_40_sub14_lock14_mip_20260301_200539.out.txt,/home/rjaffray/projects/jaffray-masc-fhops-model/data/output/stderr/pg_40_sub14_lock14_mip_20260301_200539.err.txt,2026-03-01 20:05:39
pg,40,pg_40,,2,14,14,14,sa,True,0,0.0,/home/rjaffray/projects/jaffray-masc-fhops-model/data/output/pg_40_sub14_lock14_sa_20260301_200539.json,/home/rjaffray/projects/jaffray-masc-fhops-model/data/output/pg_40_sub14_lock14_sa_20260301_200539_assignments.csv,/home/rjaffray/projects/jaffray-masc-fhops-model/data/output/stdout/pg_40_sub14_lock14_sa_20260301_200539.out.txt,/home/rjaffray/projects/jaffray-masc-fhops-model/data/output/stderr/pg_40_sub14_lock14_sa_20260301_200539.err.txt,2026-03-01 20:05:39
pg,40,pg_40,,4,28,1,28,mip,True,0,0.0,/home/rjaffray/projects/jaffray-masc-fhops-model/data/output/pg_40_sub28_lock1_mip_20260301_200539.json,/home/rjaffray/projects/jaffray-masc-fhops-model/data/output/pg_40_sub28_lock1_mip_20260301_200539_assignments.csv,/home/rjaffray/projects/jaffray-masc-fhops-model/data/output/stdout/pg_40_sub28_lock1_mip_20260301_200539.out.txt,/home/rjaffray/projects/jaffray-masc-fhops-model/data/output/stderr/pg_40_sub28_lock1_mip_20260301_200539.err.txt,2026-03-01 20:05:39
pg,40,pg_40,,4,28,1,28,sa,True,0,0.0,/home/rjaffray/projects/jaffray-masc-fhops-model/data/output/pg_40_sub28_lock1_sa_20260301_200539.json,/home/rjaffray/projects/jaffray-masc-fhops-model/data/output/pg_40_sub28_lock1_sa_20260301_200539_assignments.csv,/home/rjaffray/projects/jaffray-masc-fhops-model/data/output/stdout/pg_40_sub28_lock1_sa_20260301_200539.out.txt,/home/rjaffray/projects/jaffray-masc-fhops-model/data/output/stderr/pg_40_sub28_lock1_sa_20260301_200539.err.txt,2026-03-01 20:05:39
pg,40,pg_40,,4,28,7,28,mip,True,0,0.0,/home/rjaffray/projects/jaffray-masc-fhops-model/data/output/pg_40_sub28_lock7_mip_20260301_200539.json,/home/rjaffray/projects/jaffray-masc-fhops-model/data/output/pg_40_sub28_lock7_mip_20260301_200539_assignments.csv,/home/rjaffray/projects/jaffray-masc-fhops-model/data/output/stdout/pg_40_sub28_lock7_mip_20260301_200539.out.txt,/home/rjaffray/projects/jaffray-masc-fhops-model/data/output/stderr/pg_40_sub28_lock7_mip_20260301_200539.err.txt,2026-03-01 20:05:39
pg,40,pg_40,,4,28,7,28,sa,True,0,0.0,/home/rjaffray/projects/jaffray-masc-fhops-model/data/output/pg_40_sub28_lock7_sa_20260301_200539.json,/home/rjaffray/projects/jaffray-masc-fhops-model/data/output/pg_40_sub28_lock7_sa_20260301_200539_assignments.csv,/home/rjaffray/projects/jaffray-masc-fhops-model/data/output/stdout/pg_40_sub28_lock7_sa_20260301_200539.out.txt,/home/rjaffray/projects/jaffray-masc-fhops-model/data/output/stderr/pg_40_sub28_lock7_sa_20260301_200539.err.txt,2026-03-01 20:05:39
pg,40,pg_40,,4,28,14,28,mip,True,0,0.0,/home/rjaffray/projects/jaffray-masc-fhops-model/data/output/pg_40_sub28_lock14_mip_20260301_200539.json,/home/rjaffray/projects/jaffray-masc-fhops-model/data/output/pg_40_sub28_lock14_mip_20260301_200539_assignments.csv,/home/rjaffray/projects/jaffray-masc-fhops-model/data/output/stdout/pg_40_sub28_lock14_mip_20260301_200539.out.txt,/home/rjaffray/projects/jaffray-masc-fhops-model/data/output/stderr/pg_40_sub28_lock14_mip_20260301_200539.err.txt,2026-03-01 20:05:39
pg,40,pg_40,,4,28,14,28,sa,True,0,0.0,/home/rjaffray/projects/jaffray-masc-fhops-model/data/output/pg_40_sub28_lock14_sa_20260301_200539.json,/home/rjaffray/projects/jaffray-masc-fhops-model/data/output/pg_40_sub28_lock14_sa_20260301_200539_assignments.csv,/home/rjaffray/projects/jaffray-masc-fhops-model/data/output/stdout/pg_40_sub28_lock14_sa_20260301_200539.out.txt,/home/rjaffray/projects/jaffray-masc-fhops-model/data/output/stderr/pg_40_sub28_lock14_sa_20260301_200539.err.txt,2026-03-01 20:05:39
pg,40,pg_40,,8,56,1,56,mip,True,0,0.0,/home/rjaffray/projects/jaffray-masc-fhops-model/data/output/pg_40_sub56_lock1_mip_20260301_200539.json,/home/rjaffray/projects/jaffray-masc-fhops-model/data/output/pg_40_sub56_lock1_mip_20260301_200539_assignments.csv,/home/rjaffray/projects/jaffray-masc-fhops-model/data/output/stdout/pg_40_sub56_lock1_mip_20260301_200539.out.txt,/home/rjaffray/projects/jaffray-masc-fhops-model/data/output/stderr/pg_40_sub56_lock1_mip_20260301_200539.err.txt,2026-03-01 20:05:39
pg,40,pg_40,,8,56,1,56,sa,True,0,0.0,/home/rjaffray/projects/jaffray-masc-fhops-model/data/output/pg_40_sub56_lock1_sa_20260301_200539.json,/home/rjaffray/projects/jaffray-masc-fhops-model/data/output/pg_40_sub56_lock1_sa_20260301_200539_assignments.csv,/home/rjaffray/projects/jaffray-masc-fhops-model/data/output/stdout/pg_40_sub56_lock1_sa_20260301_200539.out.txt,/home/rjaffray/projects/jaffray-masc-fhops-model/data/output/stderr/pg_40_sub56_lock1_sa_20260301_200539.err.txt,2026-03-01 20:05:39
pg,40,pg_40,,8,56,7,56,mip,True,0,0.0,/home/rjaffray/projects/jaffray-masc-fhops-model/data/output/pg_40_sub56_lock7_mip_20260301_200539.json,/home/rjaffray/projects/jaffray-masc-fhops-model/data/output/pg_40_sub56_lock7_mip_20260301_200539_assignments.csv,/home/rjaffray/projects/jaffray-masc-fhops-model/data/output/stdout/pg_40_sub56_lock7_mip_20260301_200539.out.txt,/home/rjaffray/projects/jaffray-masc-fhops-model/data/output/stderr/pg_40_sub56_lock7_mip_20260301_200539.err.txt,2026-03-01 20:05:39
pg,40,pg_40,,8,56,7,56,sa,True,0,0.0,/home/rjaffray/projects/jaffray-masc-fhops-model/data/output/pg_40_sub56_lock7_sa_20260301_200539.json,/home/rjaffray/projects/jaffray-masc-fhops-model/data/output/pg_40_sub56_lock7_sa_20260301_200539_assignments.csv,/home/rjaffray/projects/jaffray-masc-fhops-model/data/output/stdout/pg_40_sub56_lock7_sa_20260301_200539.out.txt,/home/rjaffray/projects/jaffray-masc-fhops-model/data/output/stderr/pg_40_sub56_lock7_sa_20260301_200539.err.txt,2026-03-01 20:05:39
pg,40,pg_40,,8,56,14,56,mip,True,0,0.0,/home/rjaffray/projects/jaffray-masc-fhops-model/data/output/pg_40_sub56_lock14_mip_20260301_200539.json,/home/rjaffray/projects/jaffray-masc-fhops-model/data/output/pg_40_sub56_lock14_mip_20260301_200539_assignments.csv,/home/rjaffray/projects/jaffray-masc-fhops-model/data/output/stdout/pg_40_sub56_lock14_mip_20260301_200539.out.txt,/home/rjaffray/projects/jaffray-masc-fhops-model/data/output/stderr/pg_40_sub56_lock14_mip_20260301_200539.err.txt,2026-03-01 20:05:39
pg,40,pg_40,,8,56,14,56,sa,True,0,0.0,/home/rjaffray/projects/jaffray-masc-fhops-model/data/output/pg_40_sub56_lock14_sa_20260301_200539.json,/home/rjaffray/projects/jaffray-masc-fhops-model/data/output/pg_40_sub56_lock14_sa_20260301_200539_assignments.csv,/home/rjaffray/projects/jaffray-masc-fhops-model/data/output/stdout/pg_40_sub56_lock14_sa_20260301_200539.out.txt,/home/rjaffray/projects/jaffray-masc-fhops-model/data/output/stderr/pg_40_sub56_lock14_sa_20260301_200539.err.txt,2026-03-01 20:05:39
pg,40,pg_40,,16,112,1,112,mip,True,0,0.0,/home/rjaffray/projects/jaffray-masc-fhops-model/data/output/pg_40_sub112_lock1_mip_20260301_200539.json,/home/rjaffray/projects/jaffray-masc-fhops-model/data/output/pg_40_sub112_lock1_mip_20260301_200539_assignments.csv,/home/rjaffray/projects/jaffray-masc-fhops-model/data/output/stdout/pg_40_sub112_lock1_mip_20260301_200539.out.txt,/home/rjaffray/projects/jaffray-masc-fhops-model/data/output/stderr/pg_40_sub112_lock1_mip_20260301_200539.err.txt,2026-03-01 20:05:39
pg,40,pg_40,,16,112,1,112,sa,True,0,0.0,/home/rjaffray/projects/jaffray-masc-fhops-model/data/output/pg_40_sub112_lock1_sa_20260301_200539.json,/home/rjaffray/projects/jaffray-masc-fhops-model/data/output/pg_40_sub112_lock1_sa_20260301_200539_assignments.csv,/home/rjaffray/projects/jaffray-masc-fhops-model/data/output/stdout/pg_40_sub112_lock1_sa_20260301_200539.out.txt,/home/rjaffray/projects/jaffray-masc-fhops-model/data/output/stderr/pg_40_sub112_lock1_sa_20260301_200539.err.txt,2026-03-01 20:05:39
pg,40,pg_40,,16,112,7,112,mip,True,0,0.0,/home/rjaffray/projects/jaffray-masc-fhops-model/data/output/pg_40_sub112_lock7_mip_20260301_200539.json,/home/rjaffray/projects/jaffray-masc-fhops-model/data/output/pg_40_sub112_lock7_mip_20260301_200539_assignments.csv,/home/rjaffray/projects/jaffray-masc-fhops-model/data/output/stdout/pg_40_sub112_lock7_mip_20260301_200539.out.txt,/home/rjaffray/projects/jaffray-masc-fhops-model/data/output/stderr/pg_40_sub112_lock7_mip_20260301_200539.err.txt,2026-03-01 20:05:39
pg,40,pg_40,,16,112,7,112,sa,True,0,0.0,/home/rjaffray/projects/jaffray-masc-fhops-model/data/output/pg_40_sub112_lock7_sa_20260301_200539.json,/home/rjaffray/projects/jaffray-masc-fhops-model/data/output/pg_40_sub112_lock7_sa_20260301_200539_assignments.csv,/home/rjaffray/projects/jaffray-masc-fhops-model/data/output/stdout/pg_40_sub112_lock7_sa_20260301_200539.out.txt,/home/rjaffray/projects/jaffray-masc-fhops-model/data/output/stderr/pg_40_sub112_lock7_sa_20260301_200539.err.txt,2026-03-01 20:05:39
pg,40,pg_40,,16,112,14,112,mip,True,0,0.0,/home/rjaffray/projects/jaffray-masc-fhops-model/data/output/pg_40_sub112_lock14_mip_20260301_200539.json,/home/rjaffray/projects/jaffray-masc-fhops-model/data/output/pg_40_sub112_lock14_mip_20260301_200539_assignments.csv,/home/rjaffray/projects/jaffray-masc-fhops-model/data/output/stdout/pg_40_sub112_lock14_mip_20260301_200539.out.txt,/home/rjaffray/projects/jaffray-masc-fhops-model/data/output/stderr/pg_40_sub112_lock14_mip_20260301_200539.err.txt,2026-03-01 20:05:39
pg,40,pg_40,,16,112,14,112,sa,True,0,0.0,/home/rjaffray/projects/jaffray-masc-fhops-model/data/output/pg_40_sub112_lock14_sa_20260301_200539.json,/home/rjaffray/projects/jaffray-masc-fhops-model/data/output/pg_40_sub112_lock14_sa_20260301_200539_assignments.csv,/home/rjaffray/projects/jaffray-masc-fhops-model/data/output/stdout/pg_40_sub112_lock14_sa_20260301_200539.out.txt,/home/rjaffray/projects/jaffray-masc-fhops-model/data/output/stderr/pg_40_sub112_lock14_sa_20260301_200539.err.txt,2026-03-01 20:05:39
ka,6,ka_6,,2,14,1,14,mip,True,0,0.0,/home/rjaffray/projects/jaffray-masc-fhops-model/data/output/ka_6_sub14_lock1_mip_20260301_200539.json,/home/rjaffray/projects/jaffray-masc-fhops-model/data/output/ka_6_sub14_lock1_mip_20260301_200539_assignments.csv,/home/rjaffray/projects/jaffray-masc-fhops-model/data/output/stdout/ka_6_sub14_lock1_mip_20260301_200539.out.txt,/home/rjaffray/projects/jaffray-masc-fhops-model/data/output/stderr/ka_6_sub14_lock1_mip_20260301_200539.err.txt,2026-03-01 20:05:39
ka,6,ka_6,,2,14,1,14,sa,True,0,0.0,/home/rjaffray/projects/jaffray-masc-fhops-model/data/output/ka_6_sub14_lock1_sa_20260301_200539.json,/home/rjaffray/projects/jaffray-masc-fhops-model/data/output/ka_6_sub14_lock1_sa_20260301_200539_assignments.csv,/home/rjaffray/projects/jaffray-masc-fhops-model/data/output/stdout/ka_6_sub14_lock1_sa_20260301_200539.out.txt,/home/rjaffray/projects/jaffray-masc-fhops-model/data/output/stderr/ka_6_sub14_lock1_sa_20260301_200539.err.txt,2026-03-01 20:05:39
ka,6,ka_6,,2,14,7,14,mip,True,0,0.0,/home/rjaffray/projects/jaffray-masc-fhops-model/data/output/ka_6_sub14_lock7_mip_20260301_200539.json,/home/rjaffray/projects/jaffray-masc-fhops-model/data/output/ka_6_sub14_lock7_mip_20260301_200539_assignments.csv,/home/rjaffray/projects/jaffray-masc-fhops-model/data/output/stdout/ka_6_sub14_lock7_mip_20260301_200539.out.txt,/home/rjaffray/projects/jaffray-masc-fhops-model/data/output/stderr/ka_6_sub14_lock7_mip_20260301_200539.err.txt,2026-03-01 20:05:39
ka,6,ka_6,,2,14,7,14,sa,True,0,0.0,/home/rjaffray/projects/jaffray-masc-fhops-model/data/output/ka_6_sub14_lock7_sa_20260301_200539.json,/home/rjaffray/projects/jaffray-masc-fhops-model/data/output/ka_6_sub14_lock7_sa_20260301_200539_assignments.csv,/home/rjaffray/projects/jaffray-masc-fhops-model/data/output/stdout/ka_6_sub14_lock7_sa_20260301_200539.out.txt,/home/rjaffray/projects/jaffray-masc-fhops-model/data/output/stderr/ka_6_sub14_lock7_sa_20260301_200539.err.txt,2026-03-01 20:05:39
ka,6,ka_6,,2,14,14,14,mip,True,0,0.0,/home/rjaffray/projects/jaffray-masc-fhops-model/data/output/ka_6_sub14_lock14_mip_20260301_200539.json,/home/rjaffray/projects/jaffray-masc-fhops-model/data/output/ka_6_sub14_lock14_mip_20260301_200539_assignments.csv,/home/rjaffray/projects/jaffray-masc-fhops-model/data/output/stdout/ka_6_sub14_lock14_mip_20260301_200539.out.txt,/home/rjaffray/projects/jaffray-masc-fhops-model/data/output/stderr/ka_6_sub14_lock14_mip_20260301_200539.err.txt,2026-03-01 20:05:39
ka,6,ka_6,,2,14,14,14,sa,True,0,0.0,/home/rjaffray/projects/jaffray-masc-fhops-model/data/output/ka_6_sub14_lock14_sa_20260301_200539.json,/home/rjaffray/projects/jaffray-masc-fhops-model/data/output/ka_6_sub14_lock14_sa_20260301_200539_assignments.csv,/home/rjaffray/projects/jaffray-masc-fhops-model/data/output/stdout/ka_6_sub14_lock14_sa_20260301_200539.out.txt,/home/rjaffray/projects/jaffray-masc-fhops-model/data/output/stderr/ka_6_sub14_lock14_sa_20260301_200539.err.txt,2026-03-01 20:05:39
ka,6,ka_6,,4,28,1,28,mip,True,0,0.0,/home/rjaffray/projects/jaffray-masc-fhops-model/data/output/ka_6_sub28_lock1_mip_20260301_200539.json,/home/rjaffray/projects/jaffray-masc-fhops-model/data/output/ka_6_sub28_lock1_mip_20260301_200539_assignments.csv,/home/rjaffray/projects/jaffray-masc-fhops-model/data/output/stdout/ka_6_sub28_lock1_mip_20260301_200539.out.txt,/home/rjaffray/projects/jaffray-masc-fhops-model/data/output/stderr/ka_6_sub28_lock1_mip_20260301_200539.err.txt,2026-03-01 20:05:39
ka,6,ka_6,,4,28,1,28,sa,True,0,0.0,/home/rjaffray/projects/jaffray-masc-fhops-model/data/output/ka_6_sub28_lock1_sa_20260301_200539.json,/home/rjaffray/projects/jaffray-masc-fhops-model/data/output/ka_6_sub28_lock1_sa_20260301_200539_assignments.csv,/home/rjaffray/projects/jaffray-masc-fhops-model/data/output/stdout/ka_6_sub28_lock1_sa_20260301_200539.out.txt,/home/rjaffray/projects/jaffray-masc-fhops-model/data/output/stderr/ka_6_sub28_lock1_sa_20260301_200539.err.txt,2026-03-01 20:05:39
ka,6,ka_6,,4,28,7,28,mip,True,0,0.0,/home/rjaffray/projects/jaffray-masc-fhops-model/data/output/ka_6_sub28_lock7_mip_20260301_200539.json,/home/rjaffray/projects/jaffray-masc-fhops-model/data/output/ka_6_sub28_lock7_mip_20260301_200539_assignments.csv,/home/rjaffray/projects/jaffray-masc-fhops-model/data/output/stdout/ka_6_sub28_lock7_mip_20260301_200539.out.txt,/home/rjaffray/projects/jaffray-masc-fhops-model/data/output/stderr/ka_6_sub28_lock7_mip_20260301_200539.err.txt,2026-03-01 20:05:39
ka,6,ka_6,,4,28,7,28,sa,True,0,0.0,/home/rjaffray/projects/jaffray-masc-fhops-model/data/output/ka_6_sub28_lock7_sa_20260301_200539.json,/home/rjaffray/projects/jaffray-masc-fhops-model/data/output/ka_6_sub28_lock7_sa_20260301_200539_assignments.csv,/home/rjaffray/projects/jaffray-masc-fhops-model/data/output/stdout/ka_6_sub28_lock7_sa_20260301_200539.out.txt,/home/rjaffray/projects/jaffray-masc-fhops-model/data/output/stderr/ka_6_sub28_lock7_sa_20260301_200539.err.txt,2026-03-01 20:05:39
ka,6,ka_6,,4,28,14,28,mip,True,0,0.0,/home/rjaffray/projects/jaffray-masc-fhops-model/data/output/ka_6_sub28_lock14_mip_20260301_200539.json,/home/rjaffray/projects/jaffray-masc-fhops-model/data/output/ka_6_sub28_lock14_mip_20260301_200539_assignments.csv,/home/rjaffray/projects/jaffray-masc-fhops-model/data/output/stdout/ka_6_sub28_lock14_mip_20260301_200539.out.txt,/home/rjaffray/projects/jaffray-masc-fhops-model/data/output/stderr/ka_6_sub28_lock14_mip_20260301_200539.err.txt,2026-03-01 20:05:39
ka,6,ka_6,,4,28,14,28,sa,True,0,0.0,/home/rjaffray/projects/jaffray-masc-fhops-model/data/output/ka_6_sub28_lock14_sa_20260301_200539.json,/home/rjaffray/projects/jaffray-masc-fhops-model/data/output/ka_6_sub28_lock14_sa_20260301_200539_assignments.csv,/home/rjaffray/projects/jaffray-masc-fhops-model/data/output/stdout/ka_6_sub28_lock14_sa_20260301_200539.out.txt,/home/rjaffray/projects/jaffray-masc-fhops-model/data/output/stderr/ka_6_sub28_lock14_sa_20260301_200539.err.txt,2026-03-01 20:05:39
ka,6,ka_6,,8,56,1,56,mip,True,0,0.0,/home/rjaffray/projects/jaffray-masc-fhops-model/data/output/ka_6_sub56_lock1_mip_20260301_200539.json,/home/rjaffray/projects/jaffray-masc-fhops-model/data/output/ka_6_sub56_lock1_mip_20260301_200539_assignments.csv,/home/rjaffray/projects/jaffray-masc-fhops-model/data/output/stdout/ka_6_sub56_lock1_mip_20260301_200539.out.txt,/home/rjaffray/projects/jaffray-masc-fhops-model/data/output/stderr/ka_6_sub56_lock1_mip_20260301_200539.err.txt,2026-03-01 20:05:39
ka,6,ka_6,,8,56,1,56,sa,True,0,0.0,/home/rjaffray/projects/jaffray-masc-fhops-model/data/output/ka_6_sub56_lock1_sa_20260301_200539.json,/home/rjaffray/projects/jaffray-masc-fhops-model/data/output/ka_6_sub56_lock1_sa_20260301_200539_assignments.csv,/home/rjaffray/projects/jaffray-masc-fhops-model/data/output/stdout/ka_6_sub56_lock1_sa_20260301_200539.out.txt,/home/rjaffray/projects/jaffray-masc-fhops-model/data/output/stderr/ka_6_sub56_lock1_sa_20260301_200539.err.txt,2026-03-01 20:05:39
ka,6,ka_6,,8,56,7,56,mip,True,0,0.0,/home/rjaffray/projects/jaffray-masc-fhops-model/data/output/ka_6_sub56_lock7_mip_20260301_200539.json,/home/rjaffray/projects/jaffray-masc-fhops-model/data/output/ka_6_sub56_lock7_mip_20260301_200539_assignments.csv,/home/rjaffray/projects/jaffray-masc-fhops-model/data/output/stdout/ka_6_sub56_lock7_mip_20260301_200539.out.txt,/home/rjaffray/projects/jaffray-masc-fhops-model/data/output/stderr/ka_6_sub56_lock7_mip_20260301_200539.err.txt,2026-03-01 20:05:39
ka,6,ka_6,,8,56,7,56,sa,True,0,0.0,/home/rjaffray/projects/jaffray-masc-fhops-model/data/output/ka_6_sub56_lock7_sa_20260301_200539.json,/home/rjaffray/projects/jaffray-masc-fhops-model/data/output/ka_6_sub56_lock7_sa_20260301_200539_assignments.csv,/home/rjaffray/projects/jaffray-masc-fhops-model/data/output/stdout/ka_6_sub56_lock7_sa_20260301_200539.out.txt,/home/rjaffray/projects/jaffray-masc-fhops-model/data/output/stderr/ka_6_sub56_lock7_sa_20260301_200539.err.txt,2026-03-01 20:05:39
ka,6,ka_6,,8,56,14,56,mip,True,0,0.0,/home/rjaffray/projects/jaffray-masc-fhops-model/data/output/ka_6_sub56_lock14_mip_20260301_200539.json,/home/rjaffray/projects/jaffray-masc-fhops-model/data/output/ka_6_sub56_lock14_mip_20260301_200539_assignments.csv,/home/rjaffray/projects/jaffray-masc-fhops-model/data/output/stdout/ka_6_sub56_lock14_mip_20260301_200539.out.txt,/home/rjaffray/projects/jaffray-masc-fhops-model/data/output/stderr/ka_6_sub56_lock14_mip_20260301_200539.err.txt,2026-03-01 20:05:39
ka,6,ka_6,,8,56,14,56,sa,True,0,0.0,/home/rjaffray/projects/jaffray-masc-fhops-model/data/output/ka_6_sub56_lock14_sa_20260301_200539.json,/home/rjaffray/projects/jaffray-masc-fhops-model/data/output/ka_6_sub56_lock14_sa_20260301_200539_assignments.csv,/home/rjaffray/projects/jaffray-masc-fhops-model/data/output/stdout/ka_6_sub56_lock14_sa_20260301_200539.out.txt,/home/rjaffray/projects/jaffray-masc-fhops-model/data/output/stderr/ka_6_sub56_lock14_sa_20260301_200539.err.txt,2026-03-01 20:05:39
ka,6,ka_6,,16,112,1,112,mip,True,0,0.0,/home/rjaffray/projects/jaffray-masc-fhops-model/data/output/ka_6_sub112_lock1_mip_20260301_200539.json,/home/rjaffray/projects/jaffray-masc-fhops-model/data/output/ka_6_sub112_lock1_mip_20260301_200539_assignments.csv,/home/rjaffray/projects/jaffray-masc-fhops-model/data/output/stdout/ka_6_sub112_lock1_mip_20260301_200539.out.txt,/home/rjaffray/projects/jaffray-masc-fhops-model/data/output/stderr/ka_6_sub112_lock1_mip_20260301_200539.err.txt,2026-03-01 20:05:39
ka,6,ka_6,,16,112,1,112,sa,True,0,0.0,/home/rjaffray/projects/jaffray-masc-fhops-model/data/output/ka_6_sub112_lock1_sa_20260301_200539.json,/home/rjaffray/projects/jaffray-masc-fhops-model/data/output/ka_6_sub112_lock1_sa_20260301_200539_assignments.csv,/home/rjaffray/projects/jaffray-masc-fhops-model/data/output/stdout/ka_6_sub112_lock1_sa_20260301_200539.out.txt,/home/rjaffray/projects/jaffray-masc-fhops-model/data/output/stderr/ka_6_sub112_lock1_sa_20260301_200539.err.txt,2026-03-01 20:05:39
ka,6,ka_6,,16,112,7,112,mip,True,0,0.0,/home/rjaffray/projects/jaffray-masc-fhops-model/data/output/ka_6_sub112_lock7_mip_20260301_200539.json,/home/rjaffray/projects/jaffray-masc-fhops-model/data/output/ka_6_sub112_lock7_mip_20260301_200539_assignments.csv,/home/rjaffray/projects/jaffray-masc-fhops-model/data/output/stdout/ka_6_sub112_lock7_mip_20260301_200539.out.txt,/home/rjaffray/projects/jaffray-masc-fhops-model/data/output/stderr/ka_6_sub112_lock7_mip_20260301_200539.err.txt,2026-03-01 20:05:39
ka,6,ka_6,,16,112,7,112,sa,True,0,0.0,/home/rjaffray/projects/jaffray-masc-fhops-model/data/output/ka_6_sub112_lock7_sa_20260301_200539.json,/home/rjaffray/projects/jaffray-masc-fhops-model/data/output/ka_6_sub112_lock7_sa_20260301_200539_assignments.csv,/home/rjaffray/projects/jaffray-masc-fhops-model/data/output/stdout/ka_6_sub112_lock7_sa_20260301_200539.out.txt,/home/rjaffray/projects/jaffray-masc-fhops-model/data/output/stderr/ka_6_sub112_lock7_sa_20260301_200539.err.txt,2026-03-01 20:05:39
ka,6,ka_6,,16,112,14,112,mip,True,0,0.0,/home/rjaffray/projects/jaffray-masc-fhops-model/data/output/ka_6_sub112_lock14_mip_20260301_200539.json,/home/rjaffray/projects/jaffray-masc-fhops-model/data/output/ka_6_sub112_lock14_mip_20260301_200539_assignments.csv,/home/rjaffray/projects/jaffray-masc-fhops-model/data/output/stdout/ka_6_sub112_lock14_mip_20260301_200539.out.txt,/home/rjaffray/projects/jaffray-masc-fhops-model/data/output/stderr/ka_6_sub112_lock14_mip_20260301_200539.err.txt,2026-03-01 20:05:39
ka,6,ka_6,,16,112,14,112,sa,True,0,0.0,/home/rjaffray/projects/jaffray-masc-fhops-model/data/output/ka_6_sub112_lock14_sa_20260301_200539.json,/home/rjaffray/projects/jaffray-masc-fhops-model/data/output/ka_6_sub112_lock14_sa_20260301_200539_assignments.csv,/home/rjaffray/projects/jaffray-masc-fhops-model/data/output/stdout/ka_6_sub112_lock14_sa_20260301_200539.out.txt,/home/rjaffray/projects/jaffray-masc-fhops-model/data/output/stderr/ka_6_sub112_lock14_sa_20260301_200539.err.txt,2026-03-01 20:05:39
ka,18,ka_18,,2,14,1,14,mip,True,0,0.0,/home/rjaffray/projects/jaffray-masc-fhops-model/data/output/ka_18_sub14_lock1_mip_20260301_200539.json,/home/rjaffray/projects/jaffray-masc-fhops-model/data/output/ka_18_sub14_lock1_mip_20260301_200539_assignments.csv,/home/rjaffray/projects/jaffray-masc-fhops-model/data/output/stdout/ka_18_sub14_lock1_mip_20260301_200539.out.txt,/home/rjaffray/projects/jaffray-masc-fhops-model/data/output/stderr/ka_18_sub14_lock1_mip_20260301_200539.err.txt,2026-03-01 20:05:39
ka,18,ka_18,,2,14,1,14,sa,True,0,0.0,/home/rjaffray/projects/jaffray-masc-fhops-model/data/output/ka_18_sub14_lock1_sa_20260301_200539.json,/home/rjaffray/projects/jaffray-masc-fhops-model/data/output/ka_18_sub14_lock1_sa_20260301_200539_assignments.csv,/home/rjaffray/projects/jaffray-masc-fhops-model/data/output/stdout/ka_18_sub14_lock1_sa_20260301_200539.out.txt,/home/rjaffray/projects/jaffray-masc-fhops-model/data/output/stderr/ka_18_sub14_lock1_sa_20260301_200539.err.txt,2026-03-01 20:05:39
ka,18,ka_18,,2,14,7,14,mip,True,0,0.0,/home/rjaffray/projects/jaffray-masc-fhops-model/data/output/ka_18_sub14_lock7_mip_20260301_200539.json,/home/rjaffray/projects/jaffray-masc-fhops-model/data/output/ka_18_sub14_lock7_mip_20260301_200539_assignments.csv,/home/rjaffray/projects/jaffray-masc-fhops-model/data/output/stdout/ka_18_sub14_lock7_mip_20260301_200539.out.txt,/home/rjaffray/projects/jaffray-masc-fhops-model/data/output/stderr/ka_18_sub14_lock7_mip_20260301_200539.err.txt,2026-03-01 20:05:39
ka,18,ka_18,,2,14,7,14,sa,True,0,0.0,/home/rjaffray/projects/jaffray-masc-fhops-model/data/output/ka_18_sub14_lock7_sa_20260301_200539.json,/home/rjaffray/projects/jaffray-masc-fhops-model/data/output/ka_18_sub14_lock7_sa_20260301_200539_assignments.csv,/home/rjaffray/projects/jaffray-masc-fhops-model/data/output/stdout/ka_18_sub14_lock7_sa_20260301_200539.out.txt,/home/rjaffray/projects/jaffray-masc-fhops-model/data/output/stderr/ka_18_sub14_lock7_sa_20260301_200539.err.txt,2026-03-01 20:05:39
ka,18,ka_18,,2,14,14,14,mip,True,0,0.0,/home/rjaffray/projects/jaffray-masc-fhops-model/data/output/ka_18_sub14_lock14_mip_20260301_200539.json,/home/rjaffray/projects/jaffray-masc-fhops-model/data/output/ka_18_sub14_lock14_mip_20260301_200539_assignments.csv,/home/rjaffray/projects/jaffray-masc-fhops-model/data/output/stdout/ka_18_sub14_lock14_mip_20260301_200539.out.txt,/home/rjaffray/projects/jaffray-masc-fhops-model/data/output/stderr/ka_18_sub14_lock14_mip_20260301_200539.err.txt,2026-03-01 20:05:39
ka,18,ka_18,,2,14,14,14,sa,True,0,0.0,/home/rjaffray/projects/jaffray-masc-fhops-model/data/output/ka_18_sub14_lock14_sa_20260301_200539.json,/home/rjaffray/projects/jaffray-masc-fhops-model/data/output/ka_18_sub14_lock14_sa_20260301_200539_assignments.csv,/home/rjaffray/projects/jaffray-masc-fhops-model/data/output/stdout/ka_18_sub14_lock14_sa_20260301_200539.out.txt,/home/rjaffray/projects/jaffray-masc-fhops-model/data/output/stderr/ka_18_sub14_lock14_sa_20260301_200539.err.txt,2026-03-01 20:05:39
ka,18,ka_18,,4,28,1,28,mip,True,0,0.0,/home/rjaffray/projects/jaffray-masc-fhops-model/data/output/ka_18_sub28_lock1_mip_20260301_200539.json,/home/rjaffray/projects/jaffray-masc-fhops-model/data/output/ka_18_sub28_lock1_mip_20260301_200539_assignments.csv,/home/rjaffray/projects/jaffray-masc-fhops-model/data/output/stdout/ka_18_sub28_lock1_mip_20260301_200539.out.txt,/home/rjaffray/projects/jaffray-masc-fhops-model/data/output/stderr/ka_18_sub28_lock1_mip_20260301_200539.err.txt,2026-03-01 20:05:39
ka,18,ka_18,,4,28,1,28,sa,True,0,0.0,/home/rjaffray/projects/jaffray-masc-fhops-model/data/output/ka_18_sub28_lock1_sa_20260301_200539.json,/home/rjaffray/projects/jaffray-masc-fhops-model/data/output/ka_18_sub28_lock1_sa_20260301_200539_assignments.csv,/home/rjaffray/projects/jaffray-masc-fhops-model/data/output/stdout/ka_18_sub28_lock1_sa_20260301_200539.out.txt,/home/rjaffray/projects/jaffray-masc-fhops-model/data/output/stderr/ka_18_sub28_lock1_sa_20260301_200539.err.txt,2026-03-01 20:05:39
ka,18,ka_18,,4,28,7,28,mip,True,0,0.0,/home/rjaffray/projects/jaffray-masc-fhops-model/data/output/ka_18_sub28_lock7_mip_20260301_200539.json,/home/rjaffray/projects/jaffray-masc-fhops-model/data/output/ka_18_sub28_lock7_mip_20260301_200539_assignments.csv,/home/rjaffray/projects/jaffray-masc-fhops-model/data/output/stdout/ka_18_sub28_lock7_mip_20260301_200539.out.txt,/home/rjaffray/projects/jaffray-masc-fhops-model/data/output/stderr/ka_18_sub28_lock7_mip_20260301_200539.err.txt,2026-03-01 20:05:39
ka,18,ka_18,,4,28,7,28,sa,True,0,0.0,/home/rjaffray/projects/jaffray-masc-fhops-model/data/output/ka_18_sub28_lock7_sa_20260301_200539.json,/home/rjaffray/projects/jaffray-masc-fhops-model/data/output/ka_18_sub28_lock7_sa_20260301_200539_assignments.csv,/home/rjaffray/projects/jaffray-masc-fhops-model/data/output/stdout/ka_18_sub28_lock7_sa_20260301_200539.out.txt,/home/rjaffray/projects/jaffray-masc-fhops-model/data/output/stderr/ka_18_sub28_lock7_sa_20260301_200539.err.txt,2026-03-01 20:05:39
ka,18,ka_18,,4,28,14,28,mip,True,0,0.0,/home/rjaffray/projects/jaffray-masc-fhops-model/data/output/ka_18_sub28_lock14_mip_20260301_200539.json,/home/rjaffray/projects/jaffray-masc-fhops-model/data/output/ka_18_sub28_lock14_mip_20260301_200539_assignments.csv,/home/rjaffray/projects/jaffray-masc-fhops-model/data/output/stdout/ka_18_sub28_lock14_mip_20260301_200539.out.txt,/home/rjaffray/projects/jaffray-masc-fhops-model/data/output/stderr/ka_18_sub28_lock14_mip_20260301_200539.err.txt,2026-03-01 20:05:39
ka,18,ka_18,,4,28,14,28,sa,True,0,0.0,/home/rjaffray/projects/jaffray-masc-fhops-model/data/output/ka_18_sub28_lock14_sa_20260301_200539.json,/home/rjaffray/projects/jaffray-masc-fhops-model/data/output/ka_18_sub28_lock14_sa_20260301_200539_assignments.csv,/home/rjaffray/projects/jaffray-masc-fhops-model/data/output/stdout/ka_18_sub28_lock14_sa_20260301_200539.out.txt,/home/rjaffray/projects/jaffray-masc-fhops-model/data/output/stderr/ka_18_sub28_lock14_sa_20260301_200539.err.txt,2026-03-01 20:05:39
ka,18,ka_18,,8,56,1,56,mip,True,0,0.0,/home/rjaffray/projects/jaffray-masc-fhops-model/data/output/ka_18_sub56_lock1_mip_20260301_200539.json,/home/rjaffray/projects/jaffray-masc-fhops-model/data/output/ka_18_sub56_lock1_mip_20260301_200539_assignments.csv,/home/rjaffray/projects/jaffray-masc-fhops-model/data/output/stdout/ka_18_sub56_lock1_mip_20260301_200539.out.txt,/home/rjaffray/projects/jaffray-masc-fhops-model/data/output/stderr/ka_18_sub56_lock1_mip_20260301_200539.err.txt,2026-03-01 20:05:39
ka,18,ka_18,,8,56,1,56,sa,True,0,0.0,/home/rjaffray/projects/jaffray-masc-fhops-model/data/output/ka_18_sub56_lock1_sa_20260301_200539.json,/home/rjaffray/projects/jaffray-masc-fhops-model/data/output/ka_18_sub56_lock1_sa_20260301_200539_assignments.csv,/home/rjaffray/projects/jaffray-masc-fhops-model/data/output/stdout/ka_18_sub56_lock1_sa_20260301_200539.out.txt,/home/rjaffray/projects/jaffray-masc-fhops-model/data/output/stderr/ka_18_sub56_lock1_sa_20260301_200539.err.txt,2026-03-01 20:05:39
ka,18,ka_18,,8,56,7,56,mip,True,0,0.0,/home/rjaffray/projects/jaffray-masc-fhops-model/data/output/ka_18_sub56_lock7_mip_20260301_200539.json,/home/rjaffray/projects/jaffray-masc-fhops-model/data/output/ka_18_sub56_lock7_mip_20260301_200539_assignments.csv,/home/rjaffray/projects/jaffray-masc-fhops-model/data/output/stdout/ka_18_sub56_lock7_mip_20260301_200539.out.txt,/home/rjaffray/projects/jaffray-masc-fhops-model/data/output/stderr/ka_18_sub56_lock7_mip_20260301_200539.err.txt,2026-03-01 20:05:39
ka,18,ka_18,,8,56,7,56,sa,True,0,0.0,/home/rjaffray/projects/jaffray-masc-fhops-model/data/output/ka_18_sub56_lock7_sa_20260301_200539.json,/home/rjaffray/projects/jaffray-masc-fhops-model/data/output/ka_18_sub56_lock7_sa_20260301_200539_assignments.csv,/home/rjaffray/projects/jaffray-masc-fhops-model/data/output/stdout/ka_18_sub56_lock7_sa_20260301_200539.out.txt,/home/rjaffray/projects/jaffray-masc-fhops-model/data/output/stderr/ka_18_sub56_lock7_sa_20260301_200539.err.txt,2026-03-01 20:05:39
ka,18,ka_18,,8,56,14,56,mip,True,0,0.0,/home/rjaffray/projects/jaffray-masc-fhops-model/data/output/ka_18_sub56_lock14_mip_20260301_200539.json,/home/rjaffray/projects/jaffray-masc-fhops-model/data/output/ka_18_sub56_lock14_mip_20260301_200539_assignments.csv,/home/rjaffray/projects/jaffray-masc-fhops-model/data/output/stdout/ka_18_sub56_lock14_mip_20260301_200539.out.txt,/home/rjaffray/projects/jaffray-masc-fhops-model/data/output/stderr/ka_18_sub56_lock14_mip_20260301_200539.err.txt,2026-03-01 20:05:39
ka,18,ka_18,,8,56,14,56,sa,True,0,0.0,/home/rjaffray/projects/jaffray-masc-fhops-model/data/output/ka_18_sub56_lock14_sa_20260301_200539.json,/home/rjaffray/projects/jaffray-masc-fhops-model/data/output/ka_18_sub56_lock14_sa_20260301_200539_assignments.csv,/home/rjaffray/projects/jaffray-masc-fhops-model/data/output/stdout/ka_18_sub56_lock14_sa_20260301_200539.out.txt,/home/rjaffray/projects/jaffray-masc-fhops-model/data/output/stderr/ka_18_sub56_lock14_sa_20260301_200539.err.txt,2026-03-01 20:05:39
ka,18,ka_18,,16,112,1,112,mip,True,0,0.0,/home/rjaffray/projects/jaffray-masc-fhops-model/data/output/ka_18_sub112_lock1_mip_20260301_200539.json,/home/rjaffray/projects/jaffray-masc-fhops-model/data/output/ka_18_sub112_lock1_mip_20260301_200539_assignments.csv,/home/rjaffray/projects/jaffray-masc-fhops-model/data/output/stdout/ka_18_sub112_lock1_mip_20260301_200539.out.txt,/home/rjaffray/projects/jaffray-masc-fhops-model/data/output/stderr/ka_18_sub112_lock1_mip_20260301_200539.err.txt,2026-03-01 20:05:39
ka,18,ka_18,,16,112,1,112,sa,True,0,0.0,/home/rjaffray/projects/jaffray-masc-fhops-model/data/output/ka_18_sub112_lock1_sa_20260301_200539.json,/home/rjaffray/projects/jaffray-masc-fhops-model/data/output/ka_18_sub112_lock1_sa_20260301_200539_assignments.csv,/home/rjaffray/projects/jaffray-masc-fhops-model/data/output/stdout/ka_18_sub112_lock1_sa_20260301_200539.out.txt,/home/rjaffray/projects/jaffray-masc-fhops-model/data/output/stderr/ka_18_sub112_lock1_sa_20260301_200539.err.txt,2026-03-01 20:05:39
ka,18,ka_18,,16,112,7,112,mip,True,0,0.0,/home/rjaffray/projects/jaffray-masc-fhops-model/data/output/ka_18_sub112_lock7_mip_20260301_200539.json,/home/rjaffray/projects/jaffray-masc-fhops-model/data/output/ka_18_sub112_lock7_mip_20260301_200539_assignments.csv,/home/rjaffray/projects/jaffray-masc-fhops-model/data/output/stdout/ka_18_sub112_lock7_mip_20260301_200539.out.txt,/home/rjaffray/projects/jaffray-masc-fhops-model/data/output/stderr/ka_18_sub112_lock7_mip_20260301_200539.err.txt,2026-03-01 20:05:39
ka,18,ka_18,,16,112,7,112,sa,True,0,0.0,/home/rjaffray/projects/jaffray-masc-fhops-model/data/output/ka_18_sub112_lock7_sa_20260301_200539.json,/home/rjaffray/projects/jaffray-masc-fhops-model/data/output/ka_18_sub112_lock7_sa_20260301_200539_assignments.csv,/home/rjaffray/projects/jaffray-masc-fhops-model/data/output/stdout/ka_18_sub112_lock7_sa_20260301_200539.out.txt,/home/rjaffray/projects/jaffray-masc-fhops-model/data/output/stderr/ka_18_sub112_lock7_sa_20260301_200539.err.txt,2026-03-01 20:05:39
ka,18,ka_18,,16,112,14,112,mip,True,0,0.0,/home/rjaffray/projects/jaffray-masc-fhops-model/data/output/ka_18_sub112_lock14_mip_20260301_200539.json,/home/rjaffray/projects/jaffray-masc-fhops-model/data/output/ka_18_sub112_lock14_mip_20260301_200539_assignments.csv,/home/rjaffray/projects/jaffray-masc-fhops-model/data/output/stdout/ka_18_sub112_lock14_mip_20260301_200539.out.txt,/home/rjaffray/projects/jaffray-masc-fhops-model/data/output/stderr/ka_18_sub112_lock14_mip_20260301_200539.err.txt,2026-03-01 20:05:39
ka,18,ka_18,,16,112,14,112,sa,True,0,0.0,/home/rjaffray/projects/jaffray-masc-fhops-model/data/output/ka_18_sub112_lock14_sa_20260301_200539.json,/home/rjaffray/projects/jaffray-masc-fhops-model/data/output/ka_18_sub112_lock14_sa_20260301_200539_assignments.csv,/home/rjaffray/projects/jaffray-masc-fhops-model/data/output/stdout/ka_18_sub112_lock14_sa_20260301_200539.out.txt,/home/rjaffray/projects/jaffray-masc-fhops-model/data/output/stderr/ka_18_sub112_lock14_sa_20260301_200539.err.txt,2026-03-01 20:05:39
ka,40,ka_40,,2,14,1,14,mip,True,0,0.0,/home/rjaffray/projects/jaffray-masc-fhops-model/data/output/ka_40_sub14_lock1_mip_20260301_200539.json,/home/rjaffray/projects/jaffray-masc-fhops-model/data/output/ka_40_sub14_lock1_mip_20260301_200539_assignments.csv,/home/rjaffray/projects/jaffray-masc-fhops-model/data/output/stdout/ka_40_sub14_lock1_mip_20260301_200539.out.txt,/home/rjaffray/projects/jaffray-masc-fhops-model/data/output/stderr/ka_40_sub14_lock1_mip_20260301_200539.err.txt,2026-03-01 20:05:39
ka,40,ka_40,,2,14,1,14,sa,True,0,0.0,/home/rjaffray/projects/jaffray-masc-fhops-model/data/output/ka_40_sub14_lock1_sa_20260301_200539.json,/home/rjaffray/projects/jaffray-masc-fhops-model/data/output/ka_40_sub14_lock1_sa_20260301_200539_assignments.csv,/home/rjaffray/projects/jaffray-masc-fhops-model/data/output/stdout/ka_40_sub14_lock1_sa_20260301_200539.out.txt,/home/rjaffray/projects/jaffray-masc-fhops-model/data/output/stderr/ka_40_sub14_lock1_sa_20260301_200539.err.txt,2026-03-01 20:05:39
ka,40,ka_40,,2,14,7,14,mip,True,0,0.0,/home/rjaffray/projects/jaffray-masc-fhops-model/data/output/ka_40_sub14_lock7_mip_20260301_200539.json,/home/rjaffray/projects/jaffray-masc-fhops-model/data/output/ka_40_sub14_lock7_mip_20260301_200539_assignments.csv,/home/rjaffray/projects/jaffray-masc-fhops-model/data/output/stdout/ka_40_sub14_lock7_mip_20260301_200539.out.txt,/home/rjaffray/projects/jaffray-masc-fhops-model/data/output/stderr/ka_40_sub14_lock7_mip_20260301_200539.err.txt,2026-03-01 20:05:39
ka,40,ka_40,,2,14,7,14,sa,True,0,0.0,/home/rjaffray/projects/jaffray-masc-fhops-model/data/output/ka_40_sub14_lock7_sa_20260301_200539.json,/home/rjaffray/projects/jaffray-masc-fhops-model/data/output/ka_40_sub14_lock7_sa_20260301_200539_assignments.csv,/home/rjaffray/projects/jaffray-masc-fhops-model/data/output/stdout/ka_40_sub14_lock7_sa_20260301_200539.out.txt,/home/rjaffray/projects/jaffray-masc-fhops-model/data/output/stderr/ka_40_sub14_lock7_sa_20260301_200539.err.txt,2026-03-01 20:05:39
ka,40,ka_40,,2,14,14,14,mip,True,0,0.0,/home/rjaffray/projects/jaffray-masc-fhops-model/data/output/ka_40_sub14_lock14_mip_20260301_200539.json,/home/rjaffray/projects/jaffray-masc-fhops-model/data/output/ka_40_sub14_lock14_mip_20260301_200539_assignments.csv,/home/rjaffray/projects/jaffray-masc-fhops-model/data/output/stdout/ka_40_sub14_lock14_mip_20260301_200539.out.txt,/home/rjaffray/projects/jaffray-masc-fhops-model/data/output/stderr/ka_40_sub14_lock14_mip_20260301_200539.err.txt,2026-03-01 20:05:39
ka,40,ka_40,,2,14,14,14,sa,True,0,0.0,/home/rjaffray/projects/jaffray-masc-fhops-model/data/output/ka_40_sub14_lock14_sa_20260301_200539.json,/home/rjaffray/projects/jaffray-masc-fhops-model/data/output/ka_40_sub14_lock14_sa_20260301_200539_assignments.csv,/home/rjaffray/projects/jaffray-masc-fhops-model/data/output/stdout/ka_40_sub14_lock14_sa_20260301_200539.out.txt,/home/rjaffray/projects/jaffray-masc-fhops-model/data/output/stderr/ka_40_sub14_lock14_sa_20260301_200539.err.txt,2026-03-01 20:05:39
ka,40,ka_40,,4,28,1,28,mip,True,0,0.0,/home/rjaffray/projects/jaffray-masc-fhops-model/data/output/ka_40_sub28_lock1_mip_20260301_200539.json,/home/rjaffray/projects/jaffray-masc-fhops-model/data/output/ka_40_sub28_lock1_mip_20260301_200539_assignments.csv,/home/rjaffray/projects/jaffray-masc-fhops-model/data/output/stdout/ka_40_sub28_lock1_mip_20260301_200539.out.txt,/home/rjaffray/projects/jaffray-masc-fhops-model/data/output/stderr/ka_40_sub28_lock1_mip_20260301_200539.err.txt,2026-03-01 20:05:39
ka,40,ka_40,,4,28,1,28,sa,True,0,0.0,/home/rjaffray/projects/jaffray-masc-fhops-model/data/output/ka_40_sub28_lock1_sa_20260301_200539.json,/home/rjaffray/projects/jaffray-masc-fhops-model/data/output/ka_40_sub28_lock1_sa_20260301_200539_assignments.csv,/home/rjaffray/projects/jaffray-masc-fhops-model/data/output/stdout/ka_40_sub28_lock1_sa_20260301_200539.out.txt,/home/rjaffray/projects/jaffray-masc-fhops-model/data/output/stderr/ka_40_sub28_lock1_sa_20260301_200539.err.txt,2026-03-01 20:05:39
ka,40,ka_40,,4,28,7,28,mip,True,0,0.0,/home/rjaffray/projects/jaffray-masc-fhops-model/data/output/ka_40_sub28_lock7_mip_20260301_200539.json,/home/rjaffray/projects/jaffray-masc-fhops-model/data/output/ka_40_sub28_lock7_mip_20260301_200539_assignments.csv,/home/rjaffray/projects/jaffray-masc-fhops-model/data/output/stdout/ka_40_sub28_lock7_mip_20260301_200539.out.txt,/home/rjaffray/projects/jaffray-masc-fhops-model/data/output/stderr/ka_40_sub28_lock7_mip_20260301_200539.err.txt,2026-03-01 20:05:39
ka,40,ka_40,,4,28,7,28,sa,True,0,0.0,/home/rjaffray/projects/jaffray-masc-fhops-model/data/output/ka_40_sub28_lock7_sa_20260301_200539.json,/home/rjaffray/projects/jaffray-masc-fhops-model/data/output/ka_40_sub28_lock7_sa_20260301_200539_assignments.csv,/home/rjaffray/projects/jaffray-masc-fhops-model/data/output/stdout/ka_40_sub28_lock7_sa_20260301_200539.out.txt,/home/rjaffray/projects/jaffray-masc-fhops-model/data/output/stderr/ka_40_sub28_lock7_sa_20260301_200539.err.txt,2026-03-01 20:05:39
ka,40,ka_40,,4,28,14,28,mip,True,0,0.0,/home/rjaffray/projects/jaffray-masc-fhops-model/data/output/ka_40_sub28_lock14_mip_20260301_200539.json,/home/rjaffray/projects/jaffray-masc-fhops-model/data/output/ka_40_sub28_lock14_mip_20260301_200539_assignments.csv,/home/rjaffray/projects/jaffray-masc-fhops-model/data/output/stdout/ka_40_sub28_lock14_mip_20260301_200539.out.txt,/home/rjaffray/projects/jaffray-masc-fhops-model/data/output/stderr/ka_40_sub28_lock14_mip_20260301_200539.err.txt,2026-03-01 20:05:39
ka,40,ka_40,,4,28,14,28,sa,True,0,0.0,/home/rjaffray/projects/jaffray-masc-fhops-model/data/output/ka_40_sub28_lock14_sa_20260301_200539.json,/home/rjaffray/projects/jaffray-masc-fhops-model/data/output/ka_40_sub28_lock14_sa_20260301_200539_assignments.csv,/home/rjaffray/projects/jaffray-masc-fhops-model/data/output/stdout/ka_40_sub28_lock14_sa_20260301_200539.out.txt,/home/rjaffray/projects/jaffray-masc-fhops-model/data/output/stderr/ka_40_sub28_lock14_sa_20260301_200539.err.txt,2026-03-01 20:05:39
ka,40,ka_40,,8,56,1,56,mip,True,0,0.0,/home/rjaffray/projects/jaffray-masc-fhops-model/data/output/ka_40_sub56_lock1_mip_20260301_200539.json,/home/rjaffray/projects/jaffray-masc-fhops-model/data/output/ka_40_sub56_lock1_mip_20260301_200539_assignments.csv,/home/rjaffray/projects/jaffray-masc-fhops-model/data/output/stdout/ka_40_sub56_lock1_mip_20260301_200539.out.txt,/home/rjaffray/projects/jaffray-masc-fhops-model/data/output/stderr/ka_40_sub56_lock1_mip_20260301_200539.err.txt,2026-03-01 20:05:39
ka,40,ka_40,,8,56,1,56,sa,True,0,0.0,/home/rjaffray/projects/jaffray-masc-fhops-model/data/output/ka_40_sub56_lock1_sa_20260301_200539.json,/home/rjaffray/projects/jaffray-masc-fhops-model/data/output/ka_40_sub56_lock1_sa_20260301_200539_assignments.csv,/home/rjaffray/projects/jaffray-masc-fhops-model/data/output/stdout/ka_40_sub56_lock1_sa_20260301_200539.out.txt,/home/rjaffray/projects/jaffray-masc-fhops-model/data/output/stderr/ka_40_sub56_lock1_sa_20260301_200539.err.txt,2026-03-01 20:05:39
ka,40,ka_40,,8,56,7,56,mip,True,0,0.0,/home/rjaffray/projects/jaffray-masc-fhops-model/data/output/ka_40_sub56_lock7_mip_20260301_200539.json,/home/rjaffray/projects/jaffray-masc-fhops-model/data/output/ka_40_sub56_lock7_mip_20260301_200539_assignments.csv,/home/rjaffray/projects/jaffray-masc-fhops-model/data/output/stdout/ka_40_sub56_lock7_mip_20260301_200539.out.txt,/home/rjaffray/projects/jaffray-masc-fhops-model/data/output/stderr/ka_40_sub56_lock7_mip_20260301_200539.err.txt,2026-03-01 20:05:39
ka,40,ka_40,,8,56,7,56,sa,True,0,0.0,/home/rjaffray/projects/jaffray-masc-fhops-model/data/output/ka_40_sub56_lock7_sa_20260301_200539.json,/home/rjaffray/projects/jaffray-masc-fhops-model/data/output/ka_40_sub56_lock7_sa_20260301_200539_assignments.csv,/home/rjaffray/projects/jaffray-masc-fhops-model/data/output/stdout/ka_40_sub56_lock7_sa_20260301_200539.out.txt,/home/rjaffray/projects/jaffray-masc-fhops-model/data/output/stderr/ka_40_sub56_lock7_sa_20260301_200539.err.txt,2026-03-01 20:05:39
ka,40,ka_40,,8,56,14,56,mip,True,0,0.0,/home/rjaffray/projects/jaffray-masc-fhops-model/data/output/ka_40_sub56_lock14_mip_20260301_200539.json,/home/rjaffray/projects/jaffray-masc-fhops-model/data/output/ka_40_sub56_lock14_mip_20260301_200539_assignments.csv,/home/rjaffray/projects/jaffray-masc-fhops-model/data/output/stdout/ka_40_sub56_lock14_mip_20260301_200539.out.txt,/home/rjaffray/projects/jaffray-masc-fhops-model/data/output/stderr/ka_40_sub56_lock14_mip_20260301_200539.err.txt,2026-03-01 20:05:39
ka,40,ka_40,,8,56,14,56,sa,True,0,0.0,/home/rjaffray/projects/jaffray-masc-fhops-model/data/output/ka_40_sub56_lock14_sa_20260301_200539.json,/home/rjaffray/projects/jaffray-masc-fhops-model/data/output/ka_40_sub56_lock14_sa_20260301_200539_assignments.csv,/home/rjaffray/projects/jaffray-masc-fhops-model/data/output/stdout/ka_40_sub56_lock14_sa_20260301_200539.out.txt,/home/rjaffray/projects/jaffray-masc-fhops-model/data/output/stderr/ka_40_sub56_lock14_sa_20260301_200539.err.txt,2026-03-01 20:05:39
ka,40,ka_40,,16,112,1,112,mip,True,0,0.0,/home/rjaffray/projects/jaffray-masc-fhops-model/data/output/ka_40_sub112_lock1_mip_20260301_200539.json,/home/rjaffray/projects/jaffray-masc-fhops-model/data/output/ka_40_sub112_lock1_mip_20260301_200539_assignments.csv,/home/rjaffray/projects/jaffray-masc-fhops-model/data/output/stdout/ka_40_sub112_lock1_mip_20260301_200539.out.txt,/home/rjaffray/projects/jaffray-masc-fhops-model/data/output/stderr/ka_40_sub112_lock1_mip_20260301_200539.err.txt,2026-03-01 20:05:39
ka,40,ka_40,,16,112,1,112,sa,True,0,0.0,/home/rjaffray/projects/jaffray-masc-fhops-model/data/output/ka_40_sub112_lock1_sa_20260301_200539.json,/home/rjaffray/projects/jaffray-masc-fhops-model/data/output/ka_40_sub112_lock1_sa_20260301_200539_assignments.csv,/home/rjaffray/projects/jaffray-masc-fhops-model/data/output/stdout/ka_40_sub112_lock1_sa_20260301_200539.out.txt,/home/rjaffray/projects/jaffray-masc-fhops-model/data/output/stderr/ka_40_sub112_lock1_sa_20260301_200539.err.txt,2026-03-01 20:05:39
ka,40,ka_40,,16,112,7,112,mip,True,0,0.0,/home/rjaffray/projects/jaffray-masc-fhops-model/data/output/ka_40_sub112_lock7_mip_20260301_200539.json,/home/rjaffray/projects/jaffray-masc-fhops-model/data/output/ka_40_sub112_lock7_mip_20260301_200539_assignments.csv,/home/rjaffray/projects/jaffray-masc-fhops-model/data/output/stdout/ka_40_sub112_lock7_mip_20260301_200539.out.txt,/home/rjaffray/projects/jaffray-masc-fhops-model/data/output/stderr/ka_40_sub112_lock7_mip_20260301_200539.err.txt,2026-03-01 20:05:39
ka,40,ka_40,,16,112,7,112,sa,True,0,0.0,/home/rjaffray/projects/jaffray-masc-fhops-model/data/output/ka_40_sub112_lock7_sa_20260301_200539.json,/home/rjaffray/projects/jaffray-masc-fhops-model/data/output/ka_40_sub112_lock7_sa_20260301_200539_assignments.csv,/home/rjaffray/projects/jaffray-masc-fhops-model/data/output/stdout/ka_40_sub112_lock7_sa_20260301_200539.out.txt,/home/rjaffray/projects/jaffray-masc-fhops-model/data/output/stderr/ka_40_sub112_lock7_sa_20260301_200539.err.txt,2026-03-01 20:05:39
ka,40,ka_40,,16,112,14,112,mip,True,0,0.0,/home/rjaffray/projects/jaffray-masc-fhops-model/data/output/ka_40_sub112_lock14_mip_20260301_200539.json,/home/rjaffray/projects/jaffray-masc-fhops-model/data/output/ka_40_sub112_lock14_mip_20260301_200539_assignments.csv,/home/rjaffray/projects/jaffray-masc-fhops-model/data/output/stdout/ka_40_sub112_lock14_mip_20260301_200539.out.txt,/home/rjaffray/projects/jaffray-masc-fhops-model/data/output/stderr/ka_40_sub112_lock14_mip_20260301_200539.err.txt,2026-03-01 20:05:39
ka,40,ka_40,,16,112,14,112,sa,True,0,0.0,/home/rjaffray/projects/jaffray-masc-fhops-model/data/output/ka_40_sub112_lock14_sa_20260301_200539.json,/home/rjaffray/projects/jaffray-masc-fhops-model/data/output/ka_40_sub112_lock14_sa_20260301_200539_assignments.csv,/home/rjaffray/projects/jaffray-masc-fhops-model/data/output/stdout/ka_40_sub112_lock14_sa_20260301_200539.out.txt,/home/rjaffray/projects/jaffray-masc-fhops-model/data/output/stderr/ka_40_sub112_lock14_sa_20260301_200539.err.txt,2026-03-01 20:05:39
ni,6,ni_6,,2,14,1,14,mip,True,0,0.0,/home/rjaffray/projects/jaffray-masc-fhops-model/data/output/ni_6_sub14_lock1_mip_20260301_200539.json,/home/rjaffray/projects/jaffray-masc-fhops-model/data/output/ni_6_sub14_lock1_mip_20260301_200539_assignments.csv,/home/rjaffray/projects/jaffray-masc-fhops-model/data/output/stdout/ni_6_sub14_lock1_mip_20260301_200539.out.txt,/home/rjaffray/projects/jaffray-masc-fhops-model/data/output/stderr/ni_6_sub14_lock1_mip_20260301_200539.err.txt,2026-03-01 20:05:39
ni,6,ni_6,,2,14,1,14,sa,True,0,0.0,/home/rjaffray/projects/jaffray-masc-fhops-model/data/output/ni_6_sub14_lock1_sa_20260301_200539.json,/home/rjaffray/projects/jaffray-masc-fhops-model/data/output/ni_6_sub14_lock1_sa_20260301_200539_assignments.csv,/home/rjaffray/projects/jaffray-masc-fhops-model/data/output/stdout/ni_6_sub14_lock1_sa_20260301_200539.out.txt,/home/rjaffray/projects/jaffray-masc-fhops-model/data/output/stderr/ni_6_sub14_lock1_sa_20260301_200539.err.txt,2026-03-01 20:05:39
ni,6,ni_6,,2,14,7,14,mip,True,0,0.0,/home/rjaffray/projects/jaffray-masc-fhops-model/data/output/ni_6_sub14_lock7_mip_20260301_200539.json,/home/rjaffray/projects/jaffray-masc-fhops-model/data/output/ni_6_sub14_lock7_mip_20260301_200539_assignments.csv,/home/rjaffray/projects/jaffray-masc-fhops-model/data/output/stdout/ni_6_sub14_lock7_mip_20260301_200539.out.txt,/home/rjaffray/projects/jaffray-masc-fhops-model/data/output/stderr/ni_6_sub14_lock7_mip_20260301_200539.err.txt,2026-03-01 20:05:39
ni,6,ni_6,,2,14,7,14,sa,True,0,0.0,/home/rjaffray/projects/jaffray-masc-fhops-model/data/output/ni_6_sub14_lock7_sa_20260301_200539.json,/home/rjaffray/projects/jaffray-masc-fhops-model/data/output/ni_6_sub14_lock7_sa_20260301_200539_assignments.csv,/home/rjaffray/projects/jaffray-masc-fhops-model/data/output/stdout/ni_6_sub14_lock7_sa_20260301_200539.out.txt,/home/rjaffray/projects/jaffray-masc-fhops-model/data/output/stderr/ni_6_sub14_lock7_sa_20260301_200539.err.txt,2026-03-01 20:05:39
ni,6,ni_6,,2,14,14,14,mip,True,0,0.0,/home/rjaffray/projects/jaffray-masc-fhops-model/data/output/ni_6_sub14_lock14_mip_20260301_200539.json,/home/rjaffray/projects/jaffray-masc-fhops-model/data/output/ni_6_sub14_lock14_mip_20260301_200539_assignments.csv,/home/rjaffray/projects/jaffray-masc-fhops-model/data/output/stdout/ni_6_sub14_lock14_mip_20260301_200539.out.txt,/home/rjaffray/projects/jaffray-masc-fhops-model/data/output/stderr/ni_6_sub14_lock14_mip_20260301_200539.err.txt,2026-03-01 20:05:39
ni,6,ni_6,,2,14,14,14,sa,True,0,0.0,/home/rjaffray/projects/jaffray-masc-fhops-model/data/output/ni_6_sub14_lock14_sa_20260301_200539.json,/home/rjaffray/projects/jaffray-masc-fhops-model/data/output/ni_6_sub14_lock14_sa_20260301_200539_assignments.csv,/home/rjaffray/projects/jaffray-masc-fhops-model/data/output/stdout/ni_6_sub14_lock14_sa_20260301_200539.out.txt,/home/rjaffray/projects/jaffray-masc-fhops-model/data/output/stderr/ni_6_sub14_lock14_sa_20260301_200539.err.txt,2026-03-01 20:05:39
ni,6,ni_6,,4,28,1,28,mip,True,0,0.0,/home/rjaffray/projects/jaffray-masc-fhops-model/data/output/ni_6_sub28_lock1_mip_20260301_200539.json,/home/rjaffray/projects/jaffray-masc-fhops-model/data/output/ni_6_sub28_lock1_mip_20260301_200539_assignments.csv,/home/rjaffray/projects/jaffray-masc-fhops-model/data/output/stdout/ni_6_sub28_lock1_mip_20260301_200539.out.txt,/home/rjaffray/projects/jaffray-masc-fhops-model/data/output/stderr/ni_6_sub28_lock1_mip_20260301_200539.err.txt,2026-03-01 20:05:39
ni,6,ni_6,,4,28,1,28,sa,True,0,0.0,/home/rjaffray/projects/jaffray-masc-fhops-model/data/output/ni_6_sub28_lock1_sa_20260301_200539.json,/home/rjaffray/projects/jaffray-masc-fhops-model/data/output/ni_6_sub28_lock1_sa_20260301_200539_assignments.csv,/home/rjaffray/projects/jaffray-masc-fhops-model/data/output/stdout/ni_6_sub28_lock1_sa_20260301_200539.out.txt,/home/rjaffray/projects/jaffray-masc-fhops-model/data/output/stderr/ni_6_sub28_lock1_sa_20260301_200539.err.txt,2026-03-01 20:05:39
ni,6,ni_6,,4,28,7,28,mip,True,0,0.0,/home/rjaffray/projects/jaffray-masc-fhops-model/data/output/ni_6_sub28_lock7_mip_20260301_200539.json,/home/rjaffray/projects/jaffray-masc-fhops-model/data/output/ni_6_sub28_lock7_mip_20260301_200539_assignments.csv,/home/rjaffray/projects/jaffray-masc-fhops-model/data/output/stdout/ni_6_sub28_lock7_mip_20260301_200539.out.txt,/home/rjaffray/projects/jaffray-masc-fhops-model/data/output/stderr/ni_6_sub28_lock7_mip_20260301_200539.err.txt,2026-03-01 20:05:39
ni,6,ni_6,,4,28,7,28,sa,True,0,0.0,/home/rjaffray/projects/jaffray-masc-fhops-model/data/output/ni_6_sub28_lock7_sa_20260301_200539.json,/home/rjaffray/projects/jaffray-masc-fhops-model/data/output/ni_6_sub28_lock7_sa_20260301_200539_assignments.csv,/home/rjaffray/projects/jaffray-masc-fhops-model/data/output/stdout/ni_6_sub28_lock7_sa_20260301_200539.out.txt,/home/rjaffray/projects/jaffray-masc-fhops-model/data/output/stderr/ni_6_sub28_lock7_sa_20260301_200539.err.txt,2026-03-01 20:05:39
ni,6,ni_6,,4,28,14,28,mip,True,0,0.0,/home/rjaffray/projects/jaffray-masc-fhops-model/data/output/ni_6_sub28_lock14_mip_20260301_200539.json,/home/rjaffray/projects/jaffray-masc-fhops-model/data/output/ni_6_sub28_lock14_mip_20260301_200539_assignments.csv,/home/rjaffray/projects/jaffray-masc-fhops-model/data/output/stdout/ni_6_sub28_lock14_mip_20260301_200539.out.txt,/home/rjaffray/projects/jaffray-masc-fhops-model/data/output/stderr/ni_6_sub28_lock14_mip_20260301_200539.err.txt,2026-03-01 20:05:39
ni,6,ni_6,,4,28,14,28,sa,True,0,0.0,/home/rjaffray/projects/jaffray-masc-fhops-model/data/output/ni_6_sub28_lock14_sa_20260301_200539.json,/home/rjaffray/projects/jaffray-masc-fhops-model/data/output/ni_6_sub28_lock14_sa_20260301_200539_assignments.csv,/home/rjaffray/projects/jaffray-masc-fhops-model/data/output/stdout/ni_6_sub28_lock14_sa_20260301_200539.out.txt,/home/rjaffray/projects/jaffray-masc-fhops-model/data/output/stderr/ni_6_sub28_lock14_sa_20260301_200539.err.txt,2026-03-01 20:05:39
ni,6,ni_6,,8,56,1,56,mip,True,0,0.0,/home/rjaffray/projects/jaffray-masc-fhops-model/data/output/ni_6_sub56_lock1_mip_20260301_200539.json,/home/rjaffray/projects/jaffray-masc-fhops-model/data/output/ni_6_sub56_lock1_mip_20260301_200539_assignments.csv,/home/rjaffray/projects/jaffray-masc-fhops-model/data/output/stdout/ni_6_sub56_lock1_mip_20260301_200539.out.txt,/home/rjaffray/projects/jaffray-masc-fhops-model/data/output/stderr/ni_6_sub56_lock1_mip_20260301_200539.err.txt,2026-03-01 20:05:39
ni,6,ni_6,,8,56,1,56,sa,True,0,0.0,/home/rjaffray/projects/jaffray-masc-fhops-model/data/output/ni_6_sub56_lock1_sa_20260301_200539.json,/home/rjaffray/projects/jaffray-masc-fhops-model/data/output/ni_6_sub56_lock1_sa_20260301_200539_assignments.csv,/home/rjaffray/projects/jaffray-masc-fhops-model/data/output/stdout/ni_6_sub56_lock1_sa_20260301_200539.out.txt,/home/rjaffray/projects/jaffray-masc-fhops-model/data/output/stderr/ni_6_sub56_lock1_sa_20260301_200539.err.txt,2026-03-01 20:05:39
ni,6,ni_6,,8,56,7,56,mip,True,0,0.0,/home/rjaffray/projects/jaffray-masc-fhops-model/data/output/ni_6_sub56_lock7_mip_20260301_200539.json,/home/rjaffray/projects/jaffray-masc-fhops-model/data/output/ni_6_sub56_lock7_mip_20260301_200539_assignments.csv,/home/rjaffray/projects/jaffray-masc-fhops-model/data/output/stdout/ni_6_sub56_lock7_mip_20260301_200539.out.txt,/home/rjaffray/projects/jaffray-masc-fhops-model/data/output/stderr/ni_6_sub56_lock7_mip_20260301_200539.err.txt,2026-03-01 20:05:39
ni,6,ni_6,,8,56,7,56,sa,True,0,0.0,/home/rjaffray/projects/jaffray-masc-fhops-model/data/output/ni_6_sub56_lock7_sa_20260301_200539.json,/home/rjaffray/projects/jaffray-masc-fhops-model/data/output/ni_6_sub56_lock7_sa_20260301_200539_assignments.csv,/home/rjaffray/projects/jaffray-masc-fhops-model/data/output/stdout/ni_6_sub56_lock7_sa_20260301_200539.out.txt,/home/rjaffray/projects/jaffray-masc-fhops-model/data/output/stderr/ni_6_sub56_lock7_sa_20260301_200539.err.txt,2026-03-01 20:05:39
ni,6,ni_6,,8,56,14,56,mip,True,0,0.0,/home/rjaffray/projects/jaffray-masc-fhops-model/data/output/ni_6_sub56_lock14_mip_20260301_200539.json,/home/rjaffray/projects/jaffray-masc-fhops-model/data/output/ni_6_sub56_lock14_mip_20260301_200539_assignments.csv,/home/rjaffray/projects/jaffray-masc-fhops-model/data/output/stdout/ni_6_sub56_lock14_mip_20260301_200539.out.txt,/home/rjaffray/projects/jaffray-masc-fhops-model/data/output/stderr/ni_6_sub56_lock14_mip_20260301_200539.err.txt,2026-03-01 20:05:39
ni,6,ni_6,,8,56,14,56,sa,True,0,0.0,/home/rjaffray/projects/jaffray-masc-fhops-model/data/output/ni_6_sub56_lock14_sa_20260301_200539.json,/home/rjaffray/projects/jaffray-masc-fhops-model/data/output/ni_6_sub56_lock14_sa_20260301_200539_assignments.csv,/home/rjaffray/projects/jaffray-masc-fhops-model/data/output/stdout/ni_6_sub56_lock14_sa_20260301_200539.out.txt,/home/rjaffray/projects/jaffray-masc-fhops-model/data/output/stderr/ni_6_sub56_lock14_sa_20260301_200539.err.txt,2026-03-01 20:05:39
ni,6,ni_6,,16,112,1,112,mip,True,0,0.0,/home/rjaffray/projects/jaffray-masc-fhops-model/data/output/ni_6_sub112_lock1_mip_20260301_200539.json,/home/rjaffray/projects/jaffray-masc-fhops-model/data/output/ni_6_sub112_lock1_mip_20260301_200539_assignments.csv,/home/rjaffray/projects/jaffray-masc-fhops-model/data/output/stdout/ni_6_sub112_lock1_mip_20260301_200539.out.txt,/home/rjaffray/projects/jaffray-masc-fhops-model/data/output/stderr/ni_6_sub112_lock1_mip_20260301_200539.err.txt,2026-03-01 20:05:39
ni,6,ni_6,,16,112,1,112,sa,True,0,0.0,/home/rjaffray/projects/jaffray-masc-fhops-model/data/output/ni_6_sub112_lock1_sa_20260301_200539.json,/home/rjaffray/projects/jaffray-masc-fhops-model/data/output/ni_6_sub112_lock1_sa_20260301_200539_assignments.csv,/home/rjaffray/projects/jaffray-masc-fhops-model/data/output/stdout/ni_6_sub112_lock1_sa_20260301_200539.out.txt,/home/rjaffray/projects/jaffray-masc-fhops-model/data/output/stderr/ni_6_sub112_lock1_sa_20260301_200539.err.txt,2026-03-01 20:05:39
ni,6,ni_6,,16,112,7,112,mip,True,0,0.0,/home/rjaffray/projects/jaffray-masc-fhops-model/data/output/ni_6_sub112_lock7_mip_20260301_200539.json,/home/rjaffray/projects/jaffray-masc-fhops-model/data/output/ni_6_sub112_lock7_mip_20260301_200539_assignments.csv,/home/rjaffray/projects/jaffray-masc-fhops-model/data/output/stdout/ni_6_sub112_lock7_mip_20260301_200539.out.txt,/home/rjaffray/projects/jaffray-masc-fhops-model/data/output/stderr/ni_6_sub112_lock7_mip_20260301_200539.err.txt,2026-03-01 20:05:39
ni,6,ni_6,,16,112,7,112,sa,True,0,0.0,/home/rjaffray/projects/jaffray-masc-fhops-model/data/output/ni_6_sub112_lock7_sa_20260301_200539.json,/home/rjaffray/projects/jaffray-masc-fhops-model/data/output/ni_6_sub112_lock7_sa_20260301_200539_assignments.csv,/home/rjaffray/projects/jaffray-masc-fhops-model/data/output/stdout/ni_6_sub112_lock7_sa_20260301_200539.out.txt,/home/rjaffray/projects/jaffray-masc-fhops-model/data/output/stderr/ni_6_sub112_lock7_sa_20260301_200539.err.txt,2026-03-01 20:05:39
ni,6,ni_6,,16,112,14,112,mip,True,0,0.0,/home/rjaffray/projects/jaffray-masc-fhops-model/data/output/ni_6_sub112_lock14_mip_20260301_200539.json,/home/rjaffray/projects/jaffray-masc-fhops-model/data/output/ni_6_sub112_lock14_mip_20260301_200539_assignments.csv,/home/rjaffray/projects/jaffray-masc-fhops-model/data/output/stdout/ni_6_sub112_lock14_mip_20260301_200539.out.txt,/home/rjaffray/projects/jaffray-masc-fhops-model/data/output/stderr/ni_6_sub112_lock14_mip_20260301_200539.err.txt,2026-03-01 20:05:39
ni,6,ni_6,,16,112,14,112,sa,True,0,0.0,/home/rjaffray/projects/jaffray-masc-fhops-model/data/output/ni_6_sub112_lock14_sa_20260301_200539.json,/home/rjaffray/projects/jaffray-masc-fhops-model/data/output/ni_6_sub112_lock14_sa_20260301_200539_assignments.csv,/home/rjaffray/projects/jaffray-masc-fhops-model/data/output/stdout/ni_6_sub112_lock14_sa_20260301_200539.out.txt,/home/rjaffray/projects/jaffray-masc-fhops-model/data/output/stderr/ni_6_sub112_lock14_sa_20260301_200539.err.txt,2026-03-01 20:05:39
ni,18,ni_18,,2,14,1,14,mip,True,0,0.0,/home/rjaffray/projects/jaffray-masc-fhops-model/data/output/ni_18_sub14_lock1_mip_20260301_200539.json,/home/rjaffray/projects/jaffray-masc-fhops-model/data/output/ni_18_sub14_lock1_mip_20260301_200539_assignments.csv,/home/rjaffray/projects/jaffray-masc-fhops-model/data/output/stdout/ni_18_sub14_lock1_mip_20260301_200539.out.txt,/home/rjaffray/projects/jaffray-masc-fhops-model/data/output/stderr/ni_18_sub14_lock1_mip_20260301_200539.err.txt,2026-03-01 20:05:39
ni,18,ni_18,,2,14,1,14,sa,True,0,0.0,/home/rjaffray/projects/jaffray-masc-fhops-model/data/output/ni_18_sub14_lock1_sa_20260301_200539.json,/home/rjaffray/projects/jaffray-masc-fhops-model/data/output/ni_18_sub14_lock1_sa_20260301_200539_assignments.csv,/home/rjaffray/projects/jaffray-masc-fhops-model/data/output/stdout/ni_18_sub14_lock1_sa_20260301_200539.out.txt,/home/rjaffray/projects/jaffray-masc-fhops-model/data/output/stderr/ni_18_sub14_lock1_sa_20260301_200539.err.txt,2026-03-01 20:05:39
ni,18,ni_18,,2,14,7,14,mip,True,0,0.0,/home/rjaffray/projects/jaffray-masc-fhops-model/data/output/ni_18_sub14_lock7_mip_20260301_200539.json,/home/rjaffray/projects/jaffray-masc-fhops-model/data/output/ni_18_sub14_lock7_mip_20260301_200539_assignments.csv,/home/rjaffray/projects/jaffray-masc-fhops-model/data/output/stdout/ni_18_sub14_lock7_mip_20260301_200539.out.txt,/home/rjaffray/projects/jaffray-masc-fhops-model/data/output/stderr/ni_18_sub14_lock7_mip_20260301_200539.err.txt,2026-03-01 20:05:39
ni,18,ni_18,,2,14,7,14,sa,True,0,0.0,/home/rjaffray/projects/jaffray-masc-fhops-model/data/output/ni_18_sub14_lock7_sa_20260301_200539.json,/home/rjaffray/projects/jaffray-masc-fhops-model/data/output/ni_18_sub14_lock7_sa_20260301_200539_assignments.csv,/home/rjaffray/projects/jaffray-masc-fhops-model/data/output/stdout/ni_18_sub14_lock7_sa_20260301_200539.out.txt,/home/rjaffray/projects/jaffray-masc-fhops-model/data/output/stderr/ni_18_sub14_lock7_sa_20260301_200539.err.txt,2026-03-01 20:05:39
ni,18,ni_18,,2,14,14,14,mip,True,0,0.0,/home/rjaffray/projects/jaffray-masc-fhops-model/data/output/ni_18_sub14_lock14_mip_20260301_200539.json,/home/rjaffray/projects/jaffray-masc-fhops-model/data/output/ni_18_sub14_lock14_mip_20260301_200539_assignments.csv,/home/rjaffray/projects/jaffray-masc-fhops-model/data/output/stdout/ni_18_sub14_lock14_mip_20260301_200539.out.txt,/home/rjaffray/projects/jaffray-masc-fhops-model/data/output/stderr/ni_18_sub14_lock14_mip_20260301_200539.err.txt,2026-03-01 20:05:39
ni,18,ni_18,,2,14,14,14,sa,True,0,0.0,/home/rjaffray/projects/jaffray-masc-fhops-model/data/output/ni_18_sub14_lock14_sa_20260301_200539.json,/home/rjaffray/projects/jaffray-masc-fhops-model/data/output/ni_18_sub14_lock14_sa_20260301_200539_assignments.csv,/home/rjaffray/projects/jaffray-masc-fhops-model/data/output/stdout/ni_18_sub14_lock14_sa_20260301_200539.out.txt,/home/rjaffray/projects/jaffray-masc-fhops-model/data/output/stderr/ni_18_sub14_lock14_sa_20260301_200539.err.txt,2026-03-01 20:05:39
ni,18,ni_18,,4,28,1,28,mip,True,0,0.0,/home/rjaffray/projects/jaffray-masc-fhops-model/data/output/ni_18_sub28_lock1_mip_20260301_200539.json,/home/rjaffray/projects/jaffray-masc-fhops-model/data/output/ni_18_sub28_lock1_mip_20260301_200539_assignments.csv,/home/rjaffray/projects/jaffray-masc-fhops-model/data/output/stdout/ni_18_sub28_lock1_mip_20260301_200539.out.txt,/home/rjaffray/projects/jaffray-masc-fhops-model/data/output/stderr/ni_18_sub28_lock1_mip_20260301_200539.err.txt,2026-03-01 20:05:39
ni,18,ni_18,,4,28,1,28,sa,True,0,0.0,/home/rjaffray/projects/jaffray-masc-fhops-model/data/output/ni_18_sub28_lock1_sa_20260301_200539.json,/home/rjaffray/projects/jaffray-masc-fhops-model/data/output/ni_18_sub28_lock1_sa_20260301_200539_assignments.csv,/home/rjaffray/projects/jaffray-masc-fhops-model/data/output/stdout/ni_18_sub28_lock1_sa_20260301_200539.out.txt,/home/rjaffray/projects/jaffray-masc-fhops-model/data/output/stderr/ni_18_sub28_lock1_sa_20260301_200539.err.txt,2026-03-01 20:05:39
ni,18,ni_18,,4,28,7,28,mip,True,0,0.0,/home/rjaffray/projects/jaffray-masc-fhops-model/data/output/ni_18_sub28_lock7_mip_20260301_200539.json,/home/rjaffray/projects/jaffray-masc-fhops-model/data/output/ni_18_sub28_lock7_mip_20260301_200539_assignments.csv,/home/rjaffray/projects/jaffray-masc-fhops-model/data/output/stdout/ni_18_sub28_lock7_mip_20260301_200539.out.txt,/home/rjaffray/projects/jaffray-masc-fhops-model/data/output/stderr/ni_18_sub28_lock7_mip_20260301_200539.err.txt,2026-03-01 20:05:39
ni,18,ni_18,,4,28,7,28,sa,True,0,0.0,/home/rjaffray/projects/jaffray-masc-fhops-model/data/output/ni_18_sub28_lock7_sa_20260301_200539.json,/home/rjaffray/projects/jaffray-masc-fhops-model/data/output/ni_18_sub28_lock7_sa_20260301_200539_assignments.csv,/home/rjaffray/projects/jaffray-masc-fhops-model/data/output/stdout/ni_18_sub28_lock7_sa_20260301_200539.out.txt,/home/rjaffray/projects/jaffray-masc-fhops-model/data/output/stderr/ni_18_sub28_lock7_sa_20260301_200539.err.txt,2026-03-01 20:05:39
ni,18,ni_18,,4,28,14,28,mip,True,0,0.0,/home/rjaffray/projects/jaffray-masc-fhops-model/data/output/ni_18_sub28_lock14_mip_20260301_200539.json,/home/rjaffray/projects/jaffray-masc-fhops-model/data/output/ni_18_sub28_lock14_mip_20260301_200539_assignments.csv,/home/rjaffray/projects/jaffray-masc-fhops-model/data/output/stdout/ni_18_sub28_lock14_mip_20260301_200539.out.txt,/home/rjaffray/projects/jaffray-masc-fhops-model/data/output/stderr/ni_18_sub28_lock14_mip_20260301_200539.err.txt,2026-03-01 20:05:39
ni,18,ni_18,,4,28,14,28,sa,True,0,0.0,/home/rjaffray/projects/jaffray-masc-fhops-model/data/output/ni_18_sub28_lock14_sa_20260301_200539.json,/home/rjaffray/projects/jaffray-masc-fhops-model/data/output/ni_18_sub28_lock14_sa_20260301_200539_assignments.csv,/home/rjaffray/projects/jaffray-masc-fhops-model/data/output/stdout/ni_18_sub28_lock14_sa_20260301_200539.out.txt,/home/rjaffray/projects/jaffray-masc-fhops-model/data/output/stderr/ni_18_sub28_lock14_sa_20260301_200539.err.txt,2026-03-01 20:05:39
ni,18,ni_18,,8,56,1,56,mip,True,0,0.0,/home/rjaffray/projects/jaffray-masc-fhops-model/data/output/ni_18_sub56_lock1_mip_20260301_200539.json,/home/rjaffray/projects/jaffray-masc-fhops-model/data/output/ni_18_sub56_lock1_mip_20260301_200539_assignments.csv,/home/rjaffray/projects/jaffray-masc-fhops-model/data/output/stdout/ni_18_sub56_lock1_mip_20260301_200539.out.txt,/home/rjaffray/projects/jaffray-masc-fhops-model/data/output/stderr/ni_18_sub56_lock1_mip_20260301_200539.err.txt,2026-03-01 20:05:39
ni,18,ni_18,,8,56,1,56,sa,True,0,0.0,/home/rjaffray/projects/jaffray-masc-fhops-model/data/output/ni_18_sub56_lock1_sa_20260301_200539.json,/home/rjaffray/projects/jaffray-masc-fhops-model/data/output/ni_18_sub56_lock1_sa_20260301_200539_assignments.csv,/home/rjaffray/projects/jaffray-masc-fhops-model/data/output/stdout/ni_18_sub56_lock1_sa_20260301_200539.out.txt,/home/rjaffray/projects/jaffray-masc-fhops-model/data/output/stderr/ni_18_sub56_lock1_sa_20260301_200539.err.txt,2026-03-01 20:05:39
ni,18,ni_18,,8,56,7,56,mip,True,0,0.0,/home/rjaffray/projects/jaffray-masc-fhops-model/data/output/ni_18_sub56_lock7_mip_20260301_200539.json,/home/rjaffray/projects/jaffray-masc-fhops-model/data/output/ni_18_sub56_lock7_mip_20260301_200539_assignments.csv,/home/rjaffray/projects/jaffray-masc-fhops-model/data/output/stdout/ni_18_sub56_lock7_mip_20260301_200539.out.txt,/home/rjaffray/projects/jaffray-masc-fhops-model/data/output/stderr/ni_18_sub56_lock7_mip_20260301_200539.err.txt,2026-03-01 20:05:39
ni,18,ni_18,,8,56,7,56,sa,True,0,0.0,/home/rjaffray/projects/jaffray-masc-fhops-model/data/output/ni_18_sub56_lock7_sa_20260301_200539.json,/home/rjaffray/projects/jaffray-masc-fhops-model/data/output/ni_18_sub56_lock7_sa_20260301_200539_assignments.csv,/home/rjaffray/projects/jaffray-masc-fhops-model/data/output/stdout/ni_18_sub56_lock7_sa_20260301_200539.out.txt,/home/rjaffray/projects/jaffray-masc-fhops-model/data/output/stderr/ni_18_sub56_lock7_sa_20260301_200539.err.txt,2026-03-01 20:05:39
ni,18,ni_18,,8,56,14,56,mip,True,0,0.0,/home/rjaffray/projects/jaffray-masc-fhops-model/data/output/ni_18_sub56_lock14_mip_20260301_200539.json,/home/rjaffray/projects/jaffray-masc-fhops-model/data/output/ni_18_sub56_lock14_mip_20260301_200539_assignments.csv,/home/rjaffray/projects/jaffray-masc-fhops-model/data/output/stdout/ni_18_sub56_lock14_mip_20260301_200539.out.txt,/home/rjaffray/projects/jaffray-masc-fhops-model/data/output/stderr/ni_18_sub56_lock14_mip_20260301_200539.err.txt,2026-03-01 20:05:39
ni,18,ni_18,,8,56,14,56,sa,True,0,0.0,/home/rjaffray/projects/jaffray-masc-fhops-model/data/output/ni_18_sub56_lock14_sa_20260301_200539.json,/home/rjaffray/projects/jaffray-masc-fhops-model/data/output/ni_18_sub56_lock14_sa_20260301_200539_assignments.csv,/home/rjaffray/projects/jaffray-masc-fhops-model/data/output/stdout/ni_18_sub56_lock14_sa_20260301_200539.out.txt,/home/rjaffray/projects/jaffray-masc-fhops-model/data/output/stderr/ni_18_sub56_lock14_sa_20260301_200539.err.txt,2026-03-01 20:05:39
ni,18,ni_18,,16,112,1,112,mip,True,0,0.0,/home/rjaffray/projects/jaffray-masc-fhops-model/data/output/ni_18_sub112_lock1_mip_20260301_200539.json,/home/rjaffray/projects/jaffray-masc-fhops-model/data/output/ni_18_sub112_lock1_mip_20260301_200539_assignments.csv,/home/rjaffray/projects/jaffray-masc-fhops-model/data/output/stdout/ni_18_sub112_lock1_mip_20260301_200539.out.txt,/home/rjaffray/projects/jaffray-masc-fhops-model/data/output/stderr/ni_18_sub112_lock1_mip_20260301_200539.err.txt,2026-03-01 20:05:39
ni,18,ni_18,,16,112,1,112,sa,True,0,0.0,/home/rjaffray/projects/jaffray-masc-fhops-model/data/output/ni_18_sub112_lock1_sa_20260301_200539.json,/home/rjaffray/projects/jaffray-masc-fhops-model/data/output/ni_18_sub112_lock1_sa_20260301_200539_assignments.csv,/home/rjaffray/projects/jaffray-masc-fhops-model/data/output/stdout/ni_18_sub112_lock1_sa_20260301_200539.out.txt,/home/rjaffray/projects/jaffray-masc-fhops-model/data/output/stderr/ni_18_sub112_lock1_sa_20260301_200539.err.txt,2026-03-01 20:05:39
ni,18,ni_18,,16,112,7,112,mip,True,0,0.0,/home/rjaffray/projects/jaffray-masc-fhops-model/data/output/ni_18_sub112_lock7_mip_20260301_200539.json,/home/rjaffray/projects/jaffray-masc-fhops-model/data/output/ni_18_sub112_lock7_mip_20260301_200539_assignments.csv,/home/rjaffray/projects/jaffray-masc-fhops-model/data/output/stdout/ni_18_sub112_lock7_mip_20260301_200539.out.txt,/home/rjaffray/projects/jaffray-masc-fhops-model/data/output/stderr/ni_18_sub112_lock7_mip_20260301_200539.err.txt,2026-03-01 20:05:39
ni,18,ni_18,,16,112,7,112,sa,True,0,0.0,/home/rjaffray/projects/jaffray-masc-fhops-model/data/output/ni_18_sub112_lock7_sa_20260301_200539.json,/home/rjaffray/projects/jaffray-masc-fhops-model/data/output/ni_18_sub112_lock7_sa_20260301_200539_assignments.csv,/home/rjaffray/projects/jaffray-masc-fhops-model/data/output/stdout/ni_18_sub112_lock7_sa_20260301_200539.out.txt,/home/rjaffray/projects/jaffray-masc-fhops-model/data/output/stderr/ni_18_sub112_lock7_sa_20260301_200539.err.txt,2026-03-01 20:05:39
ni,18,ni_18,,16,112,14,112,mip,True,0,0.0,/home/rjaffray/projects/jaffray-masc-fhops-model/data/output/ni_18_sub112_lock14_mip_20260301_200539.json,/home/rjaffray/projects/jaffray-masc-fhops-model/data/output/ni_18_sub112_lock14_mip_20260301_200539_assignments.csv,/home/rjaffray/projects/jaffray-masc-fhops-model/data/output/stdout/ni_18_sub112_lock14_mip_20260301_200539.out.txt,/home/rjaffray/projects/jaffray-masc-fhops-model/data/output/stderr/ni_18_sub112_lock14_mip_20260301_200539.err.txt,2026-03-01 20:05:39
ni,18,ni_18,,16,112,14,112,sa,True,0,0.0,/home/rjaffray/projects/jaffray-masc-fhops-model/data/output/ni_18_sub112_lock14_sa_20260301_200539.json,/home/rjaffray/projects/jaffray-masc-fhops-model/data/output/ni_18_sub112_lock14_sa_20260301_200539_assignments.csv,/home/rjaffray/projects/jaffray-masc-fhops-model/data/output/stdout/ni_18_sub112_lock14_sa_20260301_200539.out.txt,/home/rjaffray/projects/jaffray-masc-fhops-model/data/output/stderr/ni_18_sub112_lock14_sa_20260301_200539.err.txt,2026-03-01 20:05:39
ni,40,ni_40,,2,14,1,14,mip,True,0,0.0,/home/rjaffray/projects/jaffray-masc-fhops-model/data/output/ni_40_sub14_lock1_mip_20260301_200539.json,/home/rjaffray/projects/jaffray-masc-fhops-model/data/output/ni_40_sub14_lock1_mip_20260301_200539_assignments.csv,/home/rjaffray/projects/jaffray-masc-fhops-model/data/output/stdout/ni_40_sub14_lock1_mip_20260301_200539.out.txt,/home/rjaffray/projects/jaffray-masc-fhops-model/data/output/stderr/ni_40_sub14_lock1_mip_20260301_200539.err.txt,2026-03-01 20:05:39
ni,40,ni_40,,2,14,1,14,sa,True,0,0.0,/home/rjaffray/projects/jaffray-masc-fhops-model/data/output/ni_40_sub14_lock1_sa_20260301_200539.json,/home/rjaffray/projects/jaffray-masc-fhops-model/data/output/ni_40_sub14_lock1_sa_20260301_200539_assignments.csv,/home/rjaffray/projects/jaffray-masc-fhops-model/data/output/stdout/ni_40_sub14_lock1_sa_20260301_200539.out.txt,/home/rjaffray/projects/jaffray-masc-fhops-model/data/output/stderr/ni_40_sub14_lock1_sa_20260301_200539.err.txt,2026-03-01 20:05:39
ni,40,ni_40,,2,14,7,14,mip,True,0,0.0,/home/rjaffray/projects/jaffray-masc-fhops-model/data/output/ni_40_sub14_lock7_mip_20260301_200539.json,/home/rjaffray/projects/jaffray-masc-fhops-model/data/output/ni_40_sub14_lock7_mip_20260301_200539_assignments.csv,/home/rjaffray/projects/jaffray-masc-fhops-model/data/output/stdout/ni_40_sub14_lock7_mip_20260301_200539.out.txt,/home/rjaffray/projects/jaffray-masc-fhops-model/data/output/stderr/ni_40_sub14_lock7_mip_20260301_200539.err.txt,2026-03-01 20:05:39
ni,40,ni_40,,2,14,7,14,sa,True,0,0.0,/home/rjaffray/projects/jaffray-masc-fhops-model/data/output/ni_40_sub14_lock7_sa_20260301_200539.json,/home/rjaffray/projects/jaffray-masc-fhops-model/data/output/ni_40_sub14_lock7_sa_20260301_200539_assignments.csv,/home/rjaffray/projects/jaffray-masc-fhops-model/data/output/stdout/ni_40_sub14_lock7_sa_20260301_200539.out.txt,/home/rjaffray/projects/jaffray-masc-fhops-model/data/output/stderr/ni_40_sub14_lock7_sa_20260301_200539.err.txt,2026-03-01 20:05:39
ni,40,ni_40,,2,14,14,14,mip,True,0,0.0,/home/rjaffray/projects/jaffray-masc-fhops-model/data/output/ni_40_sub14_lock14_mip_20260301_200539.json,/home/rjaffray/projects/jaffray-masc-fhops-model/data/output/ni_40_sub14_lock14_mip_20260301_200539_assignments.csv,/home/rjaffray/projects/jaffray-masc-fhops-model/data/output/stdout/ni_40_sub14_lock14_mip_20260301_200539.out.txt,/home/rjaffray/projects/jaffray-masc-fhops-model/data/output/stderr/ni_40_sub14_lock14_mip_20260301_200539.err.txt,2026-03-01 20:05:39
ni,40,ni_40,,2,14,14,14,sa,True,0,0.0,/home/rjaffray/projects/jaffray-masc-fhops-model/data/output/ni_40_sub14_lock14_sa_20260301_200539.json,/home/rjaffray/projects/jaffray-masc-fhops-model/data/output/ni_40_sub14_lock14_sa_20260301_200539_assignments.csv,/home/rjaffray/projects/jaffray-masc-fhops-model/data/output/stdout/ni_40_sub14_lock14_sa_20260301_200539.out.txt,/home/rjaffray/projects/jaffray-masc-fhops-model/data/output/stderr/ni_40_sub14_lock14_sa_20260301_200539.err.txt,2026-03-01 20:05:39
ni,40,ni_40,,4,28,1,28,mip,True,0,0.0,/home/rjaffray/projects/jaffray-masc-fhops-model/data/output/ni_40_sub28_lock1_mip_20260301_200539.json,/home/rjaffray/projects/jaffray-masc-fhops-model/data/output/ni_40_sub28_lock1_mip_20260301_200539_assignments.csv,/home/rjaffray/projects/jaffray-masc-fhops-model/data/output/stdout/ni_40_sub28_lock1_mip_20260301_200539.out.txt,/home/rjaffray/projects/jaffray-masc-fhops-model/data/output/stderr/ni_40_sub28_lock1_mip_20260301_200539.err.txt,2026-03-01 20:05:39
ni,40,ni_40,,4,28,1,28,sa,True,0,0.0,/home/rjaffray/projects/jaffray-masc-fhops-model/data/output/ni_40_sub28_lock1_sa_20260301_200539.json,/home/rjaffray/projects/jaffray-masc-fhops-model/data/output/ni_40_sub28_lock1_sa_20260301_200539_assignments.csv,/home/rjaffray/projects/jaffray-masc-fhops-model/data/output/stdout/ni_40_sub28_lock1_sa_20260301_200539.out.txt,/home/rjaffray/projects/jaffray-masc-fhops-model/data/output/stderr/ni_40_sub28_lock1_sa_20260301_200539.err.txt,2026-03-01 20:05:39
ni,40,ni_40,,4,28,7,28,mip,True,0,0.0,/home/rjaffray/projects/jaffray-masc-fhops-model/data/output/ni_40_sub28_lock7_mip_20260301_200539.json,/home/rjaffray/projects/jaffray-masc-fhops-model/data/output/ni_40_sub28_lock7_mip_20260301_200539_assignments.csv,/home/rjaffray/projects/jaffray-masc-fhops-model/data/output/stdout/ni_40_sub28_lock7_mip_20260301_200539.out.txt,/home/rjaffray/projects/jaffray-masc-fhops-model/data/output/stderr/ni_40_sub28_lock7_mip_20260301_200539.err.txt,2026-03-01 20:05:39
ni,40,ni_40,,4,28,7,28,sa,True,0,0.0,/home/rjaffray/projects/jaffray-masc-fhops-model/data/output/ni_40_sub28_lock7_sa_20260301_200539.json,/home/rjaffray/projects/jaffray-masc-fhops-model/data/output/ni_40_sub28_lock7_sa_20260301_200539_assignments.csv,/home/rjaffray/projects/jaffray-masc-fhops-model/data/output/stdout/ni_40_sub28_lock7_sa_20260301_200539.out.txt,/home/rjaffray/projects/jaffray-masc-fhops-model/data/output/stderr/ni_40_sub28_lock7_sa_20260301_200539.err.txt,2026-03-01 20:05:39
ni,40,ni_40,,4,28,14,28,mip,True,0,0.0,/home/rjaffray/projects/jaffray-masc-fhops-model/data/output/ni_40_sub28_lock14_mip_20260301_200539.json,/home/rjaffray/projects/jaffray-masc-fhops-model/data/output/ni_40_sub28_lock14_mip_20260301_200539_assignments.csv,/home/rjaffray/projects/jaffray-masc-fhops-model/data/output/stdout/ni_40_sub28_lock14_mip_20260301_200539.out.txt,/home/rjaffray/projects/jaffray-masc-fhops-model/data/output/stderr/ni_40_sub28_lock14_mip_20260301_200539.err.txt,2026-03-01 20:05:39
ni,40,ni_40,,4,28,14,28,sa,True,0,0.0,/home/rjaffray/projects/jaffray-masc-fhops-model/data/output/ni_40_sub28_lock14_sa_20260301_200539.json,/home/rjaffray/projects/jaffray-masc-fhops-model/data/output/ni_40_sub28_lock14_sa_20260301_200539_assignments.csv,/home/rjaffray/projects/jaffray-masc-fhops-model/data/output/stdout/ni_40_sub28_lock14_sa_20260301_200539.out.txt,/home/rjaffray/projects/jaffray-masc-fhops-model/data/output/stderr/ni_40_sub28_lock14_sa_20260301_200539.err.txt,2026-03-01 20:05:39
ni,40,ni_40,,8,56,1,56,mip,True,0,0.0,/home/rjaffray/projects/jaffray-masc-fhops-model/data/output/ni_40_sub56_lock1_mip_20260301_200539.json,/home/rjaffray/projects/jaffray-masc-fhops-model/data/output/ni_40_sub56_lock1_mip_20260301_200539_assignments.csv,/home/rjaffray/projects/jaffray-masc-fhops-model/data/output/stdout/ni_40_sub56_lock1_mip_20260301_200539.out.txt,/home/rjaffray/projects/jaffray-masc-fhops-model/data/output/stderr/ni_40_sub56_lock1_mip_20260301_200539.err.txt,2026-03-01 20:05:39
ni,40,ni_40,,8,56,1,56,sa,True,0,0.0,/home/rjaffray/projects/jaffray-masc-fhops-model/data/output/ni_40_sub56_lock1_sa_20260301_200539.json,/home/rjaffray/projects/jaffray-masc-fhops-model/data/output/ni_40_sub56_lock1_sa_20260301_200539_assignments.csv,/home/rjaffray/projects/jaffray-masc-fhops-model/data/output/stdout/ni_40_sub56_lock1_sa_20260301_200539.out.txt,/home/rjaffray/projects/jaffray-masc-fhops-model/data/output/stderr/ni_40_sub56_lock1_sa_20260301_200539.err.txt,2026-03-01 20:05:39
ni,40,ni_40,,8,56,7,56,mip,True,0,0.0,/home/rjaffray/projects/jaffray-masc-fhops-model/data/output/ni_40_sub56_lock7_mip_20260301_200539.json,/home/rjaffray/projects/jaffray-masc-fhops-model/data/output/ni_40_sub56_lock7_mip_20260301_200539_assignments.csv,/home/rjaffray/projects/jaffray-masc-fhops-model/data/output/stdout/ni_40_sub56_lock7_mip_20260301_200539.out.txt,/home/rjaffray/projects/jaffray-masc-fhops-model/data/output/stderr/ni_40_sub56_lock7_mip_20260301_200539.err.txt,2026-03-01 20:05:39
ni,40,ni_40,,8,56,7,56,sa,True,0,0.0,/home/rjaffray/projects/jaffray-masc-fhops-model/data/output/ni_40_sub56_lock7_sa_20260301_200539.json,/home/rjaffray/projects/jaffray-masc-fhops-model/data/output/ni_40_sub56_lock7_sa_20260301_200539_assignments.csv,/home/rjaffray/projects/jaffray-masc-fhops-model/data/output/stdout/ni_40_sub56_lock7_sa_20260301_200539.out.txt,/home/rjaffray/projects/jaffray-masc-fhops-model/data/output/stderr/ni_40_sub56_lock7_sa_20260301_200539.err.txt,2026-03-01 20:05:39
ni,40,ni_40,,8,56,14,56,mip,True,0,0.0,/home/rjaffray/projects/jaffray-masc-fhops-model/data/output/ni_40_sub56_lock14_mip_20260301_200539.json,/home/rjaffray/projects/jaffray-masc-fhops-model/data/output/ni_40_sub56_lock14_mip_20260301_200539_assignments.csv,/home/rjaffray/projects/jaffray-masc-fhops-model/data/output/stdout/ni_40_sub56_lock14_mip_20260301_200539.out.txt,/home/rjaffray/projects/jaffray-masc-fhops-model/data/output/stderr/ni_40_sub56_lock14_mip_20260301_200539.err.txt,2026-03-01 20:05:39
ni,40,ni_40,,8,56,14,56,sa,True,0,0.0,/home/rjaffray/projects/jaffray-masc-fhops-model/data/output/ni_40_sub56_lock14_sa_20260301_200539.json,/home/rjaffray/projects/jaffray-masc-fhops-model/data/output/ni_40_sub56_lock14_sa_20260301_200539_assignments.csv,/home/rjaffray/projects/jaffray-masc-fhops-model/data/output/stdout/ni_40_sub56_lock14_sa_20260301_200539.out.txt,/home/rjaffray/projects/jaffray-masc-fhops-model/data/output/stderr/ni_40_sub56_lock14_sa_20260301_200539.err.txt,2026-03-01 20:05:39
ni,40,ni_40,,16,112,1,112,mip,True,0,0.0,/home/rjaffray/projects/jaffray-masc-fhops-model/data/output/ni_40_sub112_lock1_mip_20260301_200539.json,/home/rjaffray/projects/jaffray-masc-fhops-model/data/output/ni_40_sub112_lock1_mip_20260301_200539_assignments.csv,/home/rjaffray/projects/jaffray-masc-fhops-model/data/output/stdout/ni_40_sub112_lock1_mip_20260301_200539.out.txt,/home/rjaffray/projects/jaffray-masc-fhops-model/data/output/stderr/ni_40_sub112_lock1_mip_20260301_200539.err.txt,2026-03-01 20:05:39
ni,40,ni_40,,16,112,1,112,sa,True,0,0.0,/home/rjaffray/projects/jaffray-masc-fhops-model/data/output/ni_40_sub112_lock1_sa_20260301_200539.json,/home/rjaffray/projects/jaffray-masc-fhops-model/data/output/ni_40_sub112_lock1_sa_20260301_200539_assignments.csv,/home/rjaffray/projects/jaffray-masc-fhops-model/data/output/stdout/ni_40_sub112_lock1_sa_20260301_200539.out.txt,/home/rjaffray/projects/jaffray-masc-fhops-model/data/output/stderr/ni_40_sub112_lock1_sa_20260301_200539.err.txt,2026-03-01 20:05:39
ni,40,ni_40,,16,112,7,112,mip,True,0,0.0,/home/rjaffray/projects/jaffray-masc-fhops-model/data/output/ni_40_sub112_lock7_mip_20260301_200539.json,/home/rjaffray/projects/jaffray-masc-fhops-model/data/output/ni_40_sub112_lock7_mip_20260301_200539_assignments.csv,/home/rjaffray/projects/jaffray-masc-fhops-model/data/output/stdout/ni_40_sub112_lock7_mip_20260301_200539.out.txt,/home/rjaffray/projects/jaffray-masc-fhops-model/data/output/stderr/ni_40_sub112_lock7_mip_20260301_200539.err.txt,2026-03-01 20:05:39
ni,40,ni_40,,16,112,7,112,sa,True,0,0.0,/home/rjaffray/projects/jaffray-masc-fhops-model/data/output/ni_40_sub112_lock7_sa_20260301_200539.json,/home/rjaffray/projects/jaffray-masc-fhops-model/data/output/ni_40_sub112_lock7_sa_20260301_200539_assignments.csv,/home/rjaffray/projects/jaffray-masc-fhops-model/data/output/stdout/ni_40_sub112_lock7_sa_20260301_200539.out.txt,/home/rjaffray/projects/jaffray-masc-fhops-model/data/output/stderr/ni_40_sub112_lock7_sa_20260301_200539.err.txt,2026-03-01 20:05:39
ni,40,ni_40,,16,112,14,112,mip,True,0,0.0,/home/rjaffray/projects/jaffray-masc-fhops-model/data/output/ni_40_sub112_lock14_mip_20260301_200539.json,/home/rjaffray/projects/jaffray-masc-fhops-model/data/output/ni_40_sub112_lock14_mip_20260301_200539_assignments.csv,/home/rjaffray/projects/jaffray-masc-fhops-model/data/output/stdout/ni_40_sub112_lock14_mip_20260301_200539.out.txt,/home/rjaffray/projects/jaffray-masc-fhops-model/data/output/stderr/ni_40_sub112_lock14_mip_20260301_200539.err.txt,2026-03-01 20:05:39
ni,40,ni_40,,16,112,14,112,sa,True,0,0.0,/home/rjaffray/projects/jaffray-masc-fhops-model/data/output/ni_40_sub112_lock14_sa_20260301_200539.json,/home/rjaffray/projects/jaffray-masc-fhops-model/data/output/ni_40_sub112_lock14_sa_20260301_200539_assignments.csv,/home/rjaffray/projects/jaffray-masc-fhops-model/data/output/stdout/ni_40_sub112_lock14_sa_20260301_200539.out.txt,/home/rjaffray/projects/jaffray-masc-fhops-model/data/output/stderr/ni_40_sub112_lock14_sa_20260301_200539.err.txt,2026-03-01 20:05:39
pg,6,pg_6,,2,14,1,14,mip,True,0,3667.201,/home/rjaffray/projects/jaffray-masc-fhops-model/data/output/pg_6_sub14_lock1_mip_20260301_200611.json,/home/rjaffray/projects/jaffray-masc-fhops-model/data/output/pg_6_sub14_lock1_mip_20260301_200611_assignments.csv,/home/rjaffray/projects/jaffray-masc-fhops-model/data/output/stdout/pg_6_sub14_lock1_mip_20260301_200611.out.txt,/home/rjaffray/projects/jaffray-masc-fhops-model/data/output/stderr/pg_6_sub14_lock1_mip_20260301_200611.err.txt,2026-03-01 21:07:18
pg,6,pg_6,,2,14,1,14,sa,True,0,136.873,/home/rjaffray/projects/jaffray-masc-fhops-model/data/output/pg_6_sub14_lock1_sa_20260301_200611.json,/home/rjaffray/projects/jaffray-masc-fhops-model/data/output/pg_6_sub14_lock1_sa_20260301_200611_assignments.csv,/home/rjaffray/projects/jaffray-masc-fhops-model/data/output/stdout/pg_6_sub14_lock1_sa_20260301_200611.out.txt,/home/rjaffray/projects/jaffray-masc-fhops-model/data/output/stderr/pg_6_sub14_lock1_sa_20260301_200611.err.txt,2026-03-01 21:09:35
pg,6,pg_6,,2,14,7,14,mip,True,0,1982.834,/home/rjaffray/projects/jaffray-masc-fhops-model/data/output/pg_6_sub14_lock7_mip_20260301_210935.json,/home/rjaffray/projects/jaffray-masc-fhops-model/data/output/pg_6_sub14_lock7_mip_20260301_210935_assignments.csv,/home/rjaffray/projects/jaffray-masc-fhops-model/data/output/stdout/pg_6_sub14_lock7_mip_20260301_210935.out.txt,/home/rjaffray/projects/jaffray-masc-fhops-model/data/output/stderr/pg_6_sub14_lock7_mip_20260301_210935.err.txt,2026-03-01 21:42:38
pg,6,pg_6,,2,14,7,14,sa,True,0,28.453,/home/rjaffray/projects/jaffray-masc-fhops-model/data/output/pg_6_sub14_lock7_sa_20260301_210935.json,/home/rjaffray/projects/jaffray-masc-fhops-model/data/output/pg_6_sub14_lock7_sa_20260301_210935_assignments.csv,/home/rjaffray/projects/jaffray-masc-fhops-model/data/output/stdout/pg_6_sub14_lock7_sa_20260301_210935.out.txt,/home/rjaffray/projects/jaffray-masc-fhops-model/data/output/stderr/pg_6_sub14_lock7_sa_20260301_210935.err.txt,2026-03-01 21:43:07
pg,6,pg_6,,2,14,14,14,mip,True,0,1803.625,/home/rjaffray/projects/jaffray-masc-fhops-model/data/output/pg_6_sub14_lock14_mip_20260301_214307.json,/home/rjaffray/projects/jaffray-masc-fhops-model/data/output/pg_6_sub14_lock14_mip_20260301_214307_assignments.csv,/home/rjaffray/projects/jaffray-masc-fhops-model/data/output/stdout/pg_6_sub14_lock14_mip_20260301_214307.out.txt,/home/rjaffray/projects/jaffray-masc-fhops-model/data/output/stderr/pg_6_sub14_lock14_mip_20260301_214307.err.txt,2026-03-01 22:13:10
pg,6,pg_6,,2,14,14,14,sa,True,0,18.691,/home/rjaffray/projects/jaffray-masc-fhops-model/data/output/pg_6_sub14_lock14_sa_20260301_214307.json,/home/rjaffray/projects/jaffray-masc-fhops-model/data/output/pg_6_sub14_lock14_sa_20260301_214307_assignments.csv,/home/rjaffray/projects/jaffray-masc-fhops-model/data/output/stdout/pg_6_sub14_lock14_sa_20260301_214307.out.txt,/home/rjaffray/projects/jaffray-masc-fhops-model/data/output/stderr/pg_6_sub14_lock14_sa_20260301_214307.err.txt,2026-03-01 22:13:29
pg,6,pg_6,,4,28,1,28,mip,True,0,28919.434,/home/rjaffray/projects/jaffray-masc-fhops-model/data/output/pg_6_sub28_lock1_mip_20260301_221329.json,/home/rjaffray/projects/jaffray-masc-fhops-model/data/output/pg_6_sub28_lock1_mip_20260301_221329_assignments.csv,/home/rjaffray/projects/jaffray-masc-fhops-model/data/output/stdout/pg_6_sub28_lock1_mip_20260301_221329.out.txt,/home/rjaffray/projects/jaffray-masc-fhops-model/data/output/stderr/pg_6_sub28_lock1_mip_20260301_221329.err.txt,2026-03-02 06:15:28
pg,6,pg_6,,4,28,1,28,sa,True,0,490.684,/home/rjaffray/projects/jaffray-masc-fhops-model/data/output/pg_6_sub28_lock1_sa_20260301_221329.json,/home/rjaffray/projects/jaffray-masc-fhops-model/data/output/pg_6_sub28_lock1_sa_20260301_221329_assignments.csv,/home/rjaffray/projects/jaffray-masc-fhops-model/data/output/stdout/pg_6_sub28_lock1_sa_20260301_221329.out.txt,/home/rjaffray/projects/jaffray-masc-fhops-model/data/output/stderr/pg_6_sub28_lock1_sa_20260301_221329.err.txt,2026-03-02 06:23:39
pg,6,pg_6,,4,28,7,28,mip,True,0,5591.565,/home/rjaffray/projects/jaffray-masc-fhops-model/data/output/pg_6_sub28_lock7_mip_20260302_062339.json,/home/rjaffray/projects/jaffray-masc-fhops-model/data/output/pg_6_sub28_lock7_mip_20260302_062339_assignments.csv,/home/rjaffray/projects/jaffray-masc-fhops-model/data/output/stdout/pg_6_sub28_lock7_mip_20260302_062339.out.txt,/home/rjaffray/projects/jaffray-masc-fhops-model/data/output/stderr/pg_6_sub28_lock7_mip_20260302_062339.err.txt,2026-03-02 07:56:51
pg,6,pg_6,,4,28,7,28,sa,True,0,84.883,/home/rjaffray/projects/jaffray-masc-fhops-model/data/output/pg_6_sub28_lock7_sa_20260302_062339.json,/home/rjaffray/projects/jaffray-masc-fhops-model/data/output/pg_6_sub28_lock7_sa_20260302_062339_assignments.csv,/home/rjaffray/projects/jaffray-masc-fhops-model/data/output/stdout/pg_6_sub28_lock7_sa_20260302_062339.out.txt,/home/rjaffray/projects/jaffray-masc-fhops-model/data/output/stderr/pg_6_sub28_lock7_sa_20260302_062339.err.txt,2026-03-02 07:58:16
pg,6,pg_6,,4,28,14,28,mip,True,0,3608.981,/home/rjaffray/projects/jaffray-masc-fhops-model/data/output/pg_6_sub28_lock14_mip_20260302_075816.json,/home/rjaffray/projects/jaffray-masc-fhops-model/data/output/pg_6_sub28_lock14_mip_20260302_075816_assignments.csv,/home/rjaffray/projects/jaffray-masc-fhops-model/data/output/stdout/pg_6_sub28_lock14_mip_20260302_075816.out.txt,/home/rjaffray/projects/jaffray-masc-fhops-model/data/output/stderr/pg_6_sub28_lock14_mip_20260302_075816.err.txt,2026-03-02 08:58:24
pg,6,pg_6,,4,28,14,28,sa,True,0,50.043,/home/rjaffray/projects/jaffray-masc-fhops-model/data/output/pg_6_sub28_lock14_sa_20260302_075816.json,/home/rjaffray/projects/jaffray-masc-fhops-model/data/output/pg_6_sub28_lock14_sa_20260302_075816_assignments.csv,/home/rjaffray/projects/jaffray-masc-fhops-model/data/output/stdout/pg_6_sub28_lock14_sa_20260302_075816.out.txt,/home/rjaffray/projects/jaffray-masc-fhops-model/data/output/stderr/pg_6_sub28_lock14_sa_20260302_075816.err.txt,2026-03-02 08:59:15
pg,6,pg_6,,8,56,1,56,mip,True,0,75318.813,/home/rjaffray/projects/jaffray-masc-fhops-model/data/output/pg_6_sub56_lock1_mip_20260302_085915.json,/home/rjaffray/projects/jaffray-masc-fhops-model/data/output/pg_6_sub56_lock1_mip_20260302_085915_assignments.csv,/home/rjaffray/projects/jaffray-masc-fhops-model/data/output/stdout/pg_6_sub56_lock1_mip_20260302_085915.out.txt,/home/rjaffray/projects/jaffray-masc-fhops-model/data/output/stderr/pg_6_sub56_lock1_mip_20260302_085915.err.txt,2026-03-03 05:54:33
pg,6,pg_6,,8,56,1,56,sa,True,0,1738.25,/home/rjaffray/projects/jaffray-masc-fhops-model/data/output/pg_6_sub56_lock1_sa_20260302_085915.json,/home/rjaffray/projects/jaffray-masc-fhops-model/data/output/pg_6_sub56_lock1_sa_20260302_085915_assignments.csv,/home/rjaffray/projects/jaffray-masc-fhops-model/data/output/stdout/pg_6_sub56_lock1_sa_20260302_085915.out.txt,/home/rjaffray/projects/jaffray-masc-fhops-model/data/output/stderr/pg_6_sub56_lock1_sa_20260302_085915.err.txt,2026-03-03 06:23:32
pg,6,pg_6,,8,56,7,56,mip,True,0,12037.221,/home/rjaffray/projects/jaffray-masc-fhops-model/data/output/pg_6_sub56_lock7_mip_20260303_062332.json,/home/rjaffray/projects/jaffray-masc-fhops-model/data/output/pg_6_sub56_lock7_mip_20260303_062332_assignments.csv,/home/rjaffray/projects/jaffray-masc-fhops-model/data/output/stdout/pg_6_sub56_lock7_mip_20260303_062332.out.txt,/home/rjaffray/projects/jaffray-masc-fhops-model/data/output/stderr/pg_6_sub56_lock7_mip_20260303_062332.err.txt,2026-03-03 09:44:09
pg,6,pg_6,,8,56,7,56,sa,True,0,270.452,/home/rjaffray/projects/jaffray-masc-fhops-model/data/output/pg_6_sub56_lock7_sa_20260303_062332.json,/home/rjaffray/projects/jaffray-masc-fhops-model/data/output/pg_6_sub56_lock7_sa_20260303_062332_assignments.csv,/home/rjaffray/projects/jaffray-masc-fhops-model/data/output/stdout/pg_6_sub56_lock7_sa_20260303_062332.out.txt,/home/rjaffray/projects/jaffray-masc-fhops-model/data/output/stderr/pg_6_sub56_lock7_sa_20260303_062332.err.txt,2026-03-03 09:48:39
pg,6,pg_6,,8,56,14,56,mip,True,0,6422.175,/home/rjaffray/projects/jaffray-masc-fhops-model/data/output/pg_6_sub56_lock14_mip_20260303_094839.json,/home/rjaffray/projects/jaffray-masc-fhops-model/data/output/pg_6_sub56_lock14_mip_20260303_094839_assignments.csv,/home/rjaffray/projects/jaffray-masc-fhops-model/data/output/stdout/pg_6_sub56_lock14_mip_20260303_094839.out.txt,/home/rjaffray/projects/jaffray-masc-fhops-model/data/output/stderr/pg_6_sub56_lock14_mip_20260303_094839.err.txt,2026-03-03 11:35:41
pg,6,pg_6,,8,56,14,56,sa,True,0,147.269,/home/rjaffray/projects/jaffray-masc-fhops-model/data/output/pg_6_sub56_lock14_sa_20260303_094839.json,/home/rjaffray/projects/jaffray-masc-fhops-model/data/output/pg_6_sub56_lock14_sa_20260303_094839_assignments.csv,/home/rjaffray/projects/jaffray-masc-fhops-model/data/output/stdout/pg_6_sub56_lock14_sa_20260303_094839.out.txt,/home/rjaffray/projects/jaffray-masc-fhops-model/data/output/stderr/pg_6_sub56_lock14_sa_20260303_094839.err.txt,2026-03-03 11:38:09
ni,6,ni_6,,2,14,1,14,mip,True,0,1644.285,/home/rjaffray/projects/jaffray-masc-fhops-model/data/output/ni_6_sub14_lock1_mip_20260304_031521.json,/home/rjaffray/projects/jaffray-masc-fhops-model/data/output/ni_6_sub14_lock1_mip_20260304_031521_assignments.csv,/home/rjaffray/projects/jaffray-masc-fhops-model/data/output/stdout/ni_6_sub14_lock1_mip_20260304_031521.out.txt,/home/rjaffray/projects/jaffray-masc-fhops-model/data/output/stderr/ni_6_sub14_lock1_mip_20260304_031521.err.txt,2026-03-04 03:42:45
ni,6,ni_6,,2,14,1,14,sa,True,0,149.716,/home/rjaffray/projects/jaffray-masc-fhops-model/data/output/ni_6_sub14_lock1_sa_20260304_031521.json,/home/rjaffray/projects/jaffray-masc-fhops-model/data/output/ni_6_sub14_lock1_sa_20260304_031521_assignments.csv,/home/rjaffray/projects/jaffray-masc-fhops-model/data/output/stdout/ni_6_sub14_lock1_sa_20260304_031521.out.txt,/home/rjaffray/projects/jaffray-masc-fhops-model/data/output/stderr/ni_6_sub14_lock1_sa_20260304_031521.err.txt,2026-03-04 03:45:15
ni,6,ni_6,,2,14,7,14,mip,True,0,334.761,/home/rjaffray/projects/jaffray-masc-fhops-model/data/output/ni_6_sub14_lock7_mip_20260304_034515.json,/home/rjaffray/projects/jaffray-masc-fhops-model/data/output/ni_6_sub14_lock7_mip_20260304_034515_assignments.csv,/home/rjaffray/projects/jaffray-masc-fhops-model/data/output/stdout/ni_6_sub14_lock7_mip_20260304_034515.out.txt,/home/rjaffray/projects/jaffray-masc-fhops-model/data/output/stderr/ni_6_sub14_lock7_mip_20260304_034515.err.txt,2026-03-04 03:50:49
ni,6,ni_6,,2,14,7,14,sa,True,0,32.691,/home/rjaffray/projects/jaffray-masc-fhops-model/data/output/ni_6_sub14_lock7_sa_20260304_034515.json,/home/rjaffray/projects/jaffray-masc-fhops-model/data/output/ni_6_sub14_lock7_sa_20260304_034515_assignments.csv,/home/rjaffray/projects/jaffray-masc-fhops-model/data/output/stdout/ni_6_sub14_lock7_sa_20260304_034515.out.txt,/home/rjaffray/projects/jaffray-masc-fhops-model/data/output/stderr/ni_6_sub14_lock7_sa_20260304_034515.err.txt,2026-03-04 03:51:22
ni,6,ni_6,,2,14,14,14,mip,True,0,200.942,/home/rjaffray/projects/jaffray-masc-fhops-model/data/output/ni_6_sub14_lock14_mip_20260304_035122.json,/home/rjaffray/projects/jaffray-masc-fhops-model/data/output/ni_6_sub14_lock14_mip_20260304_035122_assignments.csv,/home/rjaffray/projects/jaffray-masc-fhops-model/data/output/stdout/ni_6_sub14_lock14_mip_20260304_035122.out.txt,/home/rjaffray/projects/jaffray-masc-fhops-model/data/output/stderr/ni_6_sub14_lock14_mip_20260304_035122.err.txt,2026-03-04 03:54:43
ni,6,ni_6,,2,14,14,14,sa,True,0,22.991,/home/rjaffray/projects/jaffray-masc-fhops-model/data/output/ni_6_sub14_lock14_sa_20260304_035122.json,/home/rjaffray/projects/jaffray-masc-fhops-model/data/output/ni_6_sub14_lock14_sa_20260304_035122_assignments.csv,/home/rjaffray/projects/jaffray-masc-fhops-model/data/output/stdout/ni_6_sub14_lock14_sa_20260304_035122.out.txt,/home/rjaffray/projects/jaffray-masc-fhops-model/data/output/stderr/ni_6_sub14_lock14_sa_20260304_035122.err.txt,2026-03-04 03:55:06
ni,6,ni_6,,4,28,1,28,mip,True,0,24693.14,/home/rjaffray/projects/jaffray-masc-fhops-model/data/output/ni_6_sub28_lock1_mip_20260304_035506.json,/home/rjaffray/projects/jaffray-masc-fhops-model/data/output/ni_6_sub28_lock1_mip_20260304_035506_assignments.csv,/home/rjaffray/projects/jaffray-masc-fhops-model/data/output/stdout/ni_6_sub28_lock1_mip_20260304_035506.out.txt,/home/rjaffray/projects/jaffray-masc-fhops-model/data/output/stderr/ni_6_sub28_lock1_mip_20260304_035506.err.txt,2026-03-04 10:46:39
ni,6,ni_6,,4,28,1,28,sa,True,0,697.557,/home/rjaffray/projects/jaffray-masc-fhops-model/data/output/ni_6_sub28_lock1_sa_20260304_035506.json,/home/rjaffray/projects/jaffray-masc-fhops-model/data/output/ni_6_sub28_lock1_sa_20260304_035506_assignments.csv,/home/rjaffray/projects/jaffray-masc-fhops-model/data/output/stdout/ni_6_sub28_lock1_sa_20260304_035506.out.txt,/home/rjaffray/projects/jaffray-masc-fhops-model/data/output/stderr/ni_6_sub28_lock1_sa_20260304_035506.err.txt,2026-03-04 10:58:17
ni,6,ni_6,,4,28,7,28,mip,True,0,3938.914,/home/rjaffray/projects/jaffray-masc-fhops-model/data/output/ni_6_sub28_lock7_mip_20260304_105817.json,/home/rjaffray/projects/jaffray-masc-fhops-model/data/output/ni_6_sub28_lock7_mip_20260304_105817_assignments.csv,/home/rjaffray/projects/jaffray-masc-fhops-model/data/output/stdout/ni_6_sub28_lock7_mip_20260304_105817.out.txt,/home/rjaffray/projects/jaffray-masc-fhops-model/data/output/stderr/ni_6_sub28_lock7_mip_20260304_105817.err.txt,2026-03-04 12:03:56
ni,6,ni_6,,4,28,7,28,sa,True,0,128.886,/home/rjaffray/projects/jaffray-masc-fhops-model/data/output/ni_6_sub28_lock7_sa_20260304_105817.json,/home/rjaffray/projects/jaffray-masc-fhops-model/data/output/ni_6_sub28_lock7_sa_20260304_105817_assignments.csv,/home/rjaffray/projects/jaffray-masc-fhops-model/data/output/stdout/ni_6_sub28_lock7_sa_20260304_105817.out.txt,/home/rjaffray/projects/jaffray-masc-fhops-model/data/output/stderr/ni_6_sub28_lock7_sa_20260304_105817.err.txt,2026-03-04 12:06:05
ni,6,ni_6,,4,28,14,28,mip,True,0,2002.603,/home/rjaffray/projects/jaffray-masc-fhops-model/data/output/ni_6_sub28_lock14_mip_20260304_120605.json,/home/rjaffray/projects/jaffray-masc-fhops-model/data/output/ni_6_sub28_lock14_mip_20260304_120605_assignments.csv,/home/rjaffray/projects/jaffray-masc-fhops-model/data/output/stdout/ni_6_sub28_lock14_mip_20260304_120605.out.txt,/home/rjaffray/projects/jaffray-masc-fhops-model/data/output/stderr/ni_6_sub28_lock14_mip_20260304_120605.err.txt,2026-03-04 12:39:27
ni,6,ni_6,,4,28,14,28,sa,True,0,78.921,/home/rjaffray/projects/jaffray-masc-fhops-model/data/output/ni_6_sub28_lock14_sa_20260304_120605.json,/home/rjaffray/projects/jaffray-masc-fhops-model/data/output/ni_6_sub28_lock14_sa_20260304_120605_assignments.csv,/home/rjaffray/projects/jaffray-masc-fhops-model/data/output/stdout/ni_6_sub28_lock14_sa_20260304_120605.out.txt,/home/rjaffray/projects/jaffray-masc-fhops-model/data/output/stderr/ni_6_sub28_lock14_sa_20260304_120605.err.txt,2026-03-04 12:40:46
pg,6,pg_6,,16,112,1,112,mip,True,0,106765.511,/home/rjaffray/projects/jaffray-masc-fhops-model/data/output/pg_6_sub112_lock1_mip_20260303_113809.json,/home/rjaffray/projects/jaffray-masc-fhops-model/data/output/pg_6_sub112_lock1_mip_20260303_113809_assignments.csv,/home/rjaffray/projects/jaffray-masc-fhops-model/data/output/stdout/pg_6_sub112_lock1_mip_20260303_113809.out.txt,/home/rjaffray/projects/jaffray-masc-fhops-model/data/output/stderr/pg_6_sub112_lock1_mip_20260303_113809.err.txt,2026-03-04 17:17:34
pg,6,pg_6,,16,112,1,112,sa,True,0,5031.63,/home/rjaffray/projects/jaffray-masc-fhops-model/data/output/pg_6_sub112_lock1_sa_20260303_113809.json,/home/rjaffray/projects/jaffray-masc-fhops-model/data/output/pg_6_sub112_lock1_sa_20260303_113809_assignments.csv,/home/rjaffray/projects/jaffray-masc-fhops-model/data/output/stdout/pg_6_sub112_lock1_sa_20260303_113809.out.txt,/home/rjaffray/projects/jaffray-masc-fhops-model/data/output/stderr/pg_6_sub112_lock1_sa_20260303_113809.err.txt,2026-03-04 18:41:26
ka,6,2,14,7,mip,True,0,616.721,,,,,,,,,,2026-03-04T23:11:57.660508
ka,6,2,14,7,sa,True,0,19.247,,,,,,,,,,2026-03-04T23:12:16.908429
pg,6,pg_6,,16,112,7,112,mip,True,0,17004.158,/home/rjaffray/projects/jaffray-masc-fhops-model/data/output/pg_6_sub112_lock7_mip_20260304_184126.json,/home/rjaffray/projects/jaffray-masc-fhops-model/data/output/pg_6_sub112_lock7_mip_20260304_184126_assignments.csv,/home/rjaffray/projects/jaffray-masc-fhops-model/data/output/stdout/pg_6_sub112_lock7_mip_20260304_184126.out.txt,/home/rjaffray/projects/jaffray-masc-fhops-model/data/output/stderr/pg_6_sub112_lock7_mip_20260304_184126.err.txt,2026-03-04 23:24:50
pg,6,pg_6,,16,112,7,112,sa,True,0,807.508,/home/rjaffray/projects/jaffray-masc-fhops-model/data/output/pg_6_sub112_lock7_sa_20260304_184126.json,/home/rjaffray/projects/jaffray-masc-fhops-model/data/output/pg_6_sub112_lock7_sa_20260304_184126_assignments.csv,/home/rjaffray/projects/jaffray-masc-fhops-model/data/output/stdout/pg_6_sub112_lock7_sa_20260304_184126.out.txt,/home/rjaffray/projects/jaffray-masc-fhops-model/data/output/stderr/pg_6_sub112_lock7_sa_20260304_184126.err.txt,2026-03-04 23:38:18
ka,6,4,28,7,mip,True,0,1826.354,,,,,,,,,,2026-03-04T23:42:43.263403
ka,6,4,28,7,sa,True,0,52.313,,,,,,,,,,2026-03-04T23:43:35.577811
ka,6,8,56,7,mip,True,0,3410.652,,,,,,,,,,2026-03-05T00:40:26.230915
ka,6,8,56,7,sa,True,0,135.252,,,,,,,,,,2026-03-05T00:42:41.483811
ka,6,ka_6,,2,14,1,14,mip,True,0,7294.038,/home/rjaffray/projects/jaffray-masc-fhops-model/data/output/ka_6_sub14_lock1_mip_20260304_225259.json,/home/rjaffray/projects/jaffray-masc-fhops-model/data/output/ka_6_sub14_lock1_mip_20260304_225259_assignments.csv,/home/rjaffray/projects/jaffray-masc-fhops-model/data/output/stdout/ka_6_sub14_lock1_mip_20260304_225259.out.txt,/home/rjaffray/projects/jaffray-masc-fhops-model/data/output/stderr/ka_6_sub14_lock1_mip_20260304_225259.err.txt,2026-03-05 00:54:33
ka,6,ka_6,,2,14,1,14,sa,True,0,150.192,/home/rjaffray/projects/jaffray-masc-fhops-model/data/output/ka_6_sub14_lock1_sa_20260304_225259.json,/home/rjaffray/projects/jaffray-masc-fhops-model/data/output/ka_6_sub14_lock1_sa_20260304_225259_assignments.csv,/home/rjaffray/projects/jaffray-masc-fhops-model/data/output/stdout/ka_6_sub14_lock1_sa_20260304_225259.out.txt,/home/rjaffray/projects/jaffray-masc-fhops-model/data/output/stderr/ka_6_sub14_lock1_sa_20260304_225259.err.txt,2026-03-05 00:57:03
ka,18,2,14,7,mip,True,0,1254.69,,,,,,,,,,2026-03-05T01:03:36.175144
ka,18,2,14,7,sa,True,0,63.958,,,,,,,,,,2026-03-05T01:04:40.134297
ka,6,ka_6,,2,14,7,14,mip,True,0,1816.494,/home/rjaffray/projects/jaffray-masc-fhops-model/data/output/ka_6_sub14_lock7_mip_20260305_005703.json,/home/rjaffray/projects/jaffray-masc-fhops-model/data/output/ka_6_sub14_lock7_mip_20260305_005703_assignments.csv,/home/rjaffray/projects/jaffray-masc-fhops-model/data/output/stdout/ka_6_sub14_lock7_mip_20260305_005703.out.txt,/home/rjaffray/projects/jaffray-masc-fhops-model/data/output/stderr/ka_6_sub14_lock7_mip_20260305_005703.err.txt,2026-03-05 01:27:19
ka,6,ka_6,,2,14,7,14,sa,True,0,30.563,/home/rjaffray/projects/jaffray-masc-fhops-model/data/output/ka_6_sub14_lock7_sa_20260305_005703.json,/home/rjaffray/projects/jaffray-masc-fhops-model/data/output/ka_6_sub14_lock7_sa_20260305_005703_assignments.csv,/home/rjaffray/projects/jaffray-masc-fhops-model/data/output/stdout/ka_6_sub14_lock7_sa_20260305_005703.out.txt,/home/rjaffray/projects/jaffray-masc-fhops-model/data/output/stderr/ka_6_sub14_lock7_sa_20260305_005703.err.txt,2026-03-05 01:27:50
ka,18,4,28,7,mip,True,0,2597.031,,,,,,,,,,2026-03-05T01:47:57.166446
ka,18,4,28,7,sa,True,0,195.413,,,,,,,,,,2026-03-05T01:51:12.580245
ka,6,ka_6,,2,14,14,14,mip,True,0,1804.044,/home/rjaffray/projects/jaffray-masc-fhops-model/data/output/ka_6_sub14_lock14_mip_20260305_012750.json,/home/rjaffray/projects/jaffray-masc-fhops-model/data/output/ka_6_sub14_lock14_mip_20260305_012750_assignments.csv,/home/rjaffray/projects/jaffray-masc-fhops-model/data/output/stdout/ka_6_sub14_lock14_mip_20260305_012750.out.txt,/home/rjaffray/projects/jaffray-masc-fhops-model/data/output/stderr/ka_6_sub14_lock14_mip_20260305_012750.err.txt,2026-03-05 01:57:54
ka,6,ka_6,,2,14,14,14,sa,True,0,21.516,/home/rjaffray/projects/jaffray-masc-fhops-model/data/output/ka_6_sub14_lock14_sa_20260305_012750.json,/home/rjaffray/projects/jaffray-masc-fhops-model/data/output/ka_6_sub14_lock14_sa_20260305_012750_assignments.csv,/home/rjaffray/projects/jaffray-masc-fhops-model/data/output/stdout/ka_6_sub14_lock14_sa_20260305_012750.out.txt,/home/rjaffray/projects/jaffray-masc-fhops-model/data/output/stderr/ka_6_sub14_lock14_sa_20260305_012750.err.txt,2026-03-05 01:58:16
pg,6,pg_6,,16,112,14,112,mip,True,0,9452.472,/home/rjaffray/projects/jaffray-masc-fhops-model/data/output/pg_6_sub112_lock14_mip_20260304_233818.json,/home/rjaffray/projects/jaffray-masc-fhops-model/data/output/pg_6_sub112_lock14_mip_20260304_233818_assignments.csv,/home/rjaffray/projects/jaffray-masc-fhops-model/data/output/stdout/pg_6_sub112_lock14_mip_20260304_233818.out.txt,/home/rjaffray/projects/jaffray-masc-fhops-model/data/output/stderr/pg_6_sub112_lock14_mip_20260304_233818.err.txt,2026-03-05 02:15:50
pg,6,pg_6,,16,112,14,112,sa,True,0,418.609,/home/rjaffray/projects/jaffray-masc-fhops-model/data/output/pg_6_sub112_lock14_sa_20260304_233818.json,/home/rjaffray/projects/jaffray-masc-fhops-model/data/output/pg_6_sub112_lock14_sa_20260304_233818_assignments.csv,/home/rjaffray/projects/jaffray-masc-fhops-model/data/output/stdout/pg_6_sub112_lock14_sa_20260304_233818.out.txt,/home/rjaffray/projects/jaffray-masc-fhops-model/data/output/stderr/pg_6_sub112_lock14_sa_20260304_233818.err.txt,2026-03-05 02:22:49
ka,18,8,56,7,mip,True,0,5518.21,,,,,,,,,,2026-03-05T03:23:10.791392
ka,18,8,56,7,sa,True,0,498.704,,,,,,,,,,2026-03-05T03:31:29.496026
ka,40,2,14,7,mip,True,0,1766.867,,,,,,,,,,2026-03-05T04:00:56.363836
ka,40,2,14,7,sa,True,0,229.334,,,,,,,,,,2026-03-05T04:04:45.698452
ka,40,4,28,7,mip,True,0,4328.666,,,,,,,,,,2026-03-05T05:16:54.365617
ka,40,4,28,7,sa,True,0,1191.336,,,,,,,,,,2026-03-05T05:36:45.702758
pg,18,pg_18,,2,14,1,14,mip,True,0,21979.8,/home/rjaffray/projects/jaffray-masc-fhops-model/data/output/pg_18_sub14_lock1_mip_20260305_022249.json,/home/rjaffray/projects/jaffray-masc-fhops-model/data/output/pg_18_sub14_lock1_mip_20260305_022249_assignments.csv,/home/rjaffray/projects/jaffray-masc-fhops-model/data/output/stdout/pg_18_sub14_lock1_mip_20260305_022249.out.txt,/home/rjaffray/projects/jaffray-masc-fhops-model/data/output/stderr/pg_18_sub14_lock1_mip_20260305_022249.err.txt,2026-03-05 08:29:08
pg,18,pg_18,,2,14,1,14,sa,True,0,441.261,/home/rjaffray/projects/jaffray-masc-fhops-model/data/output/pg_18_sub14_lock1_sa_20260305_022249.json,/home/rjaffray/projects/jaffray-masc-fhops-model/data/output/pg_18_sub14_lock1_sa_20260305_022249_assignments.csv,/home/rjaffray/projects/jaffray-masc-fhops-model/data/output/stdout/pg_18_sub14_lock1_sa_20260305_022249.out.txt,/home/rjaffray/projects/jaffray-masc-fhops-model/data/output/stderr/pg_18_sub14_lock1_sa_20260305_022249.err.txt,2026-03-05 08:36:30
ka,40,8,56,7,mip,True,0,12034.894,,,,,,,,,,2026-03-05T08:57:20.597568
pg,18,pg_18,,2,14,7,14,mip,True,0,3657.225,/home/rjaffray/projects/jaffray-masc-fhops-model/data/output/pg_18_sub14_lock7_mip_20260305_083630.json,/home/rjaffray/projects/jaffray-masc-fhops-model/data/output/pg_18_sub14_lock7_mip_20260305_083630_assignments.csv,/home/rjaffray/projects/jaffray-masc-fhops-model/data/output/stdout/pg_18_sub14_lock7_mip_20260305_083630.out.txt,/home/rjaffray/projects/jaffray-masc-fhops-model/data/output/stderr/pg_18_sub14_lock7_mip_20260305_083630.err.txt,2026-03-05 09:37:27
ni,6,ni_6,,8,56,1,56,mip,True,0,75472.958,/home/rjaffray/projects/jaffray-masc-fhops-model/data/output/ni_6_sub56_lock1_mip_20260304_124046.json,/home/rjaffray/projects/jaffray-masc-fhops-model/data/output/ni_6_sub56_lock1_mip_20260304_124046_assignments.csv,/home/rjaffray/projects/jaffray-masc-fhops-model/data/output/stdout/ni_6_sub56_lock1_mip_20260304_124046.out.txt,/home/rjaffray/projects/jaffray-masc-fhops-model/data/output/stderr/ni_6_sub56_lock1_mip_20260304_124046.err.txt,2026-03-05 09:38:39
pg,18,pg_18,,2,14,7,14,sa,True,0,90.458,/home/rjaffray/projects/jaffray-masc-fhops-model/data/output/pg_18_sub14_lock7_sa_20260305_083630.json,/home/rjaffray/projects/jaffray-masc-fhops-model/data/output/pg_18_sub14_lock7_sa_20260305_083630_assignments.csv,/home/rjaffray/projects/jaffray-masc-fhops-model/data/output/stdout/pg_18_sub14_lock7_sa_20260305_083630.out.txt,/home/rjaffray/projects/jaffray-masc-fhops-model/data/output/stderr/pg_18_sub14_lock7_sa_20260305_083630.err.txt,2026-03-05 09:38:57
pg,18,pg_18,,2,14,14,14,mip,True,0,1848.629,/home/rjaffray/projects/jaffray-masc-fhops-model/data/output/pg_18_sub14_lock14_mip_20260305_093857.json,/home/rjaffray/projects/jaffray-masc-fhops-model/data/output/pg_18_sub14_lock14_mip_20260305_093857_assignments.csv,/home/rjaffray/projects/jaffray-masc-fhops-model/data/output/stdout/pg_18_sub14_lock14_mip_20260305_093857.out.txt,/home/rjaffray/projects/jaffray-masc-fhops-model/data/output/stderr/pg_18_sub14_lock14_mip_20260305_093857.err.txt,2026-03-05 10:09:46
pg,18,pg_18,,2,14,14,14,sa,True,0,63.066,/home/rjaffray/projects/jaffray-masc-fhops-model/data/output/pg_18_sub14_lock14_sa_20260305_093857.json,/home/rjaffray/projects/jaffray-masc-fhops-model/data/output/pg_18_sub14_lock14_sa_20260305_093857_assignments.csv,/home/rjaffray/projects/jaffray-masc-fhops-model/data/output/stdout/pg_18_sub14_lock14_sa_20260305_093857.out.txt,/home/rjaffray/projects/jaffray-masc-fhops-model/data/output/stderr/pg_18_sub14_lock14_sa_20260305_093857.err.txt,2026-03-05 10:10:49
ka,6,ka_6,,4,28,1,28,mip,True,0,32007.059,/home/rjaffray/projects/jaffray-masc-fhops-model/data/output/ka_6_sub28_lock1_mip_20260305_015816.json,/home/rjaffray/projects/jaffray-masc-fhops-model/data/output/ka_6_sub28_lock1_mip_20260305_015816_assignments.csv,/home/rjaffray/projects/jaffray-masc-fhops-model/data/output/stdout/ka_6_sub28_lock1_mip_20260305_015816.out.txt,/home/rjaffray/projects/jaffray-masc-fhops-model/data/output/stderr/ka_6_sub28_lock1_mip_20260305_015816.err.txt,2026-03-05 10:51:43
ni,6,ni_6,,8,56,1,56,sa,True,0,4413.514,/home/rjaffray/projects/jaffray-masc-fhops-model/data/output/ni_6_sub56_lock1_sa_20260304_124046.json,/home/rjaffray/projects/jaffray-masc-fhops-model/data/output/ni_6_sub56_lock1_sa_20260304_124046_assignments.csv,/home/rjaffray/projects/jaffray-masc-fhops-model/data/output/stdout/ni_6_sub56_lock1_sa_20260304_124046.out.txt,/home/rjaffray/projects/jaffray-masc-fhops-model/data/output/stderr/ni_6_sub56_lock1_sa_20260304_124046.err.txt,2026-03-05 10:52:13
ka,40,8,56,7,sa,True,0,6939.518,,,,,,,,,,2026-03-05T10:53:00.116004
ni,6,2,14,7,mip,True,0,336.18,,,,,,,,,,2026-03-05T10:58:36.297185
ni,6,2,14,7,sa,True,0,19.809,,,,,,,,,,2026-03-05T10:58:56.106663
ka,6,ka_6,,4,28,1,28,sa,True,0,515.885,/home/rjaffray/projects/jaffray-masc-fhops-model/data/output/ka_6_sub28_lock1_sa_20260305_015816.json,/home/rjaffray/projects/jaffray-masc-fhops-model/data/output/ka_6_sub28_lock1_sa_20260305_015816_assignments.csv,/home/rjaffray/projects/jaffray-masc-fhops-model/data/output/stdout/ka_6_sub28_lock1_sa_20260305_015816.out.txt,/home/rjaffray/projects/jaffray-masc-fhops-model/data/output/stderr/ka_6_sub28_lock1_sa_20260305_015816.err.txt,2026-03-05 11:00:18
ni,6,4,28,7,mip,True,0,1545.972,,,,,,,,,,2026-03-05T11:24:42.079315
ni,6,4,28,7,sa,True,0,81.083,,,,,,,,,,2026-03-05T11:26:03.163619
ka,6,ka_6,,4,28,7,28,mip,True,0,5075.646,/home/rjaffray/projects/jaffray-masc-fhops-model/data/output/ka_6_sub28_lock7_mip_20260305_110018.json,/home/rjaffray/projects/jaffray-masc-fhops-model/data/output/ka_6_sub28_lock7_mip_20260305_110018_assignments.csv,/home/rjaffray/projects/jaffray-masc-fhops-model/data/output/stdout/ka_6_sub28_lock7_mip_20260305_110018.out.txt,/home/rjaffray/projects/jaffray-masc-fhops-model/data/output/stderr/ka_6_sub28_lock7_mip_20260305_110018.err.txt,2026-03-05 12:24:54
ka,6,ka_6,,4,28,7,28,sa,True,0,84.256,/home/rjaffray/projects/jaffray-masc-fhops-model/data/output/ka_6_sub28_lock7_sa_20260305_110018.json,/home/rjaffray/projects/jaffray-masc-fhops-model/data/output/ka_6_sub28_lock7_sa_20260305_110018_assignments.csv,/home/rjaffray/projects/jaffray-masc-fhops-model/data/output/stdout/ka_6_sub28_lock7_sa_20260305_110018.out.txt,/home/rjaffray/projects/jaffray-masc-fhops-model/data/output/stderr/ka_6_sub28_lock7_sa_20260305_110018.err.txt,2026-03-05 12:26:18
ni,6,8,56,7,mip,True,0,3980.904,,,,,,,,,,2026-03-05T12:32:24.068624
ni,6,8,56,7,sa,True,0,439.526,,,,,,,,,,2026-03-05T12:39:43.595670
ni,18,2,14,7,mip,True,0,1263.338,,,,,,,,,,2026-03-05T13:00:46.934825
ni,18,2,14,7,sa,True,0,55.291,,,,,,,,,,2026-03-05T13:01:42.226699
ka,6,ka_6,,4,28,14,28,mip,True,0,3250.952,/home/rjaffray/projects/jaffray-masc-fhops-model/data/output/ka_6_sub28_lock14_mip_20260305_122618.json,/home/rjaffray/projects/jaffray-masc-fhops-model/data/output/ka_6_sub28_lock14_mip_20260305_122618_assignments.csv,/home/rjaffray/projects/jaffray-masc-fhops-model/data/output/stdout/ka_6_sub28_lock14_mip_20260305_122618.out.txt,/home/rjaffray/projects/jaffray-masc-fhops-model/data/output/stderr/ka_6_sub28_lock14_mip_20260305_122618.err.txt,2026-03-05 13:20:29
ka,6,ka_6,,4,28,14,28,sa,True,0,53.67,/home/rjaffray/projects/jaffray-masc-fhops-model/data/output/ka_6_sub28_lock14_sa_20260305_122618.json,/home/rjaffray/projects/jaffray-masc-fhops-model/data/output/ka_6_sub28_lock14_sa_20260305_122618_assignments.csv,/home/rjaffray/projects/jaffray-masc-fhops-model/data/output/stdout/ka_6_sub28_lock14_sa_20260305_122618.out.txt,/home/rjaffray/projects/jaffray-masc-fhops-model/data/output/stderr/ka_6_sub28_lock14_sa_20260305_122618.err.txt,2026-03-05 13:21:23
ni,18,4,28,7,mip,True,0,2582.165,,,,,,,,,,2026-03-05T13:44:44.392434
ni,18,4,28,7,sa,True,0,236.928,,,,,,,,,,2026-03-05T13:48:41.320915
ni,6,ni_6,,8,56,7,56,mip,True,0,11180.503,/home/rjaffray/projects/jaffray-masc-fhops-model/data/output/ni_6_sub56_lock7_mip_20260305_105213.json,/home/rjaffray/projects/jaffray-masc-fhops-model/data/output/ni_6_sub56_lock7_mip_20260305_105213_assignments.csv,/home/rjaffray/projects/jaffray-masc-fhops-model/data/output/stdout/ni_6_sub56_lock7_mip_20260305_105213.out.txt,/home/rjaffray/projects/jaffray-masc-fhops-model/data/output/stderr/ni_6_sub56_lock7_mip_20260305_105213.err.txt,2026-03-05 13:58:33
ni,6,ni_6,,8,56,7,56,sa,True,0,759.566,/home/rjaffray/projects/jaffray-masc-fhops-model/data/output/ni_6_sub56_lock7_sa_20260305_105213.json,/home/rjaffray/projects/jaffray-masc-fhops-model/data/output/ni_6_sub56_lock7_sa_20260305_105213_assignments.csv,/home/rjaffray/projects/jaffray-masc-fhops-model/data/output/stdout/ni_6_sub56_lock7_sa_20260305_105213.out.txt,/home/rjaffray/projects/jaffray-masc-fhops-model/data/output/stderr/ni_6_sub56_lock7_sa_20260305_105213.err.txt,2026-03-05 14:11:13
ni,18,8,56,7,mip,True,0,5470.188,,,,,,,,,,2026-03-05T15:19:51.510206
ni,18,8,56,7,sa,True,0,1365.358,,,,,,,,,,2026-03-05T15:42:36.869334
ni,6,ni_6,,8,56,14,56,mip,True,0,5624.014,/home/rjaffray/projects/jaffray-masc-fhops-model/data/output/ni_6_sub56_lock14_mip_20260305_141113.json,/home/rjaffray/projects/jaffray-masc-fhops-model/data/output/ni_6_sub56_lock14_mip_20260305_141113_assignments.csv,/home/rjaffray/projects/jaffray-masc-fhops-model/data/output/stdout/ni_6_sub56_lock14_mip_20260305_141113.out.txt,/home/rjaffray/projects/jaffray-masc-fhops-model/data/output/stderr/ni_6_sub56_lock14_mip_20260305_141113.err.txt,2026-03-05 15:44:57
ni,6,ni_6,,8,56,14,56,sa,True,0,399.015,/home/rjaffray/projects/jaffray-masc-fhops-model/data/output/ni_6_sub56_lock14_sa_20260305_141113.json,/home/rjaffray/projects/jaffray-masc-fhops-model/data/output/ni_6_sub56_lock14_sa_20260305_141113_assignments.csv,/home/rjaffray/projects/jaffray-masc-fhops-model/data/output/stdout/ni_6_sub56_lock14_sa_20260305_141113.out.txt,/home/rjaffray/projects/jaffray-masc-fhops-model/data/output/stderr/ni_6_sub56_lock14_sa_20260305_141113.err.txt,2026-03-05 15:51:36
ni,40,2,14,7,mip,True,0,1762.561,,,,,,,,,,2026-03-05T16:11:59.431681
ni,40,2,14,7,sa,True,0,209.994,,,,,,,,,,2026-03-05T16:15:29.426379
ni,40,4,28,7,mip,True,0,4312.071,,,,,,,,,,2026-03-05T17:27:21.498217
ni,40,4,28,7,sa,True,0,941.654,,,,,,,,,,2026-03-05T17:43:03.153465
ni,40,8,56,7,mip,True,0,11855.885,,,,,,,,,,2026-03-05T21:00:39.039895
ni,40,8,56,7,sa,True,0,5485.397,,,,,,,,,,2026-03-05T22:32:04.438356
pg,6,2,14,7,mip,True,0,787.654,,,,,,,,,,2026-03-05T22:45:12.093774
pg,6,2,14,7,sa,True,0,18.259,,,,,,,,,,2026-03-05T22:45:30.353736
pg,6,4,28,7,mip,True,0,1996.838,,,,,,,,,,2026-03-05T23:18:47.193359
pg,6,4,28,7,sa,True,0,54.43,,,,,,,,,,2026-03-05T23:19:41.624659
pg,18,pg_18,,4,28,1,28,mip,True,0,48017.877,/home/rjaffray/projects/jaffray-masc-fhops-model/data/output/pg_18_sub28_lock1_mip_20260305_101049.json,/home/rjaffray/projects/jaffray-masc-fhops-model/data/output/pg_18_sub28_lock1_mip_20260305_101049_assignments.csv,/home/rjaffray/projects/jaffray-masc-fhops-model/data/output/stdout/pg_18_sub28_lock1_mip_20260305_101049.out.txt,/home/rjaffray/projects/jaffray-masc-fhops-model/data/output/stderr/pg_18_sub28_lock1_mip_20260305_101049.err.txt,2026-03-05 23:31:07
pg,18,pg_18,,4,28,1,28,sa,True,0,2225.261,/home/rjaffray/projects/jaffray-masc-fhops-model/data/output/pg_18_sub28_lock1_sa_20260305_101049.json,/home/rjaffray/projects/jaffray-masc-fhops-model/data/output/pg_18_sub28_lock1_sa_20260305_101049_assignments.csv,/home/rjaffray/projects/jaffray-masc-fhops-model/data/output/stdout/pg_18_sub28_lock1_sa_20260305_101049.out.txt,/home/rjaffray/projects/jaffray-masc-fhops-model/data/output/stderr/pg_18_sub28_lock1_sa_20260305_101049.err.txt,2026-03-06 00:08:12
pg,6,8,56,7,mip,True,0,4428.007,,,,,,,,,,2026-03-06T00:33:29.633004
pg,6,8,56,7,sa,True,0,170.715,,,,,,,,,,2026-03-06T00:36:20.348652
pg,18,2,14,7,mip,True,0,1256.836,,,,,,,,,,2026-03-06T00:57:17.185642
pg,18,2,14,7,sa,True,0,55.643,,,,,,,,,,2026-03-06T00:58:12.830038
pg,18,4,28,7,mip,True,0,2589.268,,,,,,,,,,2026-03-06T01:41:22.099524
pg,18,4,28,7,sa,True,0,262.181,,,,,,,,,,2026-03-06T01:45:44.281176
pg,18,pg_18,,4,28,7,28,mip,True,0,7396.119,/home/rjaffray/projects/jaffray-masc-fhops-model/data/output/pg_18_sub28_lock7_mip_20260306_000812.json,/home/rjaffray/projects/jaffray-masc-fhops-model/data/output/pg_18_sub28_lock7_mip_20260306_000812_assignments.csv,/home/rjaffray/projects/jaffray-masc-fhops-model/data/output/stdout/pg_18_sub28_lock7_mip_20260306_000812.out.txt,/home/rjaffray/projects/jaffray-masc-fhops-model/data/output/stderr/pg_18_sub28_lock7_mip_20260306_000812.err.txt,2026-03-06 02:11:28
pg,18,pg_18,,4,28,7,28,sa,True,0,442.574,/home/rjaffray/projects/jaffray-masc-fhops-model/data/output/pg_18_sub28_lock7_sa_20260306_000812.json,/home/rjaffray/projects/jaffray-masc-fhops-model/data/output/pg_18_sub28_lock7_sa_20260306_000812_assignments.csv,/home/rjaffray/projects/jaffray-masc-fhops-model/data/output/stdout/pg_18_sub28_lock7_sa_20260306_000812.out.txt,/home/rjaffray/projects/jaffray-masc-fhops-model/data/output/stderr/pg_18_sub28_lock7_sa_20260306_000812.err.txt,2026-03-06 02:18:51
ka,6,ka_6,,8,56,1,56,mip,True,0,47403.656,/home/rjaffray/projects/jaffray-masc-fhops-model/data/output/ka_6_sub56_lock1_mip_20260305_132123.json,/home/rjaffray/projects/jaffray-masc-fhops-model/data/output/ka_6_sub56_lock1_mip_20260305_132123_assignments.csv,/home/rjaffray/projects/jaffray-masc-fhops-model/data/output/stdout/ka_6_sub56_lock1_mip_20260305_132123.out.txt,/home/rjaffray/projects/jaffray-masc-fhops-model/data/output/stderr/ka_6_sub56_lock1_mip_20260305_132123.err.txt,2026-03-06 02:31:27
ka,6,ka_6,,8,56,1,56,sa,True,0,1494.486,/home/rjaffray/projects/jaffray-masc-fhops-model/data/output/ka_6_sub56_lock1_sa_20260305_132123.json,/home/rjaffray/projects/jaffray-masc-fhops-model/data/output/ka_6_sub56_lock1_sa_20260305_132123_assignments.csv,/home/rjaffray/projects/jaffray-masc-fhops-model/data/output/stdout/ka_6_sub56_lock1_sa_20260305_132123.out.txt,/home/rjaffray/projects/jaffray-masc-fhops-model/data/output/stderr/ka_6_sub56_lock1_sa_20260305_132123.err.txt,2026-03-06 02:56:21
pg,18,8,56,7,mip,True,0,5524.205,,,,,,,,,,2026-03-06T03:17:48.487705
pg,18,pg_18,,4,28,14,28,mip,True,0,3716.286,/home/rjaffray/projects/jaffray-masc-fhops-model/data/output/pg_18_sub28_lock14_mip_20260306_021851.json,/home/rjaffray/projects/jaffray-masc-fhops-model/data/output/pg_18_sub28_lock14_mip_20260306_021851_assignments.csv,/home/rjaffray/projects/jaffray-masc-fhops-model/data/output/stdout/pg_18_sub28_lock14_mip_20260306_021851.out.txt,/home/rjaffray/projects/jaffray-masc-fhops-model/data/output/stderr/pg_18_sub28_lock14_mip_20260306_021851.err.txt,2026-03-06 03:20:47
pg,18,pg_18,,4,28,14,28,sa,True,0,271.984,/home/rjaffray/projects/jaffray-masc-fhops-model/data/output/pg_18_sub28_lock14_sa_20260306_021851.json,/home/rjaffray/projects/jaffray-masc-fhops-model/data/output/pg_18_sub28_lock14_sa_20260306_021851_assignments.csv,/home/rjaffray/projects/jaffray-masc-fhops-model/data/output/stdout/pg_18_sub28_lock14_sa_20260306_021851.out.txt,/home/rjaffray/projects/jaffray-masc-fhops-model/data/output/stderr/pg_18_sub28_lock14_sa_20260306_021851.err.txt,2026-03-06 03:25:19
pg,18,8,56,7,sa,True,0,1373.896,,,,,,,,,,2026-03-06T03:40:42.384489
pg,40,2,14,7,mip,True,0,1766.51,,,,,,,,,,2026-03-06T04:10:08.895901
pg,40,2,14,7,sa,True,0,192.382,,,,,,,,,,2026-03-06T04:13:21.278993
ka,6,ka_6,,8,56,7,56,mip,True,0,6619.42,/home/rjaffray/projects/jaffray-masc-fhops-model/data/output/ka_6_sub56_lock7_mip_20260306_025621.json,/home/rjaffray/projects/jaffray-masc-fhops-model/data/output/ka_6_sub56_lock7_mip_20260306_025621_assignments.csv,/home/rjaffray/projects/jaffray-masc-fhops-model/data/output/stdout/ka_6_sub56_lock7_mip_20260306_025621.out.txt,/home/rjaffray/projects/jaffray-masc-fhops-model/data/output/stderr/ka_6_sub56_lock7_mip_20260306_025621.err.txt,2026-03-06 04:46:41
ka,6,ka_6,,8,56,7,56,sa,True,0,224.207,/home/rjaffray/projects/jaffray-masc-fhops-model/data/output/ka_6_sub56_lock7_sa_20260306_025621.json,/home/rjaffray/projects/jaffray-masc-fhops-model/data/output/ka_6_sub56_lock7_sa_20260306_025621_assignments.csv,/home/rjaffray/projects/jaffray-masc-fhops-model/data/output/stdout/ka_6_sub56_lock7_sa_20260306_025621.out.txt,/home/rjaffray/projects/jaffray-masc-fhops-model/data/output/stderr/ka_6_sub56_lock7_sa_20260306_025621.err.txt,2026-03-06 04:50:25
pg,40,4,28,7,mip,True,0,4353.338,,,,,,,,,,2026-03-06T05:25:54.617723
pg,40,4,28,7,sa,True,0,924.258,,,,,,,,,,2026-03-06T05:41:18.876702
ka,6,ka_6,,8,56,14,56,mip,True,0,3929.985,/home/rjaffray/projects/jaffray-masc-fhops-model/data/output/ka_6_sub56_lock14_mip_20260306_045025.json,/home/rjaffray/projects/jaffray-masc-fhops-model/data/output/ka_6_sub56_lock14_mip_20260306_045025_assignments.csv,/home/rjaffray/projects/jaffray-masc-fhops-model/data/output/stdout/ka_6_sub56_lock14_mip_20260306_045025.out.txt,/home/rjaffray/projects/jaffray-masc-fhops-model/data/output/stderr/ka_6_sub56_lock14_mip_20260306_045025.err.txt,2026-03-06 05:55:55
ka,6,ka_6,,8,56,14,56,sa,True,0,116.338,/home/rjaffray/projects/jaffray-masc-fhops-model/data/output/ka_6_sub56_lock14_sa_20260306_045025.json,/home/rjaffray/projects/jaffray-masc-fhops-model/data/output/ka_6_sub56_lock14_sa_20260306_045025_assignments.csv,/home/rjaffray/projects/jaffray-masc-fhops-model/data/output/stdout/ka_6_sub56_lock14_sa_20260306_045025.out.txt,/home/rjaffray/projects/jaffray-masc-fhops-model/data/output/stderr/ka_6_sub56_lock14_sa_20260306_045025.err.txt,2026-03-06 05:57:51
ka,6,2,14,1,mip,True,0,3474.334,,,,,,,,,,2026-03-06T07:06:55.653940
ka,6,2,14,1,sa,True,0,88.879,,,,,,,,,,2026-03-06T07:08:24.533895
ka,6,2,14,14,mip,True,0,604.403,,,,,,,,,,2026-03-06T07:18:28.938283
ka,6,2,14,14,sa,True,0,13.953,,,,,,,,,,2026-03-06T07:18:42.892051
pg,40,8,56,7,mip,True,0,12019.159,,,,,,,,,,2026-03-06T09:01:38.036569
ka,6,4,28,1,mip,True,0,11911.744,,,,,,,,,,2026-03-06T10:37:14.637186
pg,40,8,56,7,sa,True,0,5857.451,,,,,,,,,,2026-03-06T10:39:15.488802
ka,6,4,28,1,sa,True,0,309.559,,,,,,,,,,2026-03-06T10:42:24.197584
ka,6,4,28,14,mip,True,0,1209.258,,,,,,,,,,2026-03-06T11:02:33.456824
ka,6,4,28,14,sa,True,0,32.641,,,,,,,,,,2026-03-06T11:03:06.099150
ka,6,8,56,1,mip,True,0,24029.765,,,,,,,,,,2026-03-06T17:43:35.865039
ka,6,8,56,1,sa,True,0,889.412,,,,,,,,,,2026-03-06T17:58:25.278751
ka,6,8,56,14,mip,True,0,1931.119,,,,,,,,,,2026-03-06T18:30:36.399111
ka,6,8,56,14,sa,True,0,76.848,,,,,,,,,,2026-03-06T18:31:53.248192
ka,18,2,14,1,mip,True,0,7606.363,,,,,,,,,,2026-03-06T20:38:39.612367
ka,18,2,14,1,sa,True,0,294.052,,,,,,,,,,2026-03-06T20:43:33.664749
ka,18,2,14,14,mip,True,0,640.116,,,,,,,,,,2026-03-06T20:54:13.782014
ka,18,2,14,14,sa,True,0,44.026,,,,,,,,,,2026-03-06T20:54:57.808981
ka,6,ka_6,,16,112,1,112,mip,True,0,58379.575,/home/rjaffray/projects/jaffray-masc-fhops-model/data/output/ka_6_sub112_lock1_mip_20260306_055751.json,/home/rjaffray/projects/jaffray-masc-fhops-model/data/output/ka_6_sub112_lock1_mip_20260306_055751_assignments.csv,/home/rjaffray/projects/jaffray-masc-fhops-model/data/output/stdout/ka_6_sub112_lock1_mip_20260306_055751.out.txt,/home/rjaffray/projects/jaffray-masc-fhops-model/data/output/stderr/ka_6_sub112_lock1_mip_20260306_055751.err.txt,2026-03-06 22:10:51
ka,6,ka_6,,16,112,1,112,sa,True,0,4051.761,/home/rjaffray/projects/jaffray-masc-fhops-model/data/output/ka_6_sub112_lock1_sa_20260306_055751.json,/home/rjaffray/projects/jaffray-masc-fhops-model/data/output/ka_6_sub112_lock1_sa_20260306_055751_assignments.csv,/home/rjaffray/projects/jaffray-masc-fhops-model/data/output/stdout/ka_6_sub112_lock1_sa_20260306_055751.out.txt,/home/rjaffray/projects/jaffray-masc-fhops-model/data/output/stderr/ka_6_sub112_lock1_sa_20260306_055751.err.txt,2026-03-06 23:18:22
ka,18,4,28,1,mip,True,0,16878.345,,,,,,,,,,2026-03-07T01:36:16.155554
ka,6,ka_6,,16,112,7,112,mip,True,0,8462.751,/home/rjaffray/projects/jaffray-masc-fhops-model/data/output/ka_6_sub112_lock7_mip_20260306_231822.json,/home/rjaffray/projects/jaffray-masc-fhops-model/data/output/ka_6_sub112_lock7_mip_20260306_231822_assignments.csv,/home/rjaffray/projects/jaffray-masc-fhops-model/data/output/stdout/ka_6_sub112_lock7_mip_20260306_231822.out.txt,/home/rjaffray/projects/jaffray-masc-fhops-model/data/output/stderr/ka_6_sub112_lock7_mip_20260306_231822.err.txt,2026-03-07 01:39:25
ka,6,ka_6,,16,112,7,112,sa,True,0,592.325,/home/rjaffray/projects/jaffray-masc-fhops-model/data/output/ka_6_sub112_lock7_sa_20260306_231822.json,/home/rjaffray/projects/jaffray-masc-fhops-model/data/output/ka_6_sub112_lock7_sa_20260306_231822_assignments.csv,/home/rjaffray/projects/jaffray-masc-fhops-model/data/output/stdout/ka_6_sub112_lock7_sa_20260306_231822.out.txt,/home/rjaffray/projects/jaffray-masc-fhops-model/data/output/stderr/ka_6_sub112_lock7_sa_20260306_231822.err.txt,2026-03-07 01:49:18
ka,18,4,28,1,sa,True,0,1179.701,,,,,,,,,,2026-03-07T01:55:55.857834
ka,18,4,28,14,mip,True,0,1313.324,,,,,,,,,,2026-03-07T02:17:49.182877
ka,18,4,28,14,sa,True,0,128.574,,,,,,,,,,2026-03-07T02:19:57.757917
ka,6,ka_6,,16,112,14,112,mip,True,0,5024.858,/home/rjaffray/projects/jaffray-masc-fhops-model/data/output/ka_6_sub112_lock14_mip_20260307_014918.json,/home/rjaffray/projects/jaffray-masc-fhops-model/data/output/ka_6_sub112_lock14_mip_20260307_014918_assignments.csv,/home/rjaffray/projects/jaffray-masc-fhops-model/data/output/stdout/ka_6_sub112_lock14_mip_20260307_014918.out.txt,/home/rjaffray/projects/jaffray-masc-fhops-model/data/output/stderr/ka_6_sub112_lock14_mip_20260307_014918.err.txt,2026-03-07 03:13:02
ka,6,ka_6,,16,112,14,112,sa,True,0,307.282,/home/rjaffray/projects/jaffray-masc-fhops-model/data/output/ka_6_sub112_lock14_sa_20260307_014918.json,/home/rjaffray/projects/jaffray-masc-fhops-model/data/output/ka_6_sub112_lock14_sa_20260307_014918_assignments.csv,/home/rjaffray/projects/jaffray-masc-fhops-model/data/output/stdout/ka_6_sub112_lock14_sa_20260307_014918.out.txt,/home/rjaffray/projects/jaffray-masc-fhops-model/data/output/stderr/ka_6_sub112_lock14_sa_20260307_014918.err.txt,2026-03-07 03:18:10
pg,18,pg_18,,8,56,1,56,mip,True,0,101514.122,/home/rjaffray/projects/jaffray-masc-fhops-model/data/output/pg_18_sub56_lock1_mip_20260306_032519.json,/home/rjaffray/projects/jaffray-masc-fhops-model/data/output/pg_18_sub56_lock1_mip_20260306_032519_assignments.csv,/home/rjaffray/projects/jaffray-masc-fhops-model/data/output/stdout/pg_18_sub56_lock1_mip_20260306_032519.out.txt,/home/rjaffray/projects/jaffray-masc-fhops-model/data/output/stderr/pg_18_sub56_lock1_mip_20260306_032519.err.txt,2026-03-07 07:37:13
ka,18,ka_18,,2,14,1,14,mip,True,0,21961.984,/home/rjaffray/projects/jaffray-masc-fhops-model/data/output/ka_18_sub14_lock1_mip_20260307_031810.json,/home/rjaffray/projects/jaffray-masc-fhops-model/data/output/ka_18_sub14_lock1_mip_20260307_031810_assignments.csv,/home/rjaffray/projects/jaffray-masc-fhops-model/data/output/stdout/ka_18_sub14_lock1_mip_20260307_031810.out.txt,/home/rjaffray/projects/jaffray-masc-fhops-model/data/output/stderr/ka_18_sub14_lock1_mip_20260307_031810.err.txt,2026-03-07 09:24:12
ka,18,ka_18,,2,14,1,14,sa,True,0,501.525,/home/rjaffray/projects/jaffray-masc-fhops-model/data/output/ka_18_sub14_lock1_sa_20260307_031810.json,/home/rjaffray/projects/jaffray-masc-fhops-model/data/output/ka_18_sub14_lock1_sa_20260307_031810_assignments.csv,/home/rjaffray/projects/jaffray-masc-fhops-model/data/output/stdout/ka_18_sub14_lock1_sa_20260307_031810.out.txt,/home/rjaffray/projects/jaffray-masc-fhops-model/data/output/stderr/ka_18_sub14_lock1_sa_20260307_031810.err.txt,2026-03-07 09:32:33
ka,18,ka_18,,2,14,7,14,mip,True,0,3659.181,/home/rjaffray/projects/jaffray-masc-fhops-model/data/output/ka_18_sub14_lock7_mip_20260307_093233.json,/home/rjaffray/projects/jaffray-masc-fhops-model/data/output/ka_18_sub14_lock7_mip_20260307_093233_assignments.csv,/home/rjaffray/projects/jaffray-masc-fhops-model/data/output/stdout/ka_18_sub14_lock7_mip_20260307_093233.out.txt,/home/rjaffray/projects/jaffray-masc-fhops-model/data/output/stderr/ka_18_sub14_lock7_mip_20260307_093233.err.txt,2026-03-07 10:33:32
ka,18,ka_18,,2,14,7,14,sa,True,0,104.548,/home/rjaffray/projects/jaffray-masc-fhops-model/data/output/ka_18_sub14_lock7_sa_20260307_093233.json,/home/rjaffray/projects/jaffray-masc-fhops-model/data/output/ka_18_sub14_lock7_sa_20260307_093233_assignments.csv,/home/rjaffray/projects/jaffray-masc-fhops-model/data/output/stdout/ka_18_sub14_lock7_sa_20260307_093233.out.txt,/home/rjaffray/projects/jaffray-masc-fhops-model/data/output/stderr/ka_18_sub14_lock7_sa_20260307_093233.err.txt,2026-03-07 10:35:17
ka,18,ka_18,,2,14,14,14,mip,True,0,1838.911,/home/rjaffray/projects/jaffray-masc-fhops-model/data/output/ka_18_sub14_lock14_mip_20260307_103517.json,/home/rjaffray/projects/jaffray-masc-fhops-model/data/output/ka_18_sub14_lock14_mip_20260307_103517_assignments.csv,/home/rjaffray/projects/jaffray-masc-fhops-model/data/output/stdout/ka_18_sub14_lock14_mip_20260307_103517.out.txt,/home/rjaffray/projects/jaffray-masc-fhops-model/data/output/stderr/ka_18_sub14_lock14_mip_20260307_103517.err.txt,2026-03-07 11:05:56
ka,18,ka_18,,2,14,14,14,sa,True,0,68.578,/home/rjaffray/projects/jaffray-masc-fhops-model/data/output/ka_18_sub14_lock14_sa_20260307_103517.json,/home/rjaffray/projects/jaffray-masc-fhops-model/data/output/ka_18_sub14_lock14_sa_20260307_103517_assignments.csv,/home/rjaffray/projects/jaffray-masc-fhops-model/data/output/stdout/ka_18_sub14_lock14_sa_20260307_103517.out.txt,/home/rjaffray/projects/jaffray-masc-fhops-model/data/output/stderr/ka_18_sub14_lock14_sa_20260307_103517.err.txt,2026-03-07 11:07:04
pg,18,pg_18,,8,56,1,56,sa,True,0,13884.648,/home/rjaffray/projects/jaffray-masc-fhops-model/data/output/pg_18_sub56_lock1_sa_20260306_032519.json,/home/rjaffray/projects/jaffray-masc-fhops-model/data/output/pg_18_sub56_lock1_sa_20260306_032519_assignments.csv,/home/rjaffray/projects/jaffray-masc-fhops-model/data/output/stdout/pg_18_sub56_lock1_sa_20260306_032519.out.txt,/home/rjaffray/projects/jaffray-masc-fhops-model/data/output/stderr/pg_18_sub56_lock1_sa_20260306_032519.err.txt,2026-03-07 11:28:38
ka,18,8,56,1,mip,True,0,36775.21,,,,,,,,,,2026-03-07T12:32:52.969634
ka,18,8,56,1,sa,True,0,3531.932,,,,,,,,,,2026-03-07T13:31:44.902897
ka,18,8,56,14,mip,True,0,2781.758,,,,,,,,,,2026-03-07T14:18:06.661471
ka,18,8,56,14,sa,True,0,290.766,,,,,,,,,,2026-03-07T14:22:57.428755
pg,18,pg_18,,8,56,7,56,mip,True,0,15116.242,/home/rjaffray/projects/jaffray-masc-fhops-model/data/output/pg_18_sub56_lock7_mip_20260307_112838.json,/home/rjaffray/projects/jaffray-masc-fhops-model/data/output/pg_18_sub56_lock7_mip_20260307_112838_assignments.csv,/home/rjaffray/projects/jaffray-masc-fhops-model/data/output/stdout/pg_18_sub56_lock7_mip_20260307_112838.out.txt,/home/rjaffray/projects/jaffray-masc-fhops-model/data/output/stderr/pg_18_sub56_lock7_mip_20260307_112838.err.txt,2026-03-07 15:40:34
pg,18,pg_18,,8,56,7,56,sa,True,0,2414.335,/home/rjaffray/projects/jaffray-masc-fhops-model/data/output/pg_18_sub56_lock7_sa_20260307_112838.json,/home/rjaffray/projects/jaffray-masc-fhops-model/data/output/pg_18_sub56_lock7_sa_20260307_112838_assignments.csv,/home/rjaffray/projects/jaffray-masc-fhops-model/data/output/stdout/pg_18_sub56_lock7_sa_20260307_112838.out.txt,/home/rjaffray/projects/jaffray-masc-fhops-model/data/output/stderr/pg_18_sub56_lock7_sa_20260307_112838.err.txt,2026-03-07 16:20:49
ni,6,ni_6,,16,112,1,112,mip,True,0,177338.803,/home/rjaffray/projects/jaffray-masc-fhops-model/data/output/ni_6_sub112_lock1_mip_20260305_155136.json,/home/rjaffray/projects/jaffray-masc-fhops-model/data/output/ni_6_sub112_lock1_mip_20260305_155136_assignments.csv,/home/rjaffray/projects/jaffray-masc-fhops-model/data/output/stdout/ni_6_sub112_lock1_mip_20260305_155136.out.txt,/home/rjaffray/projects/jaffray-masc-fhops-model/data/output/stderr/ni_6_sub112_lock1_mip_20260305_155136.err.txt,2026-03-07 17:07:14
ka,40,2,14,1,mip,True,0,10611.353,,,,,,,,,,2026-03-07T17:19:48.783044
ka,40,2,14,1,sa,True,0,1050.512,,,,,,,,,,2026-03-07T17:37:19.296387
ka,40,2,14,14,mip,True,0,992.021,,,,,,,,,,2026-03-07T17:53:51.318799
ka,40,2,14,14,sa,True,0,162.918,,,,,,,,,,2026-03-07T17:56:34.237633
pg,18,pg_18,,8,56,14,56,mip,True,0,7603.023,/home/rjaffray/projects/jaffray-masc-fhops-model/data/output/pg_18_sub56_lock14_mip_20260307_162049.json,/home/rjaffray/projects/jaffray-masc-fhops-model/data/output/pg_18_sub56_lock14_mip_20260307_162049_assignments.csv,/home/rjaffray/projects/jaffray-masc-fhops-model/data/output/stdout/pg_18_sub56_lock14_mip_20260307_162049.out.txt,/home/rjaffray/projects/jaffray-masc-fhops-model/data/output/stderr/pg_18_sub56_lock14_mip_20260307_162049.err.txt,2026-03-07 18:27:32
pg,18,pg_18,,8,56,14,56,sa,True,0,1325.095,/home/rjaffray/projects/jaffray-masc-fhops-model/data/output/pg_18_sub56_lock14_sa_20260307_162049.json,/home/rjaffray/projects/jaffray-masc-fhops-model/data/output/pg_18_sub56_lock14_sa_20260307_162049_assignments.csv,/home/rjaffray/projects/jaffray-masc-fhops-model/data/output/stdout/pg_18_sub56_lock14_sa_20260307_162049.out.txt,/home/rjaffray/projects/jaffray-masc-fhops-model/data/output/stderr/pg_18_sub56_lock14_sa_20260307_162049.err.txt,2026-03-07 18:49:37
ka,18,ka_18,,4,28,1,28,mip,True,0,47968.93,/home/rjaffray/projects/jaffray-masc-fhops-model/data/output/ka_18_sub28_lock1_mip_20260307_110704.json,/home/rjaffray/projects/jaffray-masc-fhops-model/data/output/ka_18_sub28_lock1_mip_20260307_110704_assignments.csv,/home/rjaffray/projects/jaffray-masc-fhops-model/data/output/stdout/ka_18_sub28_lock1_mip_20260307_110704.out.txt,/home/rjaffray/projects/jaffray-masc-fhops-model/data/output/stderr/ka_18_sub28_lock1_mip_20260307_110704.err.txt,2026-03-08 00:26:33
ni,6,ni_6,,16,112,1,112,sa,True,0,26697.04,/home/rjaffray/projects/jaffray-masc-fhops-model/data/output/ni_6_sub112_lock1_sa_20260305_155136.json,/home/rjaffray/projects/jaffray-masc-fhops-model/data/output/ni_6_sub112_lock1_sa_20260305_155136_assignments.csv,/home/rjaffray/projects/jaffray-masc-fhops-model/data/output/stdout/ni_6_sub112_lock1_sa_20260305_155136.out.txt,/home/rjaffray/projects/jaffray-masc-fhops-model/data/output/stderr/ni_6_sub112_lock1_sa_20260305_155136.err.txt,2026-03-08 00:32:12
ka,18,ka_18,,4,28,1,28,sa,True,0,2161.797,/home/rjaffray/projects/jaffray-masc-fhops-model/data/output/ka_18_sub28_lock1_sa_20260307_110704.json,/home/rjaffray/projects/jaffray-masc-fhops-model/data/output/ka_18_sub28_lock1_sa_20260307_110704_assignments.csv,/home/rjaffray/projects/jaffray-masc-fhops-model/data/output/stdout/ka_18_sub28_lock1_sa_20260307_110704.out.txt,/home/rjaffray/projects/jaffray-masc-fhops-model/data/output/stderr/ka_18_sub28_lock1_sa_20260307_110704.err.txt,2026-03-08 01:02:35
ka,40,4,28,1,mip,True,0,27345.776,,,,,,,,,,2026-03-08T01:32:20.014939
ka,18,ka_18,,4,28,7,28,mip,True,0,7402.168,/home/rjaffray/projects/jaffray-masc-fhops-model/data/output/ka_18_sub28_lock7_mip_20260308_010235.json,/home/rjaffray/projects/jaffray-masc-fhops-model/data/output/ka_18_sub28_lock7_mip_20260308_010235_assignments.csv,/home/rjaffray/projects/jaffray-masc-fhops-model/data/output/stdout/ka_18_sub28_lock7_mip_20260308_010235.out.txt,/home/rjaffray/projects/jaffray-masc-fhops-model/data/output/stderr/ka_18_sub28_lock7_mip_20260308_010235.err.txt,2026-03-08 03:05:57
ka,18,ka_18,,4,28,7,28,sa,True,0,328.412,/home/rjaffray/projects/jaffray-masc-fhops-model/data/output/ka_18_sub28_lock7_sa_20260308_010235.json,/home/rjaffray/projects/jaffray-masc-fhops-model/data/output/ka_18_sub28_lock7_sa_20260308_010235_assignments.csv,/home/rjaffray/projects/jaffray-masc-fhops-model/data/output/stdout/ka_18_sub28_lock7_sa_20260308_010235.out.txt,/home/rjaffray/projects/jaffray-masc-fhops-model/data/output/stderr/ka_18_sub28_lock7_sa_20260308_010235.err.txt,2026-03-08 03:11:26
ka,40,4,28,1,sa,True,0,6689.1,,,,,,,,,,2026-03-08T03:23:49.116000
ka,40,4,28,14,mip,True,0,2389.854,,,,,,,,,,2026-03-08T04:03:38.970776
ka,18,ka_18,,4,28,14,28,mip,True,0,3717.251,/home/rjaffray/projects/jaffray-masc-fhops-model/data/output/ka_18_sub28_lock14_mip_20260308_031126.json,/home/rjaffray/projects/jaffray-masc-fhops-model/data/output/ka_18_sub28_lock14_mip_20260308_031126_assignments.csv,/home/rjaffray/projects/jaffray-masc-fhops-model/data/output/stdout/ka_18_sub28_lock14_mip_20260308_031126.out.txt,/home/rjaffray/projects/jaffray-masc-fhops-model/data/output/stderr/ka_18_sub28_lock14_mip_20260308_031126.err.txt,2026-03-08 04:13:23
ka,18,ka_18,,4,28,14,28,sa,True,0,182.241,/home/rjaffray/projects/jaffray-masc-fhops-model/data/output/ka_18_sub28_lock14_sa_20260308_031126.json,/home/rjaffray/projects/jaffray-masc-fhops-model/data/output/ka_18_sub28_lock14_sa_20260308_031126_assignments.csv,/home/rjaffray/projects/jaffray-masc-fhops-model/data/output/stdout/ka_18_sub28_lock14_sa_20260308_031126.out.txt,/home/rjaffray/projects/jaffray-masc-fhops-model/data/output/stderr/ka_18_sub28_lock14_sa_20260308_031126.err.txt,2026-03-08 04:16:25
ka,40,4,28,14,sa,True,0,774.382,,,,,,,,,,2026-03-08T04:16:33.353837
ni,6,ni_6,,16,112,7,112,mip,True,0,25737.414,/home/rjaffray/projects/jaffray-masc-fhops-model/data/output/ni_6_sub112_lock7_mip_20260308_003212.json,/home/rjaffray/projects/jaffray-masc-fhops-model/data/output/ni_6_sub112_lock7_mip_20260308_003212_assignments.csv,/home/rjaffray/projects/jaffray-masc-fhops-model/data/output/stdout/ni_6_sub112_lock7_mip_20260308_003212.out.txt,/home/rjaffray/projects/jaffray-masc-fhops-model/data/output/stderr/ni_6_sub112_lock7_mip_20260308_003212.err.txt,2026-03-08 07:41:09
ni,6,ni_6,,16,112,7,112,sa,True,0,3856.836,/home/rjaffray/projects/jaffray-masc-fhops-model/data/output/ni_6_sub112_lock7_sa_20260308_003212.json,/home/rjaffray/projects/jaffray-masc-fhops-model/data/output/ni_6_sub112_lock7_sa_20260308_003212_assignments.csv,/home/rjaffray/projects/jaffray-masc-fhops-model/data/output/stdout/ni_6_sub112_lock7_sa_20260308_003212.out.txt,/home/rjaffray/projects/jaffray-masc-fhops-model/data/output/stderr/ni_6_sub112_lock7_sa_20260308_003212.err.txt,2026-03-08 08:45:26
ni,6,ni_6,,16,112,14,112,mip,True,0,12894.085,/home/rjaffray/projects/jaffray-masc-fhops-model/data/output/ni_6_sub112_lock14_mip_20260308_084526.json,/home/rjaffray/projects/jaffray-masc-fhops-model/data/output/ni_6_sub112_lock14_mip_20260308_084526_assignments.csv,/home/rjaffray/projects/jaffray-masc-fhops-model/data/output/stdout/ni_6_sub112_lock14_mip_20260308_084526.out.txt,/home/rjaffray/projects/jaffray-masc-fhops-model/data/output/stderr/ni_6_sub112_lock14_mip_20260308_084526.err.txt,2026-03-08 12:20:20
ni,6,ni_6,,16,112,14,112,sa,True,0,2056.816,/home/rjaffray/projects/jaffray-masc-fhops-model/data/output/ni_6_sub112_lock14_sa_20260308_084526.json,/home/rjaffray/projects/jaffray-masc-fhops-model/data/output/ni_6_sub112_lock14_sa_20260308_084526_assignments.csv,/home/rjaffray/projects/jaffray-masc-fhops-model/data/output/stdout/ni_6_sub112_lock14_sa_20260308_084526.out.txt,/home/rjaffray/projects/jaffray-masc-fhops-model/data/output/stderr/ni_6_sub112_lock14_sa_20260308_084526.err.txt,2026-03-08 12:54:37
ni,18,ni_18,,2,14,1,14,mip,True,0,21385.222,/home/rjaffray/projects/jaffray-masc-fhops-model/data/output/ni_18_sub14_lock1_mip_20260308_125437.json,/home/rjaffray/projects/jaffray-masc-fhops-model/data/output/ni_18_sub14_lock1_mip_20260308_125437_assignments.csv,/home/rjaffray/projects/jaffray-masc-fhops-model/data/output/stdout/ni_18_sub14_lock1_mip_20260308_125437.out.txt,/home/rjaffray/projects/jaffray-masc-fhops-model/data/output/stderr/ni_18_sub14_lock1_mip_20260308_125437.err.txt,2026-03-08 18:51:02
ni,18,ni_18,,2,14,1,14,sa,True,0,459.614,/home/rjaffray/projects/jaffray-masc-fhops-model/data/output/ni_18_sub14_lock1_sa_20260308_125437.json,/home/rjaffray/projects/jaffray-masc-fhops-model/data/output/ni_18_sub14_lock1_sa_20260308_125437_assignments.csv,/home/rjaffray/projects/jaffray-masc-fhops-model/data/output/stdout/ni_18_sub14_lock1_sa_20260308_125437.out.txt,/home/rjaffray/projects/jaffray-masc-fhops-model/data/output/stderr/ni_18_sub14_lock1_sa_20260308_125437.err.txt,2026-03-08 18:58:42
ni,18,ni_18,,2,14,7,14,mip,True,0,3657.737,/home/rjaffray/projects/jaffray-masc-fhops-model/data/output/ni_18_sub14_lock7_mip_20260308_185842.json,/home/rjaffray/projects/jaffray-masc-fhops-model/data/output/ni_18_sub14_lock7_mip_20260308_185842_assignments.csv,/home/rjaffray/projects/jaffray-masc-fhops-model/data/output/stdout/ni_18_sub14_lock7_mip_20260308_185842.out.txt,/home/rjaffray/projects/jaffray-masc-fhops-model/data/output/stderr/ni_18_sub14_lock7_mip_20260308_185842.err.txt,2026-03-08 19:59:39
ni,18,ni_18,,2,14,7,14,sa,True,0,96.732,/home/rjaffray/projects/jaffray-masc-fhops-model/data/output/ni_18_sub14_lock7_sa_20260308_185842.json,/home/rjaffray/projects/jaffray-masc-fhops-model/data/output/ni_18_sub14_lock7_sa_20260308_185842_assignments.csv,/home/rjaffray/projects/jaffray-masc-fhops-model/data/output/stdout/ni_18_sub14_lock7_sa_20260308_185842.out.txt,/home/rjaffray/projects/jaffray-masc-fhops-model/data/output/stderr/ni_18_sub14_lock7_sa_20260308_185842.err.txt,2026-03-08 20:01:16
ni,18,ni_18,,2,14,14,14,mip,True,0,1842.208,/home/rjaffray/projects/jaffray-masc-fhops-model/data/output/ni_18_sub14_lock14_mip_20260308_200116.json,/home/rjaffray/projects/jaffray-masc-fhops-model/data/output/ni_18_sub14_lock14_mip_20260308_200116_assignments.csv,/home/rjaffray/projects/jaffray-masc-fhops-model/data/output/stdout/ni_18_sub14_lock14_mip_20260308_200116.out.txt,/home/rjaffray/projects/jaffray-masc-fhops-model/data/output/stderr/ni_18_sub14_lock14_mip_20260308_200116.err.txt,2026-03-08 20:31:58
ni,18,ni_18,,2,14,14,14,sa,True,0,66.406,/home/rjaffray/projects/jaffray-masc-fhops-model/data/output/ni_18_sub14_lock14_sa_20260308_200116.json,/home/rjaffray/projects/jaffray-masc-fhops-model/data/output/ni_18_sub14_lock14_sa_20260308_200116_assignments.csv,/home/rjaffray/projects/jaffray-masc-fhops-model/data/output/stdout/ni_18_sub14_lock14_sa_20260308_200116.out.txt,/home/rjaffray/projects/jaffray-masc-fhops-model/data/output/stderr/ni_18_sub14_lock14_sa_20260308_200116.err.txt,2026-03-08 20:33:05
ka,40,8,56,1,mip,True,0,78773.09,,,,,,,,,,2026-03-09T02:09:26.445310
ka,18,ka_18,,8,56,1,56,mip,True,0,101800.527,/home/rjaffray/projects/jaffray-masc-fhops-model/data/output/ka_18_sub56_lock1_mip_20260308_041625.json,/home/rjaffray/projects/jaffray-masc-fhops-model/data/output/ka_18_sub56_lock1_mip_20260308_041625_assignments.csv,/home/rjaffray/projects/jaffray-masc-fhops-model/data/output/stdout/ka_18_sub56_lock1_mip_20260308_041625.out.txt,/home/rjaffray/projects/jaffray-masc-fhops-model/data/output/stderr/ka_18_sub56_lock1_mip_20260308_041625.err.txt,2026-03-09 08:33:06
ni,18,ni_18,,4,28,1,28,mip,True,0,47348.027,/home/rjaffray/projects/jaffray-masc-fhops-model/data/output/ni_18_sub28_lock1_mip_20260308_203305.json,/home/rjaffray/projects/jaffray-masc-fhops-model/data/output/ni_18_sub28_lock1_mip_20260308_203305_assignments.csv,/home/rjaffray/projects/jaffray-masc-fhops-model/data/output/stdout/ni_18_sub28_lock1_mip_20260308_203305.out.txt,/home/rjaffray/projects/jaffray-masc-fhops-model/data/output/stderr/ni_18_sub28_lock1_mip_20260308_203305.err.txt,2026-03-09 09:42:13
ka,18,ka_18,,8,56,1,56,sa,True,0,5479.382,/home/rjaffray/projects/jaffray-masc-fhops-model/data/output/ka_18_sub56_lock1_sa_20260308_041625.json,/home/rjaffray/projects/jaffray-masc-fhops-model/data/output/ka_18_sub56_lock1_sa_20260308_041625_assignments.csv,/home/rjaffray/projects/jaffray-masc-fhops-model/data/output/stdout/ka_18_sub56_lock1_sa_20260308_041625.out.txt,/home/rjaffray/projects/jaffray-masc-fhops-model/data/output/stderr/ka_18_sub56_lock1_sa_20260308_041625.err.txt,2026-03-09 10:04:25
ni,18,ni_18,,4,28,1,28,sa,True,0,2359.33,/home/rjaffray/projects/jaffray-masc-fhops-model/data/output/ni_18_sub28_lock1_sa_20260308_203305.json,/home/rjaffray/projects/jaffray-masc-fhops-model/data/output/ni_18_sub28_lock1_sa_20260308_203305_assignments.csv,/home/rjaffray/projects/jaffray-masc-fhops-model/data/output/stdout/ni_18_sub28_lock1_sa_20260308_203305.out.txt,/home/rjaffray/projects/jaffray-masc-fhops-model/data/output/stderr/ni_18_sub28_lock1_sa_20260308_203305.err.txt,2026-03-09 10:21:32
ni,18,ni_18,,4,28,7,28,mip,True,0,7382.64,/home/rjaffray/projects/jaffray-masc-fhops-model/data/output/ni_18_sub28_lock7_mip_20260309_102132.json,/home/rjaffray/projects/jaffray-masc-fhops-model/data/output/ni_18_sub28_lock7_mip_20260309_102132_assignments.csv,/home/rjaffray/projects/jaffray-masc-fhops-model/data/output/stdout/ni_18_sub28_lock7_mip_20260309_102132.out.txt,/home/rjaffray/projects/jaffray-masc-fhops-model/data/output/stderr/ni_18_sub28_lock7_mip_20260309_102132.err.txt,2026-03-09 12:24:35
ni,18,ni_18,,4,28,7,28,sa,True,0,388.478,/home/rjaffray/projects/jaffray-masc-fhops-model/data/output/ni_18_sub28_lock7_sa_20260309_102132.json,/home/rjaffray/projects/jaffray-masc-fhops-model/data/output/ni_18_sub28_lock7_sa_20260309_102132_assignments.csv,/home/rjaffray/projects/jaffray-masc-fhops-model/data/output/stdout/ni_18_sub28_lock7_sa_20260309_102132.out.txt,/home/rjaffray/projects/jaffray-masc-fhops-model/data/output/stderr/ni_18_sub28_lock7_sa_20260309_102132.err.txt,2026-03-09 12:31:03
ni,18,ni_18,,4,28,14,28,mip,True,0,3713.492,/home/rjaffray/projects/jaffray-masc-fhops-model/data/output/ni_18_sub28_lock14_mip_20260309_123103.json,/home/rjaffray/projects/jaffray-masc-fhops-model/data/output/ni_18_sub28_lock14_mip_20260309_123103_assignments.csv,/home/rjaffray/projects/jaffray-masc-fhops-model/data/output/stdout/ni_18_sub28_lock14_mip_20260309_123103.out.txt,/home/rjaffray/projects/jaffray-masc-fhops-model/data/output/stderr/ni_18_sub28_lock14_mip_20260309_123103.err.txt,2026-03-09 13:32:57
ni,18,ni_18,,4,28,14,28,sa,True,0,281.051,/home/rjaffray/projects/jaffray-masc-fhops-model/data/output/ni_18_sub28_lock14_sa_20260309_123103.json,/home/rjaffray/projects/jaffray-masc-fhops-model/data/output/ni_18_sub28_lock14_sa_20260309_123103_assignments.csv,/home/rjaffray/projects/jaffray-masc-fhops-model/data/output/stdout/ni_18_sub28_lock14_sa_20260309_123103.out.txt,/home/rjaffray/projects/jaffray-masc-fhops-model/data/output/stderr/ni_18_sub28_lock14_sa_20260309_123103.err.txt,2026-03-09 13:37:38
ka,18,ka_18,,8,56,7,56,mip,True,0,15133.926,/home/rjaffray/projects/jaffray-masc-fhops-model/data/output/ka_18_sub56_lock7_mip_20260309_100425.json,/home/rjaffray/projects/jaffray-masc-fhops-model/data/output/ka_18_sub56_lock7_mip_20260309_100425_assignments.csv,/home/rjaffray/projects/jaffray-masc-fhops-model/data/output/stdout/ka_18_sub56_lock7_mip_20260309_100425.out.txt,/home/rjaffray/projects/jaffray-masc-fhops-model/data/output/stderr/ka_18_sub56_lock7_mip_20260309_100425.err.txt,2026-03-09 14:16:39
ka,40,8,56,1,sa,True,0,43863.554,,,,,,,,,,2026-03-09T14:20:30.000828
ka,18,ka_18,,8,56,7,56,sa,True,0,868.83,/home/rjaffray/projects/jaffray-masc-fhops-model/data/output/ka_18_sub56_lock7_sa_20260309_100425.json,/home/rjaffray/projects/jaffray-masc-fhops-model/data/output/ka_18_sub56_lock7_sa_20260309_100425_assignments.csv,/home/rjaffray/projects/jaffray-masc-fhops-model/data/output/stdout/ka_18_sub56_lock7_sa_20260309_100425.out.txt,/home/rjaffray/projects/jaffray-masc-fhops-model/data/output/stderr/ka_18_sub56_lock7_sa_20260309_100425.err.txt,2026-03-09 14:31:08
ka,40,8,56,14,mip,True,0,6452.183,,,,,,,,,,2026-03-09T16:08:02.185368
ka,18,ka_18,,8,56,14,56,mip,True,0,7575.984,/home/rjaffray/projects/jaffray-masc-fhops-model/data/output/ka_18_sub56_lock14_mip_20260309_143108.json,/home/rjaffray/projects/jaffray-masc-fhops-model/data/output/ka_18_sub56_lock14_mip_20260309_143108_assignments.csv,/home/rjaffray/projects/jaffray-masc-fhops-model/data/output/stdout/ka_18_sub56_lock14_mip_20260309_143108.out.txt,/home/rjaffray/projects/jaffray-masc-fhops-model/data/output/stderr/ka_18_sub56_lock14_mip_20260309_143108.err.txt,2026-03-09 16:37:24
ka,18,ka_18,,8,56,14,56,sa,True,0,427.786,/home/rjaffray/projects/jaffray-masc-fhops-model/data/output/ka_18_sub56_lock14_sa_20260309_143108.json,/home/rjaffray/projects/jaffray-masc-fhops-model/data/output/ka_18_sub56_lock14_sa_20260309_143108_assignments.csv,/home/rjaffray/projects/jaffray-masc-fhops-model/data/output/stdout/ka_18_sub56_lock14_sa_20260309_143108.out.txt,/home/rjaffray/projects/jaffray-masc-fhops-model/data/output/stderr/ka_18_sub56_lock14_sa_20260309_143108.err.txt,2026-03-09 16:44:32
ka,40,8,56,14,sa,True,0,4102.825,,,,,,,,,,2026-03-09T17:16:25.011554
ni,6,2,14,1,mip,True,0,1633.375,,,,,,,,,,2026-03-09T17:43:38.387628
ni,6,2,14,1,sa,True,0,93.457,,,,,,,,,,2026-03-09T17:45:11.845234
ni,6,2,14,14,mip,True,0,202.852,,,,,,,,,,2026-03-09T17:48:34.698013
ni,6,2,14,14,sa,True,0,14.246,,,,,,,,,,2026-03-09T17:48:48.945143
ni,6,4,28,1,mip,True,0,10121.907,,,,,,,,,,2026-03-09T20:37:30.853443
ni,6,4,28,1,sa,True,0,465.45,,,,,,,,,,2026-03-09T20:45:16.304283
ni,6,4,28,14,mip,True,0,809.831,,,,,,,,,,2026-03-09T20:58:46.136671
ni,6,4,28,14,sa,True,0,57.125,,,,,,,,,,2026-03-09T20:59:43.262730
ni,6,8,56,1,mip,True,0,27117.259,,,,,,,,,,2026-03-10T04:31:40.523502
ni,6,8,56,1,sa,True,0,2723.133,,,,,,,,,,2026-03-10T05:17:03.657759
ni,6,8,56,14,mip,True,0,2023.949,,,,,,,,,,2026-03-10T05:50:47.607904
ni,6,8,56,14,sa,True,0,253.926,,,,,,,,,,2026-03-10T05:55:01.535120
pg,18,pg_18,,16,112,1,112,mip,True,0,216398.96,/home/rjaffray/projects/jaffray-masc-fhops-model/data/output/pg_18_sub112_lock1_mip_20260307_184937.json,/home/rjaffray/projects/jaffray-masc-fhops-model/data/output/pg_18_sub112_lock1_mip_20260307_184937_assignments.csv,/home/rjaffray/projects/jaffray-masc-fhops-model/data/output/stdout/pg_18_sub112_lock1_mip_20260307_184937.out.txt,/home/rjaffray/projects/jaffray-masc-fhops-model/data/output/stderr/pg_18_sub112_lock1_mip_20260307_184937.err.txt,2026-03-10 06:56:16
ni,18,2,14,1,mip,True,0,7550.587,,,,,,,,,,2026-03-10T08:00:52.123358
ni,18,2,14,1,sa,True,0,266.229,,,,,,,,,,2026-03-10T08:05:18.353533
ni,18,2,14,14,mip,True,0,639.62,,,,,,,,,,2026-03-10T08:15:57.974136
ni,18,2,14,14,sa,True,0,38.676,,,,,,,,,,2026-03-10T08:16:36.651166
ni,18,4,28,1,mip,True,0,16717.469,,,,,,,,,,2026-03-10T12:55:14.121774
ni,18,4,28,1,sa,True,0,1290.393,,,,,,,,,,2026-03-10T13:16:44.516412
ni,18,4,28,14,mip,True,0,1321.935,,,,,,,,,,2026-03-10T13:38:46.452927
ni,18,4,28,14,sa,True,0,163.957,,,,,,,,,,2026-03-10T13:41:30.411302
ni,18,ni_18,,8,56,1,56,mip,True,0,101246.178,/home/rjaffray/projects/jaffray-masc-fhops-model/data/output/ni_18_sub56_lock1_mip_20260309_133738.json,/home/rjaffray/projects/jaffray-masc-fhops-model/data/output/ni_18_sub56_lock1_mip_20260309_133738_assignments.csv,/home/rjaffray/projects/jaffray-masc-fhops-model/data/output/stdout/ni_18_sub56_lock1_mip_20260309_133738.out.txt,/home/rjaffray/projects/jaffray-masc-fhops-model/data/output/stderr/ni_18_sub56_lock1_mip_20260309_133738.err.txt,2026-03-10 17:45:04
ni,18,ni_18,,8,56,1,56,sa,True,0,13995.203,/home/rjaffray/projects/jaffray-masc-fhops-model/data/output/ni_18_sub56_lock1_sa_20260309_133738.json,/home/rjaffray/projects/jaffray-masc-fhops-model/data/output/ni_18_sub56_lock1_sa_20260309_133738_assignments.csv,/home/rjaffray/projects/jaffray-masc-fhops-model/data/output/stdout/ni_18_sub56_lock1_sa_20260309_133738.out.txt,/home/rjaffray/projects/jaffray-masc-fhops-model/data/output/stderr/ni_18_sub56_lock1_sa_20260309_133738.err.txt,2026-03-10 21:38:19
ni,18,8,56,1,mip,True,0,37034.7,,,,,,,,,,2026-03-10T23:58:45.113135
ni,18,ni_18,,8,56,7,56,mip,True,0,15125.904,/home/rjaffray/projects/jaffray-masc-fhops-model/data/output/ni_18_sub56_lock7_mip_20260310_213819.json,/home/rjaffray/projects/jaffray-masc-fhops-model/data/output/ni_18_sub56_lock7_mip_20260310_213819_assignments.csv,/home/rjaffray/projects/jaffray-masc-fhops-model/data/output/stdout/ni_18_sub56_lock7_mip_20260310_213819.out.txt,/home/rjaffray/projects/jaffray-masc-fhops-model/data/output/stderr/ni_18_sub56_lock7_mip_20260310_213819.err.txt,2026-03-11 01:50:25
ni,18,8,56,1,sa,True,0,8662.737,,,,,,,,,,2026-03-11T02:23:07.851597
ni,18,ni_18,,8,56,7,56,sa,True,0,2221.721,/home/rjaffray/projects/jaffray-masc-fhops-model/data/output/ni_18_sub56_lock7_sa_20260310_213819.json,/home/rjaffray/projects/jaffray-masc-fhops-model/data/output/ni_18_sub56_lock7_sa_20260310_213819_assignments.csv,/home/rjaffray/projects/jaffray-masc-fhops-model/data/output/stdout/ni_18_sub56_lock7_sa_20260310_213819.out.txt,/home/rjaffray/projects/jaffray-masc-fhops-model/data/output/stderr/ni_18_sub56_lock7_sa_20260310_213819.err.txt,2026-03-11 02:27:27
ni,18,8,56,14,mip,True,0,2803.626,,,,,,,,,,2026-03-11T03:09:51.478739
ni,18,8,56,14,sa,True,0,843.804,,,,,,,,,,2026-03-11T03:23:55.283816
ni,18,ni_18,,8,56,14,56,mip,True,0,7607.161,/home/rjaffray/projects/jaffray-masc-fhops-model/data/output/ni_18_sub56_lock14_mip_20260311_022727.json,/home/rjaffray/projects/jaffray-masc-fhops-model/data/output/ni_18_sub56_lock14_mip_20260311_022727_assignments.csv,/home/rjaffray/projects/jaffray-masc-fhops-model/data/output/stdout/ni_18_sub56_lock14_mip_20260311_022727.out.txt,/home/rjaffray/projects/jaffray-masc-fhops-model/data/output/stderr/ni_18_sub56_lock14_mip_20260311_022727.err.txt,2026-03-11 04:34:14
ni,18,ni_18,,8,56,14,56,sa,True,0,1411.848,/home/rjaffray/projects/jaffray-masc-fhops-model/data/output/ni_18_sub56_lock14_sa_20260311_022727.json,/home/rjaffray/projects/jaffray-masc-fhops-model/data/output/ni_18_sub56_lock14_sa_20260311_022727_assignments.csv,/home/rjaffray/projects/jaffray-masc-fhops-model/data/output/stdout/ni_18_sub56_lock14_sa_20260311_022727.out.txt,/home/rjaffray/projects/jaffray-masc-fhops-model/data/output/stderr/ni_18_sub56_lock14_sa_20260311_022727.err.txt,2026-03-11 04:57:46
ni,40,2,14,1,mip,True,0,10598.514,,,,,,,,,,2026-03-11T06:20:33.798626
ni,40,2,14,1,sa,True,0,950.834,,,,,,,,,,2026-03-11T06:36:24.633997
ni,40,2,14,14,mip,True,0,1001.271,,,,,,,,,,2026-03-11T06:53:05.905981
ni,40,2,14,14,sa,True,0,139.025,,,,,,,,,,2026-03-11T06:55:24.932331
pg,18,pg_18,,16,112,1,112,sa,True,0,87294.695,/home/rjaffray/projects/jaffray-masc-fhops-model/data/output/pg_18_sub112_lock1_sa_20260307_184937.json,/home/rjaffray/projects/jaffray-masc-fhops-model/data/output/pg_18_sub112_lock1_sa_20260307_184937_assignments.csv,/home/rjaffray/projects/jaffray-masc-fhops-model/data/output/stdout/pg_18_sub112_lock1_sa_20260307_184937.out.txt,/home/rjaffray/projects/jaffray-masc-fhops-model/data/output/stderr/pg_18_sub112_lock1_sa_20260307_184937.err.txt,2026-03-11 07:11:10
ni,40,4,28,1,mip,True,0,27350.847,,,,,,,,,,2026-03-11T14:31:15.780212
ni,40,4,28,1,sa,True,0,5192.771,,,,,,,,,,2026-03-11T15:57:48.552788
pg,18,pg_18,,16,112,7,112,mip,True,0,31612.856,/home/rjaffray/projects/jaffray-masc-fhops-model/data/output/pg_18_sub112_lock7_mip_20260311_071110.json,/home/rjaffray/projects/jaffray-masc-fhops-model/data/output/pg_18_sub112_lock7_mip_20260311_071110_assignments.csv,/home/rjaffray/projects/jaffray-masc-fhops-model/data/output/stdout/pg_18_sub112_lock7_mip_20260311_071110.out.txt,/home/rjaffray/projects/jaffray-masc-fhops-model/data/output/stderr/pg_18_sub112_lock7_mip_20260311_071110.err.txt,2026-03-11 15:58:03
ni,40,4,28,14,mip,True,0,2399.082,,,,,,,,,,2026-03-11T16:37:47.635556
ni,40,4,28,14,sa,True,0,610.006,,,,,,,,,,2026-03-11T16:47:57.642844
pg,18,pg_18,,16,112,7,112,sa,True,0,13290.884,/home/rjaffray/projects/jaffray-masc-fhops-model/data/output/pg_18_sub112_lock7_sa_20260311_071110.json,/home/rjaffray/projects/jaffray-masc-fhops-model/data/output/pg_18_sub112_lock7_sa_20260311_071110_assignments.csv,/home/rjaffray/projects/jaffray-masc-fhops-model/data/output/stdout/pg_18_sub112_lock7_sa_20260311_071110.out.txt,/home/rjaffray/projects/jaffray-masc-fhops-model/data/output/stderr/pg_18_sub112_lock7_sa_20260311_071110.err.txt,2026-03-11 19:39:34
pg,18,pg_18,,16,112,14,112,mip,True,0,15892.059,/home/rjaffray/projects/jaffray-masc-fhops-model/data/output/pg_18_sub112_lock14_mip_20260311_193934.json,/home/rjaffray/projects/jaffray-masc-fhops-model/data/output/pg_18_sub112_lock14_mip_20260311_193934_assignments.csv,/home/rjaffray/projects/jaffray-masc-fhops-model/data/output/stdout/pg_18_sub112_lock14_mip_20260311_193934.out.txt,/home/rjaffray/projects/jaffray-masc-fhops-model/data/output/stderr/pg_18_sub112_lock14_mip_20260311_193934.err.txt,2026-03-12 00:04:26
pg,18,pg_18,,16,112,14,112,sa,True,0,7316.25,/home/rjaffray/projects/jaffray-masc-fhops-model/data/output/pg_18_sub112_lock14_sa_20260311_193934.json,/home/rjaffray/projects/jaffray-masc-fhops-model/data/output/pg_18_sub112_lock14_sa_20260311_193934_assignments.csv,/home/rjaffray/projects/jaffray-masc-fhops-model/data/output/stdout/pg_18_sub112_lock14_sa_20260311_193934.out.txt,/home/rjaffray/projects/jaffray-masc-fhops-model/data/output/stderr/pg_18_sub112_lock14_sa_20260311_193934.err.txt,2026-03-12 02:06:22
ka,18,ka_18,,16,112,1,112,mip,True,0,217663.596,/home/rjaffray/projects/jaffray-masc-fhops-model/data/output/ka_18_sub112_lock1_mip_20260309_164432.json,/home/rjaffray/projects/jaffray-masc-fhops-model/data/output/ka_18_sub112_lock1_mip_20260309_164432_assignments.csv,/home/rjaffray/projects/jaffray-masc-fhops-model/data/output/stdout/ka_18_sub112_lock1_mip_20260309_164432.out.txt,/home/rjaffray/projects/jaffray-masc-fhops-model/data/output/stderr/ka_18_sub112_lock1_mip_20260309_164432.err.txt,2026-03-12 05:12:15
pg,40,pg_40,,2,14,1,14,mip,True,0,26189.645,/home/rjaffray/projects/jaffray-masc-fhops-model/data/output/pg_40_sub14_lock1_mip_20260312_020622.json,/home/rjaffray/projects/jaffray-masc-fhops-model/data/output/pg_40_sub14_lock1_mip_20260312_020622_assignments.csv,/home/rjaffray/projects/jaffray-masc-fhops-model/data/output/stdout/pg_40_sub14_lock1_mip_20260312_020622.out.txt,/home/rjaffray/projects/jaffray-masc-fhops-model/data/output/stderr/pg_40_sub14_lock1_mip_20260312_020622.err.txt,2026-03-12 09:22:52
ka,18,ka_18,,16,112,1,112,sa,True,0,15279.78,/home/rjaffray/projects/jaffray-masc-fhops-model/data/output/ka_18_sub112_lock1_sa_20260309_164432.json,/home/rjaffray/projects/jaffray-masc-fhops-model/data/output/ka_18_sub112_lock1_sa_20260309_164432_assignments.csv,/home/rjaffray/projects/jaffray-masc-fhops-model/data/output/stdout/ka_18_sub112_lock1_sa_20260309_164432.out.txt,/home/rjaffray/projects/jaffray-masc-fhops-model/data/output/stderr/ka_18_sub112_lock1_sa_20260309_164432.err.txt,2026-03-12 09:26:55
pg,40,pg_40,,2,14,1,14,sa,True,0,1550.903,/home/rjaffray/projects/jaffray-masc-fhops-model/data/output/pg_40_sub14_lock1_sa_20260312_020622.json,/home/rjaffray/projects/jaffray-masc-fhops-model/data/output/pg_40_sub14_lock1_sa_20260312_020622_assignments.csv,/home/rjaffray/projects/jaffray-masc-fhops-model/data/output/stdout/pg_40_sub14_lock1_sa_20260312_020622.out.txt,/home/rjaffray/projects/jaffray-masc-fhops-model/data/output/stderr/pg_40_sub14_lock1_sa_20260312_020622.err.txt,2026-03-12 09:48:43
pg,40,pg_40,,2,14,7,14,mip,True,0,4183.687,/home/rjaffray/projects/jaffray-masc-fhops-model/data/output/pg_40_sub14_lock7_mip_20260312_094843.json,/home/rjaffray/projects/jaffray-masc-fhops-model/data/output/pg_40_sub14_lock7_mip_20260312_094843_assignments.csv,/home/rjaffray/projects/jaffray-masc-fhops-model/data/output/stdout/pg_40_sub14_lock7_mip_20260312_094843.out.txt,/home/rjaffray/projects/jaffray-masc-fhops-model/data/output/stderr/pg_40_sub14_lock7_mip_20260312_094843.err.txt,2026-03-12 10:58:27
pg,40,pg_40,,2,14,7,14,sa,True,0,340.337,/home/rjaffray/projects/jaffray-masc-fhops-model/data/output/pg_40_sub14_lock7_sa_20260312_094843.json,/home/rjaffray/projects/jaffray-masc-fhops-model/data/output/pg_40_sub14_lock7_sa_20260312_094843_assignments.csv,/home/rjaffray/projects/jaffray-masc-fhops-model/data/output/stdout/pg_40_sub14_lock7_sa_20260312_094843.out.txt,/home/rjaffray/projects/jaffray-masc-fhops-model/data/output/stderr/pg_40_sub14_lock7_sa_20260312_094843.err.txt,2026-03-12 11:04:07
pg,40,pg_40,,2,14,14,14,mip,True,0,2196.766,/home/rjaffray/projects/jaffray-masc-fhops-model/data/output/pg_40_sub14_lock14_mip_20260312_110407.json,/home/rjaffray/projects/jaffray-masc-fhops-model/data/output/pg_40_sub14_lock14_mip_20260312_110407_assignments.csv,/home/rjaffray/projects/jaffray-masc-fhops-model/data/output/stdout/pg_40_sub14_lock14_mip_20260312_110407.out.txt,/home/rjaffray/projects/jaffray-masc-fhops-model/data/output/stderr/pg_40_sub14_lock14_mip_20260312_110407.err.txt,2026-03-12 11:40:44
pg,40,pg_40,,2,14,14,14,sa,True,0,243.278,/home/rjaffray/projects/jaffray-masc-fhops-model/data/output/pg_40_sub14_lock14_sa_20260312_110407.json,/home/rjaffray/projects/jaffray-masc-fhops-model/data/output/pg_40_sub14_lock14_sa_20260312_110407_assignments.csv,/home/rjaffray/projects/jaffray-masc-fhops-model/data/output/stdout/pg_40_sub14_lock14_sa_20260312_110407.out.txt,/home/rjaffray/projects/jaffray-masc-fhops-model/data/output/stderr/pg_40_sub14_lock14_sa_20260312_110407.err.txt,2026-03-12 11:44:47
ni,40,8,56,1,mip,True,0,78643.23,,,,,,,,,,2026-03-12T14:38:40.873719
ka,18,ka_18,,16,112,7,112,mip,True,0,31988.389,/home/rjaffray/projects/jaffray-masc-fhops-model/data/output/ka_18_sub112_lock7_mip_20260312_092655.json,/home/rjaffray/projects/jaffray-masc-fhops-model/data/output/ka_18_sub112_lock7_mip_20260312_092655_assignments.csv,/home/rjaffray/projects/jaffray-masc-fhops-model/data/output/stdout/ka_18_sub112_lock7_mip_20260312_092655.out.txt,/home/rjaffray/projects/jaffray-masc-fhops-model/data/output/stderr/ka_18_sub112_lock7_mip_20260312_092655.err.txt,2026-03-12 18:20:03
ka,18,ka_18,,16,112,7,112,sa,True,0,2274.279,/home/rjaffray/projects/jaffray-masc-fhops-model/data/output/ka_18_sub112_lock7_sa_20260312_092655.json,/home/rjaffray/projects/jaffray-masc-fhops-model/data/output/ka_18_sub112_lock7_sa_20260312_092655_assignments.csv,/home/rjaffray/projects/jaffray-masc-fhops-model/data/output/stdout/ka_18_sub112_lock7_sa_20260312_092655.out.txt,/home/rjaffray/projects/jaffray-masc-fhops-model/data/output/stderr/ka_18_sub112_lock7_sa_20260312_092655.err.txt,2026-03-12 18:57:58
ka,18,ka_18,,16,112,14,112,mip,True,0,16235.318,/home/rjaffray/projects/jaffray-masc-fhops-model/data/output/ka_18_sub112_lock14_mip_20260312_185758.json,/home/rjaffray/projects/jaffray-masc-fhops-model/data/output/ka_18_sub112_lock14_mip_20260312_185758_assignments.csv,/home/rjaffray/projects/jaffray-masc-fhops-model/data/output/stdout/ka_18_sub112_lock14_mip_20260312_185758.out.txt,/home/rjaffray/projects/jaffray-masc-fhops-model/data/output/stderr/ka_18_sub112_lock14_mip_20260312_185758.err.txt,2026-03-12 23:28:33
ka,18,ka_18,,16,112,14,112,sa,True,0,1184.506,/home/rjaffray/projects/jaffray-masc-fhops-model/data/output/ka_18_sub112_lock14_sa_20260312_185758.json,/home/rjaffray/projects/jaffray-masc-fhops-model/data/output/ka_18_sub112_lock14_sa_20260312_185758_assignments.csv,/home/rjaffray/projects/jaffray-masc-fhops-model/data/output/stdout/ka_18_sub112_lock14_sa_20260312_185758.out.txt,/home/rjaffray/projects/jaffray-masc-fhops-model/data/output/stderr/ka_18_sub112_lock14_sa_20260312_185758.err.txt,2026-03-12 23:48:17
ni,40,8,56,1,sa,True,0,33711.549,,,,,,,,,,2026-03-13T00:00:32.424031
ni,40,8,56,14,mip,True,0,6441.478,,,,,,,,,,2026-03-13T01:47:53.902962
ni,40,8,56,14,sa,True,0,3208.969,,,,,,,,,,2026-03-13T02:41:22.873333
pg,6,2,14,1,mip,True,0,2537.24,,,,,,,,,,2026-03-13T03:23:40.114405
pg,6,2,14,1,sa,True,0,88.066,,,,,,,,,,2026-03-13T03:25:08.181215
pg,6,2,14,14,mip,True,0,604.152,,,,,,,,,,2026-03-13T03:35:12.334198
pg,6,2,14,14,sa,True,0,13.033,,,,,,,,,,2026-03-13T03:35:25.368373
pg,40,pg_40,,4,28,1,28,mip,True,0,59677.435,/home/rjaffray/projects/jaffray-masc-fhops-model/data/output/pg_40_sub28_lock1_mip_20260312_114447.json,/home/rjaffray/projects/jaffray-masc-fhops-model/data/output/pg_40_sub28_lock1_mip_20260312_114447_assignments.csv,/home/rjaffray/projects/jaffray-masc-fhops-model/data/output/stdout/pg_40_sub28_lock1_mip_20260312_114447.out.txt,/home/rjaffray/projects/jaffray-masc-fhops-model/data/output/stderr/pg_40_sub28_lock1_mip_20260312_114447.err.txt,2026-03-13 04:19:24
pg,6,4,28,1,mip,True,0,10984.784,,,,,,,,,,2026-03-13T06:38:30.154030
pg,6,4,28,1,sa,True,0,320.064,,,,,,,,,,2026-03-13T06:43:50.219304
pg,40,pg_40,,4,28,1,28,sa,True,0,8910.642,/home/rjaffray/projects/jaffray-masc-fhops-model/data/output/pg_40_sub28_lock1_sa_20260312_114447.json,/home/rjaffray/projects/jaffray-masc-fhops-model/data/output/pg_40_sub28_lock1_sa_20260312_114447_assignments.csv,/home/rjaffray/projects/jaffray-masc-fhops-model/data/output/stdout/pg_40_sub28_lock1_sa_20260312_114447.out.txt,/home/rjaffray/projects/jaffray-masc-fhops-model/data/output/stderr/pg_40_sub28_lock1_sa_20260312_114447.err.txt,2026-03-13 06:47:55
pg,6,4,28,14,mip,True,0,1209.86,,,,,,,,,,2026-03-13T07:04:00.080672
pg,6,4,28,14,sa,True,0,33.62,,,,,,,,,,2026-03-13T07:04:33.701460
ka,40,ka_40,,2,14,1,14,mip,True,0,26234.59,/home/rjaffray/projects/jaffray-masc-fhops-model/data/output/ka_40_sub14_lock1_mip_20260312_234817.json,/home/rjaffray/projects/jaffray-masc-fhops-model/data/output/ka_40_sub14_lock1_mip_20260312_234817_assignments.csv,/home/rjaffray/projects/jaffray-masc-fhops-model/data/output/stdout/ka_40_sub14_lock1_mip_20260312_234817.out.txt,/home/rjaffray/projects/jaffray-masc-fhops-model/data/output/stderr/ka_40_sub14_lock1_mip_20260312_234817.err.txt,2026-03-13 07:05:32
ka,40,ka_40,,2,14,1,14,sa,True,0,1719.689,/home/rjaffray/projects/jaffray-masc-fhops-model/data/output/ka_40_sub14_lock1_sa_20260312_234817.json,/home/rjaffray/projects/jaffray-masc-fhops-model/data/output/ka_40_sub14_lock1_sa_20260312_234817_assignments.csv,/home/rjaffray/projects/jaffray-masc-fhops-model/data/output/stdout/ka_40_sub14_lock1_sa_20260312_234817.out.txt,/home/rjaffray/projects/jaffray-masc-fhops-model/data/output/stderr/ka_40_sub14_lock1_sa_20260312_234817.err.txt,2026-03-13 07:34:12
ka,40,ka_40,,2,14,7,14,mip,True,0,4152.113,/home/rjaffray/projects/jaffray-masc-fhops-model/data/output/ka_40_sub14_lock7_mip_20260313_073412.json,/home/rjaffray/projects/jaffray-masc-fhops-model/data/output/ka_40_sub14_lock7_mip_20260313_073412_assignments.csv,/home/rjaffray/projects/jaffray-masc-fhops-model/data/output/stdout/ka_40_sub14_lock7_mip_20260313_073412.out.txt,/home/rjaffray/projects/jaffray-masc-fhops-model/data/output/stderr/ka_40_sub14_lock7_mip_20260313_073412.err.txt,2026-03-13 08:43:24
ka,40,ka_40,,2,14,7,14,sa,True,0,380.296,/home/rjaffray/projects/jaffray-masc-fhops-model/data/output/ka_40_sub14_lock7_sa_20260313_073412.json,/home/rjaffray/projects/jaffray-masc-fhops-model/data/output/ka_40_sub14_lock7_sa_20260313_073412_assignments.csv,/home/rjaffray/projects/jaffray-masc-fhops-model/data/output/stdout/ka_40_sub14_lock7_sa_20260313_073412.out.txt,/home/rjaffray/projects/jaffray-masc-fhops-model/data/output/stderr/ka_40_sub14_lock7_sa_20260313_073412.err.txt,2026-03-13 08:49:44
pg,40,pg_40,,4,28,7,28,mip,True,0,9108.709,/home/rjaffray/projects/jaffray-masc-fhops-model/data/output/pg_40_sub28_lock7_mip_20260313_064755.json,/home/rjaffray/projects/jaffray-masc-fhops-model/data/output/pg_40_sub28_lock7_mip_20260313_064755_assignments.csv,/home/rjaffray/projects/jaffray-masc-fhops-model/data/output/stdout/pg_40_sub28_lock7_mip_20260313_064755.out.txt,/home/rjaffray/projects/jaffray-masc-fhops-model/data/output/stderr/pg_40_sub28_lock7_mip_20260313_064755.err.txt,2026-03-13 09:19:44
ka,40,ka_40,,2,14,14,14,mip,True,0,2206.739,/home/rjaffray/projects/jaffray-masc-fhops-model/data/output/ka_40_sub14_lock14_mip_20260313_084944.json,/home/rjaffray/projects/jaffray-masc-fhops-model/data/output/ka_40_sub14_lock14_mip_20260313_084944_assignments.csv,/home/rjaffray/projects/jaffray-masc-fhops-model/data/output/stdout/ka_40_sub14_lock14_mip_20260313_084944.out.txt,/home/rjaffray/projects/jaffray-masc-fhops-model/data/output/stderr/ka_40_sub14_lock14_mip_20260313_084944.err.txt,2026-03-13 09:26:31
ka,40,ka_40,,2,14,14,14,sa,True,0,273.623,/home/rjaffray/projects/jaffray-masc-fhops-model/data/output/ka_40_sub14_lock14_sa_20260313_084944.json,/home/rjaffray/projects/jaffray-masc-fhops-model/data/output/ka_40_sub14_lock14_sa_20260313_084944_assignments.csv,/home/rjaffray/projects/jaffray-masc-fhops-model/data/output/stdout/ka_40_sub14_lock14_sa_20260313_084944.out.txt,/home/rjaffray/projects/jaffray-masc-fhops-model/data/output/stderr/ka_40_sub14_lock14_sa_20260313_084944.err.txt,2026-03-13 09:31:05
pg,40,pg_40,,4,28,7,28,sa,True,0,1578.897,/home/rjaffray/projects/jaffray-masc-fhops-model/data/output/pg_40_sub28_lock7_sa_20260313_064755.json,/home/rjaffray/projects/jaffray-masc-fhops-model/data/output/pg_40_sub28_lock7_sa_20260313_064755_assignments.csv,/home/rjaffray/projects/jaffray-masc-fhops-model/data/output/stdout/pg_40_sub28_lock7_sa_20260313_064755.out.txt,/home/rjaffray/projects/jaffray-masc-fhops-model/data/output/stderr/pg_40_sub28_lock7_sa_20260313_064755.err.txt,2026-03-13 09:46:03
pg,40,pg_40,,4,28,14,28,mip,True,0,4773.758,/home/rjaffray/projects/jaffray-masc-fhops-model/data/output/pg_40_sub28_lock14_mip_20260313_094603.json,/home/rjaffray/projects/jaffray-masc-fhops-model/data/output/pg_40_sub28_lock14_mip_20260313_094603_assignments.csv,/home/rjaffray/projects/jaffray-masc-fhops-model/data/output/stdout/pg_40_sub28_lock14_mip_20260313_094603.out.txt,/home/rjaffray/projects/jaffray-masc-fhops-model/data/output/stderr/pg_40_sub28_lock14_mip_20260313_094603.err.txt,2026-03-13 11:05:36
pg,40,pg_40,,4,28,14,28,sa,True,0,1021.351,/home/rjaffray/projects/jaffray-masc-fhops-model/data/output/pg_40_sub28_lock14_sa_20260313_094603.json,/home/rjaffray/projects/jaffray-masc-fhops-model/data/output/pg_40_sub28_lock14_sa_20260313_094603_assignments.csv,/home/rjaffray/projects/jaffray-masc-fhops-model/data/output/stdout/pg_40_sub28_lock14_sa_20260313_094603.out.txt,/home/rjaffray/projects/jaffray-masc-fhops-model/data/output/stderr/pg_40_sub28_lock14_sa_20260313_094603.err.txt,2026-03-13 11:22:38
pg,6,8,56,1,mip,True,0,28007.621,,,,,,,,,,2026-03-13T14:51:21.324243
pg,6,8,56,1,sa,True,0,1118.399,,,,,,,,,,2026-03-13T15:09:59.724622
pg,6,8,56,14,mip,True,0,2428.919,,,,,,,,,,2026-03-13T15:50:28.644429
pg,6,8,56,14,sa,True,0,95.778,,,,,,,,,,2026-03-13T15:52:04.423561
ni,18,ni_18,,16,112,1,112,mip,True,0,215769.784,/home/rjaffray/projects/jaffray-masc-fhops-model/data/output/ni_18_sub112_lock1_mip_20260311_045746.json,/home/rjaffray/projects/jaffray-masc-fhops-model/data/output/ni_18_sub112_lock1_mip_20260311_045746_assignments.csv,/home/rjaffray/projects/jaffray-masc-fhops-model/data/output/stdout/ni_18_sub112_lock1_mip_20260311_045746.out.txt,/home/rjaffray/projects/jaffray-masc-fhops-model/data/output/stderr/ni_18_sub112_lock1_mip_20260311_045746.err.txt,2026-03-13 16:53:55
pg,18,2,14,1,mip,True,0,7567.304,,,,,,,,,,2026-03-13T17:58:11.729142
pg,18,2,14,1,sa,True,0,267.147,,,,,,,,,,2026-03-13T18:02:38.877304
pg,18,2,14,14,mip,True,0,639.911,,,,,,,,,,2026-03-13T18:13:18.789656
pg,18,2,14,14,sa,True,0,38.656,,,,,,,,,,2026-03-13T18:13:57.446457
pg,18,4,28,1,mip,True,0,16754.558,,,,,,,,,,2026-03-13T22:53:12.006162
pg,18,4,28,1,sa,True,0,1456.974,,,,,,,,,,2026-03-13T23:17:28.980929
pg,18,4,28,14,mip,True,0,1312.999,,,,,,,,,,2026-03-13T23:39:21.981190
pg,18,4,28,14,sa,True,0,171.584,,,,,,,,,,2026-03-13T23:42:13.565937
ka,40,ka_40,,4,28,1,28,mip,True,0,59674.277,/home/rjaffray/projects/jaffray-masc-fhops-model/data/output/ka_40_sub28_lock1_mip_20260313_093105.json,/home/rjaffray/projects/jaffray-masc-fhops-model/data/output/ka_40_sub28_lock1_mip_20260313_093105_assignments.csv,/home/rjaffray/projects/jaffray-masc-fhops-model/data/output/stdout/ka_40_sub28_lock1_mip_20260313_093105.out.txt,/home/rjaffray/projects/jaffray-masc-fhops-model/data/output/stderr/ka_40_sub28_lock1_mip_20260313_093105.err.txt,2026-03-14 02:05:39
ka,40,ka_40,,4,28,1,28,sa,True,0,10623.43,/home/rjaffray/projects/jaffray-masc-fhops-model/data/output/ka_40_sub28_lock1_sa_20260313_093105.json,/home/rjaffray/projects/jaffray-masc-fhops-model/data/output/ka_40_sub28_lock1_sa_20260313_093105_assignments.csv,/home/rjaffray/projects/jaffray-masc-fhops-model/data/output/stdout/ka_40_sub28_lock1_sa_20260313_093105.out.txt,/home/rjaffray/projects/jaffray-masc-fhops-model/data/output/stderr/ka_40_sub28_lock1_sa_20260313_093105.err.txt,2026-03-14 05:02:42
ka,40,ka_40,,4,28,7,28,mip,True,0,9184.145,/home/rjaffray/projects/jaffray-masc-fhops-model/data/output/ka_40_sub28_lock7_mip_20260314_050242.json,/home/rjaffray/projects/jaffray-masc-fhops-model/data/output/ka_40_sub28_lock7_mip_20260314_050242_assignments.csv,/home/rjaffray/projects/jaffray-masc-fhops-model/data/output/stdout/ka_40_sub28_lock7_mip_20260314_050242.out.txt,/home/rjaffray/projects/jaffray-masc-fhops-model/data/output/stderr/ka_40_sub28_lock7_mip_20260314_050242.err.txt,2026-03-14 07:35:46
ka,40,ka_40,,4,28,7,28,sa,True,0,2019.967,/home/rjaffray/projects/jaffray-masc-fhops-model/data/output/ka_40_sub28_lock7_sa_20260314_050242.json,/home/rjaffray/projects/jaffray-masc-fhops-model/data/output/ka_40_sub28_lock7_sa_20260314_050242_assignments.csv,/home/rjaffray/projects/jaffray-masc-fhops-model/data/output/stdout/ka_40_sub28_lock7_sa_20260314_050242.out.txt,/home/rjaffray/projects/jaffray-masc-fhops-model/data/output/stderr/ka_40_sub28_lock7_sa_20260314_050242.err.txt,2026-03-14 08:09:26
ka,40,ka_40,,4,28,14,28,mip,True,0,4777.521,/home/rjaffray/projects/jaffray-masc-fhops-model/data/output/ka_40_sub28_lock14_mip_20260314_080926.json,/home/rjaffray/projects/jaffray-masc-fhops-model/data/output/ka_40_sub28_lock14_mip_20260314_080926_assignments.csv,/home/rjaffray/projects/jaffray-masc-fhops-model/data/output/stdout/ka_40_sub28_lock14_mip_20260314_080926.out.txt,/home/rjaffray/projects/jaffray-masc-fhops-model/data/output/stderr/ka_40_sub28_lock14_mip_20260314_080926.err.txt,2026-03-14 09:29:04
ka,40,ka_40,,4,28,14,28,sa,True,0,1265.083,/home/rjaffray/projects/jaffray-masc-fhops-model/data/output/ka_40_sub28_lock14_sa_20260314_080926.json,/home/rjaffray/projects/jaffray-masc-fhops-model/data/output/ka_40_sub28_lock14_sa_20260314_080926_assignments.csv,/home/rjaffray/projects/jaffray-masc-fhops-model/data/output/stdout/ka_40_sub28_lock14_sa_20260314_080926.out.txt,/home/rjaffray/projects/jaffray-masc-fhops-model/data/output/stderr/ka_40_sub28_lock14_sa_20260314_080926.err.txt,2026-03-14 09:50:09
pg,18,8,56,1,mip,True,0,36996.137,,,,,,,,,,2026-03-14T09:58:49.704644
pg,18,8,56,1,sa,True,0,8274.206,,,,,,,,,,2026-03-14T12:16:43.912214
pg,18,8,56,14,mip,True,0,2798.927,,,,,,,,,,2026-03-14T13:03:22.840870
pg,18,8,56,14,sa,True,0,772.818,,,,,,,,,,2026-03-14T13:16:15.660331
pg,40,2,14,1,mip,True,0,10536.48,,,,,,,,,,2026-03-14T16:11:52.140745
pg,40,2,14,1,sa,True,0,926.678,,,,,,,,,,2026-03-14T16:27:18.819851
pg,40,2,14,14,mip,True,0,991.543,,,,,,,,,,2026-03-14T16:43:50.364317
pg,40,2,14,14,sa,True,0,134.689,,,,,,,,,,2026-03-14T16:46:05.053847
ni,18,ni_18,,16,112,1,112,sa,True,0,92884.873,/home/rjaffray/projects/jaffray-masc-fhops-model/data/output/ni_18_sub112_lock1_sa_20260311_045746.json,/home/rjaffray/projects/jaffray-masc-fhops-model/data/output/ni_18_sub112_lock1_sa_20260311_045746_assignments.csv,/home/rjaffray/projects/jaffray-masc-fhops-model/data/output/stdout/ni_18_sub112_lock1_sa_20260311_045746.out.txt,/home/rjaffray/projects/jaffray-masc-fhops-model/data/output/stderr/ni_18_sub112_lock1_sa_20260311_045746.err.txt,2026-03-14 18:42:00
pg,40,4,28,1,mip,True,0,27252.125,,,,,,,,,,2026-03-15T00:20:17.179885
pg,40,4,28,1,sa,True,0,5308.477,,,,,,,,,,2026-03-15T01:48:45.658307
pg,40,4,28,14,mip,True,0,2374.821,,,,,,,,,,2026-03-15T02:28:20.480840
pg,40,4,28,14,sa,True,0,629.672,,,,,,,,,,2026-03-15T02:38:50.153770
ni,18,ni_18,,16,112,7,112,mip,True,0,31622.996,/home/rjaffray/projects/jaffray-masc-fhops-model/data/output/ni_18_sub112_lock7_mip_20260314_184200.json,/home/rjaffray/projects/jaffray-masc-fhops-model/data/output/ni_18_sub112_lock7_mip_20260314_184200_assignments.csv,/home/rjaffray/projects/jaffray-masc-fhops-model/data/output/stdout/ni_18_sub112_lock7_mip_20260314_184200.out.txt,/home/rjaffray/projects/jaffray-masc-fhops-model/data/output/stderr/ni_18_sub112_lock7_mip_20260314_184200.err.txt,2026-03-15 03:29:03
pg,40,pg_40,,8,56,1,56,mip,True,0,144615.092,/home/rjaffray/projects/jaffray-masc-fhops-model/data/output/pg_40_sub56_lock1_mip_20260313_112238.json,/home/rjaffray/projects/jaffray-masc-fhops-model/data/output/pg_40_sub56_lock1_mip_20260313_112238_assignments.csv,/home/rjaffray/projects/jaffray-masc-fhops-model/data/output/stdout/pg_40_sub56_lock1_mip_20260313_112238.out.txt,/home/rjaffray/projects/jaffray-masc-fhops-model/data/output/stderr/pg_40_sub56_lock1_mip_20260313_112238.err.txt,2026-03-15 03:32:53
ni,18,ni_18,,16,112,7,112,sa,True,0,13771.329,/home/rjaffray/projects/jaffray-masc-fhops-model/data/output/ni_18_sub112_lock7_sa_20260314_184200.json,/home/rjaffray/projects/jaffray-masc-fhops-model/data/output/ni_18_sub112_lock7_sa_20260314_184200_assignments.csv,/home/rjaffray/projects/jaffray-masc-fhops-model/data/output/stdout/ni_18_sub112_lock7_sa_20260314_184200.out.txt,/home/rjaffray/projects/jaffray-masc-fhops-model/data/output/stderr/ni_18_sub112_lock7_sa_20260314_184200.err.txt,2026-03-15 07:18:35
ni,18,ni_18,,16,112,14,112,mip,True,0,15859.662,/home/rjaffray/projects/jaffray-masc-fhops-model/data/output/ni_18_sub112_lock14_mip_20260315_071835.json,/home/rjaffray/projects/jaffray-masc-fhops-model/data/output/ni_18_sub112_lock14_mip_20260315_071835_assignments.csv,/home/rjaffray/projects/jaffray-masc-fhops-model/data/output/stdout/ni_18_sub112_lock14_mip_20260315_071835.out.txt,/home/rjaffray/projects/jaffray-masc-fhops-model/data/output/stderr/ni_18_sub112_lock14_mip_20260315_071835.err.txt,2026-03-15 11:42:54
ni,18,ni_18,,16,112,14,112,sa,True,0,7508.785,/home/rjaffray/projects/jaffray-masc-fhops-model/data/output/ni_18_sub112_lock14_sa_20260315_071835.json,/home/rjaffray/projects/jaffray-masc-fhops-model/data/output/ni_18_sub112_lock14_sa_20260315_071835_assignments.csv,/home/rjaffray/projects/jaffray-masc-fhops-model/data/output/stdout/ni_18_sub112_lock14_sa_20260315_071835.out.txt,/home/rjaffray/projects/jaffray-masc-fhops-model/data/output/stderr/ni_18_sub112_lock14_sa_20260315_071835.err.txt,2026-03-15 13:48:03
pg,40,pg_40,,8,56,1,56,sa,True,0,58423.494,/home/rjaffray/projects/jaffray-masc-fhops-model/data/output/pg_40_sub56_lock1_sa_20260313_112238.json,/home/rjaffray/projects/jaffray-masc-fhops-model/data/output/pg_40_sub56_lock1_sa_20260313_112238_assignments.csv,/home/rjaffray/projects/jaffray-masc-fhops-model/data/output/stdout/pg_40_sub56_lock1_sa_20260313_112238.out.txt,/home/rjaffray/projects/jaffray-masc-fhops-model/data/output/stderr/pg_40_sub56_lock1_sa_20260313_112238.err.txt,2026-03-15 19:46:36
ni,40,ni_40,,2,14,1,14,mip,True,0,26020.133,/home/rjaffray/projects/jaffray-masc-fhops-model/data/output/ni_40_sub14_lock1_mip_20260315_134803.json,/home/rjaffray/projects/jaffray-masc-fhops-model/data/output/ni_40_sub14_lock1_mip_20260315_134803_assignments.csv,/home/rjaffray/projects/jaffray-masc-fhops-model/data/output/stdout/ni_40_sub14_lock1_mip_20260315_134803.out.txt,/home/rjaffray/projects/jaffray-masc-fhops-model/data/output/stderr/ni_40_sub14_lock1_mip_20260315_134803.err.txt,2026-03-15 21:01:43
ni,40,ni_40,,2,14,1,14,sa,True,0,1616.62,/home/rjaffray/projects/jaffray-masc-fhops-model/data/output/ni_40_sub14_lock1_sa_20260315_134803.json,/home/rjaffray/projects/jaffray-masc-fhops-model/data/output/ni_40_sub14_lock1_sa_20260315_134803_assignments.csv,/home/rjaffray/projects/jaffray-masc-fhops-model/data/output/stdout/ni_40_sub14_lock1_sa_20260315_134803.out.txt,/home/rjaffray/projects/jaffray-masc-fhops-model/data/output/stderr/ni_40_sub14_lock1_sa_20260315_134803.err.txt,2026-03-15 21:28:40
ni,40,ni_40,,2,14,7,14,mip,True,0,4182.956,/home/rjaffray/projects/jaffray-masc-fhops-model/data/output/ni_40_sub14_lock7_mip_20260315_212840.json,/home/rjaffray/projects/jaffray-masc-fhops-model/data/output/ni_40_sub14_lock7_mip_20260315_212840_assignments.csv,/home/rjaffray/projects/jaffray-masc-fhops-model/data/output/stdout/ni_40_sub14_lock7_mip_20260315_212840.out.txt,/home/rjaffray/projects/jaffray-masc-fhops-model/data/output/stderr/ni_40_sub14_lock7_mip_20260315_212840.err.txt,2026-03-15 22:38:23
ni,40,ni_40,,2,14,7,14,sa,True,0,345.952,/home/rjaffray/projects/jaffray-masc-fhops-model/data/output/ni_40_sub14_lock7_sa_20260315_212840.json,/home/rjaffray/projects/jaffray-masc-fhops-model/data/output/ni_40_sub14_lock7_sa_20260315_212840_assignments.csv,/home/rjaffray/projects/jaffray-masc-fhops-model/data/output/stdout/ni_40_sub14_lock7_sa_20260315_212840.out.txt,/home/rjaffray/projects/jaffray-masc-fhops-model/data/output/stderr/ni_40_sub14_lock7_sa_20260315_212840.err.txt,2026-03-15 22:44:09
ni,40,ni_40,,2,14,14,14,mip,True,0,2198.274,/home/rjaffray/projects/jaffray-masc-fhops-model/data/output/ni_40_sub14_lock14_mip_20260315_224409.json,/home/rjaffray/projects/jaffray-masc-fhops-model/data/output/ni_40_sub14_lock14_mip_20260315_224409_assignments.csv,/home/rjaffray/projects/jaffray-masc-fhops-model/data/output/stdout/ni_40_sub14_lock14_mip_20260315_224409.out.txt,/home/rjaffray/projects/jaffray-masc-fhops-model/data/output/stderr/ni_40_sub14_lock14_mip_20260315_224409.err.txt,2026-03-15 23:20:47
ni,40,ni_40,,2,14,14,14,sa,True,0,236.287,/home/rjaffray/projects/jaffray-masc-fhops-model/data/output/ni_40_sub14_lock14_sa_20260315_224409.json,/home/rjaffray/projects/jaffray-masc-fhops-model/data/output/ni_40_sub14_lock14_sa_20260315_224409_assignments.csv,/home/rjaffray/projects/jaffray-masc-fhops-model/data/output/stdout/ni_40_sub14_lock14_sa_20260315_224409.out.txt,/home/rjaffray/projects/jaffray-masc-fhops-model/data/output/stderr/ni_40_sub14_lock14_sa_20260315_224409.err.txt,2026-03-15 23:24:43
pg,40,8,56,1,mip,True,0,78076.882,,,,,,,,,,2026-03-16T00:20:07.037547
pg,40,pg_40,,8,56,7,56,mip,True,0,21590.409,/home/rjaffray/projects/jaffray-masc-fhops-model/data/output/pg_40_sub56_lock7_mip_20260315_194636.json,/home/rjaffray/projects/jaffray-masc-fhops-model/data/output/pg_40_sub56_lock7_mip_20260315_194636_assignments.csv,/home/rjaffray/projects/jaffray-masc-fhops-model/data/output/stdout/pg_40_sub56_lock7_mip_20260315_194636.out.txt,/home/rjaffray/projects/jaffray-masc-fhops-model/data/output/stderr/pg_40_sub56_lock7_mip_20260315_194636.err.txt,2026-03-16 01:46:27
ka,40,ka_40,,8,56,1,56,mip,True,0,144700.639,/home/rjaffray/projects/jaffray-masc-fhops-model/data/output/ka_40_sub56_lock1_mip_20260314_095009.json,/home/rjaffray/projects/jaffray-masc-fhops-model/data/output/ka_40_sub56_lock1_mip_20260314_095009_assignments.csv,/home/rjaffray/projects/jaffray-masc-fhops-model/data/output/stdout/ka_40_sub56_lock1_mip_20260314_095009.out.txt,/home/rjaffray/projects/jaffray-masc-fhops-model/data/output/stderr/ka_40_sub56_lock1_mip_20260314_095009.err.txt,2026-03-16 02:01:50
pg,40,pg_40,,8,56,7,56,sa,True,0,9271.393,/home/rjaffray/projects/jaffray-masc-fhops-model/data/output/pg_40_sub56_lock7_sa_20260315_194636.json,/home/rjaffray/projects/jaffray-masc-fhops-model/data/output/pg_40_sub56_lock7_sa_20260315_194636_assignments.csv,/home/rjaffray/projects/jaffray-masc-fhops-model/data/output/stdout/pg_40_sub56_lock7_sa_20260315_194636.out.txt,/home/rjaffray/projects/jaffray-masc-fhops-model/data/output/stderr/pg_40_sub56_lock7_sa_20260315_194636.err.txt,2026-03-16 04:20:58
pg,40,pg_40,,8,56,14,56,mip,True,0,11188.244,/home/rjaffray/projects/jaffray-masc-fhops-model/data/output/pg_40_sub56_lock14_mip_20260316_042058.json,/home/rjaffray/projects/jaffray-masc-fhops-model/data/output/pg_40_sub56_lock14_mip_20260316_042058_assignments.csv,/home/rjaffray/projects/jaffray-masc-fhops-model/data/output/stdout/pg_40_sub56_lock14_mip_20260316_042058.out.txt,/home/rjaffray/projects/jaffray-masc-fhops-model/data/output/stderr/pg_40_sub56_lock14_mip_20260316_042058.err.txt,2026-03-16 07:27:26
pg,40,pg_40,,8,56,14,56,sa,True,0,5465.834,/home/rjaffray/projects/jaffray-masc-fhops-model/data/output/pg_40_sub56_lock14_sa_20260316_042058.json,/home/rjaffray/projects/jaffray-masc-fhops-model/data/output/pg_40_sub56_lock14_sa_20260316_042058_assignments.csv,/home/rjaffray/projects/jaffray-masc-fhops-model/data/output/stdout/pg_40_sub56_lock14_sa_20260316_042058.out.txt,/home/rjaffray/projects/jaffray-masc-fhops-model/data/output/stderr/pg_40_sub56_lock14_sa_20260316_042058.err.txt,2026-03-16 08:58:32
pg,40,8,56,1,sa,True,0,34525.881,,,,,,,,,,2026-03-16T09:55:32.919537
pg,40,pg_40,,16,112,1,112,mip,False,-6,4031.186,/home/rjaffray/projects/jaffray-masc-fhops-model/data/output/pg_40_sub112_lock1_mip_20260316_085832.json,/home/rjaffray/projects/jaffray-masc-fhops-model/data/output/pg_40_sub112_lock1_mip_20260316_085832_assignments.csv,/home/rjaffray/projects/jaffray-masc-fhops-model/data/output/stdout/pg_40_sub112_lock1_mip_20260316_085832.out.txt,/home/rjaffray/projects/jaffray-masc-fhops-model/data/output/stderr/pg_40_sub112_lock1_mip_20260316_085832.err.txt,2026-03-16 10:05:43
pg,40,8,56,14,mip,True,0,6392.094,,,,,,,,,,2026-03-16T11:42:05.014553
pg,40,8,56,14,sa,True,0,3274.968,,,,,,,,,,2026-03-16T12:36:39.983312
ni,40,ni_40,,4,28,1,28,mip,True,0,59114.323,/home/rjaffray/projects/jaffray-masc-fhops-model/data/output/ni_40_sub28_lock1_mip_20260315_232443.json,/home/rjaffray/projects/jaffray-masc-fhops-model/data/output/ni_40_sub28_lock1_mip_20260315_232443_assignments.csv,/home/rjaffray/projects/jaffray-masc-fhops-model/data/output/stdout/ni_40_sub28_lock1_mip_20260315_232443.out.txt,/home/rjaffray/projects/jaffray-masc-fhops-model/data/output/stderr/ni_40_sub28_lock1_mip_20260315_232443.err.txt,2026-03-16 15:49:58
ni,40,ni_40,,4,28,1,28,sa,True,0,8037.244,/home/rjaffray/projects/jaffray-masc-fhops-model/data/output/ni_40_sub28_lock1_sa_20260315_232443.json,/home/rjaffray/projects/jaffray-masc-fhops-model/data/output/ni_40_sub28_lock1_sa_20260315_232443_assignments.csv,/home/rjaffray/projects/jaffray-masc-fhops-model/data/output/stdout/ni_40_sub28_lock1_sa_20260315_232443.out.txt,/home/rjaffray/projects/jaffray-masc-fhops-model/data/output/stderr/ni_40_sub28_lock1_sa_20260315_232443.err.txt,2026-03-16 18:03:55
ni,40,ni_40,,4,28,7,28,mip,True,0,9097.971,/home/rjaffray/projects/jaffray-masc-fhops-model/data/output/ni_40_sub28_lock7_mip_20260316_180355.json,/home/rjaffray/projects/jaffray-masc-fhops-model/data/output/ni_40_sub28_lock7_mip_20260316_180355_assignments.csv,/home/rjaffray/projects/jaffray-masc-fhops-model/data/output/stdout/ni_40_sub28_lock7_mip_20260316_180355.out.txt,/home/rjaffray/projects/jaffray-masc-fhops-model/data/output/stderr/ni_40_sub28_lock7_mip_20260316_180355.err.txt,2026-03-16 20:35:33
ni,40,ni_40,,4,28,7,28,sa,True,0,1460.803,/home/rjaffray/projects/jaffray-masc-fhops-model/data/output/ni_40_sub28_lock7_sa_20260316_180355.json,/home/rjaffray/projects/jaffray-masc-fhops-model/data/output/ni_40_sub28_lock7_sa_20260316_180355_assignments.csv,/home/rjaffray/projects/jaffray-masc-fhops-model/data/output/stdout/ni_40_sub28_lock7_sa_20260316_180355.out.txt,/home/rjaffray/projects/jaffray-masc-fhops-model/data/output/stderr/ni_40_sub28_lock7_sa_20260316_180355.err.txt,2026-03-16 20:59:54
ka,40,ka_40,,8,56,1,56,sa,True,0,71602.666,/home/rjaffray/projects/jaffray-masc-fhops-model/data/output/ka_40_sub56_lock1_sa_20260314_095009.json,/home/rjaffray/projects/jaffray-masc-fhops-model/data/output/ka_40_sub56_lock1_sa_20260314_095009_assignments.csv,/home/rjaffray/projects/jaffray-masc-fhops-model/data/output/stdout/ka_40_sub56_lock1_sa_20260314_095009.out.txt,/home/rjaffray/projects/jaffray-masc-fhops-model/data/output/stderr/ka_40_sub56_lock1_sa_20260314_095009.err.txt,2026-03-16 21:55:12
ni,40,ni_40,,4,28,14,28,mip,True,0,4748.926,/home/rjaffray/projects/jaffray-masc-fhops-model/data/output/ni_40_sub28_lock14_mip_20260316_205954.json,/home/rjaffray/projects/jaffray-masc-fhops-model/data/output/ni_40_sub28_lock14_mip_20260316_205954_assignments.csv,/home/rjaffray/projects/jaffray-masc-fhops-model/data/output/stdout/ni_40_sub28_lock14_mip_20260316_205954.out.txt,/home/rjaffray/projects/jaffray-masc-fhops-model/data/output/stderr/ni_40_sub28_lock14_mip_20260316_205954.err.txt,2026-03-16 22:19:03
ni,40,ni_40,,4,28,14,28,sa,True,0,971.002,/home/rjaffray/projects/jaffray-masc-fhops-model/data/output/ni_40_sub28_lock14_sa_20260316_205954.json,/home/rjaffray/projects/jaffray-masc-fhops-model/data/output/ni_40_sub28_lock14_sa_20260316_205954_assignments.csv,/home/rjaffray/projects/jaffray-masc-fhops-model/data/output/stdout/ni_40_sub28_lock14_sa_20260316_205954.out.txt,/home/rjaffray/projects/jaffray-masc-fhops-model/data/output/stderr/ni_40_sub28_lock14_sa_20260316_205954.err.txt,2026-03-16 22:35:14
ka,40,ka_40,,8,56,7,56,mip,True,0,21560.549,/home/rjaffray/projects/jaffray-masc-fhops-model/data/output/ka_40_sub56_lock7_mip_20260316_215512.json,/home/rjaffray/projects/jaffray-masc-fhops-model/data/output/ka_40_sub56_lock7_mip_20260316_215512_assignments.csv,/home/rjaffray/projects/jaffray-masc-fhops-model/data/output/stdout/ka_40_sub56_lock7_mip_20260316_215512.out.txt,/home/rjaffray/projects/jaffray-masc-fhops-model/data/output/stderr/ka_40_sub56_lock7_mip_20260316_215512.err.txt,2026-03-17 03:54:33
ka,40,ka_40,,8,56,7,56,sa,True,0,11359.26,/home/rjaffray/projects/jaffray-masc-fhops-model/data/output/ka_40_sub56_lock7_sa_20260316_215512.json,/home/rjaffray/projects/jaffray-masc-fhops-model/data/output/ka_40_sub56_lock7_sa_20260316_215512_assignments.csv,/home/rjaffray/projects/jaffray-masc-fhops-model/data/output/stdout/ka_40_sub56_lock7_sa_20260316_215512.out.txt,/home/rjaffray/projects/jaffray-masc-fhops-model/data/output/stderr/ka_40_sub56_lock7_sa_20260316_215512.err.txt,2026-03-17 07:03:52
ka,40,ka_40,,8,56,14,56,mip,True,0,11153.137,/home/rjaffray/projects/jaffray-masc-fhops-model/data/output/ka_40_sub56_lock14_mip_20260317_070352.json,/home/rjaffray/projects/jaffray-masc-fhops-model/data/output/ka_40_sub56_lock14_mip_20260317_070352_assignments.csv,/home/rjaffray/projects/jaffray-masc-fhops-model/data/output/stdout/ka_40_sub56_lock14_mip_20260317_070352.out.txt,/home/rjaffray/projects/jaffray-masc-fhops-model/data/output/stderr/ka_40_sub56_lock14_mip_20260317_070352.err.txt,2026-03-17 10:09:45
ka,40,ka_40,,8,56,14,56,sa,True,0,6525.494,/home/rjaffray/projects/jaffray-masc-fhops-model/data/output/ka_40_sub56_lock14_sa_20260317_070352.json,/home/rjaffray/projects/jaffray-masc-fhops-model/data/output/ka_40_sub56_lock14_sa_20260317_070352_assignments.csv,/home/rjaffray/projects/jaffray-masc-fhops-model/data/output/stdout/ka_40_sub56_lock14_sa_20260317_070352.out.txt,/home/rjaffray/projects/jaffray-masc-fhops-model/data/output/stderr/ka_40_sub56_lock14_sa_20260317_070352.err.txt,2026-03-17 11:58:31
ka,40,ka_40,,16,112,1,112,mip,False,-6,4022.706,/home/rjaffray/projects/jaffray-masc-fhops-model/data/output/ka_40_sub112_lock1_mip_20260317_115831.json,/home/rjaffray/projects/jaffray-masc-fhops-model/data/output/ka_40_sub112_lock1_mip_20260317_115831_assignments.csv,/home/rjaffray/projects/jaffray-masc-fhops-model/data/output/stdout/ka_40_sub112_lock1_mip_20260317_115831.out.txt,/home/rjaffray/projects/jaffray-masc-fhops-model/data/output/stderr/ka_40_sub112_lock1_mip_20260317_115831.err.txt,2026-03-17 13:05:33
ni,40,ni_40,,8,56,1,56,mip,True,0,142713.302,/home/rjaffray/projects/jaffray-masc-fhops-model/data/output/ni_40_sub56_lock1_mip_20260316_223514.json,/home/rjaffray/projects/jaffray-masc-fhops-model/data/output/ni_40_sub56_lock1_mip_20260316_223514_assignments.csv,/home/rjaffray/projects/jaffray-masc-fhops-model/data/output/stdout/ni_40_sub56_lock1_mip_20260316_223514.out.txt,/home/rjaffray/projects/jaffray-masc-fhops-model/data/output/stderr/ni_40_sub56_lock1_mip_20260316_223514.err.txt,2026-03-18 14:13:47
ni,40,ni_40,,8,56,1,56,sa,True,0,52657.816,/home/rjaffray/projects/jaffray-masc-fhops-model/data/output/ni_40_sub56_lock1_sa_20260316_223514.json,/home/rjaffray/projects/jaffray-masc-fhops-model/data/output/ni_40_sub56_lock1_sa_20260316_223514_assignments.csv,/home/rjaffray/projects/jaffray-masc-fhops-model/data/output/stdout/ni_40_sub56_lock1_sa_20260316_223514.out.txt,/home/rjaffray/projects/jaffray-masc-fhops-model/data/output/stderr/ni_40_sub56_lock1_sa_20260316_223514.err.txt,2026-03-19 04:51:25
ni,40,ni_40,,8,56,7,56,mip,True,0,21337.147,/home/rjaffray/projects/jaffray-masc-fhops-model/data/output/ni_40_sub56_lock7_mip_20260319_045125.json,/home/rjaffray/projects/jaffray-masc-fhops-model/data/output/ni_40_sub56_lock7_mip_20260319_045125_assignments.csv,/home/rjaffray/projects/jaffray-masc-fhops-model/data/output/stdout/ni_40_sub56_lock7_mip_20260319_045125.out.txt,/home/rjaffray/projects/jaffray-masc-fhops-model/data/output/stderr/ni_40_sub56_lock7_mip_20260319_045125.err.txt,2026-03-19 10:47:02
ni,40,ni_40,,8,56,7,56,sa,True,0,8621.669,/home/rjaffray/projects/jaffray-masc-fhops-model/data/output/ni_40_sub56_lock7_sa_20260319_045125.json,/home/rjaffray/projects/jaffray-masc-fhops-model/data/output/ni_40_sub56_lock7_sa_20260319_045125_assignments.csv,/home/rjaffray/projects/jaffray-masc-fhops-model/data/output/stdout/ni_40_sub56_lock7_sa_20260319_045125.out.txt,/home/rjaffray/projects/jaffray-masc-fhops-model/data/output/stderr/ni_40_sub56_lock7_sa_20260319_045125.err.txt,2026-03-19 13:10:44
ni,40,ni_40,,8,56,14,56,mip,True,0,11072.615,/home/rjaffray/projects/jaffray-masc-fhops-model/data/output/ni_40_sub56_lock14_mip_20260319_131044.json,/home/rjaffray/projects/jaffray-masc-fhops-model/data/output/ni_40_sub56_lock14_mip_20260319_131044_assignments.csv,/home/rjaffray/projects/jaffray-masc-fhops-model/data/output/stdout/ni_40_sub56_lock14_mip_20260319_131044.out.txt,/home/rjaffray/projects/jaffray-masc-fhops-model/data/output/stderr/ni_40_sub56_lock14_mip_20260319_131044.err.txt,2026-03-19 16:15:16
ni,40,ni_40,,8,56,14,56,sa,True,0,4963.015,/home/rjaffray/projects/jaffray-masc-fhops-model/data/output/ni_40_sub56_lock14_sa_20260319_131044.json,/home/rjaffray/projects/jaffray-masc-fhops-model/data/output/ni_40_sub56_lock14_sa_20260319_131044_assignments.csv,/home/rjaffray/projects/jaffray-masc-fhops-model/data/output/stdout/ni_40_sub56_lock14_sa_20260319_131044.out.txt,/home/rjaffray/projects/jaffray-masc-fhops-model/data/output/stderr/ni_40_sub56_lock14_sa_20260319_131044.err.txt,2026-03-19 17:37:59
ni,40,ni_40,,16,112,1,112,mip,False,-6,3947.474,/home/rjaffray/projects/jaffray-masc-fhops-model/data/output/ni_40_sub112_lock1_mip_20260319_173759.json,/home/rjaffray/projects/jaffray-masc-fhops-model/data/output/ni_40_sub112_lock1_mip_20260319_173759_assignments.csv,/home/rjaffray/projects/jaffray-masc-fhops-model/data/output/stdout/ni_40_sub112_lock1_mip_20260319_173759.out.txt,/home/rjaffray/projects/jaffray-masc-fhops-model/data/output/stderr/ni_40_sub112_lock1_mip_20260319_173759.err.txt,2026-03-19 18:43:47
pg,40,pg_40,,16,112,1,112,sa,True,0,380668.111,/home/rjaffray/projects/jaffray-masc-fhops-model/data/output/pg_40_sub112_lock1_sa_20260316_085832.json,/home/rjaffray/projects/jaffray-masc-fhops-model/data/output/pg_40_sub112_lock1_sa_20260316_085832_assignments.csv,/home/rjaffray/projects/jaffray-masc-fhops-model/data/output/stdout/pg_40_sub112_lock1_sa_20260316_085832.out.txt,/home/rjaffray/projects/jaffray-masc-fhops-model/data/output/stderr/pg_40_sub112_lock1_sa_20260316_085832.err.txt,2026-03-20 19:50:12
pg,40,pg_40,,16,112,7,112,mip,False,-6,4084.829,/home/rjaffray/projects/jaffray-masc-fhops-model/data/output/pg_40_sub112_lock7_mip_20260320_195012.json,/home/rjaffray/projects/jaffray-masc-fhops-model/data/output/pg_40_sub112_lock7_mip_20260320_195012_assignments.csv,/home/rjaffray/projects/jaffray-masc-fhops-model/data/output/stdout/pg_40_sub112_lock7_mip_20260320_195012.out.txt,/home/rjaffray/projects/jaffray-masc-fhops-model/data/output/stderr/pg_40_sub112_lock7_mip_20260320_195012.err.txt,2026-03-20 20:58:16
ka,40,ka_40,,16,112,1,112,sa,True,0,300484.988,/home/rjaffray/projects/jaffray-masc-fhops-model/data/output/ka_40_sub112_lock1_sa_20260317_115831.json,/home/rjaffray/projects/jaffray-masc-fhops-model/data/output/ka_40_sub112_lock1_sa_20260317_115831_assignments.csv,/home/rjaffray/projects/jaffray-masc-fhops-model/data/output/stdout/ka_40_sub112_lock1_sa_20260317_115831.out.txt,/home/rjaffray/projects/jaffray-masc-fhops-model/data/output/stderr/ka_40_sub112_lock1_sa_20260317_115831.err.txt,2026-03-21 00:33:38
ka,40,ka_40,,16,112,7,112,mip,False,-6,3951.107,/home/rjaffray/projects/jaffray-masc-fhops-model/data/output/ka_40_sub112_lock7_mip_20260321_003338.json,/home/rjaffray/projects/jaffray-masc-fhops-model/data/output/ka_40_sub112_lock7_mip_20260321_003338_assignments.csv,/home/rjaffray/projects/jaffray-masc-fhops-model/data/output/stdout/ka_40_sub112_lock7_mip_20260321_003338.out.txt,/home/rjaffray/projects/jaffray-masc-fhops-model/data/output/stderr/ka_40_sub112_lock7_mip_20260321_003338.err.txt,2026-03-21 01:39:30
pg,40,pg_40,,16,112,7,112,sa,True,0,57362.265,/home/rjaffray/projects/jaffray-masc-fhops-model/data/output/pg_40_sub112_lock7_sa_20260320_195012.json,/home/rjaffray/projects/jaffray-masc-fhops-model/data/output/pg_40_sub112_lock7_sa_20260320_195012_assignments.csv,/home/rjaffray/projects/jaffray-masc-fhops-model/data/output/stdout/pg_40_sub112_lock7_sa_20260320_195012.out.txt,/home/rjaffray/projects/jaffray-masc-fhops-model/data/output/stderr/pg_40_sub112_lock7_sa_20260320_195012.err.txt,2026-03-21 12:54:19
ka,40,ka_40,,16,112,7,112,sa,True,0,44510.244,/home/rjaffray/projects/jaffray-masc-fhops-model/data/output/ka_40_sub112_lock7_sa_20260321_003338.json,/home/rjaffray/projects/jaffray-masc-fhops-model/data/output/ka_40_sub112_lock7_sa_20260321_003338_assignments.csv,/home/rjaffray/projects/jaffray-masc-fhops-model/data/output/stdout/ka_40_sub112_lock7_sa_20260321_003338.out.txt,/home/rjaffray/projects/jaffray-masc-fhops-model/data/output/stderr/ka_40_sub112_lock7_sa_20260321_003338.err.txt,2026-03-21 14:01:20
pg,40,pg_40,,16,112,14,112,mip,False,-6,4046.33,/home/rjaffray/projects/jaffray-masc-fhops-model/data/output/pg_40_sub112_lock14_mip_20260321_125419.json,/home/rjaffray/projects/jaffray-masc-fhops-model/data/output/pg_40_sub112_lock14_mip_20260321_125419_assignments.csv,/home/rjaffray/projects/jaffray-masc-fhops-model/data/output/stdout/pg_40_sub112_lock14_mip_20260321_125419.out.txt,/home/rjaffray/projects/jaffray-masc-fhops-model/data/output/stderr/pg_40_sub112_lock14_mip_20260321_125419.err.txt,2026-03-21 14:01:45
ka,40,ka_40,,16,112,14,112,mip,False,-6,4068.782,/home/rjaffray/projects/jaffray-masc-fhops-model/data/output/ka_40_sub112_lock14_mip_20260321_140120.json,/home/rjaffray/projects/jaffray-masc-fhops-model/data/output/ka_40_sub112_lock14_mip_20260321_140120_assignments.csv,/home/rjaffray/projects/jaffray-masc-fhops-model/data/output/stdout/ka_40_sub112_lock14_mip_20260321_140120.out.txt,/home/rjaffray/projects/jaffray-masc-fhops-model/data/output/stderr/ka_40_sub112_lock14_mip_20260321_140120.err.txt,2026-03-21 15:09:09
ka,40,ka_40,,16,112,14,112,sa,True,0,23413.255,/home/rjaffray/projects/jaffray-masc-fhops-model/data/output/ka_40_sub112_lock14_sa_20260321_140120.json,/home/rjaffray/projects/jaffray-masc-fhops-model/data/output/ka_40_sub112_lock14_sa_20260321_140120_assignments.csv,/home/rjaffray/projects/jaffray-masc-fhops-model/data/output/stdout/ka_40_sub112_lock14_sa_20260321_140120.out.txt,/home/rjaffray/projects/jaffray-masc-fhops-model/data/output/stderr/ka_40_sub112_lock14_sa_20260321_140120.err.txt,2026-03-21 21:39:22
pg,40,pg_40,,16,112,14,112,sa,True,0,30579.885,/home/rjaffray/projects/jaffray-masc-fhops-model/data/output/pg_40_sub112_lock14_sa_20260321_125419.json,/home/rjaffray/projects/jaffray-masc-fhops-model/data/output/pg_40_sub112_lock14_sa_20260321_125419_assignments.csv,/home/rjaffray/projects/jaffray-masc-fhops-model/data/output/stdout/pg_40_sub112_lock14_sa_20260321_125419.out.txt,/home/rjaffray/projects/jaffray-masc-fhops-model/data/output/stderr/pg_40_sub112_lock14_sa_20260321_125419.err.txt,2026-03-21 22:31:25
ka,6,ka_6,,2,14,1,14,mip,True,0,7222.182,/home/rjaffray/projects/jaffray-masc-fhops-model/data/output/ka_6_sub14_lock1_mip_20260321_223125.json,/home/rjaffray/projects/jaffray-masc-fhops-model/data/output/ka_6_sub14_lock1_mip_20260321_223125_assignments.csv,/home/rjaffray/projects/jaffray-masc-fhops-model/data/output/stdout/ka_6_sub14_lock1_mip_20260321_223125.out.txt,/home/rjaffray/projects/jaffray-masc-fhops-model/data/output/stderr/ka_6_sub14_lock1_mip_20260321_223125.err.txt,2026-03-22 00:31:47
ka,6,ka_6,,2,14,1,14,sa,True,0,143.11,/home/rjaffray/projects/jaffray-masc-fhops-model/data/output/ka_6_sub14_lock1_sa_20260321_223125.json,/home/rjaffray/projects/jaffray-masc-fhops-model/data/output/ka_6_sub14_lock1_sa_20260321_223125_assignments.csv,/home/rjaffray/projects/jaffray-masc-fhops-model/data/output/stdout/ka_6_sub14_lock1_sa_20260321_223125.out.txt,/home/rjaffray/projects/jaffray-masc-fhops-model/data/output/stderr/ka_6_sub14_lock1_sa_20260321_223125.err.txt,2026-03-22 00:34:10
ka,6,ka_6,,2,14,7,14,mip,True,0,1816.043,/home/rjaffray/projects/jaffray-masc-fhops-model/data/output/ka_6_sub14_lock7_mip_20260322_003410.json,/home/rjaffray/projects/jaffray-masc-fhops-model/data/output/ka_6_sub14_lock7_mip_20260322_003410_assignments.csv,/home/rjaffray/projects/jaffray-masc-fhops-model/data/output/stdout/ka_6_sub14_lock7_mip_20260322_003410.out.txt,/home/rjaffray/projects/jaffray-masc-fhops-model/data/output/stderr/ka_6_sub14_lock7_mip_20260322_003410.err.txt,2026-03-22 01:04:26
ka,6,ka_6,,2,14,7,14,sa,True,0,29.845,/home/rjaffray/projects/jaffray-masc-fhops-model/data/output/ka_6_sub14_lock7_sa_20260322_003410.json,/home/rjaffray/projects/jaffray-masc-fhops-model/data/output/ka_6_sub14_lock7_sa_20260322_003410_assignments.csv,/home/rjaffray/projects/jaffray-masc-fhops-model/data/output/stdout/ka_6_sub14_lock7_sa_20260322_003410.out.txt,/home/rjaffray/projects/jaffray-masc-fhops-model/data/output/stderr/ka_6_sub14_lock7_sa_20260322_003410.err.txt,2026-03-22 01:04:56
ka,6,ka_6,,2,14,14,14,mip,True,0,1803.65,/home/rjaffray/projects/jaffray-masc-fhops-model/data/output/ka_6_sub14_lock14_mip_20260322_010456.json,/home/rjaffray/projects/jaffray-masc-fhops-model/data/output/ka_6_sub14_lock14_mip_20260322_010456_assignments.csv,/home/rjaffray/projects/jaffray-masc-fhops-model/data/output/stdout/ka_6_sub14_lock14_mip_20260322_010456.out.txt,/home/rjaffray/projects/jaffray-masc-fhops-model/data/output/stderr/ka_6_sub14_lock14_mip_20260322_010456.err.txt,2026-03-22 01:35:00
ka,6,ka_6,,2,14,14,14,sa,True,0,20.569,/home/rjaffray/projects/jaffray-masc-fhops-model/data/output/ka_6_sub14_lock14_sa_20260322_010456.json,/home/rjaffray/projects/jaffray-masc-fhops-model/data/output/ka_6_sub14_lock14_sa_20260322_010456_assignments.csv,/home/rjaffray/projects/jaffray-masc-fhops-model/data/output/stdout/ka_6_sub14_lock14_sa_20260322_010456.out.txt,/home/rjaffray/projects/jaffray-masc-fhops-model/data/output/stderr/ka_6_sub14_lock14_sa_20260322_010456.err.txt,2026-03-22 01:35:20
ka,6,ka_6,,4,28,1,28,mip,True,0,31848.309,/home/rjaffray/projects/jaffray-masc-fhops-model/data/output/ka_6_sub28_lock1_mip_20260322_013520.json,/home/rjaffray/projects/jaffray-masc-fhops-model/data/output/ka_6_sub28_lock1_mip_20260322_013520_assignments.csv,/home/rjaffray/projects/jaffray-masc-fhops-model/data/output/stdout/ka_6_sub28_lock1_mip_20260322_013520.out.txt,/home/rjaffray/projects/jaffray-masc-fhops-model/data/output/stderr/ka_6_sub28_lock1_mip_20260322_013520.err.txt,2026-03-22 10:26:09
ka,6,ka_6,,4,28,1,28,sa,True,0,481.639,/home/rjaffray/projects/jaffray-masc-fhops-model/data/output/ka_6_sub28_lock1_sa_20260322_013520.json,/home/rjaffray/projects/jaffray-masc-fhops-model/data/output/ka_6_sub28_lock1_sa_20260322_013520_assignments.csv,/home/rjaffray/projects/jaffray-masc-fhops-model/data/output/stdout/ka_6_sub28_lock1_sa_20260322_013520.out.txt,/home/rjaffray/projects/jaffray-masc-fhops-model/data/output/stderr/ka_6_sub28_lock1_sa_20260322_013520.err.txt,2026-03-22 10:34:10
ka,6,ka_6,,4,28,7,28,mip,True,0,5017.2,/home/rjaffray/projects/jaffray-masc-fhops-model/data/output/ka_6_sub28_lock7_mip_20260322_103410.json,/home/rjaffray/projects/jaffray-masc-fhops-model/data/output/ka_6_sub28_lock7_mip_20260322_103410_assignments.csv,/home/rjaffray/projects/jaffray-masc-fhops-model/data/output/stdout/ka_6_sub28_lock7_mip_20260322_103410.out.txt,/home/rjaffray/projects/jaffray-masc-fhops-model/data/output/stderr/ka_6_sub28_lock7_mip_20260322_103410.err.txt,2026-03-22 11:57:47
ka,6,ka_6,,4,28,7,28,sa,True,0,82.817,/home/rjaffray/projects/jaffray-masc-fhops-model/data/output/ka_6_sub28_lock7_sa_20260322_103410.json,/home/rjaffray/projects/jaffray-masc-fhops-model/data/output/ka_6_sub28_lock7_sa_20260322_103410_assignments.csv,/home/rjaffray/projects/jaffray-masc-fhops-model/data/output/stdout/ka_6_sub28_lock7_sa_20260322_103410.out.txt,/home/rjaffray/projects/jaffray-masc-fhops-model/data/output/stderr/ka_6_sub28_lock7_sa_20260322_103410.err.txt,2026-03-22 11:59:10
ka,6,ka_6,,4,28,14,28,mip,True,0,3203.44,/home/rjaffray/projects/jaffray-masc-fhops-model/data/output/ka_6_sub28_lock14_mip_20260322_115910.json,/home/rjaffray/projects/jaffray-masc-fhops-model/data/output/ka_6_sub28_lock14_mip_20260322_115910_assignments.csv,/home/rjaffray/projects/jaffray-masc-fhops-model/data/output/stdout/ka_6_sub28_lock14_mip_20260322_115910.out.txt,/home/rjaffray/projects/jaffray-masc-fhops-model/data/output/stderr/ka_6_sub28_lock14_mip_20260322_115910.err.txt,2026-03-22 12:52:34
ka,6,ka_6,,4,28,14,28,sa,True,0,49.587,/home/rjaffray/projects/jaffray-masc-fhops-model/data/output/ka_6_sub28_lock14_sa_20260322_115910.json,/home/rjaffray/projects/jaffray-masc-fhops-model/data/output/ka_6_sub28_lock14_sa_20260322_115910_assignments.csv,/home/rjaffray/projects/jaffray-masc-fhops-model/data/output/stdout/ka_6_sub28_lock14_sa_20260322_115910.out.txt,/home/rjaffray/projects/jaffray-masc-fhops-model/data/output/stderr/ka_6_sub28_lock14_sa_20260322_115910.err.txt,2026-03-22 12:53:23
ka,6,ka_6,,8,56,1,56,mip,True,0,46390.333,/home/rjaffray/projects/jaffray-masc-fhops-model/data/output/ka_6_sub56_lock1_mip_20260322_125323.json,/home/rjaffray/projects/jaffray-masc-fhops-model/data/output/ka_6_sub56_lock1_mip_20260322_125323_assignments.csv,/home/rjaffray/projects/jaffray-masc-fhops-model/data/output/stdout/ka_6_sub56_lock1_mip_20260322_125323.out.txt,/home/rjaffray/projects/jaffray-masc-fhops-model/data/output/stderr/ka_6_sub56_lock1_mip_20260322_125323.err.txt,2026-03-23 01:46:34
ka,6,ka_6,,8,56,1,56,sa,True,0,1380.736,/home/rjaffray/projects/jaffray-masc-fhops-model/data/output/ka_6_sub56_lock1_sa_20260322_125323.json,/home/rjaffray/projects/jaffray-masc-fhops-model/data/output/ka_6_sub56_lock1_sa_20260322_125323_assignments.csv,/home/rjaffray/projects/jaffray-masc-fhops-model/data/output/stdout/ka_6_sub56_lock1_sa_20260322_125323.out.txt,/home/rjaffray/projects/jaffray-masc-fhops-model/data/output/stderr/ka_6_sub56_lock1_sa_20260322_125323.err.txt,2026-03-23 02:09:34
ka,6,ka_6,,8,56,7,56,mip,True,0,6493.067,/home/rjaffray/projects/jaffray-masc-fhops-model/data/output/ka_6_sub56_lock7_mip_20260323_020934.json,/home/rjaffray/projects/jaffray-masc-fhops-model/data/output/ka_6_sub56_lock7_mip_20260323_020934_assignments.csv,/home/rjaffray/projects/jaffray-masc-fhops-model/data/output/stdout/ka_6_sub56_lock7_mip_20260323_020934.out.txt,/home/rjaffray/projects/jaffray-masc-fhops-model/data/output/stderr/ka_6_sub56_lock7_mip_20260323_020934.err.txt,2026-03-23 03:57:47
ka,6,ka_6,,8,56,7,56,sa,True,0,210.926,/home/rjaffray/projects/jaffray-masc-fhops-model/data/output/ka_6_sub56_lock7_sa_20260323_020934.json,/home/rjaffray/projects/jaffray-masc-fhops-model/data/output/ka_6_sub56_lock7_sa_20260323_020934_assignments.csv,/home/rjaffray/projects/jaffray-masc-fhops-model/data/output/stdout/ka_6_sub56_lock7_sa_20260323_020934.out.txt,/home/rjaffray/projects/jaffray-masc-fhops-model/data/output/stderr/ka_6_sub56_lock7_sa_20260323_020934.err.txt,2026-03-23 04:01:18
ka,6,ka_6,,8,56,14,56,mip,True,0,3857.092,/home/rjaffray/projects/jaffray-masc-fhops-model/data/output/ka_6_sub56_lock14_mip_20260323_040118.json,/home/rjaffray/projects/jaffray-masc-fhops-model/data/output/ka_6_sub56_lock14_mip_20260323_040118_assignments.csv,/home/rjaffray/projects/jaffray-masc-fhops-model/data/output/stdout/ka_6_sub56_lock14_mip_20260323_040118.out.txt,/home/rjaffray/projects/jaffray-masc-fhops-model/data/output/stderr/ka_6_sub56_lock14_mip_20260323_040118.err.txt,2026-03-23 05:05:35
ka,6,ka_6,,8,56,14,56,sa,True,0,115.972,/home/rjaffray/projects/jaffray-masc-fhops-model/data/output/ka_6_sub56_lock14_sa_20260323_040118.json,/home/rjaffray/projects/jaffray-masc-fhops-model/data/output/ka_6_sub56_lock14_sa_20260323_040118_assignments.csv,/home/rjaffray/projects/jaffray-masc-fhops-model/data/output/stdout/ka_6_sub56_lock14_sa_20260323_040118.out.txt,/home/rjaffray/projects/jaffray-masc-fhops-model/data/output/stderr/ka_6_sub56_lock14_sa_20260323_040118.err.txt,2026-03-23 05:07:31
ka,6,ka_6,,16,112,1,112,mip,True,0,57043.054,/home/rjaffray/projects/jaffray-masc-fhops-model/data/output/ka_6_sub112_lock1_mip_20260323_050731.json,/home/rjaffray/projects/jaffray-masc-fhops-model/data/output/ka_6_sub112_lock1_mip_20260323_050731_assignments.csv,/home/rjaffray/projects/jaffray-masc-fhops-model/data/output/stdout/ka_6_sub112_lock1_mip_20260323_050731.out.txt,/home/rjaffray/projects/jaffray-masc-fhops-model/data/output/stderr/ka_6_sub112_lock1_mip_20260323_050731.err.txt,2026-03-23 20:58:14
ka,6,ka_6,,16,112,1,112,sa,True,0,3771.732,/home/rjaffray/projects/jaffray-masc-fhops-model/data/output/ka_6_sub112_lock1_sa_20260323_050731.json,/home/rjaffray/projects/jaffray-masc-fhops-model/data/output/ka_6_sub112_lock1_sa_20260323_050731_assignments.csv,/home/rjaffray/projects/jaffray-masc-fhops-model/data/output/stdout/ka_6_sub112_lock1_sa_20260323_050731.out.txt,/home/rjaffray/projects/jaffray-masc-fhops-model/data/output/stderr/ka_6_sub112_lock1_sa_20260323_050731.err.txt,2026-03-23 22:01:06
ka,6,ka_6,,16,112,7,112,mip,True,0,8156.486,/home/rjaffray/projects/jaffray-masc-fhops-model/data/output/ka_6_sub112_lock7_mip_20260323_220106.json,/home/rjaffray/projects/jaffray-masc-fhops-model/data/output/ka_6_sub112_lock7_mip_20260323_220106_assignments.csv,/home/rjaffray/projects/jaffray-masc-fhops-model/data/output/stdout/ka_6_sub112_lock7_mip_20260323_220106.out.txt,/home/rjaffray/projects/jaffray-masc-fhops-model/data/output/stderr/ka_6_sub112_lock7_mip_20260323_220106.err.txt,2026-03-24 00:17:03
ka,6,ka_6,,16,112,7,112,sa,True,0,550.142,/home/rjaffray/projects/jaffray-masc-fhops-model/data/output/ka_6_sub112_lock7_sa_20260323_220106.json,/home/rjaffray/projects/jaffray-masc-fhops-model/data/output/ka_6_sub112_lock7_sa_20260323_220106_assignments.csv,/home/rjaffray/projects/jaffray-masc-fhops-model/data/output/stdout/ka_6_sub112_lock7_sa_20260323_220106.out.txt,/home/rjaffray/projects/jaffray-masc-fhops-model/data/output/stderr/ka_6_sub112_lock7_sa_20260323_220106.err.txt,2026-03-24 00:26:13
ka,6,ka_6,,16,112,14,112,mip,True,0,4774.049,/home/rjaffray/projects/jaffray-masc-fhops-model/data/output/ka_6_sub112_lock14_mip_20260324_002613.json,/home/rjaffray/projects/jaffray-masc-fhops-model/data/output/ka_6_sub112_lock14_mip_20260324_002613_assignments.csv,/home/rjaffray/projects/jaffray-masc-fhops-model/data/output/stdout/ka_6_sub112_lock14_mip_20260324_002613.out.txt,/home/rjaffray/projects/jaffray-masc-fhops-model/data/output/stderr/ka_6_sub112_lock14_mip_20260324_002613.err.txt,2026-03-24 01:45:47
ka,6,ka_6,,16,112,14,112,sa,True,0,285.795,/home/rjaffray/projects/jaffray-masc-fhops-model/data/output/ka_6_sub112_lock14_sa_20260324_002613.json,/home/rjaffray/projects/jaffray-masc-fhops-model/data/output/ka_6_sub112_lock14_sa_20260324_002613_assignments.csv,/home/rjaffray/projects/jaffray-masc-fhops-model/data/output/stdout/ka_6_sub112_lock14_sa_20260324_002613.out.txt,/home/rjaffray/projects/jaffray-masc-fhops-model/data/output/stderr/ka_6_sub112_lock14_sa_20260324_002613.err.txt,2026-03-24 01:50:33
