machine_id,block_id,day,assigned,scenario,solver,master_days,subproblem_days,lock_days,start_day
fb_01,B77363,1,1,MASc KA 18 blocks,sa,112,112,7,1
fb_01,B78910,1,1,MASc KA 18 blocks,sa,112,112,7,1
fb_01,B81877,1,1,MASc KA 18 blocks,sa,112,112,7,1
fb_02,B77363,1,1,MASc KA 18 blocks,sa,112,112,7,1
fb_02,B78567,1,1,MASc KA 18 blocks,sa,112,112,7,1
fb_02,B79027,1,1,MASc KA 18 blocks,sa,112,112,7,1
fb_03,B76319,1,1,MASc KA 18 blocks,sa,112,112,7,1
fb_03,B78567,1,1,MASc KA 18 blocks,sa,112,112,7,1
fb_03,B79027,1,1,MASc KA 18 blocks,sa,112,112,7,1
fb_01,B74735,2,1,MASc KA 18 blocks,sa,112,112,7,1
fb_01,B77363,2,1,MASc KA 18 blocks,sa,112,112,7,1
fb_01,B84093,2,1,MASc KA 18 blocks,sa,112,112,7,1
fb_02,B78567,2,1,MASc KA 18 blocks,sa,112,112,7,1
fb_02,B78567,2,1,MASc KA 18 blocks,sa,112,112,7,1
fb_02,B78567,2,1,MASc KA 18 blocks,sa,112,112,7,1
fb_03,B77300,2,1,MASc KA 18 blocks,sa,112,112,7,1
fb_03,B78567,2,1,MASc KA 18 blocks,sa,112,112,7,1
fb_03,B78567,2,1,MASc KA 18 blocks,sa,112,112,7,1
sk_01,B77363,2,1,MASc KA 18 blocks,sa,112,112,7,1
sk_01,B78567,2,1,MASc KA 18 blocks,sa,112,112,7,1
sk_01,B79027,2,1,MASc KA 18 blocks,sa,112,112,7,1
sk_02,B77363,2,1,MASc KA 18 blocks,sa,112,112,7,1
sk_02,B79027,2,1,MASc KA 18 blocks,sa,112,112,7,1
sk_02,B81877,2,1,MASc KA 18 blocks,sa,112,112,7,1
sk_03,B77363,2,1,MASc KA 18 blocks,sa,112,112,7,1
sk_03,B77363,2,1,MASc KA 18 blocks,sa,112,112,7,1
sk_03,B78910,2,1,MASc KA 18 blocks,sa,112,112,7,1
fb_01,B78910,3,1,MASc KA 18 blocks,sa,112,112,7,1
fb_01,B81877,3,1,MASc KA 18 blocks,sa,112,112,7,1
fb_01,B82792,3,1,MASc KA 18 blocks,sa,112,112,7,1
fb_02,B83275,3,1,MASc KA 18 blocks,sa,112,112,7,1
fb_02,B83275,3,1,MASc KA 18 blocks,sa,112,112,7,1
fb_02,B83275,3,1,MASc KA 18 blocks,sa,112,112,7,1
fb_03,B80395,3,1,MASc KA 18 blocks,sa,112,112,7,1
fb_03,B83275,3,1,MASc KA 18 blocks,sa,112,112,7,1
fb_03,B83275,3,1,MASc KA 18 blocks,sa,112,112,7,1
pr_01,B77363,3,1,MASc KA 18 blocks,sa,112,112,7,1
pr_01,B78567,3,1,MASc KA 18 blocks,sa,112,112,7,1
pr_01,B79027,3,1,MASc KA 18 blocks,sa,112,112,7,1
pr_02,B77363,3,1,MASc KA 18 blocks,sa,112,112,7,1
pr_02,B79027,3,1,MASc KA 18 blocks,sa,112,112,7,1
pr_03,B77363,3,1,MASc KA 18 blocks,sa,112,112,7,1
pr_03,B81877,3,1,MASc KA 18 blocks,sa,112,112,7,1
sk_01,B77300,3,1,MASc KA 18 blocks,sa,112,112,7,1
sk_01,B78567,3,1,MASc KA 18 blocks,sa,112,112,7,1
sk_01,B78567,3,1,MASc KA 18 blocks,sa,112,112,7,1
sk_02,B77363,3,1,MASc KA 18 blocks,sa,112,112,7,1
sk_02,B78567,3,1,MASc KA 18 blocks,sa,112,112,7,1
sk_02,B84093,3,1,MASc KA 18 blocks,sa,112,112,7,1
sk_03,B77363,3,1,MASc KA 18 blocks,sa,112,112,7,1
sk_03,B78567,3,1,MASc KA 18 blocks,sa,112,112,7,1
sk_03,B84093,3,1,MASc KA 18 blocks,sa,112,112,7,1
fb_01,B77363,4,1,MASc KA 18 blocks,sa,112,112,7,1
fb_01,B77363,4,1,MASc KA 18 blocks,sa,112,112,7,1
fb_01,B78910,4,1,MASc KA 18 blocks,sa,112,112,7,1
fb_02,B78910,4,1,MASc KA 18 blocks,sa,112,112,7,1
fb_02,B80395,4,1,MASc KA 18 blocks,sa,112,112,7,1
fb_02,B80395,4,1,MASc KA 18 blocks,sa,112,112,7,1
fb_03,B80395,4,1,MASc KA 18 blocks,sa,112,112,7,1
fb_03,B80395,4,1,MASc KA 18 blocks,sa,112,112,7,1
fb_03,B80395,4,1,MASc KA 18 blocks,sa,112,112,7,1
ld_01,B77363,4,1,MASc KA 18 blocks,sa,112,112,7,1
ld_01,B79027,4,1,MASc KA 18 blocks,sa,112,112,7,1
ld_02,B77363,4,1,MASc KA 18 blocks,sa,112,112,7,1
ld_02,B77363,4,1,MASc KA 18 blocks,sa,112,112,7,1
ld_03,B79027,4,1,MASc KA 18 blocks,sa,112,112,7,1
pr_01,B77300,4,1,MASc KA 18 blocks,sa,112,112,7,1
pr_01,B78567,4,1,MASc KA 18 blocks,sa,112,112,7,1
pr_01,B78567,4,1,MASc KA 18 blocks,sa,112,112,7,1
pr_02,B77363,4,1,MASc KA 18 blocks,sa,112,112,7,1
pr_02,B78567,4,1,MASc KA 18 blocks,sa,112,112,7,1
pr_02,B78567,4,1,MASc KA 18 blocks,sa,112,112,7,1
pr_03,B77363,4,1,MASc KA 18 blocks,sa,112,112,7,1
pr_03,B84093,4,1,MASc KA 18 blocks,sa,112,112,7,1
sk_01,B81877,4,1,MASc KA 18 blocks,sa,112,112,7,1
sk_01,B82792,4,1,MASc KA 18 blocks,sa,112,112,7,1
sk_01,B83275,4,1,MASc KA 18 blocks,sa,112,112,7,1
sk_02,B78567,4,1,MASc KA 18 blocks,sa,112,112,7,1
sk_02,B83275,4,1,MASc KA 18 blocks,sa,112,112,7,1
sk_02,B83275,4,1,MASc KA 18 blocks,sa,112,112,7,1
sk_03,B78910,4,1,MASc KA 18 blocks,sa,112,112,7,1
sk_03,B78910,4,1,MASc KA 18 blocks,sa,112,112,7,1
sk_03,B83275,4,1,MASc KA 18 blocks,sa,112,112,7,1
fb_01,B74735,5,1,MASc KA 18 blocks,sa,112,112,7,1
fb_01,B78910,5,1,MASc KA 18 blocks,sa,112,112,7,1
fb_01,B82792,5,1,MASc KA 18 blocks,sa,112,112,7,1
fb_02,B80395,5,1,MASc KA 18 blocks,sa,112,112,7,1
fb_02,B81779,5,1,MASc KA 18 blocks,sa,112,112,7,1
fb_02,B81779,5,1,MASc KA 18 blocks,sa,112,112,7,1
fb_03,B77651,5,1,MASc KA 18 blocks,sa,112,112,7,1
fb_03,B80395,5,1,MASc KA 18 blocks,sa,112,112,7,1
fb_03,B81779,5,1,MASc KA 18 blocks,sa,112,112,7,1
ld_01,B77300,5,1,MASc KA 18 blocks,sa,112,112,7,1
ld_01,B78567,5,1,MASc KA 18 blocks,sa,112,112,7,1
ld_01,B84093,5,1,MASc KA 18 blocks,sa,112,112,7,1
ld_02,B78567,5,1,MASc KA 18 blocks,sa,112,112,7,1
ld_02,B78567,5,1,MASc KA 18 blocks,sa,112,112,7,1
ld_03,B77363,5,1,MASc KA 18 blocks,sa,112,112,7,1
ld_03,B77363,5,1,MASc KA 18 blocks,sa,112,112,7,1
pr_01,B78567,5,1,MASc KA 18 blocks,sa,112,112,7,1
pr_01,B78910,5,1,MASc KA 18 blocks,sa,112,112,7,1
pr_01,B83275,5,1,MASc KA 18 blocks,sa,112,112,7,1
pr_02,B78910,5,1,MASc KA 18 blocks,sa,112,112,7,1
pr_02,B82792,5,1,MASc KA 18 blocks,sa,112,112,7,1
pr_02,B83275,5,1,MASc KA 18 blocks,sa,112,112,7,1
pr_03,B81877,5,1,MASc KA 18 blocks,sa,112,112,7,1
pr_03,B81877,5,1,MASc KA 18 blocks,sa,112,112,7,1
pr_03,B83275,5,1,MASc KA 18 blocks,sa,112,112,7,1
sk_01,B77363,5,1,MASc KA 18 blocks,sa,112,112,7,1
sk_01,B77363,5,1,MASc KA 18 blocks,sa,112,112,7,1
sk_01,B78910,5,1,MASc KA 18 blocks,sa,112,112,7,1
sk_02,B77363,5,1,MASc KA 18 blocks,sa,112,112,7,1
sk_02,B78910,5,1,MASc KA 18 blocks,sa,112,112,7,1
sk_02,B78910,5,1,MASc KA 18 blocks,sa,112,112,7,1
sk_03,B77363,5,1,MASc KA 18 blocks,sa,112,112,7,1
sk_03,B78910,5,1,MASc KA 18 blocks,sa,112,112,7,1
sk_03,B80395,5,1,MASc KA 18 blocks,sa,112,112,7,1
fb_01,B77363,6,1,MASc KA 18 blocks,sa,112,112,7,1
fb_01,B78910,6,1,MASc KA 18 blocks,sa,112,112,7,1
fb_01,B82792,6,1,MASc KA 18 blocks,sa,112,112,7,1
fb_02,B77651,6,1,MASc KA 18 blocks,sa,112,112,7,1
fb_02,B77651,6,1,MASc KA 18 blocks,sa,112,112,7,1
fb_02,B78910,6,1,MASc KA 18 blocks,sa,112,112,7,1
fb_03,B77651,6,1,MASc KA 18 blocks,sa,112,112,7,1
fb_03,B77651,6,1,MASc KA 18 blocks,sa,112,112,7,1
fb_03,B77651,6,1,MASc KA 18 blocks,sa,112,112,7,1
ld_01,B78910,6,1,MASc KA 18 blocks,sa,112,112,7,1
ld_01,B81877,6,1,MASc KA 18 blocks,sa,112,112,7,1
ld_02,B81877,6,1,MASc KA 18 blocks,sa,112,112,7,1
ld_02,B83275,6,1,MASc KA 18 blocks,sa,112,112,7,1
ld_03,B78567,6,1,MASc KA 18 blocks,sa,112,112,7,1
pr_01,B77363,6,1,MASc KA 18 blocks,sa,112,112,7,1
pr_01,B78910,6,1,MASc KA 18 blocks,sa,112,112,7,1
pr_01,B78910,6,1,MASc KA 18 blocks,sa,112,112,7,1
pr_02,B77363,6,1,MASc KA 18 blocks,sa,112,112,7,1
pr_02,B78910,6,1,MASc KA 18 blocks,sa,112,112,7,1
pr_02,B83275,6,1,MASc KA 18 blocks,sa,112,112,7,1
pr_03,B77363,6,1,MASc KA 18 blocks,sa,112,112,7,1
pr_03,B78910,6,1,MASc KA 18 blocks,sa,112,112,7,1
pr_03,B83275,6,1,MASc KA 18 blocks,sa,112,112,7,1
sk_01,B78910,6,1,MASc KA 18 blocks,sa,112,112,7,1
sk_01,B80395,6,1,MASc KA 18 blocks,sa,112,112,7,1
sk_01,B81779,6,1,MASc KA 18 blocks,sa,112,112,7,1
sk_02,B80395,6,1,MASc KA 18 blocks,sa,112,112,7,1
sk_02,B81779,6,1,MASc KA 18 blocks,sa,112,112,7,1
sk_02,B82792,6,1,MASc KA 18 blocks,sa,112,112,7,1
sk_03,B78910,6,1,MASc KA 18 blocks,sa,112,112,7,1
sk_03,B80395,6,1,MASc KA 18 blocks,sa,112,112,7,1
sk_03,B83275,6,1,MASc KA 18 blocks,sa,112,112,7,1
fb_01,B76319,7,1,MASc KA 18 blocks,sa,112,112,7,1
fb_01,B77651,7,1,MASc KA 18 blocks,sa,112,112,7,1
fb_01,B82792,7,1,MASc KA 18 blocks,sa,112,112,7,1
fb_02,B77363,7,1,MASc KA 18 blocks,sa,112,112,7,1
fb_02,B77651,7,1,MASc KA 18 blocks,sa,112,112,7,1
fb_02,B77651,7,1,MASc KA 18 blocks,sa,112,112,7,1
fb_03,B74735,7,1,MASc KA 18 blocks,sa,112,112,7,1
fb_03,B77651,7,1,MASc KA 18 blocks,sa,112,112,7,1
fb_03,B77718,7,1,MASc KA 18 blocks,sa,112,112,7,1
ld_01,B77363,7,1,MASc KA 18 blocks,sa,112,112,7,1
ld_01,B77363,7,1,MASc KA 18 blocks,sa,112,112,7,1
ld_01,B78910,7,1,MASc KA 18 blocks,sa,112,112,7,1
ld_02,B77363,7,1,MASc KA 18 blocks,sa,112,112,7,1
ld_02,B78910,7,1,MASc KA 18 blocks,sa,112,112,7,1
ld_02,B83275,7,1,MASc KA 18 blocks,sa,112,112,7,1
ld_03,B78910,7,1,MASc KA 18 blocks,sa,112,112,7,1
ld_03,B78910,7,1,MASc KA 18 blocks,sa,112,112,7,1
pr_01,B78910,7,1,MASc KA 18 blocks,sa,112,112,7,1
pr_01,B80395,7,1,MASc KA 18 blocks,sa,112,112,7,1
pr_01,B83275,7,1,MASc KA 18 blocks,sa,112,112,7,1
pr_02,B78910,7,1,MASc KA 18 blocks,sa,112,112,7,1
pr_02,B80395,7,1,MASc KA 18 blocks,sa,112,112,7,1
pr_02,B80395,7,1,MASc KA 18 blocks,sa,112,112,7,1
pr_03,B80395,7,1,MASc KA 18 blocks,sa,112,112,7,1
pr_03,B81779,7,1,MASc KA 18 blocks,sa,112,112,7,1
pr_03,B82792,7,1,MASc KA 18 blocks,sa,112,112,7,1
sk_01,B77363,7,1,MASc KA 18 blocks,sa,112,112,7,1
sk_01,B77651,7,1,MASc KA 18 blocks,sa,112,112,7,1
sk_01,B78910,7,1,MASc KA 18 blocks,sa,112,112,7,1
sk_02,B77651,7,1,MASc KA 18 blocks,sa,112,112,7,1
sk_02,B78910,7,1,MASc KA 18 blocks,sa,112,112,7,1
sk_02,B78910,7,1,MASc KA 18 blocks,sa,112,112,7,1
sk_03,B77363,7,1,MASc KA 18 blocks,sa,112,112,7,1
sk_03,B77651,7,1,MASc KA 18 blocks,sa,112,112,7,1
sk_03,B82792,7,1,MASc KA 18 blocks,sa,112,112,7,1
fb_01,B77363,8,1,MASc KA 18 blocks,sa,112,112,7,1
fb_01,B78910,8,1,MASc KA 18 blocks,sa,112,112,7,1
fb_01,B81877,8,1,MASc KA 18 blocks,sa,112,112,7,1
fb_02,B77363,8,1,MASc KA 18 blocks,sa,112,112,7,1
fb_02,B78567,8,1,MASc KA 18 blocks,sa,112,112,7,1
fb_02,B79027,8,1,MASc KA 18 blocks,sa,112,112,7,1
fb_03,B77363,8,1,MASc KA 18 blocks,sa,112,112,7,1
fb_03,B78567,8,1,MASc KA 18 blocks,sa,112,112,7,1
fb_03,B79027,8,1,MASc KA 18 blocks,sa,112,112,7,1
fb_01,B77363,9,1,MASc KA 18 blocks,sa,112,112,7,1
fb_01,B82792,9,1,MASc KA 18 blocks,sa,112,112,7,1
fb_01,B84093,9,1,MASc KA 18 blocks,sa,112,112,7,1
fb_02,B78567,9,1,MASc KA 18 blocks,sa,112,112,7,1
fb_02,B78567,9,1,MASc KA 18 blocks,sa,112,112,7,1
fb_02,B78567,9,1,MASc KA 18 blocks,sa,112,112,7,1
fb_03,B77300,9,1,MASc KA 18 blocks,sa,112,112,7,1
fb_03,B78567,9,1,MASc KA 18 blocks,sa,112,112,7,1
fb_03,B78910,9,1,MASc KA 18 blocks,sa,112,112,7,1
sk_01,B78567,9,1,MASc KA 18 blocks,sa,112,112,7,1
sk_01,B79027,9,1,MASc KA 18 blocks,sa,112,112,7,1
sk_01,B79027,9,1,MASc KA 18 blocks,sa,112,112,7,1
sk_02,B77363,9,1,MASc KA 18 blocks,sa,112,112,7,1
sk_02,B77363,9,1,MASc KA 18 blocks,sa,112,112,7,1
sk_02,B81877,9,1,MASc KA 18 blocks,sa,112,112,7,1
sk_03,B77363,9,1,MASc KA 18 blocks,sa,112,112,7,1
sk_03,B77363,9,1,MASc KA 18 blocks,sa,112,112,7,1
sk_03,B78910,9,1,MASc KA 18 blocks,sa,112,112,7,1
fb_01,B78910,10,1,MASc KA 18 blocks,sa,112,112,7,1
fb_01,B81877,10,1,MASc KA 18 blocks,sa,112,112,7,1
fb_01,B82792,10,1,MASc KA 18 blocks,sa,112,112,7,1
fb_02,B77363,10,1,MASc KA 18 blocks,sa,112,112,7,1
fb_02,B83275,10,1,MASc KA 18 blocks,sa,112,112,7,1
fb_02,B83275,10,1,MASc KA 18 blocks,sa,112,112,7,1
fb_03,B80395,10,1,MASc KA 18 blocks,sa,112,112,7,1
fb_03,B83275,10,1,MASc KA 18 blocks,sa,112,112,7,1
fb_03,B83275,10,1,MASc KA 18 blocks,sa,112,112,7,1
pr_01,B77363,10,1,MASc KA 18 blocks,sa,112,112,7,1
pr_01,B77363,10,1,MASc KA 18 blocks,sa,112,112,7,1
pr_01,B81877,10,1,MASc KA 18 blocks,sa,112,112,7,1
pr_02,B77363,10,1,MASc KA 18 blocks,sa,112,112,7,1
pr_02,B79027,10,1,MASc KA 18 blocks,sa,112,112,7,1
pr_03,B78567,10,1,MASc KA 18 blocks,sa,112,112,7,1
pr_03,B79027,10,1,MASc KA 18 blocks,sa,112,112,7,1
sk_01,B77300,10,1,MASc KA 18 blocks,sa,112,112,7,1
sk_01,B78567,10,1,MASc KA 18 blocks,sa,112,112,7,1
sk_01,B78567,10,1,MASc KA 18 blocks,sa,112,112,7,1
sk_02,B77363,10,1,MASc KA 18 blocks,sa,112,112,7,1
sk_02,B78567,10,1,MASc KA 18 blocks,sa,112,112,7,1
sk_02,B78567,10,1,MASc KA 18 blocks,sa,112,112,7,1
sk_03,B77363,10,1,MASc KA 18 blocks,sa,112,112,7,1
sk_03,B77363,10,1,MASc KA 18 blocks,sa,112,112,7,1
sk_03,B77363,10,1,MASc KA 18 blocks,sa,112,112,7,1
fb_01,B77363,11,1,MASc KA 18 blocks,sa,112,112,7,1
fb_01,B78910,11,1,MASc KA 18 blocks,sa,112,112,7,1
fb_01,B84093,11,1,MASc KA 18 blocks,sa,112,112,7,1
fb_02,B77651,11,1,MASc KA 18 blocks,sa,112,112,7,1
fb_02,B78567,11,1,MASc KA 18 blocks,sa,112,112,7,1
fb_02,B80395,11,1,MASc KA 18 blocks,sa,112,112,7,1
fb_03,B80395,11,1,MASc KA 18 blocks,sa,112,112,7,1
fb_03,B80395,11,1,MASc KA 18 blocks,sa,112,112,7,1
fb_03,B80395,11,1,MASc KA 18 blocks,sa,112,112,7,1
ld_01,B77363,11,1,MASc KA 18 blocks,sa,112,112,7,1
ld_01,B79027,11,1,MASc KA 18 blocks,sa,112,112,7,1
ld_02,B77363,11,1,MASc KA 18 blocks,sa,112,112,7,1
ld_02,B79027,11,1,MASc KA 18 blocks,sa,112,112,7,1
ld_03,B77363,11,1,MASc KA 18 blocks,sa,112,112,7,1
pr_01,B77363,11,1,MASc KA 18 blocks,sa,112,112,7,1
pr_01,B78567,11,1,MASc KA 18 blocks,sa,112,112,7,1
pr_01,B78567,11,1,MASc KA 18 blocks,sa,112,112,7,1
pr_02,B77363,11,1,MASc KA 18 blocks,sa,112,112,7,1
pr_02,B77363,11,1,MASc KA 18 blocks,sa,112,112,7,1
pr_02,B78567,11,1,MASc KA 18 blocks,sa,112,112,7,1
pr_03,B77300,11,1,MASc KA 18 blocks,sa,112,112,7,1
pr_03,B77363,11,1,MASc KA 18 blocks,sa,112,112,7,1
pr_03,B78567,11,1,MASc KA 18 blocks,sa,112,112,7,1
sk_01,B81877,11,1,MASc KA 18 blocks,sa,112,112,7,1
sk_01,B82792,11,1,MASc KA 18 blocks,sa,112,112,7,1
sk_01,B84093,11,1,MASc KA 18 blocks,sa,112,112,7,1
sk_02,B78910,11,1,MASc KA 18 blocks,sa,112,112,7,1
sk_02,B82792,11,1,MASc KA 18 blocks,sa,112,112,7,1
sk_02,B83275,11,1,MASc KA 18 blocks,sa,112,112,7,1
sk_03,B77363,11,1,MASc KA 18 blocks,sa,112,112,7,1
sk_03,B78910,11,1,MASc KA 18 blocks,sa,112,112,7,1
sk_03,B84093,11,1,MASc KA 18 blocks,sa,112,112,7,1
fb_01,B74735,12,1,MASc KA 18 blocks,sa,112,112,7,1
fb_01,B78910,12,1,MASc KA 18 blocks,sa,112,112,7,1
fb_01,B82792,12,1,MASc KA 18 blocks,sa,112,112,7,1
fb_02,B76352,12,1,MASc KA 18 blocks,sa,112,112,7,1
fb_02,B80395,12,1,MASc KA 18 blocks,sa,112,112,7,1
fb_02,B81779,12,1,MASc KA 18 blocks,sa,112,112,7,1
fb_03,B77651,12,1,MASc KA 18 blocks,sa,112,112,7,1
fb_03,B80395,12,1,MASc KA 18 blocks,sa,112,112,7,1
fb_03,B81779,12,1,MASc KA 18 blocks,sa,112,112,7,1
ld_01,B77363,12,1,MASc KA 18 blocks,sa,112,112,7,1
ld_01,B77363,12,1,MASc KA 18 blocks,sa,112,112,7,1
ld_01,B78567,12,1,MASc KA 18 blocks,sa,112,112,7,1
ld_02,B77300,12,1,MASc KA 18 blocks,sa,112,112,7,1
ld_02,B77363,12,1,MASc KA 18 blocks,sa,112,112,7,1
ld_02,B77363,12,1,MASc KA 18 blocks,sa,112,112,7,1
ld_03,B78567,12,1,MASc KA 18 blocks,sa,112,112,7,1
ld_03,B78567,12,1,MASc KA 18 blocks,sa,112,112,7,1
pr_01,B81877,12,1,MASc KA 18 blocks,sa,112,112,7,1
pr_01,B82792,12,1,MASc KA 18 blocks,sa,112,112,7,1
pr_01,B84093,12,1,MASc KA 18 blocks,sa,112,112,7,1
pr_02,B78910,12,1,MASc KA 18 blocks,sa,112,112,7,1
pr_02,B81877,12,1,MASc KA 18 blocks,sa,112,112,7,1
pr_02,B83275,12,1,MASc KA 18 blocks,sa,112,112,7,1
pr_03,B78910,12,1,MASc KA 18 blocks,sa,112,112,7,1
pr_03,B82792,12,1,MASc KA 18 blocks,sa,112,112,7,1
sk_01,B77363,12,1,MASc KA 18 blocks,sa,112,112,7,1
sk_01,B83275,12,1,MASc KA 18 blocks,sa,112,112,7,1
sk_01,B84093,12,1,MASc KA 18 blocks,sa,112,112,7,1
sk_02,B77363,12,1,MASc KA 18 blocks,sa,112,112,7,1
sk_02,B77363,12,1,MASc KA 18 blocks,sa,112,112,7,1
sk_02,B84093,12,1,MASc KA 18 blocks,sa,112,112,7,1
sk_03,B78567,12,1,MASc KA 18 blocks,sa,112,112,7,1
sk_03,B78910,12,1,MASc KA 18 blocks,sa,112,112,7,1
sk_03,B78910,12,1,MASc KA 18 blocks,sa,112,112,7,1
fb_01,B77363,13,1,MASc KA 18 blocks,sa,112,112,7,1
fb_01,B78910,13,1,MASc KA 18 blocks,sa,112,112,7,1
fb_01,B82792,13,1,MASc KA 18 blocks,sa,112,112,7,1
fb_02,B77651,13,1,MASc KA 18 blocks,sa,112,112,7,1
fb_02,B77651,13,1,MASc KA 18 blocks,sa,112,112,7,1
fb_02,B77651,13,1,MASc KA 18 blocks,sa,112,112,7,1
fb_03,B76319,13,1,MASc KA 18 blocks,sa,112,112,7,1
fb_03,B77651,13,1,MASc KA 18 blocks,sa,112,112,7,1
fb_03,B77651,13,1,MASc KA 18 blocks,sa,112,112,7,1
ld_01,B78910,13,1,MASc KA 18 blocks,sa,112,112,7,1
ld_01,B81877,13,1,MASc KA 18 blocks,sa,112,112,7,1
ld_02,B81877,13,1,MASc KA 18 blocks,sa,112,112,7,1
ld_02,B82792,13,1,MASc KA 18 blocks,sa,112,112,7,1
ld_03,B84093,13,1,MASc KA 18 blocks,sa,112,112,7,1
pr_01,B77363,13,1,MASc KA 18 blocks,sa,112,112,7,1
pr_01,B78910,13,1,MASc KA 18 blocks,sa,112,112,7,1
pr_01,B84093,13,1,MASc KA 18 blocks,sa,112,112,7,1
pr_02,B77363,13,1,MASc KA 18 blocks,sa,112,112,7,1
pr_02,B77363,13,1,MASc KA 18 blocks,sa,112,112,7,1
pr_02,B78910,13,1,MASc KA 18 blocks,sa,112,112,7,1
pr_03,B78567,13,1,MASc KA 18 blocks,sa,112,112,7,1
pr_03,B83275,13,1,MASc KA 18 blocks,sa,112,112,7,1
pr_03,B84093,13,1,MASc KA 18 blocks,sa,112,112,7,1
sk_01,B78910,13,1,MASc KA 18 blocks,sa,112,112,7,1
sk_01,B81779,13,1,MASc KA 18 blocks,sa,112,112,7,1
sk_01,B83275,13,1,MASc KA 18 blocks,sa,112,112,7,1
sk_02,B77651,13,1,MASc KA 18 blocks,sa,112,112,7,1
sk_02,B80395,13,1,MASc KA 18 blocks,sa,112,112,7,1
sk_02,B82792,13,1,MASc KA 18 blocks,sa,112,112,7,1
sk_03,B78910,13,1,MASc KA 18 blocks,sa,112,112,7,1
sk_03,B80395,13,1,MASc KA 18 blocks,sa,112,112,7,1
sk_03,B82792,13,1,MASc KA 18 blocks,sa,112,112,7,1
fb_01,B77363,14,1,MASc KA 18 blocks,sa,112,112,7,1
fb_01,B78910,14,1,MASc KA 18 blocks,sa,112,112,7,1
fb_01,B82792,14,1,MASc KA 18 blocks,sa,112,112,7,1
fb_02,B77363,14,1,MASc KA 18 blocks,sa,112,112,7,1
fb_02,B77651,14,1,MASc KA 18 blocks,sa,112,112,7,1
fb_02,B77651,14,1,MASc KA 18 blocks,sa,112,112,7,1
fb_03,B74735,14,1,MASc KA 18 blocks,sa,112,112,7,1
fb_03,B77651,14,1,MASc KA 18 blocks,sa,112,112,7,1
fb_03,B77651,14,1,MASc KA 18 blocks,sa,112,112,7,1
ld_01,B77363,14,1,MASc KA 18 blocks,sa,112,112,7,1
ld_01,B78567,14,1,MASc KA 18 blocks,sa,112,112,7,1
ld_01,B78910,14,1,MASc KA 18 blocks,sa,112,112,7,1
ld_02,B77363,14,1,MASc KA 18 blocks,sa,112,112,7,1
ld_02,B78910,14,1,MASc KA 18 blocks,sa,112,112,7,1
ld_02,B83275,14,1,MASc KA 18 blocks,sa,112,112,7,1
ld_03,B77363,14,1,MASc KA 18 blocks,sa,112,112,7,1
ld_03,B84093,14,1,MASc KA 18 blocks,sa,112,112,7,1
ld_03,B84093,14,1,MASc KA 18 blocks,sa,112,112,7,1
pr_01,B78910,14,1,MASc KA 18 blocks,sa,112,112,7,1
pr_01,B80395,14,1,MASc KA 18 blocks,sa,112,112,7,1
pr_01,B82792,14,1,MASc KA 18 blocks,sa,112,112,7,1
pr_02,B78910,14,1,MASc KA 18 blocks,sa,112,112,7,1
pr_02,B80395,14,1,MASc KA 18 blocks,sa,112,112,7,1
pr_02,B82792,14,1,MASc KA 18 blocks,sa,112,112,7,1
pr_03,B81779,14,1,MASc KA 18 blocks,sa,112,112,7,1
pr_03,B82792,14,1,MASc KA 18 blocks,sa,112,112,7,1
pr_03,B83275,14,1,MASc KA 18 blocks,sa,112,112,7,1
sk_01,B77363,14,1,MASc KA 18 blocks,sa,112,112,7,1
sk_01,B77651,14,1,MASc KA 18 blocks,sa,112,112,7,1
sk_01,B78910,14,1,MASc KA 18 blocks,sa,112,112,7,1
sk_02,B77363,14,1,MASc KA 18 blocks,sa,112,112,7,1
sk_02,B77651,14,1,MASc KA 18 blocks,sa,112,112,7,1
sk_02,B82792,14,1,MASc KA 18 blocks,sa,112,112,7,1
sk_03,B77651,14,1,MASc KA 18 blocks,sa,112,112,7,1
sk_03,B78910,14,1,MASc KA 18 blocks,sa,112,112,7,1
sk_03,B80395,14,1,MASc KA 18 blocks,sa,112,112,7,1
fb_01,B77363,15,1,MASc KA 18 blocks,sa,112,112,7,1
fb_01,B77363,15,1,MASc KA 18 blocks,sa,112,112,7,1
fb_01,B77363,15,1,MASc KA 18 blocks,sa,112,112,7,1
fb_02,B78567,15,1,MASc KA 18 blocks,sa,112,112,7,1
fb_02,B78910,15,1,MASc KA 18 blocks,sa,112,112,7,1
fb_02,B79027,15,1,MASc KA 18 blocks,sa,112,112,7,1
fb_03,B78567,15,1,MASc KA 18 blocks,sa,112,112,7,1
fb_03,B78567,15,1,MASc KA 18 blocks,sa,112,112,7,1
fb_03,B79027,15,1,MASc KA 18 blocks,sa,112,112,7,1
fb_01,B77363,16,1,MASc KA 18 blocks,sa,112,112,7,1
fb_01,B82792,16,1,MASc KA 18 blocks,sa,112,112,7,1
fb_01,B84093,16,1,MASc KA 18 blocks,sa,112,112,7,1
fb_02,B78567,16,1,MASc KA 18 blocks,sa,112,112,7,1
fb_02,B78567,16,1,MASc KA 18 blocks,sa,112,112,7,1
fb_02,B78567,16,1,MASc KA 18 blocks,sa,112,112,7,1
fb_03,B76319,16,1,MASc KA 18 blocks,sa,112,112,7,1
fb_03,B76319,16,1,MASc KA 18 blocks,sa,112,112,7,1
fb_03,B77300,16,1,MASc KA 18 blocks,sa,112,112,7,1
sk_01,B78567,16,1,MASc KA 18 blocks,sa,112,112,7,1
sk_01,B79027,16,1,MASc KA 18 blocks,sa,112,112,7,1
sk_01,B79027,16,1,MASc KA 18 blocks,sa,112,112,7,1
sk_02,B77363,16,1,MASc KA 18 blocks,sa,112,112,7,1
sk_02,B77363,16,1,MASc KA 18 blocks,sa,112,112,7,1
sk_02,B78910,16,1,MASc KA 18 blocks,sa,112,112,7,1
sk_03,B77363,16,1,MASc KA 18 blocks,sa,112,112,7,1
sk_03,B77363,16,1,MASc KA 18 blocks,sa,112,112,7,1
sk_03,B77363,16,1,MASc KA 18 blocks,sa,112,112,7,1
fb_01,B78910,17,1,MASc KA 18 blocks,sa,112,112,7,1
fb_01,B81877,17,1,MASc KA 18 blocks,sa,112,112,7,1
fb_01,B82792,17,1,MASc KA 18 blocks,sa,112,112,7,1
fb_02,B83275,17,1,MASc KA 18 blocks,sa,112,112,7,1
fb_02,B83275,17,1,MASc KA 18 blocks,sa,112,112,7,1
fb_02,B83630,17,1,MASc KA 18 blocks,sa,112,112,7,1
fb_03,B76352,17,1,MASc KA 18 blocks,sa,112,112,7,1
fb_03,B76352,17,1,MASc KA 18 blocks,sa,112,112,7,1
fb_03,B83275,17,1,MASc KA 18 blocks,sa,112,112,7,1
pr_01,B77363,17,1,MASc KA 18 blocks,sa,112,112,7,1
pr_01,B77363,17,1,MASc KA 18 blocks,sa,112,112,7,1
pr_01,B78567,17,1,MASc KA 18 blocks,sa,112,112,7,1
pr_02,B77363,17,1,MASc KA 18 blocks,sa,112,112,7,1
pr_02,B79027,17,1,MASc KA 18 blocks,sa,112,112,7,1
pr_03,B77363,17,1,MASc KA 18 blocks,sa,112,112,7,1
pr_03,B79027,17,1,MASc KA 18 blocks,sa,112,112,7,1
sk_01,B77300,17,1,MASc KA 18 blocks,sa,112,112,7,1
sk_01,B78567,17,1,MASc KA 18 blocks,sa,112,112,7,1
sk_01,B78567,17,1,MASc KA 18 blocks,sa,112,112,7,1
sk_02,B77363,17,1,MASc KA 18 blocks,sa,112,112,7,1
sk_02,B78567,17,1,MASc KA 18 blocks,sa,112,112,7,1
sk_02,B82792,17,1,MASc KA 18 blocks,sa,112,112,7,1
sk_03,B77363,17,1,MASc KA 18 blocks,sa,112,112,7,1
sk_03,B77363,17,1,MASc KA 18 blocks,sa,112,112,7,1
sk_03,B84093,17,1,MASc KA 18 blocks,sa,112,112,7,1
fb_01,B77363,18,1,MASc KA 18 blocks,sa,112,112,7,1
fb_01,B78910,18,1,MASc KA 18 blocks,sa,112,112,7,1
fb_01,B84093,18,1,MASc KA 18 blocks,sa,112,112,7,1
fb_02,B77363,18,1,MASc KA 18 blocks,sa,112,112,7,1
fb_02,B78567,18,1,MASc KA 18 blocks,sa,112,112,7,1
fb_02,B80395,18,1,MASc KA 18 blocks,sa,112,112,7,1
fb_03,B80395,18,1,MASc KA 18 blocks,sa,112,112,7,1
fb_03,B80395,18,1,MASc KA 18 blocks,sa,112,112,7,1
fb_03,B80395,18,1,MASc KA 18 blocks,sa,112,112,7,1
ld_01,B77363,18,1,MASc KA 18 blocks,sa,112,112,7,1
ld_01,B79027,18,1,MASc KA 18 blocks,sa,112,112,7,1
ld_02,B77363,18,1,MASc KA 18 blocks,sa,112,112,7,1
ld_02,B77363,18,1,MASc KA 18 blocks,sa,112,112,7,1
ld_03,B77363,18,1,MASc KA 18 blocks,sa,112,112,7,1
ld_03,B79027,18,1,MASc KA 18 blocks,sa,112,112,7,1
pr_01,B77300,18,1,MASc KA 18 blocks,sa,112,112,7,1
pr_01,B77363,18,1,MASc KA 18 blocks,sa,112,112,7,1
pr_01,B78567,18,1,MASc KA 18 blocks,sa,112,112,7,1
pr_02,B77363,18,1,MASc KA 18 blocks,sa,112,112,7,1
pr_02,B78567,18,1,MASc KA 18 blocks,sa,112,112,7,1
pr_02,B82792,18,1,MASc KA 18 blocks,sa,112,112,7,1
pr_03,B77363,18,1,MASc KA 18 blocks,sa,112,112,7,1
pr_03,B78567,18,1,MASc KA 18 blocks,sa,112,112,7,1
sk_01,B81877,18,1,MASc KA 18 blocks,sa,112,112,7,1
sk_01,B82792,18,1,MASc KA 18 blocks,sa,112,112,7,1
sk_01,B83275,18,1,MASc KA 18 blocks,sa,112,112,7,1
sk_02,B78567,18,1,MASc KA 18 blocks,sa,112,112,7,1
sk_02,B78910,18,1,MASc KA 18 blocks,sa,112,112,7,1
sk_02,B84093,18,1,MASc KA 18 blocks,sa,112,112,7,1
sk_03,B78910,18,1,MASc KA 18 blocks,sa,112,112,7,1
sk_03,B83275,18,1,MASc KA 18 blocks,sa,112,112,7,1
fb_01,B74735,19,1,MASc KA 18 blocks,sa,112,112,7,1
fb_01,B78910,19,1,MASc KA 18 blocks,sa,112,112,7,1
fb_01,B82792,19,1,MASc KA 18 blocks,sa,112,112,7,1
fb_02,B80395,19,1,MASc KA 18 blocks,sa,112,112,7,1
fb_02,B81779,19,1,MASc KA 18 blocks,sa,112,112,7,1
fb_02,B81779,19,1,MASc KA 18 blocks,sa,112,112,7,1
fb_03,B76352,19,1,MASc KA 18 blocks,sa,112,112,7,1
fb_03,B80395,19,1,MASc KA 18 blocks,sa,112,112,7,1
fb_03,B81779,19,1,MASc KA 18 blocks,sa,112,112,7,1
ld_01,B77300,19,1,MASc KA 18 blocks,sa,112,112,7,1
ld_01,B77363,19,1,MASc KA 18 blocks,sa,112,112,7,1
ld_01,B78567,19,1,MASc KA 18 blocks,sa,112,112,7,1
ld_02,B77363,19,1,MASc KA 18 blocks,sa,112,112,7,1
ld_02,B78567,19,1,MASc KA 18 blocks,sa,112,112,7,1
ld_03,B77363,19,1,MASc KA 18 blocks,sa,112,112,7,1
ld_03,B78567,19,1,MASc KA 18 blocks,sa,112,112,7,1
pr_01,B78567,19,1,MASc KA 18 blocks,sa,112,112,7,1
pr_01,B83275,19,1,MASc KA 18 blocks,sa,112,112,7,1
pr_01,B84093,19,1,MASc KA 18 blocks,sa,112,112,7,1
pr_02,B78910,19,1,MASc KA 18 blocks,sa,112,112,7,1
pr_02,B81877,19,1,MASc KA 18 blocks,sa,112,112,7,1
pr_02,B83275,19,1,MASc KA 18 blocks,sa,112,112,7,1
pr_03,B78910,19,1,MASc KA 18 blocks,sa,112,112,7,1
pr_03,B82792,19,1,MASc KA 18 blocks,sa,112,112,7,1
sk_01,B77363,19,1,MASc KA 18 blocks,sa,112,112,7,1
sk_01,B77363,19,1,MASc KA 18 blocks,sa,112,112,7,1
sk_01,B78910,19,1,MASc KA 18 blocks,sa,112,112,7,1
sk_02,B77363,19,1,MASc KA 18 blocks,sa,112,112,7,1
sk_02,B77363,19,1,MASc KA 18 blocks,sa,112,112,7,1
sk_02,B84093,19,1,MASc KA 18 blocks,sa,112,112,7,1
sk_03,B78910,19,1,MASc KA 18 blocks,sa,112,112,7,1
sk_03,B80395,19,1,MASc KA 18 blocks,sa,112,112,7,1
sk_03,B84093,19,1,MASc KA 18 blocks,sa,112,112,7,1
fb_01,B77363,20,1,MASc KA 18 blocks,sa,112,112,7,1
fb_01,B78910,20,1,MASc KA 18 blocks,sa,112,112,7,1
fb_01,B82792,20,1,MASc KA 18 blocks,sa,112,112,7,1
fb_02,B77651,20,1,MASc KA 18 blocks,sa,112,112,7,1
fb_02,B77651,20,1,MASc KA 18 blocks,sa,112,112,7,1
fb_02,B77651,20,1,MASc KA 18 blocks,sa,112,112,7,1
fb_03,B77363,20,1,MASc KA 18 blocks,sa,112,112,7,1
fb_03,B77651,20,1,MASc KA 18 blocks,sa,112,112,7,1
fb_03,B77651,20,1,MASc KA 18 blocks,sa,112,112,7,1
ld_01,B78910,20,1,MASc KA 18 blocks,sa,112,112,7,1
ld_01,B84093,20,1,MASc KA 18 blocks,sa,112,112,7,1
ld_02,B82792,20,1,MASc KA 18 blocks,sa,112,112,7,1
ld_03,B83275,20,1,MASc KA 18 blocks,sa,112,112,7,1
pr_01,B77363,20,1,MASc KA 18 blocks,sa,112,112,7,1
pr_01,B77363,20,1,MASc KA 18 blocks,sa,112,112,7,1
pr_01,B78910,20,1,MASc KA 18 blocks,sa,112,112,7,1
pr_02,B77363,20,1,MASc KA 18 blocks,sa,112,112,7,1
pr_02,B80395,20,1,MASc KA 18 blocks,sa,112,112,7,1
pr_02,B84093,20,1,MASc KA 18 blocks,sa,112,112,7,1
pr_03,B78910,20,1,MASc KA 18 blocks,sa,112,112,7,1
pr_03,B84093,20,1,MASc KA 18 blocks,sa,112,112,7,1
sk_01,B78910,20,1,MASc KA 18 blocks,sa,112,112,7,1
sk_01,B80395,20,1,MASc KA 18 blocks,sa,112,112,7,1
sk_01,B81779,20,1,MASc KA 18 blocks,sa,112,112,7,1
sk_02,B80395,20,1,MASc KA 18 blocks,sa,112,112,7,1
sk_02,B81779,20,1,MASc KA 18 blocks,sa,112,112,7,1
sk_02,B82792,20,1,MASc KA 18 blocks,sa,112,112,7,1
sk_03,B76352,20,1,MASc KA 18 blocks,sa,112,112,7,1
sk_03,B78910,20,1,MASc KA 18 blocks,sa,112,112,7,1
sk_03,B82792,20,1,MASc KA 18 blocks,sa,112,112,7,1
fb_01,B76352,21,1,MASc KA 18 blocks,sa,112,112,7,1
fb_01,B78910,21,1,MASc KA 18 blocks,sa,112,112,7,1
fb_01,B82792,21,1,MASc KA 18 blocks,sa,112,112,7,1
fb_02,B77363,21,1,MASc KA 18 blocks,sa,112,112,7,1
fb_02,B77651,21,1,MASc KA 18 blocks,sa,112,112,7,1
fb_02,B77651,21,1,MASc KA 18 blocks,sa,112,112,7,1
fb_03,B74735,21,1,MASc KA 18 blocks,sa,112,112,7,1
fb_03,B77651,21,1,MASc KA 18 blocks,sa,112,112,7,1
fb_03,B78910,21,1,MASc KA 18 blocks,sa,112,112,7,1
ld_01,B77363,21,1,MASc KA 18 blocks,sa,112,112,7,1
ld_01,B78910,21,1,MASc KA 18 blocks,sa,112,112,7,1
ld_01,B84093,21,1,MASc KA 18 blocks,sa,112,112,7,1
ld_02,B77363,21,1,MASc KA 18 blocks,sa,112,112,7,1
ld_02,B78910,21,1,MASc KA 18 blocks,sa,112,112,7,1
ld_03,B77363,21,1,MASc KA 18 blocks,sa,112,112,7,1
ld_03,B84093,21,1,MASc KA 18 blocks,sa,112,112,7,1
pr_01,B78910,21,1,MASc KA 18 blocks,sa,112,112,7,1
pr_01,B80395,21,1,MASc KA 18 blocks,sa,112,112,7,1
pr_01,B82792,21,1,MASc KA 18 blocks,sa,112,112,7,1
pr_02,B78910,21,1,MASc KA 18 blocks,sa,112,112,7,1
pr_02,B80395,21,1,MASc KA 18 blocks,sa,112,112,7,1
pr_02,B82792,21,1,MASc KA 18 blocks,sa,112,112,7,1
pr_03,B76352,21,1,MASc KA 18 blocks,sa,112,112,7,1
pr_03,B80395,21,1,MASc KA 18 blocks,sa,112,112,7,1
pr_03,B82792,21,1,MASc KA 18 blocks,sa,112,112,7,1
sk_01,B77363,21,1,MASc KA 18 blocks,sa,112,112,7,1
sk_01,B77651,21,1,MASc KA 18 blocks,sa,112,112,7,1
sk_01,B78910,21,1,MASc KA 18 blocks,sa,112,112,7,1
sk_02,B77363,21,1,MASc KA 18 blocks,sa,112,112,7,1
sk_02,B77363,21,1,MASc KA 18 blocks,sa,112,112,7,1
sk_02,B78910,21,1,MASc KA 18 blocks,sa,112,112,7,1
sk_03,B77363,21,1,MASc KA 18 blocks,sa,112,112,7,1
sk_03,B77651,21,1,MASc KA 18 blocks,sa,112,112,7,1
sk_03,B82792,21,1,MASc KA 18 blocks,sa,112,112,7,1
fb_01,B76352,22,1,MASc KA 18 blocks,sa,112,112,7,1
fb_01,B78910,22,1,MASc KA 18 blocks,sa,112,112,7,1
fb_01,B81877,22,1,MASc KA 18 blocks,sa,112,112,7,1
fb_02,B78567,22,1,MASc KA 18 blocks,sa,112,112,7,1
fb_02,B78567,22,1,MASc KA 18 blocks,sa,112,112,7,1
fb_02,B79027,22,1,MASc KA 18 blocks,sa,112,112,7,1
fb_03,B76352,22,1,MASc KA 18 blocks,sa,112,112,7,1
fb_03,B78567,22,1,MASc KA 18 blocks,sa,112,112,7,1
fb_03,B78567,22,1,MASc KA 18 blocks,sa,112,112,7,1
fb_01,B77363,23,1,MASc KA 18 blocks,sa,112,112,7,1
fb_01,B82792,23,1,MASc KA 18 blocks,sa,112,112,7,1
fb_01,B84093,23,1,MASc KA 18 blocks,sa,112,112,7,1
fb_02,B76319,23,1,MASc KA 18 blocks,sa,112,112,7,1
fb_02,B77363,23,1,MASc KA 18 blocks,sa,112,112,7,1
fb_02,B78567,23,1,MASc KA 18 blocks,sa,112,112,7,1
fb_03,B77300,23,1,MASc KA 18 blocks,sa,112,112,7,1
fb_03,B78567,23,1,MASc KA 18 blocks,sa,112,112,7,1
fb_03,B78567,23,1,MASc KA 18 blocks,sa,112,112,7,1
sk_01,B78567,23,1,MASc KA 18 blocks,sa,112,112,7,1
sk_01,B81877,23,1,MASc KA 18 blocks,sa,112,112,7,1
sk_02,B78567,23,1,MASc KA 18 blocks,sa,112,112,7,1
sk_02,B78910,23,1,MASc KA 18 blocks,sa,112,112,7,1
sk_03,B78567,23,1,MASc KA 18 blocks,sa,112,112,7,1
fb_01,B76319,24,1,MASc KA 18 blocks,sa,112,112,7,1
fb_01,B78910,24,1,MASc KA 18 blocks,sa,112,112,7,1
fb_01,B82792,24,1,MASc KA 18 blocks,sa,112,112,7,1
fb_02,B76352,24,1,MASc KA 18 blocks,sa,112,112,7,1
fb_02,B83275,24,1,MASc KA 18 blocks,sa,112,112,7,1
fb_02,B83275,24,1,MASc KA 18 blocks,sa,112,112,7,1
fb_03,B76352,24,1,MASc KA 18 blocks,sa,112,112,7,1
fb_03,B77363,24,1,MASc KA 18 blocks,sa,112,112,7,1
fb_03,B77363,24,1,MASc KA 18 blocks,sa,112,112,7,1
pr_01,B78567,24,1,MASc KA 18 blocks,sa,112,112,7,1
pr_01,B81877,24,1,MASc KA 18 blocks,sa,112,112,7,1
pr_02,B78567,24,1,MASc KA 18 blocks,sa,112,112,7,1
pr_03,B78567,24,1,MASc KA 18 blocks,sa,112,112,7,1
sk_01,B77300,24,1,MASc KA 18 blocks,sa,112,112,7,1
sk_01,B78567,24,1,MASc KA 18 blocks,sa,112,112,7,1
sk_01,B78567,24,1,MASc KA 18 blocks,sa,112,112,7,1
sk_02,B77363,24,1,MASc KA 18 blocks,sa,112,112,7,1
sk_02,B78567,24,1,MASc KA 18 blocks,sa,112,112,7,1
sk_02,B82792,24,1,MASc KA 18 blocks,sa,112,112,7,1
sk_03,B77363,24,1,MASc KA 18 blocks,sa,112,112,7,1
sk_03,B77363,24,1,MASc KA 18 blocks,sa,112,112,7,1
sk_03,B84093,24,1,MASc KA 18 blocks,sa,112,112,7,1
fb_01,B77363,25,1,MASc KA 18 blocks,sa,112,112,7,1
fb_01,B78910,25,1,MASc KA 18 blocks,sa,112,112,7,1
fb_01,B84093,25,1,MASc KA 18 blocks,sa,112,112,7,1
fb_02,B80395,25,1,MASc KA 18 blocks,sa,112,112,7,1
fb_02,B80395,25,1,MASc KA 18 blocks,sa,112,112,7,1
fb_02,B80395,25,1,MASc KA 18 blocks,sa,112,112,7,1
fb_03,B80395,25,1,MASc KA 18 blocks,sa,112,112,7,1
fb_03,B80395,25,1,MASc KA 18 blocks,sa,112,112,7,1
fb_03,B80395,25,1,MASc KA 18 blocks,sa,112,112,7,1
ld_01,B78567,25,1,MASc KA 18 blocks,sa,112,112,7,1
ld_02,B78567,25,1,MASc KA 18 blocks,sa,112,112,7,1
pr_01,B77363,25,1,MASc KA 18 blocks,sa,112,112,7,1
pr_01,B78567,25,1,MASc KA 18 blocks,sa,112,112,7,1
pr_01,B82792,25,1,MASc KA 18 blocks,sa,112,112,7,1
pr_02,B77363,25,1,MASc KA 18 blocks,sa,112,112,7,1
pr_02,B78567,25,1,MASc KA 18 blocks,sa,112,112,7,1
pr_03,B77300,25,1,MASc KA 18 blocks,sa,112,112,7,1
pr_03,B78567,25,1,MASc KA 18 blocks,sa,112,112,7,1
sk_01,B77363,25,1,MASc KA 18 blocks,sa,112,112,7,1
sk_01,B78910,25,1,MASc KA 18 blocks,sa,112,112,7,1
sk_01,B82792,25,1,MASc KA 18 blocks,sa,112,112,7,1
sk_02,B77363,25,1,MASc KA 18 blocks,sa,112,112,7,1
sk_02,B78910,25,1,MASc KA 18 blocks,sa,112,112,7,1
sk_02,B83275,25,1,MASc KA 18 blocks,sa,112,112,7,1
sk_03,B77363,25,1,MASc KA 18 blocks,sa,112,112,7,1
sk_03,B77363,25,1,MASc KA 18 blocks,sa,112,112,7,1
sk_03,B84093,25,1,MASc KA 18 blocks,sa,112,112,7,1
fb_01,B74735,26,1,MASc KA 18 blocks,sa,112,112,7,1
fb_01,B78910,26,1,MASc KA 18 blocks,sa,112,112,7,1
fb_01,B82792,26,1,MASc KA 18 blocks,sa,112,112,7,1
fb_02,B76319,26,1,MASc KA 18 blocks,sa,112,112,7,1
fb_02,B80395,26,1,MASc KA 18 blocks,sa,112,112,7,1
fb_02,B81779,26,1,MASc KA 18 blocks,sa,112,112,7,1
fb_03,B77651,26,1,MASc KA 18 blocks,sa,112,112,7,1
fb_03,B80395,26,1,MASc KA 18 blocks,sa,112,112,7,1
fb_03,B81779,26,1,MASc KA 18 blocks,sa,112,112,7,1
ld_01,B77300,26,1,MASc KA 18 blocks,sa,112,112,7,1
ld_01,B77363,26,1,MASc KA 18 blocks,sa,112,112,7,1
ld_02,B77363,26,1,MASc KA 18 blocks,sa,112,112,7,1
ld_02,B78567,26,1,MASc KA 18 blocks,sa,112,112,7,1
ld_03,B78567,26,1,MASc KA 18 blocks,sa,112,112,7,1
pr_01,B77363,26,1,MASc KA 18 blocks,sa,112,112,7,1
pr_01,B77363,26,1,MASc KA 18 blocks,sa,112,112,7,1
pr_01,B84093,26,1,MASc KA 18 blocks,sa,112,112,7,1
pr_02,B78910,26,1,MASc KA 18 blocks,sa,112,112,7,1
pr_02,B78910,26,1,MASc KA 18 blocks,sa,112,112,7,1
pr_02,B82792,26,1,MASc KA 18 blocks,sa,112,112,7,1
pr_03,B77363,26,1,MASc KA 18 blocks,sa,112,112,7,1
pr_03,B77363,26,1,MASc KA 18 blocks,sa,112,112,7,1
pr_03,B83275,26,1,MASc KA 18 blocks,sa,112,112,7,1
sk_01,B76352,26,1,MASc KA 18 blocks,sa,112,112,7,1
sk_01,B78910,26,1,MASc KA 18 blocks,sa,112,112,7,1
sk_01,B80395,26,1,MASc KA 18 blocks,sa,112,112,7,1
sk_02,B77363,26,1,MASc KA 18 blocks,sa,112,112,7,1
sk_02,B77363,26,1,MASc KA 18 blocks,sa,112,112,7,1
sk_02,B84093,26,1,MASc KA 18 blocks,sa,112,112,7,1
sk_03,B78910,26,1,MASc KA 18 blocks,sa,112,112,7,1
sk_03,B80395,26,1,MASc KA 18 blocks,sa,112,112,7,1
sk_03,B84093,26,1,MASc KA 18 blocks,sa,112,112,7,1
fb_01,B77363,27,1,MASc KA 18 blocks,sa,112,112,7,1
fb_01,B78910,27,1,MASc KA 18 blocks,sa,112,112,7,1
fb_01,B82792,27,1,MASc KA 18 blocks,sa,112,112,7,1
fb_02,B77651,27,1,MASc KA 18 blocks,sa,112,112,7,1
fb_02,B77651,27,1,MASc KA 18 blocks,sa,112,112,7,1
fb_02,B77651,27,1,MASc KA 18 blocks,sa,112,112,7,1
fb_03,B77651,27,1,MASc KA 18 blocks,sa,112,112,7,1
fb_03,B77651,27,1,MASc KA 18 blocks,sa,112,112,7,1
fb_03,B77651,27,1,MASc KA 18 blocks,sa,112,112,7,1
ld_01,B77363,27,1,MASc KA 18 blocks,sa,112,112,7,1
ld_01,B78910,27,1,MASc KA 18 blocks,sa,112,112,7,1
ld_01,B84093,27,1,MASc KA 18 blocks,sa,112,112,7,1
ld_02,B77363,27,1,MASc KA 18 blocks,sa,112,112,7,1
ld_02,B82792,27,1,MASc KA 18 blocks,sa,112,112,7,1
ld_03,B77363,27,1,MASc KA 18 blocks,sa,112,112,7,1
ld_03,B77363,27,1,MASc KA 18 blocks,sa,112,112,7,1
pr_01,B77363,27,1,MASc KA 18 blocks,sa,112,112,7,1
pr_01,B78910,27,1,MASc KA 18 blocks,sa,112,112,7,1
pr_01,B80395,27,1,MASc KA 18 blocks,sa,112,112,7,1
pr_02,B76352,27,1,MASc KA 18 blocks,sa,112,112,7,1
pr_02,B78910,27,1,MASc KA 18 blocks,sa,112,112,7,1
pr_02,B84093,27,1,MASc KA 18 blocks,sa,112,112,7,1
pr_03,B80395,27,1,MASc KA 18 blocks,sa,112,112,7,1
pr_03,B84093,27,1,MASc KA 18 blocks,sa,112,112,7,1
sk_01,B80395,27,1,MASc KA 18 blocks,sa,112,112,7,1
sk_01,B81779,27,1,MASc KA 18 blocks,sa,112,112,7,1
sk_01,B82792,27,1,MASc KA 18 blocks,sa,112,112,7,1
sk_02,B78910,27,1,MASc KA 18 blocks,sa,112,112,7,1
sk_02,B78910,27,1,MASc KA 18 blocks,sa,112,112,7,1
sk_02,B82792,27,1,MASc KA 18 blocks,sa,112,112,7,1
sk_03,B76319,27,1,MASc KA 18 blocks,sa,112,112,7,1
sk_03,B77363,27,1,MASc KA 18 blocks,sa,112,112,7,1
sk_03,B80395,27,1,MASc KA 18 blocks,sa,112,112,7,1
fb_01,B77363,28,1,MASc KA 18 blocks,sa,112,112,7,1
fb_01,B78910,28,1,MASc KA 18 blocks,sa,112,112,7,1
fb_01,B82792,28,1,MASc KA 18 blocks,sa,112,112,7,1
fb_02,B77651,28,1,MASc KA 18 blocks,sa,112,112,7,1
fb_02,B77651,28,1,MASc KA 18 blocks,sa,112,112,7,1
fb_02,B77651,28,1,MASc KA 18 blocks,sa,112,112,7,1
fb_03,B74735,28,1,MASc KA 18 blocks,sa,112,112,7,1
fb_03,B77651,28,1,MASc KA 18 blocks,sa,112,112,7,1
fb_03,B77651,28,1,MASc KA 18 blocks,sa,112,112,7,1
ld_01,B78910,28,1,MASc KA 18 blocks,sa,112,112,7,1
ld_01,B80395,28,1,MASc KA 18 blocks,sa,112,112,7,1
ld_02,B78910,28,1,MASc KA 18 blocks,sa,112,112,7,1
ld_02,B84093,28,1,MASc KA 18 blocks,sa,112,112,7,1
ld_03,B77363,28,1,MASc KA 18 blocks,sa,112,112,7,1
ld_03,B84093,28,1,MASc KA 18 blocks,sa,112,112,7,1
pr_01,B78910,28,1,MASc KA 18 blocks,sa,112,112,7,1
pr_01,B80395,28,1,MASc KA 18 blocks,sa,112,112,7,1
pr_01,B82792,28,1,MASc KA 18 blocks,sa,112,112,7,1
pr_02,B77363,28,1,MASc KA 18 blocks,sa,112,112,7,1
pr_02,B82792,28,1,MASc KA 18 blocks,sa,112,112,7,1
pr_02,B82792,28,1,MASc KA 18 blocks,sa,112,112,7,1
pr_03,B78910,28,1,MASc KA 18 blocks,sa,112,112,7,1
pr_03,B80395,28,1,MASc KA 18 blocks,sa,112,112,7,1
pr_03,B81779,28,1,MASc KA 18 blocks,sa,112,112,7,1
sk_01,B77651,28,1,MASc KA 18 blocks,sa,112,112,7,1
sk_01,B78910,28,1,MASc KA 18 blocks,sa,112,112,7,1
sk_01,B78910,28,1,MASc KA 18 blocks,sa,112,112,7,1
sk_02,B77363,28,1,MASc KA 18 blocks,sa,112,112,7,1
sk_02,B77651,28,1,MASc KA 18 blocks,sa,112,112,7,1
sk_02,B77651,28,1,MASc KA 18 blocks,sa,112,112,7,1
sk_03,B77363,28,1,MASc KA 18 blocks,sa,112,112,7,1
sk_03,B77651,28,1,MASc KA 18 blocks,sa,112,112,7,1
sk_03,B82792,28,1,MASc KA 18 blocks,sa,112,112,7,1
fb_01,B77363,29,1,MASc KA 18 blocks,sa,112,112,7,1
fb_01,B78910,29,1,MASc KA 18 blocks,sa,112,112,7,1
fb_01,B81877,29,1,MASc KA 18 blocks,sa,112,112,7,1
fb_02,B77363,29,1,MASc KA 18 blocks,sa,112,112,7,1
fb_02,B78567,29,1,MASc KA 18 blocks,sa,112,112,7,1
fb_02,B81877,29,1,MASc KA 18 blocks,sa,112,112,7,1
fb_03,B78567,29,1,MASc KA 18 blocks,sa,112,112,7,1
fb_03,B78567,29,1,MASc KA 18 blocks,sa,112,112,7,1
fb_03,B79027,29,1,MASc KA 18 blocks,sa,112,112,7,1
fb_01,B77363,30,1,MASc KA 18 blocks,sa,112,112,7,1
fb_01,B82792,30,1,MASc KA 18 blocks,sa,112,112,7,1
fb_01,B84093,30,1,MASc KA 18 blocks,sa,112,112,7,1
fb_02,B77363,30,1,MASc KA 18 blocks,sa,112,112,7,1
fb_02,B78567,30,1,MASc KA 18 blocks,sa,112,112,7,1
fb_02,B78567,30,1,MASc KA 18 blocks,sa,112,112,7,1
fb_03,B77300,30,1,MASc KA 18 blocks,sa,112,112,7,1
fb_03,B78567,30,1,MASc KA 18 blocks,sa,112,112,7,1
fb_03,B78567,30,1,MASc KA 18 blocks,sa,112,112,7,1
sk_01,B77363,30,1,MASc KA 18 blocks,sa,112,112,7,1
sk_01,B78567,30,1,MASc KA 18 blocks,sa,112,112,7,1
sk_01,B78910,30,1,MASc KA 18 blocks,sa,112,112,7,1
sk_02,B77363,30,1,MASc KA 18 blocks,sa,112,112,7,1
sk_02,B78567,30,1,MASc KA 18 blocks,sa,112,112,7,1
sk_02,B81877,30,1,MASc KA 18 blocks,sa,112,112,7,1
sk_03,B77363,30,1,MASc KA 18 blocks,sa,112,112,7,1
sk_03,B77363,30,1,MASc KA 18 blocks,sa,112,112,7,1
sk_03,B81877,30,1,MASc KA 18 blocks,sa,112,112,7,1
fb_01,B77363,31,1,MASc KA 18 blocks,sa,112,112,7,1
fb_01,B78910,31,1,MASc KA 18 blocks,sa,112,112,7,1
fb_01,B82792,31,1,MASc KA 18 blocks,sa,112,112,7,1
fb_02,B83275,31,1,MASc KA 18 blocks,sa,112,112,7,1
fb_02,B83275,31,1,MASc KA 18 blocks,sa,112,112,7,1
fb_02,B83275,31,1,MASc KA 18 blocks,sa,112,112,7,1
fb_03,B80395,31,1,MASc KA 18 blocks,sa,112,112,7,1
fb_03,B83275,31,1,MASc KA 18 blocks,sa,112,112,7,1
fb_03,B83275,31,1,MASc KA 18 blocks,sa,112,112,7,1
pr_01,B77363,31,1,MASc KA 18 blocks,sa,112,112,7,1
pr_01,B77363,31,1,MASc KA 18 blocks,sa,112,112,7,1
pr_01,B77363,31,1,MASc KA 18 blocks,sa,112,112,7,1
pr_02,B78567,31,1,MASc KA 18 blocks,sa,112,112,7,1
pr_02,B81877,31,1,MASc KA 18 blocks,sa,112,112,7,1
pr_02,B81877,31,1,MASc KA 18 blocks,sa,112,112,7,1
pr_03,B78567,31,1,MASc KA 18 blocks,sa,112,112,7,1
pr_03,B81877,31,1,MASc KA 18 blocks,sa,112,112,7,1
sk_01,B77300,31,1,MASc KA 18 blocks,sa,112,112,7,1
sk_01,B78567,31,1,MASc KA 18 blocks,sa,112,112,7,1
sk_01,B78567,31,1,MASc KA 18 blocks,sa,112,112,7,1
sk_02,B77363,31,1,MASc KA 18 blocks,sa,112,112,7,1
sk_02,B78567,31,1,MASc KA 18 blocks,sa,112,112,7,1
sk_02,B78567,31,1,MASc KA 18 blocks,sa,112,112,7,1
sk_03,B77363,31,1,MASc KA 18 blocks,sa,112,112,7,1
sk_03,B77363,31,1,MASc KA 18 blocks,sa,112,112,7,1
sk_03,B77363,31,1,MASc KA 18 blocks,sa,112,112,7,1
fb_01,B77363,32,1,MASc KA 18 blocks,sa,112,112,7,1
fb_01,B78910,32,1,MASc KA 18 blocks,sa,112,112,7,1
fb_01,B84093,32,1,MASc KA 18 blocks,sa,112,112,7,1
fb_02,B80395,32,1,MASc KA 18 blocks,sa,112,112,7,1
fb_02,B80395,32,1,MASc KA 18 blocks,sa,112,112,7,1
fb_02,B80395,32,1,MASc KA 18 blocks,sa,112,112,7,1
fb_03,B80395,32,1,MASc KA 18 blocks,sa,112,112,7,1
fb_03,B80395,32,1,MASc KA 18 blocks,sa,112,112,7,1
fb_03,B80395,32,1,MASc KA 18 blocks,sa,112,112,7,1
ld_01,B77363,32,1,MASc KA 18 blocks,sa,112,112,7,1
ld_01,B81877,32,1,MASc KA 18 blocks,sa,112,112,7,1
ld_02,B77363,32,1,MASc KA 18 blocks,sa,112,112,7,1
ld_02,B78567,32,1,MASc KA 18 blocks,sa,112,112,7,1
ld_03,B77363,32,1,MASc KA 18 blocks,sa,112,112,7,1
ld_03,B81877,32,1,MASc KA 18 blocks,sa,112,112,7,1
pr_01,B77363,32,1,MASc KA 18 blocks,sa,112,112,7,1
pr_01,B78567,32,1,MASc KA 18 blocks,sa,112,112,7,1
pr_01,B78567,32,1,MASc KA 18 blocks,sa,112,112,7,1
pr_02,B77363,32,1,MASc KA 18 blocks,sa,112,112,7,1
pr_02,B77363,32,1,MASc KA 18 blocks,sa,112,112,7,1
pr_02,B78567,32,1,MASc KA 18 blocks,sa,112,112,7,1
pr_03,B77300,32,1,MASc KA 18 blocks,sa,112,112,7,1
pr_03,B77363,32,1,MASc KA 18 blocks,sa,112,112,7,1
pr_03,B78567,32,1,MASc KA 18 blocks,sa,112,112,7,1
sk_01,B77363,32,1,MASc KA 18 blocks,sa,112,112,7,1
sk_01,B82792,32,1,MASc KA 18 blocks,sa,112,112,7,1
sk_01,B84093,32,1,MASc KA 18 blocks,sa,112,112,7,1
sk_02,B78910,32,1,MASc KA 18 blocks,sa,112,112,7,1
sk_02,B82792,32,1,MASc KA 18 blocks,sa,112,112,7,1
sk_02,B83275,32,1,MASc KA 18 blocks,sa,112,112,7,1
sk_03,B77363,32,1,MASc KA 18 blocks,sa,112,112,7,1
sk_03,B83275,32,1,MASc KA 18 blocks,sa,112,112,7,1
sk_03,B84093,32,1,MASc KA 18 blocks,sa,112,112,7,1
fb_01,B74735,33,1,MASc KA 18 blocks,sa,112,112,7,1
fb_01,B78910,33,1,MASc KA 18 blocks,sa,112,112,7,1
fb_01,B82792,33,1,MASc KA 18 blocks,sa,112,112,7,1
fb_02,B77718,33,1,MASc KA 18 blocks,sa,112,112,7,1
fb_02,B80395,33,1,MASc KA 18 blocks,sa,112,112,7,1
fb_02,B81779,33,1,MASc KA 18 blocks,sa,112,112,7,1
fb_03,B77651,33,1,MASc KA 18 blocks,sa,112,112,7,1
fb_03,B80395,33,1,MASc KA 18 blocks,sa,112,112,7,1
fb_03,B81779,33,1,MASc KA 18 blocks,sa,112,112,7,1
ld_01,B77363,33,1,MASc KA 18 blocks,sa,112,112,7,1
ld_01,B77363,33,1,MASc KA 18 blocks,sa,112,112,7,1
ld_01,B78567,33,1,MASc KA 18 blocks,sa,112,112,7,1
ld_02,B77300,33,1,MASc KA 18 blocks,sa,112,112,7,1
ld_02,B77363,33,1,MASc KA 18 blocks,sa,112,112,7,1
ld_02,B78567,33,1,MASc KA 18 blocks,sa,112,112,7,1
ld_03,B77363,33,1,MASc KA 18 blocks,sa,112,112,7,1
ld_03,B78567,33,1,MASc KA 18 blocks,sa,112,112,7,1
pr_01,B77363,33,1,MASc KA 18 blocks,sa,112,112,7,1
pr_01,B82792,33,1,MASc KA 18 blocks,sa,112,112,7,1
pr_01,B83275,33,1,MASc KA 18 blocks,sa,112,112,7,1
pr_02,B78910,33,1,MASc KA 18 blocks,sa,112,112,7,1
pr_02,B82792,33,1,MASc KA 18 blocks,sa,112,112,7,1
pr_03,B83275,33,1,MASc KA 18 blocks,sa,112,112,7,1
pr_03,B84093,33,1,MASc KA 18 blocks,sa,112,112,7,1
sk_01,B77363,33,1,MASc KA 18 blocks,sa,112,112,7,1
sk_01,B78910,33,1,MASc KA 18 blocks,sa,112,112,7,1
sk_01,B83275,33,1,MASc KA 18 blocks,sa,112,112,7,1
sk_02,B77363,33,1,MASc KA 18 blocks,sa,112,112,7,1
sk_02,B78910,33,1,MASc KA 18 blocks,sa,112,112,7,1
sk_02,B83275,33,1,MASc KA 18 blocks,sa,112,112,7,1
sk_03,B78910,33,1,MASc KA 18 blocks,sa,112,112,7,1
sk_03,B84093,33,1,MASc KA 18 blocks,sa,112,112,7,1
sk_03,B84093,33,1,MASc KA 18 blocks,sa,112,112,7,1
fb_01,B77363,34,1,MASc KA 18 blocks,sa,112,112,7,1
fb_01,B78910,34,1,MASc KA 18 blocks,sa,112,112,7,1
fb_01,B82792,34,1,MASc KA 18 blocks,sa,112,112,7,1
fb_02,B76319,34,1,MASc KA 18 blocks,sa,112,112,7,1
fb_02,B77651,34,1,MASc KA 18 blocks,sa,112,112,7,1
fb_02,B77651,34,1,MASc KA 18 blocks,sa,112,112,7,1
fb_03,B77651,34,1,MASc KA 18 blocks,sa,112,112,7,1
fb_03,B77651,34,1,MASc KA 18 blocks,sa,112,112,7,1
fb_03,B77651,34,1,MASc KA 18 blocks,sa,112,112,7,1
ld_01,B77363,34,1,MASc KA 18 blocks,sa,112,112,7,1
ld_01,B84093,34,1,MASc KA 18 blocks,sa,112,112,7,1
ld_02,B82792,34,1,MASc KA 18 blocks,sa,112,112,7,1
ld_03,B83275,34,1,MASc KA 18 blocks,sa,112,112,7,1
pr_01,B77363,34,1,MASc KA 18 blocks,sa,112,112,7,1
pr_01,B83275,34,1,MASc KA 18 blocks,sa,112,112,7,1
pr_01,B84093,34,1,MASc KA 18 blocks,sa,112,112,7,1
pr_02,B77363,34,1,MASc KA 18 blocks,sa,112,112,7,1
pr_02,B78910,34,1,MASc KA 18 blocks,sa,112,112,7,1
pr_02,B83275,34,1,MASc KA 18 blocks,sa,112,112,7,1
pr_03,B78910,34,1,MASc KA 18 blocks,sa,112,112,7,1
pr_03,B78910,34,1,MASc KA 18 blocks,sa,112,112,7,1
pr_03,B84093,34,1,MASc KA 18 blocks,sa,112,112,7,1
sk_01,B80395,34,1,MASc KA 18 blocks,sa,112,112,7,1
sk_01,B81779,34,1,MASc KA 18 blocks,sa,112,112,7,1
sk_01,B82792,34,1,MASc KA 18 blocks,sa,112,112,7,1
sk_02,B78910,34,1,MASc KA 18 blocks,sa,112,112,7,1
sk_02,B80395,34,1,MASc KA 18 blocks,sa,112,112,7,1
sk_02,B82792,34,1,MASc KA 18 blocks,sa,112,112,7,1
sk_03,B78910,34,1,MASc KA 18 blocks,sa,112,112,7,1
sk_03,B80395,34,1,MASc KA 18 blocks,sa,112,112,7,1
sk_03,B83275,34,1,MASc KA 18 blocks,sa,112,112,7,1
fb_01,B77363,35,1,MASc KA 18 blocks,sa,112,112,7,1
fb_01,B78910,35,1,MASc KA 18 blocks,sa,112,112,7,1
fb_01,B82792,35,1,MASc KA 18 blocks,sa,112,112,7,1
fb_02,B77651,35,1,MASc KA 18 blocks,sa,112,112,7,1
fb_02,B77651,35,1,MASc KA 18 blocks,sa,112,112,7,1
fb_02,B77651,35,1,MASc KA 18 blocks,sa,112,112,7,1
fb_03,B74735,35,1,MASc KA 18 blocks,sa,112,112,7,1
fb_03,B77651,35,1,MASc KA 18 blocks,sa,112,112,7,1
fb_03,B77651,35,1,MASc KA 18 blocks,sa,112,112,7,1
ld_01,B77363,35,1,MASc KA 18 blocks,sa,112,112,7,1
ld_01,B78910,35,1,MASc KA 18 blocks,sa,112,112,7,1
ld_01,B78910,35,1,MASc KA 18 blocks,sa,112,112,7,1
ld_02,B77363,35,1,MASc KA 18 blocks,sa,112,112,7,1
ld_02,B83275,35,1,MASc KA 18 blocks,sa,112,112,7,1
ld_02,B84093,35,1,MASc KA 18 blocks,sa,112,112,7,1
ld_03,B78910,35,1,MASc KA 18 blocks,sa,112,112,7,1
ld_03,B84093,35,1,MASc KA 18 blocks,sa,112,112,7,1
pr_01,B78910,35,1,MASc KA 18 blocks,sa,112,112,7,1
pr_01,B82792,35,1,MASc KA 18 blocks,sa,112,112,7,1
pr_01,B83275,35,1,MASc KA 18 blocks,sa,112,112,7,1
pr_02,B78910,35,1,MASc KA 18 blocks,sa,112,112,7,1
pr_02,B82792,35,1,MASc KA 18 blocks,sa,112,112,7,1
pr_02,B83275,35,1,MASc KA 18 blocks,sa,112,112,7,1
pr_03,B80395,35,1,MASc KA 18 blocks,sa,112,112,7,1
pr_03,B82792,35,1,MASc KA 18 blocks,sa,112,112,7,1
pr_03,B83275,35,1,MASc KA 18 blocks,sa,112,112,7,1
sk_01,B77363,35,1,MASc KA 18 blocks,sa,112,112,7,1
sk_01,B77651,35,1,MASc KA 18 blocks,sa,112,112,7,1
sk_01,B78910,35,1,MASc KA 18 blocks,sa,112,112,7,1
sk_02,B77651,35,1,MASc KA 18 blocks,sa,112,112,7,1
sk_02,B78910,35,1,MASc KA 18 blocks,sa,112,112,7,1
sk_02,B82792,35,1,MASc KA 18 blocks,sa,112,112,7,1
sk_03,B77363,35,1,MASc KA 18 blocks,sa,112,112,7,1
sk_03,B77651,35,1,MASc KA 18 blocks,sa,112,112,7,1
sk_03,B80395,35,1,MASc KA 18 blocks,sa,112,112,7,1
fb_01,B77363,36,1,MASc KA 18 blocks,sa,112,112,7,1
fb_01,B78910,36,1,MASc KA 18 blocks,sa,112,112,7,1
fb_01,B81779,36,1,MASc KA 18 blocks,sa,112,112,7,1
fb_02,B76319,36,1,MASc KA 18 blocks,sa,112,112,7,1
fb_02,B78567,36,1,MASc KA 18 blocks,sa,112,112,7,1
fb_02,B79027,36,1,MASc KA 18 blocks,sa,112,112,7,1
fb_03,B77363,36,1,MASc KA 18 blocks,sa,112,112,7,1
fb_03,B78567,36,1,MASc KA 18 blocks,sa,112,112,7,1
fb_03,B79027,36,1,MASc KA 18 blocks,sa,112,112,7,1
fb_01,B77363,37,1,MASc KA 18 blocks,sa,112,112,7,1
fb_01,B82792,37,1,MASc KA 18 blocks,sa,112,112,7,1
fb_01,B84093,37,1,MASc KA 18 blocks,sa,112,112,7,1
fb_02,B78567,37,1,MASc KA 18 blocks,sa,112,112,7,1
fb_02,B78567,37,1,MASc KA 18 blocks,sa,112,112,7,1
fb_02,B78567,37,1,MASc KA 18 blocks,sa,112,112,7,1
fb_03,B77300,37,1,MASc KA 18 blocks,sa,112,112,7,1
fb_03,B77363,37,1,MASc KA 18 blocks,sa,112,112,7,1
fb_03,B78567,37,1,MASc KA 18 blocks,sa,112,112,7,1
sk_01,B77363,37,1,MASc KA 18 blocks,sa,112,112,7,1
sk_01,B79027,37,1,MASc KA 18 blocks,sa,112,112,7,1
sk_01,B79027,37,1,MASc KA 18 blocks,sa,112,112,7,1
sk_02,B77363,37,1,MASc KA 18 blocks,sa,112,112,7,1
sk_02,B77363,37,1,MASc KA 18 blocks,sa,112,112,7,1
sk_02,B78910,37,1,MASc KA 18 blocks,sa,112,112,7,1
sk_03,B77363,37,1,MASc KA 18 blocks,sa,112,112,7,1
sk_03,B78567,37,1,MASc KA 18 blocks,sa,112,112,7,1
fb_01,B77363,38,1,MASc KA 18 blocks,sa,112,112,7,1
fb_01,B77363,38,1,MASc KA 18 blocks,sa,112,112,7,1
fb_01,B82792,38,1,MASc KA 18 blocks,sa,112,112,7,1
fb_02,B83275,38,1,MASc KA 18 blocks,sa,112,112,7,1
fb_02,B83275,38,1,MASc KA 18 blocks,sa,112,112,7,1
fb_02,B83275,38,1,MASc KA 18 blocks,sa,112,112,7,1
fb_03,B80395,38,1,MASc KA 18 blocks,sa,112,112,7,1
fb_03,B83275,38,1,MASc KA 18 blocks,sa,112,112,7,1
fb_03,B83275,38,1,MASc KA 18 blocks,sa,112,112,7,1
pr_01,B77363,38,1,MASc KA 18 blocks,sa,112,112,7,1
pr_01,B77363,38,1,MASc KA 18 blocks,sa,112,112,7,1
pr_02,B79027,38,1,MASc KA 18 blocks,sa,112,112,7,1
pr_02,B79027,38,1,MASc KA 18 blocks,sa,112,112,7,1
pr_03,B77363,38,1,MASc KA 18 blocks,sa,112,112,7,1
pr_03,B78567,38,1,MASc KA 18 blocks,sa,112,112,7,1
sk_01,B77300,38,1,MASc KA 18 blocks,sa,112,112,7,1
sk_01,B77363,38,1,MASc KA 18 blocks,sa,112,112,7,1
sk_01,B78567,38,1,MASc KA 18 blocks,sa,112,112,7,1
sk_02,B77363,38,1,MASc KA 18 blocks,sa,112,112,7,1
sk_02,B78567,38,1,MASc KA 18 blocks,sa,112,112,7,1
sk_02,B78567,38,1,MASc KA 18 blocks,sa,112,112,7,1
sk_03,B77363,38,1,MASc KA 18 blocks,sa,112,112,7,1
sk_03,B77363,38,1,MASc KA 18 blocks,sa,112,112,7,1
sk_03,B78567,38,1,MASc KA 18 blocks,sa,112,112,7,1
fb_01,B77363,39,1,MASc KA 18 blocks,sa,112,112,7,1
fb_01,B78910,39,1,MASc KA 18 blocks,sa,112,112,7,1
fb_01,B84093,39,1,MASc KA 18 blocks,sa,112,112,7,1
fb_02,B80395,39,1,MASc KA 18 blocks,sa,112,112,7,1
fb_02,B80395,39,1,MASc KA 18 blocks,sa,112,112,7,1
fb_02,B80395,39,1,MASc KA 18 blocks,sa,112,112,7,1
fb_03,B80395,39,1,MASc KA 18 blocks,sa,112,112,7,1
fb_03,B80395,39,1,MASc KA 18 blocks,sa,112,112,7,1
fb_03,B80395,39,1,MASc KA 18 blocks,sa,112,112,7,1
ld_01,B77363,39,1,MASc KA 18 blocks,sa,112,112,7,1
ld_01,B79027,39,1,MASc KA 18 blocks,sa,112,112,7,1
ld_02,B77363,39,1,MASc KA 18 blocks,sa,112,112,7,1
ld_02,B79027,39,1,MASc KA 18 blocks,sa,112,112,7,1
ld_03,B77363,39,1,MASc KA 18 blocks,sa,112,112,7,1
pr_01,B77363,39,1,MASc KA 18 blocks,sa,112,112,7,1
pr_01,B77363,39,1,MASc KA 18 blocks,sa,112,112,7,1
pr_01,B78567,39,1,MASc KA 18 blocks,sa,112,112,7,1
pr_02,B77363,39,1,MASc KA 18 blocks,sa,112,112,7,1
pr_02,B78567,39,1,MASc KA 18 blocks,sa,112,112,7,1
pr_02,B78567,39,1,MASc KA 18 blocks,sa,112,112,7,1
pr_03,B77300,39,1,MASc KA 18 blocks,sa,112,112,7,1
pr_03,B77363,39,1,MASc KA 18 blocks,sa,112,112,7,1
pr_03,B78567,39,1,MASc KA 18 blocks,sa,112,112,7,1
sk_01,B77363,39,1,MASc KA 18 blocks,sa,112,112,7,1
sk_01,B77363,39,1,MASc KA 18 blocks,sa,112,112,7,1
sk_01,B84093,39,1,MASc KA 18 blocks,sa,112,112,7,1
sk_02,B82792,39,1,MASc KA 18 blocks,sa,112,112,7,1
sk_02,B83275,39,1,MASc KA 18 blocks,sa,112,112,7,1
sk_02,B84093,39,1,MASc KA 18 blocks,sa,112,112,7,1
sk_03,B82792,39,1,MASc KA 18 blocks,sa,112,112,7,1
sk_03,B83275,39,1,MASc KA 18 blocks,sa,112,112,7,1
sk_03,B83275,39,1,MASc KA 18 blocks,sa,112,112,7,1
fb_01,B74735,40,1,MASc KA 18 blocks,sa,112,112,7,1
fb_01,B78910,40,1,MASc KA 18 blocks,sa,112,112,7,1
fb_01,B82792,40,1,MASc KA 18 blocks,sa,112,112,7,1
fb_02,B77363,40,1,MASc KA 18 blocks,sa,112,112,7,1
fb_02,B80395,40,1,MASc KA 18 blocks,sa,112,112,7,1
fb_02,B81779,40,1,MASc KA 18 blocks,sa,112,112,7,1
fb_03,B77651,40,1,MASc KA 18 blocks,sa,112,112,7,1
fb_03,B80395,40,1,MASc KA 18 blocks,sa,112,112,7,1
fb_03,B81779,40,1,MASc KA 18 blocks,sa,112,112,7,1
ld_01,B77363,40,1,MASc KA 18 blocks,sa,112,112,7,1
ld_01,B77363,40,1,MASc KA 18 blocks,sa,112,112,7,1
ld_01,B78567,40,1,MASc KA 18 blocks,sa,112,112,7,1
ld_02,B77300,40,1,MASc KA 18 blocks,sa,112,112,7,1
ld_02,B77363,40,1,MASc KA 18 blocks,sa,112,112,7,1
ld_02,B78567,40,1,MASc KA 18 blocks,sa,112,112,7,1
ld_03,B77363,40,1,MASc KA 18 blocks,sa,112,112,7,1
ld_03,B78567,40,1,MASc KA 18 blocks,sa,112,112,7,1
pr_01,B82792,40,1,MASc KA 18 blocks,sa,112,112,7,1
pr_01,B83275,40,1,MASc KA 18 blocks,sa,112,112,7,1
pr_01,B84093,40,1,MASc KA 18 blocks,sa,112,112,7,1
pr_02,B77363,40,1,MASc KA 18 blocks,sa,112,112,7,1
pr_02,B83275,40,1,MASc KA 18 blocks,sa,112,112,7,1
pr_03,B82792,40,1,MASc KA 18 blocks,sa,112,112,7,1
pr_03,B83275,40,1,MASc KA 18 blocks,sa,112,112,7,1
sk_01,B77363,40,1,MASc KA 18 blocks,sa,112,112,7,1
sk_01,B78910,40,1,MASc KA 18 blocks,sa,112,112,7,1
sk_01,B83275,40,1,MASc KA 18 blocks,sa,112,112,7,1
sk_02,B77363,40,1,MASc KA 18 blocks,sa,112,112,7,1
sk_02,B80395,40,1,MASc KA 18 blocks,sa,112,112,7,1
sk_02,B84093,40,1,MASc KA 18 blocks,sa,112,112,7,1
sk_03,B78910,40,1,MASc KA 18 blocks,sa,112,112,7,1
sk_03,B80395,40,1,MASc KA 18 blocks,sa,112,112,7,1
sk_03,B84093,40,1,MASc KA 18 blocks,sa,112,112,7,1
fb_01,B77363,41,1,MASc KA 18 blocks,sa,112,112,7,1
fb_01,B77363,41,1,MASc KA 18 blocks,sa,112,112,7,1
fb_01,B82792,41,1,MASc KA 18 blocks,sa,112,112,7,1
fb_02,B77651,41,1,MASc KA 18 blocks,sa,112,112,7,1
fb_02,B77651,41,1,MASc KA 18 blocks,sa,112,112,7,1
fb_02,B77651,41,1,MASc KA 18 blocks,sa,112,112,7,1
fb_03,B77651,41,1,MASc KA 18 blocks,sa,112,112,7,1
fb_03,B77651,41,1,MASc KA 18 blocks,sa,112,112,7,1
fb_03,B77651,41,1,MASc KA 18 blocks,sa,112,112,7,1
ld_01,B77363,41,1,MASc KA 18 blocks,sa,112,112,7,1
ld_01,B84093,41,1,MASc KA 18 blocks,sa,112,112,7,1
ld_02,B82792,41,1,MASc KA 18 blocks,sa,112,112,7,1
ld_03,B83275,41,1,MASc KA 18 blocks,sa,112,112,7,1
pr_01,B77363,41,1,MASc KA 18 blocks,sa,112,112,7,1
pr_01,B78910,41,1,MASc KA 18 blocks,sa,112,112,7,1
pr_01,B78910,41,1,MASc KA 18 blocks,sa,112,112,7,1
pr_02,B77363,41,1,MASc KA 18 blocks,sa,112,112,7,1
pr_02,B83275,41,1,MASc KA 18 blocks,sa,112,112,7,1
pr_02,B84093,41,1,MASc KA 18 blocks,sa,112,112,7,1
pr_03,B80395,41,1,MASc KA 18 blocks,sa,112,112,7,1
pr_03,B83275,41,1,MASc KA 18 blocks,sa,112,112,7,1
pr_03,B84093,41,1,MASc KA 18 blocks,sa,112,112,7,1
sk_01,B78910,41,1,MASc KA 18 blocks,sa,112,112,7,1
sk_01,B80395,41,1,MASc KA 18 blocks,sa,112,112,7,1
sk_01,B81779,41,1,MASc KA 18 blocks,sa,112,112,7,1
sk_02,B80395,41,1,MASc KA 18 blocks,sa,112,112,7,1
sk_02,B81779,41,1,MASc KA 18 blocks,sa,112,112,7,1
sk_02,B82792,41,1,MASc KA 18 blocks,sa,112,112,7,1
sk_03,B78910,41,1,MASc KA 18 blocks,sa,112,112,7,1
sk_03,B82792,41,1,MASc KA 18 blocks,sa,112,112,7,1
sk_03,B83275,41,1,MASc KA 18 blocks,sa,112,112,7,1
fb_01,B77363,42,1,MASc KA 18 blocks,sa,112,112,7,1
fb_01,B77718,42,1,MASc KA 18 blocks,sa,112,112,7,1
fb_01,B82792,42,1,MASc KA 18 blocks,sa,112,112,7,1
fb_02,B77651,42,1,MASc KA 18 blocks,sa,112,112,7,1
fb_02,B77651,42,1,MASc KA 18 blocks,sa,112,112,7,1
fb_02,B77651,42,1,MASc KA 18 blocks,sa,112,112,7,1
fb_03,B76319,42,1,MASc KA 18 blocks,sa,112,112,7,1
fb_03,B77651,42,1,MASc KA 18 blocks,sa,112,112,7,1
fb_03,B77651,42,1,MASc KA 18 blocks,sa,112,112,7,1
ld_01,B78910,42,1,MASc KA 18 blocks,sa,112,112,7,1
ld_01,B83275,42,1,MASc KA 18 blocks,sa,112,112,7,1
ld_02,B77363,42,1,MASc KA 18 blocks,sa,112,112,7,1
ld_02,B84093,42,1,MASc KA 18 blocks,sa,112,112,7,1
ld_03,B77363,42,1,MASc KA 18 blocks,sa,112,112,7,1
ld_03,B84093,42,1,MASc KA 18 blocks,sa,112,112,7,1
pr_01,B78910,42,1,MASc KA 18 blocks,sa,112,112,7,1
pr_01,B80395,42,1,MASc KA 18 blocks,sa,112,112,7,1
pr_01,B82792,42,1,MASc KA 18 blocks,sa,112,112,7,1
pr_02,B78910,42,1,MASc KA 18 blocks,sa,112,112,7,1
pr_02,B80395,42,1,MASc KA 18 blocks,sa,112,112,7,1
pr_02,B82792,42,1,MASc KA 18 blocks,sa,112,112,7,1
pr_03,B80395,42,1,MASc KA 18 blocks,sa,112,112,7,1
pr_03,B82792,42,1,MASc KA 18 blocks,sa,112,112,7,1
pr_03,B83275,42,1,MASc KA 18 blocks,sa,112,112,7,1
sk_01,B77363,42,1,MASc KA 18 blocks,sa,112,112,7,1
sk_01,B77363,42,1,MASc KA 18 blocks,sa,112,112,7,1
sk_01,B77651,42,1,MASc KA 18 blocks,sa,112,112,7,1
sk_02,B77363,42,1,MASc KA 18 blocks,sa,112,112,7,1
sk_02,B77363,42,1,MASc KA 18 blocks,sa,112,112,7,1
sk_02,B77363,42,1,MASc KA 18 blocks,sa,112,112,7,1
sk_03,B77363,42,1,MASc KA 18 blocks,sa,112,112,7,1
sk_03,B77363,42,1,MASc KA 18 blocks,sa,112,112,7,1
sk_03,B82792,42,1,MASc KA 18 blocks,sa,112,112,7,1
fb_01,B77363,43,1,MASc KA 18 blocks,sa,112,112,7,1
fb_01,B78567,43,1,MASc KA 18 blocks,sa,112,112,7,1
fb_01,B78910,43,1,MASc KA 18 blocks,sa,112,112,7,1
fb_02,B77718,43,1,MASc KA 18 blocks,sa,112,112,7,1
fb_02,B78567,43,1,MASc KA 18 blocks,sa,112,112,7,1
fb_02,B79027,43,1,MASc KA 18 blocks,sa,112,112,7,1
fb_03,B74735,43,1,MASc KA 18 blocks,sa,112,112,7,1
fb_03,B78567,43,1,MASc KA 18 blocks,sa,112,112,7,1
fb_03,B79027,43,1,MASc KA 18 blocks,sa,112,112,7,1
fb_01,B77363,44,1,MASc KA 18 blocks,sa,112,112,7,1
fb_01,B82792,44,1,MASc KA 18 blocks,sa,112,112,7,1
fb_01,B84093,44,1,MASc KA 18 blocks,sa,112,112,7,1
fb_02,B77718,44,1,MASc KA 18 blocks,sa,112,112,7,1
fb_02,B78567,44,1,MASc KA 18 blocks,sa,112,112,7,1
fb_02,B78910,44,1,MASc KA 18 blocks,sa,112,112,7,1
fb_03,B77300,44,1,MASc KA 18 blocks,sa,112,112,7,1
fb_03,B77363,44,1,MASc KA 18 blocks,sa,112,112,7,1
fb_03,B78567,44,1,MASc KA 18 blocks,sa,112,112,7,1
sk_01,B77363,44,1,MASc KA 18 blocks,sa,112,112,7,1
sk_01,B78910,44,1,MASc KA 18 blocks,sa,112,112,7,1
sk_01,B79027,44,1,MASc KA 18 blocks,sa,112,112,7,1
sk_02,B78567,44,1,MASc KA 18 blocks,sa,112,112,7,1
sk_02,B79027,44,1,MASc KA 18 blocks,sa,112,112,7,1
sk_03,B77363,44,1,MASc KA 18 blocks,sa,112,112,7,1
sk_03,B78567,44,1,MASc KA 18 blocks,sa,112,112,7,1
fb_01,B78567,45,1,MASc KA 18 blocks,sa,112,112,7,1
fb_01,B81877,45,1,MASc KA 18 blocks,sa,112,112,7,1
fb_01,B82792,45,1,MASc KA 18 blocks,sa,112,112,7,1
fb_02,B83275,45,1,MASc KA 18 blocks,sa,112,112,7,1
fb_02,B83275,45,1,MASc KA 18 blocks,sa,112,112,7,1
fb_02,B83275,45,1,MASc KA 18 blocks,sa,112,112,7,1
fb_03,B77363,45,1,MASc KA 18 blocks,sa,112,112,7,1
fb_03,B83275,45,1,MASc KA 18 blocks,sa,112,112,7,1
fb_03,B83275,45,1,MASc KA 18 blocks,sa,112,112,7,1
pr_01,B77363,45,1,MASc KA 18 blocks,sa,112,112,7,1
pr_01,B78567,45,1,MASc KA 18 blocks,sa,112,112,7,1
pr_02,B78567,45,1,MASc KA 18 blocks,sa,112,112,7,1
pr_02,B79027,45,1,MASc KA 18 blocks,sa,112,112,7,1
pr_03,B79027,45,1,MASc KA 18 blocks,sa,112,112,7,1
sk_01,B77300,45,1,MASc KA 18 blocks,sa,112,112,7,1
sk_01,B77363,45,1,MASc KA 18 blocks,sa,112,112,7,1
sk_01,B78567,45,1,MASc KA 18 blocks,sa,112,112,7,1
sk_02,B77363,45,1,MASc KA 18 blocks,sa,112,112,7,1
sk_02,B77363,45,1,MASc KA 18 blocks,sa,112,112,7,1
sk_02,B78910,45,1,MASc KA 18 blocks,sa,112,112,7,1
sk_03,B77363,45,1,MASc KA 18 blocks,sa,112,112,7,1
sk_03,B78567,45,1,MASc KA 18 blocks,sa,112,112,7,1
sk_03,B78910,45,1,MASc KA 18 blocks,sa,112,112,7,1
fb_01,B76352,46,1,MASc KA 18 blocks,sa,112,112,7,1
fb_01,B77363,46,1,MASc KA 18 blocks,sa,112,112,7,1
fb_01,B77718,46,1,MASc KA 18 blocks,sa,112,112,7,1
fb_02,B80395,46,1,MASc KA 18 blocks,sa,112,112,7,1
fb_02,B80395,46,1,MASc KA 18 blocks,sa,112,112,7,1
fb_02,B80395,46,1,MASc KA 18 blocks,sa,112,112,7,1
fb_03,B80395,46,1,MASc KA 18 blocks,sa,112,112,7,1
fb_03,B80395,46,1,MASc KA 18 blocks,sa,112,112,7,1
fb_03,B80395,46,1,MASc KA 18 blocks,sa,112,112,7,1
ld_01,B77363,46,1,MASc KA 18 blocks,sa,112,112,7,1
ld_01,B79027,46,1,MASc KA 18 blocks,sa,112,112,7,1
ld_02,B78567,46,1,MASc KA 18 blocks,sa,112,112,7,1
ld_03,B79027,46,1,MASc KA 18 blocks,sa,112,112,7,1
pr_01,B77363,46,1,MASc KA 18 blocks,sa,112,112,7,1
pr_01,B77363,46,1,MASc KA 18 blocks,sa,112,112,7,1
pr_01,B78910,46,1,MASc KA 18 blocks,sa,112,112,7,1
pr_02,B77363,46,1,MASc KA 18 blocks,sa,112,112,7,1
pr_02,B77363,46,1,MASc KA 18 blocks,sa,112,112,7,1
pr_02,B78567,46,1,MASc KA 18 blocks,sa,112,112,7,1
pr_03,B77300,46,1,MASc KA 18 blocks,sa,112,112,7,1
pr_03,B78567,46,1,MASc KA 18 blocks,sa,112,112,7,1
pr_03,B78910,46,1,MASc KA 18 blocks,sa,112,112,7,1
sk_01,B81877,46,1,MASc KA 18 blocks,sa,112,112,7,1
sk_01,B82792,46,1,MASc KA 18 blocks,sa,112,112,7,1
sk_01,B84093,46,1,MASc KA 18 blocks,sa,112,112,7,1
sk_02,B77363,46,1,MASc KA 18 blocks,sa,112,112,7,1
sk_02,B82792,46,1,MASc KA 18 blocks,sa,112,112,7,1
sk_02,B83275,46,1,MASc KA 18 blocks,sa,112,112,7,1
sk_03,B77363,46,1,MASc KA 18 blocks,sa,112,112,7,1
sk_03,B78567,46,1,MASc KA 18 blocks,sa,112,112,7,1
sk_03,B84093,46,1,MASc KA 18 blocks,sa,112,112,7,1
fb_01,B78910,47,1,MASc KA 18 blocks,sa,112,112,7,1
fb_01,B78910,47,1,MASc KA 18 blocks,sa,112,112,7,1
fb_01,B82792,47,1,MASc KA 18 blocks,sa,112,112,7,1
fb_02,B77651,47,1,MASc KA 18 blocks,sa,112,112,7,1
fb_02,B80395,47,1,MASc KA 18 blocks,sa,112,112,7,1
fb_02,B81779,47,1,MASc KA 18 blocks,sa,112,112,7,1
fb_03,B77651,47,1,MASc KA 18 blocks,sa,112,112,7,1
fb_03,B80395,47,1,MASc KA 18 blocks,sa,112,112,7,1
fb_03,B81779,47,1,MASc KA 18 blocks,sa,112,112,7,1
ld_01,B77300,47,1,MASc KA 18 blocks,sa,112,112,7,1
ld_01,B77363,47,1,MASc KA 18 blocks,sa,112,112,7,1
ld_01,B77363,47,1,MASc KA 18 blocks,sa,112,112,7,1
ld_02,B77363,47,1,MASc KA 18 blocks,sa,112,112,7,1
ld_02,B78567,47,1,MASc KA 18 blocks,sa,112,112,7,1
ld_02,B78910,47,1,MASc KA 18 blocks,sa,112,112,7,1
ld_03,B77363,47,1,MASc KA 18 blocks,sa,112,112,7,1
ld_03,B78567,47,1,MASc KA 18 blocks,sa,112,112,7,1
pr_01,B77363,47,1,MASc KA 18 blocks,sa,112,112,7,1
pr_01,B78567,47,1,MASc KA 18 blocks,sa,112,112,7,1
pr_01,B83275,47,1,MASc KA 18 blocks,sa,112,112,7,1
pr_02,B77363,47,1,MASc KA 18 blocks,sa,112,112,7,1
pr_02,B81877,47,1,MASc KA 18 blocks,sa,112,112,7,1
pr_02,B82792,47,1,MASc KA 18 blocks,sa,112,112,7,1
pr_03,B82792,47,1,MASc KA 18 blocks,sa,112,112,7,1
pr_03,B84093,47,1,MASc KA 18 blocks,sa,112,112,7,1
sk_01,B77363,47,1,MASc KA 18 blocks,sa,112,112,7,1
sk_01,B80395,47,1,MASc KA 18 blocks,sa,112,112,7,1
sk_01,B83275,47,1,MASc KA 18 blocks,sa,112,112,7,1
sk_02,B80395,47,1,MASc KA 18 blocks,sa,112,112,7,1
sk_02,B83275,47,1,MASc KA 18 blocks,sa,112,112,7,1
sk_02,B83275,47,1,MASc KA 18 blocks,sa,112,112,7,1
sk_03,B77363,47,1,MASc KA 18 blocks,sa,112,112,7,1
sk_03,B80395,47,1,MASc KA 18 blocks,sa,112,112,7,1
sk_03,B83275,47,1,MASc KA 18 blocks,sa,112,112,7,1
fb_01,B77363,48,1,MASc KA 18 blocks,sa,112,112,7,1
fb_01,B78910,48,1,MASc KA 18 blocks,sa,112,112,7,1
fb_01,B82792,48,1,MASc KA 18 blocks,sa,112,112,7,1
fb_02,B77651,48,1,MASc KA 18 blocks,sa,112,112,7,1
fb_02,B77651,48,1,MASc KA 18 blocks,sa,112,112,7,1
fb_02,B77651,48,1,MASc KA 18 blocks,sa,112,112,7,1
fb_03,B76319,48,1,MASc KA 18 blocks,sa,112,112,7,1
fb_03,B77363,48,1,MASc KA 18 blocks,sa,112,112,7,1
fb_03,B77651,48,1,MASc KA 18 blocks,sa,112,112,7,1
ld_01,B77363,48,1,MASc KA 18 blocks,sa,112,112,7,1
ld_01,B84093,48,1,MASc KA 18 blocks,sa,112,112,7,1
ld_02,B82792,48,1,MASc KA 18 blocks,sa,112,112,7,1
ld_03,B77363,48,1,MASc KA 18 blocks,sa,112,112,7,1
pr_01,B77363,48,1,MASc KA 18 blocks,sa,112,112,7,1
pr_01,B83275,48,1,MASc KA 18 blocks,sa,112,112,7,1
pr_01,B83275,48,1,MASc KA 18 blocks,sa,112,112,7,1
pr_02,B80395,48,1,MASc KA 18 blocks,sa,112,112,7,1
pr_02,B83275,48,1,MASc KA 18 blocks,sa,112,112,7,1
pr_02,B83275,48,1,MASc KA 18 blocks,sa,112,112,7,1
pr_03,B80395,48,1,MASc KA 18 blocks,sa,112,112,7,1
pr_03,B83275,48,1,MASc KA 18 blocks,sa,112,112,7,1
pr_03,B83275,48,1,MASc KA 18 blocks,sa,112,112,7,1
sk_01,B78910,48,1,MASc KA 18 blocks,sa,112,112,7,1
sk_01,B80395,48,1,MASc KA 18 blocks,sa,112,112,7,1
sk_01,B81779,48,1,MASc KA 18 blocks,sa,112,112,7,1
sk_02,B77651,48,1,MASc KA 18 blocks,sa,112,112,7,1
sk_02,B80395,48,1,MASc KA 18 blocks,sa,112,112,7,1
sk_02,B82792,48,1,MASc KA 18 blocks,sa,112,112,7,1
sk_03,B78910,48,1,MASc KA 18 blocks,sa,112,112,7,1
sk_03,B78910,48,1,MASc KA 18 blocks,sa,112,112,7,1
sk_03,B82792,48,1,MASc KA 18 blocks,sa,112,112,7,1
fb_01,B78910,49,1,MASc KA 18 blocks,sa,112,112,7,1
fb_01,B82792,49,1,MASc KA 18 blocks,sa,112,112,7,1
fb_01,B84093,49,1,MASc KA 18 blocks,sa,112,112,7,1
fb_02,B77651,49,1,MASc KA 18 blocks,sa,112,112,7,1
fb_02,B77651,49,1,MASc KA 18 blocks,sa,112,112,7,1
fb_02,B77651,49,1,MASc KA 18 blocks,sa,112,112,7,1
fb_03,B74735,49,1,MASc KA 18 blocks,sa,112,112,7,1
fb_03,B77651,49,1,MASc KA 18 blocks,sa,112,112,7,1
fb_03,B77651,49,1,MASc KA 18 blocks,sa,112,112,7,1
ld_01,B77363,49,1,MASc KA 18 blocks,sa,112,112,7,1
ld_01,B80395,49,1,MASc KA 18 blocks,sa,112,112,7,1
ld_02,B83275,49,1,MASc KA 18 blocks,sa,112,112,7,1
ld_02,B83275,49,1,MASc KA 18 blocks,sa,112,112,7,1
ld_03,B83275,49,1,MASc KA 18 blocks,sa,112,112,7,1
ld_03,B83275,49,1,MASc KA 18 blocks,sa,112,112,7,1
pr_01,B78910,49,1,MASc KA 18 blocks,sa,112,112,7,1
pr_01,B80395,49,1,MASc KA 18 blocks,sa,112,112,7,1
pr_01,B82792,49,1,MASc KA 18 blocks,sa,112,112,7,1
pr_02,B78910,49,1,MASc KA 18 blocks,sa,112,112,7,1
pr_02,B80395,49,1,MASc KA 18 blocks,sa,112,112,7,1
pr_02,B82792,49,1,MASc KA 18 blocks,sa,112,112,7,1
pr_03,B78910,49,1,MASc KA 18 blocks,sa,112,112,7,1
pr_03,B80395,49,1,MASc KA 18 blocks,sa,112,112,7,1
pr_03,B82792,49,1,MASc KA 18 blocks,sa,112,112,7,1
sk_01,B77363,49,1,MASc KA 18 blocks,sa,112,112,7,1
sk_01,B77651,49,1,MASc KA 18 blocks,sa,112,112,7,1
sk_01,B78910,49,1,MASc KA 18 blocks,sa,112,112,7,1
sk_02,B77363,49,1,MASc KA 18 blocks,sa,112,112,7,1
sk_02,B77651,49,1,MASc KA 18 blocks,sa,112,112,7,1
sk_02,B78910,49,1,MASc KA 18 blocks,sa,112,112,7,1
sk_03,B77363,49,1,MASc KA 18 blocks,sa,112,112,7,1
sk_03,B77363,49,1,MASc KA 18 blocks,sa,112,112,7,1
sk_03,B82792,49,1,MASc KA 18 blocks,sa,112,112,7,1
fb_01,B77363,50,1,MASc KA 18 blocks,sa,112,112,7,1
fb_01,B78910,50,1,MASc KA 18 blocks,sa,112,112,7,1
fb_01,B83630,50,1,MASc KA 18 blocks,sa,112,112,7,1
fb_02,B78567,50,1,MASc KA 18 blocks,sa,112,112,7,1
fb_02,B78567,50,1,MASc KA 18 blocks,sa,112,112,7,1
fb_02,B79027,50,1,MASc KA 18 blocks,sa,112,112,7,1
fb_03,B76352,50,1,MASc KA 18 blocks,sa,112,112,7,1
fb_03,B78567,50,1,MASc KA 18 blocks,sa,112,112,7,1
fb_03,B78567,50,1,MASc KA 18 blocks,sa,112,112,7,1
fb_01,B77363,51,1,MASc KA 18 blocks,sa,112,112,7,1
fb_01,B82792,51,1,MASc KA 18 blocks,sa,112,112,7,1
fb_01,B84093,51,1,MASc KA 18 blocks,sa,112,112,7,1
fb_02,B78567,51,1,MASc KA 18 blocks,sa,112,112,7,1
fb_02,B78567,51,1,MASc KA 18 blocks,sa,112,112,7,1
fb_02,B78567,51,1,MASc KA 18 blocks,sa,112,112,7,1
fb_03,B77300,51,1,MASc KA 18 blocks,sa,112,112,7,1
fb_03,B77363,51,1,MASc KA 18 blocks,sa,112,112,7,1
fb_03,B78567,51,1,MASc KA 18 blocks,sa,112,112,7,1
sk_01,B77363,51,1,MASc KA 18 blocks,sa,112,112,7,1
sk_01,B78567,51,1,MASc KA 18 blocks,sa,112,112,7,1
sk_02,B77363,51,1,MASc KA 18 blocks,sa,112,112,7,1
sk_02,B78567,51,1,MASc KA 18 blocks,sa,112,112,7,1
sk_03,B78567,51,1,MASc KA 18 blocks,sa,112,112,7,1
sk_03,B78910,51,1,MASc KA 18 blocks,sa,112,112,7,1
fb_01,B78910,52,1,MASc KA 18 blocks,sa,112,112,7,1
fb_01,B81877,52,1,MASc KA 18 blocks,sa,112,112,7,1
fb_01,B82792,52,1,MASc KA 18 blocks,sa,112,112,7,1
fb_02,B83275,52,1,MASc KA 18 blocks,sa,112,112,7,1
fb_02,B83275,52,1,MASc KA 18 blocks,sa,112,112,7,1
fb_02,B83275,52,1,MASc KA 18 blocks,sa,112,112,7,1
fb_03,B78567,52,1,MASc KA 18 blocks,sa,112,112,7,1
fb_03,B83275,52,1,MASc KA 18 blocks,sa,112,112,7,1
fb_03,B83275,52,1,MASc KA 18 blocks,sa,112,112,7,1
pr_01,B77363,52,1,MASc KA 18 blocks,sa,112,112,7,1
pr_01,B78567,52,1,MASc KA 18 blocks,sa,112,112,7,1
pr_02,B78567,52,1,MASc KA 18 blocks,sa,112,112,7,1
pr_03,B78567,52,1,MASc KA 18 blocks,sa,112,112,7,1
sk_01,B77300,52,1,MASc KA 18 blocks,sa,112,112,7,1
sk_01,B77363,52,1,MASc KA 18 blocks,sa,112,112,7,1
sk_01,B78567,52,1,MASc KA 18 blocks,sa,112,112,7,1
sk_02,B77363,52,1,MASc KA 18 blocks,sa,112,112,7,1
sk_02,B78567,52,1,MASc KA 18 blocks,sa,112,112,7,1
sk_02,B78567,52,1,MASc KA 18 blocks,sa,112,112,7,1
sk_03,B77363,52,1,MASc KA 18 blocks,sa,112,112,7,1
sk_03,B77363,52,1,MASc KA 18 blocks,sa,112,112,7,1
sk_03,B78567,52,1,MASc KA 18 blocks,sa,112,112,7,1
fb_01,B77363,53,1,MASc KA 18 blocks,sa,112,112,7,1
fb_01,B78910,53,1,MASc KA 18 blocks,sa,112,112,7,1
fb_01,B84093,53,1,MASc KA 18 blocks,sa,112,112,7,1
fb_02,B77363,53,1,MASc KA 18 blocks,sa,112,112,7,1
fb_02,B80395,53,1,MASc KA 18 blocks,sa,112,112,7,1
fb_02,B80395,53,1,MASc KA 18 blocks,sa,112,112,7,1
fb_03,B77718,53,1,MASc KA 18 blocks,sa,112,112,7,1
fb_03,B80395,53,1,MASc KA 18 blocks,sa,112,112,7,1
fb_03,B80395,53,1,MASc KA 18 blocks,sa,112,112,7,1
ld_01,B77363,53,1,MASc KA 18 blocks,sa,112,112,7,1
ld_02,B78567,53,1,MASc KA 18 blocks,sa,112,112,7,1
ld_03,B78567,53,1,MASc KA 18 blocks,sa,112,112,7,1
pr_01,B77363,53,1,MASc KA 18 blocks,sa,112,112,7,1
pr_01,B78567,53,1,MASc KA 18 blocks,sa,112,112,7,1
pr_01,B78567,53,1,MASc KA 18 blocks,sa,112,112,7,1
pr_02,B77363,53,1,MASc KA 18 blocks,sa,112,112,7,1
pr_02,B78567,53,1,MASc KA 18 blocks,sa,112,112,7,1
pr_02,B78567,53,1,MASc KA 18 blocks,sa,112,112,7,1
pr_03,B77300,53,1,MASc KA 18 blocks,sa,112,112,7,1
pr_03,B77363,53,1,MASc KA 18 blocks,sa,112,112,7,1
pr_03,B77363,53,1,MASc KA 18 blocks,sa,112,112,7,1
sk_01,B81877,53,1,MASc KA 18 blocks,sa,112,112,7,1
sk_01,B82792,53,1,MASc KA 18 blocks,sa,112,112,7,1
sk_01,B84093,53,1,MASc KA 18 blocks,sa,112,112,7,1
sk_02,B78567,53,1,MASc KA 18 blocks,sa,112,112,7,1
sk_02,B78910,53,1,MASc KA 18 blocks,sa,112,112,7,1
sk_02,B82792,53,1,MASc KA 18 blocks,sa,112,112,7,1
sk_03,B78910,53,1,MASc KA 18 blocks,sa,112,112,7,1
sk_03,B83275,53,1,MASc KA 18 blocks,sa,112,112,7,1
sk_03,B84093,53,1,MASc KA 18 blocks,sa,112,112,7,1
fb_01,B76352,54,1,MASc KA 18 blocks,sa,112,112,7,1
fb_01,B78910,54,1,MASc KA 18 blocks,sa,112,112,7,1
fb_01,B82792,54,1,MASc KA 18 blocks,sa,112,112,7,1
fb_02,B80395,54,1,MASc KA 18 blocks,sa,112,112,7,1
fb_02,B81779,54,1,MASc KA 18 blocks,sa,112,112,7,1
fb_02,B81779,54,1,MASc KA 18 blocks,sa,112,112,7,1
fb_03,B78910,54,1,MASc KA 18 blocks,sa,112,112,7,1
fb_03,B80395,54,1,MASc KA 18 blocks,sa,112,112,7,1
fb_03,B81779,54,1,MASc KA 18 blocks,sa,112,112,7,1
ld_01,B77300,54,1,MASc KA 18 blocks,sa,112,112,7,1
ld_01,B77363,54,1,MASc KA 18 blocks,sa,112,112,7,1
ld_01,B77363,54,1,MASc KA 18 blocks,sa,112,112,7,1
ld_02,B77363,54,1,MASc KA 18 blocks,sa,112,112,7,1
ld_02,B78567,54,1,MASc KA 18 blocks,sa,112,112,7,1
ld_02,B78567,54,1,MASc KA 18 blocks,sa,112,112,7,1
ld_03,B77363,54,1,MASc KA 18 blocks,sa,112,112,7,1
ld_03,B78567,54,1,MASc KA 18 blocks,sa,112,112,7,1
pr_01,B78567,54,1,MASc KA 18 blocks,sa,112,112,7,1
pr_01,B81877,54,1,MASc KA 18 blocks,sa,112,112,7,1
pr_01,B84093,54,1,MASc KA 18 blocks,sa,112,112,7,1
pr_02,B78910,54,1,MASc KA 18 blocks,sa,112,112,7,1
pr_02,B82792,54,1,MASc KA 18 blocks,sa,112,112,7,1
pr_02,B83275,54,1,MASc KA 18 blocks,sa,112,112,7,1
pr_03,B78910,54,1,MASc KA 18 blocks,sa,112,112,7,1
pr_03,B82792,54,1,MASc KA 18 blocks,sa,112,112,7,1
sk_01,B77363,54,1,MASc KA 18 blocks,sa,112,112,7,1
sk_01,B78910,54,1,MASc KA 18 blocks,sa,112,112,7,1
sk_01,B83275,54,1,MASc KA 18 blocks,sa,112,112,7,1
sk_02,B77363,54,1,MASc KA 18 blocks,sa,112,112,7,1
sk_02,B83275,54,1,MASc KA 18 blocks,sa,112,112,7,1
sk_02,B84093,54,1,MASc KA 18 blocks,sa,112,112,7,1
sk_03,B77363,54,1,MASc KA 18 blocks,sa,112,112,7,1
sk_03,B77363,54,1,MASc KA 18 blocks,sa,112,112,7,1
sk_03,B78910,54,1,MASc KA 18 blocks,sa,112,112,7,1
fb_01,B77363,55,1,MASc KA 18 blocks,sa,112,112,7,1
fb_01,B78910,55,1,MASc KA 18 blocks,sa,112,112,7,1
fb_01,B82792,55,1,MASc KA 18 blocks,sa,112,112,7,1
fb_02,B77651,55,1,MASc KA 18 blocks,sa,112,112,7,1
fb_02,B77651,55,1,MASc KA 18 blocks,sa,112,112,7,1
fb_02,B77651,55,1,MASc KA 18 blocks,sa,112,112,7,1
fb_03,B77651,55,1,MASc KA 18 blocks,sa,112,112,7,1
fb_03,B77651,55,1,MASc KA 18 blocks,sa,112,112,7,1
fb_03,B77651,55,1,MASc KA 18 blocks,sa,112,112,7,1
ld_01,B78567,55,1,MASc KA 18 blocks,sa,112,112,7,1
ld_01,B78910,55,1,MASc KA 18 blocks,sa,112,112,7,1
ld_02,B82792,55,1,MASc KA 18 blocks,sa,112,112,7,1
ld_03,B84093,55,1,MASc KA 18 blocks,sa,112,112,7,1
pr_01,B78910,55,1,MASc KA 18 blocks,sa,112,112,7,1
pr_01,B78910,55,1,MASc KA 18 blocks,sa,112,112,7,1
pr_01,B83275,55,1,MASc KA 18 blocks,sa,112,112,7,1
pr_02,B77363,55,1,MASc KA 18 blocks,sa,112,112,7,1
pr_02,B77363,55,1,MASc KA 18 blocks,sa,112,112,7,1
pr_02,B83275,55,1,MASc KA 18 blocks,sa,112,112,7,1
pr_03,B77363,55,1,MASc KA 18 blocks,sa,112,112,7,1
pr_03,B84093,55,1,MASc KA 18 blocks,sa,112,112,7,1
sk_01,B78910,55,1,MASc KA 18 blocks,sa,112,112,7,1
sk_01,B80395,55,1,MASc KA 18 blocks,sa,112,112,7,1
sk_01,B81779,55,1,MASc KA 18 blocks,sa,112,112,7,1
sk_02,B80395,55,1,MASc KA 18 blocks,sa,112,112,7,1
sk_02,B81779,55,1,MASc KA 18 blocks,sa,112,112,7,1
sk_02,B82792,55,1,MASc KA 18 blocks,sa,112,112,7,1
sk_03,B78567,55,1,MASc KA 18 blocks,sa,112,112,7,1
sk_03,B82792,55,1,MASc KA 18 blocks,sa,112,112,7,1
sk_03,B84093,55,1,MASc KA 18 blocks,sa,112,112,7,1
fb_01,B77363,56,1,MASc KA 18 blocks,sa,112,112,7,1
fb_01,B78910,56,1,MASc KA 18 blocks,sa,112,112,7,1
fb_01,B82792,56,1,MASc KA 18 blocks,sa,112,112,7,1
fb_02,B77651,56,1,MASc KA 18 blocks,sa,112,112,7,1
fb_02,B77651,56,1,MASc KA 18 blocks,sa,112,112,7,1
fb_02,B77651,56,1,MASc KA 18 blocks,sa,112,112,7,1
fb_03,B74735,56,1,MASc KA 18 blocks,sa,112,112,7,1
fb_03,B77651,56,1,MASc KA 18 blocks,sa,112,112,7,1
fb_03,B77651,56,1,MASc KA 18 blocks,sa,112,112,7,1
ld_01,B77363,56,1,MASc KA 18 blocks,sa,112,112,7,1
ld_01,B77363,56,1,MASc KA 18 blocks,sa,112,112,7,1
ld_01,B78910,56,1,MASc KA 18 blocks,sa,112,112,7,1
ld_02,B78910,56,1,MASc KA 18 blocks,sa,112,112,7,1
ld_02,B83275,56,1,MASc KA 18 blocks,sa,112,112,7,1
ld_03,B77363,56,1,MASc KA 18 blocks,sa,112,112,7,1
ld_03,B84093,56,1,MASc KA 18 blocks,sa,112,112,7,1
pr_01,B78567,56,1,MASc KA 18 blocks,sa,112,112,7,1
pr_01,B80395,56,1,MASc KA 18 blocks,sa,112,112,7,1
pr_01,B84093,56,1,MASc KA 18 blocks,sa,112,112,7,1
pr_02,B78910,56,1,MASc KA 18 blocks,sa,112,112,7,1
pr_02,B80395,56,1,MASc KA 18 blocks,sa,112,112,7,1
pr_02,B82792,56,1,MASc KA 18 blocks,sa,112,112,7,1
pr_03,B81779,56,1,MASc KA 18 blocks,sa,112,112,7,1
pr_03,B82792,56,1,MASc KA 18 blocks,sa,112,112,7,1
pr_03,B82792,56,1,MASc KA 18 blocks,sa,112,112,7,1
sk_01,B77363,56,1,MASc KA 18 blocks,sa,112,112,7,1
sk_01,B77651,56,1,MASc KA 18 blocks,sa,112,112,7,1
sk_01,B78910,56,1,MASc KA 18 blocks,sa,112,112,7,1
sk_02,B77651,56,1,MASc KA 18 blocks,sa,112,112,7,1
sk_02,B78910,56,1,MASc KA 18 blocks,sa,112,112,7,1
sk_02,B78910,56,1,MASc KA 18 blocks,sa,112,112,7,1
sk_03,B77363,56,1,MASc KA 18 blocks,sa,112,112,7,1
sk_03,B77651,56,1,MASc KA 18 blocks,sa,112,112,7,1
sk_03,B82792,56,1,MASc KA 18 blocks,sa,112,112,7,1
fb_01,B77363,57,1,MASc KA 18 blocks,sa,112,112,7,1
fb_01,B78910,57,1,MASc KA 18 blocks,sa,112,112,7,1
fb_01,B81877,57,1,MASc KA 18 blocks,sa,112,112,7,1
fb_02,B78567,57,1,MASc KA 18 blocks,sa,112,112,7,1
fb_02,B78567,57,1,MASc KA 18 blocks,sa,112,112,7,1
fb_02,B79027,57,1,MASc KA 18 blocks,sa,112,112,7,1
fb_03,B77363,57,1,MASc KA 18 blocks,sa,112,112,7,1
fb_03,B78567,57,1,MASc KA 18 blocks,sa,112,112,7,1
fb_03,B79027,57,1,MASc KA 18 blocks,sa,112,112,7,1
fb_01,B77363,58,1,MASc KA 18 blocks,sa,112,112,7,1
fb_01,B82792,58,1,MASc KA 18 blocks,sa,112,112,7,1
fb_01,B84093,58,1,MASc KA 18 blocks,sa,112,112,7,1
fb_02,B77363,58,1,MASc KA 18 blocks,sa,112,112,7,1
fb_02,B78567,58,1,MASc KA 18 blocks,sa,112,112,7,1
fb_02,B78567,58,1,MASc KA 18 blocks,sa,112,112,7,1
fb_03,B77300,58,1,MASc KA 18 blocks,sa,112,112,7,1
fb_03,B78567,58,1,MASc KA 18 blocks,sa,112,112,7,1
fb_03,B78567,58,1,MASc KA 18 blocks,sa,112,112,7,1
sk_01,B78567,58,1,MASc KA 18 blocks,sa,112,112,7,1
sk_01,B79027,58,1,MASc KA 18 blocks,sa,112,112,7,1
sk_01,B79027,58,1,MASc KA 18 blocks,sa,112,112,7,1
sk_02,B77363,58,1,MASc KA 18 blocks,sa,112,112,7,1
sk_02,B78567,58,1,MASc KA 18 blocks,sa,112,112,7,1
sk_02,B81877,58,1,MASc KA 18 blocks,sa,112,112,7,1
sk_03,B77363,58,1,MASc KA 18 blocks,sa,112,112,7,1
sk_03,B77363,58,1,MASc KA 18 blocks,sa,112,112,7,1
sk_03,B78910,58,1,MASc KA 18 blocks,sa,112,112,7,1
fb_01,B78910,59,1,MASc KA 18 blocks,sa,112,112,7,1
fb_01,B81877,59,1,MASc KA 18 blocks,sa,112,112,7,1
fb_01,B82792,59,1,MASc KA 18 blocks,sa,112,112,7,1
fb_02,B83275,59,1,MASc KA 18 blocks,sa,112,112,7,1
fb_02,B83275,59,1,MASc KA 18 blocks,sa,112,112,7,1
fb_02,B83275,59,1,MASc KA 18 blocks,sa,112,112,7,1
fb_03,B77252,59,1,MASc KA 18 blocks,sa,112,112,7,1
fb_03,B77363,59,1,MASc KA 18 blocks,sa,112,112,7,1
fb_03,B83275,59,1,MASc KA 18 blocks,sa,112,112,7,1
pr_01,B77363,59,1,MASc KA 18 blocks,sa,112,112,7,1
pr_01,B77363,59,1,MASc KA 18 blocks,sa,112,112,7,1
pr_01,B81877,59,1,MASc KA 18 blocks,sa,112,112,7,1
pr_02,B78567,59,1,MASc KA 18 blocks,sa,112,112,7,1
pr_02,B79027,59,1,MASc KA 18 blocks,sa,112,112,7,1
pr_03,B78567,59,1,MASc KA 18 blocks,sa,112,112,7,1
pr_03,B79027,59,1,MASc KA 18 blocks,sa,112,112,7,1
sk_01,B77300,59,1,MASc KA 18 blocks,sa,112,112,7,1
sk_01,B78567,59,1,MASc KA 18 blocks,sa,112,112,7,1
sk_01,B78567,59,1,MASc KA 18 blocks,sa,112,112,7,1
sk_02,B77363,59,1,MASc KA 18 blocks,sa,112,112,7,1
sk_02,B78567,59,1,MASc KA 18 blocks,sa,112,112,7,1
sk_02,B78567,59,1,MASc KA 18 blocks,sa,112,112,7,1
sk_03,B77363,59,1,MASc KA 18 blocks,sa,112,112,7,1
sk_03,B77363,59,1,MASc KA 18 blocks,sa,112,112,7,1
sk_03,B77363,59,1,MASc KA 18 blocks,sa,112,112,7,1
fb_01,B77363,60,1,MASc KA 18 blocks,sa,112,112,7,1
fb_01,B78910,60,1,MASc KA 18 blocks,sa,112,112,7,1
fb_01,B84093,60,1,MASc KA 18 blocks,sa,112,112,7,1
fb_02,B77363,60,1,MASc KA 18 blocks,sa,112,112,7,1
fb_02,B80395,60,1,MASc KA 18 blocks,sa,112,112,7,1
fb_02,B80395,60,1,MASc KA 18 blocks,sa,112,112,7,1
fb_03,B77651,60,1,MASc KA 18 blocks,sa,112,112,7,1
fb_03,B80395,60,1,MASc KA 18 blocks,sa,112,112,7,1
fb_03,B80395,60,1,MASc KA 18 blocks,sa,112,112,7,1
ld_01,B77363,60,1,MASc KA 18 blocks,sa,112,112,7,1
ld_01,B79027,60,1,MASc KA 18 blocks,sa,112,112,7,1
ld_02,B77363,60,1,MASc KA 18 blocks,sa,112,112,7,1
ld_02,B79027,60,1,MASc KA 18 blocks,sa,112,112,7,1
ld_03,B78567,60,1,MASc KA 18 blocks,sa,112,112,7,1
pr_01,B77363,60,1,MASc KA 18 blocks,sa,112,112,7,1
pr_01,B78567,60,1,MASc KA 18 blocks,sa,112,112,7,1
pr_01,B78567,60,1,MASc KA 18 blocks,sa,112,112,7,1
pr_02,B77363,60,1,MASc KA 18 blocks,sa,112,112,7,1
pr_02,B77363,60,1,MASc KA 18 blocks,sa,112,112,7,1
pr_02,B78567,60,1,MASc KA 18 blocks,sa,112,112,7,1
pr_03,B77300,60,1,MASc KA 18 blocks,sa,112,112,7,1
pr_03,B77363,60,1,MASc KA 18 blocks,sa,112,112,7,1
pr_03,B78567,60,1,MASc KA 18 blocks,sa,112,112,7,1
sk_01,B81877,60,1,MASc KA 18 blocks,sa,112,112,7,1
sk_01,B82792,60,1,MASc KA 18 blocks,sa,112,112,7,1
sk_01,B84093,60,1,MASc KA 18 blocks,sa,112,112,7,1
sk_02,B78910,60,1,MASc KA 18 blocks,sa,112,112,7,1
sk_02,B82792,60,1,MASc KA 18 blocks,sa,112,112,7,1
sk_02,B83275,60,1,MASc KA 18 blocks,sa,112,112,7,1
sk_03,B78910,60,1,MASc KA 18 blocks,sa,112,112,7,1
sk_03,B83275,60,1,MASc KA 18 blocks,sa,112,112,7,1
sk_03,B84093,60,1,MASc KA 18 blocks,sa,112,112,7,1
fb_01,B74735,61,1,MASc KA 18 blocks,sa,112,112,7,1
fb_01,B78910,61,1,MASc KA 18 blocks,sa,112,112,7,1
fb_01,B82792,61,1,MASc KA 18 blocks,sa,112,112,7,1
fb_02,B80395,61,1,MASc KA 18 blocks,sa,112,112,7,1
fb_02,B81779,61,1,MASc KA 18 blocks,sa,112,112,7,1
fb_02,B81779,61,1,MASc KA 18 blocks,sa,112,112,7,1
fb_03,B77651,61,1,MASc KA 18 blocks,sa,112,112,7,1
fb_03,B80395,61,1,MASc KA 18 blocks,sa,112,112,7,1
fb_03,B81779,61,1,MASc KA 18 blocks,sa,112,112,7,1
ld_01,B77363,61,1,MASc KA 18 blocks,sa,112,112,7,1
ld_01,B77363,61,1,MASc KA 18 blocks,sa,112,112,7,1
ld_01,B78567,61,1,MASc KA 18 blocks,sa,112,112,7,1
ld_02,B77300,61,1,MASc KA 18 blocks,sa,112,112,7,1
ld_02,B77363,61,1,MASc KA 18 blocks,sa,112,112,7,1
ld_02,B77363,61,1,MASc KA 18 blocks,sa,112,112,7,1
ld_03,B78567,61,1,MASc KA 18 blocks,sa,112,112,7,1
ld_03,B78567,61,1,MASc KA 18 blocks,sa,112,112,7,1
pr_01,B81877,61,1,MASc KA 18 blocks,sa,112,112,7,1
pr_01,B82792,61,1,MASc KA 18 blocks,sa,112,112,7,1
pr_01,B84093,61,1,MASc KA 18 blocks,sa,112,112,7,1
pr_02,B78910,61,1,MASc KA 18 blocks,sa,112,112,7,1
pr_02,B81877,61,1,MASc KA 18 blocks,sa,112,112,7,1
pr_02,B83275,61,1,MASc KA 18 blocks,sa,112,112,7,1
pr_03,B78910,61,1,MASc KA 18 blocks,sa,112,112,7,1
pr_03,B82792,61,1,MASc KA 18 blocks,sa,112,112,7,1
pr_03,B83275,61,1,MASc KA 18 blocks,sa,112,112,7,1
sk_01,B77363,61,1,MASc KA 18 blocks,sa,112,112,7,1
sk_01,B78910,61,1,MASc KA 18 blocks,sa,112,112,7,1
sk_01,B83275,61,1,MASc KA 18 blocks,sa,112,112,7,1
sk_02,B77363,61,1,MASc KA 18 blocks,sa,112,112,7,1
sk_02,B80395,61,1,MASc KA 18 blocks,sa,112,112,7,1
sk_02,B84093,61,1,MASc KA 18 blocks,sa,112,112,7,1
sk_03,B78910,61,1,MASc KA 18 blocks,sa,112,112,7,1
sk_03,B80395,61,1,MASc KA 18 blocks,sa,112,112,7,1
sk_03,B84093,61,1,MASc KA 18 blocks,sa,112,112,7,1
fb_01,B77363,62,1,MASc KA 18 blocks,sa,112,112,7,1
fb_01,B78910,62,1,MASc KA 18 blocks,sa,112,112,7,1
fb_01,B82792,62,1,MASc KA 18 blocks,sa,112,112,7,1
fb_02,B77363,62,1,MASc KA 18 blocks,sa,112,112,7,1
fb_02,B77651,62,1,MASc KA 18 blocks,sa,112,112,7,1
fb_02,B77651,62,1,MASc KA 18 blocks,sa,112,112,7,1
fb_03,B77363,62,1,MASc KA 18 blocks,sa,112,112,7,1
fb_03,B77651,62,1,MASc KA 18 blocks,sa,112,112,7,1
fb_03,B77651,62,1,MASc KA 18 blocks,sa,112,112,7,1
ld_01,B78910,62,1,MASc KA 18 blocks,sa,112,112,7,1
ld_01,B84093,62,1,MASc KA 18 blocks,sa,112,112,7,1
ld_02,B81877,62,1,MASc KA 18 blocks,sa,112,112,7,1
ld_02,B82792,62,1,MASc KA 18 blocks,sa,112,112,7,1
ld_03,B81877,62,1,MASc KA 18 blocks,sa,112,112,7,1
ld_03,B83275,62,1,MASc KA 18 blocks,sa,112,112,7,1
pr_01,B77363,62,1,MASc KA 18 blocks,sa,112,112,7,1
pr_01,B78910,62,1,MASc KA 18 blocks,sa,112,112,7,1
pr_01,B80395,62,1,MASc KA 18 blocks,sa,112,112,7,1
pr_02,B78910,62,1,MASc KA 18 blocks,sa,112,112,7,1
pr_02,B80395,62,1,MASc KA 18 blocks,sa,112,112,7,1
pr_02,B84093,62,1,MASc KA 18 blocks,sa,112,112,7,1
pr_03,B83275,62,1,MASc KA 18 blocks,sa,112,112,7,1
pr_03,B84093,62,1,MASc KA 18 blocks,sa,112,112,7,1
sk_01,B77363,62,1,MASc KA 18 blocks,sa,112,112,7,1
sk_01,B78910,62,1,MASc KA 18 blocks,sa,112,112,7,1
sk_01,B80395,62,1,MASc KA 18 blocks,sa,112,112,7,1
sk_02,B80395,62,1,MASc KA 18 blocks,sa,112,112,7,1
sk_02,B81779,62,1,MASc KA 18 blocks,sa,112,112,7,1
sk_02,B82792,62,1,MASc KA 18 blocks,sa,112,112,7,1
sk_03,B77651,62,1,MASc KA 18 blocks,sa,112,112,7,1
sk_03,B78910,62,1,MASc KA 18 blocks,sa,112,112,7,1
sk_03,B82792,62,1,MASc KA 18 blocks,sa,112,112,7,1
fb_01,B77363,63,1,MASc KA 18 blocks,sa,112,112,7,1
fb_01,B78910,63,1,MASc KA 18 blocks,sa,112,112,7,1
fb_01,B82792,63,1,MASc KA 18 blocks,sa,112,112,7,1
fb_02,B74735,63,1,MASc KA 18 blocks,sa,112,112,7,1
fb_02,B77651,63,1,MASc KA 18 blocks,sa,112,112,7,1
fb_02,B77651,63,1,MASc KA 18 blocks,sa,112,112,7,1
fb_03,B77651,63,1,MASc KA 18 blocks,sa,112,112,7,1
fb_03,B77651,63,1,MASc KA 18 blocks,sa,112,112,7,1
fb_03,B78910,63,1,MASc KA 18 blocks,sa,112,112,7,1
ld_01,B78910,63,1,MASc KA 18 blocks,sa,112,112,7,1
ld_01,B80395,63,1,MASc KA 18 blocks,sa,112,112,7,1
ld_02,B78910,63,1,MASc KA 18 blocks,sa,112,112,7,1
ld_02,B84093,63,1,MASc KA 18 blocks,sa,112,112,7,1
ld_03,B77363,63,1,MASc KA 18 blocks,sa,112,112,7,1
ld_03,B84093,63,1,MASc KA 18 blocks,sa,112,112,7,1
pr_01,B77363,63,1,MASc KA 18 blocks,sa,112,112,7,1
pr_01,B78910,63,1,MASc KA 18 blocks,sa,112,112,7,1
pr_01,B80395,63,1,MASc KA 18 blocks,sa,112,112,7,1
pr_02,B78910,63,1,MASc KA 18 blocks,sa,112,112,7,1
pr_02,B82792,63,1,MASc KA 18 blocks,sa,112,112,7,1
pr_02,B82792,63,1,MASc KA 18 blocks,sa,112,112,7,1
pr_03,B80395,63,1,MASc KA 18 blocks,sa,112,112,7,1
pr_03,B80395,63,1,MASc KA 18 blocks,sa,112,112,7,1
pr_03,B82792,63,1,MASc KA 18 blocks,sa,112,112,7,1
sk_01,B77651,63,1,MASc KA 18 blocks,sa,112,112,7,1
sk_01,B78910,63,1,MASc KA 18 blocks,sa,112,112,7,1
sk_01,B80395,63,1,MASc KA 18 blocks,sa,112,112,7,1
sk_02,B77363,63,1,MASc KA 18 blocks,sa,112,112,7,1
sk_02,B77651,63,1,MASc KA 18 blocks,sa,112,112,7,1
sk_02,B78910,63,1,MASc KA 18 blocks,sa,112,112,7,1
sk_03,B77363,63,1,MASc KA 18 blocks,sa,112,112,7,1
sk_03,B77363,63,1,MASc KA 18 blocks,sa,112,112,7,1
sk_03,B82792,63,1,MASc KA 18 blocks,sa,112,112,7,1
fb_01,B77363,64,1,MASc KA 18 blocks,sa,112,112,7,1
fb_01,B78910,64,1,MASc KA 18 blocks,sa,112,112,7,1
fb_01,B81877,64,1,MASc KA 18 blocks,sa,112,112,7,1
fb_02,B78567,64,1,MASc KA 18 blocks,sa,112,112,7,1
fb_02,B78567,64,1,MASc KA 18 blocks,sa,112,112,7,1
fb_02,B79027,64,1,MASc KA 18 blocks,sa,112,112,7,1
fb_03,B77363,64,1,MASc KA 18 blocks,sa,112,112,7,1
fb_03,B78567,64,1,MASc KA 18 blocks,sa,112,112,7,1
fb_03,B79027,64,1,MASc KA 18 blocks,sa,112,112,7,1
fb_01,B77363,65,1,MASc KA 18 blocks,sa,112,112,7,1
fb_01,B82792,65,1,MASc KA 18 blocks,sa,112,112,7,1
fb_01,B84093,65,1,MASc KA 18 blocks,sa,112,112,7,1
fb_02,B78567,65,1,MASc KA 18 blocks,sa,112,112,7,1
fb_02,B78567,65,1,MASc KA 18 blocks,sa,112,112,7,1
fb_02,B78567,65,1,MASc KA 18 blocks,sa,112,112,7,1
fb_03,B77300,65,1,MASc KA 18 blocks,sa,112,112,7,1
fb_03,B78567,65,1,MASc KA 18 blocks,sa,112,112,7,1
fb_03,B78567,65,1,MASc KA 18 blocks,sa,112,112,7,1
sk_01,B78567,65,1,MASc KA 18 blocks,sa,112,112,7,1
sk_01,B79027,65,1,MASc KA 18 blocks,sa,112,112,7,1
sk_01,B79027,65,1,MASc KA 18 blocks,sa,112,112,7,1
sk_02,B77363,65,1,MASc KA 18 blocks,sa,112,112,7,1
sk_02,B77363,65,1,MASc KA 18 blocks,sa,112,112,7,1
sk_02,B81877,65,1,MASc KA 18 blocks,sa,112,112,7,1
sk_03,B77363,65,1,MASc KA 18 blocks,sa,112,112,7,1
sk_03,B77363,65,1,MASc KA 18 blocks,sa,112,112,7,1
sk_03,B78910,65,1,MASc KA 18 blocks,sa,112,112,7,1
fb_01,B74735,66,1,MASc KA 18 blocks,sa,112,112,7,1
fb_01,B78910,66,1,MASc KA 18 blocks,sa,112,112,7,1
fb_01,B82792,66,1,MASc KA 18 blocks,sa,112,112,7,1
fb_02,B83275,66,1,MASc KA 18 blocks,sa,112,112,7,1
fb_02,B83275,66,1,MASc KA 18 blocks,sa,112,112,7,1
fb_02,B83275,66,1,MASc KA 18 blocks,sa,112,112,7,1
fb_03,B80395,66,1,MASc KA 18 blocks,sa,112,112,7,1
fb_03,B83275,66,1,MASc KA 18 blocks,sa,112,112,7,1
fb_03,B83275,66,1,MASc KA 18 blocks,sa,112,112,7,1
pr_01,B77363,66,1,MASc KA 18 blocks,sa,112,112,7,1
pr_01,B77363,66,1,MASc KA 18 blocks,sa,112,112,7,1
pr_01,B81877,66,1,MASc KA 18 blocks,sa,112,112,7,1
pr_02,B77363,66,1,MASc KA 18 blocks,sa,112,112,7,1
pr_02,B79027,66,1,MASc KA 18 blocks,sa,112,112,7,1
pr_03,B78567,66,1,MASc KA 18 blocks,sa,112,112,7,1
pr_03,B79027,66,1,MASc KA 18 blocks,sa,112,112,7,1
sk_01,B77300,66,1,MASc KA 18 blocks,sa,112,112,7,1
sk_01,B78567,66,1,MASc KA 18 blocks,sa,112,112,7,1
sk_01,B78567,66,1,MASc KA 18 blocks,sa,112,112,7,1
sk_02,B77363,66,1,MASc KA 18 blocks,sa,112,112,7,1
sk_02,B78567,66,1,MASc KA 18 blocks,sa,112,112,7,1
sk_02,B78567,66,1,MASc KA 18 blocks,sa,112,112,7,1
sk_03,B77363,66,1,MASc KA 18 blocks,sa,112,112,7,1
sk_03,B78567,66,1,MASc KA 18 blocks,sa,112,112,7,1
sk_03,B78567,66,1,MASc KA 18 blocks,sa,112,112,7,1
fb_01,B77363,67,1,MASc KA 18 blocks,sa,112,112,7,1
fb_01,B78910,67,1,MASc KA 18 blocks,sa,112,112,7,1
fb_01,B84093,67,1,MASc KA 18 blocks,sa,112,112,7,1
fb_02,B76319,67,1,MASc KA 18 blocks,sa,112,112,7,1
fb_02,B80395,67,1,MASc KA 18 blocks,sa,112,112,7,1
fb_02,B80395,67,1,MASc KA 18 blocks,sa,112,112,7,1
fb_03,B76319,67,1,MASc KA 18 blocks,sa,112,112,7,1
fb_03,B80395,67,1,MASc KA 18 blocks,sa,112,112,7,1
fb_03,B80395,67,1,MASc KA 18 blocks,sa,112,112,7,1
ld_01,B77363,67,1,MASc KA 18 blocks,sa,112,112,7,1
ld_01,B79027,67,1,MASc KA 18 blocks,sa,112,112,7,1
ld_02,B77363,67,1,MASc KA 18 blocks,sa,112,112,7,1
ld_02,B79027,67,1,MASc KA 18 blocks,sa,112,112,7,1
ld_03,B77363,67,1,MASc KA 18 blocks,sa,112,112,7,1
pr_01,B77363,67,1,MASc KA 18 blocks,sa,112,112,7,1
pr_01,B78567,67,1,MASc KA 18 blocks,sa,112,112,7,1
pr_01,B78567,67,1,MASc KA 18 blocks,sa,112,112,7,1
pr_02,B77363,67,1,MASc KA 18 blocks,sa,112,112,7,1
pr_02,B78567,67,1,MASc KA 18 blocks,sa,112,112,7,1
pr_02,B78567,67,1,MASc KA 18 blocks,sa,112,112,7,1
pr_03,B77300,67,1,MASc KA 18 blocks,sa,112,112,7,1
pr_03,B78567,67,1,MASc KA 18 blocks,sa,112,112,7,1
pr_03,B78567,67,1,MASc KA 18 blocks,sa,112,112,7,1
sk_01,B78910,67,1,MASc KA 18 blocks,sa,112,112,7,1
sk_01,B82792,67,1,MASc KA 18 blocks,sa,112,112,7,1
sk_01,B83275,67,1,MASc KA 18 blocks,sa,112,112,7,1
sk_02,B78910,67,1,MASc KA 18 blocks,sa,112,112,7,1
sk_02,B83275,67,1,MASc KA 18 blocks,sa,112,112,7,1
sk_02,B84093,67,1,MASc KA 18 blocks,sa,112,112,7,1
sk_03,B82792,67,1,MASc KA 18 blocks,sa,112,112,7,1
sk_03,B83275,67,1,MASc KA 18 blocks,sa,112,112,7,1
sk_03,B84093,67,1,MASc KA 18 blocks,sa,112,112,7,1
fb_01,B77651,68,1,MASc KA 18 blocks,sa,112,112,7,1
fb_01,B78910,68,1,MASc KA 18 blocks,sa,112,112,7,1
fb_01,B82792,68,1,MASc KA 18 blocks,sa,112,112,7,1
fb_02,B80395,68,1,MASc KA 18 blocks,sa,112,112,7,1
fb_02,B81779,68,1,MASc KA 18 blocks,sa,112,112,7,1
fb_02,B81779,68,1,MASc KA 18 blocks,sa,112,112,7,1
fb_03,B77651,68,1,MASc KA 18 blocks,sa,112,112,7,1
fb_03,B80395,68,1,MASc KA 18 blocks,sa,112,112,7,1
fb_03,B81779,68,1,MASc KA 18 blocks,sa,112,112,7,1
ld_01,B77300,68,1,MASc KA 18 blocks,sa,112,112,7,1
ld_01,B77363,68,1,MASc KA 18 blocks,sa,112,112,7,1
ld_01,B78567,68,1,MASc KA 18 blocks,sa,112,112,7,1
ld_02,B77363,68,1,MASc KA 18 blocks,sa,112,112,7,1
ld_02,B78567,68,1,MASc KA 18 blocks,sa,112,112,7,1
ld_02,B78567,68,1,MASc KA 18 blocks,sa,112,112,7,1
ld_03,B78567,68,1,MASc KA 18 blocks,sa,112,112,7,1
ld_03,B78567,68,1,MASc KA 18 blocks,sa,112,112,7,1
pr_01,B82792,68,1,MASc KA 18 blocks,sa,112,112,7,1
pr_01,B83275,68,1,MASc KA 18 blocks,sa,112,112,7,1
pr_01,B84093,68,1,MASc KA 18 blocks,sa,112,112,7,1
pr_02,B78910,68,1,MASc KA 18 blocks,sa,112,112,7,1
pr_02,B82792,68,1,MASc KA 18 blocks,sa,112,112,7,1
pr_02,B83275,68,1,MASc KA 18 blocks,sa,112,112,7,1
pr_03,B78910,68,1,MASc KA 18 blocks,sa,112,112,7,1
pr_03,B83275,68,1,MASc KA 18 blocks,sa,112,112,7,1
sk_01,B77363,68,1,MASc KA 18 blocks,sa,112,112,7,1
sk_01,B78910,68,1,MASc KA 18 blocks,sa,112,112,7,1
sk_01,B83275,68,1,MASc KA 18 blocks,sa,112,112,7,1
sk_02,B77363,68,1,MASc KA 18 blocks,sa,112,112,7,1
sk_02,B83275,68,1,MASc KA 18 blocks,sa,112,112,7,1
sk_02,B84093,68,1,MASc KA 18 blocks,sa,112,112,7,1
sk_03,B78910,68,1,MASc KA 18 blocks,sa,112,112,7,1
sk_03,B80395,68,1,MASc KA 18 blocks,sa,112,112,7,1
sk_03,B84093,68,1,MASc KA 18 blocks,sa,112,112,7,1
fb_01,B77363,69,1,MASc KA 18 blocks,sa,112,112,7,1
fb_01,B77651,69,1,MASc KA 18 blocks,sa,112,112,7,1
fb_01,B78910,69,1,MASc KA 18 blocks,sa,112,112,7,1
fb_02,B77651,69,1,MASc KA 18 blocks,sa,112,112,7,1
fb_02,B77651,69,1,MASc KA 18 blocks,sa,112,112,7,1
fb_02,B82792,69,1,MASc KA 18 blocks,sa,112,112,7,1
fb_03,B77651,69,1,MASc KA 18 blocks,sa,112,112,7,1
fb_03,B77651,69,1,MASc KA 18 blocks,sa,112,112,7,1
fb_03,B77651,69,1,MASc KA 18 blocks,sa,112,112,7,1
ld_01,B78910,69,1,MASc KA 18 blocks,sa,112,112,7,1
ld_01,B84093,69,1,MASc KA 18 blocks,sa,112,112,7,1
ld_02,B82792,69,1,MASc KA 18 blocks,sa,112,112,7,1
ld_03,B83275,69,1,MASc KA 18 blocks,sa,112,112,7,1
pr_01,B77363,69,1,MASc KA 18 blocks,sa,112,112,7,1
pr_01,B83275,69,1,MASc KA 18 blocks,sa,112,112,7,1
pr_01,B84093,69,1,MASc KA 18 blocks,sa,112,112,7,1
pr_02,B77363,69,1,MASc KA 18 blocks,sa,112,112,7,1
pr_02,B78910,69,1,MASc KA 18 blocks,sa,112,112,7,1
pr_02,B83275,69,1,MASc KA 18 blocks,sa,112,112,7,1
pr_03,B78910,69,1,MASc KA 18 blocks,sa,112,112,7,1
pr_03,B83275,69,1,MASc KA 18 blocks,sa,112,112,7,1
pr_03,B84093,69,1,MASc KA 18 blocks,sa,112,112,7,1
sk_01,B78910,69,1,MASc KA 18 blocks,sa,112,112,7,1
sk_01,B80395,69,1,MASc KA 18 blocks,sa,112,112,7,1
sk_01,B81779,69,1,MASc KA 18 blocks,sa,112,112,7,1
sk_02,B80395,69,1,MASc KA 18 blocks,sa,112,112,7,1
sk_02,B80395,69,1,MASc KA 18 blocks,sa,112,112,7,1
sk_02,B82792,69,1,MASc KA 18 blocks,sa,112,112,7,1
sk_03,B78910,69,1,MASc KA 18 blocks,sa,112,112,7,1
sk_03,B81779,69,1,MASc KA 18 blocks,sa,112,112,7,1
sk_03,B82792,69,1,MASc KA 18 blocks,sa,112,112,7,1
fb_01,B77363,70,1,MASc KA 18 blocks,sa,112,112,7,1
fb_01,B78910,70,1,MASc KA 18 blocks,sa,112,112,7,1
fb_01,B82792,70,1,MASc KA 18 blocks,sa,112,112,7,1
fb_02,B77651,70,1,MASc KA 18 blocks,sa,112,112,7,1
fb_02,B77651,70,1,MASc KA 18 blocks,sa,112,112,7,1
fb_02,B77718,70,1,MASc KA 18 blocks,sa,112,112,7,1
fb_03,B77363,70,1,MASc KA 18 blocks,sa,112,112,7,1
fb_03,B77651,70,1,MASc KA 18 blocks,sa,112,112,7,1
fb_03,B77651,70,1,MASc KA 18 blocks,sa,112,112,7,1
ld_01,B77363,70,1,MASc KA 18 blocks,sa,112,112,7,1
ld_01,B78910,70,1,MASc KA 18 blocks,sa,112,112,7,1
ld_01,B83275,70,1,MASc KA 18 blocks,sa,112,112,7,1
ld_02,B78910,70,1,MASc KA 18 blocks,sa,112,112,7,1
ld_02,B83275,70,1,MASc KA 18 blocks,sa,112,112,7,1
ld_02,B84093,70,1,MASc KA 18 blocks,sa,112,112,7,1
ld_03,B77363,70,1,MASc KA 18 blocks,sa,112,112,7,1
ld_03,B84093,70,1,MASc KA 18 blocks,sa,112,112,7,1
pr_01,B78910,70,1,MASc KA 18 blocks,sa,112,112,7,1
pr_01,B80395,70,1,MASc KA 18 blocks,sa,112,112,7,1
pr_01,B82792,70,1,MASc KA 18 blocks,sa,112,112,7,1
pr_02,B78910,70,1,MASc KA 18 blocks,sa,112,112,7,1
pr_02,B80395,70,1,MASc KA 18 blocks,sa,112,112,7,1
pr_02,B82792,70,1,MASc KA 18 blocks,sa,112,112,7,1
pr_03,B80395,70,1,MASc KA 18 blocks,sa,112,112,7,1
pr_03,B82792,70,1,MASc KA 18 blocks,sa,112,112,7,1
pr_03,B83275,70,1,MASc KA 18 blocks,sa,112,112,7,1
sk_01,B77651,70,1,MASc KA 18 blocks,sa,112,112,7,1
sk_01,B77651,70,1,MASc KA 18 blocks,sa,112,112,7,1
sk_01,B78910,70,1,MASc KA 18 blocks,sa,112,112,7,1
sk_02,B77363,70,1,MASc KA 18 blocks,sa,112,112,7,1
sk_02,B77651,70,1,MASc KA 18 blocks,sa,112,112,7,1
sk_02,B78910,70,1,MASc KA 18 blocks,sa,112,112,7,1
sk_03,B77363,70,1,MASc KA 18 blocks,sa,112,112,7,1
sk_03,B77651,70,1,MASc KA 18 blocks,sa,112,112,7,1
sk_03,B82792,70,1,MASc KA 18 blocks,sa,112,112,7,1
fb_01,B77363,71,1,MASc KA 18 blocks,sa,112,112,7,1
fb_01,B78910,71,1,MASc KA 18 blocks,sa,112,112,7,1
fb_01,B81877,71,1,MASc KA 18 blocks,sa,112,112,7,1
fb_02,B77363,71,1,MASc KA 18 blocks,sa,112,112,7,1
fb_02,B78910,71,1,MASc KA 18 blocks,sa,112,112,7,1
fb_02,B79027,71,1,MASc KA 18 blocks,sa,112,112,7,1
fb_03,B78567,71,1,MASc KA 18 blocks,sa,112,112,7,1
fb_03,B78567,71,1,MASc KA 18 blocks,sa,112,112,7,1
fb_03,B79027,71,1,MASc KA 18 blocks,sa,112,112,7,1
fb_01,B77363,72,1,MASc KA 18 blocks,sa,112,112,7,1
fb_01,B82792,72,1,MASc KA 18 blocks,sa,112,112,7,1
fb_01,B84093,72,1,MASc KA 18 blocks,sa,112,112,7,1
fb_02,B78567,72,1,MASc KA 18 blocks,sa,112,112,7,1
fb_02,B78567,72,1,MASc KA 18 blocks,sa,112,112,7,1
fb_02,B78567,72,1,MASc KA 18 blocks,sa,112,112,7,1
fb_03,B74735,72,1,MASc KA 18 blocks,sa,112,112,7,1
fb_03,B77300,72,1,MASc KA 18 blocks,sa,112,112,7,1
fb_03,B78567,72,1,MASc KA 18 blocks,sa,112,112,7,1
sk_01,B77363,72,1,MASc KA 18 blocks,sa,112,112,7,1
sk_01,B78567,72,1,MASc KA 18 blocks,sa,112,112,7,1
sk_01,B79027,72,1,MASc KA 18 blocks,sa,112,112,7,1
sk_02,B77363,72,1,MASc KA 18 blocks,sa,112,112,7,1
sk_02,B79027,72,1,MASc KA 18 blocks,sa,112,112,7,1
sk_02,B81877,72,1,MASc KA 18 blocks,sa,112,112,7,1
sk_03,B77363,72,1,MASc KA 18 blocks,sa,112,112,7,1
sk_03,B77363,72,1,MASc KA 18 blocks,sa,112,112,7,1
sk_03,B78910,72,1,MASc KA 18 blocks,sa,112,112,7,1
fb_01,B78910,73,1,MASc KA 18 blocks,sa,112,112,7,1
fb_01,B81877,73,1,MASc KA 18 blocks,sa,112,112,7,1
fb_01,B82792,73,1,MASc KA 18 blocks,sa,112,112,7,1
fb_02,B83275,73,1,MASc KA 18 blocks,sa,112,112,7,1
fb_02,B83275,73,1,MASc KA 18 blocks,sa,112,112,7,1
fb_02,B83275,73,1,MASc KA 18 blocks,sa,112,112,7,1
fb_03,B80395,73,1,MASc KA 18 blocks,sa,112,112,7,1
fb_03,B83275,73,1,MASc KA 18 blocks,sa,112,112,7,1
fb_03,B83275,73,1,MASc KA 18 blocks,sa,112,112,7,1
pr_01,B77363,73,1,MASc KA 18 blocks,sa,112,112,7,1
pr_01,B77363,73,1,MASc KA 18 blocks,sa,112,112,7,1
pr_01,B81877,73,1,MASc KA 18 blocks,sa,112,112,7,1
pr_02,B77363,73,1,MASc KA 18 blocks,sa,112,112,7,1
pr_02,B79027,73,1,MASc KA 18 blocks,sa,112,112,7,1
pr_03,B78567,73,1,MASc KA 18 blocks,sa,112,112,7,1
pr_03,B79027,73,1,MASc KA 18 blocks,sa,112,112,7,1
sk_01,B77300,73,1,MASc KA 18 blocks,sa,112,112,7,1
sk_01,B78567,73,1,MASc KA 18 blocks,sa,112,112,7,1
sk_01,B78567,73,1,MASc KA 18 blocks,sa,112,112,7,1
sk_02,B77363,73,1,MASc KA 18 blocks,sa,112,112,7,1
sk_02,B78567,73,1,MASc KA 18 blocks,sa,112,112,7,1
sk_02,B78910,73,1,MASc KA 18 blocks,sa,112,112,7,1
sk_03,B77363,73,1,MASc KA 18 blocks,sa,112,112,7,1
sk_03,B78567,73,1,MASc KA 18 blocks,sa,112,112,7,1
sk_03,B78910,73,1,MASc KA 18 blocks,sa,112,112,7,1
fb_01,B77363,74,1,MASc KA 18 blocks,sa,112,112,7,1
fb_01,B78910,74,1,MASc KA 18 blocks,sa,112,112,7,1
fb_01,B84093,74,1,MASc KA 18 blocks,sa,112,112,7,1
fb_02,B80395,74,1,MASc KA 18 blocks,sa,112,112,7,1
fb_02,B80395,74,1,MASc KA 18 blocks,sa,112,112,7,1
fb_02,B80395,74,1,MASc KA 18 blocks,sa,112,112,7,1
fb_03,B76352,74,1,MASc KA 18 blocks,sa,112,112,7,1
fb_03,B80395,74,1,MASc KA 18 blocks,sa,112,112,7,1
fb_03,B80395,74,1,MASc KA 18 blocks,sa,112,112,7,1
ld_01,B77363,74,1,MASc KA 18 blocks,sa,112,112,7,1
ld_01,B79027,74,1,MASc KA 18 blocks,sa,112,112,7,1
ld_02,B77363,74,1,MASc KA 18 blocks,sa,112,112,7,1
ld_02,B79027,74,1,MASc KA 18 blocks,sa,112,112,7,1
ld_03,B77363,74,1,MASc KA 18 blocks,sa,112,112,7,1
pr_01,B77363,74,1,MASc KA 18 blocks,sa,112,112,7,1
pr_01,B78567,74,1,MASc KA 18 blocks,sa,112,112,7,1
pr_01,B78910,74,1,MASc KA 18 blocks,sa,112,112,7,1
pr_02,B77363,74,1,MASc KA 18 blocks,sa,112,112,7,1
pr_02,B78567,74,1,MASc KA 18 blocks,sa,112,112,7,1
pr_02,B78910,74,1,MASc KA 18 blocks,sa,112,112,7,1
pr_03,B77300,74,1,MASc KA 18 blocks,sa,112,112,7,1
pr_03,B78567,74,1,MASc KA 18 blocks,sa,112,112,7,1
pr_03,B78567,74,1,MASc KA 18 blocks,sa,112,112,7,1
sk_01,B81877,74,1,MASc KA 18 blocks,sa,112,112,7,1
sk_01,B82792,74,1,MASc KA 18 blocks,sa,112,112,7,1
sk_01,B84093,74,1,MASc KA 18 blocks,sa,112,112,7,1
sk_02,B78910,74,1,MASc KA 18 blocks,sa,112,112,7,1
sk_02,B82792,74,1,MASc KA 18 blocks,sa,112,112,7,1
sk_02,B83275,74,1,MASc KA 18 blocks,sa,112,112,7,1
sk_03,B78910,74,1,MASc KA 18 blocks,sa,112,112,7,1
sk_03,B83275,74,1,MASc KA 18 blocks,sa,112,112,7,1
sk_03,B84093,74,1,MASc KA 18 blocks,sa,112,112,7,1
fb_01,B74735,75,1,MASc KA 18 blocks,sa,112,112,7,1
fb_01,B78910,75,1,MASc KA 18 blocks,sa,112,112,7,1
fb_01,B82792,75,1,MASc KA 18 blocks,sa,112,112,7,1
fb_02,B80395,75,1,MASc KA 18 blocks,sa,112,112,7,1
fb_02,B81779,75,1,MASc KA 18 blocks,sa,112,112,7,1
fb_02,B81779,75,1,MASc KA 18 blocks,sa,112,112,7,1
fb_03,B77651,75,1,MASc KA 18 blocks,sa,112,112,7,1
fb_03,B80395,75,1,MASc KA 18 blocks,sa,112,112,7,1
fb_03,B81779,75,1,MASc KA 18 blocks,sa,112,112,7,1
ld_01,B77300,75,1,MASc KA 18 blocks,sa,112,112,7,1
ld_01,B78567,75,1,MASc KA 18 blocks,sa,112,112,7,1
ld_01,B78910,75,1,MASc KA 18 blocks,sa,112,112,7,1
ld_02,B77363,75,1,MASc KA 18 blocks,sa,112,112,7,1
ld_02,B77363,75,1,MASc KA 18 blocks,sa,112,112,7,1
ld_03,B78567,75,1,MASc KA 18 blocks,sa,112,112,7,1
ld_03,B78567,75,1,MASc KA 18 blocks,sa,112,112,7,1
pr_01,B78910,75,1,MASc KA 18 blocks,sa,112,112,7,1
pr_01,B81877,75,1,MASc KA 18 blocks,sa,112,112,7,1
pr_01,B82792,75,1,MASc KA 18 blocks,sa,112,112,7,1
pr_02,B81877,75,1,MASc KA 18 blocks,sa,112,112,7,1
pr_02,B83275,75,1,MASc KA 18 blocks,sa,112,112,7,1
pr_02,B84093,75,1,MASc KA 18 blocks,sa,112,112,7,1
pr_03,B78910,75,1,MASc KA 18 blocks,sa,112,112,7,1
pr_03,B82792,75,1,MASc KA 18 blocks,sa,112,112,7,1
pr_03,B83275,75,1,MASc KA 18 blocks,sa,112,112,7,1
sk_01,B77363,75,1,MASc KA 18 blocks,sa,112,112,7,1
sk_01,B78910,75,1,MASc KA 18 blocks,sa,112,112,7,1
sk_01,B83275,75,1,MASc KA 18 blocks,sa,112,112,7,1
sk_02,B77363,75,1,MASc KA 18 blocks,sa,112,112,7,1
sk_02,B83275,75,1,MASc KA 18 blocks,sa,112,112,7,1
sk_02,B84093,75,1,MASc KA 18 blocks,sa,112,112,7,1
sk_03,B78910,75,1,MASc KA 18 blocks,sa,112,112,7,1
sk_03,B83275,75,1,MASc KA 18 blocks,sa,112,112,7,1
sk_03,B84093,75,1,MASc KA 18 blocks,sa,112,112,7,1
fb_01,B77651,76,1,MASc KA 18 blocks,sa,112,112,7,1
fb_01,B78910,76,1,MASc KA 18 blocks,sa,112,112,7,1
fb_01,B82792,76,1,MASc KA 18 blocks,sa,112,112,7,1
fb_02,B76319,76,1,MASc KA 18 blocks,sa,112,112,7,1
fb_02,B77651,76,1,MASc KA 18 blocks,sa,112,112,7,1
fb_02,B77651,76,1,MASc KA 18 blocks,sa,112,112,7,1
fb_03,B77363,76,1,MASc KA 18 blocks,sa,112,112,7,1
fb_03,B77651,76,1,MASc KA 18 blocks,sa,112,112,7,1
fb_03,B77651,76,1,MASc KA 18 blocks,sa,112,112,7,1
ld_01,B78910,76,1,MASc KA 18 blocks,sa,112,112,7,1
ld_01,B81877,76,1,MASc KA 18 blocks,sa,112,112,7,1
ld_01,B83275,76,1,MASc KA 18 blocks,sa,112,112,7,1
ld_02,B82792,76,1,MASc KA 18 blocks,sa,112,112,7,1
ld_02,B84093,76,1,MASc KA 18 blocks,sa,112,112,7,1
ld_03,B78910,76,1,MASc KA 18 blocks,sa,112,112,7,1
ld_03,B81877,76,1,MASc KA 18 blocks,sa,112,112,7,1
pr_01,B77363,76,1,MASc KA 18 blocks,sa,112,112,7,1
pr_01,B78910,76,1,MASc KA 18 blocks,sa,112,112,7,1
pr_01,B83275,76,1,MASc KA 18 blocks,sa,112,112,7,1
pr_02,B83275,76,1,MASc KA 18 blocks,sa,112,112,7,1
pr_02,B84093,76,1,MASc KA 18 blocks,sa,112,112,7,1
pr_02,B84093,76,1,MASc KA 18 blocks,sa,112,112,7,1
pr_03,B77363,76,1,MASc KA 18 blocks,sa,112,112,7,1
pr_03,B78910,76,1,MASc KA 18 blocks,sa,112,112,7,1
pr_03,B83275,76,1,MASc KA 18 blocks,sa,112,112,7,1
sk_01,B78910,76,1,MASc KA 18 blocks,sa,112,112,7,1
sk_01,B80395,76,1,MASc KA 18 blocks,sa,112,112,7,1
sk_01,B81779,76,1,MASc KA 18 blocks,sa,112,112,7,1
sk_02,B80395,76,1,MASc KA 18 blocks,sa,112,112,7,1
sk_02,B81779,76,1,MASc KA 18 blocks,sa,112,112,7,1
sk_02,B82792,76,1,MASc KA 18 blocks,sa,112,112,7,1
sk_03,B78910,76,1,MASc KA 18 blocks,sa,112,112,7,1
sk_03,B80395,76,1,MASc KA 18 blocks,sa,112,112,7,1
sk_03,B82792,76,1,MASc KA 18 blocks,sa,112,112,7,1
fb_01,B77363,77,1,MASc KA 18 blocks,sa,112,112,7,1
fb_01,B78910,77,1,MASc KA 18 blocks,sa,112,112,7,1
fb_01,B82792,77,1,MASc KA 18 blocks,sa,112,112,7,1
fb_02,B77651,77,1,MASc KA 18 blocks,sa,112,112,7,1
fb_02,B77651,77,1,MASc KA 18 blocks,sa,112,112,7,1
fb_02,B77651,77,1,MASc KA 18 blocks,sa,112,112,7,1
fb_03,B77363,77,1,MASc KA 18 blocks,sa,112,112,7,1
fb_03,B77651,77,1,MASc KA 18 blocks,sa,112,112,7,1
fb_03,B77651,77,1,MASc KA 18 blocks,sa,112,112,7,1
ld_01,B77363,77,1,MASc KA 18 blocks,sa,112,112,7,1
ld_01,B78910,77,1,MASc KA 18 blocks,sa,112,112,7,1
ld_01,B84093,77,1,MASc KA 18 blocks,sa,112,112,7,1
ld_02,B77363,77,1,MASc KA 18 blocks,sa,112,112,7,1
ld_02,B83275,77,1,MASc KA 18 blocks,sa,112,112,7,1
ld_03,B78910,77,1,MASc KA 18 blocks,sa,112,112,7,1
ld_03,B84093,77,1,MASc KA 18 blocks,sa,112,112,7,1
pr_01,B78910,77,1,MASc KA 18 blocks,sa,112,112,7,1
pr_01,B82792,77,1,MASc KA 18 blocks,sa,112,112,7,1
pr_01,B83275,77,1,MASc KA 18 blocks,sa,112,112,7,1
pr_02,B78910,77,1,MASc KA 18 blocks,sa,112,112,7,1
pr_02,B80395,77,1,MASc KA 18 blocks,sa,112,112,7,1
pr_02,B83275,77,1,MASc KA 18 blocks,sa,112,112,7,1
pr_03,B80395,77,1,MASc KA 18 blocks,sa,112,112,7,1
pr_03,B82792,77,1,MASc KA 18 blocks,sa,112,112,7,1
pr_03,B82792,77,1,MASc KA 18 blocks,sa,112,112,7,1
sk_01,B77363,77,1,MASc KA 18 blocks,sa,112,112,7,1
sk_01,B77651,77,1,MASc KA 18 blocks,sa,112,112,7,1
sk_01,B78910,77,1,MASc KA 18 blocks,sa,112,112,7,1
sk_02,B77651,77,1,MASc KA 18 blocks,sa,112,112,7,1
sk_02,B78910,77,1,MASc KA 18 blocks,sa,112,112,7,1
sk_02,B82792,77,1,MASc KA 18 blocks,sa,112,112,7,1
sk_03,B77363,77,1,MASc KA 18 blocks,sa,112,112,7,1
sk_03,B77651,77,1,MASc KA 18 blocks,sa,112,112,7,1
sk_03,B80395,77,1,MASc KA 18 blocks,sa,112,112,7,1
fb_01,B77718,78,1,MASc KA 18 blocks,sa,112,112,7,1
fb_01,B78910,78,1,MASc KA 18 blocks,sa,112,112,7,1
fb_01,B81779,78,1,MASc KA 18 blocks,sa,112,112,7,1
fb_02,B76319,78,1,MASc KA 18 blocks,sa,112,112,7,1
fb_02,B77718,78,1,MASc KA 18 blocks,sa,112,112,7,1
fb_02,B78567,78,1,MASc KA 18 blocks,sa,112,112,7,1
fb_03,B76319,78,1,MASc KA 18 blocks,sa,112,112,7,1
fb_03,B77718,78,1,MASc KA 18 blocks,sa,112,112,7,1
fb_03,B79027,78,1,MASc KA 18 blocks,sa,112,112,7,1
fb_01,B77363,79,1,MASc KA 18 blocks,sa,112,112,7,1
fb_01,B82792,79,1,MASc KA 18 blocks,sa,112,112,7,1
fb_01,B84093,79,1,MASc KA 18 blocks,sa,112,112,7,1
fb_02,B77363,79,1,MASc KA 18 blocks,sa,112,112,7,1
fb_02,B78567,79,1,MASc KA 18 blocks,sa,112,112,7,1
fb_02,B83630,79,1,MASc KA 18 blocks,sa,112,112,7,1
fb_03,B77300,79,1,MASc KA 18 blocks,sa,112,112,7,1
fb_03,B78567,79,1,MASc KA 18 blocks,sa,112,112,7,1
fb_03,B78567,79,1,MASc KA 18 blocks,sa,112,112,7,1
sk_01,B78910,79,1,MASc KA 18 blocks,sa,112,112,7,1
fb_01,B78910,80,1,MASc KA 18 blocks,sa,112,112,7,1
fb_01,B81877,80,1,MASc KA 18 blocks,sa,112,112,7,1
fb_01,B82792,80,1,MASc KA 18 blocks,sa,112,112,7,1
fb_02,B83275,80,1,MASc KA 18 blocks,sa,112,112,7,1
fb_02,B83275,80,1,MASc KA 18 blocks,sa,112,112,7,1
fb_02,B83275,80,1,MASc KA 18 blocks,sa,112,112,7,1
fb_03,B80395,80,1,MASc KA 18 blocks,sa,112,112,7,1
fb_03,B83275,80,1,MASc KA 18 blocks,sa,112,112,7,1
fb_03,B83275,80,1,MASc KA 18 blocks,sa,112,112,7,1
sk_01,B77300,80,1,MASc KA 18 blocks,sa,112,112,7,1
sk_01,B77363,80,1,MASc KA 18 blocks,sa,112,112,7,1
sk_01,B78567,80,1,MASc KA 18 blocks,sa,112,112,7,1
sk_02,B77363,80,1,MASc KA 18 blocks,sa,112,112,7,1
sk_02,B78567,80,1,MASc KA 18 blocks,sa,112,112,7,1
sk_02,B82792,80,1,MASc KA 18 blocks,sa,112,112,7,1
sk_03,B77363,80,1,MASc KA 18 blocks,sa,112,112,7,1
sk_03,B77363,80,1,MASc KA 18 blocks,sa,112,112,7,1
sk_03,B84093,80,1,MASc KA 18 blocks,sa,112,112,7,1
fb_01,B77363,81,1,MASc KA 18 blocks,sa,112,112,7,1
fb_01,B78567,81,1,MASc KA 18 blocks,sa,112,112,7,1
fb_01,B78910,81,1,MASc KA 18 blocks,sa,112,112,7,1
fb_02,B80395,81,1,MASc KA 18 blocks,sa,112,112,7,1
fb_02,B80395,81,1,MASc KA 18 blocks,sa,112,112,7,1
fb_02,B80395,81,1,MASc KA 18 blocks,sa,112,112,7,1
fb_03,B78910,81,1,MASc KA 18 blocks,sa,112,112,7,1
fb_03,B80395,81,1,MASc KA 18 blocks,sa,112,112,7,1
fb_03,B80395,81,1,MASc KA 18 blocks,sa,112,112,7,1
pr_01,B77363,81,1,MASc KA 18 blocks,sa,112,112,7,1
pr_01,B78567,81,1,MASc KA 18 blocks,sa,112,112,7,1
pr_01,B82792,81,1,MASc KA 18 blocks,sa,112,112,7,1
pr_02,B77363,81,1,MASc KA 18 blocks,sa,112,112,7,1
pr_02,B77363,81,1,MASc KA 18 blocks,sa,112,112,7,1
pr_03,B77300,81,1,MASc KA 18 blocks,sa,112,112,7,1
pr_03,B78567,81,1,MASc KA 18 blocks,sa,112,112,7,1
sk_01,B78910,81,1,MASc KA 18 blocks,sa,112,112,7,1
sk_01,B81877,81,1,MASc KA 18 blocks,sa,112,112,7,1
sk_01,B82792,81,1,MASc KA 18 blocks,sa,112,112,7,1
sk_02,B78910,81,1,MASc KA 18 blocks,sa,112,112,7,1
sk_02,B83275,81,1,MASc KA 18 blocks,sa,112,112,7,1
sk_02,B84093,81,1,MASc KA 18 blocks,sa,112,112,7,1
sk_03,B78567,81,1,MASc KA 18 blocks,sa,112,112,7,1
sk_03,B83275,81,1,MASc KA 18 blocks,sa,112,112,7,1
sk_03,B83275,81,1,MASc KA 18 blocks,sa,112,112,7,1
fb_01,B74735,82,1,MASc KA 18 blocks,sa,112,112,7,1
fb_01,B77363,82,1,MASc KA 18 blocks,sa,112,112,7,1
fb_01,B82792,82,1,MASc KA 18 blocks,sa,112,112,7,1
fb_02,B77363,82,1,MASc KA 18 blocks,sa,112,112,7,1
fb_02,B80395,82,1,MASc KA 18 blocks,sa,112,112,7,1
fb_02,B81779,82,1,MASc KA 18 blocks,sa,112,112,7,1
fb_03,B77651,82,1,MASc KA 18 blocks,sa,112,112,7,1
fb_03,B80395,82,1,MASc KA 18 blocks,sa,112,112,7,1
fb_03,B81779,82,1,MASc KA 18 blocks,sa,112,112,7,1
ld_01,B77363,82,1,MASc KA 18 blocks,sa,112,112,7,1
ld_01,B77363,82,1,MASc KA 18 blocks,sa,112,112,7,1
ld_02,B77300,82,1,MASc KA 18 blocks,sa,112,112,7,1
ld_02,B77363,82,1,MASc KA 18 blocks,sa,112,112,7,1
ld_03,B78567,82,1,MASc KA 18 blocks,sa,112,112,7,1
pr_01,B78567,82,1,MASc KA 18 blocks,sa,112,112,7,1
pr_01,B83275,82,1,MASc KA 18 blocks,sa,112,112,7,1
pr_01,B84093,82,1,MASc KA 18 blocks,sa,112,112,7,1
pr_02,B78910,82,1,MASc KA 18 blocks,sa,112,112,7,1
pr_02,B81877,82,1,MASc KA 18 blocks,sa,112,112,7,1
pr_02,B83275,82,1,MASc KA 18 blocks,sa,112,112,7,1
pr_03,B78910,82,1,MASc KA 18 blocks,sa,112,112,7,1
pr_03,B82792,82,1,MASc KA 18 blocks,sa,112,112,7,1
pr_03,B83275,82,1,MASc KA 18 blocks,sa,112,112,7,1
sk_01,B77363,82,1,MASc KA 18 blocks,sa,112,112,7,1
sk_01,B83275,82,1,MASc KA 18 blocks,sa,112,112,7,1
sk_01,B83275,82,1,MASc KA 18 blocks,sa,112,112,7,1
sk_02,B77363,82,1,MASc KA 18 blocks,sa,112,112,7,1
sk_02,B78910,82,1,MASc KA 18 blocks,sa,112,112,7,1
sk_02,B78910,82,1,MASc KA 18 blocks,sa,112,112,7,1
sk_03,B78567,82,1,MASc KA 18 blocks,sa,112,112,7,1
sk_03,B78910,82,1,MASc KA 18 blocks,sa,112,112,7,1
sk_03,B80395,82,1,MASc KA 18 blocks,sa,112,112,7,1
fb_01,B77363,83,1,MASc KA 18 blocks,sa,112,112,7,1
fb_01,B78910,83,1,MASc KA 18 blocks,sa,112,112,7,1
fb_01,B82792,83,1,MASc KA 18 blocks,sa,112,112,7,1
fb_02,B77651,83,1,MASc KA 18 blocks,sa,112,112,7,1
fb_02,B77651,83,1,MASc KA 18 blocks,sa,112,112,7,1
fb_02,B77651,83,1,MASc KA 18 blocks,sa,112,112,7,1
fb_03,B76352,83,1,MASc KA 18 blocks,sa,112,112,7,1
fb_03,B77651,83,1,MASc KA 18 blocks,sa,112,112,7,1
fb_03,B77651,83,1,MASc KA 18 blocks,sa,112,112,7,1
ld_01,B78910,83,1,MASc KA 18 blocks,sa,112,112,7,1
ld_01,B84093,83,1,MASc KA 18 blocks,sa,112,112,7,1
ld_02,B82792,83,1,MASc KA 18 blocks,sa,112,112,7,1
ld_02,B83275,83,1,MASc KA 18 blocks,sa,112,112,7,1
ld_03,B78567,83,1,MASc KA 18 blocks,sa,112,112,7,1
pr_01,B77363,83,1,MASc KA 18 blocks,sa,112,112,7,1
pr_01,B78567,83,1,MASc KA 18 blocks,sa,112,112,7,1
pr_01,B78910,83,1,MASc KA 18 blocks,sa,112,112,7,1
pr_02,B77363,83,1,MASc KA 18 blocks,sa,112,112,7,1
pr_02,B78910,83,1,MASc KA 18 blocks,sa,112,112,7,1
pr_02,B83275,83,1,MASc KA 18 blocks,sa,112,112,7,1
pr_03,B78910,83,1,MASc KA 18 blocks,sa,112,112,7,1
pr_03,B83275,83,1,MASc KA 18 blocks,sa,112,112,7,1
pr_03,B83275,83,1,MASc KA 18 blocks,sa,112,112,7,1
sk_01,B77363,83,1,MASc KA 18 blocks,sa,112,112,7,1
sk_01,B80395,83,1,MASc KA 18 blocks,sa,112,112,7,1
sk_01,B81779,83,1,MASc KA 18 blocks,sa,112,112,7,1
sk_02,B80395,83,1,MASc KA 18 blocks,sa,112,112,7,1
sk_02,B81779,83,1,MASc KA 18 blocks,sa,112,112,7,1
sk_02,B82792,83,1,MASc KA 18 blocks,sa,112,112,7,1
sk_03,B77363,83,1,MASc KA 18 blocks,sa,112,112,7,1
sk_03,B78910,83,1,MASc KA 18 blocks,sa,112,112,7,1
sk_03,B82792,83,1,MASc KA 18 blocks,sa,112,112,7,1
fb_01,B77363,84,1,MASc KA 18 blocks,sa,112,112,7,1
fb_01,B78910,84,1,MASc KA 18 blocks,sa,112,112,7,1
fb_01,B78910,84,1,MASc KA 18 blocks,sa,112,112,7,1
fb_02,B77651,84,1,MASc KA 18 blocks,sa,112,112,7,1
fb_02,B77651,84,1,MASc KA 18 blocks,sa,112,112,7,1
fb_02,B77651,84,1,MASc KA 18 blocks,sa,112,112,7,1
fb_03,B77363,84,1,MASc KA 18 blocks,sa,112,112,7,1
fb_03,B77651,84,1,MASc KA 18 blocks,sa,112,112,7,1
fb_03,B77651,84,1,MASc KA 18 blocks,sa,112,112,7,1
ld_01,B78567,84,1,MASc KA 18 blocks,sa,112,112,7,1
ld_01,B78910,84,1,MASc KA 18 blocks,sa,112,112,7,1
ld_01,B83275,84,1,MASc KA 18 blocks,sa,112,112,7,1
ld_02,B77363,84,1,MASc KA 18 blocks,sa,112,112,7,1
ld_02,B78910,84,1,MASc KA 18 blocks,sa,112,112,7,1
ld_02,B83275,84,1,MASc KA 18 blocks,sa,112,112,7,1
ld_03,B77363,84,1,MASc KA 18 blocks,sa,112,112,7,1
ld_03,B78910,84,1,MASc KA 18 blocks,sa,112,112,7,1
pr_01,B77363,84,1,MASc KA 18 blocks,sa,112,112,7,1
pr_01,B82792,84,1,MASc KA 18 blocks,sa,112,112,7,1
pr_01,B82792,84,1,MASc KA 18 blocks,sa,112,112,7,1
pr_02,B77363,84,1,MASc KA 18 blocks,sa,112,112,7,1
pr_02,B78910,84,1,MASc KA 18 blocks,sa,112,112,7,1
pr_02,B83275,84,1,MASc KA 18 blocks,sa,112,112,7,1
pr_03,B80395,84,1,MASc KA 18 blocks,sa,112,112,7,1
pr_03,B80395,84,1,MASc KA 18 blocks,sa,112,112,7,1
pr_03,B82792,84,1,MASc KA 18 blocks,sa,112,112,7,1
sk_01,B77363,84,1,MASc KA 18 blocks,sa,112,112,7,1
sk_01,B77651,84,1,MASc KA 18 blocks,sa,112,112,7,1
sk_01,B82792,84,1,MASc KA 18 blocks,sa,112,112,7,1
sk_02,B77363,84,1,MASc KA 18 blocks,sa,112,112,7,1
sk_02,B78910,84,1,MASc KA 18 blocks,sa,112,112,7,1
sk_02,B78910,84,1,MASc KA 18 blocks,sa,112,112,7,1
sk_03,B77363,84,1,MASc KA 18 blocks,sa,112,112,7,1
sk_03,B77363,84,1,MASc KA 18 blocks,sa,112,112,7,1
sk_03,B80395,84,1,MASc KA 18 blocks,sa,112,112,7,1
fb_01,B77252,85,1,MASc KA 18 blocks,sa,112,112,7,1
fb_01,B77363,85,1,MASc KA 18 blocks,sa,112,112,7,1
fb_01,B78910,85,1,MASc KA 18 blocks,sa,112,112,7,1
fb_02,B76352,85,1,MASc KA 18 blocks,sa,112,112,7,1
fb_02,B78567,85,1,MASc KA 18 blocks,sa,112,112,7,1
fb_02,B78567,85,1,MASc KA 18 blocks,sa,112,112,7,1
fb_03,B76319,85,1,MASc KA 18 blocks,sa,112,112,7,1
fb_03,B77718,85,1,MASc KA 18 blocks,sa,112,112,7,1
fb_03,B79027,85,1,MASc KA 18 blocks,sa,112,112,7,1
fb_01,B77363,86,1,MASc KA 18 blocks,sa,112,112,7,1
fb_01,B82792,86,1,MASc KA 18 blocks,sa,112,112,7,1
fb_01,B84093,86,1,MASc KA 18 blocks,sa,112,112,7,1
fb_02,B78567,86,1,MASc KA 18 blocks,sa,112,112,7,1
fb_02,B78567,86,1,MASc KA 18 blocks,sa,112,112,7,1
fb_02,B78567,86,1,MASc KA 18 blocks,sa,112,112,7,1
fb_03,B76352,86,1,MASc KA 18 blocks,sa,112,112,7,1
fb_03,B77300,86,1,MASc KA 18 blocks,sa,112,112,7,1
fb_03,B78567,86,1,MASc KA 18 blocks,sa,112,112,7,1
sk_01,B77363,86,1,MASc KA 18 blocks,sa,112,112,7,1
sk_01,B78910,86,1,MASc KA 18 blocks,sa,112,112,7,1
sk_02,B77363,86,1,MASc KA 18 blocks,sa,112,112,7,1
sk_03,B78567,86,1,MASc KA 18 blocks,sa,112,112,7,1
fb_01,B77363,87,1,MASc KA 18 blocks,sa,112,112,7,1
fb_01,B78910,87,1,MASc KA 18 blocks,sa,112,112,7,1
fb_01,B82792,87,1,MASc KA 18 blocks,sa,112,112,7,1
fb_02,B83275,87,1,MASc KA 18 blocks,sa,112,112,7,1
fb_02,B83275,87,1,MASc KA 18 blocks,sa,112,112,7,1
fb_02,B83275,87,1,MASc KA 18 blocks,sa,112,112,7,1
fb_03,B77363,87,1,MASc KA 18 blocks,sa,112,112,7,1
fb_03,B83275,87,1,MASc KA 18 blocks,sa,112,112,7,1
fb_03,B83275,87,1,MASc KA 18 blocks,sa,112,112,7,1
pr_01,B77363,87,1,MASc KA 18 blocks,sa,112,112,7,1
pr_02,B78567,87,1,MASc KA 18 blocks,sa,112,112,7,1
sk_01,B77300,87,1,MASc KA 18 blocks,sa,112,112,7,1
sk_01,B78567,87,1,MASc KA 18 blocks,sa,112,112,7,1
sk_01,B78567,87,1,MASc KA 18 blocks,sa,112,112,7,1
sk_02,B77363,87,1,MASc KA 18 blocks,sa,112,112,7,1
sk_02,B78567,87,1,MASc KA 18 blocks,sa,112,112,7,1
sk_02,B82792,87,1,MASc KA 18 blocks,sa,112,112,7,1
sk_03,B77363,87,1,MASc KA 18 blocks,sa,112,112,7,1
sk_03,B78567,87,1,MASc KA 18 blocks,sa,112,112,7,1
sk_03,B84093,87,1,MASc KA 18 blocks,sa,112,112,7,1
fb_01,B77363,88,1,MASc KA 18 blocks,sa,112,112,7,1
fb_01,B78910,88,1,MASc KA 18 blocks,sa,112,112,7,1
fb_01,B84093,88,1,MASc KA 18 blocks,sa,112,112,7,1
fb_02,B77363,88,1,MASc KA 18 blocks,sa,112,112,7,1
fb_02,B80395,88,1,MASc KA 18 blocks,sa,112,112,7,1
fb_02,B80395,88,1,MASc KA 18 blocks,sa,112,112,7,1
fb_03,B76319,88,1,MASc KA 18 blocks,sa,112,112,7,1
fb_03,B80395,88,1,MASc KA 18 blocks,sa,112,112,7,1
fb_03,B80395,88,1,MASc KA 18 blocks,sa,112,112,7,1
ld_01,B77363,88,1,MASc KA 18 blocks,sa,112,112,7,1
pr_01,B77300,88,1,MASc KA 18 blocks,sa,112,112,7,1
pr_01,B77363,88,1,MASc KA 18 blocks,sa,112,112,7,1
pr_01,B78567,88,1,MASc KA 18 blocks,sa,112,112,7,1
pr_02,B77363,88,1,MASc KA 18 blocks,sa,112,112,7,1
pr_02,B78567,88,1,MASc KA 18 blocks,sa,112,112,7,1
pr_02,B82792,88,1,MASc KA 18 blocks,sa,112,112,7,1
pr_03,B78567,88,1,MASc KA 18 blocks,sa,112,112,7,1
pr_03,B78567,88,1,MASc KA 18 blocks,sa,112,112,7,1
sk_01,B77363,88,1,MASc KA 18 blocks,sa,112,112,7,1
sk_01,B77363,88,1,MASc KA 18 blocks,sa,112,112,7,1
sk_01,B82792,88,1,MASc KA 18 blocks,sa,112,112,7,1
sk_02,B77363,88,1,MASc KA 18 blocks,sa,112,112,7,1
sk_02,B78910,88,1,MASc KA 18 blocks,sa,112,112,7,1
sk_02,B83275,88,1,MASc KA 18 blocks,sa,112,112,7,1
sk_03,B78910,88,1,MASc KA 18 blocks,sa,112,112,7,1
sk_03,B83275,88,1,MASc KA 18 blocks,sa,112,112,7,1
sk_03,B84093,88,1,MASc KA 18 blocks,sa,112,112,7,1
fb_01,B77363,89,1,MASc KA 18 blocks,sa,112,112,7,1
fb_01,B80395,89,1,MASc KA 18 blocks,sa,112,112,7,1
fb_01,B80395,89,1,MASc KA 18 blocks,sa,112,112,7,1
fb_02,B80395,89,1,MASc KA 18 blocks,sa,112,112,7,1
fb_02,B81779,89,1,MASc KA 18 blocks,sa,112,112,7,1
fb_02,B81779,89,1,MASc KA 18 blocks,sa,112,112,7,1
fb_03,B77651,89,1,MASc KA 18 blocks,sa,112,112,7,1
fb_03,B81779,89,1,MASc KA 18 blocks,sa,112,112,7,1
fb_03,B82792,89,1,MASc KA 18 blocks,sa,112,112,7,1
ld_01,B77363,89,1,MASc KA 18 blocks,sa,112,112,7,1
ld_01,B78567,89,1,MASc KA 18 blocks,sa,112,112,7,1
ld_02,B77363,89,1,MASc KA 18 blocks,sa,112,112,7,1
ld_02,B78567,89,1,MASc KA 18 blocks,sa,112,112,7,1
ld_03,B77300,89,1,MASc KA 18 blocks,sa,112,112,7,1
ld_03,B78567,89,1,MASc KA 18 blocks,sa,112,112,7,1
pr_01,B77363,89,1,MASc KA 18 blocks,sa,112,112,7,1
pr_01,B78910,89,1,MASc KA 18 blocks,sa,112,112,7,1
pr_01,B84093,89,1,MASc KA 18 blocks,sa,112,112,7,1
pr_02,B78910,89,1,MASc KA 18 blocks,sa,112,112,7,1
pr_02,B82792,89,1,MASc KA 18 blocks,sa,112,112,7,1
pr_02,B83275,89,1,MASc KA 18 blocks,sa,112,112,7,1
pr_03,B77363,89,1,MASc KA 18 blocks,sa,112,112,7,1
pr_03,B77363,89,1,MASc KA 18 blocks,sa,112,112,7,1
pr_03,B83275,89,1,MASc KA 18 blocks,sa,112,112,7,1
sk_01,B77363,89,1,MASc KA 18 blocks,sa,112,112,7,1
sk_01,B77363,89,1,MASc KA 18 blocks,sa,112,112,7,1
sk_01,B78910,89,1,MASc KA 18 blocks,sa,112,112,7,1
sk_02,B77363,89,1,MASc KA 18 blocks,sa,112,112,7,1
sk_02,B77363,89,1,MASc KA 18 blocks,sa,112,112,7,1
sk_02,B84093,89,1,MASc KA 18 blocks,sa,112,112,7,1
sk_03,B77363,89,1,MASc KA 18 blocks,sa,112,112,7,1
sk_03,B78910,89,1,MASc KA 18 blocks,sa,112,112,7,1
sk_03,B84093,89,1,MASc KA 18 blocks,sa,112,112,7,1
fb_01,B78910,90,1,MASc KA 18 blocks,sa,112,112,7,1
fb_01,B78910,90,1,MASc KA 18 blocks,sa,112,112,7,1
fb_01,B82792,90,1,MASc KA 18 blocks,sa,112,112,7,1
fb_02,B76352,90,1,MASc KA 18 blocks,sa,112,112,7,1
fb_02,B77363,90,1,MASc KA 18 blocks,sa,112,112,7,1
fb_02,B77651,90,1,MASc KA 18 blocks,sa,112,112,7,1
fb_03,B77651,90,1,MASc KA 18 blocks,sa,112,112,7,1
fb_03,B77651,90,1,MASc KA 18 blocks,sa,112,112,7,1
fb_03,B78567,90,1,MASc KA 18 blocks,sa,112,112,7,1
ld_01,B77363,90,1,MASc KA 18 blocks,sa,112,112,7,1
ld_01,B78910,90,1,MASc KA 18 blocks,sa,112,112,7,1
ld_01,B84093,90,1,MASc KA 18 blocks,sa,112,112,7,1
ld_02,B77363,90,1,MASc KA 18 blocks,sa,112,112,7,1
ld_02,B82792,90,1,MASc KA 18 blocks,sa,112,112,7,1
ld_03,B77363,90,1,MASc KA 18 blocks,sa,112,112,7,1
ld_03,B83275,90,1,MASc KA 18 blocks,sa,112,112,7,1
pr_01,B77363,90,1,MASc KA 18 blocks,sa,112,112,7,1
pr_01,B77363,90,1,MASc KA 18 blocks,sa,112,112,7,1
pr_01,B84093,90,1,MASc KA 18 blocks,sa,112,112,7,1
pr_02,B77363,90,1,MASc KA 18 blocks,sa,112,112,7,1
pr_02,B77363,90,1,MASc KA 18 blocks,sa,112,112,7,1
pr_02,B78910,90,1,MASc KA 18 blocks,sa,112,112,7,1
pr_03,B78910,90,1,MASc KA 18 blocks,sa,112,112,7,1
pr_03,B84093,90,1,MASc KA 18 blocks,sa,112,112,7,1
sk_01,B77363,90,1,MASc KA 18 blocks,sa,112,112,7,1
sk_01,B81779,90,1,MASc KA 18 blocks,sa,112,112,7,1
sk_01,B83275,90,1,MASc KA 18 blocks,sa,112,112,7,1
sk_02,B77363,90,1,MASc KA 18 blocks,sa,112,112,7,1
sk_02,B82792,90,1,MASc KA 18 blocks,sa,112,112,7,1
sk_02,B83275,90,1,MASc KA 18 blocks,sa,112,112,7,1
sk_03,B80395,90,1,MASc KA 18 blocks,sa,112,112,7,1
sk_03,B81779,90,1,MASc KA 18 blocks,sa,112,112,7,1
sk_03,B82792,90,1,MASc KA 18 blocks,sa,112,112,7,1
fb_01,B77363,91,1,MASc KA 18 blocks,sa,112,112,7,1
fb_01,B78910,91,1,MASc KA 18 blocks,sa,112,112,7,1
fb_01,B82792,91,1,MASc KA 18 blocks,sa,112,112,7,1
fb_02,B77363,91,1,MASc KA 18 blocks,sa,112,112,7,1
fb_02,B77651,91,1,MASc KA 18 blocks,sa,112,112,7,1
fb_02,B77651,91,1,MASc KA 18 blocks,sa,112,112,7,1
fb_03,B77651,91,1,MASc KA 18 blocks,sa,112,112,7,1
fb_03,B77651,91,1,MASc KA 18 blocks,sa,112,112,7,1
fb_03,B78910,91,1,MASc KA 18 blocks,sa,112,112,7,1
ld_01,B77363,91,1,MASc KA 18 blocks,sa,112,112,7,1
ld_01,B78910,91,1,MASc KA 18 blocks,sa,112,112,7,1
ld_01,B84093,91,1,MASc KA 18 blocks,sa,112,112,7,1
ld_02,B77363,91,1,MASc KA 18 blocks,sa,112,112,7,1
ld_02,B77363,91,1,MASc KA 18 blocks,sa,112,112,7,1
ld_02,B78910,91,1,MASc KA 18 blocks,sa,112,112,7,1
ld_03,B77363,91,1,MASc KA 18 blocks,sa,112,112,7,1
ld_03,B84093,91,1,MASc KA 18 blocks,sa,112,112,7,1
pr_01,B82792,91,1,MASc KA 18 blocks,sa,112,112,7,1
pr_01,B82792,91,1,MASc KA 18 blocks,sa,112,112,7,1
pr_01,B83275,91,1,MASc KA 18 blocks,sa,112,112,7,1
pr_02,B77363,91,1,MASc KA 18 blocks,sa,112,112,7,1
pr_02,B82792,91,1,MASc KA 18 blocks,sa,112,112,7,1
pr_02,B83275,91,1,MASc KA 18 blocks,sa,112,112,7,1
pr_03,B77363,91,1,MASc KA 18 blocks,sa,112,112,7,1
pr_03,B81779,91,1,MASc KA 18 blocks,sa,112,112,7,1
pr_03,B83275,91,1,MASc KA 18 blocks,sa,112,112,7,1
sk_01,B77651,91,1,MASc KA 18 blocks,sa,112,112,7,1
sk_01,B78910,91,1,MASc KA 18 blocks,sa,112,112,7,1
sk_01,B78910,91,1,MASc KA 18 blocks,sa,112,112,7,1
sk_02,B77363,91,1,MASc KA 18 blocks,sa,112,112,7,1
sk_02,B77651,91,1,MASc KA 18 blocks,sa,112,112,7,1
sk_02,B78910,91,1,MASc KA 18 blocks,sa,112,112,7,1
sk_03,B77363,91,1,MASc KA 18 blocks,sa,112,112,7,1
sk_03,B78567,91,1,MASc KA 18 blocks,sa,112,112,7,1
sk_03,B82792,91,1,MASc KA 18 blocks,sa,112,112,7,1
fb_01,B77363,92,1,MASc KA 18 blocks,sa,112,112,7,1
fb_01,B78910,92,1,MASc KA 18 blocks,sa,112,112,7,1
fb_01,B81877,92,1,MASc KA 18 blocks,sa,112,112,7,1
fb_02,B76319,92,1,MASc KA 18 blocks,sa,112,112,7,1
fb_02,B76319,92,1,MASc KA 18 blocks,sa,112,112,7,1
fb_02,B77651,92,1,MASc KA 18 blocks,sa,112,112,7,1
fb_03,B77651,92,1,MASc KA 18 blocks,sa,112,112,7,1
fb_03,B78567,92,1,MASc KA 18 blocks,sa,112,112,7,1
fb_03,B83275,92,1,MASc KA 18 blocks,sa,112,112,7,1
fb_01,B77363,93,1,MASc KA 18 blocks,sa,112,112,7,1
fb_01,B82792,93,1,MASc KA 18 blocks,sa,112,112,7,1
fb_01,B84093,93,1,MASc KA 18 blocks,sa,112,112,7,1
fb_02,B78567,93,1,MASc KA 18 blocks,sa,112,112,7,1
fb_02,B78567,93,1,MASc KA 18 blocks,sa,112,112,7,1
fb_02,B78567,93,1,MASc KA 18 blocks,sa,112,112,7,1
fb_03,B77300,93,1,MASc KA 18 blocks,sa,112,112,7,1
fb_03,B77363,93,1,MASc KA 18 blocks,sa,112,112,7,1
fb_03,B78567,93,1,MASc KA 18 blocks,sa,112,112,7,1
sk_01,B77363,93,1,MASc KA 18 blocks,sa,112,112,7,1
sk_01,B77651,93,1,MASc KA 18 blocks,sa,112,112,7,1
sk_02,B77363,93,1,MASc KA 18 blocks,sa,112,112,7,1
sk_02,B78910,93,1,MASc KA 18 blocks,sa,112,112,7,1
sk_03,B81877,93,1,MASc KA 18 blocks,sa,112,112,7,1
fb_01,B78910,94,1,MASc KA 18 blocks,sa,112,112,7,1
fb_01,B81877,94,1,MASc KA 18 blocks,sa,112,112,7,1
fb_01,B82792,94,1,MASc KA 18 blocks,sa,112,112,7,1
fb_02,B83275,94,1,MASc KA 18 blocks,sa,112,112,7,1
fb_02,B83275,94,1,MASc KA 18 blocks,sa,112,112,7,1
fb_02,B83275,94,1,MASc KA 18 blocks,sa,112,112,7,1
fb_03,B77363,94,1,MASc KA 18 blocks,sa,112,112,7,1
fb_03,B78910,94,1,MASc KA 18 blocks,sa,112,112,7,1
fb_03,B80395,94,1,MASc KA 18 blocks,sa,112,112,7,1
pr_01,B77363,94,1,MASc KA 18 blocks,sa,112,112,7,1
pr_02,B81877,94,1,MASc KA 18 blocks,sa,112,112,7,1
pr_03,B77651,94,1,MASc KA 18 blocks,sa,112,112,7,1
sk_01,B78567,94,1,MASc KA 18 blocks,sa,112,112,7,1
sk_01,B78567,94,1,MASc KA 18 blocks,sa,112,112,7,1
sk_01,B78567,94,1,MASc KA 18 blocks,sa,112,112,7,1
sk_02,B77300,94,1,MASc KA 18 blocks,sa,112,112,7,1
sk_02,B77363,94,1,MASc KA 18 blocks,sa,112,112,7,1
sk_02,B82792,94,1,MASc KA 18 blocks,sa,112,112,7,1
sk_03,B77363,94,1,MASc KA 18 blocks,sa,112,112,7,1
sk_03,B78567,94,1,MASc KA 18 blocks,sa,112,112,7,1
sk_03,B84093,94,1,MASc KA 18 blocks,sa,112,112,7,1
fb_01,B77363,95,1,MASc KA 18 blocks,sa,112,112,7,1
fb_01,B80395,95,1,MASc KA 18 blocks,sa,112,112,7,1
fb_01,B84093,95,1,MASc KA 18 blocks,sa,112,112,7,1
fb_02,B78910,95,1,MASc KA 18 blocks,sa,112,112,7,1
fb_02,B80395,95,1,MASc KA 18 blocks,sa,112,112,7,1
fb_02,B80395,95,1,MASc KA 18 blocks,sa,112,112,7,1
fb_03,B77363,95,1,MASc KA 18 blocks,sa,112,112,7,1
fb_03,B80395,95,1,MASc KA 18 blocks,sa,112,112,7,1
fb_03,B80395,95,1,MASc KA 18 blocks,sa,112,112,7,1
ld_01,B77363,95,1,MASc KA 18 blocks,sa,112,112,7,1
pr_01,B77300,95,1,MASc KA 18 blocks,sa,112,112,7,1
pr_01,B77363,95,1,MASc KA 18 blocks,sa,112,112,7,1
pr_01,B78567,95,1,MASc KA 18 blocks,sa,112,112,7,1
pr_02,B78567,95,1,MASc KA 18 blocks,sa,112,112,7,1
pr_02,B78567,95,1,MASc KA 18 blocks,sa,112,112,7,1
pr_02,B82792,95,1,MASc KA 18 blocks,sa,112,112,7,1
pr_03,B77363,95,1,MASc KA 18 blocks,sa,112,112,7,1
pr_03,B78567,95,1,MASc KA 18 blocks,sa,112,112,7,1
sk_01,B81877,95,1,MASc KA 18 blocks,sa,112,112,7,1
sk_01,B83275,95,1,MASc KA 18 blocks,sa,112,112,7,1
sk_01,B83275,95,1,MASc KA 18 blocks,sa,112,112,7,1
sk_02,B78910,95,1,MASc KA 18 blocks,sa,112,112,7,1
sk_02,B78910,95,1,MASc KA 18 blocks,sa,112,112,7,1
sk_02,B78910,95,1,MASc KA 18 blocks,sa,112,112,7,1
sk_03,B78910,95,1,MASc KA 18 blocks,sa,112,112,7,1
sk_03,B82792,95,1,MASc KA 18 blocks,sa,112,112,7,1
sk_03,B83275,95,1,MASc KA 18 blocks,sa,112,112,7,1
fb_01,B77363,96,1,MASc KA 18 blocks,sa,112,112,7,1
fb_01,B78910,96,1,MASc KA 18 blocks,sa,112,112,7,1
fb_01,B82792,96,1,MASc KA 18 blocks,sa,112,112,7,1
fb_02,B80395,96,1,MASc KA 18 blocks,sa,112,112,7,1
fb_02,B81779,96,1,MASc KA 18 blocks,sa,112,112,7,1
fb_02,B81779,96,1,MASc KA 18 blocks,sa,112,112,7,1
fb_03,B77651,96,1,MASc KA 18 blocks,sa,112,112,7,1
fb_03,B80395,96,1,MASc KA 18 blocks,sa,112,112,7,1
fb_03,B81779,96,1,MASc KA 18 blocks,sa,112,112,7,1
ld_01,B77363,96,1,MASc KA 18 blocks,sa,112,112,7,1
ld_01,B78567,96,1,MASc KA 18 blocks,sa,112,112,7,1
ld_02,B78567,96,1,MASc KA 18 blocks,sa,112,112,7,1
ld_02,B78567,96,1,MASc KA 18 blocks,sa,112,112,7,1
ld_03,B77300,96,1,MASc KA 18 blocks,sa,112,112,7,1
ld_03,B77363,96,1,MASc KA 18 blocks,sa,112,112,7,1
pr_01,B78910,96,1,MASc KA 18 blocks,sa,112,112,7,1
pr_01,B81877,96,1,MASc KA 18 blocks,sa,112,112,7,1
pr_01,B83275,96,1,MASc KA 18 blocks,sa,112,112,7,1
pr_02,B78910,96,1,MASc KA 18 blocks,sa,112,112,7,1
pr_02,B78910,96,1,MASc KA 18 blocks,sa,112,112,7,1
pr_02,B83275,96,1,MASc KA 18 blocks,sa,112,112,7,1
pr_03,B78910,96,1,MASc KA 18 blocks,sa,112,112,7,1
pr_03,B82792,96,1,MASc KA 18 blocks,sa,112,112,7,1
pr_03,B83275,96,1,MASc KA 18 blocks,sa,112,112,7,1
sk_01,B77363,96,1,MASc KA 18 blocks,sa,112,112,7,1
sk_01,B78910,96,1,MASc KA 18 blocks,sa,112,112,7,1
sk_01,B84093,96,1,MASc KA 18 blocks,sa,112,112,7,1
sk_02,B77363,96,1,MASc KA 18 blocks,sa,112,112,7,1
sk_02,B80395,96,1,MASc KA 18 blocks,sa,112,112,7,1
sk_02,B84093,96,1,MASc KA 18 blocks,sa,112,112,7,1
sk_03,B78910,96,1,MASc KA 18 blocks,sa,112,112,7,1
sk_03,B80395,96,1,MASc KA 18 blocks,sa,112,112,7,1
sk_03,B84093,96,1,MASc KA 18 blocks,sa,112,112,7,1
fb_01,B77363,97,1,MASc KA 18 blocks,sa,112,112,7,1
fb_01,B78910,97,1,MASc KA 18 blocks,sa,112,112,7,1
fb_01,B82792,97,1,MASc KA 18 blocks,sa,112,112,7,1
fb_02,B77651,97,1,MASc KA 18 blocks,sa,112,112,7,1
fb_02,B77651,97,1,MASc KA 18 blocks,sa,112,112,7,1
fb_02,B77651,97,1,MASc KA 18 blocks,sa,112,112,7,1
fb_03,B77363,97,1,MASc KA 18 blocks,sa,112,112,7,1
fb_03,B77363,97,1,MASc KA 18 blocks,sa,112,112,7,1
fb_03,B77651,97,1,MASc KA 18 blocks,sa,112,112,7,1
ld_01,B78910,97,1,MASc KA 18 blocks,sa,112,112,7,1
ld_01,B82792,97,1,MASc KA 18 blocks,sa,112,112,7,1
ld_02,B78910,97,1,MASc KA 18 blocks,sa,112,112,7,1
ld_02,B83275,97,1,MASc KA 18 blocks,sa,112,112,7,1
ld_03,B78910,97,1,MASc KA 18 blocks,sa,112,112,7,1
ld_03,B81877,97,1,MASc KA 18 blocks,sa,112,112,7,1
pr_01,B77363,97,1,MASc KA 18 blocks,sa,112,112,7,1
pr_01,B78910,97,1,MASc KA 18 blocks,sa,112,112,7,1
pr_01,B84093,97,1,MASc KA 18 blocks,sa,112,112,7,1
pr_02,B77363,97,1,MASc KA 18 blocks,sa,112,112,7,1
pr_02,B81877,97,1,MASc KA 18 blocks,sa,112,112,7,1
pr_02,B84093,97,1,MASc KA 18 blocks,sa,112,112,7,1
pr_03,B78910,97,1,MASc KA 18 blocks,sa,112,112,7,1
pr_03,B80395,97,1,MASc KA 18 blocks,sa,112,112,7,1
pr_03,B84093,97,1,MASc KA 18 blocks,sa,112,112,7,1
sk_01,B77363,97,1,MASc KA 18 blocks,sa,112,112,7,1
sk_01,B81779,97,1,MASc KA 18 blocks,sa,112,112,7,1
sk_01,B82792,97,1,MASc KA 18 blocks,sa,112,112,7,1
sk_02,B77363,97,1,MASc KA 18 blocks,sa,112,112,7,1
sk_02,B78910,97,1,MASc KA 18 blocks,sa,112,112,7,1
sk_02,B78910,97,1,MASc KA 18 blocks,sa,112,112,7,1
sk_03,B80395,97,1,MASc KA 18 blocks,sa,112,112,7,1
sk_03,B81779,97,1,MASc KA 18 blocks,sa,112,112,7,1
sk_03,B82792,97,1,MASc KA 18 blocks,sa,112,112,7,1
fb_01,B77363,98,1,MASc KA 18 blocks,sa,112,112,7,1
fb_01,B77651,98,1,MASc KA 18 blocks,sa,112,112,7,1
fb_01,B78910,98,1,MASc KA 18 blocks,sa,112,112,7,1
fb_02,B77651,98,1,MASc KA 18 blocks,sa,112,112,7,1
fb_02,B77651,98,1,MASc KA 18 blocks,sa,112,112,7,1
fb_02,B78910,98,1,MASc KA 18 blocks,sa,112,112,7,1
fb_03,B74735,98,1,MASc KA 18 blocks,sa,112,112,7,1
fb_03,B78910,98,1,MASc KA 18 blocks,sa,112,112,7,1
fb_03,B82792,98,1,MASc KA 18 blocks,sa,112,112,7,1
ld_01,B77363,98,1,MASc KA 18 blocks,sa,112,112,7,1
ld_01,B78910,98,1,MASc KA 18 blocks,sa,112,112,7,1
ld_01,B81877,98,1,MASc KA 18 blocks,sa,112,112,7,1
ld_02,B77363,98,1,MASc KA 18 blocks,sa,112,112,7,1
ld_02,B84093,98,1,MASc KA 18 blocks,sa,112,112,7,1
ld_02,B84093,98,1,MASc KA 18 blocks,sa,112,112,7,1
ld_03,B78910,98,1,MASc KA 18 blocks,sa,112,112,7,1
ld_03,B84093,98,1,MASc KA 18 blocks,sa,112,112,7,1
pr_01,B78910,98,1,MASc KA 18 blocks,sa,112,112,7,1
pr_01,B78910,98,1,MASc KA 18 blocks,sa,112,112,7,1
pr_01,B82792,98,1,MASc KA 18 blocks,sa,112,112,7,1
pr_02,B77363,98,1,MASc KA 18 blocks,sa,112,112,7,1
pr_02,B82792,98,1,MASc KA 18 blocks,sa,112,112,7,1
pr_02,B82792,98,1,MASc KA 18 blocks,sa,112,112,7,1
pr_03,B77363,98,1,MASc KA 18 blocks,sa,112,112,7,1
pr_03,B80395,98,1,MASc KA 18 blocks,sa,112,112,7,1
pr_03,B80395,98,1,MASc KA 18 blocks,sa,112,112,7,1
sk_01,B77651,98,1,MASc KA 18 blocks,sa,112,112,7,1
sk_01,B77651,98,1,MASc KA 18 blocks,sa,112,112,7,1
sk_01,B78910,98,1,MASc KA 18 blocks,sa,112,112,7,1
sk_02,B77363,98,1,MASc KA 18 blocks,sa,112,112,7,1
sk_02,B80395,98,1,MASc KA 18 blocks,sa,112,112,7,1
sk_02,B82792,98,1,MASc KA 18 blocks,sa,112,112,7,1
sk_03,B77363,98,1,MASc KA 18 blocks,sa,112,112,7,1
sk_03,B77363,98,1,MASc KA 18 blocks,sa,112,112,7,1
sk_03,B77363,98,1,MASc KA 18 blocks,sa,112,112,7,1
fb_01,B77363,99,1,MASc KA 18 blocks,sa,112,112,7,1
fb_01,B78910,99,1,MASc KA 18 blocks,sa,112,112,7,1
fb_01,B81877,99,1,MASc KA 18 blocks,sa,112,112,7,1
fb_02,B78567,99,1,MASc KA 18 blocks,sa,112,112,7,1
fb_02,B79027,99,1,MASc KA 18 blocks,sa,112,112,7,1
fb_02,B82792,99,1,MASc KA 18 blocks,sa,112,112,7,1
fb_03,B78567,99,1,MASc KA 18 blocks,sa,112,112,7,1
fb_03,B78910,99,1,MASc KA 18 blocks,sa,112,112,7,1
fb_03,B79027,99,1,MASc KA 18 blocks,sa,112,112,7,1
fb_01,B76352,100,1,MASc KA 18 blocks,sa,112,112,7,1
fb_01,B77363,100,1,MASc KA 18 blocks,sa,112,112,7,1
fb_01,B84093,100,1,MASc KA 18 blocks,sa,112,112,7,1
fb_02,B78567,100,1,MASc KA 18 blocks,sa,112,112,7,1
fb_02,B78567,100,1,MASc KA 18 blocks,sa,112,112,7,1
fb_02,B82792,100,1,MASc KA 18 blocks,sa,112,112,7,1
fb_03,B77300,100,1,MASc KA 18 blocks,sa,112,112,7,1
fb_03,B77363,100,1,MASc KA 18 blocks,sa,112,112,7,1
fb_03,B78567,100,1,MASc KA 18 blocks,sa,112,112,7,1
sk_01,B77363,100,1,MASc KA 18 blocks,sa,112,112,7,1
sk_01,B78910,100,1,MASc KA 18 blocks,sa,112,112,7,1
sk_01,B78910,100,1,MASc KA 18 blocks,sa,112,112,7,1
sk_02,B77363,100,1,MASc KA 18 blocks,sa,112,112,7,1
sk_02,B78910,100,1,MASc KA 18 blocks,sa,112,112,7,1
sk_02,B81877,100,1,MASc KA 18 blocks,sa,112,112,7,1
sk_03,B78567,100,1,MASc KA 18 blocks,sa,112,112,7,1
sk_03,B79027,100,1,MASc KA 18 blocks,sa,112,112,7,1
sk_03,B79027,100,1,MASc KA 18 blocks,sa,112,112,7,1
fb_01,B78910,101,1,MASc KA 18 blocks,sa,112,112,7,1
fb_01,B81877,101,1,MASc KA 18 blocks,sa,112,112,7,1
fb_01,B82792,101,1,MASc KA 18 blocks,sa,112,112,7,1
fb_02,B83275,101,1,MASc KA 18 blocks,sa,112,112,7,1
fb_02,B83275,101,1,MASc KA 18 blocks,sa,112,112,7,1
fb_02,B83275,101,1,MASc KA 18 blocks,sa,112,112,7,1
fb_03,B74735,101,1,MASc KA 18 blocks,sa,112,112,7,1
fb_03,B77363,101,1,MASc KA 18 blocks,sa,112,112,7,1
fb_03,B78910,101,1,MASc KA 18 blocks,sa,112,112,7,1
pr_01,B77363,101,1,MASc KA 18 blocks,sa,112,112,7,1
pr_01,B78910,101,1,MASc KA 18 blocks,sa,112,112,7,1
pr_01,B81877,101,1,MASc KA 18 blocks,sa,112,112,7,1
pr_02,B78910,101,1,MASc KA 18 blocks,sa,112,112,7,1
pr_02,B79027,101,1,MASc KA 18 blocks,sa,112,112,7,1
pr_03,B78567,101,1,MASc KA 18 blocks,sa,112,112,7,1
pr_03,B79027,101,1,MASc KA 18 blocks,sa,112,112,7,1
sk_01,B77300,101,1,MASc KA 18 blocks,sa,112,112,7,1
sk_01,B77363,101,1,MASc KA 18 blocks,sa,112,112,7,1
sk_01,B78567,101,1,MASc KA 18 blocks,sa,112,112,7,1
sk_02,B77363,101,1,MASc KA 18 blocks,sa,112,112,7,1
sk_02,B78567,101,1,MASc KA 18 blocks,sa,112,112,7,1
sk_02,B82792,101,1,MASc KA 18 blocks,sa,112,112,7,1
sk_03,B77363,101,1,MASc KA 18 blocks,sa,112,112,7,1
sk_03,B77363,101,1,MASc KA 18 blocks,sa,112,112,7,1
sk_03,B84093,101,1,MASc KA 18 blocks,sa,112,112,7,1
fb_01,B78567,102,1,MASc KA 18 blocks,sa,112,112,7,1
fb_01,B78910,102,1,MASc KA 18 blocks,sa,112,112,7,1
fb_01,B84093,102,1,MASc KA 18 blocks,sa,112,112,7,1
fb_02,B78910,102,1,MASc KA 18 blocks,sa,112,112,7,1
fb_02,B80395,102,1,MASc KA 18 blocks,sa,112,112,7,1
fb_02,B80395,102,1,MASc KA 18 blocks,sa,112,112,7,1
fb_03,B80395,102,1,MASc KA 18 blocks,sa,112,112,7,1
fb_03,B80395,102,1,MASc KA 18 blocks,sa,112,112,7,1
fb_03,B80395,102,1,MASc KA 18 blocks,sa,112,112,7,1
ld_01,B77363,102,1,MASc KA 18 blocks,sa,112,112,7,1
ld_01,B79027,102,1,MASc KA 18 blocks,sa,112,112,7,1
ld_02,B78910,102,1,MASc KA 18 blocks,sa,112,112,7,1
ld_03,B79027,102,1,MASc KA 18 blocks,sa,112,112,7,1
pr_01,B77300,102,1,MASc KA 18 blocks,sa,112,112,7,1
pr_01,B77363,102,1,MASc KA 18 blocks,sa,112,112,7,1
pr_01,B77363,102,1,MASc KA 18 blocks,sa,112,112,7,1
pr_02,B77363,102,1,MASc KA 18 blocks,sa,112,112,7,1
pr_02,B77363,102,1,MASc KA 18 blocks,sa,112,112,7,1
pr_02,B82792,102,1,MASc KA 18 blocks,sa,112,112,7,1
pr_03,B78567,102,1,MASc KA 18 blocks,sa,112,112,7,1
pr_03,B78567,102,1,MASc KA 18 blocks,sa,112,112,7,1
sk_01,B81877,102,1,MASc KA 18 blocks,sa,112,112,7,1
sk_01,B82792,102,1,MASc KA 18 blocks,sa,112,112,7,1
sk_01,B84093,102,1,MASc KA 18 blocks,sa,112,112,7,1
sk_02,B77363,102,1,MASc KA 18 blocks,sa,112,112,7,1
sk_02,B78910,102,1,MASc KA 18 blocks,sa,112,112,7,1
sk_02,B83275,102,1,MASc KA 18 blocks,sa,112,112,7,1
sk_03,B77363,102,1,MASc KA 18 blocks,sa,112,112,7,1
sk_03,B78910,102,1,MASc KA 18 blocks,sa,112,112,7,1
sk_03,B78910,102,1,MASc KA 18 blocks,sa,112,112,7,1
fb_01,B74735,103,1,MASc KA 18 blocks,sa,112,112,7,1
fb_01,B81779,103,1,MASc KA 18 blocks,sa,112,112,7,1
fb_01,B82792,103,1,MASc KA 18 blocks,sa,112,112,7,1
fb_02,B77363,103,1,MASc KA 18 blocks,sa,112,112,7,1
fb_02,B80395,103,1,MASc KA 18 blocks,sa,112,112,7,1
fb_02,B81779,103,1,MASc KA 18 blocks,sa,112,112,7,1
fb_03,B77363,103,1,MASc KA 18 blocks,sa,112,112,7,1
fb_03,B77651,103,1,MASc KA 18 blocks,sa,112,112,7,1
fb_03,B78567,103,1,MASc KA 18 blocks,sa,112,112,7,1
ld_01,B77300,103,1,MASc KA 18 blocks,sa,112,112,7,1
ld_01,B77363,103,1,MASc KA 18 blocks,sa,112,112,7,1
ld_01,B77363,103,1,MASc KA 18 blocks,sa,112,112,7,1
ld_02,B77363,103,1,MASc KA 18 blocks,sa,112,112,7,1
ld_02,B78567,103,1,MASc KA 18 blocks,sa,112,112,7,1
ld_03,B77363,103,1,MASc KA 18 blocks,sa,112,112,7,1
ld_03,B78567,103,1,MASc KA 18 blocks,sa,112,112,7,1
pr_01,B77363,103,1,MASc KA 18 blocks,sa,112,112,7,1
pr_01,B81877,103,1,MASc KA 18 blocks,sa,112,112,7,1
pr_01,B84093,103,1,MASc KA 18 blocks,sa,112,112,7,1
pr_02,B78910,103,1,MASc KA 18 blocks,sa,112,112,7,1
pr_02,B78910,103,1,MASc KA 18 blocks,sa,112,112,7,1
pr_02,B81877,103,1,MASc KA 18 blocks,sa,112,112,7,1
pr_03,B77363,103,1,MASc KA 18 blocks,sa,112,112,7,1
pr_03,B78910,103,1,MASc KA 18 blocks,sa,112,112,7,1
pr_03,B82792,103,1,MASc KA 18 blocks,sa,112,112,7,1
sk_01,B78567,103,1,MASc KA 18 blocks,sa,112,112,7,1
sk_01,B80395,103,1,MASc KA 18 blocks,sa,112,112,7,1
sk_01,B84093,103,1,MASc KA 18 blocks,sa,112,112,7,1
sk_02,B78567,103,1,MASc KA 18 blocks,sa,112,112,7,1
sk_02,B83275,103,1,MASc KA 18 blocks,sa,112,112,7,1
sk_02,B84093,103,1,MASc KA 18 blocks,sa,112,112,7,1
sk_03,B78910,103,1,MASc KA 18 blocks,sa,112,112,7,1
sk_03,B78910,103,1,MASc KA 18 blocks,sa,112,112,7,1
sk_03,B80395,103,1,MASc KA 18 blocks,sa,112,112,7,1
fb_01,B77651,104,1,MASc KA 18 blocks,sa,112,112,7,1
fb_01,B77651,104,1,MASc KA 18 blocks,sa,112,112,7,1
fb_01,B78910,104,1,MASc KA 18 blocks,sa,112,112,7,1
fb_02,B74735,104,1,MASc KA 18 blocks,sa,112,112,7,1
fb_02,B77651,104,1,MASc KA 18 blocks,sa,112,112,7,1
fb_02,B82792,104,1,MASc KA 18 blocks,sa,112,112,7,1
fb_03,B77651,104,1,MASc KA 18 blocks,sa,112,112,7,1
fb_03,B77651,104,1,MASc KA 18 blocks,sa,112,112,7,1
fb_03,B77651,104,1,MASc KA 18 blocks,sa,112,112,7,1
ld_01,B77363,104,1,MASc KA 18 blocks,sa,112,112,7,1
ld_01,B78910,104,1,MASc KA 18 blocks,sa,112,112,7,1
ld_01,B84093,104,1,MASc KA 18 blocks,sa,112,112,7,1
ld_02,B78910,104,1,MASc KA 18 blocks,sa,112,112,7,1
ld_02,B81877,104,1,MASc KA 18 blocks,sa,112,112,7,1
ld_02,B82792,104,1,MASc KA 18 blocks,sa,112,112,7,1
ld_03,B77363,104,1,MASc KA 18 blocks,sa,112,112,7,1
ld_03,B78910,104,1,MASc KA 18 blocks,sa,112,112,7,1
ld_03,B81877,104,1,MASc KA 18 blocks,sa,112,112,7,1
pr_01,B83275,104,1,MASc KA 18 blocks,sa,112,112,7,1
pr_01,B84093,104,1,MASc KA 18 blocks,sa,112,112,7,1
pr_01,B84093,104,1,MASc KA 18 blocks,sa,112,112,7,1
pr_02,B78567,104,1,MASc KA 18 blocks,sa,112,112,7,1
pr_02,B78910,104,1,MASc KA 18 blocks,sa,112,112,7,1
pr_02,B83275,104,1,MASc KA 18 blocks,sa,112,112,7,1
pr_03,B78567,104,1,MASc KA 18 blocks,sa,112,112,7,1
pr_03,B78910,104,1,MASc KA 18 blocks,sa,112,112,7,1
pr_03,B80395,104,1,MASc KA 18 blocks,sa,112,112,7,1
sk_01,B77363,104,1,MASc KA 18 blocks,sa,112,112,7,1
sk_01,B77363,104,1,MASc KA 18 blocks,sa,112,112,7,1
sk_01,B82792,104,1,MASc KA 18 blocks,sa,112,112,7,1
sk_02,B77363,104,1,MASc KA 18 blocks,sa,112,112,7,1
sk_02,B77363,104,1,MASc KA 18 blocks,sa,112,112,7,1
sk_02,B82792,104,1,MASc KA 18 blocks,sa,112,112,7,1
sk_03,B78910,104,1,MASc KA 18 blocks,sa,112,112,7,1
sk_03,B80395,104,1,MASc KA 18 blocks,sa,112,112,7,1
sk_03,B81779,104,1,MASc KA 18 blocks,sa,112,112,7,1
fb_01,B77363,105,1,MASc KA 18 blocks,sa,112,112,7,1
fb_01,B77363,105,1,MASc KA 18 blocks,sa,112,112,7,1
fb_01,B78910,105,1,MASc KA 18 blocks,sa,112,112,7,1
fb_02,B77363,105,1,MASc KA 18 blocks,sa,112,112,7,1
fb_02,B77651,105,1,MASc KA 18 blocks,sa,112,112,7,1
fb_02,B77651,105,1,MASc KA 18 blocks,sa,112,112,7,1
fb_03,B77363,105,1,MASc KA 18 blocks,sa,112,112,7,1
fb_03,B77651,105,1,MASc KA 18 blocks,sa,112,112,7,1
fb_03,B81779,105,1,MASc KA 18 blocks,sa,112,112,7,1
ld_01,B78910,105,1,MASc KA 18 blocks,sa,112,112,7,1
ld_01,B84093,105,1,MASc KA 18 blocks,sa,112,112,7,1
ld_02,B78567,105,1,MASc KA 18 blocks,sa,112,112,7,1
ld_02,B84093,105,1,MASc KA 18 blocks,sa,112,112,7,1
ld_03,B83275,105,1,MASc KA 18 blocks,sa,112,112,7,1
pr_01,B77363,105,1,MASc KA 18 blocks,sa,112,112,7,1
pr_01,B80395,105,1,MASc KA 18 blocks,sa,112,112,7,1
pr_01,B82792,105,1,MASc KA 18 blocks,sa,112,112,7,1
pr_02,B77363,105,1,MASc KA 18 blocks,sa,112,112,7,1
pr_02,B78910,105,1,MASc KA 18 blocks,sa,112,112,7,1
pr_02,B82792,105,1,MASc KA 18 blocks,sa,112,112,7,1
pr_03,B77363,105,1,MASc KA 18 blocks,sa,112,112,7,1
pr_03,B80395,105,1,MASc KA 18 blocks,sa,112,112,7,1
pr_03,B82792,105,1,MASc KA 18 blocks,sa,112,112,7,1
sk_01,B77651,105,1,MASc KA 18 blocks,sa,112,112,7,1
sk_01,B77651,105,1,MASc KA 18 blocks,sa,112,112,7,1
sk_01,B78910,105,1,MASc KA 18 blocks,sa,112,112,7,1
sk_02,B77651,105,1,MASc KA 18 blocks,sa,112,112,7,1
sk_02,B77651,105,1,MASc KA 18 blocks,sa,112,112,7,1
sk_02,B78910,105,1,MASc KA 18 blocks,sa,112,112,7,1
sk_03,B74735,105,1,MASc KA 18 blocks,sa,112,112,7,1
sk_03,B78567,105,1,MASc KA 18 blocks,sa,112,112,7,1
sk_03,B82792,105,1,MASc KA 18 blocks,sa,112,112,7,1
fb_01,B74735,106,1,MASc KA 18 blocks,sa,112,112,7,1
fb_01,B78910,106,1,MASc KA 18 blocks,sa,112,112,7,1
fb_01,B81877,106,1,MASc KA 18 blocks,sa,112,112,7,1
fb_02,B74735,106,1,MASc KA 18 blocks,sa,112,112,7,1
fb_02,B74735,106,1,MASc KA 18 blocks,sa,112,112,7,1
fb_02,B78567,106,1,MASc KA 18 blocks,sa,112,112,7,1
fb_03,B76319,106,1,MASc KA 18 blocks,sa,112,112,7,1
fb_03,B76352,106,1,MASc KA 18 blocks,sa,112,112,7,1
fb_03,B84093,106,1,MASc KA 18 blocks,sa,112,112,7,1
fb_01,B76319,107,1,MASc KA 18 blocks,sa,112,112,7,1
fb_01,B78910,107,1,MASc KA 18 blocks,sa,112,112,7,1
fb_01,B82792,107,1,MASc KA 18 blocks,sa,112,112,7,1
fb_02,B77363,107,1,MASc KA 18 blocks,sa,112,112,7,1
fb_02,B78910,107,1,MASc KA 18 blocks,sa,112,112,7,1
fb_02,B78910,107,1,MASc KA 18 blocks,sa,112,112,7,1
fb_03,B77363,107,1,MASc KA 18 blocks,sa,112,112,7,1
fb_03,B77363,107,1,MASc KA 18 blocks,sa,112,112,7,1
fb_03,B77363,107,1,MASc KA 18 blocks,sa,112,112,7,1
sk_01,B78910,107,1,MASc KA 18 blocks,sa,112,112,7,1
sk_01,B84093,107,1,MASc KA 18 blocks,sa,112,112,7,1
sk_02,B81877,107,1,MASc KA 18 blocks,sa,112,112,7,1
sk_02,B84093,107,1,MASc KA 18 blocks,sa,112,112,7,1
sk_03,B74735,107,1,MASc KA 18 blocks,sa,112,112,7,1
fb_01,B78910,108,1,MASc KA 18 blocks,sa,112,112,7,1
fb_01,B81877,108,1,MASc KA 18 blocks,sa,112,112,7,1
fb_01,B82792,108,1,MASc KA 18 blocks,sa,112,112,7,1
fb_02,B77363,108,1,MASc KA 18 blocks,sa,112,112,7,1
fb_02,B77363,108,1,MASc KA 18 blocks,sa,112,112,7,1
fb_02,B78910,108,1,MASc KA 18 blocks,sa,112,112,7,1
fb_03,B74735,108,1,MASc KA 18 blocks,sa,112,112,7,1
fb_03,B77363,108,1,MASc KA 18 blocks,sa,112,112,7,1
fb_03,B77363,108,1,MASc KA 18 blocks,sa,112,112,7,1
pr_01,B84093,108,1,MASc KA 18 blocks,sa,112,112,7,1
pr_02,B81877,108,1,MASc KA 18 blocks,sa,112,112,7,1
pr_03,B74735,108,1,MASc KA 18 blocks,sa,112,112,7,1
sk_01,B77363,108,1,MASc KA 18 blocks,sa,112,112,7,1
sk_01,B77363,108,1,MASc KA 18 blocks,sa,112,112,7,1
sk_01,B78910,108,1,MASc KA 18 blocks,sa,112,112,7,1
sk_02,B77363,108,1,MASc KA 18 blocks,sa,112,112,7,1
sk_02,B78910,108,1,MASc KA 18 blocks,sa,112,112,7,1
sk_02,B82792,108,1,MASc KA 18 blocks,sa,112,112,7,1
sk_03,B77363,108,1,MASc KA 18 blocks,sa,112,112,7,1
sk_03,B77363,108,1,MASc KA 18 blocks,sa,112,112,7,1
sk_03,B78910,108,1,MASc KA 18 blocks,sa,112,112,7,1
fb_01,B76319,109,1,MASc KA 18 blocks,sa,112,112,7,1
fb_01,B77300,109,1,MASc KA 18 blocks,sa,112,112,7,1
fb_01,B84093,109,1,MASc KA 18 blocks,sa,112,112,7,1
fb_02,B77363,109,1,MASc KA 18 blocks,sa,112,112,7,1
fb_02,B78910,109,1,MASc KA 18 blocks,sa,112,112,7,1
fb_02,B78910,109,1,MASc KA 18 blocks,sa,112,112,7,1
fb_03,B74735,109,1,MASc KA 18 blocks,sa,112,112,7,1
fb_03,B76352,109,1,MASc KA 18 blocks,sa,112,112,7,1
fb_03,B78567,109,1,MASc KA 18 blocks,sa,112,112,7,1
ld_01,B84093,109,1,MASc KA 18 blocks,sa,112,112,7,1
pr_01,B77363,109,1,MASc KA 18 blocks,sa,112,112,7,1
pr_01,B78910,109,1,MASc KA 18 blocks,sa,112,112,7,1
pr_01,B78910,109,1,MASc KA 18 blocks,sa,112,112,7,1
pr_02,B77363,109,1,MASc KA 18 blocks,sa,112,112,7,1
pr_02,B77363,109,1,MASc KA 18 blocks,sa,112,112,7,1
pr_02,B82792,109,1,MASc KA 18 blocks,sa,112,112,7,1
pr_03,B77363,109,1,MASc KA 18 blocks,sa,112,112,7,1
pr_03,B78910,109,1,MASc KA 18 blocks,sa,112,112,7,1
sk_01,B77363,109,1,MASc KA 18 blocks,sa,112,112,7,1
sk_01,B77363,109,1,MASc KA 18 blocks,sa,112,112,7,1
sk_01,B82792,109,1,MASc KA 18 blocks,sa,112,112,7,1
sk_02,B77363,109,1,MASc KA 18 blocks,sa,112,112,7,1
sk_02,B77363,109,1,MASc KA 18 blocks,sa,112,112,7,1
sk_02,B81877,109,1,MASc KA 18 blocks,sa,112,112,7,1
sk_03,B77363,109,1,MASc KA 18 blocks,sa,112,112,7,1
sk_03,B77363,109,1,MASc KA 18 blocks,sa,112,112,7,1
sk_03,B78910,109,1,MASc KA 18 blocks,sa,112,112,7,1
fb_01,B74735,110,1,MASc KA 18 blocks,sa,112,112,7,1
fb_01,B76319,110,1,MASc KA 18 blocks,sa,112,112,7,1
fb_01,B82792,110,1,MASc KA 18 blocks,sa,112,112,7,1
fb_02,B74735,110,1,MASc KA 18 blocks,sa,112,112,7,1
fb_02,B74735,110,1,MASc KA 18 blocks,sa,112,112,7,1
fb_02,B78910,110,1,MASc KA 18 blocks,sa,112,112,7,1
fb_03,B78910,110,1,MASc KA 18 blocks,sa,112,112,7,1
fb_03,B78910,110,1,MASc KA 18 blocks,sa,112,112,7,1
fb_03,B78910,110,1,MASc KA 18 blocks,sa,112,112,7,1
ld_01,B77363,110,1,MASc KA 18 blocks,sa,112,112,7,1
ld_01,B77363,110,1,MASc KA 18 blocks,sa,112,112,7,1
ld_02,B77363,110,1,MASc KA 18 blocks,sa,112,112,7,1
ld_02,B78910,110,1,MASc KA 18 blocks,sa,112,112,7,1
ld_03,B77363,110,1,MASc KA 18 blocks,sa,112,112,7,1
ld_03,B78910,110,1,MASc KA 18 blocks,sa,112,112,7,1
pr_01,B77363,110,1,MASc KA 18 blocks,sa,112,112,7,1
pr_01,B77363,110,1,MASc KA 18 blocks,sa,112,112,7,1
pr_01,B78910,110,1,MASc KA 18 blocks,sa,112,112,7,1
pr_02,B77363,110,1,MASc KA 18 blocks,sa,112,112,7,1
pr_02,B77363,110,1,MASc KA 18 blocks,sa,112,112,7,1
pr_02,B81877,110,1,MASc KA 18 blocks,sa,112,112,7,1
pr_03,B77363,110,1,MASc KA 18 blocks,sa,112,112,7,1
pr_03,B81877,110,1,MASc KA 18 blocks,sa,112,112,7,1
pr_03,B82792,110,1,MASc KA 18 blocks,sa,112,112,7,1
sk_01,B77363,110,1,MASc KA 18 blocks,sa,112,112,7,1
sk_01,B77363,110,1,MASc KA 18 blocks,sa,112,112,7,1
sk_01,B84093,110,1,MASc KA 18 blocks,sa,112,112,7,1
sk_02,B77363,110,1,MASc KA 18 blocks,sa,112,112,7,1
sk_02,B77363,110,1,MASc KA 18 blocks,sa,112,112,7,1
sk_02,B77363,110,1,MASc KA 18 blocks,sa,112,112,7,1
sk_03,B74735,110,1,MASc KA 18 blocks,sa,112,112,7,1
sk_03,B77300,110,1,MASc KA 18 blocks,sa,112,112,7,1
sk_03,B77363,110,1,MASc KA 18 blocks,sa,112,112,7,1
fb_01,B74735,111,1,MASc KA 18 blocks,sa,112,112,7,1
fb_01,B79027,111,1,MASc KA 18 blocks,sa,112,112,7,1
fb_01,B79027,111,1,MASc KA 18 blocks,sa,112,112,7,1
fb_02,B78567,111,1,MASc KA 18 blocks,sa,112,112,7,1
fb_02,B78567,111,1,MASc KA 18 blocks,sa,112,112,7,1
fb_02,B78567,111,1,MASc KA 18 blocks,sa,112,112,7,1
fb_03,B76352,111,1,MASc KA 18 blocks,sa,112,112,7,1
fb_03,B82792,111,1,MASc KA 18 blocks,sa,112,112,7,1
fb_03,B82792,111,1,MASc KA 18 blocks,sa,112,112,7,1
ld_01,B77363,111,1,MASc KA 18 blocks,sa,112,112,7,1
ld_01,B78910,111,1,MASc KA 18 blocks,sa,112,112,7,1
ld_01,B82792,111,1,MASc KA 18 blocks,sa,112,112,7,1
ld_02,B77363,111,1,MASc KA 18 blocks,sa,112,112,7,1
ld_02,B77363,111,1,MASc KA 18 blocks,sa,112,112,7,1
ld_02,B81877,111,1,MASc KA 18 blocks,sa,112,112,7,1
ld_03,B77363,111,1,MASc KA 18 blocks,sa,112,112,7,1
ld_03,B77363,111,1,MASc KA 18 blocks,sa,112,112,7,1
ld_03,B81877,111,1,MASc KA 18 blocks,sa,112,112,7,1
pr_01,B77363,111,1,MASc KA 18 blocks,sa,112,112,7,1
pr_01,B77363,111,1,MASc KA 18 blocks,sa,112,112,7,1
pr_01,B84093,111,1,MASc KA 18 blocks,sa,112,112,7,1
pr_02,B74735,111,1,MASc KA 18 blocks,sa,112,112,7,1
pr_02,B77363,111,1,MASc KA 18 blocks,sa,112,112,7,1
pr_02,B77363,111,1,MASc KA 18 blocks,sa,112,112,7,1
pr_03,B74735,111,1,MASc KA 18 blocks,sa,112,112,7,1
pr_03,B77363,111,1,MASc KA 18 blocks,sa,112,112,7,1
pr_03,B77363,111,1,MASc KA 18 blocks,sa,112,112,7,1
sk_01,B76319,111,1,MASc KA 18 blocks,sa,112,112,7,1
sk_01,B78910,111,1,MASc KA 18 blocks,sa,112,112,7,1
sk_01,B84093,111,1,MASc KA 18 blocks,sa,112,112,7,1
sk_02,B74735,111,1,MASc KA 18 blocks,sa,112,112,7,1
sk_02,B77363,111,1,MASc KA 18 blocks,sa,112,112,7,1
sk_02,B78910,111,1,MASc KA 18 blocks,sa,112,112,7,1
sk_03,B78567,111,1,MASc KA 18 blocks,sa,112,112,7,1
sk_03,B78910,111,1,MASc KA 18 blocks,sa,112,112,7,1
sk_03,B78910,111,1,MASc KA 18 blocks,sa,112,112,7,1
fb_01,B77363,112,1,MASc KA 18 blocks,sa,112,112,7,1
fb_01,B77363,112,1,MASc KA 18 blocks,sa,112,112,7,1
fb_01,B78567,112,1,MASc KA 18 blocks,sa,112,112,7,1
fb_02,B78567,112,1,MASc KA 18 blocks,sa,112,112,7,1
fb_02,B78567,112,1,MASc KA 18 blocks,sa,112,112,7,1
fb_02,B83275,112,1,MASc KA 18 blocks,sa,112,112,7,1
fb_03,B74735,112,1,MASc KA 18 blocks,sa,112,112,7,1
fb_03,B78567,112,1,MASc KA 18 blocks,sa,112,112,7,1
fb_03,B83275,112,1,MASc KA 18 blocks,sa,112,112,7,1
ld_01,B74735,112,1,MASc KA 18 blocks,sa,112,112,7,1
ld_01,B77363,112,1,MASc KA 18 blocks,sa,112,112,7,1
ld_01,B77363,112,1,MASc KA 18 blocks,sa,112,112,7,1
ld_02,B77363,112,1,MASc KA 18 blocks,sa,112,112,7,1
ld_02,B77363,112,1,MASc KA 18 blocks,sa,112,112,7,1
ld_02,B77363,112,1,MASc KA 18 blocks,sa,112,112,7,1
ld_03,B77363,112,1,MASc KA 18 blocks,sa,112,112,7,1
ld_03,B77363,112,1,MASc KA 18 blocks,sa,112,112,7,1
ld_03,B84093,112,1,MASc KA 18 blocks,sa,112,112,7,1
pr_01,B78567,112,1,MASc KA 18 blocks,sa,112,112,7,1
pr_01,B78910,112,1,MASc KA 18 blocks,sa,112,112,7,1
pr_01,B84093,112,1,MASc KA 18 blocks,sa,112,112,7,1
pr_02,B74735,112,1,MASc KA 18 blocks,sa,112,112,7,1
pr_02,B78910,112,1,MASc KA 18 blocks,sa,112,112,7,1
pr_02,B78910,112,1,MASc KA 18 blocks,sa,112,112,7,1
pr_03,B74735,112,1,MASc KA 18 blocks,sa,112,112,7,1
pr_03,B77300,112,1,MASc KA 18 blocks,sa,112,112,7,1
pr_03,B78910,112,1,MASc KA 18 blocks,sa,112,112,7,1
sk_01,B74735,112,1,MASc KA 18 blocks,sa,112,112,7,1
sk_01,B78567,112,1,MASc KA 18 blocks,sa,112,112,7,1
sk_01,B79027,112,1,MASc KA 18 blocks,sa,112,112,7,1
sk_02,B76352,112,1,MASc KA 18 blocks,sa,112,112,7,1
sk_02,B78910,112,1,MASc KA 18 blocks,sa,112,112,7,1
sk_02,B79027,112,1,MASc KA 18 blocks,sa,112,112,7,1
sk_03,B78567,112,1,MASc KA 18 blocks,sa,112,112,7,1
sk_03,B78567,112,1,MASc KA 18 blocks,sa,112,112,7,1
sk_03,B78910,112,1,MASc KA 18 blocks,sa,112,112,7,1
