machine_id,block_id,day,assigned,scenario,solver,master_days,subproblem_days,lock_days,start_day
fb_01,B77718,1,1,MASc KA 40 blocks,sa,112,112,1,1
fb_01,B82792,1,1,MASc KA 40 blocks,sa,112,112,1,1
fb_01,B91454,1,1,MASc KA 40 blocks,sa,112,112,1,1
fb_02,B86553,1,1,MASc KA 40 blocks,sa,112,112,1,1
fb_02,B86553,1,1,MASc KA 40 blocks,sa,112,112,1,1
fb_02,B86553,1,1,MASc KA 40 blocks,sa,112,112,1,1
fb_03,B77718,1,1,MASc KA 40 blocks,sa,112,112,1,1
fb_03,B86553,1,1,MASc KA 40 blocks,sa,112,112,1,1
fb_03,B86553,1,1,MASc KA 40 blocks,sa,112,112,1,1
fb_04,B86553,1,1,MASc KA 40 blocks,sa,112,112,1,1
fb_04,B88642,1,1,MASc KA 40 blocks,sa,112,112,1,1
fb_04,B92731,1,1,MASc KA 40 blocks,sa,112,112,1,1
fb_05,B88642,1,1,MASc KA 40 blocks,sa,112,112,1,1
fb_05,B92731,1,1,MASc KA 40 blocks,sa,112,112,1,1
fb_05,B92731,1,1,MASc KA 40 blocks,sa,112,112,1,1
fb_06,B92731,1,1,MASc KA 40 blocks,sa,112,112,1,1
fb_06,B92731,1,1,MASc KA 40 blocks,sa,112,112,1,1
fb_06,B98430,1,1,MASc KA 40 blocks,sa,112,112,1,1
fb_01,B77363,2,1,MASc KA 40 blocks,sa,112,112,1,1
fb_01,B82792,2,1,MASc KA 40 blocks,sa,112,112,1,1
fb_01,B91777,2,1,MASc KA 40 blocks,sa,112,112,1,1
fb_02,B86553,2,1,MASc KA 40 blocks,sa,112,112,1,1
fb_02,B86553,2,1,MASc KA 40 blocks,sa,112,112,1,1
fb_02,B86553,2,1,MASc KA 40 blocks,sa,112,112,1,1
fb_03,B77718,2,1,MASc KA 40 blocks,sa,112,112,1,1
fb_03,B86553,2,1,MASc KA 40 blocks,sa,112,112,1,1
fb_03,B86553,2,1,MASc KA 40 blocks,sa,112,112,1,1
fb_04,B77718,2,1,MASc KA 40 blocks,sa,112,112,1,1
fb_04,B91454,2,1,MASc KA 40 blocks,sa,112,112,1,1
fb_04,B92731,2,1,MASc KA 40 blocks,sa,112,112,1,1
fb_05,B88642,2,1,MASc KA 40 blocks,sa,112,112,1,1
fb_05,B92731,2,1,MASc KA 40 blocks,sa,112,112,1,1
fb_05,B92731,2,1,MASc KA 40 blocks,sa,112,112,1,1
fb_06,B77718,2,1,MASc KA 40 blocks,sa,112,112,1,1
fb_06,B88642,2,1,MASc KA 40 blocks,sa,112,112,1,1
fb_06,B92731,2,1,MASc KA 40 blocks,sa,112,112,1,1
fb_01,B77718,3,1,MASc KA 40 blocks,sa,112,112,1,1
fb_01,B78910,3,1,MASc KA 40 blocks,sa,112,112,1,1
fb_01,B82792,3,1,MASc KA 40 blocks,sa,112,112,1,1
fb_02,B77718,3,1,MASc KA 40 blocks,sa,112,112,1,1
fb_02,B86553,3,1,MASc KA 40 blocks,sa,112,112,1,1
fb_02,B86553,3,1,MASc KA 40 blocks,sa,112,112,1,1
fb_03,B77718,3,1,MASc KA 40 blocks,sa,112,112,1,1
fb_03,B86553,3,1,MASc KA 40 blocks,sa,112,112,1,1
fb_03,B86553,3,1,MASc KA 40 blocks,sa,112,112,1,1
fb_04,B86909,3,1,MASc KA 40 blocks,sa,112,112,1,1
fb_04,B92731,3,1,MASc KA 40 blocks,sa,112,112,1,1
fb_04,B92731,3,1,MASc KA 40 blocks,sa,112,112,1,1
fb_05,B91454,3,1,MASc KA 40 blocks,sa,112,112,1,1
fb_05,B92731,3,1,MASc KA 40 blocks,sa,112,112,1,1
fb_05,B92731,3,1,MASc KA 40 blocks,sa,112,112,1,1
fb_06,B88642,3,1,MASc KA 40 blocks,sa,112,112,1,1
fb_06,B88642,3,1,MASc KA 40 blocks,sa,112,112,1,1
fb_06,B92731,3,1,MASc KA 40 blocks,sa,112,112,1,1
fb_01,B77363,4,1,MASc KA 40 blocks,sa,112,112,1,1
fb_01,B77718,4,1,MASc KA 40 blocks,sa,112,112,1,1
fb_01,B77718,4,1,MASc KA 40 blocks,sa,112,112,1,1
fb_02,B86553,4,1,MASc KA 40 blocks,sa,112,112,1,1
fb_02,B86553,4,1,MASc KA 40 blocks,sa,112,112,1,1
fb_02,B86553,4,1,MASc KA 40 blocks,sa,112,112,1,1
fb_03,B77718,4,1,MASc KA 40 blocks,sa,112,112,1,1
fb_03,B77718,4,1,MASc KA 40 blocks,sa,112,112,1,1
fb_03,B91454,4,1,MASc KA 40 blocks,sa,112,112,1,1
fb_04,B88642,4,1,MASc KA 40 blocks,sa,112,112,1,1
fb_04,B91454,4,1,MASc KA 40 blocks,sa,112,112,1,1
fb_04,B92731,4,1,MASc KA 40 blocks,sa,112,112,1,1
fb_05,B77718,4,1,MASc KA 40 blocks,sa,112,112,1,1
fb_05,B92731,4,1,MASc KA 40 blocks,sa,112,112,1,1
fb_05,B92731,4,1,MASc KA 40 blocks,sa,112,112,1,1
fb_06,B77718,4,1,MASc KA 40 blocks,sa,112,112,1,1
fb_06,B88642,4,1,MASc KA 40 blocks,sa,112,112,1,1
fb_06,B92731,4,1,MASc KA 40 blocks,sa,112,112,1,1
fb_01,B78910,5,1,MASc KA 40 blocks,sa,112,112,1,1
fb_01,B82792,5,1,MASc KA 40 blocks,sa,112,112,1,1
fb_01,B88642,5,1,MASc KA 40 blocks,sa,112,112,1,1
fb_02,B86553,5,1,MASc KA 40 blocks,sa,112,112,1,1
fb_02,B86553,5,1,MASc KA 40 blocks,sa,112,112,1,1
fb_02,B86553,5,1,MASc KA 40 blocks,sa,112,112,1,1
fb_03,B77718,5,1,MASc KA 40 blocks,sa,112,112,1,1
fb_03,B86553,5,1,MASc KA 40 blocks,sa,112,112,1,1
fb_03,B86553,5,1,MASc KA 40 blocks,sa,112,112,1,1
fb_04,B77718,5,1,MASc KA 40 blocks,sa,112,112,1,1
fb_04,B92731,5,1,MASc KA 40 blocks,sa,112,112,1,1
fb_04,B92731,5,1,MASc KA 40 blocks,sa,112,112,1,1
fb_05,B77718,5,1,MASc KA 40 blocks,sa,112,112,1,1
fb_05,B88642,5,1,MASc KA 40 blocks,sa,112,112,1,1
fb_05,B92731,5,1,MASc KA 40 blocks,sa,112,112,1,1
fb_06,B92731,5,1,MASc KA 40 blocks,sa,112,112,1,1
fb_06,B92731,5,1,MASc KA 40 blocks,sa,112,112,1,1
fb_06,B92731,5,1,MASc KA 40 blocks,sa,112,112,1,1
fb_01,B78910,6,1,MASc KA 40 blocks,sa,112,112,1,1
fb_01,B82792,6,1,MASc KA 40 blocks,sa,112,112,1,1
fb_01,B91454,6,1,MASc KA 40 blocks,sa,112,112,1,1
fb_02,B77718,6,1,MASc KA 40 blocks,sa,112,112,1,1
fb_02,B86553,6,1,MASc KA 40 blocks,sa,112,112,1,1
fb_02,B86553,6,1,MASc KA 40 blocks,sa,112,112,1,1
fb_03,B77718,6,1,MASc KA 40 blocks,sa,112,112,1,1
fb_03,B86553,6,1,MASc KA 40 blocks,sa,112,112,1,1
fb_03,B91454,6,1,MASc KA 40 blocks,sa,112,112,1,1
fb_04,B77718,6,1,MASc KA 40 blocks,sa,112,112,1,1
fb_04,B77718,6,1,MASc KA 40 blocks,sa,112,112,1,1
fb_04,B88642,6,1,MASc KA 40 blocks,sa,112,112,1,1
fb_05,B88642,6,1,MASc KA 40 blocks,sa,112,112,1,1
fb_05,B92731,6,1,MASc KA 40 blocks,sa,112,112,1,1
fb_05,B92731,6,1,MASc KA 40 blocks,sa,112,112,1,1
fb_06,B92731,6,1,MASc KA 40 blocks,sa,112,112,1,1
fb_06,B92731,6,1,MASc KA 40 blocks,sa,112,112,1,1
fb_06,B92731,6,1,MASc KA 40 blocks,sa,112,112,1,1
fb_01,B78910,7,1,MASc KA 40 blocks,sa,112,112,1,1
fb_01,B88642,7,1,MASc KA 40 blocks,sa,112,112,1,1
fb_01,B91454,7,1,MASc KA 40 blocks,sa,112,112,1,1
fb_02,B86553,7,1,MASc KA 40 blocks,sa,112,112,1,1
fb_02,B86553,7,1,MASc KA 40 blocks,sa,112,112,1,1
fb_02,B86553,7,1,MASc KA 40 blocks,sa,112,112,1,1
fb_03,B86553,7,1,MASc KA 40 blocks,sa,112,112,1,1
fb_03,B86553,7,1,MASc KA 40 blocks,sa,112,112,1,1
fb_03,B86553,7,1,MASc KA 40 blocks,sa,112,112,1,1
fb_04,B88642,7,1,MASc KA 40 blocks,sa,112,112,1,1
fb_04,B91454,7,1,MASc KA 40 blocks,sa,112,112,1,1
fb_04,B92731,7,1,MASc KA 40 blocks,sa,112,112,1,1
fb_05,B77718,7,1,MASc KA 40 blocks,sa,112,112,1,1
fb_05,B92731,7,1,MASc KA 40 blocks,sa,112,112,1,1
fb_05,B92731,7,1,MASc KA 40 blocks,sa,112,112,1,1
fb_06,B92731,7,1,MASc KA 40 blocks,sa,112,112,1,1
fb_06,B92731,7,1,MASc KA 40 blocks,sa,112,112,1,1
fb_06,B92731,7,1,MASc KA 40 blocks,sa,112,112,1,1
fb_01,B77363,8,1,MASc KA 40 blocks,sa,112,112,1,1
fb_01,B77718,8,1,MASc KA 40 blocks,sa,112,112,1,1
fb_01,B78910,8,1,MASc KA 40 blocks,sa,112,112,1,1
fb_02,B77718,8,1,MASc KA 40 blocks,sa,112,112,1,1
fb_02,B86553,8,1,MASc KA 40 blocks,sa,112,112,1,1
fb_02,B86553,8,1,MASc KA 40 blocks,sa,112,112,1,1
fb_03,B86553,8,1,MASc KA 40 blocks,sa,112,112,1,1
fb_03,B86553,8,1,MASc KA 40 blocks,sa,112,112,1,1
fb_03,B88642,8,1,MASc KA 40 blocks,sa,112,112,1,1
fb_04,B91454,8,1,MASc KA 40 blocks,sa,112,112,1,1
fb_04,B92731,8,1,MASc KA 40 blocks,sa,112,112,1,1
fb_04,B92731,8,1,MASc KA 40 blocks,sa,112,112,1,1
fb_05,B91454,8,1,MASc KA 40 blocks,sa,112,112,1,1
fb_05,B92731,8,1,MASc KA 40 blocks,sa,112,112,1,1
fb_05,B92731,8,1,MASc KA 40 blocks,sa,112,112,1,1
fb_06,B77718,8,1,MASc KA 40 blocks,sa,112,112,1,1
fb_06,B86575,8,1,MASc KA 40 blocks,sa,112,112,1,1
fb_06,B88642,8,1,MASc KA 40 blocks,sa,112,112,1,1
fb_01,B77363,9,1,MASc KA 40 blocks,sa,112,112,1,1
fb_01,B78910,9,1,MASc KA 40 blocks,sa,112,112,1,1
fb_01,B82792,9,1,MASc KA 40 blocks,sa,112,112,1,1
fb_02,B77718,9,1,MASc KA 40 blocks,sa,112,112,1,1
fb_02,B86553,9,1,MASc KA 40 blocks,sa,112,112,1,1
fb_02,B86553,9,1,MASc KA 40 blocks,sa,112,112,1,1
fb_03,B86553,9,1,MASc KA 40 blocks,sa,112,112,1,1
fb_03,B88642,9,1,MASc KA 40 blocks,sa,112,112,1,1
fb_03,B91454,9,1,MASc KA 40 blocks,sa,112,112,1,1
fb_04,B88642,9,1,MASc KA 40 blocks,sa,112,112,1,1
fb_04,B91454,9,1,MASc KA 40 blocks,sa,112,112,1,1
fb_04,B92731,9,1,MASc KA 40 blocks,sa,112,112,1,1
fb_05,B92731,9,1,MASc KA 40 blocks,sa,112,112,1,1
fb_05,B92731,9,1,MASc KA 40 blocks,sa,112,112,1,1
fb_05,B92731,9,1,MASc KA 40 blocks,sa,112,112,1,1
fb_06,B86575,9,1,MASc KA 40 blocks,sa,112,112,1,1
fb_06,B91454,9,1,MASc KA 40 blocks,sa,112,112,1,1
fb_06,B92731,9,1,MASc KA 40 blocks,sa,112,112,1,1
fb_01,B82792,10,1,MASc KA 40 blocks,sa,112,112,1,1
fb_01,B91454,10,1,MASc KA 40 blocks,sa,112,112,1,1
fb_01,B92962,10,1,MASc KA 40 blocks,sa,112,112,1,1
fb_02,B77718,10,1,MASc KA 40 blocks,sa,112,112,1,1
fb_02,B77718,10,1,MASc KA 40 blocks,sa,112,112,1,1
fb_02,B88406,10,1,MASc KA 40 blocks,sa,112,112,1,1
fb_03,B86553,10,1,MASc KA 40 blocks,sa,112,112,1,1
fb_03,B86553,10,1,MASc KA 40 blocks,sa,112,112,1,1
fb_03,B86553,10,1,MASc KA 40 blocks,sa,112,112,1,1
fb_04,B77718,10,1,MASc KA 40 blocks,sa,112,112,1,1
fb_04,B77718,10,1,MASc KA 40 blocks,sa,112,112,1,1
fb_04,B92731,10,1,MASc KA 40 blocks,sa,112,112,1,1
fb_05,B77718,10,1,MASc KA 40 blocks,sa,112,112,1,1
fb_05,B88642,10,1,MASc KA 40 blocks,sa,112,112,1,1
fb_05,B92731,10,1,MASc KA 40 blocks,sa,112,112,1,1
fb_06,B92731,10,1,MASc KA 40 blocks,sa,112,112,1,1
fb_06,B92731,10,1,MASc KA 40 blocks,sa,112,112,1,1
fb_06,B92731,10,1,MASc KA 40 blocks,sa,112,112,1,1
fb_01,B77363,11,1,MASc KA 40 blocks,sa,112,112,1,1
fb_01,B78910,11,1,MASc KA 40 blocks,sa,112,112,1,1
fb_01,B82792,11,1,MASc KA 40 blocks,sa,112,112,1,1
fb_02,B86553,11,1,MASc KA 40 blocks,sa,112,112,1,1
fb_02,B86553,11,1,MASc KA 40 blocks,sa,112,112,1,1
fb_02,B86553,11,1,MASc KA 40 blocks,sa,112,112,1,1
fb_03,B86553,11,1,MASc KA 40 blocks,sa,112,112,1,1
fb_03,B86553,11,1,MASc KA 40 blocks,sa,112,112,1,1
fb_03,B86553,11,1,MASc KA 40 blocks,sa,112,112,1,1
fb_04,B77718,11,1,MASc KA 40 blocks,sa,112,112,1,1
fb_04,B88642,11,1,MASc KA 40 blocks,sa,112,112,1,1
fb_04,B88642,11,1,MASc KA 40 blocks,sa,112,112,1,1
fb_05,B77718,11,1,MASc KA 40 blocks,sa,112,112,1,1
fb_05,B92731,11,1,MASc KA 40 blocks,sa,112,112,1,1
fb_05,B92731,11,1,MASc KA 40 blocks,sa,112,112,1,1
fb_06,B92731,11,1,MASc KA 40 blocks,sa,112,112,1,1
fb_06,B92731,11,1,MASc KA 40 blocks,sa,112,112,1,1
fb_06,B95247,11,1,MASc KA 40 blocks,sa,112,112,1,1
fb_01,B77363,12,1,MASc KA 40 blocks,sa,112,112,1,1
fb_01,B77718,12,1,MASc KA 40 blocks,sa,112,112,1,1
fb_01,B88642,12,1,MASc KA 40 blocks,sa,112,112,1,1
fb_02,B77718,12,1,MASc KA 40 blocks,sa,112,112,1,1
fb_02,B86553,12,1,MASc KA 40 blocks,sa,112,112,1,1
fb_02,B86553,12,1,MASc KA 40 blocks,sa,112,112,1,1
fb_03,B86553,12,1,MASc KA 40 blocks,sa,112,112,1,1
fb_03,B86553,12,1,MASc KA 40 blocks,sa,112,112,1,1
fb_03,B86857,12,1,MASc KA 40 blocks,sa,112,112,1,1
fb_04,B91454,12,1,MASc KA 40 blocks,sa,112,112,1,1
fb_04,B92731,12,1,MASc KA 40 blocks,sa,112,112,1,1
fb_04,B92731,12,1,MASc KA 40 blocks,sa,112,112,1,1
fb_05,B77718,12,1,MASc KA 40 blocks,sa,112,112,1,1
fb_05,B86909,12,1,MASc KA 40 blocks,sa,112,112,1,1
fb_05,B92731,12,1,MASc KA 40 blocks,sa,112,112,1,1
fb_06,B88642,12,1,MASc KA 40 blocks,sa,112,112,1,1
fb_06,B92731,12,1,MASc KA 40 blocks,sa,112,112,1,1
fb_06,B92731,12,1,MASc KA 40 blocks,sa,112,112,1,1
fb_01,B78910,13,1,MASc KA 40 blocks,sa,112,112,1,1
fb_01,B82792,13,1,MASc KA 40 blocks,sa,112,112,1,1
fb_01,B91454,13,1,MASc KA 40 blocks,sa,112,112,1,1
fb_02,B86553,13,1,MASc KA 40 blocks,sa,112,112,1,1
fb_02,B86553,13,1,MASc KA 40 blocks,sa,112,112,1,1
fb_02,B86553,13,1,MASc KA 40 blocks,sa,112,112,1,1
fb_03,B77718,13,1,MASc KA 40 blocks,sa,112,112,1,1
fb_03,B86553,13,1,MASc KA 40 blocks,sa,112,112,1,1
fb_03,B95834,13,1,MASc KA 40 blocks,sa,112,112,1,1
fb_04,B77718,13,1,MASc KA 40 blocks,sa,112,112,1,1
fb_04,B88642,13,1,MASc KA 40 blocks,sa,112,112,1,1
fb_04,B91454,13,1,MASc KA 40 blocks,sa,112,112,1,1
fb_05,B91454,13,1,MASc KA 40 blocks,sa,112,112,1,1
fb_05,B92731,13,1,MASc KA 40 blocks,sa,112,112,1,1
fb_05,B95834,13,1,MASc KA 40 blocks,sa,112,112,1,1
fb_06,B91454,13,1,MASc KA 40 blocks,sa,112,112,1,1
fb_06,B92731,13,1,MASc KA 40 blocks,sa,112,112,1,1
fb_06,B92731,13,1,MASc KA 40 blocks,sa,112,112,1,1
fb_01,B77363,14,1,MASc KA 40 blocks,sa,112,112,1,1
fb_01,B78910,14,1,MASc KA 40 blocks,sa,112,112,1,1
fb_01,B82792,14,1,MASc KA 40 blocks,sa,112,112,1,1
fb_02,B86553,14,1,MASc KA 40 blocks,sa,112,112,1,1
fb_02,B86553,14,1,MASc KA 40 blocks,sa,112,112,1,1
fb_02,B86553,14,1,MASc KA 40 blocks,sa,112,112,1,1
fb_03,B86553,14,1,MASc KA 40 blocks,sa,112,112,1,1
fb_03,B86553,14,1,MASc KA 40 blocks,sa,112,112,1,1
fb_03,B95247,14,1,MASc KA 40 blocks,sa,112,112,1,1
fb_04,B86857,14,1,MASc KA 40 blocks,sa,112,112,1,1
fb_04,B88642,14,1,MASc KA 40 blocks,sa,112,112,1,1
fb_04,B92731,14,1,MASc KA 40 blocks,sa,112,112,1,1
fb_05,B77718,14,1,MASc KA 40 blocks,sa,112,112,1,1
fb_05,B92731,14,1,MASc KA 40 blocks,sa,112,112,1,1
fb_05,B92731,14,1,MASc KA 40 blocks,sa,112,112,1,1
fb_06,B77718,14,1,MASc KA 40 blocks,sa,112,112,1,1
fb_06,B88642,14,1,MASc KA 40 blocks,sa,112,112,1,1
fb_06,B91454,14,1,MASc KA 40 blocks,sa,112,112,1,1
fb_01,B78910,15,1,MASc KA 40 blocks,sa,112,112,1,1
fb_01,B82792,15,1,MASc KA 40 blocks,sa,112,112,1,1
fb_01,B91454,15,1,MASc KA 40 blocks,sa,112,112,1,1
fb_02,B86553,15,1,MASc KA 40 blocks,sa,112,112,1,1
fb_02,B86553,15,1,MASc KA 40 blocks,sa,112,112,1,1
fb_02,B86553,15,1,MASc KA 40 blocks,sa,112,112,1,1
fb_03,B86553,15,1,MASc KA 40 blocks,sa,112,112,1,1
fb_03,B86553,15,1,MASc KA 40 blocks,sa,112,112,1,1
fb_03,B86553,15,1,MASc KA 40 blocks,sa,112,112,1,1
fb_04,B77718,15,1,MASc KA 40 blocks,sa,112,112,1,1
fb_04,B92731,15,1,MASc KA 40 blocks,sa,112,112,1,1
fb_04,B92731,15,1,MASc KA 40 blocks,sa,112,112,1,1
fb_05,B88642,15,1,MASc KA 40 blocks,sa,112,112,1,1
fb_05,B92731,15,1,MASc KA 40 blocks,sa,112,112,1,1
fb_05,B92731,15,1,MASc KA 40 blocks,sa,112,112,1,1
fb_06,B77718,15,1,MASc KA 40 blocks,sa,112,112,1,1
fb_06,B88642,15,1,MASc KA 40 blocks,sa,112,112,1,1
fb_06,B91777,15,1,MASc KA 40 blocks,sa,112,112,1,1
fb_01,B77718,16,1,MASc KA 40 blocks,sa,112,112,1,1
fb_01,B77718,16,1,MASc KA 40 blocks,sa,112,112,1,1
fb_01,B78910,16,1,MASc KA 40 blocks,sa,112,112,1,1
fb_02,B86553,16,1,MASc KA 40 blocks,sa,112,112,1,1
fb_02,B86553,16,1,MASc KA 40 blocks,sa,112,112,1,1
fb_02,B86553,16,1,MASc KA 40 blocks,sa,112,112,1,1
fb_03,B86553,16,1,MASc KA 40 blocks,sa,112,112,1,1
fb_03,B86553,16,1,MASc KA 40 blocks,sa,112,112,1,1
fb_03,B95834,16,1,MASc KA 40 blocks,sa,112,112,1,1
fb_04,B77718,16,1,MASc KA 40 blocks,sa,112,112,1,1
fb_04,B92731,16,1,MASc KA 40 blocks,sa,112,112,1,1
fb_04,B95247,16,1,MASc KA 40 blocks,sa,112,112,1,1
fb_05,B77718,16,1,MASc KA 40 blocks,sa,112,112,1,1
fb_05,B88642,16,1,MASc KA 40 blocks,sa,112,112,1,1
fb_05,B92731,16,1,MASc KA 40 blocks,sa,112,112,1,1
fb_06,B77718,16,1,MASc KA 40 blocks,sa,112,112,1,1
fb_06,B88642,16,1,MASc KA 40 blocks,sa,112,112,1,1
fb_06,B92731,16,1,MASc KA 40 blocks,sa,112,112,1,1
fb_01,B77718,17,1,MASc KA 40 blocks,sa,112,112,1,1
fb_01,B78910,17,1,MASc KA 40 blocks,sa,112,112,1,1
fb_01,B96294,17,1,MASc KA 40 blocks,sa,112,112,1,1
fb_02,B77718,17,1,MASc KA 40 blocks,sa,112,112,1,1
fb_02,B77718,17,1,MASc KA 40 blocks,sa,112,112,1,1
fb_02,B86553,17,1,MASc KA 40 blocks,sa,112,112,1,1
fb_03,B86553,17,1,MASc KA 40 blocks,sa,112,112,1,1
fb_03,B86553,17,1,MASc KA 40 blocks,sa,112,112,1,1
fb_03,B86553,17,1,MASc KA 40 blocks,sa,112,112,1,1
fb_04,B88642,17,1,MASc KA 40 blocks,sa,112,112,1,1
fb_04,B91777,17,1,MASc KA 40 blocks,sa,112,112,1,1
fb_04,B92731,17,1,MASc KA 40 blocks,sa,112,112,1,1
fb_05,B77718,17,1,MASc KA 40 blocks,sa,112,112,1,1
fb_05,B92731,17,1,MASc KA 40 blocks,sa,112,112,1,1
fb_05,B92731,17,1,MASc KA 40 blocks,sa,112,112,1,1
fb_06,B77718,17,1,MASc KA 40 blocks,sa,112,112,1,1
fb_06,B77718,17,1,MASc KA 40 blocks,sa,112,112,1,1
fb_06,B91173,17,1,MASc KA 40 blocks,sa,112,112,1,1
fb_01,B77718,18,1,MASc KA 40 blocks,sa,112,112,1,1
fb_01,B77718,18,1,MASc KA 40 blocks,sa,112,112,1,1
fb_01,B78910,18,1,MASc KA 40 blocks,sa,112,112,1,1
fb_02,B77718,18,1,MASc KA 40 blocks,sa,112,112,1,1
fb_02,B86553,18,1,MASc KA 40 blocks,sa,112,112,1,1
fb_02,B86553,18,1,MASc KA 40 blocks,sa,112,112,1,1
fb_03,B86553,18,1,MASc KA 40 blocks,sa,112,112,1,1
fb_03,B86553,18,1,MASc KA 40 blocks,sa,112,112,1,1
fb_03,B86553,18,1,MASc KA 40 blocks,sa,112,112,1,1
fb_04,B86857,18,1,MASc KA 40 blocks,sa,112,112,1,1
fb_04,B91777,18,1,MASc KA 40 blocks,sa,112,112,1,1
fb_04,B92731,18,1,MASc KA 40 blocks,sa,112,112,1,1
fb_05,B86857,18,1,MASc KA 40 blocks,sa,112,112,1,1
fb_05,B92731,18,1,MASc KA 40 blocks,sa,112,112,1,1
fb_05,B92731,18,1,MASc KA 40 blocks,sa,112,112,1,1
fb_06,B88642,18,1,MASc KA 40 blocks,sa,112,112,1,1
fb_06,B88642,18,1,MASc KA 40 blocks,sa,112,112,1,1
fb_06,B92731,18,1,MASc KA 40 blocks,sa,112,112,1,1
fb_01,B78910,19,1,MASc KA 40 blocks,sa,112,112,1,1
fb_01,B82792,19,1,MASc KA 40 blocks,sa,112,112,1,1
fb_01,B92731,19,1,MASc KA 40 blocks,sa,112,112,1,1
fb_02,B77718,19,1,MASc KA 40 blocks,sa,112,112,1,1
fb_02,B86553,19,1,MASc KA 40 blocks,sa,112,112,1,1
fb_02,B86553,19,1,MASc KA 40 blocks,sa,112,112,1,1
fb_03,B86553,19,1,MASc KA 40 blocks,sa,112,112,1,1
fb_03,B86553,19,1,MASc KA 40 blocks,sa,112,112,1,1
fb_03,B86553,19,1,MASc KA 40 blocks,sa,112,112,1,1
fb_04,B77718,19,1,MASc KA 40 blocks,sa,112,112,1,1
fb_04,B77718,19,1,MASc KA 40 blocks,sa,112,112,1,1
fb_04,B91223,19,1,MASc KA 40 blocks,sa,112,112,1,1
fb_05,B77718,19,1,MASc KA 40 blocks,sa,112,112,1,1
fb_05,B88642,19,1,MASc KA 40 blocks,sa,112,112,1,1
fb_05,B92731,19,1,MASc KA 40 blocks,sa,112,112,1,1
fb_06,B88642,19,1,MASc KA 40 blocks,sa,112,112,1,1
fb_06,B91454,19,1,MASc KA 40 blocks,sa,112,112,1,1
fb_06,B91454,19,1,MASc KA 40 blocks,sa,112,112,1,1
fb_01,B77718,20,1,MASc KA 40 blocks,sa,112,112,1,1
fb_01,B77718,20,1,MASc KA 40 blocks,sa,112,112,1,1
fb_01,B91454,20,1,MASc KA 40 blocks,sa,112,112,1,1
fb_02,B77718,20,1,MASc KA 40 blocks,sa,112,112,1,1
fb_02,B86553,20,1,MASc KA 40 blocks,sa,112,112,1,1
fb_02,B95247,20,1,MASc KA 40 blocks,sa,112,112,1,1
fb_03,B86553,20,1,MASc KA 40 blocks,sa,112,112,1,1
fb_03,B86553,20,1,MASc KA 40 blocks,sa,112,112,1,1
fb_03,B91454,20,1,MASc KA 40 blocks,sa,112,112,1,1
fb_04,B77718,20,1,MASc KA 40 blocks,sa,112,112,1,1
fb_04,B92731,20,1,MASc KA 40 blocks,sa,112,112,1,1
fb_04,B92731,20,1,MASc KA 40 blocks,sa,112,112,1,1
fb_05,B77718,20,1,MASc KA 40 blocks,sa,112,112,1,1
fb_05,B88642,20,1,MASc KA 40 blocks,sa,112,112,1,1
fb_05,B92731,20,1,MASc KA 40 blocks,sa,112,112,1,1
fb_06,B79027,20,1,MASc KA 40 blocks,sa,112,112,1,1
fb_06,B88642,20,1,MASc KA 40 blocks,sa,112,112,1,1
fb_06,B92731,20,1,MASc KA 40 blocks,sa,112,112,1,1
fb_01,B77718,21,1,MASc KA 40 blocks,sa,112,112,1,1
fb_01,B78910,21,1,MASc KA 40 blocks,sa,112,112,1,1
fb_01,B86857,21,1,MASc KA 40 blocks,sa,112,112,1,1
fb_02,B77718,21,1,MASc KA 40 blocks,sa,112,112,1,1
fb_02,B86553,21,1,MASc KA 40 blocks,sa,112,112,1,1
fb_02,B86553,21,1,MASc KA 40 blocks,sa,112,112,1,1
fb_03,B86553,21,1,MASc KA 40 blocks,sa,112,112,1,1
fb_03,B86553,21,1,MASc KA 40 blocks,sa,112,112,1,1
fb_03,B86553,21,1,MASc KA 40 blocks,sa,112,112,1,1
fb_04,B88642,21,1,MASc KA 40 blocks,sa,112,112,1,1
fb_04,B92731,21,1,MASc KA 40 blocks,sa,112,112,1,1
fb_04,B92731,21,1,MASc KA 40 blocks,sa,112,112,1,1
fb_05,B92731,21,1,MASc KA 40 blocks,sa,112,112,1,1
fb_05,B92731,21,1,MASc KA 40 blocks,sa,112,112,1,1
fb_05,B92731,21,1,MASc KA 40 blocks,sa,112,112,1,1
fb_06,B77718,21,1,MASc KA 40 blocks,sa,112,112,1,1
fb_06,B86575,21,1,MASc KA 40 blocks,sa,112,112,1,1
fb_06,B92731,21,1,MASc KA 40 blocks,sa,112,112,1,1
fb_01,B78910,22,1,MASc KA 40 blocks,sa,112,112,1,1
fb_01,B91454,22,1,MASc KA 40 blocks,sa,112,112,1,1
fb_01,B91777,22,1,MASc KA 40 blocks,sa,112,112,1,1
fb_02,B86553,22,1,MASc KA 40 blocks,sa,112,112,1,1
fb_02,B86553,22,1,MASc KA 40 blocks,sa,112,112,1,1
fb_02,B86553,22,1,MASc KA 40 blocks,sa,112,112,1,1
fb_03,B77718,22,1,MASc KA 40 blocks,sa,112,112,1,1
fb_03,B86553,22,1,MASc KA 40 blocks,sa,112,112,1,1
fb_03,B94657,22,1,MASc KA 40 blocks,sa,112,112,1,1
fb_04,B88642,22,1,MASc KA 40 blocks,sa,112,112,1,1
fb_04,B88901,22,1,MASc KA 40 blocks,sa,112,112,1,1
fb_04,B92731,22,1,MASc KA 40 blocks,sa,112,112,1,1
fb_05,B76352,22,1,MASc KA 40 blocks,sa,112,112,1,1
fb_05,B77718,22,1,MASc KA 40 blocks,sa,112,112,1,1
fb_05,B92731,22,1,MASc KA 40 blocks,sa,112,112,1,1
fb_06,B77718,22,1,MASc KA 40 blocks,sa,112,112,1,1
fb_06,B91247,22,1,MASc KA 40 blocks,sa,112,112,1,1
fb_06,B92731,22,1,MASc KA 40 blocks,sa,112,112,1,1
fb_01,B77718,23,1,MASc KA 40 blocks,sa,112,112,1,1
fb_01,B78910,23,1,MASc KA 40 blocks,sa,112,112,1,1
fb_01,B86909,23,1,MASc KA 40 blocks,sa,112,112,1,1
fb_02,B77718,23,1,MASc KA 40 blocks,sa,112,112,1,1
fb_02,B77718,23,1,MASc KA 40 blocks,sa,112,112,1,1
fb_02,B86553,23,1,MASc KA 40 blocks,sa,112,112,1,1
fb_03,B77718,23,1,MASc KA 40 blocks,sa,112,112,1,1
fb_03,B86553,23,1,MASc KA 40 blocks,sa,112,112,1,1
fb_03,B86857,23,1,MASc KA 40 blocks,sa,112,112,1,1
fb_04,B86909,23,1,MASc KA 40 blocks,sa,112,112,1,1
fb_04,B91454,23,1,MASc KA 40 blocks,sa,112,112,1,1
fb_04,B92731,23,1,MASc KA 40 blocks,sa,112,112,1,1
fb_05,B77718,23,1,MASc KA 40 blocks,sa,112,112,1,1
fb_05,B88642,23,1,MASc KA 40 blocks,sa,112,112,1,1
fb_05,B92731,23,1,MASc KA 40 blocks,sa,112,112,1,1
fb_06,B86909,23,1,MASc KA 40 blocks,sa,112,112,1,1
fb_06,B88642,23,1,MASc KA 40 blocks,sa,112,112,1,1
fb_06,B92731,23,1,MASc KA 40 blocks,sa,112,112,1,1
fb_01,B76319,24,1,MASc KA 40 blocks,sa,112,112,1,1
fb_01,B77363,24,1,MASc KA 40 blocks,sa,112,112,1,1
fb_01,B91454,24,1,MASc KA 40 blocks,sa,112,112,1,1
fb_02,B86553,24,1,MASc KA 40 blocks,sa,112,112,1,1
fb_02,B86553,24,1,MASc KA 40 blocks,sa,112,112,1,1
fb_02,B91247,24,1,MASc KA 40 blocks,sa,112,112,1,1
fb_03,B86553,24,1,MASc KA 40 blocks,sa,112,112,1,1
fb_03,B86553,24,1,MASc KA 40 blocks,sa,112,112,1,1
fb_03,B86553,24,1,MASc KA 40 blocks,sa,112,112,1,1
fb_04,B88642,24,1,MASc KA 40 blocks,sa,112,112,1,1
fb_04,B92731,24,1,MASc KA 40 blocks,sa,112,112,1,1
fb_04,B92731,24,1,MASc KA 40 blocks,sa,112,112,1,1
fb_05,B77718,24,1,MASc KA 40 blocks,sa,112,112,1,1
fb_05,B88642,24,1,MASc KA 40 blocks,sa,112,112,1,1
fb_05,B96294,24,1,MASc KA 40 blocks,sa,112,112,1,1
fb_06,B91454,24,1,MASc KA 40 blocks,sa,112,112,1,1
fb_06,B92731,24,1,MASc KA 40 blocks,sa,112,112,1,1
fb_06,B92731,24,1,MASc KA 40 blocks,sa,112,112,1,1
fb_01,B76319,25,1,MASc KA 40 blocks,sa,112,112,1,1
fb_01,B78910,25,1,MASc KA 40 blocks,sa,112,112,1,1
fb_01,B82792,25,1,MASc KA 40 blocks,sa,112,112,1,1
fb_02,B78567,25,1,MASc KA 40 blocks,sa,112,112,1,1
fb_02,B86553,25,1,MASc KA 40 blocks,sa,112,112,1,1
fb_02,B86553,25,1,MASc KA 40 blocks,sa,112,112,1,1
fb_03,B86553,25,1,MASc KA 40 blocks,sa,112,112,1,1
fb_03,B86553,25,1,MASc KA 40 blocks,sa,112,112,1,1
fb_03,B86553,25,1,MASc KA 40 blocks,sa,112,112,1,1
fb_04,B92731,25,1,MASc KA 40 blocks,sa,112,112,1,1
fb_04,B92731,25,1,MASc KA 40 blocks,sa,112,112,1,1
fb_04,B94657,25,1,MASc KA 40 blocks,sa,112,112,1,1
fb_05,B88642,25,1,MASc KA 40 blocks,sa,112,112,1,1
fb_05,B91454,25,1,MASc KA 40 blocks,sa,112,112,1,1
fb_05,B92731,25,1,MASc KA 40 blocks,sa,112,112,1,1
fb_06,B77718,25,1,MASc KA 40 blocks,sa,112,112,1,1
fb_06,B92731,25,1,MASc KA 40 blocks,sa,112,112,1,1
fb_06,B92731,25,1,MASc KA 40 blocks,sa,112,112,1,1
fb_01,B77363,26,1,MASc KA 40 blocks,sa,112,112,1,1
fb_01,B78910,26,1,MASc KA 40 blocks,sa,112,112,1,1
fb_01,B82792,26,1,MASc KA 40 blocks,sa,112,112,1,1
fb_02,B77718,26,1,MASc KA 40 blocks,sa,112,112,1,1
fb_02,B86553,26,1,MASc KA 40 blocks,sa,112,112,1,1
fb_02,B86909,26,1,MASc KA 40 blocks,sa,112,112,1,1
fb_03,B76319,26,1,MASc KA 40 blocks,sa,112,112,1,1
fb_03,B77718,26,1,MASc KA 40 blocks,sa,112,112,1,1
fb_03,B86553,26,1,MASc KA 40 blocks,sa,112,112,1,1
fb_04,B77718,26,1,MASc KA 40 blocks,sa,112,112,1,1
fb_04,B91454,26,1,MASc KA 40 blocks,sa,112,112,1,1
fb_04,B92731,26,1,MASc KA 40 blocks,sa,112,112,1,1
fb_05,B88642,26,1,MASc KA 40 blocks,sa,112,112,1,1
fb_05,B92731,26,1,MASc KA 40 blocks,sa,112,112,1,1
fb_05,B92731,26,1,MASc KA 40 blocks,sa,112,112,1,1
fb_06,B77718,26,1,MASc KA 40 blocks,sa,112,112,1,1
fb_06,B86909,26,1,MASc KA 40 blocks,sa,112,112,1,1
fb_06,B92731,26,1,MASc KA 40 blocks,sa,112,112,1,1
fb_01,B77718,27,1,MASc KA 40 blocks,sa,112,112,1,1
fb_01,B78910,27,1,MASc KA 40 blocks,sa,112,112,1,1
fb_01,B86857,27,1,MASc KA 40 blocks,sa,112,112,1,1
fb_02,B86553,27,1,MASc KA 40 blocks,sa,112,112,1,1
fb_02,B86553,27,1,MASc KA 40 blocks,sa,112,112,1,1
fb_02,B86553,27,1,MASc KA 40 blocks,sa,112,112,1,1
fb_03,B77718,27,1,MASc KA 40 blocks,sa,112,112,1,1
fb_03,B86553,27,1,MASc KA 40 blocks,sa,112,112,1,1
fb_03,B86553,27,1,MASc KA 40 blocks,sa,112,112,1,1
fb_04,B76319,27,1,MASc KA 40 blocks,sa,112,112,1,1
fb_04,B92731,27,1,MASc KA 40 blocks,sa,112,112,1,1
fb_04,B92731,27,1,MASc KA 40 blocks,sa,112,112,1,1
fb_05,B91454,27,1,MASc KA 40 blocks,sa,112,112,1,1
fb_05,B92731,27,1,MASc KA 40 blocks,sa,112,112,1,1
fb_05,B94657,27,1,MASc KA 40 blocks,sa,112,112,1,1
fb_06,B77718,27,1,MASc KA 40 blocks,sa,112,112,1,1
fb_06,B77718,27,1,MASc KA 40 blocks,sa,112,112,1,1
fb_06,B91454,27,1,MASc KA 40 blocks,sa,112,112,1,1
fb_01,B77718,28,1,MASc KA 40 blocks,sa,112,112,1,1
fb_01,B77718,28,1,MASc KA 40 blocks,sa,112,112,1,1
fb_01,B86553,28,1,MASc KA 40 blocks,sa,112,112,1,1
fb_02,B86553,28,1,MASc KA 40 blocks,sa,112,112,1,1
fb_02,B86553,28,1,MASc KA 40 blocks,sa,112,112,1,1
fb_02,B86553,28,1,MASc KA 40 blocks,sa,112,112,1,1
fb_03,B86553,28,1,MASc KA 40 blocks,sa,112,112,1,1
fb_03,B92731,28,1,MASc KA 40 blocks,sa,112,112,1,1
fb_03,B94657,28,1,MASc KA 40 blocks,sa,112,112,1,1
fb_04,B88642,28,1,MASc KA 40 blocks,sa,112,112,1,1
fb_04,B92731,28,1,MASc KA 40 blocks,sa,112,112,1,1
fb_04,B92731,28,1,MASc KA 40 blocks,sa,112,112,1,1
fb_05,B88642,28,1,MASc KA 40 blocks,sa,112,112,1,1
fb_05,B92731,28,1,MASc KA 40 blocks,sa,112,112,1,1
fb_05,B92731,28,1,MASc KA 40 blocks,sa,112,112,1,1
fb_06,B77718,28,1,MASc KA 40 blocks,sa,112,112,1,1
fb_06,B88406,28,1,MASc KA 40 blocks,sa,112,112,1,1
fb_06,B92731,28,1,MASc KA 40 blocks,sa,112,112,1,1
fb_01,B78910,29,1,MASc KA 40 blocks,sa,112,112,1,1
fb_01,B82792,29,1,MASc KA 40 blocks,sa,112,112,1,1
fb_01,B95834,29,1,MASc KA 40 blocks,sa,112,112,1,1
fb_02,B86553,29,1,MASc KA 40 blocks,sa,112,112,1,1
fb_02,B92912,29,1,MASc KA 40 blocks,sa,112,112,1,1
fb_02,B92962,29,1,MASc KA 40 blocks,sa,112,112,1,1
fb_03,B77718,29,1,MASc KA 40 blocks,sa,112,112,1,1
fb_03,B77718,29,1,MASc KA 40 blocks,sa,112,112,1,1
fb_03,B77718,29,1,MASc KA 40 blocks,sa,112,112,1,1
fb_04,B77718,29,1,MASc KA 40 blocks,sa,112,112,1,1
fb_04,B77718,29,1,MASc KA 40 blocks,sa,112,112,1,1
fb_04,B88642,29,1,MASc KA 40 blocks,sa,112,112,1,1
fb_05,B88642,29,1,MASc KA 40 blocks,sa,112,112,1,1
fb_05,B92731,29,1,MASc KA 40 blocks,sa,112,112,1,1
fb_05,B94657,29,1,MASc KA 40 blocks,sa,112,112,1,1
fb_06,B92731,29,1,MASc KA 40 blocks,sa,112,112,1,1
fb_06,B92731,29,1,MASc KA 40 blocks,sa,112,112,1,1
fb_06,B92731,29,1,MASc KA 40 blocks,sa,112,112,1,1
fb_01,B78910,30,1,MASc KA 40 blocks,sa,112,112,1,1
fb_01,B82792,30,1,MASc KA 40 blocks,sa,112,112,1,1
fb_01,B88406,30,1,MASc KA 40 blocks,sa,112,112,1,1
fb_02,B86553,30,1,MASc KA 40 blocks,sa,112,112,1,1
fb_02,B86553,30,1,MASc KA 40 blocks,sa,112,112,1,1
fb_02,B86553,30,1,MASc KA 40 blocks,sa,112,112,1,1
fb_03,B86553,30,1,MASc KA 40 blocks,sa,112,112,1,1
fb_03,B86553,30,1,MASc KA 40 blocks,sa,112,112,1,1
fb_03,B86553,30,1,MASc KA 40 blocks,sa,112,112,1,1
fb_04,B88406,30,1,MASc KA 40 blocks,sa,112,112,1,1
fb_04,B92731,30,1,MASc KA 40 blocks,sa,112,112,1,1
fb_04,B92912,30,1,MASc KA 40 blocks,sa,112,112,1,1
fb_05,B88642,30,1,MASc KA 40 blocks,sa,112,112,1,1
fb_05,B92731,30,1,MASc KA 40 blocks,sa,112,112,1,1
fb_05,B92962,30,1,MASc KA 40 blocks,sa,112,112,1,1
fb_06,B77718,30,1,MASc KA 40 blocks,sa,112,112,1,1
fb_06,B77718,30,1,MASc KA 40 blocks,sa,112,112,1,1
fb_06,B88642,30,1,MASc KA 40 blocks,sa,112,112,1,1
fb_01,B77718,31,1,MASc KA 40 blocks,sa,112,112,1,1
fb_01,B78910,31,1,MASc KA 40 blocks,sa,112,112,1,1
fb_01,B86857,31,1,MASc KA 40 blocks,sa,112,112,1,1
fb_02,B86553,31,1,MASc KA 40 blocks,sa,112,112,1,1
fb_02,B86553,31,1,MASc KA 40 blocks,sa,112,112,1,1
fb_02,B86553,31,1,MASc KA 40 blocks,sa,112,112,1,1
fb_03,B77718,31,1,MASc KA 40 blocks,sa,112,112,1,1
fb_03,B86553,31,1,MASc KA 40 blocks,sa,112,112,1,1
fb_03,B86553,31,1,MASc KA 40 blocks,sa,112,112,1,1
fb_04,B77718,31,1,MASc KA 40 blocks,sa,112,112,1,1
fb_04,B77718,31,1,MASc KA 40 blocks,sa,112,112,1,1
fb_04,B77718,31,1,MASc KA 40 blocks,sa,112,112,1,1
fb_05,B77718,31,1,MASc KA 40 blocks,sa,112,112,1,1
fb_05,B88642,31,1,MASc KA 40 blocks,sa,112,112,1,1
fb_05,B88642,31,1,MASc KA 40 blocks,sa,112,112,1,1
fb_06,B86857,31,1,MASc KA 40 blocks,sa,112,112,1,1
fb_06,B92731,31,1,MASc KA 40 blocks,sa,112,112,1,1
fb_06,B92731,31,1,MASc KA 40 blocks,sa,112,112,1,1
fb_01,B77363,32,1,MASc KA 40 blocks,sa,112,112,1,1
fb_01,B77718,32,1,MASc KA 40 blocks,sa,112,112,1,1
fb_01,B86909,32,1,MASc KA 40 blocks,sa,112,112,1,1
fb_02,B77718,32,1,MASc KA 40 blocks,sa,112,112,1,1
fb_02,B77718,32,1,MASc KA 40 blocks,sa,112,112,1,1
fb_02,B86553,32,1,MASc KA 40 blocks,sa,112,112,1,1
fb_03,B76319,32,1,MASc KA 40 blocks,sa,112,112,1,1
fb_03,B86553,32,1,MASc KA 40 blocks,sa,112,112,1,1
fb_03,B86553,32,1,MASc KA 40 blocks,sa,112,112,1,1
fb_04,B86857,32,1,MASc KA 40 blocks,sa,112,112,1,1
fb_04,B88642,32,1,MASc KA 40 blocks,sa,112,112,1,1
fb_04,B98430,32,1,MASc KA 40 blocks,sa,112,112,1,1
fb_05,B88642,32,1,MASc KA 40 blocks,sa,112,112,1,1
fb_05,B92731,32,1,MASc KA 40 blocks,sa,112,112,1,1
fb_05,B92731,32,1,MASc KA 40 blocks,sa,112,112,1,1
fb_06,B77252,32,1,MASc KA 40 blocks,sa,112,112,1,1
fb_06,B92731,32,1,MASc KA 40 blocks,sa,112,112,1,1
fb_06,B92731,32,1,MASc KA 40 blocks,sa,112,112,1,1
fb_01,B77718,33,1,MASc KA 40 blocks,sa,112,112,1,1
fb_01,B86857,33,1,MASc KA 40 blocks,sa,112,112,1,1
fb_01,B94657,33,1,MASc KA 40 blocks,sa,112,112,1,1
fb_02,B77718,33,1,MASc KA 40 blocks,sa,112,112,1,1
fb_02,B86553,33,1,MASc KA 40 blocks,sa,112,112,1,1
fb_02,B86553,33,1,MASc KA 40 blocks,sa,112,112,1,1
fb_03,B86553,33,1,MASc KA 40 blocks,sa,112,112,1,1
fb_03,B86553,33,1,MASc KA 40 blocks,sa,112,112,1,1
fb_03,B91247,33,1,MASc KA 40 blocks,sa,112,112,1,1
fb_04,B76319,33,1,MASc KA 40 blocks,sa,112,112,1,1
fb_04,B88642,33,1,MASc KA 40 blocks,sa,112,112,1,1
fb_04,B92731,33,1,MASc KA 40 blocks,sa,112,112,1,1
fb_05,B77718,33,1,MASc KA 40 blocks,sa,112,112,1,1
fb_05,B88642,33,1,MASc KA 40 blocks,sa,112,112,1,1
fb_05,B92731,33,1,MASc KA 40 blocks,sa,112,112,1,1
fb_06,B76319,33,1,MASc KA 40 blocks,sa,112,112,1,1
fb_06,B77718,33,1,MASc KA 40 blocks,sa,112,112,1,1
fb_06,B92731,33,1,MASc KA 40 blocks,sa,112,112,1,1
fb_01,B77718,34,1,MASc KA 40 blocks,sa,112,112,1,1
fb_01,B77718,34,1,MASc KA 40 blocks,sa,112,112,1,1
fb_01,B86857,34,1,MASc KA 40 blocks,sa,112,112,1,1
fb_02,B86553,34,1,MASc KA 40 blocks,sa,112,112,1,1
fb_02,B86553,34,1,MASc KA 40 blocks,sa,112,112,1,1
fb_02,B86909,34,1,MASc KA 40 blocks,sa,112,112,1,1
fb_03,B77718,34,1,MASc KA 40 blocks,sa,112,112,1,1
fb_03,B77718,34,1,MASc KA 40 blocks,sa,112,112,1,1
fb_03,B86553,34,1,MASc KA 40 blocks,sa,112,112,1,1
fb_04,B77718,34,1,MASc KA 40 blocks,sa,112,112,1,1
fb_04,B88642,34,1,MASc KA 40 blocks,sa,112,112,1,1
fb_04,B92731,34,1,MASc KA 40 blocks,sa,112,112,1,1
fb_05,B91247,34,1,MASc KA 40 blocks,sa,112,112,1,1
fb_05,B91247,34,1,MASc KA 40 blocks,sa,112,112,1,1
fb_05,B92731,34,1,MASc KA 40 blocks,sa,112,112,1,1
fb_06,B92731,34,1,MASc KA 40 blocks,sa,112,112,1,1
fb_06,B92731,34,1,MASc KA 40 blocks,sa,112,112,1,1
fb_06,B94657,34,1,MASc KA 40 blocks,sa,112,112,1,1
fb_01,B76319,35,1,MASc KA 40 blocks,sa,112,112,1,1
fb_01,B77363,35,1,MASc KA 40 blocks,sa,112,112,1,1
fb_01,B91247,35,1,MASc KA 40 blocks,sa,112,112,1,1
fb_02,B86553,35,1,MASc KA 40 blocks,sa,112,112,1,1
fb_02,B86553,35,1,MASc KA 40 blocks,sa,112,112,1,1
fb_02,B92962,35,1,MASc KA 40 blocks,sa,112,112,1,1
fb_03,B86553,35,1,MASc KA 40 blocks,sa,112,112,1,1
fb_03,B86553,35,1,MASc KA 40 blocks,sa,112,112,1,1
fb_03,B86909,35,1,MASc KA 40 blocks,sa,112,112,1,1
fb_04,B77718,35,1,MASc KA 40 blocks,sa,112,112,1,1
fb_04,B77718,35,1,MASc KA 40 blocks,sa,112,112,1,1
fb_04,B96294,35,1,MASc KA 40 blocks,sa,112,112,1,1
fb_05,B77718,35,1,MASc KA 40 blocks,sa,112,112,1,1
fb_05,B86909,35,1,MASc KA 40 blocks,sa,112,112,1,1
fb_05,B92731,35,1,MASc KA 40 blocks,sa,112,112,1,1
fb_06,B77718,35,1,MASc KA 40 blocks,sa,112,112,1,1
fb_06,B92731,35,1,MASc KA 40 blocks,sa,112,112,1,1
fb_06,B92731,35,1,MASc KA 40 blocks,sa,112,112,1,1
fb_01,B78910,36,1,MASc KA 40 blocks,sa,112,112,1,1
fb_01,B82792,36,1,MASc KA 40 blocks,sa,112,112,1,1
fb_01,B86553,36,1,MASc KA 40 blocks,sa,112,112,1,1
fb_02,B77718,36,1,MASc KA 40 blocks,sa,112,112,1,1
fb_02,B86553,36,1,MASc KA 40 blocks,sa,112,112,1,1
fb_02,B86553,36,1,MASc KA 40 blocks,sa,112,112,1,1
fb_03,B77718,36,1,MASc KA 40 blocks,sa,112,112,1,1
fb_03,B86553,36,1,MASc KA 40 blocks,sa,112,112,1,1
fb_03,B88642,36,1,MASc KA 40 blocks,sa,112,112,1,1
fb_04,B77718,36,1,MASc KA 40 blocks,sa,112,112,1,1
fb_04,B88642,36,1,MASc KA 40 blocks,sa,112,112,1,1
fb_04,B92731,36,1,MASc KA 40 blocks,sa,112,112,1,1
fb_05,B77718,36,1,MASc KA 40 blocks,sa,112,112,1,1
fb_05,B91247,36,1,MASc KA 40 blocks,sa,112,112,1,1
fb_05,B92731,36,1,MASc KA 40 blocks,sa,112,112,1,1
fb_06,B76319,36,1,MASc KA 40 blocks,sa,112,112,1,1
fb_06,B77718,36,1,MASc KA 40 blocks,sa,112,112,1,1
fb_06,B86575,36,1,MASc KA 40 blocks,sa,112,112,1,1
fb_01,B76352,37,1,MASc KA 40 blocks,sa,112,112,1,1
fb_01,B78910,37,1,MASc KA 40 blocks,sa,112,112,1,1
fb_01,B92912,37,1,MASc KA 40 blocks,sa,112,112,1,1
fb_02,B77718,37,1,MASc KA 40 blocks,sa,112,112,1,1
fb_02,B86553,37,1,MASc KA 40 blocks,sa,112,112,1,1
fb_02,B86909,37,1,MASc KA 40 blocks,sa,112,112,1,1
fb_03,B86553,37,1,MASc KA 40 blocks,sa,112,112,1,1
fb_03,B86553,37,1,MASc KA 40 blocks,sa,112,112,1,1
fb_03,B86553,37,1,MASc KA 40 blocks,sa,112,112,1,1
fb_04,B76352,37,1,MASc KA 40 blocks,sa,112,112,1,1
fb_04,B92731,37,1,MASc KA 40 blocks,sa,112,112,1,1
fb_04,B92731,37,1,MASc KA 40 blocks,sa,112,112,1,1
fb_05,B88406,37,1,MASc KA 40 blocks,sa,112,112,1,1
fb_05,B92731,37,1,MASc KA 40 blocks,sa,112,112,1,1
fb_05,B92731,37,1,MASc KA 40 blocks,sa,112,112,1,1
fb_06,B77718,37,1,MASc KA 40 blocks,sa,112,112,1,1
fb_06,B88642,37,1,MASc KA 40 blocks,sa,112,112,1,1
fb_06,B92731,37,1,MASc KA 40 blocks,sa,112,112,1,1
fb_01,B82792,38,1,MASc KA 40 blocks,sa,112,112,1,1
fb_01,B86909,38,1,MASc KA 40 blocks,sa,112,112,1,1
fb_01,B88642,38,1,MASc KA 40 blocks,sa,112,112,1,1
fb_02,B77718,38,1,MASc KA 40 blocks,sa,112,112,1,1
fb_02,B77718,38,1,MASc KA 40 blocks,sa,112,112,1,1
fb_02,B86553,38,1,MASc KA 40 blocks,sa,112,112,1,1
fb_03,B86553,38,1,MASc KA 40 blocks,sa,112,112,1,1
fb_03,B86553,38,1,MASc KA 40 blocks,sa,112,112,1,1
fb_03,B86553,38,1,MASc KA 40 blocks,sa,112,112,1,1
fb_04,B77718,38,1,MASc KA 40 blocks,sa,112,112,1,1
fb_04,B77718,38,1,MASc KA 40 blocks,sa,112,112,1,1
fb_04,B77718,38,1,MASc KA 40 blocks,sa,112,112,1,1
fb_05,B88406,38,1,MASc KA 40 blocks,sa,112,112,1,1
fb_05,B92731,38,1,MASc KA 40 blocks,sa,112,112,1,1
fb_05,B92731,38,1,MASc KA 40 blocks,sa,112,112,1,1
fb_06,B88642,38,1,MASc KA 40 blocks,sa,112,112,1,1
fb_06,B92731,38,1,MASc KA 40 blocks,sa,112,112,1,1
fb_06,B92731,38,1,MASc KA 40 blocks,sa,112,112,1,1
fb_01,B77363,39,1,MASc KA 40 blocks,sa,112,112,1,1
fb_01,B77718,39,1,MASc KA 40 blocks,sa,112,112,1,1
fb_01,B78910,39,1,MASc KA 40 blocks,sa,112,112,1,1
fb_02,B77718,39,1,MASc KA 40 blocks,sa,112,112,1,1
fb_02,B86553,39,1,MASc KA 40 blocks,sa,112,112,1,1
fb_02,B92731,39,1,MASc KA 40 blocks,sa,112,112,1,1
fb_03,B86553,39,1,MASc KA 40 blocks,sa,112,112,1,1
fb_03,B86553,39,1,MASc KA 40 blocks,sa,112,112,1,1
fb_03,B86909,39,1,MASc KA 40 blocks,sa,112,112,1,1
fb_04,B76319,39,1,MASc KA 40 blocks,sa,112,112,1,1
fb_04,B88642,39,1,MASc KA 40 blocks,sa,112,112,1,1
fb_04,B92731,39,1,MASc KA 40 blocks,sa,112,112,1,1
fb_05,B88642,39,1,MASc KA 40 blocks,sa,112,112,1,1
fb_05,B92731,39,1,MASc KA 40 blocks,sa,112,112,1,1
fb_05,B96294,39,1,MASc KA 40 blocks,sa,112,112,1,1
fb_06,B77718,39,1,MASc KA 40 blocks,sa,112,112,1,1
fb_06,B77718,39,1,MASc KA 40 blocks,sa,112,112,1,1
fb_06,B92731,39,1,MASc KA 40 blocks,sa,112,112,1,1
fb_01,B86553,40,1,MASc KA 40 blocks,sa,112,112,1,1
fb_01,B86909,40,1,MASc KA 40 blocks,sa,112,112,1,1
fb_01,B95834,40,1,MASc KA 40 blocks,sa,112,112,1,1
fb_02,B77718,40,1,MASc KA 40 blocks,sa,112,112,1,1
fb_02,B81779,40,1,MASc KA 40 blocks,sa,112,112,1,1
fb_02,B86909,40,1,MASc KA 40 blocks,sa,112,112,1,1
fb_03,B86553,40,1,MASc KA 40 blocks,sa,112,112,1,1
fb_03,B86553,40,1,MASc KA 40 blocks,sa,112,112,1,1
fb_03,B92731,40,1,MASc KA 40 blocks,sa,112,112,1,1
fb_04,B77718,40,1,MASc KA 40 blocks,sa,112,112,1,1
fb_04,B77718,40,1,MASc KA 40 blocks,sa,112,112,1,1
fb_04,B88642,40,1,MASc KA 40 blocks,sa,112,112,1,1
fb_05,B77718,40,1,MASc KA 40 blocks,sa,112,112,1,1
fb_05,B77718,40,1,MASc KA 40 blocks,sa,112,112,1,1
fb_05,B92731,40,1,MASc KA 40 blocks,sa,112,112,1,1
fb_06,B77651,40,1,MASc KA 40 blocks,sa,112,112,1,1
fb_06,B86575,40,1,MASc KA 40 blocks,sa,112,112,1,1
fb_06,B88642,40,1,MASc KA 40 blocks,sa,112,112,1,1
fb_01,B77718,41,1,MASc KA 40 blocks,sa,112,112,1,1
fb_01,B82792,41,1,MASc KA 40 blocks,sa,112,112,1,1
fb_01,B94657,41,1,MASc KA 40 blocks,sa,112,112,1,1
fb_02,B86553,41,1,MASc KA 40 blocks,sa,112,112,1,1
fb_02,B86553,41,1,MASc KA 40 blocks,sa,112,112,1,1
fb_02,B91247,41,1,MASc KA 40 blocks,sa,112,112,1,1
fb_03,B86553,41,1,MASc KA 40 blocks,sa,112,112,1,1
fb_03,B86553,41,1,MASc KA 40 blocks,sa,112,112,1,1
fb_03,B86909,41,1,MASc KA 40 blocks,sa,112,112,1,1
fb_04,B77718,41,1,MASc KA 40 blocks,sa,112,112,1,1
fb_04,B86857,41,1,MASc KA 40 blocks,sa,112,112,1,1
fb_04,B86909,41,1,MASc KA 40 blocks,sa,112,112,1,1
fb_05,B77718,41,1,MASc KA 40 blocks,sa,112,112,1,1
fb_05,B77718,41,1,MASc KA 40 blocks,sa,112,112,1,1
fb_05,B88642,41,1,MASc KA 40 blocks,sa,112,112,1,1
fb_06,B77718,41,1,MASc KA 40 blocks,sa,112,112,1,1
fb_06,B77718,41,1,MASc KA 40 blocks,sa,112,112,1,1
fb_06,B92731,41,1,MASc KA 40 blocks,sa,112,112,1,1
fb_01,B77718,42,1,MASc KA 40 blocks,sa,112,112,1,1
fb_01,B78910,42,1,MASc KA 40 blocks,sa,112,112,1,1
fb_01,B82792,42,1,MASc KA 40 blocks,sa,112,112,1,1
fb_02,B86553,42,1,MASc KA 40 blocks,sa,112,112,1,1
fb_02,B86553,42,1,MASc KA 40 blocks,sa,112,112,1,1
fb_02,B88406,42,1,MASc KA 40 blocks,sa,112,112,1,1
fb_03,B86553,42,1,MASc KA 40 blocks,sa,112,112,1,1
fb_03,B86553,42,1,MASc KA 40 blocks,sa,112,112,1,1
fb_03,B91247,42,1,MASc KA 40 blocks,sa,112,112,1,1
fb_04,B77651,42,1,MASc KA 40 blocks,sa,112,112,1,1
fb_04,B86857,42,1,MASc KA 40 blocks,sa,112,112,1,1
fb_04,B92731,42,1,MASc KA 40 blocks,sa,112,112,1,1
fb_05,B88642,42,1,MASc KA 40 blocks,sa,112,112,1,1
fb_05,B91173,42,1,MASc KA 40 blocks,sa,112,112,1,1
fb_05,B92731,42,1,MASc KA 40 blocks,sa,112,112,1,1
fb_06,B86857,42,1,MASc KA 40 blocks,sa,112,112,1,1
fb_06,B88642,42,1,MASc KA 40 blocks,sa,112,112,1,1
fb_06,B92731,42,1,MASc KA 40 blocks,sa,112,112,1,1
fb_01,B77363,43,1,MASc KA 40 blocks,sa,112,112,1,1
fb_01,B78910,43,1,MASc KA 40 blocks,sa,112,112,1,1
fb_01,B92912,43,1,MASc KA 40 blocks,sa,112,112,1,1
fb_02,B77718,43,1,MASc KA 40 blocks,sa,112,112,1,1
fb_02,B86553,43,1,MASc KA 40 blocks,sa,112,112,1,1
fb_02,B91247,43,1,MASc KA 40 blocks,sa,112,112,1,1
fb_03,B77718,43,1,MASc KA 40 blocks,sa,112,112,1,1
fb_03,B86553,43,1,MASc KA 40 blocks,sa,112,112,1,1
fb_03,B86553,43,1,MASc KA 40 blocks,sa,112,112,1,1
fb_04,B77718,43,1,MASc KA 40 blocks,sa,112,112,1,1
fb_04,B77718,43,1,MASc KA 40 blocks,sa,112,112,1,1
fb_04,B88642,43,1,MASc KA 40 blocks,sa,112,112,1,1
fb_05,B92731,43,1,MASc KA 40 blocks,sa,112,112,1,1
fb_05,B92962,43,1,MASc KA 40 blocks,sa,112,112,1,1
fb_05,B95834,43,1,MASc KA 40 blocks,sa,112,112,1,1
fb_06,B77718,43,1,MASc KA 40 blocks,sa,112,112,1,1
fb_06,B77718,43,1,MASc KA 40 blocks,sa,112,112,1,1
fb_06,B92731,43,1,MASc KA 40 blocks,sa,112,112,1,1
fb_01,B77718,44,1,MASc KA 40 blocks,sa,112,112,1,1
fb_01,B77718,44,1,MASc KA 40 blocks,sa,112,112,1,1
fb_01,B78910,44,1,MASc KA 40 blocks,sa,112,112,1,1
fb_02,B77651,44,1,MASc KA 40 blocks,sa,112,112,1,1
fb_02,B86553,44,1,MASc KA 40 blocks,sa,112,112,1,1
fb_02,B86909,44,1,MASc KA 40 blocks,sa,112,112,1,1
fb_03,B77718,44,1,MASc KA 40 blocks,sa,112,112,1,1
fb_03,B86553,44,1,MASc KA 40 blocks,sa,112,112,1,1
fb_03,B92912,44,1,MASc KA 40 blocks,sa,112,112,1,1
fb_04,B86857,44,1,MASc KA 40 blocks,sa,112,112,1,1
fb_04,B86909,44,1,MASc KA 40 blocks,sa,112,112,1,1
fb_04,B88642,44,1,MASc KA 40 blocks,sa,112,112,1,1
fb_05,B88406,44,1,MASc KA 40 blocks,sa,112,112,1,1
fb_05,B88642,44,1,MASc KA 40 blocks,sa,112,112,1,1
fb_05,B92912,44,1,MASc KA 40 blocks,sa,112,112,1,1
fb_06,B77718,44,1,MASc KA 40 blocks,sa,112,112,1,1
fb_06,B92731,44,1,MASc KA 40 blocks,sa,112,112,1,1
fb_06,B92731,44,1,MASc KA 40 blocks,sa,112,112,1,1
fb_01,B77718,45,1,MASc KA 40 blocks,sa,112,112,1,1
fb_01,B82792,45,1,MASc KA 40 blocks,sa,112,112,1,1
fb_01,B95247,45,1,MASc KA 40 blocks,sa,112,112,1,1
fb_02,B77651,45,1,MASc KA 40 blocks,sa,112,112,1,1
fb_02,B86553,45,1,MASc KA 40 blocks,sa,112,112,1,1
fb_02,B86553,45,1,MASc KA 40 blocks,sa,112,112,1,1
fb_03,B77718,45,1,MASc KA 40 blocks,sa,112,112,1,1
fb_03,B83630,45,1,MASc KA 40 blocks,sa,112,112,1,1
fb_03,B86553,45,1,MASc KA 40 blocks,sa,112,112,1,1
fb_04,B76319,45,1,MASc KA 40 blocks,sa,112,112,1,1
fb_04,B86857,45,1,MASc KA 40 blocks,sa,112,112,1,1
fb_04,B92731,45,1,MASc KA 40 blocks,sa,112,112,1,1
fb_05,B77718,45,1,MASc KA 40 blocks,sa,112,112,1,1
fb_05,B86857,45,1,MASc KA 40 blocks,sa,112,112,1,1
fb_05,B91247,45,1,MASc KA 40 blocks,sa,112,112,1,1
fb_06,B77718,45,1,MASc KA 40 blocks,sa,112,112,1,1
fb_06,B88406,45,1,MASc KA 40 blocks,sa,112,112,1,1
fb_06,B88642,45,1,MASc KA 40 blocks,sa,112,112,1,1
fb_01,B77718,46,1,MASc KA 40 blocks,sa,112,112,1,1
fb_01,B82792,46,1,MASc KA 40 blocks,sa,112,112,1,1
fb_01,B98430,46,1,MASc KA 40 blocks,sa,112,112,1,1
fb_02,B86553,46,1,MASc KA 40 blocks,sa,112,112,1,1
fb_02,B86553,46,1,MASc KA 40 blocks,sa,112,112,1,1
fb_02,B95247,46,1,MASc KA 40 blocks,sa,112,112,1,1
fb_03,B76319,46,1,MASc KA 40 blocks,sa,112,112,1,1
fb_03,B77718,46,1,MASc KA 40 blocks,sa,112,112,1,1
fb_03,B86553,46,1,MASc KA 40 blocks,sa,112,112,1,1
fb_04,B86909,46,1,MASc KA 40 blocks,sa,112,112,1,1
fb_04,B92731,46,1,MASc KA 40 blocks,sa,112,112,1,1
fb_04,B92962,46,1,MASc KA 40 blocks,sa,112,112,1,1
fb_05,B86909,46,1,MASc KA 40 blocks,sa,112,112,1,1
fb_05,B92731,46,1,MASc KA 40 blocks,sa,112,112,1,1
fb_05,B94657,46,1,MASc KA 40 blocks,sa,112,112,1,1
fb_06,B86909,46,1,MASc KA 40 blocks,sa,112,112,1,1
fb_06,B92731,46,1,MASc KA 40 blocks,sa,112,112,1,1
fb_06,B92731,46,1,MASc KA 40 blocks,sa,112,112,1,1
fb_01,B82792,47,1,MASc KA 40 blocks,sa,112,112,1,1
fb_01,B86857,47,1,MASc KA 40 blocks,sa,112,112,1,1
fb_01,B95247,47,1,MASc KA 40 blocks,sa,112,112,1,1
fb_02,B86553,47,1,MASc KA 40 blocks,sa,112,112,1,1
fb_02,B86553,47,1,MASc KA 40 blocks,sa,112,112,1,1
fb_02,B91247,47,1,MASc KA 40 blocks,sa,112,112,1,1
fb_03,B86553,47,1,MASc KA 40 blocks,sa,112,112,1,1
fb_03,B86909,47,1,MASc KA 40 blocks,sa,112,112,1,1
fb_03,B88406,47,1,MASc KA 40 blocks,sa,112,112,1,1
fb_04,B76319,47,1,MASc KA 40 blocks,sa,112,112,1,1
fb_04,B88642,47,1,MASc KA 40 blocks,sa,112,112,1,1
fb_04,B95247,47,1,MASc KA 40 blocks,sa,112,112,1,1
fb_05,B77718,47,1,MASc KA 40 blocks,sa,112,112,1,1
fb_05,B92731,47,1,MASc KA 40 blocks,sa,112,112,1,1
fb_05,B92731,47,1,MASc KA 40 blocks,sa,112,112,1,1
fb_06,B86857,47,1,MASc KA 40 blocks,sa,112,112,1,1
fb_06,B88406,47,1,MASc KA 40 blocks,sa,112,112,1,1
fb_06,B92731,47,1,MASc KA 40 blocks,sa,112,112,1,1
fb_01,B76319,48,1,MASc KA 40 blocks,sa,112,112,1,1
fb_01,B77718,48,1,MASc KA 40 blocks,sa,112,112,1,1
fb_01,B78910,48,1,MASc KA 40 blocks,sa,112,112,1,1
fb_02,B86553,48,1,MASc KA 40 blocks,sa,112,112,1,1
fb_02,B86909,48,1,MASc KA 40 blocks,sa,112,112,1,1
fb_02,B88406,48,1,MASc KA 40 blocks,sa,112,112,1,1
fb_03,B86553,48,1,MASc KA 40 blocks,sa,112,112,1,1
fb_03,B86553,48,1,MASc KA 40 blocks,sa,112,112,1,1
fb_03,B95834,48,1,MASc KA 40 blocks,sa,112,112,1,1
fb_04,B77718,48,1,MASc KA 40 blocks,sa,112,112,1,1
fb_04,B86909,48,1,MASc KA 40 blocks,sa,112,112,1,1
fb_04,B91247,48,1,MASc KA 40 blocks,sa,112,112,1,1
fb_05,B77718,48,1,MASc KA 40 blocks,sa,112,112,1,1
fb_05,B88406,48,1,MASc KA 40 blocks,sa,112,112,1,1
fb_05,B88642,48,1,MASc KA 40 blocks,sa,112,112,1,1
fb_06,B92731,48,1,MASc KA 40 blocks,sa,112,112,1,1
fb_06,B92731,48,1,MASc KA 40 blocks,sa,112,112,1,1
fb_06,B92731,48,1,MASc KA 40 blocks,sa,112,112,1,1
fb_01,B78910,49,1,MASc KA 40 blocks,sa,112,112,1,1
fb_01,B82792,49,1,MASc KA 40 blocks,sa,112,112,1,1
fb_01,B86857,49,1,MASc KA 40 blocks,sa,112,112,1,1
fb_02,B74735,49,1,MASc KA 40 blocks,sa,112,112,1,1
fb_02,B86553,49,1,MASc KA 40 blocks,sa,112,112,1,1
fb_02,B86553,49,1,MASc KA 40 blocks,sa,112,112,1,1
fb_03,B74735,49,1,MASc KA 40 blocks,sa,112,112,1,1
fb_03,B86553,49,1,MASc KA 40 blocks,sa,112,112,1,1
fb_03,B86553,49,1,MASc KA 40 blocks,sa,112,112,1,1
fb_04,B86857,49,1,MASc KA 40 blocks,sa,112,112,1,1
fb_04,B88406,49,1,MASc KA 40 blocks,sa,112,112,1,1
fb_04,B88642,49,1,MASc KA 40 blocks,sa,112,112,1,1
fb_05,B86909,49,1,MASc KA 40 blocks,sa,112,112,1,1
fb_05,B92731,49,1,MASc KA 40 blocks,sa,112,112,1,1
fb_05,B92731,49,1,MASc KA 40 blocks,sa,112,112,1,1
fb_06,B76319,49,1,MASc KA 40 blocks,sa,112,112,1,1
fb_06,B92731,49,1,MASc KA 40 blocks,sa,112,112,1,1
fb_06,B92731,49,1,MASc KA 40 blocks,sa,112,112,1,1
fb_01,B77363,50,1,MASc KA 40 blocks,sa,112,112,1,1
fb_01,B78910,50,1,MASc KA 40 blocks,sa,112,112,1,1
fb_01,B86909,50,1,MASc KA 40 blocks,sa,112,112,1,1
fb_02,B86553,50,1,MASc KA 40 blocks,sa,112,112,1,1
fb_02,B86553,50,1,MASc KA 40 blocks,sa,112,112,1,1
fb_02,B86553,50,1,MASc KA 40 blocks,sa,112,112,1,1
fb_03,B86553,50,1,MASc KA 40 blocks,sa,112,112,1,1
fb_03,B86909,50,1,MASc KA 40 blocks,sa,112,112,1,1
fb_03,B91247,50,1,MASc KA 40 blocks,sa,112,112,1,1
fb_04,B86857,50,1,MASc KA 40 blocks,sa,112,112,1,1
fb_04,B88406,50,1,MASc KA 40 blocks,sa,112,112,1,1
fb_04,B92731,50,1,MASc KA 40 blocks,sa,112,112,1,1
fb_05,B76319,50,1,MASc KA 40 blocks,sa,112,112,1,1
fb_05,B92731,50,1,MASc KA 40 blocks,sa,112,112,1,1
fb_05,B92731,50,1,MASc KA 40 blocks,sa,112,112,1,1
fb_06,B77718,50,1,MASc KA 40 blocks,sa,112,112,1,1
fb_06,B88642,50,1,MASc KA 40 blocks,sa,112,112,1,1
fb_06,B88642,50,1,MASc KA 40 blocks,sa,112,112,1,1
fb_01,B77363,51,1,MASc KA 40 blocks,sa,112,112,1,1
fb_01,B86553,51,1,MASc KA 40 blocks,sa,112,112,1,1
fb_01,B91247,51,1,MASc KA 40 blocks,sa,112,112,1,1
fb_02,B77718,51,1,MASc KA 40 blocks,sa,112,112,1,1
fb_02,B86553,51,1,MASc KA 40 blocks,sa,112,112,1,1
fb_02,B96294,51,1,MASc KA 40 blocks,sa,112,112,1,1
fb_03,B77718,51,1,MASc KA 40 blocks,sa,112,112,1,1
fb_03,B77718,51,1,MASc KA 40 blocks,sa,112,112,1,1
fb_03,B92912,51,1,MASc KA 40 blocks,sa,112,112,1,1
fb_04,B86553,51,1,MASc KA 40 blocks,sa,112,112,1,1
fb_04,B86857,51,1,MASc KA 40 blocks,sa,112,112,1,1
fb_04,B86909,51,1,MASc KA 40 blocks,sa,112,112,1,1
fb_05,B88642,51,1,MASc KA 40 blocks,sa,112,112,1,1
fb_05,B92731,51,1,MASc KA 40 blocks,sa,112,112,1,1
fb_05,B92731,51,1,MASc KA 40 blocks,sa,112,112,1,1
fb_06,B76352,51,1,MASc KA 40 blocks,sa,112,112,1,1
fb_06,B77718,51,1,MASc KA 40 blocks,sa,112,112,1,1
fb_06,B78910,51,1,MASc KA 40 blocks,sa,112,112,1,1
fb_01,B76319,52,1,MASc KA 40 blocks,sa,112,112,1,1
fb_01,B77363,52,1,MASc KA 40 blocks,sa,112,112,1,1
fb_01,B77651,52,1,MASc KA 40 blocks,sa,112,112,1,1
fb_02,B86553,52,1,MASc KA 40 blocks,sa,112,112,1,1
fb_02,B86553,52,1,MASc KA 40 blocks,sa,112,112,1,1
fb_02,B86909,52,1,MASc KA 40 blocks,sa,112,112,1,1
fb_03,B77718,52,1,MASc KA 40 blocks,sa,112,112,1,1
fb_03,B86553,52,1,MASc KA 40 blocks,sa,112,112,1,1
fb_03,B86909,52,1,MASc KA 40 blocks,sa,112,112,1,1
fb_04,B77718,52,1,MASc KA 40 blocks,sa,112,112,1,1
fb_04,B80395,52,1,MASc KA 40 blocks,sa,112,112,1,1
fb_04,B95247,52,1,MASc KA 40 blocks,sa,112,112,1,1
fb_05,B77363,52,1,MASc KA 40 blocks,sa,112,112,1,1
fb_05,B88642,52,1,MASc KA 40 blocks,sa,112,112,1,1
fb_05,B92731,52,1,MASc KA 40 blocks,sa,112,112,1,1
fb_06,B86909,52,1,MASc KA 40 blocks,sa,112,112,1,1
fb_06,B92731,52,1,MASc KA 40 blocks,sa,112,112,1,1
fb_06,B95247,52,1,MASc KA 40 blocks,sa,112,112,1,1
fb_01,B77363,53,1,MASc KA 40 blocks,sa,112,112,1,1
fb_01,B78910,53,1,MASc KA 40 blocks,sa,112,112,1,1
fb_01,B86857,53,1,MASc KA 40 blocks,sa,112,112,1,1
fb_02,B77651,53,1,MASc KA 40 blocks,sa,112,112,1,1
fb_02,B86553,53,1,MASc KA 40 blocks,sa,112,112,1,1
fb_02,B86553,53,1,MASc KA 40 blocks,sa,112,112,1,1
fb_03,B77718,53,1,MASc KA 40 blocks,sa,112,112,1,1
fb_03,B86553,53,1,MASc KA 40 blocks,sa,112,112,1,1
fb_03,B86553,53,1,MASc KA 40 blocks,sa,112,112,1,1
fb_04,B88406,53,1,MASc KA 40 blocks,sa,112,112,1,1
fb_04,B88642,53,1,MASc KA 40 blocks,sa,112,112,1,1
fb_04,B92731,53,1,MASc KA 40 blocks,sa,112,112,1,1
fb_05,B86909,53,1,MASc KA 40 blocks,sa,112,112,1,1
fb_05,B86909,53,1,MASc KA 40 blocks,sa,112,112,1,1
fb_05,B92731,53,1,MASc KA 40 blocks,sa,112,112,1,1
fb_06,B77252,53,1,MASc KA 40 blocks,sa,112,112,1,1
fb_06,B88642,53,1,MASc KA 40 blocks,sa,112,112,1,1
fb_06,B92731,53,1,MASc KA 40 blocks,sa,112,112,1,1
fb_01,B77651,54,1,MASc KA 40 blocks,sa,112,112,1,1
fb_01,B78910,54,1,MASc KA 40 blocks,sa,112,112,1,1
fb_01,B91247,54,1,MASc KA 40 blocks,sa,112,112,1,1
fb_02,B76319,54,1,MASc KA 40 blocks,sa,112,112,1,1
fb_02,B86553,54,1,MASc KA 40 blocks,sa,112,112,1,1
fb_02,B88406,54,1,MASc KA 40 blocks,sa,112,112,1,1
fb_03,B77718,54,1,MASc KA 40 blocks,sa,112,112,1,1
fb_03,B91173,54,1,MASc KA 40 blocks,sa,112,112,1,1
fb_03,B91247,54,1,MASc KA 40 blocks,sa,112,112,1,1
fb_04,B86553,54,1,MASc KA 40 blocks,sa,112,112,1,1
fb_04,B92731,54,1,MASc KA 40 blocks,sa,112,112,1,1
fb_04,B95247,54,1,MASc KA 40 blocks,sa,112,112,1,1
fb_05,B77718,54,1,MASc KA 40 blocks,sa,112,112,1,1
fb_05,B92731,54,1,MASc KA 40 blocks,sa,112,112,1,1
fb_05,B92731,54,1,MASc KA 40 blocks,sa,112,112,1,1
fb_06,B86909,54,1,MASc KA 40 blocks,sa,112,112,1,1
fb_06,B86909,54,1,MASc KA 40 blocks,sa,112,112,1,1
fb_06,B88642,54,1,MASc KA 40 blocks,sa,112,112,1,1
fb_01,B78910,55,1,MASc KA 40 blocks,sa,112,112,1,1
fb_01,B82792,55,1,MASc KA 40 blocks,sa,112,112,1,1
fb_01,B86909,55,1,MASc KA 40 blocks,sa,112,112,1,1
fb_02,B76319,55,1,MASc KA 40 blocks,sa,112,112,1,1
fb_02,B86553,55,1,MASc KA 40 blocks,sa,112,112,1,1
fb_02,B92962,55,1,MASc KA 40 blocks,sa,112,112,1,1
fb_03,B77651,55,1,MASc KA 40 blocks,sa,112,112,1,1
fb_03,B83630,55,1,MASc KA 40 blocks,sa,112,112,1,1
fb_03,B86553,55,1,MASc KA 40 blocks,sa,112,112,1,1
fb_04,B74735,55,1,MASc KA 40 blocks,sa,112,112,1,1
fb_04,B92731,55,1,MASc KA 40 blocks,sa,112,112,1,1
fb_04,B95247,55,1,MASc KA 40 blocks,sa,112,112,1,1
fb_05,B86857,55,1,MASc KA 40 blocks,sa,112,112,1,1
fb_05,B86857,55,1,MASc KA 40 blocks,sa,112,112,1,1
fb_05,B92731,55,1,MASc KA 40 blocks,sa,112,112,1,1
fb_06,B86909,55,1,MASc KA 40 blocks,sa,112,112,1,1
fb_06,B92731,55,1,MASc KA 40 blocks,sa,112,112,1,1
fb_06,B92731,55,1,MASc KA 40 blocks,sa,112,112,1,1
fb_01,B82792,56,1,MASc KA 40 blocks,sa,112,112,1,1
fb_01,B86909,56,1,MASc KA 40 blocks,sa,112,112,1,1
fb_01,B88406,56,1,MASc KA 40 blocks,sa,112,112,1,1
fb_02,B86553,56,1,MASc KA 40 blocks,sa,112,112,1,1
fb_02,B86553,56,1,MASc KA 40 blocks,sa,112,112,1,1
fb_02,B86553,56,1,MASc KA 40 blocks,sa,112,112,1,1
fb_03,B86553,56,1,MASc KA 40 blocks,sa,112,112,1,1
fb_03,B86553,56,1,MASc KA 40 blocks,sa,112,112,1,1
fb_03,B92367,56,1,MASc KA 40 blocks,sa,112,112,1,1
fb_04,B76319,56,1,MASc KA 40 blocks,sa,112,112,1,1
fb_04,B77718,56,1,MASc KA 40 blocks,sa,112,112,1,1
fb_04,B86909,56,1,MASc KA 40 blocks,sa,112,112,1,1
fb_05,B86857,56,1,MASc KA 40 blocks,sa,112,112,1,1
fb_05,B92731,56,1,MASc KA 40 blocks,sa,112,112,1,1
fb_05,B92731,56,1,MASc KA 40 blocks,sa,112,112,1,1
fb_06,B77718,56,1,MASc KA 40 blocks,sa,112,112,1,1
fb_06,B83630,56,1,MASc KA 40 blocks,sa,112,112,1,1
fb_06,B88642,56,1,MASc KA 40 blocks,sa,112,112,1,1
fb_01,B78910,57,1,MASc KA 40 blocks,sa,112,112,1,1
fb_01,B82792,57,1,MASc KA 40 blocks,sa,112,112,1,1
fb_01,B88642,57,1,MASc KA 40 blocks,sa,112,112,1,1
fb_02,B76352,57,1,MASc KA 40 blocks,sa,112,112,1,1
fb_02,B86553,57,1,MASc KA 40 blocks,sa,112,112,1,1
fb_02,B86857,57,1,MASc KA 40 blocks,sa,112,112,1,1
fb_03,B86553,57,1,MASc KA 40 blocks,sa,112,112,1,1
fb_03,B86553,57,1,MASc KA 40 blocks,sa,112,112,1,1
fb_03,B86553,57,1,MASc KA 40 blocks,sa,112,112,1,1
fb_04,B77718,57,1,MASc KA 40 blocks,sa,112,112,1,1
fb_04,B92731,57,1,MASc KA 40 blocks,sa,112,112,1,1
fb_04,B92731,57,1,MASc KA 40 blocks,sa,112,112,1,1
fb_05,B86909,57,1,MASc KA 40 blocks,sa,112,112,1,1
fb_05,B92731,57,1,MASc KA 40 blocks,sa,112,112,1,1
fb_05,B92731,57,1,MASc KA 40 blocks,sa,112,112,1,1
fb_06,B86909,57,1,MASc KA 40 blocks,sa,112,112,1,1
fb_06,B91247,57,1,MASc KA 40 blocks,sa,112,112,1,1
fb_06,B95247,57,1,MASc KA 40 blocks,sa,112,112,1,1
fb_01,B77363,58,1,MASc KA 40 blocks,sa,112,112,1,1
fb_01,B78910,58,1,MASc KA 40 blocks,sa,112,112,1,1
fb_01,B86909,58,1,MASc KA 40 blocks,sa,112,112,1,1
fb_02,B77651,58,1,MASc KA 40 blocks,sa,112,112,1,1
fb_02,B86553,58,1,MASc KA 40 blocks,sa,112,112,1,1
fb_02,B86909,58,1,MASc KA 40 blocks,sa,112,112,1,1
fb_03,B86553,58,1,MASc KA 40 blocks,sa,112,112,1,1
fb_03,B86909,58,1,MASc KA 40 blocks,sa,112,112,1,1
fb_03,B88642,58,1,MASc KA 40 blocks,sa,112,112,1,1
fb_04,B83275,58,1,MASc KA 40 blocks,sa,112,112,1,1
fb_04,B86553,58,1,MASc KA 40 blocks,sa,112,112,1,1
fb_04,B88406,58,1,MASc KA 40 blocks,sa,112,112,1,1
fb_05,B86857,58,1,MASc KA 40 blocks,sa,112,112,1,1
fb_05,B92731,58,1,MASc KA 40 blocks,sa,112,112,1,1
fb_05,B92731,58,1,MASc KA 40 blocks,sa,112,112,1,1
fb_06,B86909,58,1,MASc KA 40 blocks,sa,112,112,1,1
fb_06,B92731,58,1,MASc KA 40 blocks,sa,112,112,1,1
fb_06,B92731,58,1,MASc KA 40 blocks,sa,112,112,1,1
fb_01,B82792,59,1,MASc KA 40 blocks,sa,112,112,1,1
fb_01,B86857,59,1,MASc KA 40 blocks,sa,112,112,1,1
fb_01,B95247,59,1,MASc KA 40 blocks,sa,112,112,1,1
fb_02,B86553,59,1,MASc KA 40 blocks,sa,112,112,1,1
fb_02,B86553,59,1,MASc KA 40 blocks,sa,112,112,1,1
fb_02,B86553,59,1,MASc KA 40 blocks,sa,112,112,1,1
fb_03,B86553,59,1,MASc KA 40 blocks,sa,112,112,1,1
fb_03,B86553,59,1,MASc KA 40 blocks,sa,112,112,1,1
fb_03,B86553,59,1,MASc KA 40 blocks,sa,112,112,1,1
fb_04,B88642,59,1,MASc KA 40 blocks,sa,112,112,1,1
fb_04,B92731,59,1,MASc KA 40 blocks,sa,112,112,1,1
fb_04,B92731,59,1,MASc KA 40 blocks,sa,112,112,1,1
fb_05,B77718,59,1,MASc KA 40 blocks,sa,112,112,1,1
fb_05,B88406,59,1,MASc KA 40 blocks,sa,112,112,1,1
fb_05,B92731,59,1,MASc KA 40 blocks,sa,112,112,1,1
fb_06,B86909,59,1,MASc KA 40 blocks,sa,112,112,1,1
fb_06,B92731,59,1,MASc KA 40 blocks,sa,112,112,1,1
fb_06,B92731,59,1,MASc KA 40 blocks,sa,112,112,1,1
fb_01,B86909,60,1,MASc KA 40 blocks,sa,112,112,1,1
fb_01,B86909,60,1,MASc KA 40 blocks,sa,112,112,1,1
fb_01,B86909,60,1,MASc KA 40 blocks,sa,112,112,1,1
fb_02,B86553,60,1,MASc KA 40 blocks,sa,112,112,1,1
fb_02,B86553,60,1,MASc KA 40 blocks,sa,112,112,1,1
fb_02,B86553,60,1,MASc KA 40 blocks,sa,112,112,1,1
fb_03,B86553,60,1,MASc KA 40 blocks,sa,112,112,1,1
fb_03,B86553,60,1,MASc KA 40 blocks,sa,112,112,1,1
fb_03,B86553,60,1,MASc KA 40 blocks,sa,112,112,1,1
fb_04,B88642,60,1,MASc KA 40 blocks,sa,112,112,1,1
fb_04,B92731,60,1,MASc KA 40 blocks,sa,112,112,1,1
fb_04,B92731,60,1,MASc KA 40 blocks,sa,112,112,1,1
fb_05,B92731,60,1,MASc KA 40 blocks,sa,112,112,1,1
fb_05,B92731,60,1,MASc KA 40 blocks,sa,112,112,1,1
fb_05,B98430,60,1,MASc KA 40 blocks,sa,112,112,1,1
fb_06,B77718,60,1,MASc KA 40 blocks,sa,112,112,1,1
fb_06,B77718,60,1,MASc KA 40 blocks,sa,112,112,1,1
fb_06,B86909,60,1,MASc KA 40 blocks,sa,112,112,1,1
fb_01,B77718,61,1,MASc KA 40 blocks,sa,112,112,1,1
fb_01,B78910,61,1,MASc KA 40 blocks,sa,112,112,1,1
fb_01,B82792,61,1,MASc KA 40 blocks,sa,112,112,1,1
fb_02,B77718,61,1,MASc KA 40 blocks,sa,112,112,1,1
fb_02,B77718,61,1,MASc KA 40 blocks,sa,112,112,1,1
fb_02,B86553,61,1,MASc KA 40 blocks,sa,112,112,1,1
fb_03,B86553,61,1,MASc KA 40 blocks,sa,112,112,1,1
fb_03,B86553,61,1,MASc KA 40 blocks,sa,112,112,1,1
fb_03,B86909,61,1,MASc KA 40 blocks,sa,112,112,1,1
fb_04,B77651,61,1,MASc KA 40 blocks,sa,112,112,1,1
fb_04,B86857,61,1,MASc KA 40 blocks,sa,112,112,1,1
fb_04,B92731,61,1,MASc KA 40 blocks,sa,112,112,1,1
fb_05,B77718,61,1,MASc KA 40 blocks,sa,112,112,1,1
fb_05,B91247,61,1,MASc KA 40 blocks,sa,112,112,1,1
fb_05,B92731,61,1,MASc KA 40 blocks,sa,112,112,1,1
fb_06,B86553,61,1,MASc KA 40 blocks,sa,112,112,1,1
fb_06,B86909,61,1,MASc KA 40 blocks,sa,112,112,1,1
fb_06,B92731,61,1,MASc KA 40 blocks,sa,112,112,1,1
fb_01,B77363,62,1,MASc KA 40 blocks,sa,112,112,1,1
fb_01,B82792,62,1,MASc KA 40 blocks,sa,112,112,1,1
fb_01,B86909,62,1,MASc KA 40 blocks,sa,112,112,1,1
fb_02,B86553,62,1,MASc KA 40 blocks,sa,112,112,1,1
fb_02,B86553,62,1,MASc KA 40 blocks,sa,112,112,1,1
fb_02,B86553,62,1,MASc KA 40 blocks,sa,112,112,1,1
fb_03,B77651,62,1,MASc KA 40 blocks,sa,112,112,1,1
fb_03,B86553,62,1,MASc KA 40 blocks,sa,112,112,1,1
fb_03,B86909,62,1,MASc KA 40 blocks,sa,112,112,1,1
fb_04,B86909,62,1,MASc KA 40 blocks,sa,112,112,1,1
fb_04,B88642,62,1,MASc KA 40 blocks,sa,112,112,1,1
fb_04,B95247,62,1,MASc KA 40 blocks,sa,112,112,1,1
fb_05,B86909,62,1,MASc KA 40 blocks,sa,112,112,1,1
fb_05,B92731,62,1,MASc KA 40 blocks,sa,112,112,1,1
fb_05,B92731,62,1,MASc KA 40 blocks,sa,112,112,1,1
fb_06,B86909,62,1,MASc KA 40 blocks,sa,112,112,1,1
fb_06,B88406,62,1,MASc KA 40 blocks,sa,112,112,1,1
fb_06,B92731,62,1,MASc KA 40 blocks,sa,112,112,1,1
fb_01,B77363,63,1,MASc KA 40 blocks,sa,112,112,1,1
fb_01,B82792,63,1,MASc KA 40 blocks,sa,112,112,1,1
fb_01,B86857,63,1,MASc KA 40 blocks,sa,112,112,1,1
fb_02,B86553,63,1,MASc KA 40 blocks,sa,112,112,1,1
fb_02,B91247,63,1,MASc KA 40 blocks,sa,112,112,1,1
fb_02,B94657,63,1,MASc KA 40 blocks,sa,112,112,1,1
fb_03,B86553,63,1,MASc KA 40 blocks,sa,112,112,1,1
fb_03,B91247,63,1,MASc KA 40 blocks,sa,112,112,1,1
fb_03,B91247,63,1,MASc KA 40 blocks,sa,112,112,1,1
fb_04,B86553,63,1,MASc KA 40 blocks,sa,112,112,1,1
fb_04,B92731,63,1,MASc KA 40 blocks,sa,112,112,1,1
fb_04,B94657,63,1,MASc KA 40 blocks,sa,112,112,1,1
fb_05,B77252,63,1,MASc KA 40 blocks,sa,112,112,1,1
fb_05,B88642,63,1,MASc KA 40 blocks,sa,112,112,1,1
fb_05,B92731,63,1,MASc KA 40 blocks,sa,112,112,1,1
fb_06,B88642,63,1,MASc KA 40 blocks,sa,112,112,1,1
fb_06,B92731,63,1,MASc KA 40 blocks,sa,112,112,1,1
fb_06,B92731,63,1,MASc KA 40 blocks,sa,112,112,1,1
fb_01,B77718,64,1,MASc KA 40 blocks,sa,112,112,1,1
fb_01,B86857,64,1,MASc KA 40 blocks,sa,112,112,1,1
fb_01,B86857,64,1,MASc KA 40 blocks,sa,112,112,1,1
fb_02,B77718,64,1,MASc KA 40 blocks,sa,112,112,1,1
fb_02,B91247,64,1,MASc KA 40 blocks,sa,112,112,1,1
fb_02,B91247,64,1,MASc KA 40 blocks,sa,112,112,1,1
fb_03,B77718,64,1,MASc KA 40 blocks,sa,112,112,1,1
fb_03,B86553,64,1,MASc KA 40 blocks,sa,112,112,1,1
fb_03,B94657,64,1,MASc KA 40 blocks,sa,112,112,1,1
fb_04,B77718,64,1,MASc KA 40 blocks,sa,112,112,1,1
fb_04,B86553,64,1,MASc KA 40 blocks,sa,112,112,1,1
fb_04,B91247,64,1,MASc KA 40 blocks,sa,112,112,1,1
fb_05,B86909,64,1,MASc KA 40 blocks,sa,112,112,1,1
fb_05,B86909,64,1,MASc KA 40 blocks,sa,112,112,1,1
fb_05,B88642,64,1,MASc KA 40 blocks,sa,112,112,1,1
fb_06,B86857,64,1,MASc KA 40 blocks,sa,112,112,1,1
fb_06,B86909,64,1,MASc KA 40 blocks,sa,112,112,1,1
fb_06,B92731,64,1,MASc KA 40 blocks,sa,112,112,1,1
fb_01,B77363,65,1,MASc KA 40 blocks,sa,112,112,1,1
fb_01,B78910,65,1,MASc KA 40 blocks,sa,112,112,1,1
fb_01,B82792,65,1,MASc KA 40 blocks,sa,112,112,1,1
fb_02,B86909,65,1,MASc KA 40 blocks,sa,112,112,1,1
fb_02,B91247,65,1,MASc KA 40 blocks,sa,112,112,1,1
fb_02,B91247,65,1,MASc KA 40 blocks,sa,112,112,1,1
fb_03,B76319,65,1,MASc KA 40 blocks,sa,112,112,1,1
fb_03,B86553,65,1,MASc KA 40 blocks,sa,112,112,1,1
fb_03,B86553,65,1,MASc KA 40 blocks,sa,112,112,1,1
fb_04,B76352,65,1,MASc KA 40 blocks,sa,112,112,1,1
fb_04,B86553,65,1,MASc KA 40 blocks,sa,112,112,1,1
fb_04,B86909,65,1,MASc KA 40 blocks,sa,112,112,1,1
fb_05,B76319,65,1,MASc KA 40 blocks,sa,112,112,1,1
fb_05,B88406,65,1,MASc KA 40 blocks,sa,112,112,1,1
fb_05,B92731,65,1,MASc KA 40 blocks,sa,112,112,1,1
fb_06,B77718,65,1,MASc KA 40 blocks,sa,112,112,1,1
fb_06,B88406,65,1,MASc KA 40 blocks,sa,112,112,1,1
fb_06,B88642,65,1,MASc KA 40 blocks,sa,112,112,1,1
fb_01,B76352,66,1,MASc KA 40 blocks,sa,112,112,1,1
fb_01,B77718,66,1,MASc KA 40 blocks,sa,112,112,1,1
fb_01,B86909,66,1,MASc KA 40 blocks,sa,112,112,1,1
fb_02,B77718,66,1,MASc KA 40 blocks,sa,112,112,1,1
fb_02,B91247,66,1,MASc KA 40 blocks,sa,112,112,1,1
fb_02,B95247,66,1,MASc KA 40 blocks,sa,112,112,1,1
fb_03,B76352,66,1,MASc KA 40 blocks,sa,112,112,1,1
fb_03,B77718,66,1,MASc KA 40 blocks,sa,112,112,1,1
fb_03,B86857,66,1,MASc KA 40 blocks,sa,112,112,1,1
fb_04,B86553,66,1,MASc KA 40 blocks,sa,112,112,1,1
fb_04,B86553,66,1,MASc KA 40 blocks,sa,112,112,1,1
fb_04,B88406,66,1,MASc KA 40 blocks,sa,112,112,1,1
fb_05,B76319,66,1,MASc KA 40 blocks,sa,112,112,1,1
fb_05,B86909,66,1,MASc KA 40 blocks,sa,112,112,1,1
fb_05,B92731,66,1,MASc KA 40 blocks,sa,112,112,1,1
fb_06,B86909,66,1,MASc KA 40 blocks,sa,112,112,1,1
fb_06,B92731,66,1,MASc KA 40 blocks,sa,112,112,1,1
fb_06,B92912,66,1,MASc KA 40 blocks,sa,112,112,1,1
fb_01,B78910,67,1,MASc KA 40 blocks,sa,112,112,1,1
fb_01,B82792,67,1,MASc KA 40 blocks,sa,112,112,1,1
fb_01,B86857,67,1,MASc KA 40 blocks,sa,112,112,1,1
fb_02,B86909,67,1,MASc KA 40 blocks,sa,112,112,1,1
fb_02,B95247,67,1,MASc KA 40 blocks,sa,112,112,1,1
fb_02,B95247,67,1,MASc KA 40 blocks,sa,112,112,1,1
fb_03,B86553,67,1,MASc KA 40 blocks,sa,112,112,1,1
fb_03,B86553,67,1,MASc KA 40 blocks,sa,112,112,1,1
fb_03,B86909,67,1,MASc KA 40 blocks,sa,112,112,1,1
fb_04,B86553,67,1,MASc KA 40 blocks,sa,112,112,1,1
fb_04,B86857,67,1,MASc KA 40 blocks,sa,112,112,1,1
fb_04,B94657,67,1,MASc KA 40 blocks,sa,112,112,1,1
fb_05,B88642,67,1,MASc KA 40 blocks,sa,112,112,1,1
fb_05,B92731,67,1,MASc KA 40 blocks,sa,112,112,1,1
fb_05,B92731,67,1,MASc KA 40 blocks,sa,112,112,1,1
fb_06,B77718,67,1,MASc KA 40 blocks,sa,112,112,1,1
fb_06,B82792,67,1,MASc KA 40 blocks,sa,112,112,1,1
fb_06,B92912,67,1,MASc KA 40 blocks,sa,112,112,1,1
fb_01,B77363,68,1,MASc KA 40 blocks,sa,112,112,1,1
fb_01,B86857,68,1,MASc KA 40 blocks,sa,112,112,1,1
fb_01,B86909,68,1,MASc KA 40 blocks,sa,112,112,1,1
fb_02,B86909,68,1,MASc KA 40 blocks,sa,112,112,1,1
fb_02,B91247,68,1,MASc KA 40 blocks,sa,112,112,1,1
fb_02,B95247,68,1,MASc KA 40 blocks,sa,112,112,1,1
fb_03,B86553,68,1,MASc KA 40 blocks,sa,112,112,1,1
fb_03,B86857,68,1,MASc KA 40 blocks,sa,112,112,1,1
fb_03,B88406,68,1,MASc KA 40 blocks,sa,112,112,1,1
fb_04,B86553,68,1,MASc KA 40 blocks,sa,112,112,1,1
fb_04,B86553,68,1,MASc KA 40 blocks,sa,112,112,1,1
fb_04,B88406,68,1,MASc KA 40 blocks,sa,112,112,1,1
fb_05,B77718,68,1,MASc KA 40 blocks,sa,112,112,1,1
fb_05,B77718,68,1,MASc KA 40 blocks,sa,112,112,1,1
fb_05,B88642,68,1,MASc KA 40 blocks,sa,112,112,1,1
fb_06,B76352,68,1,MASc KA 40 blocks,sa,112,112,1,1
fb_06,B86909,68,1,MASc KA 40 blocks,sa,112,112,1,1
fb_06,B91247,68,1,MASc KA 40 blocks,sa,112,112,1,1
fb_01,B82792,69,1,MASc KA 40 blocks,sa,112,112,1,1
fb_01,B86909,69,1,MASc KA 40 blocks,sa,112,112,1,1
fb_01,B88406,69,1,MASc KA 40 blocks,sa,112,112,1,1
fb_02,B88406,69,1,MASc KA 40 blocks,sa,112,112,1,1
fb_02,B91247,69,1,MASc KA 40 blocks,sa,112,112,1,1
fb_02,B95247,69,1,MASc KA 40 blocks,sa,112,112,1,1
fb_03,B86553,69,1,MASc KA 40 blocks,sa,112,112,1,1
fb_03,B86553,69,1,MASc KA 40 blocks,sa,112,112,1,1
fb_03,B86909,69,1,MASc KA 40 blocks,sa,112,112,1,1
fb_04,B86909,69,1,MASc KA 40 blocks,sa,112,112,1,1
fb_04,B88406,69,1,MASc KA 40 blocks,sa,112,112,1,1
fb_04,B88642,69,1,MASc KA 40 blocks,sa,112,112,1,1
fb_05,B86857,69,1,MASc KA 40 blocks,sa,112,112,1,1
fb_05,B88642,69,1,MASc KA 40 blocks,sa,112,112,1,1
fb_05,B92731,69,1,MASc KA 40 blocks,sa,112,112,1,1
fb_06,B86857,69,1,MASc KA 40 blocks,sa,112,112,1,1
fb_06,B86909,69,1,MASc KA 40 blocks,sa,112,112,1,1
fb_06,B92731,69,1,MASc KA 40 blocks,sa,112,112,1,1
fb_01,B78910,70,1,MASc KA 40 blocks,sa,112,112,1,1
fb_01,B86857,70,1,MASc KA 40 blocks,sa,112,112,1,1
fb_01,B86909,70,1,MASc KA 40 blocks,sa,112,112,1,1
fb_02,B76319,70,1,MASc KA 40 blocks,sa,112,112,1,1
fb_02,B91247,70,1,MASc KA 40 blocks,sa,112,112,1,1
fb_02,B95247,70,1,MASc KA 40 blocks,sa,112,112,1,1
fb_03,B86553,70,1,MASc KA 40 blocks,sa,112,112,1,1
fb_03,B86553,70,1,MASc KA 40 blocks,sa,112,112,1,1
fb_03,B86553,70,1,MASc KA 40 blocks,sa,112,112,1,1
fb_04,B74735,70,1,MASc KA 40 blocks,sa,112,112,1,1
fb_04,B76352,70,1,MASc KA 40 blocks,sa,112,112,1,1
fb_04,B77718,70,1,MASc KA 40 blocks,sa,112,112,1,1
fb_05,B86857,70,1,MASc KA 40 blocks,sa,112,112,1,1
fb_05,B86857,70,1,MASc KA 40 blocks,sa,112,112,1,1
fb_05,B88642,70,1,MASc KA 40 blocks,sa,112,112,1,1
fb_06,B86857,70,1,MASc KA 40 blocks,sa,112,112,1,1
fb_06,B86909,70,1,MASc KA 40 blocks,sa,112,112,1,1
fb_06,B86909,70,1,MASc KA 40 blocks,sa,112,112,1,1
fb_01,B76319,71,1,MASc KA 40 blocks,sa,112,112,1,1
fb_01,B77363,71,1,MASc KA 40 blocks,sa,112,112,1,1
fb_01,B78910,71,1,MASc KA 40 blocks,sa,112,112,1,1
fb_02,B86909,71,1,MASc KA 40 blocks,sa,112,112,1,1
fb_02,B86909,71,1,MASc KA 40 blocks,sa,112,112,1,1
fb_02,B91247,71,1,MASc KA 40 blocks,sa,112,112,1,1
fb_03,B86553,71,1,MASc KA 40 blocks,sa,112,112,1,1
fb_03,B86553,71,1,MASc KA 40 blocks,sa,112,112,1,1
fb_03,B86857,71,1,MASc KA 40 blocks,sa,112,112,1,1
fb_04,B86857,71,1,MASc KA 40 blocks,sa,112,112,1,1
fb_04,B86909,71,1,MASc KA 40 blocks,sa,112,112,1,1
fb_04,B86909,71,1,MASc KA 40 blocks,sa,112,112,1,1
fb_05,B88642,71,1,MASc KA 40 blocks,sa,112,112,1,1
fb_05,B92731,71,1,MASc KA 40 blocks,sa,112,112,1,1
fb_05,B92731,71,1,MASc KA 40 blocks,sa,112,112,1,1
fb_06,B86909,71,1,MASc KA 40 blocks,sa,112,112,1,1
fb_06,B88642,71,1,MASc KA 40 blocks,sa,112,112,1,1
fb_06,B92731,71,1,MASc KA 40 blocks,sa,112,112,1,1
fb_01,B77363,72,1,MASc KA 40 blocks,sa,112,112,1,1
fb_01,B86909,72,1,MASc KA 40 blocks,sa,112,112,1,1
fb_01,B86909,72,1,MASc KA 40 blocks,sa,112,112,1,1
fb_02,B86909,72,1,MASc KA 40 blocks,sa,112,112,1,1
fb_02,B91247,72,1,MASc KA 40 blocks,sa,112,112,1,1
fb_02,B91247,72,1,MASc KA 40 blocks,sa,112,112,1,1
fb_03,B77252,72,1,MASc KA 40 blocks,sa,112,112,1,1
fb_03,B86553,72,1,MASc KA 40 blocks,sa,112,112,1,1
fb_03,B86553,72,1,MASc KA 40 blocks,sa,112,112,1,1
fb_04,B86553,72,1,MASc KA 40 blocks,sa,112,112,1,1
fb_04,B86553,72,1,MASc KA 40 blocks,sa,112,112,1,1
fb_04,B86553,72,1,MASc KA 40 blocks,sa,112,112,1,1
fb_05,B86909,72,1,MASc KA 40 blocks,sa,112,112,1,1
fb_05,B92731,72,1,MASc KA 40 blocks,sa,112,112,1,1
fb_05,B92731,72,1,MASc KA 40 blocks,sa,112,112,1,1
fb_06,B77651,72,1,MASc KA 40 blocks,sa,112,112,1,1
fb_06,B86909,72,1,MASc KA 40 blocks,sa,112,112,1,1
fb_06,B94657,72,1,MASc KA 40 blocks,sa,112,112,1,1
fb_01,B77363,73,1,MASc KA 40 blocks,sa,112,112,1,1
fb_01,B82792,73,1,MASc KA 40 blocks,sa,112,112,1,1
fb_01,B86857,73,1,MASc KA 40 blocks,sa,112,112,1,1
fb_02,B91247,73,1,MASc KA 40 blocks,sa,112,112,1,1
fb_02,B92912,73,1,MASc KA 40 blocks,sa,112,112,1,1
fb_02,B95247,73,1,MASc KA 40 blocks,sa,112,112,1,1
fb_03,B86553,73,1,MASc KA 40 blocks,sa,112,112,1,1
fb_03,B86857,73,1,MASc KA 40 blocks,sa,112,112,1,1
fb_03,B86909,73,1,MASc KA 40 blocks,sa,112,112,1,1
fb_04,B86553,73,1,MASc KA 40 blocks,sa,112,112,1,1
fb_04,B86553,73,1,MASc KA 40 blocks,sa,112,112,1,1
fb_04,B86909,73,1,MASc KA 40 blocks,sa,112,112,1,1
fb_05,B86909,73,1,MASc KA 40 blocks,sa,112,112,1,1
fb_05,B88406,73,1,MASc KA 40 blocks,sa,112,112,1,1
fb_05,B92731,73,1,MASc KA 40 blocks,sa,112,112,1,1
fb_06,B78567,73,1,MASc KA 40 blocks,sa,112,112,1,1
fb_06,B86909,73,1,MASc KA 40 blocks,sa,112,112,1,1
fb_06,B88406,73,1,MASc KA 40 blocks,sa,112,112,1,1
fb_01,B78910,74,1,MASc KA 40 blocks,sa,112,112,1,1
fb_01,B86857,74,1,MASc KA 40 blocks,sa,112,112,1,1
fb_01,B86909,74,1,MASc KA 40 blocks,sa,112,112,1,1
fb_02,B76352,74,1,MASc KA 40 blocks,sa,112,112,1,1
fb_02,B76352,74,1,MASc KA 40 blocks,sa,112,112,1,1
fb_02,B86909,74,1,MASc KA 40 blocks,sa,112,112,1,1
fb_03,B86553,74,1,MASc KA 40 blocks,sa,112,112,1,1
fb_03,B86553,74,1,MASc KA 40 blocks,sa,112,112,1,1
fb_03,B88406,74,1,MASc KA 40 blocks,sa,112,112,1,1
fb_04,B86857,74,1,MASc KA 40 blocks,sa,112,112,1,1
fb_04,B86857,74,1,MASc KA 40 blocks,sa,112,112,1,1
fb_04,B86857,74,1,MASc KA 40 blocks,sa,112,112,1,1
fb_05,B86909,74,1,MASc KA 40 blocks,sa,112,112,1,1
fb_05,B86909,74,1,MASc KA 40 blocks,sa,112,112,1,1
fb_05,B92731,74,1,MASc KA 40 blocks,sa,112,112,1,1
fb_06,B83630,74,1,MASc KA 40 blocks,sa,112,112,1,1
fb_06,B86857,74,1,MASc KA 40 blocks,sa,112,112,1,1
fb_06,B86909,74,1,MASc KA 40 blocks,sa,112,112,1,1
fb_01,B82792,75,1,MASc KA 40 blocks,sa,112,112,1,1
fb_01,B86909,75,1,MASc KA 40 blocks,sa,112,112,1,1
fb_01,B86909,75,1,MASc KA 40 blocks,sa,112,112,1,1
fb_02,B91247,75,1,MASc KA 40 blocks,sa,112,112,1,1
fb_02,B95247,75,1,MASc KA 40 blocks,sa,112,112,1,1
fb_02,B95247,75,1,MASc KA 40 blocks,sa,112,112,1,1
fb_03,B86909,75,1,MASc KA 40 blocks,sa,112,112,1,1
fb_03,B88406,75,1,MASc KA 40 blocks,sa,112,112,1,1
fb_03,B88642,75,1,MASc KA 40 blocks,sa,112,112,1,1
fb_04,B86553,75,1,MASc KA 40 blocks,sa,112,112,1,1
fb_04,B86553,75,1,MASc KA 40 blocks,sa,112,112,1,1
fb_04,B86909,75,1,MASc KA 40 blocks,sa,112,112,1,1
fb_05,B86857,75,1,MASc KA 40 blocks,sa,112,112,1,1
fb_05,B86909,75,1,MASc KA 40 blocks,sa,112,112,1,1
fb_05,B92731,75,1,MASc KA 40 blocks,sa,112,112,1,1
fb_06,B86857,75,1,MASc KA 40 blocks,sa,112,112,1,1
fb_06,B86857,75,1,MASc KA 40 blocks,sa,112,112,1,1
fb_06,B92731,75,1,MASc KA 40 blocks,sa,112,112,1,1
fb_01,B74735,76,1,MASc KA 40 blocks,sa,112,112,1,1
fb_01,B77363,76,1,MASc KA 40 blocks,sa,112,112,1,1
fb_01,B86909,76,1,MASc KA 40 blocks,sa,112,112,1,1
fb_02,B86909,76,1,MASc KA 40 blocks,sa,112,112,1,1
fb_02,B86909,76,1,MASc KA 40 blocks,sa,112,112,1,1
fb_02,B95247,76,1,MASc KA 40 blocks,sa,112,112,1,1
fb_03,B77651,76,1,MASc KA 40 blocks,sa,112,112,1,1
fb_03,B86857,76,1,MASc KA 40 blocks,sa,112,112,1,1
fb_03,B94657,76,1,MASc KA 40 blocks,sa,112,112,1,1
fb_04,B86553,76,1,MASc KA 40 blocks,sa,112,112,1,1
fb_04,B86553,76,1,MASc KA 40 blocks,sa,112,112,1,1
fb_04,B88642,76,1,MASc KA 40 blocks,sa,112,112,1,1
fb_05,B88642,76,1,MASc KA 40 blocks,sa,112,112,1,1
fb_05,B91247,76,1,MASc KA 40 blocks,sa,112,112,1,1
fb_05,B92731,76,1,MASc KA 40 blocks,sa,112,112,1,1
fb_06,B83275,76,1,MASc KA 40 blocks,sa,112,112,1,1
fb_06,B91247,76,1,MASc KA 40 blocks,sa,112,112,1,1
fb_06,B95247,76,1,MASc KA 40 blocks,sa,112,112,1,1
fb_01,B77363,77,1,MASc KA 40 blocks,sa,112,112,1,1
fb_01,B78910,77,1,MASc KA 40 blocks,sa,112,112,1,1
fb_01,B91247,77,1,MASc KA 40 blocks,sa,112,112,1,1
fb_02,B77363,77,1,MASc KA 40 blocks,sa,112,112,1,1
fb_02,B78910,77,1,MASc KA 40 blocks,sa,112,112,1,1
fb_02,B95247,77,1,MASc KA 40 blocks,sa,112,112,1,1
fb_03,B86553,77,1,MASc KA 40 blocks,sa,112,112,1,1
fb_03,B86553,77,1,MASc KA 40 blocks,sa,112,112,1,1
fb_03,B88406,77,1,MASc KA 40 blocks,sa,112,112,1,1
fb_04,B83630,77,1,MASc KA 40 blocks,sa,112,112,1,1
fb_04,B86553,77,1,MASc KA 40 blocks,sa,112,112,1,1
fb_04,B86857,77,1,MASc KA 40 blocks,sa,112,112,1,1
fb_05,B86909,77,1,MASc KA 40 blocks,sa,112,112,1,1
fb_05,B88406,77,1,MASc KA 40 blocks,sa,112,112,1,1
fb_05,B88642,77,1,MASc KA 40 blocks,sa,112,112,1,1
fb_06,B86857,77,1,MASc KA 40 blocks,sa,112,112,1,1
fb_06,B86909,77,1,MASc KA 40 blocks,sa,112,112,1,1
fb_06,B86909,77,1,MASc KA 40 blocks,sa,112,112,1,1
fb_01,B82792,78,1,MASc KA 40 blocks,sa,112,112,1,1
fb_01,B86857,78,1,MASc KA 40 blocks,sa,112,112,1,1
fb_01,B86857,78,1,MASc KA 40 blocks,sa,112,112,1,1
fb_02,B86857,78,1,MASc KA 40 blocks,sa,112,112,1,1
fb_02,B91247,78,1,MASc KA 40 blocks,sa,112,112,1,1
fb_02,B95247,78,1,MASc KA 40 blocks,sa,112,112,1,1
fb_03,B86553,78,1,MASc KA 40 blocks,sa,112,112,1,1
fb_03,B86857,78,1,MASc KA 40 blocks,sa,112,112,1,1
fb_03,B86909,78,1,MASc KA 40 blocks,sa,112,112,1,1
fb_04,B86553,78,1,MASc KA 40 blocks,sa,112,112,1,1
fb_04,B86909,78,1,MASc KA 40 blocks,sa,112,112,1,1
fb_04,B86909,78,1,MASc KA 40 blocks,sa,112,112,1,1
fb_05,B86857,78,1,MASc KA 40 blocks,sa,112,112,1,1
fb_05,B86909,78,1,MASc KA 40 blocks,sa,112,112,1,1
fb_05,B86909,78,1,MASc KA 40 blocks,sa,112,112,1,1
fb_06,B86909,78,1,MASc KA 40 blocks,sa,112,112,1,1
fb_06,B88642,78,1,MASc KA 40 blocks,sa,112,112,1,1
fb_06,B92731,78,1,MASc KA 40 blocks,sa,112,112,1,1
fb_01,B77363,79,1,MASc KA 40 blocks,sa,112,112,1,1
fb_01,B78910,79,1,MASc KA 40 blocks,sa,112,112,1,1
fb_01,B82792,79,1,MASc KA 40 blocks,sa,112,112,1,1
fb_02,B77363,79,1,MASc KA 40 blocks,sa,112,112,1,1
fb_02,B78910,79,1,MASc KA 40 blocks,sa,112,112,1,1
fb_02,B95247,79,1,MASc KA 40 blocks,sa,112,112,1,1
fb_03,B86857,79,1,MASc KA 40 blocks,sa,112,112,1,1
fb_03,B86857,79,1,MASc KA 40 blocks,sa,112,112,1,1
fb_03,B86857,79,1,MASc KA 40 blocks,sa,112,112,1,1
fb_04,B86857,79,1,MASc KA 40 blocks,sa,112,112,1,1
fb_04,B86857,79,1,MASc KA 40 blocks,sa,112,112,1,1
fb_04,B86857,79,1,MASc KA 40 blocks,sa,112,112,1,1
fb_05,B86553,79,1,MASc KA 40 blocks,sa,112,112,1,1
fb_05,B86553,79,1,MASc KA 40 blocks,sa,112,112,1,1
fb_05,B86553,79,1,MASc KA 40 blocks,sa,112,112,1,1
fb_06,B86553,79,1,MASc KA 40 blocks,sa,112,112,1,1
fb_06,B86553,79,1,MASc KA 40 blocks,sa,112,112,1,1
fb_06,B86909,79,1,MASc KA 40 blocks,sa,112,112,1,1
fb_01,B78910,80,1,MASc KA 40 blocks,sa,112,112,1,1
fb_01,B86857,80,1,MASc KA 40 blocks,sa,112,112,1,1
fb_01,B95247,80,1,MASc KA 40 blocks,sa,112,112,1,1
fb_02,B86909,80,1,MASc KA 40 blocks,sa,112,112,1,1
fb_02,B91247,80,1,MASc KA 40 blocks,sa,112,112,1,1
fb_02,B91247,80,1,MASc KA 40 blocks,sa,112,112,1,1
fb_03,B86857,80,1,MASc KA 40 blocks,sa,112,112,1,1
fb_03,B86857,80,1,MASc KA 40 blocks,sa,112,112,1,1
fb_03,B86909,80,1,MASc KA 40 blocks,sa,112,112,1,1
fb_04,B86857,80,1,MASc KA 40 blocks,sa,112,112,1,1
fb_04,B86857,80,1,MASc KA 40 blocks,sa,112,112,1,1
fb_04,B86909,80,1,MASc KA 40 blocks,sa,112,112,1,1
fb_05,B86553,80,1,MASc KA 40 blocks,sa,112,112,1,1
fb_05,B88406,80,1,MASc KA 40 blocks,sa,112,112,1,1
fb_05,B91247,80,1,MASc KA 40 blocks,sa,112,112,1,1
fb_06,B86553,80,1,MASc KA 40 blocks,sa,112,112,1,1
fb_06,B86553,80,1,MASc KA 40 blocks,sa,112,112,1,1
fb_06,B86909,80,1,MASc KA 40 blocks,sa,112,112,1,1
fb_01,B77363,81,1,MASc KA 40 blocks,sa,112,112,1,1
fb_01,B78910,81,1,MASc KA 40 blocks,sa,112,112,1,1
fb_01,B82792,81,1,MASc KA 40 blocks,sa,112,112,1,1
fb_02,B77363,81,1,MASc KA 40 blocks,sa,112,112,1,1
fb_02,B92962,81,1,MASc KA 40 blocks,sa,112,112,1,1
fb_02,B95247,81,1,MASc KA 40 blocks,sa,112,112,1,1
fb_03,B86857,81,1,MASc KA 40 blocks,sa,112,112,1,1
fb_03,B86857,81,1,MASc KA 40 blocks,sa,112,112,1,1
fb_03,B86857,81,1,MASc KA 40 blocks,sa,112,112,1,1
fb_04,B86857,81,1,MASc KA 40 blocks,sa,112,112,1,1
fb_04,B86857,81,1,MASc KA 40 blocks,sa,112,112,1,1
fb_04,B86857,81,1,MASc KA 40 blocks,sa,112,112,1,1
fb_05,B86553,81,1,MASc KA 40 blocks,sa,112,112,1,1
fb_05,B86553,81,1,MASc KA 40 blocks,sa,112,112,1,1
fb_05,B86553,81,1,MASc KA 40 blocks,sa,112,112,1,1
fb_06,B86553,81,1,MASc KA 40 blocks,sa,112,112,1,1
fb_06,B86553,81,1,MASc KA 40 blocks,sa,112,112,1,1
fb_06,B86553,81,1,MASc KA 40 blocks,sa,112,112,1,1
fb_01,B77363,82,1,MASc KA 40 blocks,sa,112,112,1,1
fb_01,B78910,82,1,MASc KA 40 blocks,sa,112,112,1,1
fb_01,B82792,82,1,MASc KA 40 blocks,sa,112,112,1,1
fb_02,B77363,82,1,MASc KA 40 blocks,sa,112,112,1,1
fb_02,B78910,82,1,MASc KA 40 blocks,sa,112,112,1,1
fb_02,B91247,82,1,MASc KA 40 blocks,sa,112,112,1,1
fb_03,B86857,82,1,MASc KA 40 blocks,sa,112,112,1,1
fb_03,B86857,82,1,MASc KA 40 blocks,sa,112,112,1,1
fb_03,B86857,82,1,MASc KA 40 blocks,sa,112,112,1,1
fb_04,B86857,82,1,MASc KA 40 blocks,sa,112,112,1,1
fb_04,B86857,82,1,MASc KA 40 blocks,sa,112,112,1,1
fb_04,B86857,82,1,MASc KA 40 blocks,sa,112,112,1,1
fb_05,B86553,82,1,MASc KA 40 blocks,sa,112,112,1,1
fb_05,B86553,82,1,MASc KA 40 blocks,sa,112,112,1,1
fb_05,B86553,82,1,MASc KA 40 blocks,sa,112,112,1,1
fb_06,B86553,82,1,MASc KA 40 blocks,sa,112,112,1,1
fb_06,B86553,82,1,MASc KA 40 blocks,sa,112,112,1,1
fb_06,B86553,82,1,MASc KA 40 blocks,sa,112,112,1,1
fb_01,B86857,83,1,MASc KA 40 blocks,sa,112,112,1,1
fb_01,B86909,83,1,MASc KA 40 blocks,sa,112,112,1,1
fb_01,B91247,83,1,MASc KA 40 blocks,sa,112,112,1,1
fb_02,B86909,83,1,MASc KA 40 blocks,sa,112,112,1,1
fb_02,B92962,83,1,MASc KA 40 blocks,sa,112,112,1,1
fb_02,B98430,83,1,MASc KA 40 blocks,sa,112,112,1,1
fb_03,B86857,83,1,MASc KA 40 blocks,sa,112,112,1,1
fb_03,B86909,83,1,MASc KA 40 blocks,sa,112,112,1,1
fb_03,B86909,83,1,MASc KA 40 blocks,sa,112,112,1,1
fb_04,B86857,83,1,MASc KA 40 blocks,sa,112,112,1,1
fb_04,B86857,83,1,MASc KA 40 blocks,sa,112,112,1,1
fb_04,B86909,83,1,MASc KA 40 blocks,sa,112,112,1,1
fb_05,B86857,83,1,MASc KA 40 blocks,sa,112,112,1,1
fb_05,B86909,83,1,MASc KA 40 blocks,sa,112,112,1,1
fb_05,B91247,83,1,MASc KA 40 blocks,sa,112,112,1,1
fb_06,B86857,83,1,MASc KA 40 blocks,sa,112,112,1,1
fb_06,B88642,83,1,MASc KA 40 blocks,sa,112,112,1,1
fb_06,B92731,83,1,MASc KA 40 blocks,sa,112,112,1,1
fb_01,B78910,84,1,MASc KA 40 blocks,sa,112,112,1,1
fb_01,B82792,84,1,MASc KA 40 blocks,sa,112,112,1,1
fb_01,B91247,84,1,MASc KA 40 blocks,sa,112,112,1,1
fb_02,B78910,84,1,MASc KA 40 blocks,sa,112,112,1,1
fb_02,B82792,84,1,MASc KA 40 blocks,sa,112,112,1,1
fb_02,B91247,84,1,MASc KA 40 blocks,sa,112,112,1,1
fb_03,B86857,84,1,MASc KA 40 blocks,sa,112,112,1,1
fb_03,B86909,84,1,MASc KA 40 blocks,sa,112,112,1,1
fb_03,B86909,84,1,MASc KA 40 blocks,sa,112,112,1,1
fb_04,B86857,84,1,MASc KA 40 blocks,sa,112,112,1,1
fb_04,B86857,84,1,MASc KA 40 blocks,sa,112,112,1,1
fb_04,B86909,84,1,MASc KA 40 blocks,sa,112,112,1,1
fb_05,B86857,84,1,MASc KA 40 blocks,sa,112,112,1,1
fb_05,B86909,84,1,MASc KA 40 blocks,sa,112,112,1,1
fb_05,B86909,84,1,MASc KA 40 blocks,sa,112,112,1,1
fb_06,B86857,84,1,MASc KA 40 blocks,sa,112,112,1,1
fb_06,B86857,84,1,MASc KA 40 blocks,sa,112,112,1,1
fb_06,B86909,84,1,MASc KA 40 blocks,sa,112,112,1,1
fb_01,B82792,85,1,MASc KA 40 blocks,sa,112,112,1,1
fb_01,B86909,85,1,MASc KA 40 blocks,sa,112,112,1,1
fb_01,B86909,85,1,MASc KA 40 blocks,sa,112,112,1,1
fb_02,B92962,85,1,MASc KA 40 blocks,sa,112,112,1,1
fb_02,B95247,85,1,MASc KA 40 blocks,sa,112,112,1,1
fb_02,B98430,85,1,MASc KA 40 blocks,sa,112,112,1,1
fb_03,B86857,85,1,MASc KA 40 blocks,sa,112,112,1,1
fb_03,B86909,85,1,MASc KA 40 blocks,sa,112,112,1,1
fb_03,B86909,85,1,MASc KA 40 blocks,sa,112,112,1,1
fb_04,B86857,85,1,MASc KA 40 blocks,sa,112,112,1,1
fb_04,B86909,85,1,MASc KA 40 blocks,sa,112,112,1,1
fb_04,B88642,85,1,MASc KA 40 blocks,sa,112,112,1,1
fb_05,B86857,85,1,MASc KA 40 blocks,sa,112,112,1,1
fb_05,B92731,85,1,MASc KA 40 blocks,sa,112,112,1,1
fb_05,B94657,85,1,MASc KA 40 blocks,sa,112,112,1,1
fb_06,B86857,85,1,MASc KA 40 blocks,sa,112,112,1,1
fb_06,B86857,85,1,MASc KA 40 blocks,sa,112,112,1,1
fb_06,B92731,85,1,MASc KA 40 blocks,sa,112,112,1,1
fb_01,B77363,86,1,MASc KA 40 blocks,sa,112,112,1,1
fb_01,B78910,86,1,MASc KA 40 blocks,sa,112,112,1,1
fb_01,B82792,86,1,MASc KA 40 blocks,sa,112,112,1,1
fb_02,B78910,86,1,MASc KA 40 blocks,sa,112,112,1,1
fb_02,B91247,86,1,MASc KA 40 blocks,sa,112,112,1,1
fb_02,B91247,86,1,MASc KA 40 blocks,sa,112,112,1,1
fb_03,B86857,86,1,MASc KA 40 blocks,sa,112,112,1,1
fb_03,B86909,86,1,MASc KA 40 blocks,sa,112,112,1,1
fb_03,B86909,86,1,MASc KA 40 blocks,sa,112,112,1,1
fb_04,B86857,86,1,MASc KA 40 blocks,sa,112,112,1,1
fb_04,B86857,86,1,MASc KA 40 blocks,sa,112,112,1,1
fb_04,B86909,86,1,MASc KA 40 blocks,sa,112,112,1,1
fb_05,B86857,86,1,MASc KA 40 blocks,sa,112,112,1,1
fb_05,B86909,86,1,MASc KA 40 blocks,sa,112,112,1,1
fb_05,B86909,86,1,MASc KA 40 blocks,sa,112,112,1,1
fb_06,B78567,86,1,MASc KA 40 blocks,sa,112,112,1,1
fb_06,B86857,86,1,MASc KA 40 blocks,sa,112,112,1,1
fb_06,B86909,86,1,MASc KA 40 blocks,sa,112,112,1,1
fb_01,B77363,87,1,MASc KA 40 blocks,sa,112,112,1,1
fb_01,B86857,87,1,MASc KA 40 blocks,sa,112,112,1,1
fb_01,B86857,87,1,MASc KA 40 blocks,sa,112,112,1,1
fb_02,B77363,87,1,MASc KA 40 blocks,sa,112,112,1,1
fb_02,B96294,87,1,MASc KA 40 blocks,sa,112,112,1,1
fb_02,B98430,87,1,MASc KA 40 blocks,sa,112,112,1,1
fb_03,B86909,87,1,MASc KA 40 blocks,sa,112,112,1,1
fb_03,B86909,87,1,MASc KA 40 blocks,sa,112,112,1,1
fb_03,B86909,87,1,MASc KA 40 blocks,sa,112,112,1,1
fb_04,B86857,87,1,MASc KA 40 blocks,sa,112,112,1,1
fb_04,B86909,87,1,MASc KA 40 blocks,sa,112,112,1,1
fb_04,B91173,87,1,MASc KA 40 blocks,sa,112,112,1,1
fb_05,B86909,87,1,MASc KA 40 blocks,sa,112,112,1,1
fb_05,B92731,87,1,MASc KA 40 blocks,sa,112,112,1,1
fb_05,B92731,87,1,MASc KA 40 blocks,sa,112,112,1,1
fb_06,B78567,87,1,MASc KA 40 blocks,sa,112,112,1,1
fb_06,B86857,87,1,MASc KA 40 blocks,sa,112,112,1,1
fb_06,B92962,87,1,MASc KA 40 blocks,sa,112,112,1,1
fb_01,B78910,88,1,MASc KA 40 blocks,sa,112,112,1,1
fb_01,B82792,88,1,MASc KA 40 blocks,sa,112,112,1,1
fb_01,B91247,88,1,MASc KA 40 blocks,sa,112,112,1,1
fb_02,B78910,88,1,MASc KA 40 blocks,sa,112,112,1,1
fb_02,B86909,88,1,MASc KA 40 blocks,sa,112,112,1,1
fb_02,B95834,88,1,MASc KA 40 blocks,sa,112,112,1,1
fb_03,B86909,88,1,MASc KA 40 blocks,sa,112,112,1,1
fb_03,B86909,88,1,MASc KA 40 blocks,sa,112,112,1,1
fb_03,B91247,88,1,MASc KA 40 blocks,sa,112,112,1,1
fb_04,B86857,88,1,MASc KA 40 blocks,sa,112,112,1,1
fb_04,B86857,88,1,MASc KA 40 blocks,sa,112,112,1,1
fb_04,B86909,88,1,MASc KA 40 blocks,sa,112,112,1,1
fb_05,B86857,88,1,MASc KA 40 blocks,sa,112,112,1,1
fb_05,B86909,88,1,MASc KA 40 blocks,sa,112,112,1,1
fb_05,B86909,88,1,MASc KA 40 blocks,sa,112,112,1,1
fb_06,B86857,88,1,MASc KA 40 blocks,sa,112,112,1,1
fb_06,B86857,88,1,MASc KA 40 blocks,sa,112,112,1,1
fb_06,B88642,88,1,MASc KA 40 blocks,sa,112,112,1,1
fb_01,B77363,89,1,MASc KA 40 blocks,sa,112,112,1,1
fb_01,B78910,89,1,MASc KA 40 blocks,sa,112,112,1,1
fb_01,B82792,89,1,MASc KA 40 blocks,sa,112,112,1,1
fb_02,B86553,89,1,MASc KA 40 blocks,sa,112,112,1,1
fb_02,B86857,89,1,MASc KA 40 blocks,sa,112,112,1,1
fb_02,B91247,89,1,MASc KA 40 blocks,sa,112,112,1,1
fb_03,B86909,89,1,MASc KA 40 blocks,sa,112,112,1,1
fb_03,B91247,89,1,MASc KA 40 blocks,sa,112,112,1,1
fb_03,B91247,89,1,MASc KA 40 blocks,sa,112,112,1,1
fb_04,B86857,89,1,MASc KA 40 blocks,sa,112,112,1,1
fb_04,B86857,89,1,MASc KA 40 blocks,sa,112,112,1,1
fb_04,B86909,89,1,MASc KA 40 blocks,sa,112,112,1,1
fb_05,B86857,89,1,MASc KA 40 blocks,sa,112,112,1,1
fb_05,B86909,89,1,MASc KA 40 blocks,sa,112,112,1,1
fb_05,B88642,89,1,MASc KA 40 blocks,sa,112,112,1,1
fb_06,B78567,89,1,MASc KA 40 blocks,sa,112,112,1,1
fb_06,B86909,89,1,MASc KA 40 blocks,sa,112,112,1,1
fb_06,B88642,89,1,MASc KA 40 blocks,sa,112,112,1,1
fb_01,B78910,90,1,MASc KA 40 blocks,sa,112,112,1,1
fb_01,B82792,90,1,MASc KA 40 blocks,sa,112,112,1,1
fb_01,B95247,90,1,MASc KA 40 blocks,sa,112,112,1,1
fb_02,B86857,90,1,MASc KA 40 blocks,sa,112,112,1,1
fb_02,B86909,90,1,MASc KA 40 blocks,sa,112,112,1,1
fb_02,B88901,90,1,MASc KA 40 blocks,sa,112,112,1,1
fb_03,B77363,90,1,MASc KA 40 blocks,sa,112,112,1,1
fb_03,B91247,90,1,MASc KA 40 blocks,sa,112,112,1,1
fb_03,B95247,90,1,MASc KA 40 blocks,sa,112,112,1,1
fb_04,B86857,90,1,MASc KA 40 blocks,sa,112,112,1,1
fb_04,B86909,90,1,MASc KA 40 blocks,sa,112,112,1,1
fb_04,B86909,90,1,MASc KA 40 blocks,sa,112,112,1,1
fb_05,B86857,90,1,MASc KA 40 blocks,sa,112,112,1,1
fb_05,B86857,90,1,MASc KA 40 blocks,sa,112,112,1,1
fb_05,B86909,90,1,MASc KA 40 blocks,sa,112,112,1,1
fb_06,B78910,90,1,MASc KA 40 blocks,sa,112,112,1,1
fb_06,B86857,90,1,MASc KA 40 blocks,sa,112,112,1,1
fb_06,B86909,90,1,MASc KA 40 blocks,sa,112,112,1,1
fb_01,B82792,91,1,MASc KA 40 blocks,sa,112,112,1,1
fb_01,B91247,91,1,MASc KA 40 blocks,sa,112,112,1,1
fb_01,B91247,91,1,MASc KA 40 blocks,sa,112,112,1,1
fb_02,B78567,91,1,MASc KA 40 blocks,sa,112,112,1,1
fb_02,B86857,91,1,MASc KA 40 blocks,sa,112,112,1,1
fb_02,B86857,91,1,MASc KA 40 blocks,sa,112,112,1,1
fb_03,B86909,91,1,MASc KA 40 blocks,sa,112,112,1,1
fb_03,B91247,91,1,MASc KA 40 blocks,sa,112,112,1,1
fb_03,B95247,91,1,MASc KA 40 blocks,sa,112,112,1,1
fb_04,B82792,91,1,MASc KA 40 blocks,sa,112,112,1,1
fb_04,B86857,91,1,MASc KA 40 blocks,sa,112,112,1,1
fb_04,B86909,91,1,MASc KA 40 blocks,sa,112,112,1,1
fb_05,B78567,91,1,MASc KA 40 blocks,sa,112,112,1,1
fb_05,B86857,91,1,MASc KA 40 blocks,sa,112,112,1,1
fb_05,B88642,91,1,MASc KA 40 blocks,sa,112,112,1,1
fb_06,B78567,91,1,MASc KA 40 blocks,sa,112,112,1,1
fb_06,B86857,91,1,MASc KA 40 blocks,sa,112,112,1,1
fb_06,B92962,91,1,MASc KA 40 blocks,sa,112,112,1,1
fb_01,B77363,92,1,MASc KA 40 blocks,sa,112,112,1,1
fb_01,B78910,92,1,MASc KA 40 blocks,sa,112,112,1,1
fb_01,B82792,92,1,MASc KA 40 blocks,sa,112,112,1,1
fb_02,B78910,92,1,MASc KA 40 blocks,sa,112,112,1,1
fb_02,B92962,92,1,MASc KA 40 blocks,sa,112,112,1,1
fb_02,B95247,92,1,MASc KA 40 blocks,sa,112,112,1,1
fb_03,B86909,92,1,MASc KA 40 blocks,sa,112,112,1,1
fb_03,B86909,92,1,MASc KA 40 blocks,sa,112,112,1,1
fb_03,B95247,92,1,MASc KA 40 blocks,sa,112,112,1,1
fb_04,B86857,92,1,MASc KA 40 blocks,sa,112,112,1,1
fb_04,B86909,92,1,MASc KA 40 blocks,sa,112,112,1,1
fb_04,B86909,92,1,MASc KA 40 blocks,sa,112,112,1,1
fb_05,B86857,92,1,MASc KA 40 blocks,sa,112,112,1,1
fb_05,B86909,92,1,MASc KA 40 blocks,sa,112,112,1,1
fb_05,B86909,92,1,MASc KA 40 blocks,sa,112,112,1,1
fb_06,B86857,92,1,MASc KA 40 blocks,sa,112,112,1,1
fb_06,B91247,92,1,MASc KA 40 blocks,sa,112,112,1,1
fb_06,B95247,92,1,MASc KA 40 blocks,sa,112,112,1,1
fb_01,B77363,93,1,MASc KA 40 blocks,sa,112,112,1,1
fb_01,B78910,93,1,MASc KA 40 blocks,sa,112,112,1,1
fb_01,B82792,93,1,MASc KA 40 blocks,sa,112,112,1,1
fb_02,B86857,93,1,MASc KA 40 blocks,sa,112,112,1,1
fb_02,B91247,93,1,MASc KA 40 blocks,sa,112,112,1,1
fb_02,B95247,93,1,MASc KA 40 blocks,sa,112,112,1,1
fb_03,B86857,93,1,MASc KA 40 blocks,sa,112,112,1,1
fb_03,B91247,93,1,MASc KA 40 blocks,sa,112,112,1,1
fb_03,B95247,93,1,MASc KA 40 blocks,sa,112,112,1,1
fb_04,B86857,93,1,MASc KA 40 blocks,sa,112,112,1,1
fb_04,B86909,93,1,MASc KA 40 blocks,sa,112,112,1,1
fb_04,B86909,93,1,MASc KA 40 blocks,sa,112,112,1,1
fb_05,B86909,93,1,MASc KA 40 blocks,sa,112,112,1,1
fb_05,B86909,93,1,MASc KA 40 blocks,sa,112,112,1,1
fb_05,B86909,93,1,MASc KA 40 blocks,sa,112,112,1,1
fb_06,B78567,93,1,MASc KA 40 blocks,sa,112,112,1,1
fb_06,B92731,93,1,MASc KA 40 blocks,sa,112,112,1,1
fb_06,B95247,93,1,MASc KA 40 blocks,sa,112,112,1,1
fb_01,B77363,94,1,MASc KA 40 blocks,sa,112,112,1,1
fb_01,B78910,94,1,MASc KA 40 blocks,sa,112,112,1,1
fb_01,B82792,94,1,MASc KA 40 blocks,sa,112,112,1,1
fb_02,B77363,94,1,MASc KA 40 blocks,sa,112,112,1,1
fb_02,B78910,94,1,MASc KA 40 blocks,sa,112,112,1,1
fb_02,B91247,94,1,MASc KA 40 blocks,sa,112,112,1,1
fb_03,B82792,94,1,MASc KA 40 blocks,sa,112,112,1,1
fb_03,B91247,94,1,MASc KA 40 blocks,sa,112,112,1,1
fb_03,B95247,94,1,MASc KA 40 blocks,sa,112,112,1,1
fb_04,B86857,94,1,MASc KA 40 blocks,sa,112,112,1,1
fb_04,B86909,94,1,MASc KA 40 blocks,sa,112,112,1,1
fb_04,B95247,94,1,MASc KA 40 blocks,sa,112,112,1,1
fb_05,B86857,94,1,MASc KA 40 blocks,sa,112,112,1,1
fb_05,B86909,94,1,MASc KA 40 blocks,sa,112,112,1,1
fb_05,B95247,94,1,MASc KA 40 blocks,sa,112,112,1,1
fb_06,B86857,94,1,MASc KA 40 blocks,sa,112,112,1,1
fb_06,B86857,94,1,MASc KA 40 blocks,sa,112,112,1,1
fb_06,B86909,94,1,MASc KA 40 blocks,sa,112,112,1,1
fb_01,B77363,95,1,MASc KA 40 blocks,sa,112,112,1,1
fb_01,B78910,95,1,MASc KA 40 blocks,sa,112,112,1,1
fb_01,B91247,95,1,MASc KA 40 blocks,sa,112,112,1,1
fb_02,B77363,95,1,MASc KA 40 blocks,sa,112,112,1,1
fb_02,B96294,95,1,MASc KA 40 blocks,sa,112,112,1,1
fb_02,B98430,95,1,MASc KA 40 blocks,sa,112,112,1,1
fb_03,B78910,95,1,MASc KA 40 blocks,sa,112,112,1,1
fb_03,B91247,95,1,MASc KA 40 blocks,sa,112,112,1,1
fb_03,B95247,95,1,MASc KA 40 blocks,sa,112,112,1,1
fb_04,B86857,95,1,MASc KA 40 blocks,sa,112,112,1,1
fb_04,B86857,95,1,MASc KA 40 blocks,sa,112,112,1,1
fb_04,B86909,95,1,MASc KA 40 blocks,sa,112,112,1,1
fb_05,B78910,95,1,MASc KA 40 blocks,sa,112,112,1,1
fb_05,B86857,95,1,MASc KA 40 blocks,sa,112,112,1,1
fb_05,B86909,95,1,MASc KA 40 blocks,sa,112,112,1,1
fb_06,B86909,95,1,MASc KA 40 blocks,sa,112,112,1,1
fb_06,B86909,95,1,MASc KA 40 blocks,sa,112,112,1,1
fb_06,B88642,95,1,MASc KA 40 blocks,sa,112,112,1,1
fb_01,B78910,96,1,MASc KA 40 blocks,sa,112,112,1,1
fb_01,B82792,96,1,MASc KA 40 blocks,sa,112,112,1,1
fb_01,B86857,96,1,MASc KA 40 blocks,sa,112,112,1,1
fb_02,B77363,96,1,MASc KA 40 blocks,sa,112,112,1,1
fb_02,B92962,96,1,MASc KA 40 blocks,sa,112,112,1,1
fb_02,B95247,96,1,MASc KA 40 blocks,sa,112,112,1,1
fb_03,B77363,96,1,MASc KA 40 blocks,sa,112,112,1,1
fb_03,B78910,96,1,MASc KA 40 blocks,sa,112,112,1,1
fb_03,B95247,96,1,MASc KA 40 blocks,sa,112,112,1,1
fb_04,B86857,96,1,MASc KA 40 blocks,sa,112,112,1,1
fb_04,B86857,96,1,MASc KA 40 blocks,sa,112,112,1,1
fb_04,B86909,96,1,MASc KA 40 blocks,sa,112,112,1,1
fb_05,B77363,96,1,MASc KA 40 blocks,sa,112,112,1,1
fb_05,B86857,96,1,MASc KA 40 blocks,sa,112,112,1,1
fb_05,B86909,96,1,MASc KA 40 blocks,sa,112,112,1,1
fb_06,B86857,96,1,MASc KA 40 blocks,sa,112,112,1,1
fb_06,B86909,96,1,MASc KA 40 blocks,sa,112,112,1,1
fb_06,B92962,96,1,MASc KA 40 blocks,sa,112,112,1,1
fb_01,B77363,97,1,MASc KA 40 blocks,sa,112,112,1,1
fb_01,B78910,97,1,MASc KA 40 blocks,sa,112,112,1,1
fb_01,B82792,97,1,MASc KA 40 blocks,sa,112,112,1,1
fb_02,B91247,97,1,MASc KA 40 blocks,sa,112,112,1,1
fb_02,B91247,97,1,MASc KA 40 blocks,sa,112,112,1,1
fb_02,B92731,97,1,MASc KA 40 blocks,sa,112,112,1,1
fb_03,B86857,97,1,MASc KA 40 blocks,sa,112,112,1,1
fb_03,B86909,97,1,MASc KA 40 blocks,sa,112,112,1,1
fb_03,B92962,97,1,MASc KA 40 blocks,sa,112,112,1,1
fb_04,B78567,97,1,MASc KA 40 blocks,sa,112,112,1,1
fb_04,B86553,97,1,MASc KA 40 blocks,sa,112,112,1,1
fb_04,B86857,97,1,MASc KA 40 blocks,sa,112,112,1,1
fb_05,B86857,97,1,MASc KA 40 blocks,sa,112,112,1,1
fb_05,B86857,97,1,MASc KA 40 blocks,sa,112,112,1,1
fb_05,B86909,97,1,MASc KA 40 blocks,sa,112,112,1,1
fb_06,B86857,97,1,MASc KA 40 blocks,sa,112,112,1,1
fb_06,B86857,97,1,MASc KA 40 blocks,sa,112,112,1,1
fb_06,B86909,97,1,MASc KA 40 blocks,sa,112,112,1,1
fb_01,B77363,98,1,MASc KA 40 blocks,sa,112,112,1,1
fb_01,B78910,98,1,MASc KA 40 blocks,sa,112,112,1,1
fb_01,B82792,98,1,MASc KA 40 blocks,sa,112,112,1,1
fb_02,B78910,98,1,MASc KA 40 blocks,sa,112,112,1,1
fb_02,B82792,98,1,MASc KA 40 blocks,sa,112,112,1,1
fb_02,B88901,98,1,MASc KA 40 blocks,sa,112,112,1,1
fb_03,B86857,98,1,MASc KA 40 blocks,sa,112,112,1,1
fb_03,B92962,98,1,MASc KA 40 blocks,sa,112,112,1,1
fb_03,B95247,98,1,MASc KA 40 blocks,sa,112,112,1,1
fb_04,B84093,98,1,MASc KA 40 blocks,sa,112,112,1,1
fb_04,B86857,98,1,MASc KA 40 blocks,sa,112,112,1,1
fb_04,B95247,98,1,MASc KA 40 blocks,sa,112,112,1,1
fb_05,B86857,98,1,MASc KA 40 blocks,sa,112,112,1,1
fb_05,B86909,98,1,MASc KA 40 blocks,sa,112,112,1,1
fb_05,B91247,98,1,MASc KA 40 blocks,sa,112,112,1,1
fb_06,B86857,98,1,MASc KA 40 blocks,sa,112,112,1,1
fb_06,B86909,98,1,MASc KA 40 blocks,sa,112,112,1,1
fb_06,B86909,98,1,MASc KA 40 blocks,sa,112,112,1,1
fb_01,B77363,99,1,MASc KA 40 blocks,sa,112,112,1,1
fb_01,B78910,99,1,MASc KA 40 blocks,sa,112,112,1,1
fb_01,B86857,99,1,MASc KA 40 blocks,sa,112,112,1,1
fb_02,B77363,99,1,MASc KA 40 blocks,sa,112,112,1,1
fb_02,B86857,99,1,MASc KA 40 blocks,sa,112,112,1,1
fb_02,B95247,99,1,MASc KA 40 blocks,sa,112,112,1,1
fb_03,B82792,99,1,MASc KA 40 blocks,sa,112,112,1,1
fb_03,B86857,99,1,MASc KA 40 blocks,sa,112,112,1,1
fb_03,B92962,99,1,MASc KA 40 blocks,sa,112,112,1,1
fb_04,B86909,99,1,MASc KA 40 blocks,sa,112,112,1,1
fb_04,B91247,99,1,MASc KA 40 blocks,sa,112,112,1,1
fb_04,B95247,99,1,MASc KA 40 blocks,sa,112,112,1,1
fb_05,B86857,99,1,MASc KA 40 blocks,sa,112,112,1,1
fb_05,B86909,99,1,MASc KA 40 blocks,sa,112,112,1,1
fb_05,B91247,99,1,MASc KA 40 blocks,sa,112,112,1,1
fb_06,B86909,99,1,MASc KA 40 blocks,sa,112,112,1,1
fb_06,B86909,99,1,MASc KA 40 blocks,sa,112,112,1,1
fb_06,B86909,99,1,MASc KA 40 blocks,sa,112,112,1,1
fb_01,B78910,100,1,MASc KA 40 blocks,sa,112,112,1,1
fb_01,B82792,100,1,MASc KA 40 blocks,sa,112,112,1,1
fb_01,B91247,100,1,MASc KA 40 blocks,sa,112,112,1,1
fb_02,B82792,100,1,MASc KA 40 blocks,sa,112,112,1,1
fb_02,B86909,100,1,MASc KA 40 blocks,sa,112,112,1,1
fb_02,B92962,100,1,MASc KA 40 blocks,sa,112,112,1,1
fb_03,B77363,100,1,MASc KA 40 blocks,sa,112,112,1,1
fb_03,B96294,100,1,MASc KA 40 blocks,sa,112,112,1,1
fb_03,B98430,100,1,MASc KA 40 blocks,sa,112,112,1,1
fb_04,B86857,100,1,MASc KA 40 blocks,sa,112,112,1,1
fb_04,B91247,100,1,MASc KA 40 blocks,sa,112,112,1,1
fb_04,B91247,100,1,MASc KA 40 blocks,sa,112,112,1,1
fb_05,B86575,100,1,MASc KA 40 blocks,sa,112,112,1,1
fb_05,B86909,100,1,MASc KA 40 blocks,sa,112,112,1,1
fb_05,B88642,100,1,MASc KA 40 blocks,sa,112,112,1,1
fb_06,B86857,100,1,MASc KA 40 blocks,sa,112,112,1,1
fb_06,B86909,100,1,MASc KA 40 blocks,sa,112,112,1,1
fb_06,B86909,100,1,MASc KA 40 blocks,sa,112,112,1,1
fb_01,B78910,101,1,MASc KA 40 blocks,sa,112,112,1,1
fb_01,B82792,101,1,MASc KA 40 blocks,sa,112,112,1,1
fb_01,B86909,101,1,MASc KA 40 blocks,sa,112,112,1,1
fb_02,B86909,101,1,MASc KA 40 blocks,sa,112,112,1,1
fb_02,B92731,101,1,MASc KA 40 blocks,sa,112,112,1,1
fb_02,B98430,101,1,MASc KA 40 blocks,sa,112,112,1,1
fb_03,B77363,101,1,MASc KA 40 blocks,sa,112,112,1,1
fb_03,B91247,101,1,MASc KA 40 blocks,sa,112,112,1,1
fb_03,B95247,101,1,MASc KA 40 blocks,sa,112,112,1,1
fb_04,B77363,101,1,MASc KA 40 blocks,sa,112,112,1,1
fb_04,B78910,101,1,MASc KA 40 blocks,sa,112,112,1,1
fb_04,B91247,101,1,MASc KA 40 blocks,sa,112,112,1,1
fb_05,B78910,101,1,MASc KA 40 blocks,sa,112,112,1,1
fb_05,B86909,101,1,MASc KA 40 blocks,sa,112,112,1,1
fb_05,B91247,101,1,MASc KA 40 blocks,sa,112,112,1,1
fb_06,B86857,101,1,MASc KA 40 blocks,sa,112,112,1,1
fb_06,B86857,101,1,MASc KA 40 blocks,sa,112,112,1,1
fb_06,B86857,101,1,MASc KA 40 blocks,sa,112,112,1,1
fb_01,B77363,102,1,MASc KA 40 blocks,sa,112,112,1,1
fb_01,B82792,102,1,MASc KA 40 blocks,sa,112,112,1,1
fb_01,B86553,102,1,MASc KA 40 blocks,sa,112,112,1,1
fb_02,B77363,102,1,MASc KA 40 blocks,sa,112,112,1,1
fb_02,B82792,102,1,MASc KA 40 blocks,sa,112,112,1,1
fb_02,B88901,102,1,MASc KA 40 blocks,sa,112,112,1,1
fb_03,B77363,102,1,MASc KA 40 blocks,sa,112,112,1,1
fb_03,B86909,102,1,MASc KA 40 blocks,sa,112,112,1,1
fb_03,B91247,102,1,MASc KA 40 blocks,sa,112,112,1,1
fb_04,B78910,102,1,MASc KA 40 blocks,sa,112,112,1,1
fb_04,B91247,102,1,MASc KA 40 blocks,sa,112,112,1,1
fb_04,B92962,102,1,MASc KA 40 blocks,sa,112,112,1,1
fb_05,B88642,102,1,MASc KA 40 blocks,sa,112,112,1,1
fb_05,B95247,102,1,MASc KA 40 blocks,sa,112,112,1,1
fb_05,B96294,102,1,MASc KA 40 blocks,sa,112,112,1,1
fb_06,B86553,102,1,MASc KA 40 blocks,sa,112,112,1,1
fb_06,B86857,102,1,MASc KA 40 blocks,sa,112,112,1,1
fb_06,B86909,102,1,MASc KA 40 blocks,sa,112,112,1,1
fb_01,B78910,103,1,MASc KA 40 blocks,sa,112,112,1,1
fb_01,B82792,103,1,MASc KA 40 blocks,sa,112,112,1,1
fb_01,B88642,103,1,MASc KA 40 blocks,sa,112,112,1,1
fb_02,B77363,103,1,MASc KA 40 blocks,sa,112,112,1,1
fb_02,B78910,103,1,MASc KA 40 blocks,sa,112,112,1,1
fb_02,B98430,103,1,MASc KA 40 blocks,sa,112,112,1,1
fb_03,B91247,103,1,MASc KA 40 blocks,sa,112,112,1,1
fb_03,B92731,103,1,MASc KA 40 blocks,sa,112,112,1,1
fb_03,B92962,103,1,MASc KA 40 blocks,sa,112,112,1,1
fb_04,B91173,103,1,MASc KA 40 blocks,sa,112,112,1,1
fb_04,B91247,103,1,MASc KA 40 blocks,sa,112,112,1,1
fb_04,B98430,103,1,MASc KA 40 blocks,sa,112,112,1,1
fb_05,B77363,103,1,MASc KA 40 blocks,sa,112,112,1,1
fb_05,B86553,103,1,MASc KA 40 blocks,sa,112,112,1,1
fb_05,B86857,103,1,MASc KA 40 blocks,sa,112,112,1,1
fb_06,B86857,103,1,MASc KA 40 blocks,sa,112,112,1,1
fb_06,B86909,103,1,MASc KA 40 blocks,sa,112,112,1,1
fb_06,B95247,103,1,MASc KA 40 blocks,sa,112,112,1,1
fb_01,B77363,104,1,MASc KA 40 blocks,sa,112,112,1,1
fb_01,B78910,104,1,MASc KA 40 blocks,sa,112,112,1,1
fb_01,B82792,104,1,MASc KA 40 blocks,sa,112,112,1,1
fb_02,B88642,104,1,MASc KA 40 blocks,sa,112,112,1,1
fb_02,B95834,104,1,MASc KA 40 blocks,sa,112,112,1,1
fb_02,B96294,104,1,MASc KA 40 blocks,sa,112,112,1,1
fb_03,B77363,104,1,MASc KA 40 blocks,sa,112,112,1,1
fb_03,B88642,104,1,MASc KA 40 blocks,sa,112,112,1,1
fb_03,B94657,104,1,MASc KA 40 blocks,sa,112,112,1,1
fb_04,B91247,104,1,MASc KA 40 blocks,sa,112,112,1,1
fb_04,B92731,104,1,MASc KA 40 blocks,sa,112,112,1,1
fb_04,B95247,104,1,MASc KA 40 blocks,sa,112,112,1,1
fb_05,B78910,104,1,MASc KA 40 blocks,sa,112,112,1,1
fb_05,B95247,104,1,MASc KA 40 blocks,sa,112,112,1,1
fb_05,B96294,104,1,MASc KA 40 blocks,sa,112,112,1,1
fb_06,B82792,104,1,MASc KA 40 blocks,sa,112,112,1,1
fb_06,B86553,104,1,MASc KA 40 blocks,sa,112,112,1,1
fb_06,B86857,104,1,MASc KA 40 blocks,sa,112,112,1,1
fb_01,B77363,105,1,MASc KA 40 blocks,sa,112,112,1,1
fb_01,B78910,105,1,MASc KA 40 blocks,sa,112,112,1,1
fb_01,B82792,105,1,MASc KA 40 blocks,sa,112,112,1,1
fb_02,B86575,105,1,MASc KA 40 blocks,sa,112,112,1,1
fb_02,B91247,105,1,MASc KA 40 blocks,sa,112,112,1,1
fb_02,B92731,105,1,MASc KA 40 blocks,sa,112,112,1,1
fb_03,B77363,105,1,MASc KA 40 blocks,sa,112,112,1,1
fb_03,B88901,105,1,MASc KA 40 blocks,sa,112,112,1,1
fb_03,B91173,105,1,MASc KA 40 blocks,sa,112,112,1,1
fb_04,B77363,105,1,MASc KA 40 blocks,sa,112,112,1,1
fb_04,B78910,105,1,MASc KA 40 blocks,sa,112,112,1,1
fb_04,B82792,105,1,MASc KA 40 blocks,sa,112,112,1,1
fb_05,B82792,105,1,MASc KA 40 blocks,sa,112,112,1,1
fb_05,B92962,105,1,MASc KA 40 blocks,sa,112,112,1,1
fb_05,B95247,105,1,MASc KA 40 blocks,sa,112,112,1,1
fb_06,B77363,105,1,MASc KA 40 blocks,sa,112,112,1,1
fb_06,B86575,105,1,MASc KA 40 blocks,sa,112,112,1,1
fb_06,B95247,105,1,MASc KA 40 blocks,sa,112,112,1,1
fb_01,B77363,106,1,MASc KA 40 blocks,sa,112,112,1,1
fb_01,B78910,106,1,MASc KA 40 blocks,sa,112,112,1,1
fb_01,B82792,106,1,MASc KA 40 blocks,sa,112,112,1,1
fb_02,B77363,106,1,MASc KA 40 blocks,sa,112,112,1,1
fb_02,B88642,106,1,MASc KA 40 blocks,sa,112,112,1,1
fb_02,B88901,106,1,MASc KA 40 blocks,sa,112,112,1,1
fb_03,B91173,106,1,MASc KA 40 blocks,sa,112,112,1,1
fb_03,B96294,106,1,MASc KA 40 blocks,sa,112,112,1,1
fb_03,B98430,106,1,MASc KA 40 blocks,sa,112,112,1,1
fb_04,B78910,106,1,MASc KA 40 blocks,sa,112,112,1,1
fb_04,B95247,106,1,MASc KA 40 blocks,sa,112,112,1,1
fb_04,B95834,106,1,MASc KA 40 blocks,sa,112,112,1,1
fb_05,B77363,106,1,MASc KA 40 blocks,sa,112,112,1,1
fb_05,B78910,106,1,MASc KA 40 blocks,sa,112,112,1,1
fb_05,B95247,106,1,MASc KA 40 blocks,sa,112,112,1,1
fb_06,B78910,106,1,MASc KA 40 blocks,sa,112,112,1,1
fb_06,B86909,106,1,MASc KA 40 blocks,sa,112,112,1,1
fb_06,B86909,106,1,MASc KA 40 blocks,sa,112,112,1,1
fb_01,B77363,107,1,MASc KA 40 blocks,sa,112,112,1,1
fb_01,B77363,107,1,MASc KA 40 blocks,sa,112,112,1,1
fb_01,B78910,107,1,MASc KA 40 blocks,sa,112,112,1,1
fb_02,B82792,107,1,MASc KA 40 blocks,sa,112,112,1,1
fb_02,B84093,107,1,MASc KA 40 blocks,sa,112,112,1,1
fb_02,B86575,107,1,MASc KA 40 blocks,sa,112,112,1,1
fb_03,B88642,107,1,MASc KA 40 blocks,sa,112,112,1,1
fb_03,B88901,107,1,MASc KA 40 blocks,sa,112,112,1,1
fb_03,B91247,107,1,MASc KA 40 blocks,sa,112,112,1,1
fb_04,B77363,107,1,MASc KA 40 blocks,sa,112,112,1,1
fb_04,B96294,107,1,MASc KA 40 blocks,sa,112,112,1,1
fb_04,B98430,107,1,MASc KA 40 blocks,sa,112,112,1,1
fb_05,B78910,107,1,MASc KA 40 blocks,sa,112,112,1,1
fb_05,B88642,107,1,MASc KA 40 blocks,sa,112,112,1,1
fb_05,B91247,107,1,MASc KA 40 blocks,sa,112,112,1,1
fb_06,B86553,107,1,MASc KA 40 blocks,sa,112,112,1,1
fb_06,B86857,107,1,MASc KA 40 blocks,sa,112,112,1,1
fb_06,B92731,107,1,MASc KA 40 blocks,sa,112,112,1,1
fb_01,B77363,108,1,MASc KA 40 blocks,sa,112,112,1,1
fb_01,B78910,108,1,MASc KA 40 blocks,sa,112,112,1,1
fb_01,B82792,108,1,MASc KA 40 blocks,sa,112,112,1,1
fb_02,B91173,108,1,MASc KA 40 blocks,sa,112,112,1,1
fb_02,B95247,108,1,MASc KA 40 blocks,sa,112,112,1,1
fb_02,B98643,108,1,MASc KA 40 blocks,sa,112,112,1,1
fb_03,B78910,108,1,MASc KA 40 blocks,sa,112,112,1,1
fb_03,B86857,108,1,MASc KA 40 blocks,sa,112,112,1,1
fb_03,B98430,108,1,MASc KA 40 blocks,sa,112,112,1,1
fb_04,B78910,108,1,MASc KA 40 blocks,sa,112,112,1,1
fb_04,B82792,108,1,MASc KA 40 blocks,sa,112,112,1,1
fb_04,B82792,108,1,MASc KA 40 blocks,sa,112,112,1,1
fb_05,B78910,108,1,MASc KA 40 blocks,sa,112,112,1,1
fb_05,B88642,108,1,MASc KA 40 blocks,sa,112,112,1,1
fb_05,B91247,108,1,MASc KA 40 blocks,sa,112,112,1,1
fb_06,B77363,108,1,MASc KA 40 blocks,sa,112,112,1,1
fb_06,B77363,108,1,MASc KA 40 blocks,sa,112,112,1,1
fb_06,B77363,108,1,MASc KA 40 blocks,sa,112,112,1,1
fb_01,B77363,109,1,MASc KA 40 blocks,sa,112,112,1,1
fb_01,B78910,109,1,MASc KA 40 blocks,sa,112,112,1,1
fb_01,B82792,109,1,MASc KA 40 blocks,sa,112,112,1,1
fb_02,B84093,109,1,MASc KA 40 blocks,sa,112,112,1,1
fb_02,B88642,109,1,MASc KA 40 blocks,sa,112,112,1,1
fb_02,B98430,109,1,MASc KA 40 blocks,sa,112,112,1,1
fb_03,B82792,109,1,MASc KA 40 blocks,sa,112,112,1,1
fb_03,B91247,109,1,MASc KA 40 blocks,sa,112,112,1,1
fb_03,B91247,109,1,MASc KA 40 blocks,sa,112,112,1,1
fb_04,B86553,109,1,MASc KA 40 blocks,sa,112,112,1,1
fb_04,B86857,109,1,MASc KA 40 blocks,sa,112,112,1,1
fb_04,B96294,109,1,MASc KA 40 blocks,sa,112,112,1,1
fb_05,B77363,109,1,MASc KA 40 blocks,sa,112,112,1,1
fb_05,B78910,109,1,MASc KA 40 blocks,sa,112,112,1,1
fb_05,B91173,109,1,MASc KA 40 blocks,sa,112,112,1,1
fb_06,B78910,109,1,MASc KA 40 blocks,sa,112,112,1,1
fb_06,B86553,109,1,MASc KA 40 blocks,sa,112,112,1,1
fb_06,B92962,109,1,MASc KA 40 blocks,sa,112,112,1,1
fb_01,B77363,110,1,MASc KA 40 blocks,sa,112,112,1,1
fb_01,B78910,110,1,MASc KA 40 blocks,sa,112,112,1,1
fb_01,B78910,110,1,MASc KA 40 blocks,sa,112,112,1,1
fb_02,B88642,110,1,MASc KA 40 blocks,sa,112,112,1,1
fb_02,B88642,110,1,MASc KA 40 blocks,sa,112,112,1,1
fb_02,B92962,110,1,MASc KA 40 blocks,sa,112,112,1,1
fb_03,B82792,110,1,MASc KA 40 blocks,sa,112,112,1,1
fb_03,B84093,110,1,MASc KA 40 blocks,sa,112,112,1,1
fb_03,B86575,110,1,MASc KA 40 blocks,sa,112,112,1,1
fb_04,B91173,110,1,MASc KA 40 blocks,sa,112,112,1,1
fb_04,B92731,110,1,MASc KA 40 blocks,sa,112,112,1,1
fb_04,B95247,110,1,MASc KA 40 blocks,sa,112,112,1,1
fb_05,B86909,110,1,MASc KA 40 blocks,sa,112,112,1,1
fb_05,B91173,110,1,MASc KA 40 blocks,sa,112,112,1,1
fb_05,B91247,110,1,MASc KA 40 blocks,sa,112,112,1,1
fb_06,B77363,110,1,MASc KA 40 blocks,sa,112,112,1,1
fb_06,B77363,110,1,MASc KA 40 blocks,sa,112,112,1,1
fb_06,B92731,110,1,MASc KA 40 blocks,sa,112,112,1,1
fb_01,B77363,111,1,MASc KA 40 blocks,sa,112,112,1,1
fb_01,B78910,111,1,MASc KA 40 blocks,sa,112,112,1,1
fb_01,B82792,111,1,MASc KA 40 blocks,sa,112,112,1,1
fb_02,B88901,111,1,MASc KA 40 blocks,sa,112,112,1,1
fb_02,B91173,111,1,MASc KA 40 blocks,sa,112,112,1,1
fb_02,B91247,111,1,MASc KA 40 blocks,sa,112,112,1,1
fb_03,B82792,111,1,MASc KA 40 blocks,sa,112,112,1,1
fb_03,B95834,111,1,MASc KA 40 blocks,sa,112,112,1,1
fb_03,B96294,111,1,MASc KA 40 blocks,sa,112,112,1,1
fb_04,B82792,111,1,MASc KA 40 blocks,sa,112,112,1,1
fb_04,B84093,111,1,MASc KA 40 blocks,sa,112,112,1,1
fb_04,B86575,111,1,MASc KA 40 blocks,sa,112,112,1,1
fb_05,B91173,111,1,MASc KA 40 blocks,sa,112,112,1,1
fb_05,B91247,111,1,MASc KA 40 blocks,sa,112,112,1,1
fb_05,B92731,111,1,MASc KA 40 blocks,sa,112,112,1,1
fb_06,B95834,111,1,MASc KA 40 blocks,sa,112,112,1,1
fb_06,B96294,111,1,MASc KA 40 blocks,sa,112,112,1,1
fb_06,B98430,111,1,MASc KA 40 blocks,sa,112,112,1,1
fb_01,B77363,112,1,MASc KA 40 blocks,sa,112,112,1,1
fb_01,B78910,112,1,MASc KA 40 blocks,sa,112,112,1,1
fb_01,B82792,112,1,MASc KA 40 blocks,sa,112,112,1,1
fb_02,B84093,112,1,MASc KA 40 blocks,sa,112,112,1,1
fb_02,B86575,112,1,MASc KA 40 blocks,sa,112,112,1,1
fb_02,B88642,112,1,MASc KA 40 blocks,sa,112,112,1,1
fb_03,B88901,112,1,MASc KA 40 blocks,sa,112,112,1,1
fb_03,B91173,112,1,MASc KA 40 blocks,sa,112,112,1,1
fb_03,B91247,112,1,MASc KA 40 blocks,sa,112,112,1,1
fb_04,B92731,112,1,MASc KA 40 blocks,sa,112,112,1,1
fb_04,B92962,112,1,MASc KA 40 blocks,sa,112,112,1,1
fb_04,B94657,112,1,MASc KA 40 blocks,sa,112,112,1,1
fb_05,B95247,112,1,MASc KA 40 blocks,sa,112,112,1,1
fb_05,B95834,112,1,MASc KA 40 blocks,sa,112,112,1,1
fb_05,B96294,112,1,MASc KA 40 blocks,sa,112,112,1,1
fb_06,B77363,112,1,MASc KA 40 blocks,sa,112,112,1,1
fb_06,B98430,112,1,MASc KA 40 blocks,sa,112,112,1,1
fb_06,B98643,112,1,MASc KA 40 blocks,sa,112,112,1,1
