machine_id,block_id,day,assigned,scenario,solver,master_days,subproblem_days,lock_days,start_day
fb_01,B77718,1,1,MASc KA 40 blocks,sa,112,112,14,1
fb_01,B82792,1,1,MASc KA 40 blocks,sa,112,112,14,1
fb_01,B91454,1,1,MASc KA 40 blocks,sa,112,112,14,1
fb_02,B86553,1,1,MASc KA 40 blocks,sa,112,112,14,1
fb_02,B86553,1,1,MASc KA 40 blocks,sa,112,112,14,1
fb_02,B86553,1,1,MASc KA 40 blocks,sa,112,112,14,1
fb_03,B77718,1,1,MASc KA 40 blocks,sa,112,112,14,1
fb_03,B86553,1,1,MASc KA 40 blocks,sa,112,112,14,1
fb_03,B86553,1,1,MASc KA 40 blocks,sa,112,112,14,1
fb_04,B86553,1,1,MASc KA 40 blocks,sa,112,112,14,1
fb_04,B88642,1,1,MASc KA 40 blocks,sa,112,112,14,1
fb_04,B92731,1,1,MASc KA 40 blocks,sa,112,112,14,1
fb_05,B88642,1,1,MASc KA 40 blocks,sa,112,112,14,1
fb_05,B92731,1,1,MASc KA 40 blocks,sa,112,112,14,1
fb_05,B92731,1,1,MASc KA 40 blocks,sa,112,112,14,1
fb_06,B92731,1,1,MASc KA 40 blocks,sa,112,112,14,1
fb_06,B92731,1,1,MASc KA 40 blocks,sa,112,112,14,1
fb_06,B98430,1,1,MASc KA 40 blocks,sa,112,112,14,1
fb_01,B77718,2,1,MASc KA 40 blocks,sa,112,112,14,1
fb_01,B84093,2,1,MASc KA 40 blocks,sa,112,112,14,1
fb_01,B92962,2,1,MASc KA 40 blocks,sa,112,112,14,1
fb_02,B78567,2,1,MASc KA 40 blocks,sa,112,112,14,1
fb_02,B81877,2,1,MASc KA 40 blocks,sa,112,112,14,1
fb_02,B86553,2,1,MASc KA 40 blocks,sa,112,112,14,1
fb_03,B78567,2,1,MASc KA 40 blocks,sa,112,112,14,1
fb_03,B78567,2,1,MASc KA 40 blocks,sa,112,112,14,1
fb_03,B86553,2,1,MASc KA 40 blocks,sa,112,112,14,1
fb_04,B78567,2,1,MASc KA 40 blocks,sa,112,112,14,1
fb_04,B79027,2,1,MASc KA 40 blocks,sa,112,112,14,1
fb_04,B86575,2,1,MASc KA 40 blocks,sa,112,112,14,1
fb_05,B79027,2,1,MASc KA 40 blocks,sa,112,112,14,1
fb_05,B86575,2,1,MASc KA 40 blocks,sa,112,112,14,1
fb_05,B92962,2,1,MASc KA 40 blocks,sa,112,112,14,1
fb_06,B78910,2,1,MASc KA 40 blocks,sa,112,112,14,1
fb_06,B91247,2,1,MASc KA 40 blocks,sa,112,112,14,1
fb_06,B92731,2,1,MASc KA 40 blocks,sa,112,112,14,1
sk_01,B82792,2,1,MASc KA 40 blocks,sa,112,112,14,1
sk_01,B86553,2,1,MASc KA 40 blocks,sa,112,112,14,1
sk_01,B86553,2,1,MASc KA 40 blocks,sa,112,112,14,1
sk_02,B86553,2,1,MASc KA 40 blocks,sa,112,112,14,1
sk_02,B86553,2,1,MASc KA 40 blocks,sa,112,112,14,1
sk_02,B88642,2,1,MASc KA 40 blocks,sa,112,112,14,1
sk_03,B88642,2,1,MASc KA 40 blocks,sa,112,112,14,1
sk_03,B88642,2,1,MASc KA 40 blocks,sa,112,112,14,1
sk_03,B92731,2,1,MASc KA 40 blocks,sa,112,112,14,1
sk_04,B88642,2,1,MASc KA 40 blocks,sa,112,112,14,1
sk_04,B88642,2,1,MASc KA 40 blocks,sa,112,112,14,1
sk_04,B92731,2,1,MASc KA 40 blocks,sa,112,112,14,1
sk_05,B88642,2,1,MASc KA 40 blocks,sa,112,112,14,1
sk_05,B88642,2,1,MASc KA 40 blocks,sa,112,112,14,1
sk_05,B92731,2,1,MASc KA 40 blocks,sa,112,112,14,1
sk_06,B86553,2,1,MASc KA 40 blocks,sa,112,112,14,1
sk_06,B86553,2,1,MASc KA 40 blocks,sa,112,112,14,1
sk_06,B88642,2,1,MASc KA 40 blocks,sa,112,112,14,1
fb_01,B88901,3,1,MASc KA 40 blocks,sa,112,112,14,1
fb_01,B91173,3,1,MASc KA 40 blocks,sa,112,112,14,1
fb_01,B91247,3,1,MASc KA 40 blocks,sa,112,112,14,1
fb_02,B86857,3,1,MASc KA 40 blocks,sa,112,112,14,1
fb_02,B86857,3,1,MASc KA 40 blocks,sa,112,112,14,1
fb_02,B86857,3,1,MASc KA 40 blocks,sa,112,112,14,1
fb_03,B86857,3,1,MASc KA 40 blocks,sa,112,112,14,1
fb_03,B86857,3,1,MASc KA 40 blocks,sa,112,112,14,1
fb_03,B86857,3,1,MASc KA 40 blocks,sa,112,112,14,1
fb_04,B77363,3,1,MASc KA 40 blocks,sa,112,112,14,1
fb_04,B92962,3,1,MASc KA 40 blocks,sa,112,112,14,1
fb_04,B92962,3,1,MASc KA 40 blocks,sa,112,112,14,1
fb_05,B77363,3,1,MASc KA 40 blocks,sa,112,112,14,1
fb_05,B92962,3,1,MASc KA 40 blocks,sa,112,112,14,1
fb_05,B92962,3,1,MASc KA 40 blocks,sa,112,112,14,1
fb_06,B86575,3,1,MASc KA 40 blocks,sa,112,112,14,1
fb_06,B92731,3,1,MASc KA 40 blocks,sa,112,112,14,1
fb_06,B92962,3,1,MASc KA 40 blocks,sa,112,112,14,1
pr_01,B86553,3,1,MASc KA 40 blocks,sa,112,112,14,1
pr_01,B86553,3,1,MASc KA 40 blocks,sa,112,112,14,1
pr_02,B86553,3,1,MASc KA 40 blocks,sa,112,112,14,1
pr_02,B86553,3,1,MASc KA 40 blocks,sa,112,112,14,1
pr_03,B82792,3,1,MASc KA 40 blocks,sa,112,112,14,1
pr_03,B88642,3,1,MASc KA 40 blocks,sa,112,112,14,1
pr_04,B86553,3,1,MASc KA 40 blocks,sa,112,112,14,1
pr_04,B88642,3,1,MASc KA 40 blocks,sa,112,112,14,1
pr_05,B88642,3,1,MASc KA 40 blocks,sa,112,112,14,1
pr_06,B92731,3,1,MASc KA 40 blocks,sa,112,112,14,1
sk_01,B79027,3,1,MASc KA 40 blocks,sa,112,112,14,1
sk_01,B84093,3,1,MASc KA 40 blocks,sa,112,112,14,1
sk_01,B86575,3,1,MASc KA 40 blocks,sa,112,112,14,1
sk_02,B79027,3,1,MASc KA 40 blocks,sa,112,112,14,1
sk_02,B86575,3,1,MASc KA 40 blocks,sa,112,112,14,1
sk_02,B91247,3,1,MASc KA 40 blocks,sa,112,112,14,1
sk_03,B78567,3,1,MASc KA 40 blocks,sa,112,112,14,1
sk_03,B86575,3,1,MASc KA 40 blocks,sa,112,112,14,1
sk_03,B92962,3,1,MASc KA 40 blocks,sa,112,112,14,1
sk_04,B78567,3,1,MASc KA 40 blocks,sa,112,112,14,1
sk_04,B78910,3,1,MASc KA 40 blocks,sa,112,112,14,1
sk_04,B92962,3,1,MASc KA 40 blocks,sa,112,112,14,1
sk_05,B78567,3,1,MASc KA 40 blocks,sa,112,112,14,1
sk_05,B86575,3,1,MASc KA 40 blocks,sa,112,112,14,1
sk_05,B92962,3,1,MASc KA 40 blocks,sa,112,112,14,1
sk_06,B84093,3,1,MASc KA 40 blocks,sa,112,112,14,1
sk_06,B86575,3,1,MASc KA 40 blocks,sa,112,112,14,1
sk_06,B92962,3,1,MASc KA 40 blocks,sa,112,112,14,1
fb_01,B77363,4,1,MASc KA 40 blocks,sa,112,112,14,1
fb_01,B77363,4,1,MASc KA 40 blocks,sa,112,112,14,1
fb_01,B95247,4,1,MASc KA 40 blocks,sa,112,112,14,1
fb_02,B86857,4,1,MASc KA 40 blocks,sa,112,112,14,1
fb_02,B86857,4,1,MASc KA 40 blocks,sa,112,112,14,1
fb_02,B86857,4,1,MASc KA 40 blocks,sa,112,112,14,1
fb_03,B86857,4,1,MASc KA 40 blocks,sa,112,112,14,1
fb_03,B86857,4,1,MASc KA 40 blocks,sa,112,112,14,1
fb_03,B86857,4,1,MASc KA 40 blocks,sa,112,112,14,1
fb_04,B77363,4,1,MASc KA 40 blocks,sa,112,112,14,1
fb_04,B86909,4,1,MASc KA 40 blocks,sa,112,112,14,1
fb_04,B91173,4,1,MASc KA 40 blocks,sa,112,112,14,1
fb_05,B77363,4,1,MASc KA 40 blocks,sa,112,112,14,1
fb_05,B91173,4,1,MASc KA 40 blocks,sa,112,112,14,1
fb_05,B92962,4,1,MASc KA 40 blocks,sa,112,112,14,1
fb_06,B77363,4,1,MASc KA 40 blocks,sa,112,112,14,1
fb_06,B92962,4,1,MASc KA 40 blocks,sa,112,112,14,1
fb_06,B98643,4,1,MASc KA 40 blocks,sa,112,112,14,1
ld_01,B86553,4,1,MASc KA 40 blocks,sa,112,112,14,1
ld_01,B88642,4,1,MASc KA 40 blocks,sa,112,112,14,1
ld_02,B86553,4,1,MASc KA 40 blocks,sa,112,112,14,1
ld_02,B88642,4,1,MASc KA 40 blocks,sa,112,112,14,1
ld_03,B88642,4,1,MASc KA 40 blocks,sa,112,112,14,1
ld_03,B92731,4,1,MASc KA 40 blocks,sa,112,112,14,1
ld_04,B88642,4,1,MASc KA 40 blocks,sa,112,112,14,1
ld_05,B88642,4,1,MASc KA 40 blocks,sa,112,112,14,1
ld_06,B86553,4,1,MASc KA 40 blocks,sa,112,112,14,1
pr_01,B84093,4,1,MASc KA 40 blocks,sa,112,112,14,1
pr_01,B86575,4,1,MASc KA 40 blocks,sa,112,112,14,1
pr_02,B86575,4,1,MASc KA 40 blocks,sa,112,112,14,1
pr_02,B92962,4,1,MASc KA 40 blocks,sa,112,112,14,1
pr_03,B79027,4,1,MASc KA 40 blocks,sa,112,112,14,1
pr_03,B86575,4,1,MASc KA 40 blocks,sa,112,112,14,1
pr_04,B79027,4,1,MASc KA 40 blocks,sa,112,112,14,1
pr_04,B92962,4,1,MASc KA 40 blocks,sa,112,112,14,1
pr_05,B78567,4,1,MASc KA 40 blocks,sa,112,112,14,1
pr_05,B78567,4,1,MASc KA 40 blocks,sa,112,112,14,1
pr_06,B78567,4,1,MASc KA 40 blocks,sa,112,112,14,1
pr_06,B91247,4,1,MASc KA 40 blocks,sa,112,112,14,1
sk_01,B77363,4,1,MASc KA 40 blocks,sa,112,112,14,1
sk_01,B86857,4,1,MASc KA 40 blocks,sa,112,112,14,1
sk_01,B92962,4,1,MASc KA 40 blocks,sa,112,112,14,1
sk_02,B77363,4,1,MASc KA 40 blocks,sa,112,112,14,1
sk_02,B86857,4,1,MASc KA 40 blocks,sa,112,112,14,1
sk_02,B92962,4,1,MASc KA 40 blocks,sa,112,112,14,1
sk_03,B77363,4,1,MASc KA 40 blocks,sa,112,112,14,1
sk_03,B86857,4,1,MASc KA 40 blocks,sa,112,112,14,1
sk_03,B91247,4,1,MASc KA 40 blocks,sa,112,112,14,1
sk_04,B86575,4,1,MASc KA 40 blocks,sa,112,112,14,1
sk_04,B86857,4,1,MASc KA 40 blocks,sa,112,112,14,1
sk_04,B86857,4,1,MASc KA 40 blocks,sa,112,112,14,1
sk_05,B86575,4,1,MASc KA 40 blocks,sa,112,112,14,1
sk_05,B86857,4,1,MASc KA 40 blocks,sa,112,112,14,1
sk_05,B86857,4,1,MASc KA 40 blocks,sa,112,112,14,1
sk_06,B86575,4,1,MASc KA 40 blocks,sa,112,112,14,1
sk_06,B86857,4,1,MASc KA 40 blocks,sa,112,112,14,1
sk_06,B91247,4,1,MASc KA 40 blocks,sa,112,112,14,1
fb_01,B78910,5,1,MASc KA 40 blocks,sa,112,112,14,1
fb_01,B95834,5,1,MASc KA 40 blocks,sa,112,112,14,1
fb_01,B96294,5,1,MASc KA 40 blocks,sa,112,112,14,1
fb_02,B86857,5,1,MASc KA 40 blocks,sa,112,112,14,1
fb_02,B86857,5,1,MASc KA 40 blocks,sa,112,112,14,1
fb_02,B86857,5,1,MASc KA 40 blocks,sa,112,112,14,1
fb_03,B86857,5,1,MASc KA 40 blocks,sa,112,112,14,1
fb_03,B86857,5,1,MASc KA 40 blocks,sa,112,112,14,1
fb_03,B86857,5,1,MASc KA 40 blocks,sa,112,112,14,1
fb_04,B78910,5,1,MASc KA 40 blocks,sa,112,112,14,1
fb_04,B78910,5,1,MASc KA 40 blocks,sa,112,112,14,1
fb_04,B86909,5,1,MASc KA 40 blocks,sa,112,112,14,1
fb_05,B78910,5,1,MASc KA 40 blocks,sa,112,112,14,1
fb_05,B91173,5,1,MASc KA 40 blocks,sa,112,112,14,1
fb_05,B98430,5,1,MASc KA 40 blocks,sa,112,112,14,1
fb_06,B84093,5,1,MASc KA 40 blocks,sa,112,112,14,1
fb_06,B91173,5,1,MASc KA 40 blocks,sa,112,112,14,1
fb_06,B91454,5,1,MASc KA 40 blocks,sa,112,112,14,1
ld_01,B78567,5,1,MASc KA 40 blocks,sa,112,112,14,1
ld_01,B86575,5,1,MASc KA 40 blocks,sa,112,112,14,1
ld_02,B79027,5,1,MASc KA 40 blocks,sa,112,112,14,1
ld_02,B92962,5,1,MASc KA 40 blocks,sa,112,112,14,1
ld_03,B79027,5,1,MASc KA 40 blocks,sa,112,112,14,1
ld_03,B92962,5,1,MASc KA 40 blocks,sa,112,112,14,1
ld_04,B78567,5,1,MASc KA 40 blocks,sa,112,112,14,1
ld_05,B86575,5,1,MASc KA 40 blocks,sa,112,112,14,1
ld_06,B84093,5,1,MASc KA 40 blocks,sa,112,112,14,1
pr_01,B86857,5,1,MASc KA 40 blocks,sa,112,112,14,1
pr_01,B91247,5,1,MASc KA 40 blocks,sa,112,112,14,1
pr_01,B92962,5,1,MASc KA 40 blocks,sa,112,112,14,1
pr_02,B77363,5,1,MASc KA 40 blocks,sa,112,112,14,1
pr_02,B86857,5,1,MASc KA 40 blocks,sa,112,112,14,1
pr_02,B86857,5,1,MASc KA 40 blocks,sa,112,112,14,1
pr_03,B77363,5,1,MASc KA 40 blocks,sa,112,112,14,1
pr_03,B86857,5,1,MASc KA 40 blocks,sa,112,112,14,1
pr_03,B86857,5,1,MASc KA 40 blocks,sa,112,112,14,1
pr_04,B86575,5,1,MASc KA 40 blocks,sa,112,112,14,1
pr_04,B86857,5,1,MASc KA 40 blocks,sa,112,112,14,1
pr_05,B86575,5,1,MASc KA 40 blocks,sa,112,112,14,1
pr_05,B86857,5,1,MASc KA 40 blocks,sa,112,112,14,1
pr_06,B86575,5,1,MASc KA 40 blocks,sa,112,112,14,1
pr_06,B91247,5,1,MASc KA 40 blocks,sa,112,112,14,1
sk_01,B77363,5,1,MASc KA 40 blocks,sa,112,112,14,1
sk_01,B77363,5,1,MASc KA 40 blocks,sa,112,112,14,1
sk_01,B86857,5,1,MASc KA 40 blocks,sa,112,112,14,1
sk_02,B77363,5,1,MASc KA 40 blocks,sa,112,112,14,1
sk_02,B77363,5,1,MASc KA 40 blocks,sa,112,112,14,1
sk_02,B86857,5,1,MASc KA 40 blocks,sa,112,112,14,1
sk_03,B77363,5,1,MASc KA 40 blocks,sa,112,112,14,1
sk_03,B77363,5,1,MASc KA 40 blocks,sa,112,112,14,1
sk_03,B86857,5,1,MASc KA 40 blocks,sa,112,112,14,1
sk_04,B77363,5,1,MASc KA 40 blocks,sa,112,112,14,1
sk_04,B77363,5,1,MASc KA 40 blocks,sa,112,112,14,1
sk_04,B86857,5,1,MASc KA 40 blocks,sa,112,112,14,1
sk_05,B77363,5,1,MASc KA 40 blocks,sa,112,112,14,1
sk_05,B86857,5,1,MASc KA 40 blocks,sa,112,112,14,1
sk_05,B86857,5,1,MASc KA 40 blocks,sa,112,112,14,1
sk_06,B77363,5,1,MASc KA 40 blocks,sa,112,112,14,1
sk_06,B86857,5,1,MASc KA 40 blocks,sa,112,112,14,1
sk_06,B86857,5,1,MASc KA 40 blocks,sa,112,112,14,1
fb_01,B78910,6,1,MASc KA 40 blocks,sa,112,112,14,1
fb_01,B78910,6,1,MASc KA 40 blocks,sa,112,112,14,1
fb_01,B98430,6,1,MASc KA 40 blocks,sa,112,112,14,1
fb_02,B86857,6,1,MASc KA 40 blocks,sa,112,112,14,1
fb_02,B86857,6,1,MASc KA 40 blocks,sa,112,112,14,1
fb_02,B86857,6,1,MASc KA 40 blocks,sa,112,112,14,1
fb_03,B78910,6,1,MASc KA 40 blocks,sa,112,112,14,1
fb_03,B86857,6,1,MASc KA 40 blocks,sa,112,112,14,1
fb_03,B86857,6,1,MASc KA 40 blocks,sa,112,112,14,1
fb_04,B77363,6,1,MASc KA 40 blocks,sa,112,112,14,1
fb_04,B78910,6,1,MASc KA 40 blocks,sa,112,112,14,1
fb_04,B98430,6,1,MASc KA 40 blocks,sa,112,112,14,1
fb_05,B77363,6,1,MASc KA 40 blocks,sa,112,112,14,1
fb_05,B78910,6,1,MASc KA 40 blocks,sa,112,112,14,1
fb_05,B98430,6,1,MASc KA 40 blocks,sa,112,112,14,1
fb_06,B78910,6,1,MASc KA 40 blocks,sa,112,112,14,1
fb_06,B91247,6,1,MASc KA 40 blocks,sa,112,112,14,1
fb_06,B98430,6,1,MASc KA 40 blocks,sa,112,112,14,1
ld_01,B86857,6,1,MASc KA 40 blocks,sa,112,112,14,1
ld_01,B92962,6,1,MASc KA 40 blocks,sa,112,112,14,1
ld_02,B77363,6,1,MASc KA 40 blocks,sa,112,112,14,1
ld_02,B86857,6,1,MASc KA 40 blocks,sa,112,112,14,1
ld_03,B86575,6,1,MASc KA 40 blocks,sa,112,112,14,1
ld_03,B86857,6,1,MASc KA 40 blocks,sa,112,112,14,1
ld_04,B86575,6,1,MASc KA 40 blocks,sa,112,112,14,1
ld_04,B86857,6,1,MASc KA 40 blocks,sa,112,112,14,1
ld_05,B86575,6,1,MASc KA 40 blocks,sa,112,112,14,1
ld_05,B91247,6,1,MASc KA 40 blocks,sa,112,112,14,1
ld_06,B77363,6,1,MASc KA 40 blocks,sa,112,112,14,1
ld_06,B86575,6,1,MASc KA 40 blocks,sa,112,112,14,1
pr_01,B77363,6,1,MASc KA 40 blocks,sa,112,112,14,1
pr_01,B77363,6,1,MASc KA 40 blocks,sa,112,112,14,1
pr_01,B86857,6,1,MASc KA 40 blocks,sa,112,112,14,1
pr_02,B77363,6,1,MASc KA 40 blocks,sa,112,112,14,1
pr_02,B77363,6,1,MASc KA 40 blocks,sa,112,112,14,1
pr_02,B86857,6,1,MASc KA 40 blocks,sa,112,112,14,1
pr_03,B77363,6,1,MASc KA 40 blocks,sa,112,112,14,1
pr_03,B77363,6,1,MASc KA 40 blocks,sa,112,112,14,1
pr_03,B86857,6,1,MASc KA 40 blocks,sa,112,112,14,1
pr_04,B77363,6,1,MASc KA 40 blocks,sa,112,112,14,1
pr_04,B86857,6,1,MASc KA 40 blocks,sa,112,112,14,1
pr_04,B86857,6,1,MASc KA 40 blocks,sa,112,112,14,1
pr_05,B77363,6,1,MASc KA 40 blocks,sa,112,112,14,1
pr_05,B86857,6,1,MASc KA 40 blocks,sa,112,112,14,1
pr_06,B77363,6,1,MASc KA 40 blocks,sa,112,112,14,1
pr_06,B86857,6,1,MASc KA 40 blocks,sa,112,112,14,1
sk_01,B78910,6,1,MASc KA 40 blocks,sa,112,112,14,1
sk_01,B78910,6,1,MASc KA 40 blocks,sa,112,112,14,1
sk_01,B86857,6,1,MASc KA 40 blocks,sa,112,112,14,1
sk_02,B78910,6,1,MASc KA 40 blocks,sa,112,112,14,1
sk_02,B84093,6,1,MASc KA 40 blocks,sa,112,112,14,1
sk_02,B86857,6,1,MASc KA 40 blocks,sa,112,112,14,1
sk_03,B78910,6,1,MASc KA 40 blocks,sa,112,112,14,1
sk_03,B84093,6,1,MASc KA 40 blocks,sa,112,112,14,1
sk_03,B86857,6,1,MASc KA 40 blocks,sa,112,112,14,1
sk_04,B78910,6,1,MASc KA 40 blocks,sa,112,112,14,1
sk_04,B86857,6,1,MASc KA 40 blocks,sa,112,112,14,1
sk_04,B86857,6,1,MASc KA 40 blocks,sa,112,112,14,1
sk_05,B78910,6,1,MASc KA 40 blocks,sa,112,112,14,1
sk_05,B86857,6,1,MASc KA 40 blocks,sa,112,112,14,1
sk_05,B86857,6,1,MASc KA 40 blocks,sa,112,112,14,1
sk_06,B78910,6,1,MASc KA 40 blocks,sa,112,112,14,1
sk_06,B86857,6,1,MASc KA 40 blocks,sa,112,112,14,1
sk_06,B86909,6,1,MASc KA 40 blocks,sa,112,112,14,1
fb_01,B82792,7,1,MASc KA 40 blocks,sa,112,112,14,1
fb_01,B95247,7,1,MASc KA 40 blocks,sa,112,112,14,1
fb_01,B96294,7,1,MASc KA 40 blocks,sa,112,112,14,1
fb_02,B86857,7,1,MASc KA 40 blocks,sa,112,112,14,1
fb_02,B86857,7,1,MASc KA 40 blocks,sa,112,112,14,1
fb_02,B86857,7,1,MASc KA 40 blocks,sa,112,112,14,1
fb_03,B86857,7,1,MASc KA 40 blocks,sa,112,112,14,1
fb_03,B86857,7,1,MASc KA 40 blocks,sa,112,112,14,1
fb_03,B86857,7,1,MASc KA 40 blocks,sa,112,112,14,1
fb_04,B95247,7,1,MASc KA 40 blocks,sa,112,112,14,1
fb_04,B96294,7,1,MASc KA 40 blocks,sa,112,112,14,1
fb_04,B96294,7,1,MASc KA 40 blocks,sa,112,112,14,1
fb_05,B95247,7,1,MASc KA 40 blocks,sa,112,112,14,1
fb_05,B96294,7,1,MASc KA 40 blocks,sa,112,112,14,1
fb_05,B96294,7,1,MASc KA 40 blocks,sa,112,112,14,1
fb_06,B77718,7,1,MASc KA 40 blocks,sa,112,112,14,1
fb_06,B95247,7,1,MASc KA 40 blocks,sa,112,112,14,1
fb_06,B98430,7,1,MASc KA 40 blocks,sa,112,112,14,1
ld_01,B77363,7,1,MASc KA 40 blocks,sa,112,112,14,1
ld_01,B77363,7,1,MASc KA 40 blocks,sa,112,112,14,1
ld_01,B86857,7,1,MASc KA 40 blocks,sa,112,112,14,1
ld_02,B77363,7,1,MASc KA 40 blocks,sa,112,112,14,1
ld_02,B77363,7,1,MASc KA 40 blocks,sa,112,112,14,1
ld_02,B86857,7,1,MASc KA 40 blocks,sa,112,112,14,1
ld_03,B77363,7,1,MASc KA 40 blocks,sa,112,112,14,1
ld_03,B86857,7,1,MASc KA 40 blocks,sa,112,112,14,1
ld_04,B77363,7,1,MASc KA 40 blocks,sa,112,112,14,1
ld_04,B86857,7,1,MASc KA 40 blocks,sa,112,112,14,1
ld_05,B77363,7,1,MASc KA 40 blocks,sa,112,112,14,1
ld_05,B86857,7,1,MASc KA 40 blocks,sa,112,112,14,1
ld_06,B77363,7,1,MASc KA 40 blocks,sa,112,112,14,1
ld_06,B77363,7,1,MASc KA 40 blocks,sa,112,112,14,1
pr_01,B78910,7,1,MASc KA 40 blocks,sa,112,112,14,1
pr_01,B84093,7,1,MASc KA 40 blocks,sa,112,112,14,1
pr_01,B86857,7,1,MASc KA 40 blocks,sa,112,112,14,1
pr_02,B78910,7,1,MASc KA 40 blocks,sa,112,112,14,1
pr_02,B84093,7,1,MASc KA 40 blocks,sa,112,112,14,1
pr_02,B86857,7,1,MASc KA 40 blocks,sa,112,112,14,1
pr_03,B78910,7,1,MASc KA 40 blocks,sa,112,112,14,1
pr_03,B78910,7,1,MASc KA 40 blocks,sa,112,112,14,1
pr_03,B86857,7,1,MASc KA 40 blocks,sa,112,112,14,1
pr_04,B78910,7,1,MASc KA 40 blocks,sa,112,112,14,1
pr_04,B86857,7,1,MASc KA 40 blocks,sa,112,112,14,1
pr_04,B86857,7,1,MASc KA 40 blocks,sa,112,112,14,1
pr_05,B78910,7,1,MASc KA 40 blocks,sa,112,112,14,1
pr_05,B86857,7,1,MASc KA 40 blocks,sa,112,112,14,1
pr_05,B86909,7,1,MASc KA 40 blocks,sa,112,112,14,1
pr_06,B78910,7,1,MASc KA 40 blocks,sa,112,112,14,1
pr_06,B86857,7,1,MASc KA 40 blocks,sa,112,112,14,1
sk_01,B78910,7,1,MASc KA 40 blocks,sa,112,112,14,1
sk_01,B78910,7,1,MASc KA 40 blocks,sa,112,112,14,1
sk_01,B78910,7,1,MASc KA 40 blocks,sa,112,112,14,1
sk_02,B78910,7,1,MASc KA 40 blocks,sa,112,112,14,1
sk_02,B78910,7,1,MASc KA 40 blocks,sa,112,112,14,1
sk_02,B78910,7,1,MASc KA 40 blocks,sa,112,112,14,1
sk_03,B77363,7,1,MASc KA 40 blocks,sa,112,112,14,1
sk_03,B78910,7,1,MASc KA 40 blocks,sa,112,112,14,1
sk_03,B78910,7,1,MASc KA 40 blocks,sa,112,112,14,1
sk_04,B77363,7,1,MASc KA 40 blocks,sa,112,112,14,1
sk_04,B78910,7,1,MASc KA 40 blocks,sa,112,112,14,1
sk_04,B86857,7,1,MASc KA 40 blocks,sa,112,112,14,1
sk_05,B77363,7,1,MASc KA 40 blocks,sa,112,112,14,1
sk_05,B78910,7,1,MASc KA 40 blocks,sa,112,112,14,1
sk_05,B86857,7,1,MASc KA 40 blocks,sa,112,112,14,1
sk_06,B77363,7,1,MASc KA 40 blocks,sa,112,112,14,1
sk_06,B78910,7,1,MASc KA 40 blocks,sa,112,112,14,1
sk_06,B86857,7,1,MASc KA 40 blocks,sa,112,112,14,1
fb_01,B88901,8,1,MASc KA 40 blocks,sa,112,112,14,1
fb_01,B95247,8,1,MASc KA 40 blocks,sa,112,112,14,1
fb_01,B95247,8,1,MASc KA 40 blocks,sa,112,112,14,1
fb_02,B86857,8,1,MASc KA 40 blocks,sa,112,112,14,1
fb_02,B86857,8,1,MASc KA 40 blocks,sa,112,112,14,1
fb_02,B86857,8,1,MASc KA 40 blocks,sa,112,112,14,1
fb_03,B86857,8,1,MASc KA 40 blocks,sa,112,112,14,1
fb_03,B86857,8,1,MASc KA 40 blocks,sa,112,112,14,1
fb_03,B86857,8,1,MASc KA 40 blocks,sa,112,112,14,1
fb_04,B95247,8,1,MASc KA 40 blocks,sa,112,112,14,1
fb_04,B95247,8,1,MASc KA 40 blocks,sa,112,112,14,1
fb_04,B95247,8,1,MASc KA 40 blocks,sa,112,112,14,1
fb_05,B77363,8,1,MASc KA 40 blocks,sa,112,112,14,1
fb_05,B95247,8,1,MASc KA 40 blocks,sa,112,112,14,1
fb_05,B98430,8,1,MASc KA 40 blocks,sa,112,112,14,1
fb_06,B77363,8,1,MASc KA 40 blocks,sa,112,112,14,1
fb_06,B78910,8,1,MASc KA 40 blocks,sa,112,112,14,1
fb_06,B78910,8,1,MASc KA 40 blocks,sa,112,112,14,1
ld_01,B78910,8,1,MASc KA 40 blocks,sa,112,112,14,1
ld_01,B86857,8,1,MASc KA 40 blocks,sa,112,112,14,1
ld_02,B78910,8,1,MASc KA 40 blocks,sa,112,112,14,1
ld_02,B86857,8,1,MASc KA 40 blocks,sa,112,112,14,1
ld_03,B78910,8,1,MASc KA 40 blocks,sa,112,112,14,1
ld_03,B86857,8,1,MASc KA 40 blocks,sa,112,112,14,1
ld_04,B78910,8,1,MASc KA 40 blocks,sa,112,112,14,1
ld_04,B86857,8,1,MASc KA 40 blocks,sa,112,112,14,1
ld_05,B84093,8,1,MASc KA 40 blocks,sa,112,112,14,1
ld_05,B86857,8,1,MASc KA 40 blocks,sa,112,112,14,1
ld_06,B78910,8,1,MASc KA 40 blocks,sa,112,112,14,1
ld_06,B84093,8,1,MASc KA 40 blocks,sa,112,112,14,1
pr_01,B78910,8,1,MASc KA 40 blocks,sa,112,112,14,1
pr_01,B78910,8,1,MASc KA 40 blocks,sa,112,112,14,1
pr_01,B78910,8,1,MASc KA 40 blocks,sa,112,112,14,1
pr_02,B77363,8,1,MASc KA 40 blocks,sa,112,112,14,1
pr_02,B78910,8,1,MASc KA 40 blocks,sa,112,112,14,1
pr_02,B78910,8,1,MASc KA 40 blocks,sa,112,112,14,1
pr_03,B77363,8,1,MASc KA 40 blocks,sa,112,112,14,1
pr_03,B78910,8,1,MASc KA 40 blocks,sa,112,112,14,1
pr_03,B78910,8,1,MASc KA 40 blocks,sa,112,112,14,1
pr_04,B77363,8,1,MASc KA 40 blocks,sa,112,112,14,1
pr_04,B78910,8,1,MASc KA 40 blocks,sa,112,112,14,1
pr_04,B86857,8,1,MASc KA 40 blocks,sa,112,112,14,1
pr_05,B77363,8,1,MASc KA 40 blocks,sa,112,112,14,1
pr_05,B78910,8,1,MASc KA 40 blocks,sa,112,112,14,1
pr_05,B86857,8,1,MASc KA 40 blocks,sa,112,112,14,1
pr_06,B78910,8,1,MASc KA 40 blocks,sa,112,112,14,1
pr_06,B78910,8,1,MASc KA 40 blocks,sa,112,112,14,1
pr_06,B86857,8,1,MASc KA 40 blocks,sa,112,112,14,1
sk_01,B82792,8,1,MASc KA 40 blocks,sa,112,112,14,1
sk_01,B86857,8,1,MASc KA 40 blocks,sa,112,112,14,1
sk_01,B86857,8,1,MASc KA 40 blocks,sa,112,112,14,1
sk_02,B86857,8,1,MASc KA 40 blocks,sa,112,112,14,1
sk_02,B86857,8,1,MASc KA 40 blocks,sa,112,112,14,1
sk_02,B86909,8,1,MASc KA 40 blocks,sa,112,112,14,1
sk_03,B86857,8,1,MASc KA 40 blocks,sa,112,112,14,1
sk_03,B86857,8,1,MASc KA 40 blocks,sa,112,112,14,1
sk_03,B91247,8,1,MASc KA 40 blocks,sa,112,112,14,1
sk_04,B86857,8,1,MASc KA 40 blocks,sa,112,112,14,1
sk_04,B86857,8,1,MASc KA 40 blocks,sa,112,112,14,1
sk_04,B95247,8,1,MASc KA 40 blocks,sa,112,112,14,1
sk_05,B86857,8,1,MASc KA 40 blocks,sa,112,112,14,1
sk_05,B86857,8,1,MASc KA 40 blocks,sa,112,112,14,1
sk_05,B95247,8,1,MASc KA 40 blocks,sa,112,112,14,1
sk_06,B86857,8,1,MASc KA 40 blocks,sa,112,112,14,1
sk_06,B86857,8,1,MASc KA 40 blocks,sa,112,112,14,1
sk_06,B95247,8,1,MASc KA 40 blocks,sa,112,112,14,1
fb_01,B91247,9,1,MASc KA 40 blocks,sa,112,112,14,1
fb_01,B95247,9,1,MASc KA 40 blocks,sa,112,112,14,1
fb_01,B95247,9,1,MASc KA 40 blocks,sa,112,112,14,1
fb_02,B86857,9,1,MASc KA 40 blocks,sa,112,112,14,1
fb_02,B86857,9,1,MASc KA 40 blocks,sa,112,112,14,1
fb_02,B86857,9,1,MASc KA 40 blocks,sa,112,112,14,1
fb_03,B86857,9,1,MASc KA 40 blocks,sa,112,112,14,1
fb_03,B86857,9,1,MASc KA 40 blocks,sa,112,112,14,1
fb_03,B86857,9,1,MASc KA 40 blocks,sa,112,112,14,1
fb_04,B95247,9,1,MASc KA 40 blocks,sa,112,112,14,1
fb_04,B95247,9,1,MASc KA 40 blocks,sa,112,112,14,1
fb_04,B95247,9,1,MASc KA 40 blocks,sa,112,112,14,1
fb_05,B92962,9,1,MASc KA 40 blocks,sa,112,112,14,1
fb_05,B95247,9,1,MASc KA 40 blocks,sa,112,112,14,1
fb_05,B95247,9,1,MASc KA 40 blocks,sa,112,112,14,1
fb_06,B91173,9,1,MASc KA 40 blocks,sa,112,112,14,1
fb_06,B95247,9,1,MASc KA 40 blocks,sa,112,112,14,1
fb_06,B95834,9,1,MASc KA 40 blocks,sa,112,112,14,1
ld_01,B78910,9,1,MASc KA 40 blocks,sa,112,112,14,1
ld_01,B78910,9,1,MASc KA 40 blocks,sa,112,112,14,1
ld_01,B86857,9,1,MASc KA 40 blocks,sa,112,112,14,1
ld_02,B77363,9,1,MASc KA 40 blocks,sa,112,112,14,1
ld_02,B78910,9,1,MASc KA 40 blocks,sa,112,112,14,1
ld_02,B86857,9,1,MASc KA 40 blocks,sa,112,112,14,1
ld_03,B77363,9,1,MASc KA 40 blocks,sa,112,112,14,1
ld_03,B78910,9,1,MASc KA 40 blocks,sa,112,112,14,1
ld_03,B78910,9,1,MASc KA 40 blocks,sa,112,112,14,1
ld_04,B77363,9,1,MASc KA 40 blocks,sa,112,112,14,1
ld_04,B77363,9,1,MASc KA 40 blocks,sa,112,112,14,1
ld_04,B78910,9,1,MASc KA 40 blocks,sa,112,112,14,1
ld_05,B78910,9,1,MASc KA 40 blocks,sa,112,112,14,1
ld_05,B78910,9,1,MASc KA 40 blocks,sa,112,112,14,1
ld_05,B78910,9,1,MASc KA 40 blocks,sa,112,112,14,1
ld_06,B77363,9,1,MASc KA 40 blocks,sa,112,112,14,1
ld_06,B78910,9,1,MASc KA 40 blocks,sa,112,112,14,1
pr_01,B86857,9,1,MASc KA 40 blocks,sa,112,112,14,1
pr_01,B86857,9,1,MASc KA 40 blocks,sa,112,112,14,1
pr_01,B95247,9,1,MASc KA 40 blocks,sa,112,112,14,1
pr_02,B82792,9,1,MASc KA 40 blocks,sa,112,112,14,1
pr_02,B86857,9,1,MASc KA 40 blocks,sa,112,112,14,1
pr_02,B95247,9,1,MASc KA 40 blocks,sa,112,112,14,1
pr_03,B86857,9,1,MASc KA 40 blocks,sa,112,112,14,1
pr_03,B86857,9,1,MASc KA 40 blocks,sa,112,112,14,1
pr_03,B86909,9,1,MASc KA 40 blocks,sa,112,112,14,1
pr_04,B86857,9,1,MASc KA 40 blocks,sa,112,112,14,1
pr_04,B86857,9,1,MASc KA 40 blocks,sa,112,112,14,1
pr_04,B86857,9,1,MASc KA 40 blocks,sa,112,112,14,1
pr_05,B86857,9,1,MASc KA 40 blocks,sa,112,112,14,1
pr_05,B86857,9,1,MASc KA 40 blocks,sa,112,112,14,1
pr_06,B86857,9,1,MASc KA 40 blocks,sa,112,112,14,1
pr_06,B91247,9,1,MASc KA 40 blocks,sa,112,112,14,1
sk_01,B78910,9,1,MASc KA 40 blocks,sa,112,112,14,1
sk_01,B78910,9,1,MASc KA 40 blocks,sa,112,112,14,1
sk_01,B86857,9,1,MASc KA 40 blocks,sa,112,112,14,1
sk_02,B78910,9,1,MASc KA 40 blocks,sa,112,112,14,1
sk_02,B86857,9,1,MASc KA 40 blocks,sa,112,112,14,1
sk_02,B86857,9,1,MASc KA 40 blocks,sa,112,112,14,1
sk_03,B77363,9,1,MASc KA 40 blocks,sa,112,112,14,1
sk_03,B86857,9,1,MASc KA 40 blocks,sa,112,112,14,1
sk_03,B98643,9,1,MASc KA 40 blocks,sa,112,112,14,1
sk_04,B77363,9,1,MASc KA 40 blocks,sa,112,112,14,1
sk_04,B86857,9,1,MASc KA 40 blocks,sa,112,112,14,1
sk_04,B98430,9,1,MASc KA 40 blocks,sa,112,112,14,1
sk_05,B77363,9,1,MASc KA 40 blocks,sa,112,112,14,1
sk_05,B86857,9,1,MASc KA 40 blocks,sa,112,112,14,1
sk_05,B86857,9,1,MASc KA 40 blocks,sa,112,112,14,1
sk_06,B77363,9,1,MASc KA 40 blocks,sa,112,112,14,1
sk_06,B86857,9,1,MASc KA 40 blocks,sa,112,112,14,1
sk_06,B95247,9,1,MASc KA 40 blocks,sa,112,112,14,1
fb_01,B82792,10,1,MASc KA 40 blocks,sa,112,112,14,1
fb_01,B91247,10,1,MASc KA 40 blocks,sa,112,112,14,1
fb_01,B95834,10,1,MASc KA 40 blocks,sa,112,112,14,1
fb_02,B86857,10,1,MASc KA 40 blocks,sa,112,112,14,1
fb_02,B86857,10,1,MASc KA 40 blocks,sa,112,112,14,1
fb_02,B86857,10,1,MASc KA 40 blocks,sa,112,112,14,1
fb_03,B86857,10,1,MASc KA 40 blocks,sa,112,112,14,1
fb_03,B86857,10,1,MASc KA 40 blocks,sa,112,112,14,1
fb_03,B86857,10,1,MASc KA 40 blocks,sa,112,112,14,1
fb_04,B82792,10,1,MASc KA 40 blocks,sa,112,112,14,1
fb_04,B91247,10,1,MASc KA 40 blocks,sa,112,112,14,1
fb_04,B95834,10,1,MASc KA 40 blocks,sa,112,112,14,1
fb_05,B82792,10,1,MASc KA 40 blocks,sa,112,112,14,1
fb_05,B95247,10,1,MASc KA 40 blocks,sa,112,112,14,1
fb_05,B95834,10,1,MASc KA 40 blocks,sa,112,112,14,1
fb_06,B82792,10,1,MASc KA 40 blocks,sa,112,112,14,1
fb_06,B95247,10,1,MASc KA 40 blocks,sa,112,112,14,1
fb_06,B95834,10,1,MASc KA 40 blocks,sa,112,112,14,1
ld_01,B86857,10,1,MASc KA 40 blocks,sa,112,112,14,1
ld_01,B86857,10,1,MASc KA 40 blocks,sa,112,112,14,1
ld_02,B86857,10,1,MASc KA 40 blocks,sa,112,112,14,1
ld_02,B91247,10,1,MASc KA 40 blocks,sa,112,112,14,1
ld_03,B86857,10,1,MASc KA 40 blocks,sa,112,112,14,1
ld_03,B86909,10,1,MASc KA 40 blocks,sa,112,112,14,1
ld_04,B86857,10,1,MASc KA 40 blocks,sa,112,112,14,1
ld_04,B95247,10,1,MASc KA 40 blocks,sa,112,112,14,1
ld_05,B82792,10,1,MASc KA 40 blocks,sa,112,112,14,1
ld_05,B86857,10,1,MASc KA 40 blocks,sa,112,112,14,1
ld_06,B86857,10,1,MASc KA 40 blocks,sa,112,112,14,1
pr_01,B78910,10,1,MASc KA 40 blocks,sa,112,112,14,1
pr_01,B86857,10,1,MASc KA 40 blocks,sa,112,112,14,1
pr_01,B98643,10,1,MASc KA 40 blocks,sa,112,112,14,1
pr_02,B77363,10,1,MASc KA 40 blocks,sa,112,112,14,1
pr_02,B78910,10,1,MASc KA 40 blocks,sa,112,112,14,1
pr_02,B86857,10,1,MASc KA 40 blocks,sa,112,112,14,1
pr_03,B78910,10,1,MASc KA 40 blocks,sa,112,112,14,1
pr_03,B86857,10,1,MASc KA 40 blocks,sa,112,112,14,1
pr_03,B95247,10,1,MASc KA 40 blocks,sa,112,112,14,1
pr_04,B77363,10,1,MASc KA 40 blocks,sa,112,112,14,1
pr_04,B86857,10,1,MASc KA 40 blocks,sa,112,112,14,1
pr_04,B86857,10,1,MASc KA 40 blocks,sa,112,112,14,1
pr_05,B77363,10,1,MASc KA 40 blocks,sa,112,112,14,1
pr_05,B86857,10,1,MASc KA 40 blocks,sa,112,112,14,1
pr_06,B77363,10,1,MASc KA 40 blocks,sa,112,112,14,1
pr_06,B86857,10,1,MASc KA 40 blocks,sa,112,112,14,1
sk_01,B86857,10,1,MASc KA 40 blocks,sa,112,112,14,1
sk_01,B86857,10,1,MASc KA 40 blocks,sa,112,112,14,1
sk_01,B95247,10,1,MASc KA 40 blocks,sa,112,112,14,1
sk_02,B86857,10,1,MASc KA 40 blocks,sa,112,112,14,1
sk_02,B86857,10,1,MASc KA 40 blocks,sa,112,112,14,1
sk_02,B95247,10,1,MASc KA 40 blocks,sa,112,112,14,1
sk_03,B86857,10,1,MASc KA 40 blocks,sa,112,112,14,1
sk_03,B91247,10,1,MASc KA 40 blocks,sa,112,112,14,1
sk_03,B91247,10,1,MASc KA 40 blocks,sa,112,112,14,1
sk_04,B86857,10,1,MASc KA 40 blocks,sa,112,112,14,1
sk_04,B95247,10,1,MASc KA 40 blocks,sa,112,112,14,1
sk_04,B96294,10,1,MASc KA 40 blocks,sa,112,112,14,1
sk_05,B86857,10,1,MASc KA 40 blocks,sa,112,112,14,1
sk_05,B95247,10,1,MASc KA 40 blocks,sa,112,112,14,1
sk_05,B96294,10,1,MASc KA 40 blocks,sa,112,112,14,1
sk_06,B86857,10,1,MASc KA 40 blocks,sa,112,112,14,1
sk_06,B95247,10,1,MASc KA 40 blocks,sa,112,112,14,1
sk_06,B95247,10,1,MASc KA 40 blocks,sa,112,112,14,1
fb_01,B91247,11,1,MASc KA 40 blocks,sa,112,112,14,1
fb_01,B91247,11,1,MASc KA 40 blocks,sa,112,112,14,1
fb_01,B91247,11,1,MASc KA 40 blocks,sa,112,112,14,1
fb_02,B86857,11,1,MASc KA 40 blocks,sa,112,112,14,1
fb_02,B86857,11,1,MASc KA 40 blocks,sa,112,112,14,1
fb_02,B86857,11,1,MASc KA 40 blocks,sa,112,112,14,1
fb_03,B86857,11,1,MASc KA 40 blocks,sa,112,112,14,1
fb_03,B86857,11,1,MASc KA 40 blocks,sa,112,112,14,1
fb_03,B86857,11,1,MASc KA 40 blocks,sa,112,112,14,1
fb_04,B91247,11,1,MASc KA 40 blocks,sa,112,112,14,1
fb_04,B91247,11,1,MASc KA 40 blocks,sa,112,112,14,1
fb_04,B91247,11,1,MASc KA 40 blocks,sa,112,112,14,1
fb_05,B95247,11,1,MASc KA 40 blocks,sa,112,112,14,1
fb_05,B95247,11,1,MASc KA 40 blocks,sa,112,112,14,1
fb_05,B95247,11,1,MASc KA 40 blocks,sa,112,112,14,1
fb_06,B95247,11,1,MASc KA 40 blocks,sa,112,112,14,1
fb_06,B95247,11,1,MASc KA 40 blocks,sa,112,112,14,1
fb_06,B95247,11,1,MASc KA 40 blocks,sa,112,112,14,1
ld_01,B77363,11,1,MASc KA 40 blocks,sa,112,112,14,1
ld_01,B78910,11,1,MASc KA 40 blocks,sa,112,112,14,1
ld_01,B86857,11,1,MASc KA 40 blocks,sa,112,112,14,1
ld_02,B78910,11,1,MASc KA 40 blocks,sa,112,112,14,1
ld_02,B86857,11,1,MASc KA 40 blocks,sa,112,112,14,1
ld_02,B95247,11,1,MASc KA 40 blocks,sa,112,112,14,1
ld_03,B86857,11,1,MASc KA 40 blocks,sa,112,112,14,1
ld_03,B98643,11,1,MASc KA 40 blocks,sa,112,112,14,1
ld_04,B77363,11,1,MASc KA 40 blocks,sa,112,112,14,1
ld_04,B86857,11,1,MASc KA 40 blocks,sa,112,112,14,1
ld_05,B77363,11,1,MASc KA 40 blocks,sa,112,112,14,1
ld_05,B86857,11,1,MASc KA 40 blocks,sa,112,112,14,1
ld_06,B77363,11,1,MASc KA 40 blocks,sa,112,112,14,1
ld_06,B78910,11,1,MASc KA 40 blocks,sa,112,112,14,1
pr_01,B86857,11,1,MASc KA 40 blocks,sa,112,112,14,1
pr_01,B86857,11,1,MASc KA 40 blocks,sa,112,112,14,1
pr_01,B96294,11,1,MASc KA 40 blocks,sa,112,112,14,1
pr_02,B86857,11,1,MASc KA 40 blocks,sa,112,112,14,1
pr_02,B86857,11,1,MASc KA 40 blocks,sa,112,112,14,1
pr_02,B95247,11,1,MASc KA 40 blocks,sa,112,112,14,1
pr_03,B86857,11,1,MASc KA 40 blocks,sa,112,112,14,1
pr_03,B91247,11,1,MASc KA 40 blocks,sa,112,112,14,1
pr_03,B95247,11,1,MASc KA 40 blocks,sa,112,112,14,1
pr_04,B86857,11,1,MASc KA 40 blocks,sa,112,112,14,1
pr_04,B91247,11,1,MASc KA 40 blocks,sa,112,112,14,1
pr_04,B95247,11,1,MASc KA 40 blocks,sa,112,112,14,1
pr_05,B86857,11,1,MASc KA 40 blocks,sa,112,112,14,1
pr_05,B95247,11,1,MASc KA 40 blocks,sa,112,112,14,1
pr_06,B86857,11,1,MASc KA 40 blocks,sa,112,112,14,1
pr_06,B95247,11,1,MASc KA 40 blocks,sa,112,112,14,1
sk_01,B82792,11,1,MASc KA 40 blocks,sa,112,112,14,1
sk_01,B86857,11,1,MASc KA 40 blocks,sa,112,112,14,1
sk_01,B96294,11,1,MASc KA 40 blocks,sa,112,112,14,1
sk_02,B82792,11,1,MASc KA 40 blocks,sa,112,112,14,1
sk_02,B86857,11,1,MASc KA 40 blocks,sa,112,112,14,1
sk_02,B96294,11,1,MASc KA 40 blocks,sa,112,112,14,1
sk_03,B82792,11,1,MASc KA 40 blocks,sa,112,112,14,1
sk_03,B82792,11,1,MASc KA 40 blocks,sa,112,112,14,1
sk_03,B86857,11,1,MASc KA 40 blocks,sa,112,112,14,1
sk_04,B86857,11,1,MASc KA 40 blocks,sa,112,112,14,1
sk_04,B86857,11,1,MASc KA 40 blocks,sa,112,112,14,1
sk_04,B95834,11,1,MASc KA 40 blocks,sa,112,112,14,1
sk_05,B86857,11,1,MASc KA 40 blocks,sa,112,112,14,1
sk_05,B86857,11,1,MASc KA 40 blocks,sa,112,112,14,1
sk_05,B95834,11,1,MASc KA 40 blocks,sa,112,112,14,1
sk_06,B82792,11,1,MASc KA 40 blocks,sa,112,112,14,1
sk_06,B86857,11,1,MASc KA 40 blocks,sa,112,112,14,1
sk_06,B91247,11,1,MASc KA 40 blocks,sa,112,112,14,1
fb_01,B88901,12,1,MASc KA 40 blocks,sa,112,112,14,1
fb_01,B91247,12,1,MASc KA 40 blocks,sa,112,112,14,1
fb_01,B91247,12,1,MASc KA 40 blocks,sa,112,112,14,1
fb_02,B86857,12,1,MASc KA 40 blocks,sa,112,112,14,1
fb_02,B86857,12,1,MASc KA 40 blocks,sa,112,112,14,1
fb_02,B86857,12,1,MASc KA 40 blocks,sa,112,112,14,1
fb_03,B76352,12,1,MASc KA 40 blocks,sa,112,112,14,1
fb_03,B86857,12,1,MASc KA 40 blocks,sa,112,112,14,1
fb_03,B86857,12,1,MASc KA 40 blocks,sa,112,112,14,1
fb_04,B91247,12,1,MASc KA 40 blocks,sa,112,112,14,1
fb_04,B91247,12,1,MASc KA 40 blocks,sa,112,112,14,1
fb_04,B91247,12,1,MASc KA 40 blocks,sa,112,112,14,1
fb_05,B91247,12,1,MASc KA 40 blocks,sa,112,112,14,1
fb_05,B91247,12,1,MASc KA 40 blocks,sa,112,112,14,1
fb_05,B95247,12,1,MASc KA 40 blocks,sa,112,112,14,1
fb_06,B91247,12,1,MASc KA 40 blocks,sa,112,112,14,1
fb_06,B91247,12,1,MASc KA 40 blocks,sa,112,112,14,1
fb_06,B91247,12,1,MASc KA 40 blocks,sa,112,112,14,1
ld_01,B86857,12,1,MASc KA 40 blocks,sa,112,112,14,1
ld_01,B95247,12,1,MASc KA 40 blocks,sa,112,112,14,1
ld_02,B86857,12,1,MASc KA 40 blocks,sa,112,112,14,1
ld_02,B95247,12,1,MASc KA 40 blocks,sa,112,112,14,1
ld_03,B86857,12,1,MASc KA 40 blocks,sa,112,112,14,1
ld_03,B95247,12,1,MASc KA 40 blocks,sa,112,112,14,1
ld_04,B86857,12,1,MASc KA 40 blocks,sa,112,112,14,1
ld_04,B96294,12,1,MASc KA 40 blocks,sa,112,112,14,1
ld_05,B86857,12,1,MASc KA 40 blocks,sa,112,112,14,1
ld_06,B91247,12,1,MASc KA 40 blocks,sa,112,112,14,1
pr_01,B82792,12,1,MASc KA 40 blocks,sa,112,112,14,1
pr_01,B86857,12,1,MASc KA 40 blocks,sa,112,112,14,1
pr_01,B96294,12,1,MASc KA 40 blocks,sa,112,112,14,1
pr_02,B82792,12,1,MASc KA 40 blocks,sa,112,112,14,1
pr_02,B86857,12,1,MASc KA 40 blocks,sa,112,112,14,1
pr_02,B95834,12,1,MASc KA 40 blocks,sa,112,112,14,1
pr_03,B82792,12,1,MASc KA 40 blocks,sa,112,112,14,1
pr_03,B86857,12,1,MASc KA 40 blocks,sa,112,112,14,1
pr_03,B86857,12,1,MASc KA 40 blocks,sa,112,112,14,1
pr_04,B82792,12,1,MASc KA 40 blocks,sa,112,112,14,1
pr_04,B82792,12,1,MASc KA 40 blocks,sa,112,112,14,1
pr_04,B86857,12,1,MASc KA 40 blocks,sa,112,112,14,1
pr_05,B82792,12,1,MASc KA 40 blocks,sa,112,112,14,1
pr_05,B82792,12,1,MASc KA 40 blocks,sa,112,112,14,1
pr_05,B86857,12,1,MASc KA 40 blocks,sa,112,112,14,1
pr_06,B82792,12,1,MASc KA 40 blocks,sa,112,112,14,1
pr_06,B86857,12,1,MASc KA 40 blocks,sa,112,112,14,1
pr_06,B91247,12,1,MASc KA 40 blocks,sa,112,112,14,1
sk_01,B86857,12,1,MASc KA 40 blocks,sa,112,112,14,1
sk_01,B86857,12,1,MASc KA 40 blocks,sa,112,112,14,1
sk_01,B91247,12,1,MASc KA 40 blocks,sa,112,112,14,1
sk_02,B86857,12,1,MASc KA 40 blocks,sa,112,112,14,1
sk_02,B86857,12,1,MASc KA 40 blocks,sa,112,112,14,1
sk_02,B91247,12,1,MASc KA 40 blocks,sa,112,112,14,1
sk_03,B86857,12,1,MASc KA 40 blocks,sa,112,112,14,1
sk_03,B91247,12,1,MASc KA 40 blocks,sa,112,112,14,1
sk_03,B91247,12,1,MASc KA 40 blocks,sa,112,112,14,1
sk_04,B86857,12,1,MASc KA 40 blocks,sa,112,112,14,1
sk_04,B91247,12,1,MASc KA 40 blocks,sa,112,112,14,1
sk_04,B91247,12,1,MASc KA 40 blocks,sa,112,112,14,1
sk_05,B86857,12,1,MASc KA 40 blocks,sa,112,112,14,1
sk_05,B91247,12,1,MASc KA 40 blocks,sa,112,112,14,1
sk_05,B91247,12,1,MASc KA 40 blocks,sa,112,112,14,1
sk_06,B86857,12,1,MASc KA 40 blocks,sa,112,112,14,1
sk_06,B91247,12,1,MASc KA 40 blocks,sa,112,112,14,1
sk_06,B95247,12,1,MASc KA 40 blocks,sa,112,112,14,1
fb_01,B88901,13,1,MASc KA 40 blocks,sa,112,112,14,1
fb_01,B91247,13,1,MASc KA 40 blocks,sa,112,112,14,1
fb_01,B91247,13,1,MASc KA 40 blocks,sa,112,112,14,1
fb_02,B86857,13,1,MASc KA 40 blocks,sa,112,112,14,1
fb_02,B86857,13,1,MASc KA 40 blocks,sa,112,112,14,1
fb_02,B91247,13,1,MASc KA 40 blocks,sa,112,112,14,1
fb_03,B86857,13,1,MASc KA 40 blocks,sa,112,112,14,1
fb_03,B86857,13,1,MASc KA 40 blocks,sa,112,112,14,1
fb_03,B86857,13,1,MASc KA 40 blocks,sa,112,112,14,1
fb_04,B88901,13,1,MASc KA 40 blocks,sa,112,112,14,1
fb_04,B91247,13,1,MASc KA 40 blocks,sa,112,112,14,1
fb_04,B91247,13,1,MASc KA 40 blocks,sa,112,112,14,1
fb_05,B86553,13,1,MASc KA 40 blocks,sa,112,112,14,1
fb_05,B91247,13,1,MASc KA 40 blocks,sa,112,112,14,1
fb_05,B91247,13,1,MASc KA 40 blocks,sa,112,112,14,1
fb_06,B86553,13,1,MASc KA 40 blocks,sa,112,112,14,1
fb_06,B88901,13,1,MASc KA 40 blocks,sa,112,112,14,1
fb_06,B91247,13,1,MASc KA 40 blocks,sa,112,112,14,1
ld_01,B82792,13,1,MASc KA 40 blocks,sa,112,112,14,1
ld_01,B86857,13,1,MASc KA 40 blocks,sa,112,112,14,1
ld_02,B82792,13,1,MASc KA 40 blocks,sa,112,112,14,1
ld_02,B86857,13,1,MASc KA 40 blocks,sa,112,112,14,1
ld_03,B86857,13,1,MASc KA 40 blocks,sa,112,112,14,1
ld_03,B91247,13,1,MASc KA 40 blocks,sa,112,112,14,1
ld_04,B82792,13,1,MASc KA 40 blocks,sa,112,112,14,1
ld_04,B86857,13,1,MASc KA 40 blocks,sa,112,112,14,1
ld_05,B82792,13,1,MASc KA 40 blocks,sa,112,112,14,1
ld_05,B86857,13,1,MASc KA 40 blocks,sa,112,112,14,1
ld_06,B82792,13,1,MASc KA 40 blocks,sa,112,112,14,1
ld_06,B96294,13,1,MASc KA 40 blocks,sa,112,112,14,1
pr_01,B86857,13,1,MASc KA 40 blocks,sa,112,112,14,1
pr_01,B91247,13,1,MASc KA 40 blocks,sa,112,112,14,1
pr_01,B95247,13,1,MASc KA 40 blocks,sa,112,112,14,1
pr_02,B86857,13,1,MASc KA 40 blocks,sa,112,112,14,1
pr_02,B86857,13,1,MASc KA 40 blocks,sa,112,112,14,1
pr_02,B91247,13,1,MASc KA 40 blocks,sa,112,112,14,1
pr_03,B86857,13,1,MASc KA 40 blocks,sa,112,112,14,1
pr_03,B91247,13,1,MASc KA 40 blocks,sa,112,112,14,1
pr_03,B91247,13,1,MASc KA 40 blocks,sa,112,112,14,1
pr_04,B86857,13,1,MASc KA 40 blocks,sa,112,112,14,1
pr_04,B91247,13,1,MASc KA 40 blocks,sa,112,112,14,1
pr_04,B91247,13,1,MASc KA 40 blocks,sa,112,112,14,1
pr_05,B86857,13,1,MASc KA 40 blocks,sa,112,112,14,1
pr_05,B91247,13,1,MASc KA 40 blocks,sa,112,112,14,1
pr_05,B91247,13,1,MASc KA 40 blocks,sa,112,112,14,1
pr_06,B86857,13,1,MASc KA 40 blocks,sa,112,112,14,1
pr_06,B91247,13,1,MASc KA 40 blocks,sa,112,112,14,1
sk_01,B86857,13,1,MASc KA 40 blocks,sa,112,112,14,1
sk_01,B86857,13,1,MASc KA 40 blocks,sa,112,112,14,1
sk_01,B91247,13,1,MASc KA 40 blocks,sa,112,112,14,1
sk_02,B86857,13,1,MASc KA 40 blocks,sa,112,112,14,1
sk_02,B91247,13,1,MASc KA 40 blocks,sa,112,112,14,1
sk_02,B91247,13,1,MASc KA 40 blocks,sa,112,112,14,1
sk_03,B86857,13,1,MASc KA 40 blocks,sa,112,112,14,1
sk_03,B95247,13,1,MASc KA 40 blocks,sa,112,112,14,1
sk_03,B95247,13,1,MASc KA 40 blocks,sa,112,112,14,1
sk_04,B86857,13,1,MASc KA 40 blocks,sa,112,112,14,1
sk_04,B91247,13,1,MASc KA 40 blocks,sa,112,112,14,1
sk_04,B95247,13,1,MASc KA 40 blocks,sa,112,112,14,1
sk_05,B86857,13,1,MASc KA 40 blocks,sa,112,112,14,1
sk_05,B91247,13,1,MASc KA 40 blocks,sa,112,112,14,1
sk_05,B95247,13,1,MASc KA 40 blocks,sa,112,112,14,1
sk_06,B86857,13,1,MASc KA 40 blocks,sa,112,112,14,1
sk_06,B91247,13,1,MASc KA 40 blocks,sa,112,112,14,1
sk_06,B95247,13,1,MASc KA 40 blocks,sa,112,112,14,1
fb_01,B78567,14,1,MASc KA 40 blocks,sa,112,112,14,1
fb_01,B86553,14,1,MASc KA 40 blocks,sa,112,112,14,1
fb_01,B86553,14,1,MASc KA 40 blocks,sa,112,112,14,1
fb_02,B86857,14,1,MASc KA 40 blocks,sa,112,112,14,1
fb_02,B86857,14,1,MASc KA 40 blocks,sa,112,112,14,1
fb_02,B86857,14,1,MASc KA 40 blocks,sa,112,112,14,1
fb_03,B86857,14,1,MASc KA 40 blocks,sa,112,112,14,1
fb_03,B86857,14,1,MASc KA 40 blocks,sa,112,112,14,1
fb_03,B86857,14,1,MASc KA 40 blocks,sa,112,112,14,1
fb_04,B77718,14,1,MASc KA 40 blocks,sa,112,112,14,1
fb_04,B78567,14,1,MASc KA 40 blocks,sa,112,112,14,1
fb_04,B86553,14,1,MASc KA 40 blocks,sa,112,112,14,1
fb_05,B86553,14,1,MASc KA 40 blocks,sa,112,112,14,1
fb_05,B86909,14,1,MASc KA 40 blocks,sa,112,112,14,1
fb_05,B91247,14,1,MASc KA 40 blocks,sa,112,112,14,1
fb_06,B78567,14,1,MASc KA 40 blocks,sa,112,112,14,1
fb_06,B86553,14,1,MASc KA 40 blocks,sa,112,112,14,1
fb_06,B91247,14,1,MASc KA 40 blocks,sa,112,112,14,1
ld_01,B86857,14,1,MASc KA 40 blocks,sa,112,112,14,1
ld_01,B91247,14,1,MASc KA 40 blocks,sa,112,112,14,1
ld_02,B86857,14,1,MASc KA 40 blocks,sa,112,112,14,1
ld_02,B91247,14,1,MASc KA 40 blocks,sa,112,112,14,1
ld_03,B86857,14,1,MASc KA 40 blocks,sa,112,112,14,1
ld_03,B91247,14,1,MASc KA 40 blocks,sa,112,112,14,1
ld_04,B86857,14,1,MASc KA 40 blocks,sa,112,112,14,1
ld_04,B91247,14,1,MASc KA 40 blocks,sa,112,112,14,1
ld_05,B86857,14,1,MASc KA 40 blocks,sa,112,112,14,1
ld_05,B95247,14,1,MASc KA 40 blocks,sa,112,112,14,1
ld_06,B91247,14,1,MASc KA 40 blocks,sa,112,112,14,1
pr_01,B86857,14,1,MASc KA 40 blocks,sa,112,112,14,1
pr_01,B91247,14,1,MASc KA 40 blocks,sa,112,112,14,1
pr_01,B95247,14,1,MASc KA 40 blocks,sa,112,112,14,1
pr_02,B86857,14,1,MASc KA 40 blocks,sa,112,112,14,1
pr_02,B91247,14,1,MASc KA 40 blocks,sa,112,112,14,1
pr_02,B95247,14,1,MASc KA 40 blocks,sa,112,112,14,1
pr_03,B86857,14,1,MASc KA 40 blocks,sa,112,112,14,1
pr_03,B91247,14,1,MASc KA 40 blocks,sa,112,112,14,1
pr_03,B95247,14,1,MASc KA 40 blocks,sa,112,112,14,1
pr_04,B86857,14,1,MASc KA 40 blocks,sa,112,112,14,1
pr_04,B91247,14,1,MASc KA 40 blocks,sa,112,112,14,1
pr_04,B95247,14,1,MASc KA 40 blocks,sa,112,112,14,1
pr_05,B86857,14,1,MASc KA 40 blocks,sa,112,112,14,1
pr_05,B86857,14,1,MASc KA 40 blocks,sa,112,112,14,1
pr_05,B91247,14,1,MASc KA 40 blocks,sa,112,112,14,1
pr_06,B86857,14,1,MASc KA 40 blocks,sa,112,112,14,1
pr_06,B91247,14,1,MASc KA 40 blocks,sa,112,112,14,1
sk_01,B86857,14,1,MASc KA 40 blocks,sa,112,112,14,1
sk_01,B91247,14,1,MASc KA 40 blocks,sa,112,112,14,1
sk_01,B91247,14,1,MASc KA 40 blocks,sa,112,112,14,1
sk_02,B86857,14,1,MASc KA 40 blocks,sa,112,112,14,1
sk_02,B91247,14,1,MASc KA 40 blocks,sa,112,112,14,1
sk_02,B95247,14,1,MASc KA 40 blocks,sa,112,112,14,1
sk_03,B86857,14,1,MASc KA 40 blocks,sa,112,112,14,1
sk_03,B91247,14,1,MASc KA 40 blocks,sa,112,112,14,1
sk_03,B95247,14,1,MASc KA 40 blocks,sa,112,112,14,1
sk_04,B86857,14,1,MASc KA 40 blocks,sa,112,112,14,1
sk_04,B95247,14,1,MASc KA 40 blocks,sa,112,112,14,1
sk_04,B95247,14,1,MASc KA 40 blocks,sa,112,112,14,1
sk_05,B86857,14,1,MASc KA 40 blocks,sa,112,112,14,1
sk_05,B86857,14,1,MASc KA 40 blocks,sa,112,112,14,1
sk_05,B95247,14,1,MASc KA 40 blocks,sa,112,112,14,1
sk_06,B86857,14,1,MASc KA 40 blocks,sa,112,112,14,1
sk_06,B91247,14,1,MASc KA 40 blocks,sa,112,112,14,1
sk_06,B91247,14,1,MASc KA 40 blocks,sa,112,112,14,1
fb_01,B78910,15,1,MASc KA 40 blocks,sa,112,112,14,1
fb_01,B82792,15,1,MASc KA 40 blocks,sa,112,112,14,1
fb_01,B91454,15,1,MASc KA 40 blocks,sa,112,112,14,1
fb_02,B86553,15,1,MASc KA 40 blocks,sa,112,112,14,1
fb_02,B86553,15,1,MASc KA 40 blocks,sa,112,112,14,1
fb_02,B86553,15,1,MASc KA 40 blocks,sa,112,112,14,1
fb_03,B86553,15,1,MASc KA 40 blocks,sa,112,112,14,1
fb_03,B86553,15,1,MASc KA 40 blocks,sa,112,112,14,1
fb_03,B86553,15,1,MASc KA 40 blocks,sa,112,112,14,1
fb_04,B77718,15,1,MASc KA 40 blocks,sa,112,112,14,1
fb_04,B92731,15,1,MASc KA 40 blocks,sa,112,112,14,1
fb_04,B92731,15,1,MASc KA 40 blocks,sa,112,112,14,1
fb_05,B88642,15,1,MASc KA 40 blocks,sa,112,112,14,1
fb_05,B92731,15,1,MASc KA 40 blocks,sa,112,112,14,1
fb_05,B92731,15,1,MASc KA 40 blocks,sa,112,112,14,1
fb_06,B77718,15,1,MASc KA 40 blocks,sa,112,112,14,1
fb_06,B88642,15,1,MASc KA 40 blocks,sa,112,112,14,1
fb_06,B91777,15,1,MASc KA 40 blocks,sa,112,112,14,1
fb_01,B84093,16,1,MASc KA 40 blocks,sa,112,112,14,1
fb_01,B86575,16,1,MASc KA 40 blocks,sa,112,112,14,1
fb_01,B92962,16,1,MASc KA 40 blocks,sa,112,112,14,1
fb_02,B78567,16,1,MASc KA 40 blocks,sa,112,112,14,1
fb_02,B81877,16,1,MASc KA 40 blocks,sa,112,112,14,1
fb_02,B86553,16,1,MASc KA 40 blocks,sa,112,112,14,1
fb_03,B78567,16,1,MASc KA 40 blocks,sa,112,112,14,1
fb_03,B78567,16,1,MASc KA 40 blocks,sa,112,112,14,1
fb_03,B86553,16,1,MASc KA 40 blocks,sa,112,112,14,1
fb_04,B78567,16,1,MASc KA 40 blocks,sa,112,112,14,1
fb_04,B79027,16,1,MASc KA 40 blocks,sa,112,112,14,1
fb_04,B92962,16,1,MASc KA 40 blocks,sa,112,112,14,1
fb_05,B79027,16,1,MASc KA 40 blocks,sa,112,112,14,1
fb_05,B86575,16,1,MASc KA 40 blocks,sa,112,112,14,1
fb_05,B86575,16,1,MASc KA 40 blocks,sa,112,112,14,1
fb_06,B81877,16,1,MASc KA 40 blocks,sa,112,112,14,1
fb_06,B92731,16,1,MASc KA 40 blocks,sa,112,112,14,1
fb_06,B92731,16,1,MASc KA 40 blocks,sa,112,112,14,1
sk_01,B78910,16,1,MASc KA 40 blocks,sa,112,112,14,1
sk_01,B86553,16,1,MASc KA 40 blocks,sa,112,112,14,1
sk_01,B86553,16,1,MASc KA 40 blocks,sa,112,112,14,1
sk_02,B82792,16,1,MASc KA 40 blocks,sa,112,112,14,1
sk_02,B86553,16,1,MASc KA 40 blocks,sa,112,112,14,1
sk_02,B86553,16,1,MASc KA 40 blocks,sa,112,112,14,1
sk_03,B88642,16,1,MASc KA 40 blocks,sa,112,112,14,1
sk_03,B88642,16,1,MASc KA 40 blocks,sa,112,112,14,1
sk_03,B92731,16,1,MASc KA 40 blocks,sa,112,112,14,1
sk_04,B88642,16,1,MASc KA 40 blocks,sa,112,112,14,1
sk_04,B88642,16,1,MASc KA 40 blocks,sa,112,112,14,1
sk_04,B92731,16,1,MASc KA 40 blocks,sa,112,112,14,1
sk_05,B86553,16,1,MASc KA 40 blocks,sa,112,112,14,1
sk_05,B88642,16,1,MASc KA 40 blocks,sa,112,112,14,1
sk_05,B88642,16,1,MASc KA 40 blocks,sa,112,112,14,1
sk_06,B88642,16,1,MASc KA 40 blocks,sa,112,112,14,1
sk_06,B88642,16,1,MASc KA 40 blocks,sa,112,112,14,1
sk_06,B92731,16,1,MASc KA 40 blocks,sa,112,112,14,1
fb_01,B88901,17,1,MASc KA 40 blocks,sa,112,112,14,1
fb_01,B91173,17,1,MASc KA 40 blocks,sa,112,112,14,1
fb_01,B91247,17,1,MASc KA 40 blocks,sa,112,112,14,1
fb_02,B86857,17,1,MASc KA 40 blocks,sa,112,112,14,1
fb_02,B86857,17,1,MASc KA 40 blocks,sa,112,112,14,1
fb_02,B86857,17,1,MASc KA 40 blocks,sa,112,112,14,1
fb_03,B86857,17,1,MASc KA 40 blocks,sa,112,112,14,1
fb_03,B86857,17,1,MASc KA 40 blocks,sa,112,112,14,1
fb_03,B86857,17,1,MASc KA 40 blocks,sa,112,112,14,1
fb_04,B77363,17,1,MASc KA 40 blocks,sa,112,112,14,1
fb_04,B92962,17,1,MASc KA 40 blocks,sa,112,112,14,1
fb_04,B92962,17,1,MASc KA 40 blocks,sa,112,112,14,1
fb_05,B77363,17,1,MASc KA 40 blocks,sa,112,112,14,1
fb_05,B92962,17,1,MASc KA 40 blocks,sa,112,112,14,1
fb_05,B92962,17,1,MASc KA 40 blocks,sa,112,112,14,1
fb_06,B92731,17,1,MASc KA 40 blocks,sa,112,112,14,1
fb_06,B92962,17,1,MASc KA 40 blocks,sa,112,112,14,1
fb_06,B92962,17,1,MASc KA 40 blocks,sa,112,112,14,1
pr_01,B86553,17,1,MASc KA 40 blocks,sa,112,112,14,1
pr_01,B86553,17,1,MASc KA 40 blocks,sa,112,112,14,1
pr_02,B82792,17,1,MASc KA 40 blocks,sa,112,112,14,1
pr_02,B86553,17,1,MASc KA 40 blocks,sa,112,112,14,1
pr_03,B86553,17,1,MASc KA 40 blocks,sa,112,112,14,1
pr_03,B88642,17,1,MASc KA 40 blocks,sa,112,112,14,1
pr_04,B88642,17,1,MASc KA 40 blocks,sa,112,112,14,1
pr_05,B88642,17,1,MASc KA 40 blocks,sa,112,112,14,1
pr_06,B92731,17,1,MASc KA 40 blocks,sa,112,112,14,1
sk_01,B78567,17,1,MASc KA 40 blocks,sa,112,112,14,1
sk_01,B79027,17,1,MASc KA 40 blocks,sa,112,112,14,1
sk_01,B86575,17,1,MASc KA 40 blocks,sa,112,112,14,1
sk_02,B79027,17,1,MASc KA 40 blocks,sa,112,112,14,1
sk_02,B84093,17,1,MASc KA 40 blocks,sa,112,112,14,1
sk_02,B86575,17,1,MASc KA 40 blocks,sa,112,112,14,1
sk_03,B81877,17,1,MASc KA 40 blocks,sa,112,112,14,1
sk_03,B84093,17,1,MASc KA 40 blocks,sa,112,112,14,1
sk_03,B86575,17,1,MASc KA 40 blocks,sa,112,112,14,1
sk_04,B81877,17,1,MASc KA 40 blocks,sa,112,112,14,1
sk_04,B86575,17,1,MASc KA 40 blocks,sa,112,112,14,1
sk_04,B86575,17,1,MASc KA 40 blocks,sa,112,112,14,1
sk_05,B78567,17,1,MASc KA 40 blocks,sa,112,112,14,1
sk_05,B86575,17,1,MASc KA 40 blocks,sa,112,112,14,1
sk_05,B86575,17,1,MASc KA 40 blocks,sa,112,112,14,1
sk_06,B78567,17,1,MASc KA 40 blocks,sa,112,112,14,1
sk_06,B86575,17,1,MASc KA 40 blocks,sa,112,112,14,1
sk_06,B92962,17,1,MASc KA 40 blocks,sa,112,112,14,1
fb_01,B77363,18,1,MASc KA 40 blocks,sa,112,112,14,1
fb_01,B77363,18,1,MASc KA 40 blocks,sa,112,112,14,1
fb_01,B95247,18,1,MASc KA 40 blocks,sa,112,112,14,1
fb_02,B86857,18,1,MASc KA 40 blocks,sa,112,112,14,1
fb_02,B86857,18,1,MASc KA 40 blocks,sa,112,112,14,1
fb_02,B86857,18,1,MASc KA 40 blocks,sa,112,112,14,1
fb_03,B86857,18,1,MASc KA 40 blocks,sa,112,112,14,1
fb_03,B86857,18,1,MASc KA 40 blocks,sa,112,112,14,1
fb_03,B86857,18,1,MASc KA 40 blocks,sa,112,112,14,1
fb_04,B77363,18,1,MASc KA 40 blocks,sa,112,112,14,1
fb_04,B77718,18,1,MASc KA 40 blocks,sa,112,112,14,1
fb_04,B91173,18,1,MASc KA 40 blocks,sa,112,112,14,1
fb_05,B77363,18,1,MASc KA 40 blocks,sa,112,112,14,1
fb_05,B91173,18,1,MASc KA 40 blocks,sa,112,112,14,1
fb_05,B92962,18,1,MASc KA 40 blocks,sa,112,112,14,1
fb_06,B77363,18,1,MASc KA 40 blocks,sa,112,112,14,1
fb_06,B92962,18,1,MASc KA 40 blocks,sa,112,112,14,1
fb_06,B98643,18,1,MASc KA 40 blocks,sa,112,112,14,1
ld_01,B86553,18,1,MASc KA 40 blocks,sa,112,112,14,1
ld_01,B88642,18,1,MASc KA 40 blocks,sa,112,112,14,1
ld_02,B86553,18,1,MASc KA 40 blocks,sa,112,112,14,1
ld_02,B88642,18,1,MASc KA 40 blocks,sa,112,112,14,1
ld_03,B92731,18,1,MASc KA 40 blocks,sa,112,112,14,1
ld_04,B88642,18,1,MASc KA 40 blocks,sa,112,112,14,1
ld_05,B88642,18,1,MASc KA 40 blocks,sa,112,112,14,1
ld_06,B88642,18,1,MASc KA 40 blocks,sa,112,112,14,1
pr_01,B78567,18,1,MASc KA 40 blocks,sa,112,112,14,1
pr_01,B81877,18,1,MASc KA 40 blocks,sa,112,112,14,1
pr_01,B84093,18,1,MASc KA 40 blocks,sa,112,112,14,1
pr_02,B81877,18,1,MASc KA 40 blocks,sa,112,112,14,1
pr_02,B86575,18,1,MASc KA 40 blocks,sa,112,112,14,1
pr_02,B86575,18,1,MASc KA 40 blocks,sa,112,112,14,1
pr_03,B79027,18,1,MASc KA 40 blocks,sa,112,112,14,1
pr_03,B81877,18,1,MASc KA 40 blocks,sa,112,112,14,1
pr_03,B86575,18,1,MASc KA 40 blocks,sa,112,112,14,1
pr_04,B79027,18,1,MASc KA 40 blocks,sa,112,112,14,1
pr_04,B86575,18,1,MASc KA 40 blocks,sa,112,112,14,1
pr_05,B78567,18,1,MASc KA 40 blocks,sa,112,112,14,1
pr_05,B86575,18,1,MASc KA 40 blocks,sa,112,112,14,1
pr_06,B78567,18,1,MASc KA 40 blocks,sa,112,112,14,1
pr_06,B86575,18,1,MASc KA 40 blocks,sa,112,112,14,1
sk_01,B77363,18,1,MASc KA 40 blocks,sa,112,112,14,1
sk_01,B86857,18,1,MASc KA 40 blocks,sa,112,112,14,1
sk_01,B92962,18,1,MASc KA 40 blocks,sa,112,112,14,1
sk_02,B77363,18,1,MASc KA 40 blocks,sa,112,112,14,1
sk_02,B86857,18,1,MASc KA 40 blocks,sa,112,112,14,1
sk_02,B92962,18,1,MASc KA 40 blocks,sa,112,112,14,1
sk_03,B77363,18,1,MASc KA 40 blocks,sa,112,112,14,1
sk_03,B86857,18,1,MASc KA 40 blocks,sa,112,112,14,1
sk_03,B92962,18,1,MASc KA 40 blocks,sa,112,112,14,1
sk_04,B86857,18,1,MASc KA 40 blocks,sa,112,112,14,1
sk_04,B86857,18,1,MASc KA 40 blocks,sa,112,112,14,1
sk_04,B92962,18,1,MASc KA 40 blocks,sa,112,112,14,1
sk_05,B86857,18,1,MASc KA 40 blocks,sa,112,112,14,1
sk_05,B86857,18,1,MASc KA 40 blocks,sa,112,112,14,1
sk_05,B92962,18,1,MASc KA 40 blocks,sa,112,112,14,1
sk_06,B86857,18,1,MASc KA 40 blocks,sa,112,112,14,1
sk_06,B91247,18,1,MASc KA 40 blocks,sa,112,112,14,1
sk_06,B92731,18,1,MASc KA 40 blocks,sa,112,112,14,1
fb_01,B95834,19,1,MASc KA 40 blocks,sa,112,112,14,1
fb_01,B96294,19,1,MASc KA 40 blocks,sa,112,112,14,1
fb_01,B98430,19,1,MASc KA 40 blocks,sa,112,112,14,1
fb_02,B86857,19,1,MASc KA 40 blocks,sa,112,112,14,1
fb_02,B86857,19,1,MASc KA 40 blocks,sa,112,112,14,1
fb_02,B86857,19,1,MASc KA 40 blocks,sa,112,112,14,1
fb_03,B86857,19,1,MASc KA 40 blocks,sa,112,112,14,1
fb_03,B86857,19,1,MASc KA 40 blocks,sa,112,112,14,1
fb_03,B86857,19,1,MASc KA 40 blocks,sa,112,112,14,1
fb_04,B78910,19,1,MASc KA 40 blocks,sa,112,112,14,1
fb_04,B78910,19,1,MASc KA 40 blocks,sa,112,112,14,1
fb_04,B91173,19,1,MASc KA 40 blocks,sa,112,112,14,1
fb_05,B78910,19,1,MASc KA 40 blocks,sa,112,112,14,1
fb_05,B78910,19,1,MASc KA 40 blocks,sa,112,112,14,1
fb_05,B91173,19,1,MASc KA 40 blocks,sa,112,112,14,1
fb_06,B77363,19,1,MASc KA 40 blocks,sa,112,112,14,1
fb_06,B84093,19,1,MASc KA 40 blocks,sa,112,112,14,1
fb_06,B91173,19,1,MASc KA 40 blocks,sa,112,112,14,1
ld_01,B78567,19,1,MASc KA 40 blocks,sa,112,112,14,1
ld_01,B86575,19,1,MASc KA 40 blocks,sa,112,112,14,1
ld_01,B86575,19,1,MASc KA 40 blocks,sa,112,112,14,1
ld_02,B78567,19,1,MASc KA 40 blocks,sa,112,112,14,1
ld_02,B81877,19,1,MASc KA 40 blocks,sa,112,112,14,1
ld_03,B79027,19,1,MASc KA 40 blocks,sa,112,112,14,1
ld_03,B86575,19,1,MASc KA 40 blocks,sa,112,112,14,1
ld_04,B86575,19,1,MASc KA 40 blocks,sa,112,112,14,1
ld_04,B86575,19,1,MASc KA 40 blocks,sa,112,112,14,1
ld_05,B81877,19,1,MASc KA 40 blocks,sa,112,112,14,1
ld_05,B86575,19,1,MASc KA 40 blocks,sa,112,112,14,1
ld_06,B79027,19,1,MASc KA 40 blocks,sa,112,112,14,1
ld_06,B84093,19,1,MASc KA 40 blocks,sa,112,112,14,1
pr_01,B86857,19,1,MASc KA 40 blocks,sa,112,112,14,1
pr_01,B91247,19,1,MASc KA 40 blocks,sa,112,112,14,1
pr_01,B92962,19,1,MASc KA 40 blocks,sa,112,112,14,1
pr_02,B86857,19,1,MASc KA 40 blocks,sa,112,112,14,1
pr_02,B86857,19,1,MASc KA 40 blocks,sa,112,112,14,1
pr_02,B92962,19,1,MASc KA 40 blocks,sa,112,112,14,1
pr_03,B86857,19,1,MASc KA 40 blocks,sa,112,112,14,1
pr_03,B92962,19,1,MASc KA 40 blocks,sa,112,112,14,1
pr_04,B86857,19,1,MASc KA 40 blocks,sa,112,112,14,1
pr_04,B92731,19,1,MASc KA 40 blocks,sa,112,112,14,1
pr_05,B77363,19,1,MASc KA 40 blocks,sa,112,112,14,1
pr_05,B86857,19,1,MASc KA 40 blocks,sa,112,112,14,1
pr_06,B77363,19,1,MASc KA 40 blocks,sa,112,112,14,1
pr_06,B86857,19,1,MASc KA 40 blocks,sa,112,112,14,1
sk_01,B77363,19,1,MASc KA 40 blocks,sa,112,112,14,1
sk_01,B77363,19,1,MASc KA 40 blocks,sa,112,112,14,1
sk_01,B86857,19,1,MASc KA 40 blocks,sa,112,112,14,1
sk_02,B77363,19,1,MASc KA 40 blocks,sa,112,112,14,1
sk_02,B77363,19,1,MASc KA 40 blocks,sa,112,112,14,1
sk_02,B86857,19,1,MASc KA 40 blocks,sa,112,112,14,1
sk_03,B77363,19,1,MASc KA 40 blocks,sa,112,112,14,1
sk_03,B77363,19,1,MASc KA 40 blocks,sa,112,112,14,1
sk_03,B86857,19,1,MASc KA 40 blocks,sa,112,112,14,1
sk_04,B77363,19,1,MASc KA 40 blocks,sa,112,112,14,1
sk_04,B77363,19,1,MASc KA 40 blocks,sa,112,112,14,1
sk_04,B86857,19,1,MASc KA 40 blocks,sa,112,112,14,1
sk_05,B77363,19,1,MASc KA 40 blocks,sa,112,112,14,1
sk_05,B86857,19,1,MASc KA 40 blocks,sa,112,112,14,1
sk_05,B86857,19,1,MASc KA 40 blocks,sa,112,112,14,1
sk_06,B77363,19,1,MASc KA 40 blocks,sa,112,112,14,1
sk_06,B86857,19,1,MASc KA 40 blocks,sa,112,112,14,1
sk_06,B86857,19,1,MASc KA 40 blocks,sa,112,112,14,1
fb_01,B78910,20,1,MASc KA 40 blocks,sa,112,112,14,1
fb_01,B78910,20,1,MASc KA 40 blocks,sa,112,112,14,1
fb_01,B98430,20,1,MASc KA 40 blocks,sa,112,112,14,1
fb_02,B86857,20,1,MASc KA 40 blocks,sa,112,112,14,1
fb_02,B86857,20,1,MASc KA 40 blocks,sa,112,112,14,1
fb_02,B86857,20,1,MASc KA 40 blocks,sa,112,112,14,1
fb_03,B86857,20,1,MASc KA 40 blocks,sa,112,112,14,1
fb_03,B86857,20,1,MASc KA 40 blocks,sa,112,112,14,1
fb_03,B86857,20,1,MASc KA 40 blocks,sa,112,112,14,1
fb_04,B78910,20,1,MASc KA 40 blocks,sa,112,112,14,1
fb_04,B78910,20,1,MASc KA 40 blocks,sa,112,112,14,1
fb_04,B98430,20,1,MASc KA 40 blocks,sa,112,112,14,1
fb_05,B77363,20,1,MASc KA 40 blocks,sa,112,112,14,1
fb_05,B78910,20,1,MASc KA 40 blocks,sa,112,112,14,1
fb_05,B98430,20,1,MASc KA 40 blocks,sa,112,112,14,1
fb_06,B77363,20,1,MASc KA 40 blocks,sa,112,112,14,1
fb_06,B78910,20,1,MASc KA 40 blocks,sa,112,112,14,1
fb_06,B98430,20,1,MASc KA 40 blocks,sa,112,112,14,1
ld_01,B86857,20,1,MASc KA 40 blocks,sa,112,112,14,1
ld_01,B92962,20,1,MASc KA 40 blocks,sa,112,112,14,1
ld_02,B86857,20,1,MASc KA 40 blocks,sa,112,112,14,1
ld_02,B92962,20,1,MASc KA 40 blocks,sa,112,112,14,1
ld_03,B86857,20,1,MASc KA 40 blocks,sa,112,112,14,1
ld_03,B92962,20,1,MASc KA 40 blocks,sa,112,112,14,1
ld_04,B86857,20,1,MASc KA 40 blocks,sa,112,112,14,1
ld_04,B92731,20,1,MASc KA 40 blocks,sa,112,112,14,1
ld_05,B77363,20,1,MASc KA 40 blocks,sa,112,112,14,1
ld_06,B77363,20,1,MASc KA 40 blocks,sa,112,112,14,1
pr_01,B77363,20,1,MASc KA 40 blocks,sa,112,112,14,1
pr_01,B77363,20,1,MASc KA 40 blocks,sa,112,112,14,1
pr_01,B86857,20,1,MASc KA 40 blocks,sa,112,112,14,1
pr_02,B77363,20,1,MASc KA 40 blocks,sa,112,112,14,1
pr_02,B77363,20,1,MASc KA 40 blocks,sa,112,112,14,1
pr_02,B86857,20,1,MASc KA 40 blocks,sa,112,112,14,1
pr_03,B77363,20,1,MASc KA 40 blocks,sa,112,112,14,1
pr_03,B77363,20,1,MASc KA 40 blocks,sa,112,112,14,1
pr_03,B86857,20,1,MASc KA 40 blocks,sa,112,112,14,1
pr_04,B77363,20,1,MASc KA 40 blocks,sa,112,112,14,1
pr_04,B86857,20,1,MASc KA 40 blocks,sa,112,112,14,1
pr_04,B86857,20,1,MASc KA 40 blocks,sa,112,112,14,1
pr_05,B77363,20,1,MASc KA 40 blocks,sa,112,112,14,1
pr_05,B86857,20,1,MASc KA 40 blocks,sa,112,112,14,1
pr_06,B77363,20,1,MASc KA 40 blocks,sa,112,112,14,1
pr_06,B86857,20,1,MASc KA 40 blocks,sa,112,112,14,1
sk_01,B77363,20,1,MASc KA 40 blocks,sa,112,112,14,1
sk_01,B78910,20,1,MASc KA 40 blocks,sa,112,112,14,1
sk_01,B86857,20,1,MASc KA 40 blocks,sa,112,112,14,1
sk_02,B77363,20,1,MASc KA 40 blocks,sa,112,112,14,1
sk_02,B78910,20,1,MASc KA 40 blocks,sa,112,112,14,1
sk_02,B86857,20,1,MASc KA 40 blocks,sa,112,112,14,1
sk_03,B78910,20,1,MASc KA 40 blocks,sa,112,112,14,1
sk_03,B78910,20,1,MASc KA 40 blocks,sa,112,112,14,1
sk_03,B86857,20,1,MASc KA 40 blocks,sa,112,112,14,1
sk_04,B78910,20,1,MASc KA 40 blocks,sa,112,112,14,1
sk_04,B84093,20,1,MASc KA 40 blocks,sa,112,112,14,1
sk_04,B86857,20,1,MASc KA 40 blocks,sa,112,112,14,1
sk_05,B78910,20,1,MASc KA 40 blocks,sa,112,112,14,1
sk_05,B84093,20,1,MASc KA 40 blocks,sa,112,112,14,1
sk_05,B86857,20,1,MASc KA 40 blocks,sa,112,112,14,1
sk_06,B78910,20,1,MASc KA 40 blocks,sa,112,112,14,1
sk_06,B86857,20,1,MASc KA 40 blocks,sa,112,112,14,1
sk_06,B86857,20,1,MASc KA 40 blocks,sa,112,112,14,1
fb_01,B82792,21,1,MASc KA 40 blocks,sa,112,112,14,1
fb_01,B95247,21,1,MASc KA 40 blocks,sa,112,112,14,1
fb_01,B96294,21,1,MASc KA 40 blocks,sa,112,112,14,1
fb_02,B86857,21,1,MASc KA 40 blocks,sa,112,112,14,1
fb_02,B86857,21,1,MASc KA 40 blocks,sa,112,112,14,1
fb_02,B86857,21,1,MASc KA 40 blocks,sa,112,112,14,1
fb_03,B86857,21,1,MASc KA 40 blocks,sa,112,112,14,1
fb_03,B86857,21,1,MASc KA 40 blocks,sa,112,112,14,1
fb_03,B86857,21,1,MASc KA 40 blocks,sa,112,112,14,1
fb_04,B95247,21,1,MASc KA 40 blocks,sa,112,112,14,1
fb_04,B96294,21,1,MASc KA 40 blocks,sa,112,112,14,1
fb_04,B98430,21,1,MASc KA 40 blocks,sa,112,112,14,1
fb_05,B96294,21,1,MASc KA 40 blocks,sa,112,112,14,1
fb_05,B96294,21,1,MASc KA 40 blocks,sa,112,112,14,1
fb_05,B98430,21,1,MASc KA 40 blocks,sa,112,112,14,1
fb_06,B78910,21,1,MASc KA 40 blocks,sa,112,112,14,1
fb_06,B95247,21,1,MASc KA 40 blocks,sa,112,112,14,1
fb_06,B98430,21,1,MASc KA 40 blocks,sa,112,112,14,1
ld_01,B77363,21,1,MASc KA 40 blocks,sa,112,112,14,1
ld_01,B77363,21,1,MASc KA 40 blocks,sa,112,112,14,1
ld_01,B86857,21,1,MASc KA 40 blocks,sa,112,112,14,1
ld_02,B77363,21,1,MASc KA 40 blocks,sa,112,112,14,1
ld_02,B77363,21,1,MASc KA 40 blocks,sa,112,112,14,1
ld_02,B86857,21,1,MASc KA 40 blocks,sa,112,112,14,1
ld_03,B77363,21,1,MASc KA 40 blocks,sa,112,112,14,1
ld_03,B86857,21,1,MASc KA 40 blocks,sa,112,112,14,1
ld_04,B77363,21,1,MASc KA 40 blocks,sa,112,112,14,1
ld_04,B86857,21,1,MASc KA 40 blocks,sa,112,112,14,1
ld_05,B77363,21,1,MASc KA 40 blocks,sa,112,112,14,1
ld_05,B86857,21,1,MASc KA 40 blocks,sa,112,112,14,1
ld_06,B77363,21,1,MASc KA 40 blocks,sa,112,112,14,1
ld_06,B77363,21,1,MASc KA 40 blocks,sa,112,112,14,1
pr_01,B78910,21,1,MASc KA 40 blocks,sa,112,112,14,1
pr_01,B84093,21,1,MASc KA 40 blocks,sa,112,112,14,1
pr_01,B86857,21,1,MASc KA 40 blocks,sa,112,112,14,1
pr_02,B78910,21,1,MASc KA 40 blocks,sa,112,112,14,1
pr_02,B84093,21,1,MASc KA 40 blocks,sa,112,112,14,1
pr_02,B86857,21,1,MASc KA 40 blocks,sa,112,112,14,1
pr_03,B77363,21,1,MASc KA 40 blocks,sa,112,112,14,1
pr_03,B78910,21,1,MASc KA 40 blocks,sa,112,112,14,1
pr_03,B86857,21,1,MASc KA 40 blocks,sa,112,112,14,1
pr_04,B77363,21,1,MASc KA 40 blocks,sa,112,112,14,1
pr_04,B78910,21,1,MASc KA 40 blocks,sa,112,112,14,1
pr_04,B86857,21,1,MASc KA 40 blocks,sa,112,112,14,1
pr_05,B78910,21,1,MASc KA 40 blocks,sa,112,112,14,1
pr_05,B78910,21,1,MASc KA 40 blocks,sa,112,112,14,1
pr_05,B86857,21,1,MASc KA 40 blocks,sa,112,112,14,1
pr_06,B78910,21,1,MASc KA 40 blocks,sa,112,112,14,1
pr_06,B86857,21,1,MASc KA 40 blocks,sa,112,112,14,1
sk_01,B78910,21,1,MASc KA 40 blocks,sa,112,112,14,1
sk_01,B78910,21,1,MASc KA 40 blocks,sa,112,112,14,1
sk_01,B78910,21,1,MASc KA 40 blocks,sa,112,112,14,1
sk_02,B77363,21,1,MASc KA 40 blocks,sa,112,112,14,1
sk_02,B78910,21,1,MASc KA 40 blocks,sa,112,112,14,1
sk_02,B78910,21,1,MASc KA 40 blocks,sa,112,112,14,1
sk_03,B77363,21,1,MASc KA 40 blocks,sa,112,112,14,1
sk_03,B78910,21,1,MASc KA 40 blocks,sa,112,112,14,1
sk_03,B78910,21,1,MASc KA 40 blocks,sa,112,112,14,1
sk_04,B77363,21,1,MASc KA 40 blocks,sa,112,112,14,1
sk_04,B78910,21,1,MASc KA 40 blocks,sa,112,112,14,1
sk_04,B78910,21,1,MASc KA 40 blocks,sa,112,112,14,1
sk_05,B78910,21,1,MASc KA 40 blocks,sa,112,112,14,1
sk_05,B86857,21,1,MASc KA 40 blocks,sa,112,112,14,1
sk_05,B96294,21,1,MASc KA 40 blocks,sa,112,112,14,1
sk_06,B77363,21,1,MASc KA 40 blocks,sa,112,112,14,1
sk_06,B78910,21,1,MASc KA 40 blocks,sa,112,112,14,1
sk_06,B86857,21,1,MASc KA 40 blocks,sa,112,112,14,1
fb_01,B88901,22,1,MASc KA 40 blocks,sa,112,112,14,1
fb_01,B95247,22,1,MASc KA 40 blocks,sa,112,112,14,1
fb_01,B95247,22,1,MASc KA 40 blocks,sa,112,112,14,1
fb_02,B86857,22,1,MASc KA 40 blocks,sa,112,112,14,1
fb_02,B86857,22,1,MASc KA 40 blocks,sa,112,112,14,1
fb_02,B86857,22,1,MASc KA 40 blocks,sa,112,112,14,1
fb_03,B86857,22,1,MASc KA 40 blocks,sa,112,112,14,1
fb_03,B86857,22,1,MASc KA 40 blocks,sa,112,112,14,1
fb_03,B86857,22,1,MASc KA 40 blocks,sa,112,112,14,1
fb_04,B95247,22,1,MASc KA 40 blocks,sa,112,112,14,1
fb_04,B95247,22,1,MASc KA 40 blocks,sa,112,112,14,1
fb_04,B95247,22,1,MASc KA 40 blocks,sa,112,112,14,1
fb_05,B78910,22,1,MASc KA 40 blocks,sa,112,112,14,1
fb_05,B95247,22,1,MASc KA 40 blocks,sa,112,112,14,1
fb_05,B95247,22,1,MASc KA 40 blocks,sa,112,112,14,1
fb_06,B77363,22,1,MASc KA 40 blocks,sa,112,112,14,1
fb_06,B95247,22,1,MASc KA 40 blocks,sa,112,112,14,1
fb_06,B96294,22,1,MASc KA 40 blocks,sa,112,112,14,1
ld_01,B78910,22,1,MASc KA 40 blocks,sa,112,112,14,1
ld_01,B84093,22,1,MASc KA 40 blocks,sa,112,112,14,1
ld_01,B86857,22,1,MASc KA 40 blocks,sa,112,112,14,1
ld_02,B78910,22,1,MASc KA 40 blocks,sa,112,112,14,1
ld_02,B86857,22,1,MASc KA 40 blocks,sa,112,112,14,1
ld_03,B78910,22,1,MASc KA 40 blocks,sa,112,112,14,1
ld_03,B86857,22,1,MASc KA 40 blocks,sa,112,112,14,1
ld_04,B77363,22,1,MASc KA 40 blocks,sa,112,112,14,1
ld_04,B86857,22,1,MASc KA 40 blocks,sa,112,112,14,1
ld_05,B77363,22,1,MASc KA 40 blocks,sa,112,112,14,1
ld_05,B78910,22,1,MASc KA 40 blocks,sa,112,112,14,1
ld_06,B78910,22,1,MASc KA 40 blocks,sa,112,112,14,1
ld_06,B84093,22,1,MASc KA 40 blocks,sa,112,112,14,1
pr_01,B77363,22,1,MASc KA 40 blocks,sa,112,112,14,1
pr_01,B78910,22,1,MASc KA 40 blocks,sa,112,112,14,1
pr_01,B78910,22,1,MASc KA 40 blocks,sa,112,112,14,1
pr_02,B77363,22,1,MASc KA 40 blocks,sa,112,112,14,1
pr_02,B78910,22,1,MASc KA 40 blocks,sa,112,112,14,1
pr_02,B78910,22,1,MASc KA 40 blocks,sa,112,112,14,1
pr_03,B77363,22,1,MASc KA 40 blocks,sa,112,112,14,1
pr_03,B78910,22,1,MASc KA 40 blocks,sa,112,112,14,1
pr_03,B86857,22,1,MASc KA 40 blocks,sa,112,112,14,1
pr_04,B78910,22,1,MASc KA 40 blocks,sa,112,112,14,1
pr_04,B78910,22,1,MASc KA 40 blocks,sa,112,112,14,1
pr_04,B86857,22,1,MASc KA 40 blocks,sa,112,112,14,1
pr_05,B78910,22,1,MASc KA 40 blocks,sa,112,112,14,1
pr_05,B78910,22,1,MASc KA 40 blocks,sa,112,112,14,1
pr_06,B78910,22,1,MASc KA 40 blocks,sa,112,112,14,1
pr_06,B78910,22,1,MASc KA 40 blocks,sa,112,112,14,1
sk_01,B82792,22,1,MASc KA 40 blocks,sa,112,112,14,1
sk_01,B86857,22,1,MASc KA 40 blocks,sa,112,112,14,1
sk_01,B86857,22,1,MASc KA 40 blocks,sa,112,112,14,1
sk_02,B78910,22,1,MASc KA 40 blocks,sa,112,112,14,1
sk_02,B86857,22,1,MASc KA 40 blocks,sa,112,112,14,1
sk_02,B86857,22,1,MASc KA 40 blocks,sa,112,112,14,1
sk_03,B78910,22,1,MASc KA 40 blocks,sa,112,112,14,1
sk_03,B86857,22,1,MASc KA 40 blocks,sa,112,112,14,1
sk_03,B86857,22,1,MASc KA 40 blocks,sa,112,112,14,1
sk_04,B86857,22,1,MASc KA 40 blocks,sa,112,112,14,1
sk_04,B86857,22,1,MASc KA 40 blocks,sa,112,112,14,1
sk_04,B86857,22,1,MASc KA 40 blocks,sa,112,112,14,1
sk_05,B86857,22,1,MASc KA 40 blocks,sa,112,112,14,1
sk_05,B86857,22,1,MASc KA 40 blocks,sa,112,112,14,1
sk_05,B86857,22,1,MASc KA 40 blocks,sa,112,112,14,1
sk_06,B86857,22,1,MASc KA 40 blocks,sa,112,112,14,1
sk_06,B86857,22,1,MASc KA 40 blocks,sa,112,112,14,1
sk_06,B86857,22,1,MASc KA 40 blocks,sa,112,112,14,1
fb_01,B91247,23,1,MASc KA 40 blocks,sa,112,112,14,1
fb_01,B95247,23,1,MASc KA 40 blocks,sa,112,112,14,1
fb_01,B95247,23,1,MASc KA 40 blocks,sa,112,112,14,1
fb_02,B86857,23,1,MASc KA 40 blocks,sa,112,112,14,1
fb_02,B86857,23,1,MASc KA 40 blocks,sa,112,112,14,1
fb_02,B86857,23,1,MASc KA 40 blocks,sa,112,112,14,1
fb_03,B86857,23,1,MASc KA 40 blocks,sa,112,112,14,1
fb_03,B86857,23,1,MASc KA 40 blocks,sa,112,112,14,1
fb_03,B86857,23,1,MASc KA 40 blocks,sa,112,112,14,1
fb_04,B95247,23,1,MASc KA 40 blocks,sa,112,112,14,1
fb_04,B95247,23,1,MASc KA 40 blocks,sa,112,112,14,1
fb_04,B95247,23,1,MASc KA 40 blocks,sa,112,112,14,1
fb_05,B95247,23,1,MASc KA 40 blocks,sa,112,112,14,1
fb_05,B95247,23,1,MASc KA 40 blocks,sa,112,112,14,1
fb_05,B95247,23,1,MASc KA 40 blocks,sa,112,112,14,1
fb_06,B95247,23,1,MASc KA 40 blocks,sa,112,112,14,1
fb_06,B95247,23,1,MASc KA 40 blocks,sa,112,112,14,1
fb_06,B95247,23,1,MASc KA 40 blocks,sa,112,112,14,1
ld_01,B77363,23,1,MASc KA 40 blocks,sa,112,112,14,1
ld_01,B78910,23,1,MASc KA 40 blocks,sa,112,112,14,1
ld_01,B86857,23,1,MASc KA 40 blocks,sa,112,112,14,1
ld_02,B78910,23,1,MASc KA 40 blocks,sa,112,112,14,1
ld_02,B78910,23,1,MASc KA 40 blocks,sa,112,112,14,1
ld_02,B78910,23,1,MASc KA 40 blocks,sa,112,112,14,1
ld_03,B77363,23,1,MASc KA 40 blocks,sa,112,112,14,1
ld_03,B77363,23,1,MASc KA 40 blocks,sa,112,112,14,1
ld_03,B78910,23,1,MASc KA 40 blocks,sa,112,112,14,1
ld_04,B78910,23,1,MASc KA 40 blocks,sa,112,112,14,1
ld_04,B78910,23,1,MASc KA 40 blocks,sa,112,112,14,1
ld_05,B77363,23,1,MASc KA 40 blocks,sa,112,112,14,1
ld_05,B78910,23,1,MASc KA 40 blocks,sa,112,112,14,1
ld_06,B78910,23,1,MASc KA 40 blocks,sa,112,112,14,1
ld_06,B78910,23,1,MASc KA 40 blocks,sa,112,112,14,1
pr_01,B78910,23,1,MASc KA 40 blocks,sa,112,112,14,1
pr_01,B86857,23,1,MASc KA 40 blocks,sa,112,112,14,1
pr_01,B86857,23,1,MASc KA 40 blocks,sa,112,112,14,1
pr_02,B78910,23,1,MASc KA 40 blocks,sa,112,112,14,1
pr_02,B86857,23,1,MASc KA 40 blocks,sa,112,112,14,1
pr_02,B86857,23,1,MASc KA 40 blocks,sa,112,112,14,1
pr_03,B86857,23,1,MASc KA 40 blocks,sa,112,112,14,1
pr_03,B86857,23,1,MASc KA 40 blocks,sa,112,112,14,1
pr_03,B86857,23,1,MASc KA 40 blocks,sa,112,112,14,1
pr_04,B82792,23,1,MASc KA 40 blocks,sa,112,112,14,1
pr_04,B86857,23,1,MASc KA 40 blocks,sa,112,112,14,1
pr_04,B86857,23,1,MASc KA 40 blocks,sa,112,112,14,1
pr_05,B86857,23,1,MASc KA 40 blocks,sa,112,112,14,1
pr_05,B86857,23,1,MASc KA 40 blocks,sa,112,112,14,1
pr_05,B86857,23,1,MASc KA 40 blocks,sa,112,112,14,1
pr_06,B86857,23,1,MASc KA 40 blocks,sa,112,112,14,1
pr_06,B86857,23,1,MASc KA 40 blocks,sa,112,112,14,1
sk_01,B78910,23,1,MASc KA 40 blocks,sa,112,112,14,1
sk_01,B86857,23,1,MASc KA 40 blocks,sa,112,112,14,1
sk_01,B86857,23,1,MASc KA 40 blocks,sa,112,112,14,1
sk_02,B77363,23,1,MASc KA 40 blocks,sa,112,112,14,1
sk_02,B86857,23,1,MASc KA 40 blocks,sa,112,112,14,1
sk_02,B86857,23,1,MASc KA 40 blocks,sa,112,112,14,1
sk_03,B77363,23,1,MASc KA 40 blocks,sa,112,112,14,1
sk_03,B95247,23,1,MASc KA 40 blocks,sa,112,112,14,1
sk_03,B98643,23,1,MASc KA 40 blocks,sa,112,112,14,1
sk_04,B86857,23,1,MASc KA 40 blocks,sa,112,112,14,1
sk_04,B95247,23,1,MASc KA 40 blocks,sa,112,112,14,1
sk_04,B98430,23,1,MASc KA 40 blocks,sa,112,112,14,1
sk_05,B86857,23,1,MASc KA 40 blocks,sa,112,112,14,1
sk_05,B95247,23,1,MASc KA 40 blocks,sa,112,112,14,1
sk_05,B98430,23,1,MASc KA 40 blocks,sa,112,112,14,1
sk_06,B86857,23,1,MASc KA 40 blocks,sa,112,112,14,1
sk_06,B86857,23,1,MASc KA 40 blocks,sa,112,112,14,1
sk_06,B95247,23,1,MASc KA 40 blocks,sa,112,112,14,1
fb_01,B82792,24,1,MASc KA 40 blocks,sa,112,112,14,1
fb_01,B95834,24,1,MASc KA 40 blocks,sa,112,112,14,1
fb_01,B95834,24,1,MASc KA 40 blocks,sa,112,112,14,1
fb_02,B86857,24,1,MASc KA 40 blocks,sa,112,112,14,1
fb_02,B86857,24,1,MASc KA 40 blocks,sa,112,112,14,1
fb_02,B86857,24,1,MASc KA 40 blocks,sa,112,112,14,1
fb_03,B86857,24,1,MASc KA 40 blocks,sa,112,112,14,1
fb_03,B86857,24,1,MASc KA 40 blocks,sa,112,112,14,1
fb_03,B86857,24,1,MASc KA 40 blocks,sa,112,112,14,1
fb_04,B82792,24,1,MASc KA 40 blocks,sa,112,112,14,1
fb_04,B91247,24,1,MASc KA 40 blocks,sa,112,112,14,1
fb_04,B95834,24,1,MASc KA 40 blocks,sa,112,112,14,1
fb_05,B82792,24,1,MASc KA 40 blocks,sa,112,112,14,1
fb_05,B91247,24,1,MASc KA 40 blocks,sa,112,112,14,1
fb_05,B95247,24,1,MASc KA 40 blocks,sa,112,112,14,1
fb_06,B82792,24,1,MASc KA 40 blocks,sa,112,112,14,1
fb_06,B95247,24,1,MASc KA 40 blocks,sa,112,112,14,1
fb_06,B95834,24,1,MASc KA 40 blocks,sa,112,112,14,1
ld_01,B86857,24,1,MASc KA 40 blocks,sa,112,112,14,1
ld_01,B86857,24,1,MASc KA 40 blocks,sa,112,112,14,1
ld_02,B86857,24,1,MASc KA 40 blocks,sa,112,112,14,1
ld_02,B86857,24,1,MASc KA 40 blocks,sa,112,112,14,1
ld_03,B86857,24,1,MASc KA 40 blocks,sa,112,112,14,1
ld_03,B86857,24,1,MASc KA 40 blocks,sa,112,112,14,1
ld_04,B86857,24,1,MASc KA 40 blocks,sa,112,112,14,1
ld_04,B86857,24,1,MASc KA 40 blocks,sa,112,112,14,1
ld_05,B82792,24,1,MASc KA 40 blocks,sa,112,112,14,1
ld_05,B86857,24,1,MASc KA 40 blocks,sa,112,112,14,1
ld_06,B78910,24,1,MASc KA 40 blocks,sa,112,112,14,1
ld_06,B86857,24,1,MASc KA 40 blocks,sa,112,112,14,1
pr_01,B86857,24,1,MASc KA 40 blocks,sa,112,112,14,1
pr_01,B95247,24,1,MASc KA 40 blocks,sa,112,112,14,1
pr_01,B98643,24,1,MASc KA 40 blocks,sa,112,112,14,1
pr_02,B86857,24,1,MASc KA 40 blocks,sa,112,112,14,1
pr_02,B95247,24,1,MASc KA 40 blocks,sa,112,112,14,1
pr_02,B98430,24,1,MASc KA 40 blocks,sa,112,112,14,1
pr_03,B78910,24,1,MASc KA 40 blocks,sa,112,112,14,1
pr_03,B86857,24,1,MASc KA 40 blocks,sa,112,112,14,1
pr_03,B95247,24,1,MASc KA 40 blocks,sa,112,112,14,1
pr_04,B77363,24,1,MASc KA 40 blocks,sa,112,112,14,1
pr_04,B86857,24,1,MASc KA 40 blocks,sa,112,112,14,1
pr_04,B86857,24,1,MASc KA 40 blocks,sa,112,112,14,1
pr_05,B77363,24,1,MASc KA 40 blocks,sa,112,112,14,1
pr_05,B86857,24,1,MASc KA 40 blocks,sa,112,112,14,1
pr_06,B77363,24,1,MASc KA 40 blocks,sa,112,112,14,1
pr_06,B86857,24,1,MASc KA 40 blocks,sa,112,112,14,1
sk_01,B86857,24,1,MASc KA 40 blocks,sa,112,112,14,1
sk_01,B86857,24,1,MASc KA 40 blocks,sa,112,112,14,1
sk_01,B95247,24,1,MASc KA 40 blocks,sa,112,112,14,1
sk_02,B86857,24,1,MASc KA 40 blocks,sa,112,112,14,1
sk_02,B86857,24,1,MASc KA 40 blocks,sa,112,112,14,1
sk_02,B95247,24,1,MASc KA 40 blocks,sa,112,112,14,1
sk_03,B86857,24,1,MASc KA 40 blocks,sa,112,112,14,1
sk_03,B91247,24,1,MASc KA 40 blocks,sa,112,112,14,1
sk_03,B95247,24,1,MASc KA 40 blocks,sa,112,112,14,1
sk_04,B86857,24,1,MASc KA 40 blocks,sa,112,112,14,1
sk_04,B95247,24,1,MASc KA 40 blocks,sa,112,112,14,1
sk_04,B96294,24,1,MASc KA 40 blocks,sa,112,112,14,1
sk_05,B86857,24,1,MASc KA 40 blocks,sa,112,112,14,1
sk_05,B95247,24,1,MASc KA 40 blocks,sa,112,112,14,1
sk_05,B96294,24,1,MASc KA 40 blocks,sa,112,112,14,1
sk_06,B86857,24,1,MASc KA 40 blocks,sa,112,112,14,1
sk_06,B91247,24,1,MASc KA 40 blocks,sa,112,112,14,1
sk_06,B95247,24,1,MASc KA 40 blocks,sa,112,112,14,1
fb_01,B91247,25,1,MASc KA 40 blocks,sa,112,112,14,1
fb_01,B91247,25,1,MASc KA 40 blocks,sa,112,112,14,1
fb_01,B91247,25,1,MASc KA 40 blocks,sa,112,112,14,1
fb_02,B86857,25,1,MASc KA 40 blocks,sa,112,112,14,1
fb_02,B86857,25,1,MASc KA 40 blocks,sa,112,112,14,1
fb_02,B86857,25,1,MASc KA 40 blocks,sa,112,112,14,1
fb_03,B86857,25,1,MASc KA 40 blocks,sa,112,112,14,1
fb_03,B86857,25,1,MASc KA 40 blocks,sa,112,112,14,1
fb_03,B86857,25,1,MASc KA 40 blocks,sa,112,112,14,1
fb_04,B91247,25,1,MASc KA 40 blocks,sa,112,112,14,1
fb_04,B91247,25,1,MASc KA 40 blocks,sa,112,112,14,1
fb_04,B91247,25,1,MASc KA 40 blocks,sa,112,112,14,1
fb_05,B91247,25,1,MASc KA 40 blocks,sa,112,112,14,1
fb_05,B95247,25,1,MASc KA 40 blocks,sa,112,112,14,1
fb_05,B95834,25,1,MASc KA 40 blocks,sa,112,112,14,1
fb_06,B91247,25,1,MASc KA 40 blocks,sa,112,112,14,1
fb_06,B95247,25,1,MASc KA 40 blocks,sa,112,112,14,1
fb_06,B95247,25,1,MASc KA 40 blocks,sa,112,112,14,1
ld_01,B77363,25,1,MASc KA 40 blocks,sa,112,112,14,1
ld_01,B86857,25,1,MASc KA 40 blocks,sa,112,112,14,1
ld_01,B95247,25,1,MASc KA 40 blocks,sa,112,112,14,1
ld_02,B78910,25,1,MASc KA 40 blocks,sa,112,112,14,1
ld_02,B86857,25,1,MASc KA 40 blocks,sa,112,112,14,1
ld_03,B77363,25,1,MASc KA 40 blocks,sa,112,112,14,1
ld_03,B86857,25,1,MASc KA 40 blocks,sa,112,112,14,1
ld_04,B77363,25,1,MASc KA 40 blocks,sa,112,112,14,1
ld_04,B86857,25,1,MASc KA 40 blocks,sa,112,112,14,1
ld_05,B86857,25,1,MASc KA 40 blocks,sa,112,112,14,1
ld_05,B98643,25,1,MASc KA 40 blocks,sa,112,112,14,1
ld_06,B78910,25,1,MASc KA 40 blocks,sa,112,112,14,1
ld_06,B95247,25,1,MASc KA 40 blocks,sa,112,112,14,1
pr_01,B86857,25,1,MASc KA 40 blocks,sa,112,112,14,1
pr_01,B86857,25,1,MASc KA 40 blocks,sa,112,112,14,1
pr_01,B96294,25,1,MASc KA 40 blocks,sa,112,112,14,1
pr_02,B86857,25,1,MASc KA 40 blocks,sa,112,112,14,1
pr_02,B91247,25,1,MASc KA 40 blocks,sa,112,112,14,1
pr_02,B95247,25,1,MASc KA 40 blocks,sa,112,112,14,1
pr_03,B86857,25,1,MASc KA 40 blocks,sa,112,112,14,1
pr_03,B91247,25,1,MASc KA 40 blocks,sa,112,112,14,1
pr_03,B95247,25,1,MASc KA 40 blocks,sa,112,112,14,1
pr_04,B86857,25,1,MASc KA 40 blocks,sa,112,112,14,1
pr_04,B95247,25,1,MASc KA 40 blocks,sa,112,112,14,1
pr_05,B86857,25,1,MASc KA 40 blocks,sa,112,112,14,1
pr_05,B95247,25,1,MASc KA 40 blocks,sa,112,112,14,1
pr_06,B86857,25,1,MASc KA 40 blocks,sa,112,112,14,1
pr_06,B95247,25,1,MASc KA 40 blocks,sa,112,112,14,1
sk_01,B82792,25,1,MASc KA 40 blocks,sa,112,112,14,1
sk_01,B86857,25,1,MASc KA 40 blocks,sa,112,112,14,1
sk_01,B96294,25,1,MASc KA 40 blocks,sa,112,112,14,1
sk_02,B82792,25,1,MASc KA 40 blocks,sa,112,112,14,1
sk_02,B95247,25,1,MASc KA 40 blocks,sa,112,112,14,1
sk_02,B96294,25,1,MASc KA 40 blocks,sa,112,112,14,1
sk_03,B82792,25,1,MASc KA 40 blocks,sa,112,112,14,1
sk_03,B86857,25,1,MASc KA 40 blocks,sa,112,112,14,1
sk_03,B86857,25,1,MASc KA 40 blocks,sa,112,112,14,1
sk_04,B86857,25,1,MASc KA 40 blocks,sa,112,112,14,1
sk_04,B86857,25,1,MASc KA 40 blocks,sa,112,112,14,1
sk_04,B95834,25,1,MASc KA 40 blocks,sa,112,112,14,1
sk_05,B82792,25,1,MASc KA 40 blocks,sa,112,112,14,1
sk_05,B86857,25,1,MASc KA 40 blocks,sa,112,112,14,1
sk_05,B86857,25,1,MASc KA 40 blocks,sa,112,112,14,1
sk_06,B82792,25,1,MASc KA 40 blocks,sa,112,112,14,1
sk_06,B86857,25,1,MASc KA 40 blocks,sa,112,112,14,1
sk_06,B86857,25,1,MASc KA 40 blocks,sa,112,112,14,1
fb_01,B88901,26,1,MASc KA 40 blocks,sa,112,112,14,1
fb_01,B91247,26,1,MASc KA 40 blocks,sa,112,112,14,1
fb_01,B91247,26,1,MASc KA 40 blocks,sa,112,112,14,1
fb_02,B86857,26,1,MASc KA 40 blocks,sa,112,112,14,1
fb_02,B86857,26,1,MASc KA 40 blocks,sa,112,112,14,1
fb_02,B88406,26,1,MASc KA 40 blocks,sa,112,112,14,1
fb_03,B86857,26,1,MASc KA 40 blocks,sa,112,112,14,1
fb_03,B86857,26,1,MASc KA 40 blocks,sa,112,112,14,1
fb_03,B86857,26,1,MASc KA 40 blocks,sa,112,112,14,1
fb_04,B91247,26,1,MASc KA 40 blocks,sa,112,112,14,1
fb_04,B91247,26,1,MASc KA 40 blocks,sa,112,112,14,1
fb_04,B91247,26,1,MASc KA 40 blocks,sa,112,112,14,1
fb_05,B91247,26,1,MASc KA 40 blocks,sa,112,112,14,1
fb_05,B91247,26,1,MASc KA 40 blocks,sa,112,112,14,1
fb_05,B91247,26,1,MASc KA 40 blocks,sa,112,112,14,1
fb_06,B91247,26,1,MASc KA 40 blocks,sa,112,112,14,1
fb_06,B91247,26,1,MASc KA 40 blocks,sa,112,112,14,1
fb_06,B91454,26,1,MASc KA 40 blocks,sa,112,112,14,1
ld_01,B86857,26,1,MASc KA 40 blocks,sa,112,112,14,1
ld_01,B95247,26,1,MASc KA 40 blocks,sa,112,112,14,1
ld_02,B86857,26,1,MASc KA 40 blocks,sa,112,112,14,1
ld_02,B95247,26,1,MASc KA 40 blocks,sa,112,112,14,1
ld_03,B86857,26,1,MASc KA 40 blocks,sa,112,112,14,1
ld_03,B96294,26,1,MASc KA 40 blocks,sa,112,112,14,1
ld_04,B86857,26,1,MASc KA 40 blocks,sa,112,112,14,1
ld_05,B91247,26,1,MASc KA 40 blocks,sa,112,112,14,1
ld_06,B95247,26,1,MASc KA 40 blocks,sa,112,112,14,1
pr_01,B82792,26,1,MASc KA 40 blocks,sa,112,112,14,1
pr_01,B86857,26,1,MASc KA 40 blocks,sa,112,112,14,1
pr_01,B96294,26,1,MASc KA 40 blocks,sa,112,112,14,1
pr_02,B82792,26,1,MASc KA 40 blocks,sa,112,112,14,1
pr_02,B86857,26,1,MASc KA 40 blocks,sa,112,112,14,1
pr_02,B95247,26,1,MASc KA 40 blocks,sa,112,112,14,1
pr_03,B86857,26,1,MASc KA 40 blocks,sa,112,112,14,1
pr_03,B86857,26,1,MASc KA 40 blocks,sa,112,112,14,1
pr_03,B96294,26,1,MASc KA 40 blocks,sa,112,112,14,1
pr_04,B86857,26,1,MASc KA 40 blocks,sa,112,112,14,1
pr_04,B86857,26,1,MASc KA 40 blocks,sa,112,112,14,1
pr_04,B86857,26,1,MASc KA 40 blocks,sa,112,112,14,1
pr_05,B82792,26,1,MASc KA 40 blocks,sa,112,112,14,1
pr_05,B82792,26,1,MASc KA 40 blocks,sa,112,112,14,1
pr_05,B86857,26,1,MASc KA 40 blocks,sa,112,112,14,1
pr_06,B82792,26,1,MASc KA 40 blocks,sa,112,112,14,1
pr_06,B82792,26,1,MASc KA 40 blocks,sa,112,112,14,1
pr_06,B86857,26,1,MASc KA 40 blocks,sa,112,112,14,1
sk_01,B86857,26,1,MASc KA 40 blocks,sa,112,112,14,1
sk_01,B86857,26,1,MASc KA 40 blocks,sa,112,112,14,1
sk_01,B91247,26,1,MASc KA 40 blocks,sa,112,112,14,1
sk_02,B86857,26,1,MASc KA 40 blocks,sa,112,112,14,1
sk_02,B86857,26,1,MASc KA 40 blocks,sa,112,112,14,1
sk_02,B91247,26,1,MASc KA 40 blocks,sa,112,112,14,1
sk_03,B86857,26,1,MASc KA 40 blocks,sa,112,112,14,1
sk_03,B91247,26,1,MASc KA 40 blocks,sa,112,112,14,1
sk_03,B91247,26,1,MASc KA 40 blocks,sa,112,112,14,1
sk_04,B86857,26,1,MASc KA 40 blocks,sa,112,112,14,1
sk_04,B91247,26,1,MASc KA 40 blocks,sa,112,112,14,1
sk_04,B91247,26,1,MASc KA 40 blocks,sa,112,112,14,1
sk_05,B86857,26,1,MASc KA 40 blocks,sa,112,112,14,1
sk_05,B91247,26,1,MASc KA 40 blocks,sa,112,112,14,1
sk_05,B91247,26,1,MASc KA 40 blocks,sa,112,112,14,1
sk_06,B86857,26,1,MASc KA 40 blocks,sa,112,112,14,1
sk_06,B91247,26,1,MASc KA 40 blocks,sa,112,112,14,1
sk_06,B91247,26,1,MASc KA 40 blocks,sa,112,112,14,1
fb_01,B88901,27,1,MASc KA 40 blocks,sa,112,112,14,1
fb_01,B91247,27,1,MASc KA 40 blocks,sa,112,112,14,1
fb_01,B91247,27,1,MASc KA 40 blocks,sa,112,112,14,1
fb_02,B86857,27,1,MASc KA 40 blocks,sa,112,112,14,1
fb_02,B86857,27,1,MASc KA 40 blocks,sa,112,112,14,1
fb_02,B86857,27,1,MASc KA 40 blocks,sa,112,112,14,1
fb_03,B86857,27,1,MASc KA 40 blocks,sa,112,112,14,1
fb_03,B86857,27,1,MASc KA 40 blocks,sa,112,112,14,1
fb_03,B86857,27,1,MASc KA 40 blocks,sa,112,112,14,1
fb_04,B88901,27,1,MASc KA 40 blocks,sa,112,112,14,1
fb_04,B91247,27,1,MASc KA 40 blocks,sa,112,112,14,1
fb_04,B91247,27,1,MASc KA 40 blocks,sa,112,112,14,1
fb_05,B91247,27,1,MASc KA 40 blocks,sa,112,112,14,1
fb_05,B91247,27,1,MASc KA 40 blocks,sa,112,112,14,1
fb_05,B91247,27,1,MASc KA 40 blocks,sa,112,112,14,1
fb_06,B86553,27,1,MASc KA 40 blocks,sa,112,112,14,1
fb_06,B91247,27,1,MASc KA 40 blocks,sa,112,112,14,1
fb_06,B91247,27,1,MASc KA 40 blocks,sa,112,112,14,1
ld_01,B82792,27,1,MASc KA 40 blocks,sa,112,112,14,1
ld_01,B86857,27,1,MASc KA 40 blocks,sa,112,112,14,1
ld_01,B96294,27,1,MASc KA 40 blocks,sa,112,112,14,1
ld_02,B82792,27,1,MASc KA 40 blocks,sa,112,112,14,1
ld_02,B86857,27,1,MASc KA 40 blocks,sa,112,112,14,1
ld_03,B82792,27,1,MASc KA 40 blocks,sa,112,112,14,1
ld_03,B86857,27,1,MASc KA 40 blocks,sa,112,112,14,1
ld_04,B86857,27,1,MASc KA 40 blocks,sa,112,112,14,1
ld_04,B86857,27,1,MASc KA 40 blocks,sa,112,112,14,1
ld_05,B86857,27,1,MASc KA 40 blocks,sa,112,112,14,1
ld_05,B86857,27,1,MASc KA 40 blocks,sa,112,112,14,1
ld_06,B95247,27,1,MASc KA 40 blocks,sa,112,112,14,1
ld_06,B96294,27,1,MASc KA 40 blocks,sa,112,112,14,1
pr_01,B86857,27,1,MASc KA 40 blocks,sa,112,112,14,1
pr_01,B86857,27,1,MASc KA 40 blocks,sa,112,112,14,1
pr_01,B91247,27,1,MASc KA 40 blocks,sa,112,112,14,1
pr_02,B86857,27,1,MASc KA 40 blocks,sa,112,112,14,1
pr_02,B91247,27,1,MASc KA 40 blocks,sa,112,112,14,1
pr_02,B91247,27,1,MASc KA 40 blocks,sa,112,112,14,1
pr_03,B86857,27,1,MASc KA 40 blocks,sa,112,112,14,1
pr_03,B91247,27,1,MASc KA 40 blocks,sa,112,112,14,1
pr_03,B91247,27,1,MASc KA 40 blocks,sa,112,112,14,1
pr_04,B86857,27,1,MASc KA 40 blocks,sa,112,112,14,1
pr_04,B91247,27,1,MASc KA 40 blocks,sa,112,112,14,1
pr_04,B91247,27,1,MASc KA 40 blocks,sa,112,112,14,1
pr_05,B86857,27,1,MASc KA 40 blocks,sa,112,112,14,1
pr_05,B91247,27,1,MASc KA 40 blocks,sa,112,112,14,1
pr_05,B91247,27,1,MASc KA 40 blocks,sa,112,112,14,1
pr_06,B82792,27,1,MASc KA 40 blocks,sa,112,112,14,1
pr_06,B86857,27,1,MASc KA 40 blocks,sa,112,112,14,1
pr_06,B91247,27,1,MASc KA 40 blocks,sa,112,112,14,1
sk_01,B86857,27,1,MASc KA 40 blocks,sa,112,112,14,1
sk_01,B86857,27,1,MASc KA 40 blocks,sa,112,112,14,1
sk_01,B91247,27,1,MASc KA 40 blocks,sa,112,112,14,1
sk_02,B86857,27,1,MASc KA 40 blocks,sa,112,112,14,1
sk_02,B91247,27,1,MASc KA 40 blocks,sa,112,112,14,1
sk_02,B95247,27,1,MASc KA 40 blocks,sa,112,112,14,1
sk_03,B86857,27,1,MASc KA 40 blocks,sa,112,112,14,1
sk_03,B91247,27,1,MASc KA 40 blocks,sa,112,112,14,1
sk_03,B95247,27,1,MASc KA 40 blocks,sa,112,112,14,1
sk_04,B86857,27,1,MASc KA 40 blocks,sa,112,112,14,1
sk_04,B91247,27,1,MASc KA 40 blocks,sa,112,112,14,1
sk_04,B91247,27,1,MASc KA 40 blocks,sa,112,112,14,1
sk_05,B86857,27,1,MASc KA 40 blocks,sa,112,112,14,1
sk_05,B91247,27,1,MASc KA 40 blocks,sa,112,112,14,1
sk_05,B95247,27,1,MASc KA 40 blocks,sa,112,112,14,1
sk_06,B86857,27,1,MASc KA 40 blocks,sa,112,112,14,1
sk_06,B91247,27,1,MASc KA 40 blocks,sa,112,112,14,1
sk_06,B91247,27,1,MASc KA 40 blocks,sa,112,112,14,1
fb_01,B78567,28,1,MASc KA 40 blocks,sa,112,112,14,1
fb_01,B86553,28,1,MASc KA 40 blocks,sa,112,112,14,1
fb_01,B86553,28,1,MASc KA 40 blocks,sa,112,112,14,1
fb_02,B86857,28,1,MASc KA 40 blocks,sa,112,112,14,1
fb_02,B86857,28,1,MASc KA 40 blocks,sa,112,112,14,1
fb_02,B86857,28,1,MASc KA 40 blocks,sa,112,112,14,1
fb_03,B86857,28,1,MASc KA 40 blocks,sa,112,112,14,1
fb_03,B86857,28,1,MASc KA 40 blocks,sa,112,112,14,1
fb_03,B86857,28,1,MASc KA 40 blocks,sa,112,112,14,1
fb_04,B78567,28,1,MASc KA 40 blocks,sa,112,112,14,1
fb_04,B86553,28,1,MASc KA 40 blocks,sa,112,112,14,1
fb_04,B86553,28,1,MASc KA 40 blocks,sa,112,112,14,1
fb_05,B86553,28,1,MASc KA 40 blocks,sa,112,112,14,1
fb_05,B88901,28,1,MASc KA 40 blocks,sa,112,112,14,1
fb_05,B91247,28,1,MASc KA 40 blocks,sa,112,112,14,1
fb_06,B86553,28,1,MASc KA 40 blocks,sa,112,112,14,1
fb_06,B91247,28,1,MASc KA 40 blocks,sa,112,112,14,1
fb_06,B91247,28,1,MASc KA 40 blocks,sa,112,112,14,1
ld_01,B86857,28,1,MASc KA 40 blocks,sa,112,112,14,1
ld_01,B91247,28,1,MASc KA 40 blocks,sa,112,112,14,1
ld_02,B86857,28,1,MASc KA 40 blocks,sa,112,112,14,1
ld_02,B91247,28,1,MASc KA 40 blocks,sa,112,112,14,1
ld_03,B86857,28,1,MASc KA 40 blocks,sa,112,112,14,1
ld_03,B91247,28,1,MASc KA 40 blocks,sa,112,112,14,1
ld_04,B86857,28,1,MASc KA 40 blocks,sa,112,112,14,1
ld_04,B91247,28,1,MASc KA 40 blocks,sa,112,112,14,1
ld_05,B82792,28,1,MASc KA 40 blocks,sa,112,112,14,1
ld_05,B91247,28,1,MASc KA 40 blocks,sa,112,112,14,1
ld_06,B91247,28,1,MASc KA 40 blocks,sa,112,112,14,1
pr_01,B86857,28,1,MASc KA 40 blocks,sa,112,112,14,1
pr_01,B91247,28,1,MASc KA 40 blocks,sa,112,112,14,1
pr_01,B95247,28,1,MASc KA 40 blocks,sa,112,112,14,1
pr_02,B86857,28,1,MASc KA 40 blocks,sa,112,112,14,1
pr_02,B91247,28,1,MASc KA 40 blocks,sa,112,112,14,1
pr_02,B95247,28,1,MASc KA 40 blocks,sa,112,112,14,1
pr_03,B86857,28,1,MASc KA 40 blocks,sa,112,112,14,1
pr_03,B91247,28,1,MASc KA 40 blocks,sa,112,112,14,1
pr_03,B91247,28,1,MASc KA 40 blocks,sa,112,112,14,1
pr_04,B86857,28,1,MASc KA 40 blocks,sa,112,112,14,1
pr_04,B91247,28,1,MASc KA 40 blocks,sa,112,112,14,1
pr_04,B91247,28,1,MASc KA 40 blocks,sa,112,112,14,1
pr_05,B82792,28,1,MASc KA 40 blocks,sa,112,112,14,1
pr_05,B86857,28,1,MASc KA 40 blocks,sa,112,112,14,1
pr_05,B91247,28,1,MASc KA 40 blocks,sa,112,112,14,1
pr_06,B86857,28,1,MASc KA 40 blocks,sa,112,112,14,1
pr_06,B91247,28,1,MASc KA 40 blocks,sa,112,112,14,1
sk_01,B86857,28,1,MASc KA 40 blocks,sa,112,112,14,1
sk_01,B86857,28,1,MASc KA 40 blocks,sa,112,112,14,1
sk_01,B91247,28,1,MASc KA 40 blocks,sa,112,112,14,1
sk_02,B86857,28,1,MASc KA 40 blocks,sa,112,112,14,1
sk_02,B86857,28,1,MASc KA 40 blocks,sa,112,112,14,1
sk_02,B95247,28,1,MASc KA 40 blocks,sa,112,112,14,1
sk_03,B86857,28,1,MASc KA 40 blocks,sa,112,112,14,1
sk_03,B91247,28,1,MASc KA 40 blocks,sa,112,112,14,1
sk_03,B95247,28,1,MASc KA 40 blocks,sa,112,112,14,1
sk_04,B86857,28,1,MASc KA 40 blocks,sa,112,112,14,1
sk_04,B95247,28,1,MASc KA 40 blocks,sa,112,112,14,1
sk_04,B95247,28,1,MASc KA 40 blocks,sa,112,112,14,1
sk_05,B86857,28,1,MASc KA 40 blocks,sa,112,112,14,1
sk_05,B91247,28,1,MASc KA 40 blocks,sa,112,112,14,1
sk_05,B95247,28,1,MASc KA 40 blocks,sa,112,112,14,1
sk_06,B86857,28,1,MASc KA 40 blocks,sa,112,112,14,1
sk_06,B91247,28,1,MASc KA 40 blocks,sa,112,112,14,1
sk_06,B91247,28,1,MASc KA 40 blocks,sa,112,112,14,1
fb_01,B78910,29,1,MASc KA 40 blocks,sa,112,112,14,1
fb_01,B82792,29,1,MASc KA 40 blocks,sa,112,112,14,1
fb_01,B95834,29,1,MASc KA 40 blocks,sa,112,112,14,1
fb_02,B86553,29,1,MASc KA 40 blocks,sa,112,112,14,1
fb_02,B92912,29,1,MASc KA 40 blocks,sa,112,112,14,1
fb_02,B92962,29,1,MASc KA 40 blocks,sa,112,112,14,1
fb_03,B77718,29,1,MASc KA 40 blocks,sa,112,112,14,1
fb_03,B77718,29,1,MASc KA 40 blocks,sa,112,112,14,1
fb_03,B77718,29,1,MASc KA 40 blocks,sa,112,112,14,1
fb_04,B77718,29,1,MASc KA 40 blocks,sa,112,112,14,1
fb_04,B77718,29,1,MASc KA 40 blocks,sa,112,112,14,1
fb_04,B88642,29,1,MASc KA 40 blocks,sa,112,112,14,1
fb_05,B88642,29,1,MASc KA 40 blocks,sa,112,112,14,1
fb_05,B92731,29,1,MASc KA 40 blocks,sa,112,112,14,1
fb_05,B94657,29,1,MASc KA 40 blocks,sa,112,112,14,1
fb_06,B92731,29,1,MASc KA 40 blocks,sa,112,112,14,1
fb_06,B92731,29,1,MASc KA 40 blocks,sa,112,112,14,1
fb_06,B92731,29,1,MASc KA 40 blocks,sa,112,112,14,1
fb_01,B84093,30,1,MASc KA 40 blocks,sa,112,112,14,1
fb_01,B86575,30,1,MASc KA 40 blocks,sa,112,112,14,1
fb_01,B92962,30,1,MASc KA 40 blocks,sa,112,112,14,1
fb_02,B78567,30,1,MASc KA 40 blocks,sa,112,112,14,1
fb_02,B81877,30,1,MASc KA 40 blocks,sa,112,112,14,1
fb_02,B86553,30,1,MASc KA 40 blocks,sa,112,112,14,1
fb_03,B78567,30,1,MASc KA 40 blocks,sa,112,112,14,1
fb_03,B78567,30,1,MASc KA 40 blocks,sa,112,112,14,1
fb_03,B86553,30,1,MASc KA 40 blocks,sa,112,112,14,1
fb_04,B77718,30,1,MASc KA 40 blocks,sa,112,112,14,1
fb_04,B78567,30,1,MASc KA 40 blocks,sa,112,112,14,1
fb_04,B79027,30,1,MASc KA 40 blocks,sa,112,112,14,1
fb_05,B79027,30,1,MASc KA 40 blocks,sa,112,112,14,1
fb_05,B86575,30,1,MASc KA 40 blocks,sa,112,112,14,1
fb_05,B86575,30,1,MASc KA 40 blocks,sa,112,112,14,1
fb_06,B81877,30,1,MASc KA 40 blocks,sa,112,112,14,1
fb_06,B92731,30,1,MASc KA 40 blocks,sa,112,112,14,1
fb_06,B92731,30,1,MASc KA 40 blocks,sa,112,112,14,1
sk_01,B78910,30,1,MASc KA 40 blocks,sa,112,112,14,1
sk_01,B86553,30,1,MASc KA 40 blocks,sa,112,112,14,1
sk_01,B92731,30,1,MASc KA 40 blocks,sa,112,112,14,1
sk_02,B82792,30,1,MASc KA 40 blocks,sa,112,112,14,1
sk_02,B88642,30,1,MASc KA 40 blocks,sa,112,112,14,1
sk_02,B92962,30,1,MASc KA 40 blocks,sa,112,112,14,1
sk_03,B88642,30,1,MASc KA 40 blocks,sa,112,112,14,1
sk_03,B88642,30,1,MASc KA 40 blocks,sa,112,112,14,1
sk_03,B92962,30,1,MASc KA 40 blocks,sa,112,112,14,1
sk_04,B88642,30,1,MASc KA 40 blocks,sa,112,112,14,1
sk_04,B88642,30,1,MASc KA 40 blocks,sa,112,112,14,1
sk_04,B92731,30,1,MASc KA 40 blocks,sa,112,112,14,1
sk_05,B88642,30,1,MASc KA 40 blocks,sa,112,112,14,1
sk_05,B88642,30,1,MASc KA 40 blocks,sa,112,112,14,1
sk_05,B92731,30,1,MASc KA 40 blocks,sa,112,112,14,1
sk_06,B88642,30,1,MASc KA 40 blocks,sa,112,112,14,1
sk_06,B92731,30,1,MASc KA 40 blocks,sa,112,112,14,1
sk_06,B92731,30,1,MASc KA 40 blocks,sa,112,112,14,1
fb_01,B88901,31,1,MASc KA 40 blocks,sa,112,112,14,1
fb_01,B91173,31,1,MASc KA 40 blocks,sa,112,112,14,1
fb_01,B91247,31,1,MASc KA 40 blocks,sa,112,112,14,1
fb_02,B86857,31,1,MASc KA 40 blocks,sa,112,112,14,1
fb_02,B86857,31,1,MASc KA 40 blocks,sa,112,112,14,1
fb_02,B86857,31,1,MASc KA 40 blocks,sa,112,112,14,1
fb_03,B86857,31,1,MASc KA 40 blocks,sa,112,112,14,1
fb_03,B86857,31,1,MASc KA 40 blocks,sa,112,112,14,1
fb_03,B86857,31,1,MASc KA 40 blocks,sa,112,112,14,1
fb_04,B77363,31,1,MASc KA 40 blocks,sa,112,112,14,1
fb_04,B92962,31,1,MASc KA 40 blocks,sa,112,112,14,1
fb_04,B92962,31,1,MASc KA 40 blocks,sa,112,112,14,1
fb_05,B77363,31,1,MASc KA 40 blocks,sa,112,112,14,1
fb_05,B92962,31,1,MASc KA 40 blocks,sa,112,112,14,1
fb_05,B92962,31,1,MASc KA 40 blocks,sa,112,112,14,1
fb_06,B92731,31,1,MASc KA 40 blocks,sa,112,112,14,1
fb_06,B92962,31,1,MASc KA 40 blocks,sa,112,112,14,1
fb_06,B92962,31,1,MASc KA 40 blocks,sa,112,112,14,1
pr_01,B82792,31,1,MASc KA 40 blocks,sa,112,112,14,1
pr_01,B88642,31,1,MASc KA 40 blocks,sa,112,112,14,1
pr_02,B88642,31,1,MASc KA 40 blocks,sa,112,112,14,1
pr_03,B88642,31,1,MASc KA 40 blocks,sa,112,112,14,1
pr_04,B92731,31,1,MASc KA 40 blocks,sa,112,112,14,1
pr_05,B92962,31,1,MASc KA 40 blocks,sa,112,112,14,1
pr_06,B92731,31,1,MASc KA 40 blocks,sa,112,112,14,1
sk_01,B78567,31,1,MASc KA 40 blocks,sa,112,112,14,1
sk_01,B79027,31,1,MASc KA 40 blocks,sa,112,112,14,1
sk_01,B86575,31,1,MASc KA 40 blocks,sa,112,112,14,1
sk_02,B79027,31,1,MASc KA 40 blocks,sa,112,112,14,1
sk_02,B84093,31,1,MASc KA 40 blocks,sa,112,112,14,1
sk_02,B86575,31,1,MASc KA 40 blocks,sa,112,112,14,1
sk_03,B81877,31,1,MASc KA 40 blocks,sa,112,112,14,1
sk_03,B84093,31,1,MASc KA 40 blocks,sa,112,112,14,1
sk_03,B86575,31,1,MASc KA 40 blocks,sa,112,112,14,1
sk_04,B81877,31,1,MASc KA 40 blocks,sa,112,112,14,1
sk_04,B86575,31,1,MASc KA 40 blocks,sa,112,112,14,1
sk_04,B86575,31,1,MASc KA 40 blocks,sa,112,112,14,1
sk_05,B78567,31,1,MASc KA 40 blocks,sa,112,112,14,1
sk_05,B86575,31,1,MASc KA 40 blocks,sa,112,112,14,1
sk_05,B86575,31,1,MASc KA 40 blocks,sa,112,112,14,1
sk_06,B78567,31,1,MASc KA 40 blocks,sa,112,112,14,1
sk_06,B86575,31,1,MASc KA 40 blocks,sa,112,112,14,1
sk_06,B92962,31,1,MASc KA 40 blocks,sa,112,112,14,1
fb_01,B77363,32,1,MASc KA 40 blocks,sa,112,112,14,1
fb_01,B77363,32,1,MASc KA 40 blocks,sa,112,112,14,1
fb_01,B95247,32,1,MASc KA 40 blocks,sa,112,112,14,1
fb_02,B86857,32,1,MASc KA 40 blocks,sa,112,112,14,1
fb_02,B86857,32,1,MASc KA 40 blocks,sa,112,112,14,1
fb_02,B86857,32,1,MASc KA 40 blocks,sa,112,112,14,1
fb_03,B86857,32,1,MASc KA 40 blocks,sa,112,112,14,1
fb_03,B86857,32,1,MASc KA 40 blocks,sa,112,112,14,1
fb_03,B86857,32,1,MASc KA 40 blocks,sa,112,112,14,1
fb_04,B77363,32,1,MASc KA 40 blocks,sa,112,112,14,1
fb_04,B91173,32,1,MASc KA 40 blocks,sa,112,112,14,1
fb_04,B91173,32,1,MASc KA 40 blocks,sa,112,112,14,1
fb_05,B77363,32,1,MASc KA 40 blocks,sa,112,112,14,1
fb_05,B91173,32,1,MASc KA 40 blocks,sa,112,112,14,1
fb_05,B92962,32,1,MASc KA 40 blocks,sa,112,112,14,1
fb_06,B77363,32,1,MASc KA 40 blocks,sa,112,112,14,1
fb_06,B92962,32,1,MASc KA 40 blocks,sa,112,112,14,1
fb_06,B98643,32,1,MASc KA 40 blocks,sa,112,112,14,1
ld_01,B88642,32,1,MASc KA 40 blocks,sa,112,112,14,1
ld_01,B92731,32,1,MASc KA 40 blocks,sa,112,112,14,1
ld_02,B88642,32,1,MASc KA 40 blocks,sa,112,112,14,1
ld_02,B92962,32,1,MASc KA 40 blocks,sa,112,112,14,1
ld_03,B92731,32,1,MASc KA 40 blocks,sa,112,112,14,1
ld_04,B88642,32,1,MASc KA 40 blocks,sa,112,112,14,1
ld_05,B88642,32,1,MASc KA 40 blocks,sa,112,112,14,1
ld_06,B88642,32,1,MASc KA 40 blocks,sa,112,112,14,1
pr_01,B78567,32,1,MASc KA 40 blocks,sa,112,112,14,1
pr_01,B81877,32,1,MASc KA 40 blocks,sa,112,112,14,1
pr_01,B84093,32,1,MASc KA 40 blocks,sa,112,112,14,1
pr_02,B81877,32,1,MASc KA 40 blocks,sa,112,112,14,1
pr_02,B86575,32,1,MASc KA 40 blocks,sa,112,112,14,1
pr_02,B86575,32,1,MASc KA 40 blocks,sa,112,112,14,1
pr_03,B79027,32,1,MASc KA 40 blocks,sa,112,112,14,1
pr_03,B81877,32,1,MASc KA 40 blocks,sa,112,112,14,1
pr_03,B86575,32,1,MASc KA 40 blocks,sa,112,112,14,1
pr_04,B86575,32,1,MASc KA 40 blocks,sa,112,112,14,1
pr_04,B86575,32,1,MASc KA 40 blocks,sa,112,112,14,1
pr_05,B78567,32,1,MASc KA 40 blocks,sa,112,112,14,1
pr_05,B86575,32,1,MASc KA 40 blocks,sa,112,112,14,1
pr_06,B78567,32,1,MASc KA 40 blocks,sa,112,112,14,1
pr_06,B79027,32,1,MASc KA 40 blocks,sa,112,112,14,1
sk_01,B77363,32,1,MASc KA 40 blocks,sa,112,112,14,1
sk_01,B86857,32,1,MASc KA 40 blocks,sa,112,112,14,1
sk_01,B92962,32,1,MASc KA 40 blocks,sa,112,112,14,1
sk_02,B77363,32,1,MASc KA 40 blocks,sa,112,112,14,1
sk_02,B86857,32,1,MASc KA 40 blocks,sa,112,112,14,1
sk_02,B92962,32,1,MASc KA 40 blocks,sa,112,112,14,1
sk_03,B77363,32,1,MASc KA 40 blocks,sa,112,112,14,1
sk_03,B86553,32,1,MASc KA 40 blocks,sa,112,112,14,1
sk_03,B86857,32,1,MASc KA 40 blocks,sa,112,112,14,1
sk_04,B86553,32,1,MASc KA 40 blocks,sa,112,112,14,1
sk_04,B86857,32,1,MASc KA 40 blocks,sa,112,112,14,1
sk_04,B86857,32,1,MASc KA 40 blocks,sa,112,112,14,1
sk_05,B86553,32,1,MASc KA 40 blocks,sa,112,112,14,1
sk_05,B86857,32,1,MASc KA 40 blocks,sa,112,112,14,1
sk_05,B86857,32,1,MASc KA 40 blocks,sa,112,112,14,1
sk_06,B86857,32,1,MASc KA 40 blocks,sa,112,112,14,1
sk_06,B91247,32,1,MASc KA 40 blocks,sa,112,112,14,1
sk_06,B92962,32,1,MASc KA 40 blocks,sa,112,112,14,1
fb_01,B91247,33,1,MASc KA 40 blocks,sa,112,112,14,1
fb_01,B95834,33,1,MASc KA 40 blocks,sa,112,112,14,1
fb_01,B96294,33,1,MASc KA 40 blocks,sa,112,112,14,1
fb_02,B86857,33,1,MASc KA 40 blocks,sa,112,112,14,1
fb_02,B86857,33,1,MASc KA 40 blocks,sa,112,112,14,1
fb_02,B86857,33,1,MASc KA 40 blocks,sa,112,112,14,1
fb_03,B86857,33,1,MASc KA 40 blocks,sa,112,112,14,1
fb_03,B86857,33,1,MASc KA 40 blocks,sa,112,112,14,1
fb_03,B86857,33,1,MASc KA 40 blocks,sa,112,112,14,1
fb_04,B77363,33,1,MASc KA 40 blocks,sa,112,112,14,1
fb_04,B78910,33,1,MASc KA 40 blocks,sa,112,112,14,1
fb_04,B78910,33,1,MASc KA 40 blocks,sa,112,112,14,1
fb_05,B78910,33,1,MASc KA 40 blocks,sa,112,112,14,1
fb_05,B78910,33,1,MASc KA 40 blocks,sa,112,112,14,1
fb_05,B91173,33,1,MASc KA 40 blocks,sa,112,112,14,1
fb_06,B77363,33,1,MASc KA 40 blocks,sa,112,112,14,1
fb_06,B84093,33,1,MASc KA 40 blocks,sa,112,112,14,1
fb_06,B91173,33,1,MASc KA 40 blocks,sa,112,112,14,1
ld_01,B78567,33,1,MASc KA 40 blocks,sa,112,112,14,1
ld_01,B79027,33,1,MASc KA 40 blocks,sa,112,112,14,1
ld_01,B84093,33,1,MASc KA 40 blocks,sa,112,112,14,1
ld_02,B78567,33,1,MASc KA 40 blocks,sa,112,112,14,1
ld_02,B81877,33,1,MASc KA 40 blocks,sa,112,112,14,1
ld_03,B86575,33,1,MASc KA 40 blocks,sa,112,112,14,1
ld_03,B86575,33,1,MASc KA 40 blocks,sa,112,112,14,1
ld_04,B79027,33,1,MASc KA 40 blocks,sa,112,112,14,1
ld_04,B86575,33,1,MASc KA 40 blocks,sa,112,112,14,1
ld_05,B81877,33,1,MASc KA 40 blocks,sa,112,112,14,1
ld_05,B86575,33,1,MASc KA 40 blocks,sa,112,112,14,1
ld_06,B86575,33,1,MASc KA 40 blocks,sa,112,112,14,1
ld_06,B86575,33,1,MASc KA 40 blocks,sa,112,112,14,1
pr_01,B86553,33,1,MASc KA 40 blocks,sa,112,112,14,1
pr_01,B86857,33,1,MASc KA 40 blocks,sa,112,112,14,1
pr_01,B92962,33,1,MASc KA 40 blocks,sa,112,112,14,1
pr_02,B86857,33,1,MASc KA 40 blocks,sa,112,112,14,1
pr_02,B91247,33,1,MASc KA 40 blocks,sa,112,112,14,1
pr_02,B92962,33,1,MASc KA 40 blocks,sa,112,112,14,1
pr_03,B77363,33,1,MASc KA 40 blocks,sa,112,112,14,1
pr_03,B86857,33,1,MASc KA 40 blocks,sa,112,112,14,1
pr_03,B86857,33,1,MASc KA 40 blocks,sa,112,112,14,1
pr_04,B77363,33,1,MASc KA 40 blocks,sa,112,112,14,1
pr_04,B86857,33,1,MASc KA 40 blocks,sa,112,112,14,1
pr_05,B86553,33,1,MASc KA 40 blocks,sa,112,112,14,1
pr_05,B86857,33,1,MASc KA 40 blocks,sa,112,112,14,1
pr_06,B86553,33,1,MASc KA 40 blocks,sa,112,112,14,1
pr_06,B86857,33,1,MASc KA 40 blocks,sa,112,112,14,1
sk_01,B77363,33,1,MASc KA 40 blocks,sa,112,112,14,1
sk_01,B77363,33,1,MASc KA 40 blocks,sa,112,112,14,1
sk_01,B86857,33,1,MASc KA 40 blocks,sa,112,112,14,1
sk_02,B77363,33,1,MASc KA 40 blocks,sa,112,112,14,1
sk_02,B77363,33,1,MASc KA 40 blocks,sa,112,112,14,1
sk_02,B86857,33,1,MASc KA 40 blocks,sa,112,112,14,1
sk_03,B77363,33,1,MASc KA 40 blocks,sa,112,112,14,1
sk_03,B77363,33,1,MASc KA 40 blocks,sa,112,112,14,1
sk_03,B86857,33,1,MASc KA 40 blocks,sa,112,112,14,1
sk_04,B77363,33,1,MASc KA 40 blocks,sa,112,112,14,1
sk_04,B77363,33,1,MASc KA 40 blocks,sa,112,112,14,1
sk_04,B86857,33,1,MASc KA 40 blocks,sa,112,112,14,1
sk_05,B77363,33,1,MASc KA 40 blocks,sa,112,112,14,1
sk_05,B86857,33,1,MASc KA 40 blocks,sa,112,112,14,1
sk_05,B86857,33,1,MASc KA 40 blocks,sa,112,112,14,1
sk_06,B77363,33,1,MASc KA 40 blocks,sa,112,112,14,1
sk_06,B86857,33,1,MASc KA 40 blocks,sa,112,112,14,1
sk_06,B86857,33,1,MASc KA 40 blocks,sa,112,112,14,1
fb_01,B74735,34,1,MASc KA 40 blocks,sa,112,112,14,1
fb_01,B78910,34,1,MASc KA 40 blocks,sa,112,112,14,1
fb_01,B98430,34,1,MASc KA 40 blocks,sa,112,112,14,1
fb_02,B78910,34,1,MASc KA 40 blocks,sa,112,112,14,1
fb_02,B86857,34,1,MASc KA 40 blocks,sa,112,112,14,1
fb_02,B86857,34,1,MASc KA 40 blocks,sa,112,112,14,1
fb_03,B86857,34,1,MASc KA 40 blocks,sa,112,112,14,1
fb_03,B86857,34,1,MASc KA 40 blocks,sa,112,112,14,1
fb_03,B86857,34,1,MASc KA 40 blocks,sa,112,112,14,1
fb_04,B78910,34,1,MASc KA 40 blocks,sa,112,112,14,1
fb_04,B78910,34,1,MASc KA 40 blocks,sa,112,112,14,1
fb_04,B98430,34,1,MASc KA 40 blocks,sa,112,112,14,1
fb_05,B77363,34,1,MASc KA 40 blocks,sa,112,112,14,1
fb_05,B78910,34,1,MASc KA 40 blocks,sa,112,112,14,1
fb_05,B98430,34,1,MASc KA 40 blocks,sa,112,112,14,1
fb_06,B77363,34,1,MASc KA 40 blocks,sa,112,112,14,1
fb_06,B77718,34,1,MASc KA 40 blocks,sa,112,112,14,1
fb_06,B78910,34,1,MASc KA 40 blocks,sa,112,112,14,1
ld_01,B86857,34,1,MASc KA 40 blocks,sa,112,112,14,1
ld_01,B92962,34,1,MASc KA 40 blocks,sa,112,112,14,1
ld_02,B86553,34,1,MASc KA 40 blocks,sa,112,112,14,1
ld_02,B86857,34,1,MASc KA 40 blocks,sa,112,112,14,1
ld_03,B86857,34,1,MASc KA 40 blocks,sa,112,112,14,1
ld_03,B92962,34,1,MASc KA 40 blocks,sa,112,112,14,1
ld_04,B86553,34,1,MASc KA 40 blocks,sa,112,112,14,1
ld_04,B86857,34,1,MASc KA 40 blocks,sa,112,112,14,1
ld_05,B77363,34,1,MASc KA 40 blocks,sa,112,112,14,1
ld_06,B77363,34,1,MASc KA 40 blocks,sa,112,112,14,1
pr_01,B77363,34,1,MASc KA 40 blocks,sa,112,112,14,1
pr_01,B77363,34,1,MASc KA 40 blocks,sa,112,112,14,1
pr_01,B86857,34,1,MASc KA 40 blocks,sa,112,112,14,1
pr_02,B77363,34,1,MASc KA 40 blocks,sa,112,112,14,1
pr_02,B77363,34,1,MASc KA 40 blocks,sa,112,112,14,1
pr_02,B86857,34,1,MASc KA 40 blocks,sa,112,112,14,1
pr_03,B77363,34,1,MASc KA 40 blocks,sa,112,112,14,1
pr_03,B77363,34,1,MASc KA 40 blocks,sa,112,112,14,1
pr_03,B86857,34,1,MASc KA 40 blocks,sa,112,112,14,1
pr_04,B77363,34,1,MASc KA 40 blocks,sa,112,112,14,1
pr_04,B86857,34,1,MASc KA 40 blocks,sa,112,112,14,1
pr_04,B86857,34,1,MASc KA 40 blocks,sa,112,112,14,1
pr_05,B77363,34,1,MASc KA 40 blocks,sa,112,112,14,1
pr_05,B86857,34,1,MASc KA 40 blocks,sa,112,112,14,1
pr_06,B77363,34,1,MASc KA 40 blocks,sa,112,112,14,1
pr_06,B86857,34,1,MASc KA 40 blocks,sa,112,112,14,1
sk_01,B77363,34,1,MASc KA 40 blocks,sa,112,112,14,1
sk_01,B78910,34,1,MASc KA 40 blocks,sa,112,112,14,1
sk_01,B84093,34,1,MASc KA 40 blocks,sa,112,112,14,1
sk_02,B77363,34,1,MASc KA 40 blocks,sa,112,112,14,1
sk_02,B78910,34,1,MASc KA 40 blocks,sa,112,112,14,1
sk_02,B78910,34,1,MASc KA 40 blocks,sa,112,112,14,1
sk_03,B77363,34,1,MASc KA 40 blocks,sa,112,112,14,1
sk_03,B86857,34,1,MASc KA 40 blocks,sa,112,112,14,1
sk_03,B92731,34,1,MASc KA 40 blocks,sa,112,112,14,1
sk_04,B77363,34,1,MASc KA 40 blocks,sa,112,112,14,1
sk_04,B78910,34,1,MASc KA 40 blocks,sa,112,112,14,1
sk_04,B86857,34,1,MASc KA 40 blocks,sa,112,112,14,1
sk_05,B78910,34,1,MASc KA 40 blocks,sa,112,112,14,1
sk_05,B78910,34,1,MASc KA 40 blocks,sa,112,112,14,1
sk_05,B86857,34,1,MASc KA 40 blocks,sa,112,112,14,1
sk_06,B78910,34,1,MASc KA 40 blocks,sa,112,112,14,1
sk_06,B84093,34,1,MASc KA 40 blocks,sa,112,112,14,1
sk_06,B86857,34,1,MASc KA 40 blocks,sa,112,112,14,1
fb_01,B82792,35,1,MASc KA 40 blocks,sa,112,112,14,1
fb_01,B95247,35,1,MASc KA 40 blocks,sa,112,112,14,1
fb_01,B96294,35,1,MASc KA 40 blocks,sa,112,112,14,1
fb_02,B86857,35,1,MASc KA 40 blocks,sa,112,112,14,1
fb_02,B86857,35,1,MASc KA 40 blocks,sa,112,112,14,1
fb_02,B86857,35,1,MASc KA 40 blocks,sa,112,112,14,1
fb_03,B86857,35,1,MASc KA 40 blocks,sa,112,112,14,1
fb_03,B86857,35,1,MASc KA 40 blocks,sa,112,112,14,1
fb_03,B86857,35,1,MASc KA 40 blocks,sa,112,112,14,1
fb_04,B95247,35,1,MASc KA 40 blocks,sa,112,112,14,1
fb_04,B96294,35,1,MASc KA 40 blocks,sa,112,112,14,1
fb_04,B98430,35,1,MASc KA 40 blocks,sa,112,112,14,1
fb_05,B96294,35,1,MASc KA 40 blocks,sa,112,112,14,1
fb_05,B96294,35,1,MASc KA 40 blocks,sa,112,112,14,1
fb_05,B98430,35,1,MASc KA 40 blocks,sa,112,112,14,1
fb_06,B95247,35,1,MASc KA 40 blocks,sa,112,112,14,1
fb_06,B96294,35,1,MASc KA 40 blocks,sa,112,112,14,1
fb_06,B98430,35,1,MASc KA 40 blocks,sa,112,112,14,1
ld_01,B77363,35,1,MASc KA 40 blocks,sa,112,112,14,1
ld_01,B77363,35,1,MASc KA 40 blocks,sa,112,112,14,1
ld_01,B86857,35,1,MASc KA 40 blocks,sa,112,112,14,1
ld_02,B77363,35,1,MASc KA 40 blocks,sa,112,112,14,1
ld_02,B77363,35,1,MASc KA 40 blocks,sa,112,112,14,1
ld_02,B86857,35,1,MASc KA 40 blocks,sa,112,112,14,1
ld_03,B77363,35,1,MASc KA 40 blocks,sa,112,112,14,1
ld_03,B86857,35,1,MASc KA 40 blocks,sa,112,112,14,1
ld_04,B77363,35,1,MASc KA 40 blocks,sa,112,112,14,1
ld_04,B86857,35,1,MASc KA 40 blocks,sa,112,112,14,1
ld_05,B77363,35,1,MASc KA 40 blocks,sa,112,112,14,1
ld_05,B86857,35,1,MASc KA 40 blocks,sa,112,112,14,1
ld_06,B77363,35,1,MASc KA 40 blocks,sa,112,112,14,1
ld_06,B77363,35,1,MASc KA 40 blocks,sa,112,112,14,1
pr_01,B77363,35,1,MASc KA 40 blocks,sa,112,112,14,1
pr_01,B78910,35,1,MASc KA 40 blocks,sa,112,112,14,1
pr_01,B84093,35,1,MASc KA 40 blocks,sa,112,112,14,1
pr_02,B78910,35,1,MASc KA 40 blocks,sa,112,112,14,1
pr_02,B78910,35,1,MASc KA 40 blocks,sa,112,112,14,1
pr_02,B84093,35,1,MASc KA 40 blocks,sa,112,112,14,1
pr_03,B78910,35,1,MASc KA 40 blocks,sa,112,112,14,1
pr_03,B86857,35,1,MASc KA 40 blocks,sa,112,112,14,1
pr_03,B92731,35,1,MASc KA 40 blocks,sa,112,112,14,1
pr_04,B77363,35,1,MASc KA 40 blocks,sa,112,112,14,1
pr_04,B78910,35,1,MASc KA 40 blocks,sa,112,112,14,1
pr_04,B86857,35,1,MASc KA 40 blocks,sa,112,112,14,1
pr_05,B77363,35,1,MASc KA 40 blocks,sa,112,112,14,1
pr_05,B78910,35,1,MASc KA 40 blocks,sa,112,112,14,1
pr_05,B86857,35,1,MASc KA 40 blocks,sa,112,112,14,1
pr_06,B77363,35,1,MASc KA 40 blocks,sa,112,112,14,1
pr_06,B78910,35,1,MASc KA 40 blocks,sa,112,112,14,1
pr_06,B86857,35,1,MASc KA 40 blocks,sa,112,112,14,1
sk_01,B78910,35,1,MASc KA 40 blocks,sa,112,112,14,1
sk_01,B78910,35,1,MASc KA 40 blocks,sa,112,112,14,1
sk_01,B78910,35,1,MASc KA 40 blocks,sa,112,112,14,1
sk_02,B78910,35,1,MASc KA 40 blocks,sa,112,112,14,1
sk_02,B78910,35,1,MASc KA 40 blocks,sa,112,112,14,1
sk_02,B78910,35,1,MASc KA 40 blocks,sa,112,112,14,1
sk_03,B77363,35,1,MASc KA 40 blocks,sa,112,112,14,1
sk_03,B78910,35,1,MASc KA 40 blocks,sa,112,112,14,1
sk_03,B78910,35,1,MASc KA 40 blocks,sa,112,112,14,1
sk_04,B77363,35,1,MASc KA 40 blocks,sa,112,112,14,1
sk_04,B78910,35,1,MASc KA 40 blocks,sa,112,112,14,1
sk_04,B86857,35,1,MASc KA 40 blocks,sa,112,112,14,1
sk_05,B77363,35,1,MASc KA 40 blocks,sa,112,112,14,1
sk_05,B78910,35,1,MASc KA 40 blocks,sa,112,112,14,1
sk_05,B86857,35,1,MASc KA 40 blocks,sa,112,112,14,1
sk_06,B77363,35,1,MASc KA 40 blocks,sa,112,112,14,1
sk_06,B78910,35,1,MASc KA 40 blocks,sa,112,112,14,1
sk_06,B86857,35,1,MASc KA 40 blocks,sa,112,112,14,1
fb_01,B88901,36,1,MASc KA 40 blocks,sa,112,112,14,1
fb_01,B95247,36,1,MASc KA 40 blocks,sa,112,112,14,1
fb_01,B98430,36,1,MASc KA 40 blocks,sa,112,112,14,1
fb_02,B86857,36,1,MASc KA 40 blocks,sa,112,112,14,1
fb_02,B86857,36,1,MASc KA 40 blocks,sa,112,112,14,1
fb_02,B86857,36,1,MASc KA 40 blocks,sa,112,112,14,1
fb_03,B86857,36,1,MASc KA 40 blocks,sa,112,112,14,1
fb_03,B86857,36,1,MASc KA 40 blocks,sa,112,112,14,1
fb_03,B86857,36,1,MASc KA 40 blocks,sa,112,112,14,1
fb_04,B95247,36,1,MASc KA 40 blocks,sa,112,112,14,1
fb_04,B95247,36,1,MASc KA 40 blocks,sa,112,112,14,1
fb_04,B95247,36,1,MASc KA 40 blocks,sa,112,112,14,1
fb_05,B95247,36,1,MASc KA 40 blocks,sa,112,112,14,1
fb_05,B95247,36,1,MASc KA 40 blocks,sa,112,112,14,1
fb_05,B98430,36,1,MASc KA 40 blocks,sa,112,112,14,1
fb_06,B78910,36,1,MASc KA 40 blocks,sa,112,112,14,1
fb_06,B78910,36,1,MASc KA 40 blocks,sa,112,112,14,1
fb_06,B95247,36,1,MASc KA 40 blocks,sa,112,112,14,1
ld_01,B78910,36,1,MASc KA 40 blocks,sa,112,112,14,1
ld_01,B84093,36,1,MASc KA 40 blocks,sa,112,112,14,1
ld_01,B86857,36,1,MASc KA 40 blocks,sa,112,112,14,1
ld_02,B78910,36,1,MASc KA 40 blocks,sa,112,112,14,1
ld_02,B84093,36,1,MASc KA 40 blocks,sa,112,112,14,1
ld_02,B86857,36,1,MASc KA 40 blocks,sa,112,112,14,1
ld_03,B77363,36,1,MASc KA 40 blocks,sa,112,112,14,1
ld_03,B86857,36,1,MASc KA 40 blocks,sa,112,112,14,1
ld_03,B92731,36,1,MASc KA 40 blocks,sa,112,112,14,1
ld_04,B77363,36,1,MASc KA 40 blocks,sa,112,112,14,1
ld_04,B77363,36,1,MASc KA 40 blocks,sa,112,112,14,1
ld_04,B78910,36,1,MASc KA 40 blocks,sa,112,112,14,1
ld_05,B77363,36,1,MASc KA 40 blocks,sa,112,112,14,1
ld_05,B78910,36,1,MASc KA 40 blocks,sa,112,112,14,1
ld_06,B77363,36,1,MASc KA 40 blocks,sa,112,112,14,1
ld_06,B78910,36,1,MASc KA 40 blocks,sa,112,112,14,1
pr_01,B77363,36,1,MASc KA 40 blocks,sa,112,112,14,1
pr_01,B78910,36,1,MASc KA 40 blocks,sa,112,112,14,1
pr_01,B78910,36,1,MASc KA 40 blocks,sa,112,112,14,1
pr_02,B77363,36,1,MASc KA 40 blocks,sa,112,112,14,1
pr_02,B78910,36,1,MASc KA 40 blocks,sa,112,112,14,1
pr_02,B78910,36,1,MASc KA 40 blocks,sa,112,112,14,1
pr_03,B77363,36,1,MASc KA 40 blocks,sa,112,112,14,1
pr_03,B78910,36,1,MASc KA 40 blocks,sa,112,112,14,1
pr_03,B78910,36,1,MASc KA 40 blocks,sa,112,112,14,1
pr_04,B77363,36,1,MASc KA 40 blocks,sa,112,112,14,1
pr_04,B78910,36,1,MASc KA 40 blocks,sa,112,112,14,1
pr_04,B86857,36,1,MASc KA 40 blocks,sa,112,112,14,1
pr_05,B78910,36,1,MASc KA 40 blocks,sa,112,112,14,1
pr_05,B78910,36,1,MASc KA 40 blocks,sa,112,112,14,1
pr_05,B86857,36,1,MASc KA 40 blocks,sa,112,112,14,1
pr_06,B78910,36,1,MASc KA 40 blocks,sa,112,112,14,1
pr_06,B78910,36,1,MASc KA 40 blocks,sa,112,112,14,1
sk_01,B82792,36,1,MASc KA 40 blocks,sa,112,112,14,1
sk_01,B86857,36,1,MASc KA 40 blocks,sa,112,112,14,1
sk_01,B86857,36,1,MASc KA 40 blocks,sa,112,112,14,1
sk_02,B86857,36,1,MASc KA 40 blocks,sa,112,112,14,1
sk_02,B86857,36,1,MASc KA 40 blocks,sa,112,112,14,1
sk_02,B86857,36,1,MASc KA 40 blocks,sa,112,112,14,1
sk_03,B86857,36,1,MASc KA 40 blocks,sa,112,112,14,1
sk_03,B86857,36,1,MASc KA 40 blocks,sa,112,112,14,1
sk_03,B86857,36,1,MASc KA 40 blocks,sa,112,112,14,1
sk_04,B86857,36,1,MASc KA 40 blocks,sa,112,112,14,1
sk_04,B86857,36,1,MASc KA 40 blocks,sa,112,112,14,1
sk_04,B86857,36,1,MASc KA 40 blocks,sa,112,112,14,1
sk_05,B86857,36,1,MASc KA 40 blocks,sa,112,112,14,1
sk_05,B86857,36,1,MASc KA 40 blocks,sa,112,112,14,1
sk_05,B91247,36,1,MASc KA 40 blocks,sa,112,112,14,1
sk_06,B86857,36,1,MASc KA 40 blocks,sa,112,112,14,1
sk_06,B86857,36,1,MASc KA 40 blocks,sa,112,112,14,1
sk_06,B91247,36,1,MASc KA 40 blocks,sa,112,112,14,1
fb_01,B91247,37,1,MASc KA 40 blocks,sa,112,112,14,1
fb_01,B95247,37,1,MASc KA 40 blocks,sa,112,112,14,1
fb_01,B95247,37,1,MASc KA 40 blocks,sa,112,112,14,1
fb_02,B86857,37,1,MASc KA 40 blocks,sa,112,112,14,1
fb_02,B86857,37,1,MASc KA 40 blocks,sa,112,112,14,1
fb_02,B86857,37,1,MASc KA 40 blocks,sa,112,112,14,1
fb_03,B86857,37,1,MASc KA 40 blocks,sa,112,112,14,1
fb_03,B86857,37,1,MASc KA 40 blocks,sa,112,112,14,1
fb_03,B86857,37,1,MASc KA 40 blocks,sa,112,112,14,1
fb_04,B95247,37,1,MASc KA 40 blocks,sa,112,112,14,1
fb_04,B95247,37,1,MASc KA 40 blocks,sa,112,112,14,1
fb_04,B95247,37,1,MASc KA 40 blocks,sa,112,112,14,1
fb_05,B95247,37,1,MASc KA 40 blocks,sa,112,112,14,1
fb_05,B95247,37,1,MASc KA 40 blocks,sa,112,112,14,1
fb_05,B95247,37,1,MASc KA 40 blocks,sa,112,112,14,1
fb_06,B95247,37,1,MASc KA 40 blocks,sa,112,112,14,1
fb_06,B95247,37,1,MASc KA 40 blocks,sa,112,112,14,1
fb_06,B95247,37,1,MASc KA 40 blocks,sa,112,112,14,1
ld_01,B78910,37,1,MASc KA 40 blocks,sa,112,112,14,1
ld_01,B78910,37,1,MASc KA 40 blocks,sa,112,112,14,1
ld_01,B86857,37,1,MASc KA 40 blocks,sa,112,112,14,1
ld_02,B77363,37,1,MASc KA 40 blocks,sa,112,112,14,1
ld_02,B78910,37,1,MASc KA 40 blocks,sa,112,112,14,1
ld_02,B78910,37,1,MASc KA 40 blocks,sa,112,112,14,1
ld_03,B77363,37,1,MASc KA 40 blocks,sa,112,112,14,1
ld_03,B78910,37,1,MASc KA 40 blocks,sa,112,112,14,1
ld_03,B78910,37,1,MASc KA 40 blocks,sa,112,112,14,1
ld_04,B78910,37,1,MASc KA 40 blocks,sa,112,112,14,1
ld_04,B78910,37,1,MASc KA 40 blocks,sa,112,112,14,1
ld_05,B77363,37,1,MASc KA 40 blocks,sa,112,112,14,1
ld_05,B78910,37,1,MASc KA 40 blocks,sa,112,112,14,1
ld_06,B77363,37,1,MASc KA 40 blocks,sa,112,112,14,1
ld_06,B78910,37,1,MASc KA 40 blocks,sa,112,112,14,1
pr_01,B86857,37,1,MASc KA 40 blocks,sa,112,112,14,1
pr_01,B86857,37,1,MASc KA 40 blocks,sa,112,112,14,1
pr_01,B86857,37,1,MASc KA 40 blocks,sa,112,112,14,1
pr_02,B86857,37,1,MASc KA 40 blocks,sa,112,112,14,1
pr_02,B86857,37,1,MASc KA 40 blocks,sa,112,112,14,1
pr_02,B91247,37,1,MASc KA 40 blocks,sa,112,112,14,1
pr_03,B86857,37,1,MASc KA 40 blocks,sa,112,112,14,1
pr_03,B86857,37,1,MASc KA 40 blocks,sa,112,112,14,1
pr_03,B91247,37,1,MASc KA 40 blocks,sa,112,112,14,1
pr_04,B82792,37,1,MASc KA 40 blocks,sa,112,112,14,1
pr_04,B86857,37,1,MASc KA 40 blocks,sa,112,112,14,1
pr_04,B86857,37,1,MASc KA 40 blocks,sa,112,112,14,1
pr_05,B86857,37,1,MASc KA 40 blocks,sa,112,112,14,1
pr_05,B86857,37,1,MASc KA 40 blocks,sa,112,112,14,1
pr_05,B86857,37,1,MASc KA 40 blocks,sa,112,112,14,1
pr_06,B86857,37,1,MASc KA 40 blocks,sa,112,112,14,1
pr_06,B86857,37,1,MASc KA 40 blocks,sa,112,112,14,1
sk_01,B78910,37,1,MASc KA 40 blocks,sa,112,112,14,1
sk_01,B86857,37,1,MASc KA 40 blocks,sa,112,112,14,1
sk_01,B86857,37,1,MASc KA 40 blocks,sa,112,112,14,1
sk_02,B78910,37,1,MASc KA 40 blocks,sa,112,112,14,1
sk_02,B86857,37,1,MASc KA 40 blocks,sa,112,112,14,1
sk_02,B86857,37,1,MASc KA 40 blocks,sa,112,112,14,1
sk_03,B78910,37,1,MASc KA 40 blocks,sa,112,112,14,1
sk_03,B86857,37,1,MASc KA 40 blocks,sa,112,112,14,1
sk_03,B98643,37,1,MASc KA 40 blocks,sa,112,112,14,1
sk_04,B86857,37,1,MASc KA 40 blocks,sa,112,112,14,1
sk_04,B95247,37,1,MASc KA 40 blocks,sa,112,112,14,1
sk_04,B98430,37,1,MASc KA 40 blocks,sa,112,112,14,1
sk_05,B86857,37,1,MASc KA 40 blocks,sa,112,112,14,1
sk_05,B95247,37,1,MASc KA 40 blocks,sa,112,112,14,1
sk_05,B98430,37,1,MASc KA 40 blocks,sa,112,112,14,1
sk_06,B86857,37,1,MASc KA 40 blocks,sa,112,112,14,1
sk_06,B86857,37,1,MASc KA 40 blocks,sa,112,112,14,1
sk_06,B95247,37,1,MASc KA 40 blocks,sa,112,112,14,1
fb_01,B77718,38,1,MASc KA 40 blocks,sa,112,112,14,1
fb_01,B82792,38,1,MASc KA 40 blocks,sa,112,112,14,1
fb_01,B95834,38,1,MASc KA 40 blocks,sa,112,112,14,1
fb_02,B86857,38,1,MASc KA 40 blocks,sa,112,112,14,1
fb_02,B86857,38,1,MASc KA 40 blocks,sa,112,112,14,1
fb_02,B86857,38,1,MASc KA 40 blocks,sa,112,112,14,1
fb_03,B86857,38,1,MASc KA 40 blocks,sa,112,112,14,1
fb_03,B86857,38,1,MASc KA 40 blocks,sa,112,112,14,1
fb_03,B86857,38,1,MASc KA 40 blocks,sa,112,112,14,1
fb_04,B82792,38,1,MASc KA 40 blocks,sa,112,112,14,1
fb_04,B91247,38,1,MASc KA 40 blocks,sa,112,112,14,1
fb_04,B95834,38,1,MASc KA 40 blocks,sa,112,112,14,1
fb_05,B82792,38,1,MASc KA 40 blocks,sa,112,112,14,1
fb_05,B82792,38,1,MASc KA 40 blocks,sa,112,112,14,1
fb_05,B95247,38,1,MASc KA 40 blocks,sa,112,112,14,1
fb_06,B91247,38,1,MASc KA 40 blocks,sa,112,112,14,1
fb_06,B95247,38,1,MASc KA 40 blocks,sa,112,112,14,1
fb_06,B95247,38,1,MASc KA 40 blocks,sa,112,112,14,1
ld_01,B86857,38,1,MASc KA 40 blocks,sa,112,112,14,1
ld_01,B86857,38,1,MASc KA 40 blocks,sa,112,112,14,1
ld_02,B86857,38,1,MASc KA 40 blocks,sa,112,112,14,1
ld_02,B86857,38,1,MASc KA 40 blocks,sa,112,112,14,1
ld_03,B86857,38,1,MASc KA 40 blocks,sa,112,112,14,1
ld_03,B86857,38,1,MASc KA 40 blocks,sa,112,112,14,1
ld_04,B86857,38,1,MASc KA 40 blocks,sa,112,112,14,1
ld_04,B91247,38,1,MASc KA 40 blocks,sa,112,112,14,1
ld_05,B86857,38,1,MASc KA 40 blocks,sa,112,112,14,1
ld_05,B86857,38,1,MASc KA 40 blocks,sa,112,112,14,1
ld_06,B82792,38,1,MASc KA 40 blocks,sa,112,112,14,1
ld_06,B86857,38,1,MASc KA 40 blocks,sa,112,112,14,1
pr_01,B86857,38,1,MASc KA 40 blocks,sa,112,112,14,1
pr_01,B95247,38,1,MASc KA 40 blocks,sa,112,112,14,1
pr_01,B98643,38,1,MASc KA 40 blocks,sa,112,112,14,1
pr_02,B86857,38,1,MASc KA 40 blocks,sa,112,112,14,1
pr_02,B86857,38,1,MASc KA 40 blocks,sa,112,112,14,1
pr_02,B98430,38,1,MASc KA 40 blocks,sa,112,112,14,1
pr_03,B78910,38,1,MASc KA 40 blocks,sa,112,112,14,1
pr_03,B86857,38,1,MASc KA 40 blocks,sa,112,112,14,1
pr_03,B86857,38,1,MASc KA 40 blocks,sa,112,112,14,1
pr_04,B78910,38,1,MASc KA 40 blocks,sa,112,112,14,1
pr_04,B86857,38,1,MASc KA 40 blocks,sa,112,112,14,1
pr_05,B78910,38,1,MASc KA 40 blocks,sa,112,112,14,1
pr_05,B86857,38,1,MASc KA 40 blocks,sa,112,112,14,1
pr_06,B86857,38,1,MASc KA 40 blocks,sa,112,112,14,1
pr_06,B95247,38,1,MASc KA 40 blocks,sa,112,112,14,1
sk_01,B86857,38,1,MASc KA 40 blocks,sa,112,112,14,1
sk_01,B86857,38,1,MASc KA 40 blocks,sa,112,112,14,1
sk_01,B95247,38,1,MASc KA 40 blocks,sa,112,112,14,1
sk_02,B86857,38,1,MASc KA 40 blocks,sa,112,112,14,1
sk_02,B95247,38,1,MASc KA 40 blocks,sa,112,112,14,1
sk_02,B96294,38,1,MASc KA 40 blocks,sa,112,112,14,1
sk_03,B86857,38,1,MASc KA 40 blocks,sa,112,112,14,1
sk_03,B91247,38,1,MASc KA 40 blocks,sa,112,112,14,1
sk_03,B95247,38,1,MASc KA 40 blocks,sa,112,112,14,1
sk_04,B86857,38,1,MASc KA 40 blocks,sa,112,112,14,1
sk_04,B95247,38,1,MASc KA 40 blocks,sa,112,112,14,1
sk_04,B96294,38,1,MASc KA 40 blocks,sa,112,112,14,1
sk_05,B86857,38,1,MASc KA 40 blocks,sa,112,112,14,1
sk_05,B86857,38,1,MASc KA 40 blocks,sa,112,112,14,1
sk_05,B95247,38,1,MASc KA 40 blocks,sa,112,112,14,1
sk_06,B86857,38,1,MASc KA 40 blocks,sa,112,112,14,1
sk_06,B95247,38,1,MASc KA 40 blocks,sa,112,112,14,1
sk_06,B95247,38,1,MASc KA 40 blocks,sa,112,112,14,1
fb_01,B91247,39,1,MASc KA 40 blocks,sa,112,112,14,1
fb_01,B91247,39,1,MASc KA 40 blocks,sa,112,112,14,1
fb_01,B91247,39,1,MASc KA 40 blocks,sa,112,112,14,1
fb_02,B86857,39,1,MASc KA 40 blocks,sa,112,112,14,1
fb_02,B86857,39,1,MASc KA 40 blocks,sa,112,112,14,1
fb_02,B86857,39,1,MASc KA 40 blocks,sa,112,112,14,1
fb_03,B77718,39,1,MASc KA 40 blocks,sa,112,112,14,1
fb_03,B86857,39,1,MASc KA 40 blocks,sa,112,112,14,1
fb_03,B86857,39,1,MASc KA 40 blocks,sa,112,112,14,1
fb_04,B91247,39,1,MASc KA 40 blocks,sa,112,112,14,1
fb_04,B91247,39,1,MASc KA 40 blocks,sa,112,112,14,1
fb_04,B91247,39,1,MASc KA 40 blocks,sa,112,112,14,1
fb_05,B95247,39,1,MASc KA 40 blocks,sa,112,112,14,1
fb_05,B95834,39,1,MASc KA 40 blocks,sa,112,112,14,1
fb_05,B95834,39,1,MASc KA 40 blocks,sa,112,112,14,1
fb_06,B91247,39,1,MASc KA 40 blocks,sa,112,112,14,1
fb_06,B95247,39,1,MASc KA 40 blocks,sa,112,112,14,1
fb_06,B95247,39,1,MASc KA 40 blocks,sa,112,112,14,1
ld_01,B86857,39,1,MASc KA 40 blocks,sa,112,112,14,1
ld_01,B95247,39,1,MASc KA 40 blocks,sa,112,112,14,1
ld_02,B78910,39,1,MASc KA 40 blocks,sa,112,112,14,1
ld_02,B86857,39,1,MASc KA 40 blocks,sa,112,112,14,1
ld_03,B86857,39,1,MASc KA 40 blocks,sa,112,112,14,1
ld_03,B98643,39,1,MASc KA 40 blocks,sa,112,112,14,1
ld_04,B78910,39,1,MASc KA 40 blocks,sa,112,112,14,1
ld_04,B86857,39,1,MASc KA 40 blocks,sa,112,112,14,1
ld_05,B86857,39,1,MASc KA 40 blocks,sa,112,112,14,1
ld_06,B78910,39,1,MASc KA 40 blocks,sa,112,112,14,1
pr_01,B86857,39,1,MASc KA 40 blocks,sa,112,112,14,1
pr_01,B95247,39,1,MASc KA 40 blocks,sa,112,112,14,1
pr_01,B96294,39,1,MASc KA 40 blocks,sa,112,112,14,1
pr_02,B86857,39,1,MASc KA 40 blocks,sa,112,112,14,1
pr_02,B86857,39,1,MASc KA 40 blocks,sa,112,112,14,1
pr_02,B95247,39,1,MASc KA 40 blocks,sa,112,112,14,1
pr_03,B86857,39,1,MASc KA 40 blocks,sa,112,112,14,1
pr_03,B86857,39,1,MASc KA 40 blocks,sa,112,112,14,1
pr_03,B95247,39,1,MASc KA 40 blocks,sa,112,112,14,1
pr_04,B86857,39,1,MASc KA 40 blocks,sa,112,112,14,1
pr_04,B91247,39,1,MASc KA 40 blocks,sa,112,112,14,1
pr_04,B95247,39,1,MASc KA 40 blocks,sa,112,112,14,1
pr_05,B86857,39,1,MASc KA 40 blocks,sa,112,112,14,1
pr_05,B95247,39,1,MASc KA 40 blocks,sa,112,112,14,1
pr_06,B86857,39,1,MASc KA 40 blocks,sa,112,112,14,1
pr_06,B95247,39,1,MASc KA 40 blocks,sa,112,112,14,1
sk_01,B82792,39,1,MASc KA 40 blocks,sa,112,112,14,1
sk_01,B86857,39,1,MASc KA 40 blocks,sa,112,112,14,1
sk_01,B96294,39,1,MASc KA 40 blocks,sa,112,112,14,1
sk_02,B82792,39,1,MASc KA 40 blocks,sa,112,112,14,1
sk_02,B95247,39,1,MASc KA 40 blocks,sa,112,112,14,1
sk_02,B96294,39,1,MASc KA 40 blocks,sa,112,112,14,1
sk_03,B82792,39,1,MASc KA 40 blocks,sa,112,112,14,1
sk_03,B86857,39,1,MASc KA 40 blocks,sa,112,112,14,1
sk_03,B86857,39,1,MASc KA 40 blocks,sa,112,112,14,1
sk_04,B86857,39,1,MASc KA 40 blocks,sa,112,112,14,1
sk_04,B86857,39,1,MASc KA 40 blocks,sa,112,112,14,1
sk_04,B95834,39,1,MASc KA 40 blocks,sa,112,112,14,1
sk_05,B82792,39,1,MASc KA 40 blocks,sa,112,112,14,1
sk_05,B86857,39,1,MASc KA 40 blocks,sa,112,112,14,1
sk_05,B86857,39,1,MASc KA 40 blocks,sa,112,112,14,1
sk_06,B82792,39,1,MASc KA 40 blocks,sa,112,112,14,1
sk_06,B86857,39,1,MASc KA 40 blocks,sa,112,112,14,1
sk_06,B91247,39,1,MASc KA 40 blocks,sa,112,112,14,1
fb_01,B88901,40,1,MASc KA 40 blocks,sa,112,112,14,1
fb_01,B91247,40,1,MASc KA 40 blocks,sa,112,112,14,1
fb_01,B91247,40,1,MASc KA 40 blocks,sa,112,112,14,1
fb_02,B86857,40,1,MASc KA 40 blocks,sa,112,112,14,1
fb_02,B86857,40,1,MASc KA 40 blocks,sa,112,112,14,1
fb_02,B86857,40,1,MASc KA 40 blocks,sa,112,112,14,1
fb_03,B86857,40,1,MASc KA 40 blocks,sa,112,112,14,1
fb_03,B86857,40,1,MASc KA 40 blocks,sa,112,112,14,1
fb_03,B86857,40,1,MASc KA 40 blocks,sa,112,112,14,1
fb_04,B91247,40,1,MASc KA 40 blocks,sa,112,112,14,1
fb_04,B91247,40,1,MASc KA 40 blocks,sa,112,112,14,1
fb_04,B91247,40,1,MASc KA 40 blocks,sa,112,112,14,1
fb_05,B77718,40,1,MASc KA 40 blocks,sa,112,112,14,1
fb_05,B91247,40,1,MASc KA 40 blocks,sa,112,112,14,1
fb_05,B91247,40,1,MASc KA 40 blocks,sa,112,112,14,1
fb_06,B91247,40,1,MASc KA 40 blocks,sa,112,112,14,1
fb_06,B91247,40,1,MASc KA 40 blocks,sa,112,112,14,1
fb_06,B91247,40,1,MASc KA 40 blocks,sa,112,112,14,1
ld_01,B86857,40,1,MASc KA 40 blocks,sa,112,112,14,1
ld_01,B95247,40,1,MASc KA 40 blocks,sa,112,112,14,1
ld_02,B86857,40,1,MASc KA 40 blocks,sa,112,112,14,1
ld_02,B95247,40,1,MASc KA 40 blocks,sa,112,112,14,1
ld_03,B86857,40,1,MASc KA 40 blocks,sa,112,112,14,1
ld_03,B95247,40,1,MASc KA 40 blocks,sa,112,112,14,1
ld_04,B86857,40,1,MASc KA 40 blocks,sa,112,112,14,1
ld_04,B95247,40,1,MASc KA 40 blocks,sa,112,112,14,1
ld_05,B86857,40,1,MASc KA 40 blocks,sa,112,112,14,1
ld_05,B96294,40,1,MASc KA 40 blocks,sa,112,112,14,1
ld_06,B91247,40,1,MASc KA 40 blocks,sa,112,112,14,1
pr_01,B82792,40,1,MASc KA 40 blocks,sa,112,112,14,1
pr_01,B86857,40,1,MASc KA 40 blocks,sa,112,112,14,1
pr_01,B96294,40,1,MASc KA 40 blocks,sa,112,112,14,1
pr_02,B82792,40,1,MASc KA 40 blocks,sa,112,112,14,1
pr_02,B86857,40,1,MASc KA 40 blocks,sa,112,112,14,1
pr_02,B95247,40,1,MASc KA 40 blocks,sa,112,112,14,1
pr_03,B82792,40,1,MASc KA 40 blocks,sa,112,112,14,1
pr_03,B86857,40,1,MASc KA 40 blocks,sa,112,112,14,1
pr_03,B86857,40,1,MASc KA 40 blocks,sa,112,112,14,1
pr_04,B82792,40,1,MASc KA 40 blocks,sa,112,112,14,1
pr_04,B86857,40,1,MASc KA 40 blocks,sa,112,112,14,1
pr_04,B91247,40,1,MASc KA 40 blocks,sa,112,112,14,1
pr_05,B82792,40,1,MASc KA 40 blocks,sa,112,112,14,1
pr_05,B82792,40,1,MASc KA 40 blocks,sa,112,112,14,1
pr_05,B86857,40,1,MASc KA 40 blocks,sa,112,112,14,1
pr_06,B82792,40,1,MASc KA 40 blocks,sa,112,112,14,1
pr_06,B82792,40,1,MASc KA 40 blocks,sa,112,112,14,1
pr_06,B86857,40,1,MASc KA 40 blocks,sa,112,112,14,1
sk_01,B86857,40,1,MASc KA 40 blocks,sa,112,112,14,1
sk_01,B86857,40,1,MASc KA 40 blocks,sa,112,112,14,1
sk_01,B92962,40,1,MASc KA 40 blocks,sa,112,112,14,1
sk_02,B86857,40,1,MASc KA 40 blocks,sa,112,112,14,1
sk_02,B91247,40,1,MASc KA 40 blocks,sa,112,112,14,1
sk_02,B91247,40,1,MASc KA 40 blocks,sa,112,112,14,1
sk_03,B86857,40,1,MASc KA 40 blocks,sa,112,112,14,1
sk_03,B91247,40,1,MASc KA 40 blocks,sa,112,112,14,1
sk_03,B91247,40,1,MASc KA 40 blocks,sa,112,112,14,1
sk_04,B86857,40,1,MASc KA 40 blocks,sa,112,112,14,1
sk_04,B91247,40,1,MASc KA 40 blocks,sa,112,112,14,1
sk_04,B91247,40,1,MASc KA 40 blocks,sa,112,112,14,1
sk_05,B86857,40,1,MASc KA 40 blocks,sa,112,112,14,1
sk_05,B91247,40,1,MASc KA 40 blocks,sa,112,112,14,1
sk_05,B91247,40,1,MASc KA 40 blocks,sa,112,112,14,1
sk_06,B86857,40,1,MASc KA 40 blocks,sa,112,112,14,1
sk_06,B91247,40,1,MASc KA 40 blocks,sa,112,112,14,1
sk_06,B91247,40,1,MASc KA 40 blocks,sa,112,112,14,1
fb_01,B91247,41,1,MASc KA 40 blocks,sa,112,112,14,1
fb_01,B91247,41,1,MASc KA 40 blocks,sa,112,112,14,1
fb_01,B91247,41,1,MASc KA 40 blocks,sa,112,112,14,1
fb_02,B86857,41,1,MASc KA 40 blocks,sa,112,112,14,1
fb_02,B86857,41,1,MASc KA 40 blocks,sa,112,112,14,1
fb_02,B86857,41,1,MASc KA 40 blocks,sa,112,112,14,1
fb_03,B86857,41,1,MASc KA 40 blocks,sa,112,112,14,1
fb_03,B86857,41,1,MASc KA 40 blocks,sa,112,112,14,1
fb_03,B86857,41,1,MASc KA 40 blocks,sa,112,112,14,1
fb_04,B88901,41,1,MASc KA 40 blocks,sa,112,112,14,1
fb_04,B91247,41,1,MASc KA 40 blocks,sa,112,112,14,1
fb_04,B91247,41,1,MASc KA 40 blocks,sa,112,112,14,1
fb_05,B88901,41,1,MASc KA 40 blocks,sa,112,112,14,1
fb_05,B91247,41,1,MASc KA 40 blocks,sa,112,112,14,1
fb_05,B91247,41,1,MASc KA 40 blocks,sa,112,112,14,1
fb_06,B91247,41,1,MASc KA 40 blocks,sa,112,112,14,1
fb_06,B91247,41,1,MASc KA 40 blocks,sa,112,112,14,1
fb_06,B91247,41,1,MASc KA 40 blocks,sa,112,112,14,1
ld_01,B86857,41,1,MASc KA 40 blocks,sa,112,112,14,1
ld_01,B95247,41,1,MASc KA 40 blocks,sa,112,112,14,1
ld_02,B82792,41,1,MASc KA 40 blocks,sa,112,112,14,1
ld_02,B86857,41,1,MASc KA 40 blocks,sa,112,112,14,1
ld_03,B82792,41,1,MASc KA 40 blocks,sa,112,112,14,1
ld_03,B86857,41,1,MASc KA 40 blocks,sa,112,112,14,1
ld_04,B82792,41,1,MASc KA 40 blocks,sa,112,112,14,1
ld_04,B86857,41,1,MASc KA 40 blocks,sa,112,112,14,1
ld_05,B82792,41,1,MASc KA 40 blocks,sa,112,112,14,1
ld_05,B86857,41,1,MASc KA 40 blocks,sa,112,112,14,1
ld_06,B82792,41,1,MASc KA 40 blocks,sa,112,112,14,1
ld_06,B96294,41,1,MASc KA 40 blocks,sa,112,112,14,1
pr_01,B86857,41,1,MASc KA 40 blocks,sa,112,112,14,1
pr_01,B91247,41,1,MASc KA 40 blocks,sa,112,112,14,1
pr_01,B91247,41,1,MASc KA 40 blocks,sa,112,112,14,1
pr_02,B86857,41,1,MASc KA 40 blocks,sa,112,112,14,1
pr_02,B91247,41,1,MASc KA 40 blocks,sa,112,112,14,1
pr_02,B91247,41,1,MASc KA 40 blocks,sa,112,112,14,1
pr_03,B86857,41,1,MASc KA 40 blocks,sa,112,112,14,1
pr_03,B91247,41,1,MASc KA 40 blocks,sa,112,112,14,1
pr_03,B91247,41,1,MASc KA 40 blocks,sa,112,112,14,1
pr_04,B86857,41,1,MASc KA 40 blocks,sa,112,112,14,1
pr_04,B91247,41,1,MASc KA 40 blocks,sa,112,112,14,1
pr_04,B91247,41,1,MASc KA 40 blocks,sa,112,112,14,1
pr_05,B86857,41,1,MASc KA 40 blocks,sa,112,112,14,1
pr_05,B91247,41,1,MASc KA 40 blocks,sa,112,112,14,1
pr_06,B86857,41,1,MASc KA 40 blocks,sa,112,112,14,1
pr_06,B91247,41,1,MASc KA 40 blocks,sa,112,112,14,1
sk_01,B86857,41,1,MASc KA 40 blocks,sa,112,112,14,1
sk_01,B86857,41,1,MASc KA 40 blocks,sa,112,112,14,1
sk_01,B95247,41,1,MASc KA 40 blocks,sa,112,112,14,1
sk_02,B86857,41,1,MASc KA 40 blocks,sa,112,112,14,1
sk_02,B86857,41,1,MASc KA 40 blocks,sa,112,112,14,1
sk_02,B95247,41,1,MASc KA 40 blocks,sa,112,112,14,1
sk_03,B86857,41,1,MASc KA 40 blocks,sa,112,112,14,1
sk_03,B86857,41,1,MASc KA 40 blocks,sa,112,112,14,1
sk_03,B91247,41,1,MASc KA 40 blocks,sa,112,112,14,1
sk_04,B86857,41,1,MASc KA 40 blocks,sa,112,112,14,1
sk_04,B91247,41,1,MASc KA 40 blocks,sa,112,112,14,1
sk_04,B91247,41,1,MASc KA 40 blocks,sa,112,112,14,1
sk_05,B86857,41,1,MASc KA 40 blocks,sa,112,112,14,1
sk_05,B91247,41,1,MASc KA 40 blocks,sa,112,112,14,1
sk_05,B91247,41,1,MASc KA 40 blocks,sa,112,112,14,1
sk_06,B91247,41,1,MASc KA 40 blocks,sa,112,112,14,1
sk_06,B92731,41,1,MASc KA 40 blocks,sa,112,112,14,1
sk_06,B95247,41,1,MASc KA 40 blocks,sa,112,112,14,1
fb_01,B86553,42,1,MASc KA 40 blocks,sa,112,112,14,1
fb_01,B86553,42,1,MASc KA 40 blocks,sa,112,112,14,1
fb_01,B88901,42,1,MASc KA 40 blocks,sa,112,112,14,1
fb_02,B77718,42,1,MASc KA 40 blocks,sa,112,112,14,1
fb_02,B86857,42,1,MASc KA 40 blocks,sa,112,112,14,1
fb_02,B86857,42,1,MASc KA 40 blocks,sa,112,112,14,1
fb_03,B86857,42,1,MASc KA 40 blocks,sa,112,112,14,1
fb_03,B86857,42,1,MASc KA 40 blocks,sa,112,112,14,1
fb_03,B88406,42,1,MASc KA 40 blocks,sa,112,112,14,1
fb_04,B78567,42,1,MASc KA 40 blocks,sa,112,112,14,1
fb_04,B86553,42,1,MASc KA 40 blocks,sa,112,112,14,1
fb_04,B86553,42,1,MASc KA 40 blocks,sa,112,112,14,1
fb_05,B78567,42,1,MASc KA 40 blocks,sa,112,112,14,1
fb_05,B86553,42,1,MASc KA 40 blocks,sa,112,112,14,1
fb_05,B91247,42,1,MASc KA 40 blocks,sa,112,112,14,1
fb_06,B86553,42,1,MASc KA 40 blocks,sa,112,112,14,1
fb_06,B91247,42,1,MASc KA 40 blocks,sa,112,112,14,1
fb_06,B91247,42,1,MASc KA 40 blocks,sa,112,112,14,1
ld_01,B86857,42,1,MASc KA 40 blocks,sa,112,112,14,1
ld_01,B91247,42,1,MASc KA 40 blocks,sa,112,112,14,1
ld_02,B86857,42,1,MASc KA 40 blocks,sa,112,112,14,1
ld_02,B91247,42,1,MASc KA 40 blocks,sa,112,112,14,1
ld_03,B86857,42,1,MASc KA 40 blocks,sa,112,112,14,1
ld_03,B91247,42,1,MASc KA 40 blocks,sa,112,112,14,1
ld_04,B86857,42,1,MASc KA 40 blocks,sa,112,112,14,1
ld_04,B91247,42,1,MASc KA 40 blocks,sa,112,112,14,1
ld_05,B91247,42,1,MASc KA 40 blocks,sa,112,112,14,1
ld_06,B91247,42,1,MASc KA 40 blocks,sa,112,112,14,1
pr_01,B86857,42,1,MASc KA 40 blocks,sa,112,112,14,1
pr_01,B91247,42,1,MASc KA 40 blocks,sa,112,112,14,1
pr_01,B95247,42,1,MASc KA 40 blocks,sa,112,112,14,1
pr_02,B86857,42,1,MASc KA 40 blocks,sa,112,112,14,1
pr_02,B91247,42,1,MASc KA 40 blocks,sa,112,112,14,1
pr_02,B95247,42,1,MASc KA 40 blocks,sa,112,112,14,1
pr_03,B86857,42,1,MASc KA 40 blocks,sa,112,112,14,1
pr_03,B86857,42,1,MASc KA 40 blocks,sa,112,112,14,1
pr_03,B91247,42,1,MASc KA 40 blocks,sa,112,112,14,1
pr_04,B86857,42,1,MASc KA 40 blocks,sa,112,112,14,1
pr_04,B86857,42,1,MASc KA 40 blocks,sa,112,112,14,1
pr_04,B91247,42,1,MASc KA 40 blocks,sa,112,112,14,1
pr_05,B86857,42,1,MASc KA 40 blocks,sa,112,112,14,1
pr_05,B91247,42,1,MASc KA 40 blocks,sa,112,112,14,1
pr_06,B86857,42,1,MASc KA 40 blocks,sa,112,112,14,1
pr_06,B91247,42,1,MASc KA 40 blocks,sa,112,112,14,1
sk_01,B86857,42,1,MASc KA 40 blocks,sa,112,112,14,1
sk_01,B86857,42,1,MASc KA 40 blocks,sa,112,112,14,1
sk_01,B91247,42,1,MASc KA 40 blocks,sa,112,112,14,1
sk_02,B86857,42,1,MASc KA 40 blocks,sa,112,112,14,1
sk_02,B86857,42,1,MASc KA 40 blocks,sa,112,112,14,1
sk_02,B95247,42,1,MASc KA 40 blocks,sa,112,112,14,1
sk_03,B86857,42,1,MASc KA 40 blocks,sa,112,112,14,1
sk_03,B91247,42,1,MASc KA 40 blocks,sa,112,112,14,1
sk_03,B95247,42,1,MASc KA 40 blocks,sa,112,112,14,1
sk_04,B86857,42,1,MASc KA 40 blocks,sa,112,112,14,1
sk_04,B95247,42,1,MASc KA 40 blocks,sa,112,112,14,1
sk_04,B95247,42,1,MASc KA 40 blocks,sa,112,112,14,1
sk_05,B86857,42,1,MASc KA 40 blocks,sa,112,112,14,1
sk_05,B91247,42,1,MASc KA 40 blocks,sa,112,112,14,1
sk_05,B95247,42,1,MASc KA 40 blocks,sa,112,112,14,1
sk_06,B86857,42,1,MASc KA 40 blocks,sa,112,112,14,1
sk_06,B91247,42,1,MASc KA 40 blocks,sa,112,112,14,1
sk_06,B91247,42,1,MASc KA 40 blocks,sa,112,112,14,1
fb_01,B77363,43,1,MASc KA 40 blocks,sa,112,112,14,1
fb_01,B78910,43,1,MASc KA 40 blocks,sa,112,112,14,1
fb_01,B92912,43,1,MASc KA 40 blocks,sa,112,112,14,1
fb_02,B77718,43,1,MASc KA 40 blocks,sa,112,112,14,1
fb_02,B86553,43,1,MASc KA 40 blocks,sa,112,112,14,1
fb_02,B91247,43,1,MASc KA 40 blocks,sa,112,112,14,1
fb_03,B77718,43,1,MASc KA 40 blocks,sa,112,112,14,1
fb_03,B86553,43,1,MASc KA 40 blocks,sa,112,112,14,1
fb_03,B86553,43,1,MASc KA 40 blocks,sa,112,112,14,1
fb_04,B77718,43,1,MASc KA 40 blocks,sa,112,112,14,1
fb_04,B77718,43,1,MASc KA 40 blocks,sa,112,112,14,1
fb_04,B88642,43,1,MASc KA 40 blocks,sa,112,112,14,1
fb_05,B92731,43,1,MASc KA 40 blocks,sa,112,112,14,1
fb_05,B92962,43,1,MASc KA 40 blocks,sa,112,112,14,1
fb_05,B95834,43,1,MASc KA 40 blocks,sa,112,112,14,1
fb_06,B77718,43,1,MASc KA 40 blocks,sa,112,112,14,1
fb_06,B77718,43,1,MASc KA 40 blocks,sa,112,112,14,1
fb_06,B92731,43,1,MASc KA 40 blocks,sa,112,112,14,1
fb_01,B84093,44,1,MASc KA 40 blocks,sa,112,112,14,1
fb_01,B86575,44,1,MASc KA 40 blocks,sa,112,112,14,1
fb_01,B92962,44,1,MASc KA 40 blocks,sa,112,112,14,1
fb_02,B78567,44,1,MASc KA 40 blocks,sa,112,112,14,1
fb_02,B81877,44,1,MASc KA 40 blocks,sa,112,112,14,1
fb_02,B86553,44,1,MASc KA 40 blocks,sa,112,112,14,1
fb_03,B78567,44,1,MASc KA 40 blocks,sa,112,112,14,1
fb_03,B78567,44,1,MASc KA 40 blocks,sa,112,112,14,1
fb_03,B86553,44,1,MASc KA 40 blocks,sa,112,112,14,1
fb_04,B78567,44,1,MASc KA 40 blocks,sa,112,112,14,1
fb_04,B79027,44,1,MASc KA 40 blocks,sa,112,112,14,1
fb_04,B92962,44,1,MASc KA 40 blocks,sa,112,112,14,1
fb_05,B79027,44,1,MASc KA 40 blocks,sa,112,112,14,1
fb_05,B86575,44,1,MASc KA 40 blocks,sa,112,112,14,1
fb_05,B86909,44,1,MASc KA 40 blocks,sa,112,112,14,1
fb_06,B81877,44,1,MASc KA 40 blocks,sa,112,112,14,1
fb_06,B92731,44,1,MASc KA 40 blocks,sa,112,112,14,1
fb_06,B92731,44,1,MASc KA 40 blocks,sa,112,112,14,1
sk_01,B77363,44,1,MASc KA 40 blocks,sa,112,112,14,1
sk_01,B86553,44,1,MASc KA 40 blocks,sa,112,112,14,1
sk_01,B86553,44,1,MASc KA 40 blocks,sa,112,112,14,1
sk_02,B78910,44,1,MASc KA 40 blocks,sa,112,112,14,1
sk_02,B86553,44,1,MASc KA 40 blocks,sa,112,112,14,1
sk_02,B88642,44,1,MASc KA 40 blocks,sa,112,112,14,1
sk_03,B88642,44,1,MASc KA 40 blocks,sa,112,112,14,1
sk_03,B88642,44,1,MASc KA 40 blocks,sa,112,112,14,1
sk_03,B92962,44,1,MASc KA 40 blocks,sa,112,112,14,1
sk_04,B88642,44,1,MASc KA 40 blocks,sa,112,112,14,1
sk_04,B88642,44,1,MASc KA 40 blocks,sa,112,112,14,1
sk_04,B92731,44,1,MASc KA 40 blocks,sa,112,112,14,1
sk_05,B86553,44,1,MASc KA 40 blocks,sa,112,112,14,1
sk_05,B88642,44,1,MASc KA 40 blocks,sa,112,112,14,1
sk_05,B91247,44,1,MASc KA 40 blocks,sa,112,112,14,1
sk_06,B88642,44,1,MASc KA 40 blocks,sa,112,112,14,1
sk_06,B92731,44,1,MASc KA 40 blocks,sa,112,112,14,1
sk_06,B92962,44,1,MASc KA 40 blocks,sa,112,112,14,1
fb_01,B88901,45,1,MASc KA 40 blocks,sa,112,112,14,1
fb_01,B91173,45,1,MASc KA 40 blocks,sa,112,112,14,1
fb_01,B91247,45,1,MASc KA 40 blocks,sa,112,112,14,1
fb_02,B86857,45,1,MASc KA 40 blocks,sa,112,112,14,1
fb_02,B86857,45,1,MASc KA 40 blocks,sa,112,112,14,1
fb_02,B91247,45,1,MASc KA 40 blocks,sa,112,112,14,1
fb_03,B86857,45,1,MASc KA 40 blocks,sa,112,112,14,1
fb_03,B86857,45,1,MASc KA 40 blocks,sa,112,112,14,1
fb_03,B86857,45,1,MASc KA 40 blocks,sa,112,112,14,1
fb_04,B86909,45,1,MASc KA 40 blocks,sa,112,112,14,1
fb_04,B92962,45,1,MASc KA 40 blocks,sa,112,112,14,1
fb_04,B92962,45,1,MASc KA 40 blocks,sa,112,112,14,1
fb_05,B77363,45,1,MASc KA 40 blocks,sa,112,112,14,1
fb_05,B92962,45,1,MASc KA 40 blocks,sa,112,112,14,1
fb_05,B92962,45,1,MASc KA 40 blocks,sa,112,112,14,1
fb_06,B92731,45,1,MASc KA 40 blocks,sa,112,112,14,1
fb_06,B92731,45,1,MASc KA 40 blocks,sa,112,112,14,1
fb_06,B92962,45,1,MASc KA 40 blocks,sa,112,112,14,1
pr_01,B86553,45,1,MASc KA 40 blocks,sa,112,112,14,1
pr_01,B91247,45,1,MASc KA 40 blocks,sa,112,112,14,1
pr_02,B86553,45,1,MASc KA 40 blocks,sa,112,112,14,1
pr_02,B86553,45,1,MASc KA 40 blocks,sa,112,112,14,1
pr_03,B88642,45,1,MASc KA 40 blocks,sa,112,112,14,1
pr_04,B88642,45,1,MASc KA 40 blocks,sa,112,112,14,1
pr_05,B92962,45,1,MASc KA 40 blocks,sa,112,112,14,1
pr_06,B92731,45,1,MASc KA 40 blocks,sa,112,112,14,1
sk_01,B78567,45,1,MASc KA 40 blocks,sa,112,112,14,1
sk_01,B79027,45,1,MASc KA 40 blocks,sa,112,112,14,1
sk_01,B86575,45,1,MASc KA 40 blocks,sa,112,112,14,1
sk_02,B79027,45,1,MASc KA 40 blocks,sa,112,112,14,1
sk_02,B84093,45,1,MASc KA 40 blocks,sa,112,112,14,1
sk_02,B86575,45,1,MASc KA 40 blocks,sa,112,112,14,1
sk_03,B81877,45,1,MASc KA 40 blocks,sa,112,112,14,1
sk_03,B84093,45,1,MASc KA 40 blocks,sa,112,112,14,1
sk_03,B86909,45,1,MASc KA 40 blocks,sa,112,112,14,1
sk_04,B81877,45,1,MASc KA 40 blocks,sa,112,112,14,1
sk_04,B86575,45,1,MASc KA 40 blocks,sa,112,112,14,1
sk_04,B92962,45,1,MASc KA 40 blocks,sa,112,112,14,1
sk_05,B78567,45,1,MASc KA 40 blocks,sa,112,112,14,1
sk_05,B86575,45,1,MASc KA 40 blocks,sa,112,112,14,1
sk_05,B92962,45,1,MASc KA 40 blocks,sa,112,112,14,1
sk_06,B78567,45,1,MASc KA 40 blocks,sa,112,112,14,1
sk_06,B86575,45,1,MASc KA 40 blocks,sa,112,112,14,1
sk_06,B92962,45,1,MASc KA 40 blocks,sa,112,112,14,1
fb_01,B77363,46,1,MASc KA 40 blocks,sa,112,112,14,1
fb_01,B77363,46,1,MASc KA 40 blocks,sa,112,112,14,1
fb_01,B95247,46,1,MASc KA 40 blocks,sa,112,112,14,1
fb_02,B77718,46,1,MASc KA 40 blocks,sa,112,112,14,1
fb_02,B86857,46,1,MASc KA 40 blocks,sa,112,112,14,1
fb_02,B86857,46,1,MASc KA 40 blocks,sa,112,112,14,1
fb_03,B86857,46,1,MASc KA 40 blocks,sa,112,112,14,1
fb_03,B86857,46,1,MASc KA 40 blocks,sa,112,112,14,1
fb_03,B86857,46,1,MASc KA 40 blocks,sa,112,112,14,1
fb_04,B77363,46,1,MASc KA 40 blocks,sa,112,112,14,1
fb_04,B77363,46,1,MASc KA 40 blocks,sa,112,112,14,1
fb_04,B91173,46,1,MASc KA 40 blocks,sa,112,112,14,1
fb_05,B77718,46,1,MASc KA 40 blocks,sa,112,112,14,1
fb_05,B91247,46,1,MASc KA 40 blocks,sa,112,112,14,1
fb_05,B92962,46,1,MASc KA 40 blocks,sa,112,112,14,1
fb_06,B77363,46,1,MASc KA 40 blocks,sa,112,112,14,1
fb_06,B92962,46,1,MASc KA 40 blocks,sa,112,112,14,1
fb_06,B98643,46,1,MASc KA 40 blocks,sa,112,112,14,1
ld_01,B86553,46,1,MASc KA 40 blocks,sa,112,112,14,1
ld_01,B88642,46,1,MASc KA 40 blocks,sa,112,112,14,1
ld_02,B88642,46,1,MASc KA 40 blocks,sa,112,112,14,1
ld_02,B88642,46,1,MASc KA 40 blocks,sa,112,112,14,1
ld_03,B88642,46,1,MASc KA 40 blocks,sa,112,112,14,1
ld_04,B92962,46,1,MASc KA 40 blocks,sa,112,112,14,1
ld_05,B86553,46,1,MASc KA 40 blocks,sa,112,112,14,1
ld_06,B92731,46,1,MASc KA 40 blocks,sa,112,112,14,1
pr_01,B78567,46,1,MASc KA 40 blocks,sa,112,112,14,1
pr_01,B81877,46,1,MASc KA 40 blocks,sa,112,112,14,1
pr_01,B84093,46,1,MASc KA 40 blocks,sa,112,112,14,1
pr_02,B86575,46,1,MASc KA 40 blocks,sa,112,112,14,1
pr_02,B86909,46,1,MASc KA 40 blocks,sa,112,112,14,1
pr_02,B92962,46,1,MASc KA 40 blocks,sa,112,112,14,1
pr_03,B86575,46,1,MASc KA 40 blocks,sa,112,112,14,1
pr_03,B86575,46,1,MASc KA 40 blocks,sa,112,112,14,1
pr_04,B79027,46,1,MASc KA 40 blocks,sa,112,112,14,1
pr_04,B79027,46,1,MASc KA 40 blocks,sa,112,112,14,1
pr_05,B78567,46,1,MASc KA 40 blocks,sa,112,112,14,1
pr_05,B81877,46,1,MASc KA 40 blocks,sa,112,112,14,1
pr_06,B78567,46,1,MASc KA 40 blocks,sa,112,112,14,1
pr_06,B81877,46,1,MASc KA 40 blocks,sa,112,112,14,1
sk_01,B77363,46,1,MASc KA 40 blocks,sa,112,112,14,1
sk_01,B86553,46,1,MASc KA 40 blocks,sa,112,112,14,1
sk_01,B86857,46,1,MASc KA 40 blocks,sa,112,112,14,1
sk_02,B77363,46,1,MASc KA 40 blocks,sa,112,112,14,1
sk_02,B86857,46,1,MASc KA 40 blocks,sa,112,112,14,1
sk_02,B92962,46,1,MASc KA 40 blocks,sa,112,112,14,1
sk_03,B86857,46,1,MASc KA 40 blocks,sa,112,112,14,1
sk_03,B86909,46,1,MASc KA 40 blocks,sa,112,112,14,1
sk_03,B92962,46,1,MASc KA 40 blocks,sa,112,112,14,1
sk_04,B86553,46,1,MASc KA 40 blocks,sa,112,112,14,1
sk_04,B86857,46,1,MASc KA 40 blocks,sa,112,112,14,1
sk_04,B91247,46,1,MASc KA 40 blocks,sa,112,112,14,1
sk_05,B86857,46,1,MASc KA 40 blocks,sa,112,112,14,1
sk_05,B91247,46,1,MASc KA 40 blocks,sa,112,112,14,1
sk_05,B92731,46,1,MASc KA 40 blocks,sa,112,112,14,1
sk_06,B86857,46,1,MASc KA 40 blocks,sa,112,112,14,1
sk_06,B91247,46,1,MASc KA 40 blocks,sa,112,112,14,1
sk_06,B92731,46,1,MASc KA 40 blocks,sa,112,112,14,1
fb_01,B77363,47,1,MASc KA 40 blocks,sa,112,112,14,1
fb_01,B96294,47,1,MASc KA 40 blocks,sa,112,112,14,1
fb_01,B98430,47,1,MASc KA 40 blocks,sa,112,112,14,1
fb_02,B86857,47,1,MASc KA 40 blocks,sa,112,112,14,1
fb_02,B86857,47,1,MASc KA 40 blocks,sa,112,112,14,1
fb_02,B86857,47,1,MASc KA 40 blocks,sa,112,112,14,1
fb_03,B86857,47,1,MASc KA 40 blocks,sa,112,112,14,1
fb_03,B86857,47,1,MASc KA 40 blocks,sa,112,112,14,1
fb_03,B86857,47,1,MASc KA 40 blocks,sa,112,112,14,1
fb_04,B78910,47,1,MASc KA 40 blocks,sa,112,112,14,1
fb_04,B78910,47,1,MASc KA 40 blocks,sa,112,112,14,1
fb_04,B91173,47,1,MASc KA 40 blocks,sa,112,112,14,1
fb_05,B78910,47,1,MASc KA 40 blocks,sa,112,112,14,1
fb_05,B78910,47,1,MASc KA 40 blocks,sa,112,112,14,1
fb_05,B91173,47,1,MASc KA 40 blocks,sa,112,112,14,1
fb_06,B77363,47,1,MASc KA 40 blocks,sa,112,112,14,1
fb_06,B84093,47,1,MASc KA 40 blocks,sa,112,112,14,1
fb_06,B91173,47,1,MASc KA 40 blocks,sa,112,112,14,1
ld_01,B78567,47,1,MASc KA 40 blocks,sa,112,112,14,1
ld_01,B81877,47,1,MASc KA 40 blocks,sa,112,112,14,1
ld_02,B78567,47,1,MASc KA 40 blocks,sa,112,112,14,1
ld_02,B79027,47,1,MASc KA 40 blocks,sa,112,112,14,1
ld_03,B79027,47,1,MASc KA 40 blocks,sa,112,112,14,1
ld_03,B86575,47,1,MASc KA 40 blocks,sa,112,112,14,1
ld_04,B81877,47,1,MASc KA 40 blocks,sa,112,112,14,1
ld_04,B92962,47,1,MASc KA 40 blocks,sa,112,112,14,1
ld_05,B86575,47,1,MASc KA 40 blocks,sa,112,112,14,1
ld_06,B84093,47,1,MASc KA 40 blocks,sa,112,112,14,1
pr_01,B86857,47,1,MASc KA 40 blocks,sa,112,112,14,1
pr_01,B91247,47,1,MASc KA 40 blocks,sa,112,112,14,1
pr_01,B92962,47,1,MASc KA 40 blocks,sa,112,112,14,1
pr_02,B86857,47,1,MASc KA 40 blocks,sa,112,112,14,1
pr_02,B91247,47,1,MASc KA 40 blocks,sa,112,112,14,1
pr_02,B92731,47,1,MASc KA 40 blocks,sa,112,112,14,1
pr_03,B77363,47,1,MASc KA 40 blocks,sa,112,112,14,1
pr_03,B86857,47,1,MASc KA 40 blocks,sa,112,112,14,1
pr_03,B86909,47,1,MASc KA 40 blocks,sa,112,112,14,1
pr_04,B77363,47,1,MASc KA 40 blocks,sa,112,112,14,1
pr_04,B86857,47,1,MASc KA 40 blocks,sa,112,112,14,1
pr_05,B86553,47,1,MASc KA 40 blocks,sa,112,112,14,1
pr_05,B86857,47,1,MASc KA 40 blocks,sa,112,112,14,1
pr_06,B86553,47,1,MASc KA 40 blocks,sa,112,112,14,1
pr_06,B91247,47,1,MASc KA 40 blocks,sa,112,112,14,1
sk_01,B77363,47,1,MASc KA 40 blocks,sa,112,112,14,1
sk_01,B77363,47,1,MASc KA 40 blocks,sa,112,112,14,1
sk_01,B86857,47,1,MASc KA 40 blocks,sa,112,112,14,1
sk_02,B77363,47,1,MASc KA 40 blocks,sa,112,112,14,1
sk_02,B77363,47,1,MASc KA 40 blocks,sa,112,112,14,1
sk_02,B86857,47,1,MASc KA 40 blocks,sa,112,112,14,1
sk_03,B77363,47,1,MASc KA 40 blocks,sa,112,112,14,1
sk_03,B77363,47,1,MASc KA 40 blocks,sa,112,112,14,1
sk_03,B86857,47,1,MASc KA 40 blocks,sa,112,112,14,1
sk_04,B77363,47,1,MASc KA 40 blocks,sa,112,112,14,1
sk_04,B77363,47,1,MASc KA 40 blocks,sa,112,112,14,1
sk_04,B86857,47,1,MASc KA 40 blocks,sa,112,112,14,1
sk_05,B77363,47,1,MASc KA 40 blocks,sa,112,112,14,1
sk_05,B86857,47,1,MASc KA 40 blocks,sa,112,112,14,1
sk_05,B95247,47,1,MASc KA 40 blocks,sa,112,112,14,1
sk_06,B77363,47,1,MASc KA 40 blocks,sa,112,112,14,1
sk_06,B86857,47,1,MASc KA 40 blocks,sa,112,112,14,1
sk_06,B92962,47,1,MASc KA 40 blocks,sa,112,112,14,1
fb_01,B78910,48,1,MASc KA 40 blocks,sa,112,112,14,1
fb_01,B78910,48,1,MASc KA 40 blocks,sa,112,112,14,1
fb_01,B98430,48,1,MASc KA 40 blocks,sa,112,112,14,1
fb_02,B86857,48,1,MASc KA 40 blocks,sa,112,112,14,1
fb_02,B86857,48,1,MASc KA 40 blocks,sa,112,112,14,1
fb_02,B86857,48,1,MASc KA 40 blocks,sa,112,112,14,1
fb_03,B86857,48,1,MASc KA 40 blocks,sa,112,112,14,1
fb_03,B86857,48,1,MASc KA 40 blocks,sa,112,112,14,1
fb_03,B86857,48,1,MASc KA 40 blocks,sa,112,112,14,1
fb_04,B78910,48,1,MASc KA 40 blocks,sa,112,112,14,1
fb_04,B80395,48,1,MASc KA 40 blocks,sa,112,112,14,1
fb_04,B98430,48,1,MASc KA 40 blocks,sa,112,112,14,1
fb_05,B77363,48,1,MASc KA 40 blocks,sa,112,112,14,1
fb_05,B78910,48,1,MASc KA 40 blocks,sa,112,112,14,1
fb_05,B98430,48,1,MASc KA 40 blocks,sa,112,112,14,1
fb_06,B78910,48,1,MASc KA 40 blocks,sa,112,112,14,1
fb_06,B92731,48,1,MASc KA 40 blocks,sa,112,112,14,1
fb_06,B98430,48,1,MASc KA 40 blocks,sa,112,112,14,1
ld_01,B77363,48,1,MASc KA 40 blocks,sa,112,112,14,1
ld_01,B86857,48,1,MASc KA 40 blocks,sa,112,112,14,1
ld_02,B86857,48,1,MASc KA 40 blocks,sa,112,112,14,1
ld_02,B92962,48,1,MASc KA 40 blocks,sa,112,112,14,1
ld_03,B77363,48,1,MASc KA 40 blocks,sa,112,112,14,1
ld_03,B86857,48,1,MASc KA 40 blocks,sa,112,112,14,1
ld_04,B86909,48,1,MASc KA 40 blocks,sa,112,112,14,1
ld_04,B92731,48,1,MASc KA 40 blocks,sa,112,112,14,1
ld_05,B86553,48,1,MASc KA 40 blocks,sa,112,112,14,1
ld_05,B91247,48,1,MASc KA 40 blocks,sa,112,112,14,1
ld_06,B91247,48,1,MASc KA 40 blocks,sa,112,112,14,1
pr_01,B77363,48,1,MASc KA 40 blocks,sa,112,112,14,1
pr_01,B86857,48,1,MASc KA 40 blocks,sa,112,112,14,1
pr_01,B92962,48,1,MASc KA 40 blocks,sa,112,112,14,1
pr_02,B77363,48,1,MASc KA 40 blocks,sa,112,112,14,1
pr_02,B77363,48,1,MASc KA 40 blocks,sa,112,112,14,1
pr_02,B86857,48,1,MASc KA 40 blocks,sa,112,112,14,1
pr_03,B77363,48,1,MASc KA 40 blocks,sa,112,112,14,1
pr_03,B77363,48,1,MASc KA 40 blocks,sa,112,112,14,1
pr_03,B86857,48,1,MASc KA 40 blocks,sa,112,112,14,1
pr_04,B77363,48,1,MASc KA 40 blocks,sa,112,112,14,1
pr_04,B77363,48,1,MASc KA 40 blocks,sa,112,112,14,1
pr_05,B77363,48,1,MASc KA 40 blocks,sa,112,112,14,1
pr_05,B86857,48,1,MASc KA 40 blocks,sa,112,112,14,1
pr_06,B77363,48,1,MASc KA 40 blocks,sa,112,112,14,1
pr_06,B86857,48,1,MASc KA 40 blocks,sa,112,112,14,1
sk_01,B77363,48,1,MASc KA 40 blocks,sa,112,112,14,1
sk_01,B78910,48,1,MASc KA 40 blocks,sa,112,112,14,1
sk_01,B78910,48,1,MASc KA 40 blocks,sa,112,112,14,1
sk_02,B77363,48,1,MASc KA 40 blocks,sa,112,112,14,1
sk_02,B78910,48,1,MASc KA 40 blocks,sa,112,112,14,1
sk_02,B86857,48,1,MASc KA 40 blocks,sa,112,112,14,1
sk_03,B77363,48,1,MASc KA 40 blocks,sa,112,112,14,1
sk_03,B78910,48,1,MASc KA 40 blocks,sa,112,112,14,1
sk_03,B86857,48,1,MASc KA 40 blocks,sa,112,112,14,1
sk_04,B77363,48,1,MASc KA 40 blocks,sa,112,112,14,1
sk_04,B84093,48,1,MASc KA 40 blocks,sa,112,112,14,1
sk_04,B86857,48,1,MASc KA 40 blocks,sa,112,112,14,1
sk_05,B78910,48,1,MASc KA 40 blocks,sa,112,112,14,1
sk_05,B84093,48,1,MASc KA 40 blocks,sa,112,112,14,1
sk_05,B86857,48,1,MASc KA 40 blocks,sa,112,112,14,1
sk_06,B78910,48,1,MASc KA 40 blocks,sa,112,112,14,1
sk_06,B78910,48,1,MASc KA 40 blocks,sa,112,112,14,1
sk_06,B86857,48,1,MASc KA 40 blocks,sa,112,112,14,1
fb_01,B82792,49,1,MASc KA 40 blocks,sa,112,112,14,1
fb_01,B95247,49,1,MASc KA 40 blocks,sa,112,112,14,1
fb_01,B96294,49,1,MASc KA 40 blocks,sa,112,112,14,1
fb_02,B86857,49,1,MASc KA 40 blocks,sa,112,112,14,1
fb_02,B86857,49,1,MASc KA 40 blocks,sa,112,112,14,1
fb_02,B86857,49,1,MASc KA 40 blocks,sa,112,112,14,1
fb_03,B86857,49,1,MASc KA 40 blocks,sa,112,112,14,1
fb_03,B86857,49,1,MASc KA 40 blocks,sa,112,112,14,1
fb_03,B86857,49,1,MASc KA 40 blocks,sa,112,112,14,1
fb_04,B95247,49,1,MASc KA 40 blocks,sa,112,112,14,1
fb_04,B96294,49,1,MASc KA 40 blocks,sa,112,112,14,1
fb_04,B98430,49,1,MASc KA 40 blocks,sa,112,112,14,1
fb_05,B96294,49,1,MASc KA 40 blocks,sa,112,112,14,1
fb_05,B96294,49,1,MASc KA 40 blocks,sa,112,112,14,1
fb_05,B98430,49,1,MASc KA 40 blocks,sa,112,112,14,1
fb_06,B95247,49,1,MASc KA 40 blocks,sa,112,112,14,1
fb_06,B96294,49,1,MASc KA 40 blocks,sa,112,112,14,1
fb_06,B98430,49,1,MASc KA 40 blocks,sa,112,112,14,1
ld_01,B77363,49,1,MASc KA 40 blocks,sa,112,112,14,1
ld_01,B77363,49,1,MASc KA 40 blocks,sa,112,112,14,1
ld_01,B86857,49,1,MASc KA 40 blocks,sa,112,112,14,1
ld_02,B77363,49,1,MASc KA 40 blocks,sa,112,112,14,1
ld_02,B86857,49,1,MASc KA 40 blocks,sa,112,112,14,1
ld_03,B86857,49,1,MASc KA 40 blocks,sa,112,112,14,1
ld_03,B92962,49,1,MASc KA 40 blocks,sa,112,112,14,1
ld_04,B77363,49,1,MASc KA 40 blocks,sa,112,112,14,1
ld_04,B77363,49,1,MASc KA 40 blocks,sa,112,112,14,1
ld_05,B77363,49,1,MASc KA 40 blocks,sa,112,112,14,1
ld_05,B77363,49,1,MASc KA 40 blocks,sa,112,112,14,1
ld_06,B77363,49,1,MASc KA 40 blocks,sa,112,112,14,1
ld_06,B77363,49,1,MASc KA 40 blocks,sa,112,112,14,1
pr_01,B78910,49,1,MASc KA 40 blocks,sa,112,112,14,1
pr_01,B78910,49,1,MASc KA 40 blocks,sa,112,112,14,1
pr_01,B84093,49,1,MASc KA 40 blocks,sa,112,112,14,1
pr_02,B78910,49,1,MASc KA 40 blocks,sa,112,112,14,1
pr_02,B84093,49,1,MASc KA 40 blocks,sa,112,112,14,1
pr_02,B86857,49,1,MASc KA 40 blocks,sa,112,112,14,1
pr_03,B77363,49,1,MASc KA 40 blocks,sa,112,112,14,1
pr_03,B78910,49,1,MASc KA 40 blocks,sa,112,112,14,1
pr_03,B86857,49,1,MASc KA 40 blocks,sa,112,112,14,1
pr_04,B77363,49,1,MASc KA 40 blocks,sa,112,112,14,1
pr_04,B78910,49,1,MASc KA 40 blocks,sa,112,112,14,1
pr_04,B86857,49,1,MASc KA 40 blocks,sa,112,112,14,1
pr_05,B77363,49,1,MASc KA 40 blocks,sa,112,112,14,1
pr_05,B78910,49,1,MASc KA 40 blocks,sa,112,112,14,1
pr_05,B86857,49,1,MASc KA 40 blocks,sa,112,112,14,1
pr_06,B77363,49,1,MASc KA 40 blocks,sa,112,112,14,1
pr_06,B78910,49,1,MASc KA 40 blocks,sa,112,112,14,1
pr_06,B86857,49,1,MASc KA 40 blocks,sa,112,112,14,1
sk_01,B78910,49,1,MASc KA 40 blocks,sa,112,112,14,1
sk_01,B78910,49,1,MASc KA 40 blocks,sa,112,112,14,1
sk_01,B86857,49,1,MASc KA 40 blocks,sa,112,112,14,1
sk_02,B77363,49,1,MASc KA 40 blocks,sa,112,112,14,1
sk_02,B78910,49,1,MASc KA 40 blocks,sa,112,112,14,1
sk_02,B86857,49,1,MASc KA 40 blocks,sa,112,112,14,1
sk_03,B77363,49,1,MASc KA 40 blocks,sa,112,112,14,1
sk_03,B78910,49,1,MASc KA 40 blocks,sa,112,112,14,1
sk_03,B86857,49,1,MASc KA 40 blocks,sa,112,112,14,1
sk_04,B78910,49,1,MASc KA 40 blocks,sa,112,112,14,1
sk_04,B78910,49,1,MASc KA 40 blocks,sa,112,112,14,1
sk_04,B86857,49,1,MASc KA 40 blocks,sa,112,112,14,1
sk_05,B78910,49,1,MASc KA 40 blocks,sa,112,112,14,1
sk_05,B78910,49,1,MASc KA 40 blocks,sa,112,112,14,1
sk_05,B86857,49,1,MASc KA 40 blocks,sa,112,112,14,1
sk_06,B78910,49,1,MASc KA 40 blocks,sa,112,112,14,1
sk_06,B86857,49,1,MASc KA 40 blocks,sa,112,112,14,1
sk_06,B86857,49,1,MASc KA 40 blocks,sa,112,112,14,1
fb_01,B88901,50,1,MASc KA 40 blocks,sa,112,112,14,1
fb_01,B95247,50,1,MASc KA 40 blocks,sa,112,112,14,1
fb_01,B95247,50,1,MASc KA 40 blocks,sa,112,112,14,1
fb_02,B86857,50,1,MASc KA 40 blocks,sa,112,112,14,1
fb_02,B86857,50,1,MASc KA 40 blocks,sa,112,112,14,1
fb_02,B86857,50,1,MASc KA 40 blocks,sa,112,112,14,1
fb_03,B77718,50,1,MASc KA 40 blocks,sa,112,112,14,1
fb_03,B86857,50,1,MASc KA 40 blocks,sa,112,112,14,1
fb_03,B86857,50,1,MASc KA 40 blocks,sa,112,112,14,1
fb_04,B95247,50,1,MASc KA 40 blocks,sa,112,112,14,1
fb_04,B95247,50,1,MASc KA 40 blocks,sa,112,112,14,1
fb_04,B95247,50,1,MASc KA 40 blocks,sa,112,112,14,1
fb_05,B78910,50,1,MASc KA 40 blocks,sa,112,112,14,1
fb_05,B78910,50,1,MASc KA 40 blocks,sa,112,112,14,1
fb_05,B95247,50,1,MASc KA 40 blocks,sa,112,112,14,1
fb_06,B77363,50,1,MASc KA 40 blocks,sa,112,112,14,1
fb_06,B78910,50,1,MASc KA 40 blocks,sa,112,112,14,1
fb_06,B86575,50,1,MASc KA 40 blocks,sa,112,112,14,1
ld_01,B77363,50,1,MASc KA 40 blocks,sa,112,112,14,1
ld_01,B78910,50,1,MASc KA 40 blocks,sa,112,112,14,1
ld_01,B86857,50,1,MASc KA 40 blocks,sa,112,112,14,1
ld_02,B77363,50,1,MASc KA 40 blocks,sa,112,112,14,1
ld_02,B78910,50,1,MASc KA 40 blocks,sa,112,112,14,1
ld_02,B86857,50,1,MASc KA 40 blocks,sa,112,112,14,1
ld_03,B78910,50,1,MASc KA 40 blocks,sa,112,112,14,1
ld_03,B84093,50,1,MASc KA 40 blocks,sa,112,112,14,1
ld_03,B86857,50,1,MASc KA 40 blocks,sa,112,112,14,1
ld_04,B77363,50,1,MASc KA 40 blocks,sa,112,112,14,1
ld_04,B77363,50,1,MASc KA 40 blocks,sa,112,112,14,1
ld_04,B86857,50,1,MASc KA 40 blocks,sa,112,112,14,1
ld_05,B78910,50,1,MASc KA 40 blocks,sa,112,112,14,1
ld_05,B84093,50,1,MASc KA 40 blocks,sa,112,112,14,1
ld_06,B77363,50,1,MASc KA 40 blocks,sa,112,112,14,1
ld_06,B78910,50,1,MASc KA 40 blocks,sa,112,112,14,1
pr_01,B77363,50,1,MASc KA 40 blocks,sa,112,112,14,1
pr_01,B78910,50,1,MASc KA 40 blocks,sa,112,112,14,1
pr_01,B86857,50,1,MASc KA 40 blocks,sa,112,112,14,1
pr_02,B78910,50,1,MASc KA 40 blocks,sa,112,112,14,1
pr_02,B78910,50,1,MASc KA 40 blocks,sa,112,112,14,1
pr_02,B86857,50,1,MASc KA 40 blocks,sa,112,112,14,1
pr_03,B78910,50,1,MASc KA 40 blocks,sa,112,112,14,1
pr_03,B78910,50,1,MASc KA 40 blocks,sa,112,112,14,1
pr_03,B86857,50,1,MASc KA 40 blocks,sa,112,112,14,1
pr_04,B78910,50,1,MASc KA 40 blocks,sa,112,112,14,1
pr_04,B78910,50,1,MASc KA 40 blocks,sa,112,112,14,1
pr_04,B86857,50,1,MASc KA 40 blocks,sa,112,112,14,1
pr_05,B78910,50,1,MASc KA 40 blocks,sa,112,112,14,1
pr_05,B86857,50,1,MASc KA 40 blocks,sa,112,112,14,1
pr_06,B78910,50,1,MASc KA 40 blocks,sa,112,112,14,1
pr_06,B86857,50,1,MASc KA 40 blocks,sa,112,112,14,1
sk_01,B82792,50,1,MASc KA 40 blocks,sa,112,112,14,1
sk_01,B86857,50,1,MASc KA 40 blocks,sa,112,112,14,1
sk_01,B86857,50,1,MASc KA 40 blocks,sa,112,112,14,1
sk_02,B86857,50,1,MASc KA 40 blocks,sa,112,112,14,1
sk_02,B86857,50,1,MASc KA 40 blocks,sa,112,112,14,1
sk_02,B86857,50,1,MASc KA 40 blocks,sa,112,112,14,1
sk_03,B86857,50,1,MASc KA 40 blocks,sa,112,112,14,1
sk_03,B86857,50,1,MASc KA 40 blocks,sa,112,112,14,1
sk_03,B91247,50,1,MASc KA 40 blocks,sa,112,112,14,1
sk_04,B86857,50,1,MASc KA 40 blocks,sa,112,112,14,1
sk_04,B86857,50,1,MASc KA 40 blocks,sa,112,112,14,1
sk_04,B91247,50,1,MASc KA 40 blocks,sa,112,112,14,1
sk_05,B86857,50,1,MASc KA 40 blocks,sa,112,112,14,1
sk_05,B86857,50,1,MASc KA 40 blocks,sa,112,112,14,1
sk_05,B95834,50,1,MASc KA 40 blocks,sa,112,112,14,1
sk_06,B86857,50,1,MASc KA 40 blocks,sa,112,112,14,1
sk_06,B86857,50,1,MASc KA 40 blocks,sa,112,112,14,1
sk_06,B95247,50,1,MASc KA 40 blocks,sa,112,112,14,1
fb_01,B91247,51,1,MASc KA 40 blocks,sa,112,112,14,1
fb_01,B95247,51,1,MASc KA 40 blocks,sa,112,112,14,1
fb_01,B95247,51,1,MASc KA 40 blocks,sa,112,112,14,1
fb_02,B86857,51,1,MASc KA 40 blocks,sa,112,112,14,1
fb_02,B86857,51,1,MASc KA 40 blocks,sa,112,112,14,1
fb_02,B86857,51,1,MASc KA 40 blocks,sa,112,112,14,1
fb_03,B86857,51,1,MASc KA 40 blocks,sa,112,112,14,1
fb_03,B86857,51,1,MASc KA 40 blocks,sa,112,112,14,1
fb_03,B86857,51,1,MASc KA 40 blocks,sa,112,112,14,1
fb_04,B95247,51,1,MASc KA 40 blocks,sa,112,112,14,1
fb_04,B95247,51,1,MASc KA 40 blocks,sa,112,112,14,1
fb_04,B95247,51,1,MASc KA 40 blocks,sa,112,112,14,1
fb_05,B88642,51,1,MASc KA 40 blocks,sa,112,112,14,1
fb_05,B95247,51,1,MASc KA 40 blocks,sa,112,112,14,1
fb_05,B95247,51,1,MASc KA 40 blocks,sa,112,112,14,1
fb_06,B91173,51,1,MASc KA 40 blocks,sa,112,112,14,1
fb_06,B95247,51,1,MASc KA 40 blocks,sa,112,112,14,1
fb_06,B95247,51,1,MASc KA 40 blocks,sa,112,112,14,1
ld_01,B77363,51,1,MASc KA 40 blocks,sa,112,112,14,1
ld_01,B78910,51,1,MASc KA 40 blocks,sa,112,112,14,1
ld_01,B86857,51,1,MASc KA 40 blocks,sa,112,112,14,1
ld_02,B78910,51,1,MASc KA 40 blocks,sa,112,112,14,1
ld_02,B86857,51,1,MASc KA 40 blocks,sa,112,112,14,1
ld_03,B78910,51,1,MASc KA 40 blocks,sa,112,112,14,1
ld_03,B86857,51,1,MASc KA 40 blocks,sa,112,112,14,1
ld_04,B78910,51,1,MASc KA 40 blocks,sa,112,112,14,1
ld_04,B86857,51,1,MASc KA 40 blocks,sa,112,112,14,1
ld_05,B78910,51,1,MASc KA 40 blocks,sa,112,112,14,1
ld_05,B78910,51,1,MASc KA 40 blocks,sa,112,112,14,1
ld_06,B78910,51,1,MASc KA 40 blocks,sa,112,112,14,1
ld_06,B78910,51,1,MASc KA 40 blocks,sa,112,112,14,1
pr_01,B86857,51,1,MASc KA 40 blocks,sa,112,112,14,1
pr_01,B86857,51,1,MASc KA 40 blocks,sa,112,112,14,1
pr_01,B95247,51,1,MASc KA 40 blocks,sa,112,112,14,1
pr_02,B86857,51,1,MASc KA 40 blocks,sa,112,112,14,1
pr_02,B86857,51,1,MASc KA 40 blocks,sa,112,112,14,1
pr_02,B91247,51,1,MASc KA 40 blocks,sa,112,112,14,1
pr_03,B86857,51,1,MASc KA 40 blocks,sa,112,112,14,1
pr_03,B86857,51,1,MASc KA 40 blocks,sa,112,112,14,1
pr_03,B91247,51,1,MASc KA 40 blocks,sa,112,112,14,1
pr_04,B82792,51,1,MASc KA 40 blocks,sa,112,112,14,1
pr_04,B86857,51,1,MASc KA 40 blocks,sa,112,112,14,1
pr_04,B86857,51,1,MASc KA 40 blocks,sa,112,112,14,1
pr_05,B86857,51,1,MASc KA 40 blocks,sa,112,112,14,1
pr_05,B86857,51,1,MASc KA 40 blocks,sa,112,112,14,1
pr_06,B86857,51,1,MASc KA 40 blocks,sa,112,112,14,1
pr_06,B86857,51,1,MASc KA 40 blocks,sa,112,112,14,1
sk_01,B78910,51,1,MASc KA 40 blocks,sa,112,112,14,1
sk_01,B78910,51,1,MASc KA 40 blocks,sa,112,112,14,1
sk_01,B86575,51,1,MASc KA 40 blocks,sa,112,112,14,1
sk_02,B77363,51,1,MASc KA 40 blocks,sa,112,112,14,1
sk_02,B86575,51,1,MASc KA 40 blocks,sa,112,112,14,1
sk_02,B86857,51,1,MASc KA 40 blocks,sa,112,112,14,1
sk_03,B77363,51,1,MASc KA 40 blocks,sa,112,112,14,1
sk_03,B86857,51,1,MASc KA 40 blocks,sa,112,112,14,1
sk_03,B98643,51,1,MASc KA 40 blocks,sa,112,112,14,1
sk_04,B78910,51,1,MASc KA 40 blocks,sa,112,112,14,1
sk_04,B86857,51,1,MASc KA 40 blocks,sa,112,112,14,1
sk_04,B98430,51,1,MASc KA 40 blocks,sa,112,112,14,1
sk_05,B78910,51,1,MASc KA 40 blocks,sa,112,112,14,1
sk_05,B86857,51,1,MASc KA 40 blocks,sa,112,112,14,1
sk_05,B98430,51,1,MASc KA 40 blocks,sa,112,112,14,1
sk_06,B78910,51,1,MASc KA 40 blocks,sa,112,112,14,1
sk_06,B86575,51,1,MASc KA 40 blocks,sa,112,112,14,1
sk_06,B86857,51,1,MASc KA 40 blocks,sa,112,112,14,1
fb_01,B82792,52,1,MASc KA 40 blocks,sa,112,112,14,1
fb_01,B95834,52,1,MASc KA 40 blocks,sa,112,112,14,1
fb_01,B95834,52,1,MASc KA 40 blocks,sa,112,112,14,1
fb_02,B86857,52,1,MASc KA 40 blocks,sa,112,112,14,1
fb_02,B86857,52,1,MASc KA 40 blocks,sa,112,112,14,1
fb_02,B91247,52,1,MASc KA 40 blocks,sa,112,112,14,1
fb_03,B86857,52,1,MASc KA 40 blocks,sa,112,112,14,1
fb_03,B86857,52,1,MASc KA 40 blocks,sa,112,112,14,1
fb_03,B86857,52,1,MASc KA 40 blocks,sa,112,112,14,1
fb_04,B82792,52,1,MASc KA 40 blocks,sa,112,112,14,1
fb_04,B91247,52,1,MASc KA 40 blocks,sa,112,112,14,1
fb_04,B95834,52,1,MASc KA 40 blocks,sa,112,112,14,1
fb_05,B82792,52,1,MASc KA 40 blocks,sa,112,112,14,1
fb_05,B95247,52,1,MASc KA 40 blocks,sa,112,112,14,1
fb_05,B95247,52,1,MASc KA 40 blocks,sa,112,112,14,1
fb_06,B82792,52,1,MASc KA 40 blocks,sa,112,112,14,1
fb_06,B95247,52,1,MASc KA 40 blocks,sa,112,112,14,1
fb_06,B95834,52,1,MASc KA 40 blocks,sa,112,112,14,1
ld_01,B86857,52,1,MASc KA 40 blocks,sa,112,112,14,1
ld_01,B86857,52,1,MASc KA 40 blocks,sa,112,112,14,1
ld_02,B86857,52,1,MASc KA 40 blocks,sa,112,112,14,1
ld_02,B86857,52,1,MASc KA 40 blocks,sa,112,112,14,1
ld_03,B86857,52,1,MASc KA 40 blocks,sa,112,112,14,1
ld_03,B91247,52,1,MASc KA 40 blocks,sa,112,112,14,1
ld_04,B86857,52,1,MASc KA 40 blocks,sa,112,112,14,1
ld_05,B86857,52,1,MASc KA 40 blocks,sa,112,112,14,1
ld_06,B86857,52,1,MASc KA 40 blocks,sa,112,112,14,1
pr_01,B77363,52,1,MASc KA 40 blocks,sa,112,112,14,1
pr_01,B78910,52,1,MASc KA 40 blocks,sa,112,112,14,1
pr_01,B98643,52,1,MASc KA 40 blocks,sa,112,112,14,1
pr_02,B78910,52,1,MASc KA 40 blocks,sa,112,112,14,1
pr_02,B86857,52,1,MASc KA 40 blocks,sa,112,112,14,1
pr_02,B98430,52,1,MASc KA 40 blocks,sa,112,112,14,1
pr_03,B78910,52,1,MASc KA 40 blocks,sa,112,112,14,1
pr_03,B78910,52,1,MASc KA 40 blocks,sa,112,112,14,1
pr_03,B86857,52,1,MASc KA 40 blocks,sa,112,112,14,1
pr_04,B78910,52,1,MASc KA 40 blocks,sa,112,112,14,1
pr_04,B86575,52,1,MASc KA 40 blocks,sa,112,112,14,1
pr_04,B86857,52,1,MASc KA 40 blocks,sa,112,112,14,1
pr_05,B77363,52,1,MASc KA 40 blocks,sa,112,112,14,1
pr_05,B86575,52,1,MASc KA 40 blocks,sa,112,112,14,1
pr_05,B86857,52,1,MASc KA 40 blocks,sa,112,112,14,1
pr_06,B77363,52,1,MASc KA 40 blocks,sa,112,112,14,1
pr_06,B86575,52,1,MASc KA 40 blocks,sa,112,112,14,1
pr_06,B86857,52,1,MASc KA 40 blocks,sa,112,112,14,1
sk_01,B86857,52,1,MASc KA 40 blocks,sa,112,112,14,1
sk_01,B88642,52,1,MASc KA 40 blocks,sa,112,112,14,1
sk_01,B95247,52,1,MASc KA 40 blocks,sa,112,112,14,1
sk_02,B86857,52,1,MASc KA 40 blocks,sa,112,112,14,1
sk_02,B86857,52,1,MASc KA 40 blocks,sa,112,112,14,1
sk_02,B86857,52,1,MASc KA 40 blocks,sa,112,112,14,1
sk_03,B86857,52,1,MASc KA 40 blocks,sa,112,112,14,1
sk_03,B86857,52,1,MASc KA 40 blocks,sa,112,112,14,1
sk_03,B91247,52,1,MASc KA 40 blocks,sa,112,112,14,1
sk_04,B86857,52,1,MASc KA 40 blocks,sa,112,112,14,1
sk_04,B86857,52,1,MASc KA 40 blocks,sa,112,112,14,1
sk_04,B96294,52,1,MASc KA 40 blocks,sa,112,112,14,1
sk_05,B86857,52,1,MASc KA 40 blocks,sa,112,112,14,1
sk_05,B91247,52,1,MASc KA 40 blocks,sa,112,112,14,1
sk_05,B96294,52,1,MASc KA 40 blocks,sa,112,112,14,1
sk_06,B86857,52,1,MASc KA 40 blocks,sa,112,112,14,1
sk_06,B95247,52,1,MASc KA 40 blocks,sa,112,112,14,1
sk_06,B95247,52,1,MASc KA 40 blocks,sa,112,112,14,1
fb_01,B77718,53,1,MASc KA 40 blocks,sa,112,112,14,1
fb_01,B86857,53,1,MASc KA 40 blocks,sa,112,112,14,1
fb_01,B91247,53,1,MASc KA 40 blocks,sa,112,112,14,1
fb_02,B86857,53,1,MASc KA 40 blocks,sa,112,112,14,1
fb_02,B86857,53,1,MASc KA 40 blocks,sa,112,112,14,1
fb_02,B86857,53,1,MASc KA 40 blocks,sa,112,112,14,1
fb_03,B86857,53,1,MASc KA 40 blocks,sa,112,112,14,1
fb_03,B86857,53,1,MASc KA 40 blocks,sa,112,112,14,1
fb_03,B95247,53,1,MASc KA 40 blocks,sa,112,112,14,1
fb_04,B91247,53,1,MASc KA 40 blocks,sa,112,112,14,1
fb_04,B91247,53,1,MASc KA 40 blocks,sa,112,112,14,1
fb_04,B91247,53,1,MASc KA 40 blocks,sa,112,112,14,1
fb_05,B91247,53,1,MASc KA 40 blocks,sa,112,112,14,1
fb_05,B95247,53,1,MASc KA 40 blocks,sa,112,112,14,1
fb_05,B95834,53,1,MASc KA 40 blocks,sa,112,112,14,1
fb_06,B91247,53,1,MASc KA 40 blocks,sa,112,112,14,1
fb_06,B95247,53,1,MASc KA 40 blocks,sa,112,112,14,1
fb_06,B95247,53,1,MASc KA 40 blocks,sa,112,112,14,1
ld_01,B78910,53,1,MASc KA 40 blocks,sa,112,112,14,1
ld_01,B78910,53,1,MASc KA 40 blocks,sa,112,112,14,1
ld_01,B86857,53,1,MASc KA 40 blocks,sa,112,112,14,1
ld_02,B77363,53,1,MASc KA 40 blocks,sa,112,112,14,1
ld_02,B78910,53,1,MASc KA 40 blocks,sa,112,112,14,1
ld_02,B86857,53,1,MASc KA 40 blocks,sa,112,112,14,1
ld_03,B86575,53,1,MASc KA 40 blocks,sa,112,112,14,1
ld_03,B86575,53,1,MASc KA 40 blocks,sa,112,112,14,1
ld_03,B86857,53,1,MASc KA 40 blocks,sa,112,112,14,1
ld_04,B77363,53,1,MASc KA 40 blocks,sa,112,112,14,1
ld_04,B78910,53,1,MASc KA 40 blocks,sa,112,112,14,1
ld_04,B98643,53,1,MASc KA 40 blocks,sa,112,112,14,1
ld_05,B77363,53,1,MASc KA 40 blocks,sa,112,112,14,1
ld_05,B78910,53,1,MASc KA 40 blocks,sa,112,112,14,1
ld_06,B86575,53,1,MASc KA 40 blocks,sa,112,112,14,1
ld_06,B86575,53,1,MASc KA 40 blocks,sa,112,112,14,1
pr_01,B86857,53,1,MASc KA 40 blocks,sa,112,112,14,1
pr_01,B86857,53,1,MASc KA 40 blocks,sa,112,112,14,1
pr_01,B88642,53,1,MASc KA 40 blocks,sa,112,112,14,1
pr_02,B86857,53,1,MASc KA 40 blocks,sa,112,112,14,1
pr_02,B86857,53,1,MASc KA 40 blocks,sa,112,112,14,1
pr_02,B95247,53,1,MASc KA 40 blocks,sa,112,112,14,1
pr_03,B86857,53,1,MASc KA 40 blocks,sa,112,112,14,1
pr_03,B91247,53,1,MASc KA 40 blocks,sa,112,112,14,1
pr_03,B96294,53,1,MASc KA 40 blocks,sa,112,112,14,1
pr_04,B86857,53,1,MASc KA 40 blocks,sa,112,112,14,1
pr_04,B91247,53,1,MASc KA 40 blocks,sa,112,112,14,1
pr_04,B95247,53,1,MASc KA 40 blocks,sa,112,112,14,1
pr_05,B86857,53,1,MASc KA 40 blocks,sa,112,112,14,1
pr_05,B95247,53,1,MASc KA 40 blocks,sa,112,112,14,1
pr_06,B86857,53,1,MASc KA 40 blocks,sa,112,112,14,1
pr_06,B86857,53,1,MASc KA 40 blocks,sa,112,112,14,1
sk_01,B82792,53,1,MASc KA 40 blocks,sa,112,112,14,1
sk_01,B86857,53,1,MASc KA 40 blocks,sa,112,112,14,1
sk_01,B96294,53,1,MASc KA 40 blocks,sa,112,112,14,1
sk_02,B82792,53,1,MASc KA 40 blocks,sa,112,112,14,1
sk_02,B86857,53,1,MASc KA 40 blocks,sa,112,112,14,1
sk_02,B96294,53,1,MASc KA 40 blocks,sa,112,112,14,1
sk_03,B82792,53,1,MASc KA 40 blocks,sa,112,112,14,1
sk_03,B82792,53,1,MASc KA 40 blocks,sa,112,112,14,1
sk_03,B86857,53,1,MASc KA 40 blocks,sa,112,112,14,1
sk_04,B86857,53,1,MASc KA 40 blocks,sa,112,112,14,1
sk_04,B86857,53,1,MASc KA 40 blocks,sa,112,112,14,1
sk_04,B95834,53,1,MASc KA 40 blocks,sa,112,112,14,1
sk_05,B86857,53,1,MASc KA 40 blocks,sa,112,112,14,1
sk_05,B91247,53,1,MASc KA 40 blocks,sa,112,112,14,1
sk_05,B95834,53,1,MASc KA 40 blocks,sa,112,112,14,1
sk_06,B82792,53,1,MASc KA 40 blocks,sa,112,112,14,1
sk_06,B86857,53,1,MASc KA 40 blocks,sa,112,112,14,1
sk_06,B91247,53,1,MASc KA 40 blocks,sa,112,112,14,1
fb_01,B88901,54,1,MASc KA 40 blocks,sa,112,112,14,1
fb_01,B91247,54,1,MASc KA 40 blocks,sa,112,112,14,1
fb_01,B91247,54,1,MASc KA 40 blocks,sa,112,112,14,1
fb_02,B86857,54,1,MASc KA 40 blocks,sa,112,112,14,1
fb_02,B86857,54,1,MASc KA 40 blocks,sa,112,112,14,1
fb_02,B86857,54,1,MASc KA 40 blocks,sa,112,112,14,1
fb_03,B86857,54,1,MASc KA 40 blocks,sa,112,112,14,1
fb_03,B86857,54,1,MASc KA 40 blocks,sa,112,112,14,1
fb_03,B86857,54,1,MASc KA 40 blocks,sa,112,112,14,1
fb_04,B91247,54,1,MASc KA 40 blocks,sa,112,112,14,1
fb_04,B91247,54,1,MASc KA 40 blocks,sa,112,112,14,1
fb_04,B91247,54,1,MASc KA 40 blocks,sa,112,112,14,1
fb_05,B82792,54,1,MASc KA 40 blocks,sa,112,112,14,1
fb_05,B91247,54,1,MASc KA 40 blocks,sa,112,112,14,1
fb_05,B95247,54,1,MASc KA 40 blocks,sa,112,112,14,1
fb_06,B91247,54,1,MASc KA 40 blocks,sa,112,112,14,1
fb_06,B91247,54,1,MASc KA 40 blocks,sa,112,112,14,1
fb_06,B95247,54,1,MASc KA 40 blocks,sa,112,112,14,1
ld_01,B86857,54,1,MASc KA 40 blocks,sa,112,112,14,1
ld_01,B91247,54,1,MASc KA 40 blocks,sa,112,112,14,1
ld_02,B86857,54,1,MASc KA 40 blocks,sa,112,112,14,1
ld_02,B95247,54,1,MASc KA 40 blocks,sa,112,112,14,1
ld_03,B86857,54,1,MASc KA 40 blocks,sa,112,112,14,1
ld_03,B95247,54,1,MASc KA 40 blocks,sa,112,112,14,1
ld_04,B86857,54,1,MASc KA 40 blocks,sa,112,112,14,1
ld_04,B96294,54,1,MASc KA 40 blocks,sa,112,112,14,1
ld_05,B86857,54,1,MASc KA 40 blocks,sa,112,112,14,1
ld_05,B88642,54,1,MASc KA 40 blocks,sa,112,112,14,1
ld_06,B86857,54,1,MASc KA 40 blocks,sa,112,112,14,1
pr_01,B82792,54,1,MASc KA 40 blocks,sa,112,112,14,1
pr_01,B86857,54,1,MASc KA 40 blocks,sa,112,112,14,1
pr_01,B96294,54,1,MASc KA 40 blocks,sa,112,112,14,1
pr_02,B82792,54,1,MASc KA 40 blocks,sa,112,112,14,1
pr_02,B86857,54,1,MASc KA 40 blocks,sa,112,112,14,1
pr_02,B95834,54,1,MASc KA 40 blocks,sa,112,112,14,1
pr_03,B82792,54,1,MASc KA 40 blocks,sa,112,112,14,1
pr_03,B86857,54,1,MASc KA 40 blocks,sa,112,112,14,1
pr_03,B95834,54,1,MASc KA 40 blocks,sa,112,112,14,1
pr_04,B82792,54,1,MASc KA 40 blocks,sa,112,112,14,1
pr_04,B82792,54,1,MASc KA 40 blocks,sa,112,112,14,1
pr_04,B86857,54,1,MASc KA 40 blocks,sa,112,112,14,1
pr_05,B82792,54,1,MASc KA 40 blocks,sa,112,112,14,1
pr_05,B86857,54,1,MASc KA 40 blocks,sa,112,112,14,1
pr_05,B91247,54,1,MASc KA 40 blocks,sa,112,112,14,1
pr_06,B82792,54,1,MASc KA 40 blocks,sa,112,112,14,1
pr_06,B86857,54,1,MASc KA 40 blocks,sa,112,112,14,1
pr_06,B91247,54,1,MASc KA 40 blocks,sa,112,112,14,1
sk_01,B86857,54,1,MASc KA 40 blocks,sa,112,112,14,1
sk_01,B86857,54,1,MASc KA 40 blocks,sa,112,112,14,1
sk_01,B91247,54,1,MASc KA 40 blocks,sa,112,112,14,1
sk_02,B86857,54,1,MASc KA 40 blocks,sa,112,112,14,1
sk_02,B86857,54,1,MASc KA 40 blocks,sa,112,112,14,1
sk_02,B95247,54,1,MASc KA 40 blocks,sa,112,112,14,1
sk_03,B86857,54,1,MASc KA 40 blocks,sa,112,112,14,1
sk_03,B86857,54,1,MASc KA 40 blocks,sa,112,112,14,1
sk_03,B95247,54,1,MASc KA 40 blocks,sa,112,112,14,1
sk_04,B86857,54,1,MASc KA 40 blocks,sa,112,112,14,1
sk_04,B91247,54,1,MASc KA 40 blocks,sa,112,112,14,1
sk_04,B91247,54,1,MASc KA 40 blocks,sa,112,112,14,1
sk_05,B86857,54,1,MASc KA 40 blocks,sa,112,112,14,1
sk_05,B91247,54,1,MASc KA 40 blocks,sa,112,112,14,1
sk_05,B91247,54,1,MASc KA 40 blocks,sa,112,112,14,1
sk_06,B86553,54,1,MASc KA 40 blocks,sa,112,112,14,1
sk_06,B95247,54,1,MASc KA 40 blocks,sa,112,112,14,1
sk_06,B95247,54,1,MASc KA 40 blocks,sa,112,112,14,1
fb_01,B91247,55,1,MASc KA 40 blocks,sa,112,112,14,1
fb_01,B91247,55,1,MASc KA 40 blocks,sa,112,112,14,1
fb_01,B91247,55,1,MASc KA 40 blocks,sa,112,112,14,1
fb_02,B86857,55,1,MASc KA 40 blocks,sa,112,112,14,1
fb_02,B86857,55,1,MASc KA 40 blocks,sa,112,112,14,1
fb_02,B86857,55,1,MASc KA 40 blocks,sa,112,112,14,1
fb_03,B86857,55,1,MASc KA 40 blocks,sa,112,112,14,1
fb_03,B86857,55,1,MASc KA 40 blocks,sa,112,112,14,1
fb_03,B86857,55,1,MASc KA 40 blocks,sa,112,112,14,1
fb_04,B88901,55,1,MASc KA 40 blocks,sa,112,112,14,1
fb_04,B91247,55,1,MASc KA 40 blocks,sa,112,112,14,1
fb_04,B91247,55,1,MASc KA 40 blocks,sa,112,112,14,1
fb_05,B88901,55,1,MASc KA 40 blocks,sa,112,112,14,1
fb_05,B91247,55,1,MASc KA 40 blocks,sa,112,112,14,1
fb_05,B91247,55,1,MASc KA 40 blocks,sa,112,112,14,1
fb_06,B91247,55,1,MASc KA 40 blocks,sa,112,112,14,1
fb_06,B91247,55,1,MASc KA 40 blocks,sa,112,112,14,1
fb_06,B91247,55,1,MASc KA 40 blocks,sa,112,112,14,1
ld_01,B86857,55,1,MASc KA 40 blocks,sa,112,112,14,1
ld_01,B95834,55,1,MASc KA 40 blocks,sa,112,112,14,1
ld_02,B82792,55,1,MASc KA 40 blocks,sa,112,112,14,1
ld_02,B96294,55,1,MASc KA 40 blocks,sa,112,112,14,1
ld_03,B82792,55,1,MASc KA 40 blocks,sa,112,112,14,1
ld_03,B86857,55,1,MASc KA 40 blocks,sa,112,112,14,1
ld_04,B82792,55,1,MASc KA 40 blocks,sa,112,112,14,1
ld_04,B86857,55,1,MASc KA 40 blocks,sa,112,112,14,1
ld_05,B82792,55,1,MASc KA 40 blocks,sa,112,112,14,1
ld_05,B86857,55,1,MASc KA 40 blocks,sa,112,112,14,1
ld_06,B91247,55,1,MASc KA 40 blocks,sa,112,112,14,1
pr_01,B86857,55,1,MASc KA 40 blocks,sa,112,112,14,1
pr_01,B91247,55,1,MASc KA 40 blocks,sa,112,112,14,1
pr_01,B95247,55,1,MASc KA 40 blocks,sa,112,112,14,1
pr_02,B86857,55,1,MASc KA 40 blocks,sa,112,112,14,1
pr_02,B91247,55,1,MASc KA 40 blocks,sa,112,112,14,1
pr_02,B95247,55,1,MASc KA 40 blocks,sa,112,112,14,1
pr_03,B86857,55,1,MASc KA 40 blocks,sa,112,112,14,1
pr_03,B91247,55,1,MASc KA 40 blocks,sa,112,112,14,1
pr_03,B95247,55,1,MASc KA 40 blocks,sa,112,112,14,1
pr_04,B86857,55,1,MASc KA 40 blocks,sa,112,112,14,1
pr_04,B86857,55,1,MASc KA 40 blocks,sa,112,112,14,1
pr_04,B91247,55,1,MASc KA 40 blocks,sa,112,112,14,1
pr_05,B86857,55,1,MASc KA 40 blocks,sa,112,112,14,1
pr_05,B86857,55,1,MASc KA 40 blocks,sa,112,112,14,1
pr_06,B86857,55,1,MASc KA 40 blocks,sa,112,112,14,1
pr_06,B91247,55,1,MASc KA 40 blocks,sa,112,112,14,1
sk_01,B82792,55,1,MASc KA 40 blocks,sa,112,112,14,1
sk_01,B86857,55,1,MASc KA 40 blocks,sa,112,112,14,1
sk_01,B95247,55,1,MASc KA 40 blocks,sa,112,112,14,1
sk_02,B86857,55,1,MASc KA 40 blocks,sa,112,112,14,1
sk_02,B86857,55,1,MASc KA 40 blocks,sa,112,112,14,1
sk_02,B95247,55,1,MASc KA 40 blocks,sa,112,112,14,1
sk_03,B86857,55,1,MASc KA 40 blocks,sa,112,112,14,1
sk_03,B91247,55,1,MASc KA 40 blocks,sa,112,112,14,1
sk_03,B95247,55,1,MASc KA 40 blocks,sa,112,112,14,1
sk_04,B86857,55,1,MASc KA 40 blocks,sa,112,112,14,1
sk_04,B86857,55,1,MASc KA 40 blocks,sa,112,112,14,1
sk_04,B91247,55,1,MASc KA 40 blocks,sa,112,112,14,1
sk_05,B86857,55,1,MASc KA 40 blocks,sa,112,112,14,1
sk_05,B91247,55,1,MASc KA 40 blocks,sa,112,112,14,1
sk_05,B95247,55,1,MASc KA 40 blocks,sa,112,112,14,1
sk_06,B86857,55,1,MASc KA 40 blocks,sa,112,112,14,1
sk_06,B91247,55,1,MASc KA 40 blocks,sa,112,112,14,1
sk_06,B91247,55,1,MASc KA 40 blocks,sa,112,112,14,1
fb_01,B86553,56,1,MASc KA 40 blocks,sa,112,112,14,1
fb_01,B86909,56,1,MASc KA 40 blocks,sa,112,112,14,1
fb_01,B86909,56,1,MASc KA 40 blocks,sa,112,112,14,1
fb_02,B86857,56,1,MASc KA 40 blocks,sa,112,112,14,1
fb_02,B86857,56,1,MASc KA 40 blocks,sa,112,112,14,1
fb_02,B86857,56,1,MASc KA 40 blocks,sa,112,112,14,1
fb_03,B86857,56,1,MASc KA 40 blocks,sa,112,112,14,1
fb_03,B86857,56,1,MASc KA 40 blocks,sa,112,112,14,1
fb_03,B86857,56,1,MASc KA 40 blocks,sa,112,112,14,1
fb_04,B78567,56,1,MASc KA 40 blocks,sa,112,112,14,1
fb_04,B86553,56,1,MASc KA 40 blocks,sa,112,112,14,1
fb_04,B86553,56,1,MASc KA 40 blocks,sa,112,112,14,1
fb_05,B78567,56,1,MASc KA 40 blocks,sa,112,112,14,1
fb_05,B88901,56,1,MASc KA 40 blocks,sa,112,112,14,1
fb_05,B91247,56,1,MASc KA 40 blocks,sa,112,112,14,1
fb_06,B77718,56,1,MASc KA 40 blocks,sa,112,112,14,1
fb_06,B86553,56,1,MASc KA 40 blocks,sa,112,112,14,1
fb_06,B91247,56,1,MASc KA 40 blocks,sa,112,112,14,1
ld_01,B86857,56,1,MASc KA 40 blocks,sa,112,112,14,1
ld_01,B91247,56,1,MASc KA 40 blocks,sa,112,112,14,1
ld_02,B86857,56,1,MASc KA 40 blocks,sa,112,112,14,1
ld_02,B91247,56,1,MASc KA 40 blocks,sa,112,112,14,1
ld_03,B86857,56,1,MASc KA 40 blocks,sa,112,112,14,1
ld_03,B95247,56,1,MASc KA 40 blocks,sa,112,112,14,1
ld_04,B86857,56,1,MASc KA 40 blocks,sa,112,112,14,1
ld_04,B91247,56,1,MASc KA 40 blocks,sa,112,112,14,1
ld_05,B86857,56,1,MASc KA 40 blocks,sa,112,112,14,1
ld_05,B95247,56,1,MASc KA 40 blocks,sa,112,112,14,1
ld_06,B86857,56,1,MASc KA 40 blocks,sa,112,112,14,1
ld_06,B95247,56,1,MASc KA 40 blocks,sa,112,112,14,1
pr_01,B86857,56,1,MASc KA 40 blocks,sa,112,112,14,1
pr_01,B91247,56,1,MASc KA 40 blocks,sa,112,112,14,1
pr_01,B95247,56,1,MASc KA 40 blocks,sa,112,112,14,1
pr_02,B86857,56,1,MASc KA 40 blocks,sa,112,112,14,1
pr_02,B91247,56,1,MASc KA 40 blocks,sa,112,112,14,1
pr_02,B95247,56,1,MASc KA 40 blocks,sa,112,112,14,1
pr_03,B86857,56,1,MASc KA 40 blocks,sa,112,112,14,1
pr_03,B91247,56,1,MASc KA 40 blocks,sa,112,112,14,1
pr_03,B95247,56,1,MASc KA 40 blocks,sa,112,112,14,1
pr_04,B86857,56,1,MASc KA 40 blocks,sa,112,112,14,1
pr_04,B91247,56,1,MASc KA 40 blocks,sa,112,112,14,1
pr_04,B95247,56,1,MASc KA 40 blocks,sa,112,112,14,1
pr_05,B82792,56,1,MASc KA 40 blocks,sa,112,112,14,1
pr_05,B86857,56,1,MASc KA 40 blocks,sa,112,112,14,1
pr_05,B86857,56,1,MASc KA 40 blocks,sa,112,112,14,1
pr_06,B82792,56,1,MASc KA 40 blocks,sa,112,112,14,1
pr_06,B86857,56,1,MASc KA 40 blocks,sa,112,112,14,1
pr_06,B91247,56,1,MASc KA 40 blocks,sa,112,112,14,1
sk_01,B86857,56,1,MASc KA 40 blocks,sa,112,112,14,1
sk_01,B86857,56,1,MASc KA 40 blocks,sa,112,112,14,1
sk_01,B91247,56,1,MASc KA 40 blocks,sa,112,112,14,1
sk_02,B86857,56,1,MASc KA 40 blocks,sa,112,112,14,1
sk_02,B86857,56,1,MASc KA 40 blocks,sa,112,112,14,1
sk_02,B95247,56,1,MASc KA 40 blocks,sa,112,112,14,1
sk_03,B86857,56,1,MASc KA 40 blocks,sa,112,112,14,1
sk_03,B91247,56,1,MASc KA 40 blocks,sa,112,112,14,1
sk_03,B91247,56,1,MASc KA 40 blocks,sa,112,112,14,1
sk_04,B86857,56,1,MASc KA 40 blocks,sa,112,112,14,1
sk_04,B95247,56,1,MASc KA 40 blocks,sa,112,112,14,1
sk_04,B95247,56,1,MASc KA 40 blocks,sa,112,112,14,1
sk_05,B86857,56,1,MASc KA 40 blocks,sa,112,112,14,1
sk_05,B91247,56,1,MASc KA 40 blocks,sa,112,112,14,1
sk_05,B95247,56,1,MASc KA 40 blocks,sa,112,112,14,1
sk_06,B86857,56,1,MASc KA 40 blocks,sa,112,112,14,1
sk_06,B86857,56,1,MASc KA 40 blocks,sa,112,112,14,1
sk_06,B95247,56,1,MASc KA 40 blocks,sa,112,112,14,1
fb_01,B78910,57,1,MASc KA 40 blocks,sa,112,112,14,1
fb_01,B82792,57,1,MASc KA 40 blocks,sa,112,112,14,1
fb_01,B88642,57,1,MASc KA 40 blocks,sa,112,112,14,1
fb_02,B76352,57,1,MASc KA 40 blocks,sa,112,112,14,1
fb_02,B86553,57,1,MASc KA 40 blocks,sa,112,112,14,1
fb_02,B86857,57,1,MASc KA 40 blocks,sa,112,112,14,1
fb_03,B86553,57,1,MASc KA 40 blocks,sa,112,112,14,1
fb_03,B86553,57,1,MASc KA 40 blocks,sa,112,112,14,1
fb_03,B86553,57,1,MASc KA 40 blocks,sa,112,112,14,1
fb_04,B77718,57,1,MASc KA 40 blocks,sa,112,112,14,1
fb_04,B92731,57,1,MASc KA 40 blocks,sa,112,112,14,1
fb_04,B92731,57,1,MASc KA 40 blocks,sa,112,112,14,1
fb_05,B86909,57,1,MASc KA 40 blocks,sa,112,112,14,1
fb_05,B92731,57,1,MASc KA 40 blocks,sa,112,112,14,1
fb_05,B92731,57,1,MASc KA 40 blocks,sa,112,112,14,1
fb_06,B86909,57,1,MASc KA 40 blocks,sa,112,112,14,1
fb_06,B91247,57,1,MASc KA 40 blocks,sa,112,112,14,1
fb_06,B95247,57,1,MASc KA 40 blocks,sa,112,112,14,1
fb_01,B84093,58,1,MASc KA 40 blocks,sa,112,112,14,1
fb_01,B86575,58,1,MASc KA 40 blocks,sa,112,112,14,1
fb_01,B92962,58,1,MASc KA 40 blocks,sa,112,112,14,1
fb_02,B78567,58,1,MASc KA 40 blocks,sa,112,112,14,1
fb_02,B81877,58,1,MASc KA 40 blocks,sa,112,112,14,1
fb_02,B86553,58,1,MASc KA 40 blocks,sa,112,112,14,1
fb_03,B78567,58,1,MASc KA 40 blocks,sa,112,112,14,1
fb_03,B78567,58,1,MASc KA 40 blocks,sa,112,112,14,1
fb_03,B86553,58,1,MASc KA 40 blocks,sa,112,112,14,1
fb_04,B78567,58,1,MASc KA 40 blocks,sa,112,112,14,1
fb_04,B79027,58,1,MASc KA 40 blocks,sa,112,112,14,1
fb_04,B92962,58,1,MASc KA 40 blocks,sa,112,112,14,1
fb_05,B79027,58,1,MASc KA 40 blocks,sa,112,112,14,1
fb_05,B86575,58,1,MASc KA 40 blocks,sa,112,112,14,1
fb_05,B92731,58,1,MASc KA 40 blocks,sa,112,112,14,1
fb_06,B81877,58,1,MASc KA 40 blocks,sa,112,112,14,1
fb_06,B88642,58,1,MASc KA 40 blocks,sa,112,112,14,1
fb_06,B92962,58,1,MASc KA 40 blocks,sa,112,112,14,1
sk_01,B78910,58,1,MASc KA 40 blocks,sa,112,112,14,1
sk_01,B86553,58,1,MASc KA 40 blocks,sa,112,112,14,1
sk_01,B86553,58,1,MASc KA 40 blocks,sa,112,112,14,1
sk_02,B82792,58,1,MASc KA 40 blocks,sa,112,112,14,1
sk_02,B86553,58,1,MASc KA 40 blocks,sa,112,112,14,1
sk_02,B86909,58,1,MASc KA 40 blocks,sa,112,112,14,1
sk_03,B86909,58,1,MASc KA 40 blocks,sa,112,112,14,1
sk_03,B88642,58,1,MASc KA 40 blocks,sa,112,112,14,1
sk_03,B88642,58,1,MASc KA 40 blocks,sa,112,112,14,1
sk_04,B88642,58,1,MASc KA 40 blocks,sa,112,112,14,1
sk_04,B88642,58,1,MASc KA 40 blocks,sa,112,112,14,1
sk_04,B91247,58,1,MASc KA 40 blocks,sa,112,112,14,1
sk_05,B88642,58,1,MASc KA 40 blocks,sa,112,112,14,1
sk_05,B88642,58,1,MASc KA 40 blocks,sa,112,112,14,1
sk_05,B95247,58,1,MASc KA 40 blocks,sa,112,112,14,1
sk_06,B86857,58,1,MASc KA 40 blocks,sa,112,112,14,1
sk_06,B88642,58,1,MASc KA 40 blocks,sa,112,112,14,1
sk_06,B92731,58,1,MASc KA 40 blocks,sa,112,112,14,1
fb_01,B88901,59,1,MASc KA 40 blocks,sa,112,112,14,1
fb_01,B91173,59,1,MASc KA 40 blocks,sa,112,112,14,1
fb_01,B91247,59,1,MASc KA 40 blocks,sa,112,112,14,1
fb_02,B86857,59,1,MASc KA 40 blocks,sa,112,112,14,1
fb_02,B86857,59,1,MASc KA 40 blocks,sa,112,112,14,1
fb_02,B86857,59,1,MASc KA 40 blocks,sa,112,112,14,1
fb_03,B86857,59,1,MASc KA 40 blocks,sa,112,112,14,1
fb_03,B86857,59,1,MASc KA 40 blocks,sa,112,112,14,1
fb_03,B86857,59,1,MASc KA 40 blocks,sa,112,112,14,1
fb_04,B92731,59,1,MASc KA 40 blocks,sa,112,112,14,1
fb_04,B92962,59,1,MASc KA 40 blocks,sa,112,112,14,1
fb_04,B92962,59,1,MASc KA 40 blocks,sa,112,112,14,1
fb_05,B77363,59,1,MASc KA 40 blocks,sa,112,112,14,1
fb_05,B92962,59,1,MASc KA 40 blocks,sa,112,112,14,1
fb_05,B92962,59,1,MASc KA 40 blocks,sa,112,112,14,1
fb_06,B77363,59,1,MASc KA 40 blocks,sa,112,112,14,1
fb_06,B92731,59,1,MASc KA 40 blocks,sa,112,112,14,1
fb_06,B92962,59,1,MASc KA 40 blocks,sa,112,112,14,1
pr_01,B86553,59,1,MASc KA 40 blocks,sa,112,112,14,1
pr_01,B86909,59,1,MASc KA 40 blocks,sa,112,112,14,1
pr_02,B86553,59,1,MASc KA 40 blocks,sa,112,112,14,1
pr_02,B86909,59,1,MASc KA 40 blocks,sa,112,112,14,1
pr_03,B88642,59,1,MASc KA 40 blocks,sa,112,112,14,1
pr_04,B88642,59,1,MASc KA 40 blocks,sa,112,112,14,1
pr_05,B91247,59,1,MASc KA 40 blocks,sa,112,112,14,1
pr_06,B82792,59,1,MASc KA 40 blocks,sa,112,112,14,1
sk_01,B78567,59,1,MASc KA 40 blocks,sa,112,112,14,1
sk_01,B79027,59,1,MASc KA 40 blocks,sa,112,112,14,1
sk_01,B86575,59,1,MASc KA 40 blocks,sa,112,112,14,1
sk_02,B79027,59,1,MASc KA 40 blocks,sa,112,112,14,1
sk_02,B84093,59,1,MASc KA 40 blocks,sa,112,112,14,1
sk_02,B86575,59,1,MASc KA 40 blocks,sa,112,112,14,1
sk_03,B81877,59,1,MASc KA 40 blocks,sa,112,112,14,1
sk_03,B84093,59,1,MASc KA 40 blocks,sa,112,112,14,1
sk_03,B88642,59,1,MASc KA 40 blocks,sa,112,112,14,1
sk_04,B81877,59,1,MASc KA 40 blocks,sa,112,112,14,1
sk_04,B86575,59,1,MASc KA 40 blocks,sa,112,112,14,1
sk_04,B92962,59,1,MASc KA 40 blocks,sa,112,112,14,1
sk_05,B78567,59,1,MASc KA 40 blocks,sa,112,112,14,1
sk_05,B86575,59,1,MASc KA 40 blocks,sa,112,112,14,1
sk_05,B92962,59,1,MASc KA 40 blocks,sa,112,112,14,1
sk_06,B78567,59,1,MASc KA 40 blocks,sa,112,112,14,1
sk_06,B86575,59,1,MASc KA 40 blocks,sa,112,112,14,1
sk_06,B92962,59,1,MASc KA 40 blocks,sa,112,112,14,1
fb_01,B77363,60,1,MASc KA 40 blocks,sa,112,112,14,1
fb_01,B92962,60,1,MASc KA 40 blocks,sa,112,112,14,1
fb_01,B95247,60,1,MASc KA 40 blocks,sa,112,112,14,1
fb_02,B86857,60,1,MASc KA 40 blocks,sa,112,112,14,1
fb_02,B86857,60,1,MASc KA 40 blocks,sa,112,112,14,1
fb_02,B86857,60,1,MASc KA 40 blocks,sa,112,112,14,1
fb_03,B86857,60,1,MASc KA 40 blocks,sa,112,112,14,1
fb_03,B86857,60,1,MASc KA 40 blocks,sa,112,112,14,1
fb_03,B86857,60,1,MASc KA 40 blocks,sa,112,112,14,1
fb_04,B77363,60,1,MASc KA 40 blocks,sa,112,112,14,1
fb_04,B86575,60,1,MASc KA 40 blocks,sa,112,112,14,1
fb_04,B91173,60,1,MASc KA 40 blocks,sa,112,112,14,1
fb_05,B77363,60,1,MASc KA 40 blocks,sa,112,112,14,1
fb_05,B77363,60,1,MASc KA 40 blocks,sa,112,112,14,1
fb_05,B91173,60,1,MASc KA 40 blocks,sa,112,112,14,1
fb_06,B77363,60,1,MASc KA 40 blocks,sa,112,112,14,1
fb_06,B92962,60,1,MASc KA 40 blocks,sa,112,112,14,1
fb_06,B98643,60,1,MASc KA 40 blocks,sa,112,112,14,1
ld_01,B86553,60,1,MASc KA 40 blocks,sa,112,112,14,1
ld_02,B86909,60,1,MASc KA 40 blocks,sa,112,112,14,1
ld_03,B88642,60,1,MASc KA 40 blocks,sa,112,112,14,1
ld_04,B88642,60,1,MASc KA 40 blocks,sa,112,112,14,1
ld_05,B88642,60,1,MASc KA 40 blocks,sa,112,112,14,1
ld_06,B88642,60,1,MASc KA 40 blocks,sa,112,112,14,1
pr_01,B78567,60,1,MASc KA 40 blocks,sa,112,112,14,1
pr_01,B81877,60,1,MASc KA 40 blocks,sa,112,112,14,1
pr_01,B84093,60,1,MASc KA 40 blocks,sa,112,112,14,1
pr_02,B81877,60,1,MASc KA 40 blocks,sa,112,112,14,1
pr_02,B86575,60,1,MASc KA 40 blocks,sa,112,112,14,1
pr_02,B86575,60,1,MASc KA 40 blocks,sa,112,112,14,1
pr_03,B79027,60,1,MASc KA 40 blocks,sa,112,112,14,1
pr_03,B88642,60,1,MASc KA 40 blocks,sa,112,112,14,1
pr_04,B79027,60,1,MASc KA 40 blocks,sa,112,112,14,1
pr_04,B92962,60,1,MASc KA 40 blocks,sa,112,112,14,1
pr_05,B78567,60,1,MASc KA 40 blocks,sa,112,112,14,1
pr_05,B86575,60,1,MASc KA 40 blocks,sa,112,112,14,1
pr_06,B78567,60,1,MASc KA 40 blocks,sa,112,112,14,1
pr_06,B81877,60,1,MASc KA 40 blocks,sa,112,112,14,1
sk_01,B77363,60,1,MASc KA 40 blocks,sa,112,112,14,1
sk_01,B86857,60,1,MASc KA 40 blocks,sa,112,112,14,1
sk_01,B91247,60,1,MASc KA 40 blocks,sa,112,112,14,1
sk_02,B77363,60,1,MASc KA 40 blocks,sa,112,112,14,1
sk_02,B86857,60,1,MASc KA 40 blocks,sa,112,112,14,1
sk_02,B92962,60,1,MASc KA 40 blocks,sa,112,112,14,1
sk_03,B77363,60,1,MASc KA 40 blocks,sa,112,112,14,1
sk_03,B86857,60,1,MASc KA 40 blocks,sa,112,112,14,1
sk_03,B92962,60,1,MASc KA 40 blocks,sa,112,112,14,1
sk_04,B86857,60,1,MASc KA 40 blocks,sa,112,112,14,1
sk_04,B86857,60,1,MASc KA 40 blocks,sa,112,112,14,1
sk_04,B92731,60,1,MASc KA 40 blocks,sa,112,112,14,1
sk_05,B86857,60,1,MASc KA 40 blocks,sa,112,112,14,1
sk_05,B86857,60,1,MASc KA 40 blocks,sa,112,112,14,1
sk_05,B92731,60,1,MASc KA 40 blocks,sa,112,112,14,1
sk_06,B86553,60,1,MASc KA 40 blocks,sa,112,112,14,1
sk_06,B86857,60,1,MASc KA 40 blocks,sa,112,112,14,1
sk_06,B91247,60,1,MASc KA 40 blocks,sa,112,112,14,1
fb_01,B95834,61,1,MASc KA 40 blocks,sa,112,112,14,1
fb_01,B96294,61,1,MASc KA 40 blocks,sa,112,112,14,1
fb_01,B98430,61,1,MASc KA 40 blocks,sa,112,112,14,1
fb_02,B86857,61,1,MASc KA 40 blocks,sa,112,112,14,1
fb_02,B86857,61,1,MASc KA 40 blocks,sa,112,112,14,1
fb_02,B86857,61,1,MASc KA 40 blocks,sa,112,112,14,1
fb_03,B86857,61,1,MASc KA 40 blocks,sa,112,112,14,1
fb_03,B86857,61,1,MASc KA 40 blocks,sa,112,112,14,1
fb_03,B86857,61,1,MASc KA 40 blocks,sa,112,112,14,1
fb_04,B78910,61,1,MASc KA 40 blocks,sa,112,112,14,1
fb_04,B78910,61,1,MASc KA 40 blocks,sa,112,112,14,1
fb_04,B91173,61,1,MASc KA 40 blocks,sa,112,112,14,1
fb_05,B78910,61,1,MASc KA 40 blocks,sa,112,112,14,1
fb_05,B78910,61,1,MASc KA 40 blocks,sa,112,112,14,1
fb_05,B91173,61,1,MASc KA 40 blocks,sa,112,112,14,1
fb_06,B77363,61,1,MASc KA 40 blocks,sa,112,112,14,1
fb_06,B84093,61,1,MASc KA 40 blocks,sa,112,112,14,1
fb_06,B91173,61,1,MASc KA 40 blocks,sa,112,112,14,1
ld_01,B78567,61,1,MASc KA 40 blocks,sa,112,112,14,1
ld_01,B81877,61,1,MASc KA 40 blocks,sa,112,112,14,1
ld_02,B78567,61,1,MASc KA 40 blocks,sa,112,112,14,1
ld_02,B81877,61,1,MASc KA 40 blocks,sa,112,112,14,1
ld_03,B79027,61,1,MASc KA 40 blocks,sa,112,112,14,1
ld_03,B86575,61,1,MASc KA 40 blocks,sa,112,112,14,1
ld_04,B88642,61,1,MASc KA 40 blocks,sa,112,112,14,1
ld_04,B92962,61,1,MASc KA 40 blocks,sa,112,112,14,1
ld_05,B79027,61,1,MASc KA 40 blocks,sa,112,112,14,1
ld_05,B86575,61,1,MASc KA 40 blocks,sa,112,112,14,1
ld_06,B84093,61,1,MASc KA 40 blocks,sa,112,112,14,1
pr_01,B86857,61,1,MASc KA 40 blocks,sa,112,112,14,1
pr_01,B91247,61,1,MASc KA 40 blocks,sa,112,112,14,1
pr_01,B92962,61,1,MASc KA 40 blocks,sa,112,112,14,1
pr_02,B86857,61,1,MASc KA 40 blocks,sa,112,112,14,1
pr_02,B86857,61,1,MASc KA 40 blocks,sa,112,112,14,1
pr_02,B92731,61,1,MASc KA 40 blocks,sa,112,112,14,1
pr_03,B77363,61,1,MASc KA 40 blocks,sa,112,112,14,1
pr_03,B86857,61,1,MASc KA 40 blocks,sa,112,112,14,1
pr_03,B91247,61,1,MASc KA 40 blocks,sa,112,112,14,1
pr_04,B77363,61,1,MASc KA 40 blocks,sa,112,112,14,1
pr_04,B86857,61,1,MASc KA 40 blocks,sa,112,112,14,1
pr_05,B86553,61,1,MASc KA 40 blocks,sa,112,112,14,1
pr_05,B86857,61,1,MASc KA 40 blocks,sa,112,112,14,1
pr_06,B86857,61,1,MASc KA 40 blocks,sa,112,112,14,1
pr_06,B86857,61,1,MASc KA 40 blocks,sa,112,112,14,1
sk_01,B77363,61,1,MASc KA 40 blocks,sa,112,112,14,1
sk_01,B77363,61,1,MASc KA 40 blocks,sa,112,112,14,1
sk_01,B86575,61,1,MASc KA 40 blocks,sa,112,112,14,1
sk_02,B77363,61,1,MASc KA 40 blocks,sa,112,112,14,1
sk_02,B77363,61,1,MASc KA 40 blocks,sa,112,112,14,1
sk_02,B86857,61,1,MASc KA 40 blocks,sa,112,112,14,1
sk_03,B77363,61,1,MASc KA 40 blocks,sa,112,112,14,1
sk_03,B77363,61,1,MASc KA 40 blocks,sa,112,112,14,1
sk_03,B86857,61,1,MASc KA 40 blocks,sa,112,112,14,1
sk_04,B77363,61,1,MASc KA 40 blocks,sa,112,112,14,1
sk_04,B77363,61,1,MASc KA 40 blocks,sa,112,112,14,1
sk_04,B86857,61,1,MASc KA 40 blocks,sa,112,112,14,1
sk_05,B77363,61,1,MASc KA 40 blocks,sa,112,112,14,1
sk_05,B86575,61,1,MASc KA 40 blocks,sa,112,112,14,1
sk_05,B86857,61,1,MASc KA 40 blocks,sa,112,112,14,1
sk_06,B77363,61,1,MASc KA 40 blocks,sa,112,112,14,1
sk_06,B86575,61,1,MASc KA 40 blocks,sa,112,112,14,1
sk_06,B86857,61,1,MASc KA 40 blocks,sa,112,112,14,1
fb_01,B78910,62,1,MASc KA 40 blocks,sa,112,112,14,1
fb_01,B78910,62,1,MASc KA 40 blocks,sa,112,112,14,1
fb_01,B98430,62,1,MASc KA 40 blocks,sa,112,112,14,1
fb_02,B86857,62,1,MASc KA 40 blocks,sa,112,112,14,1
fb_02,B86857,62,1,MASc KA 40 blocks,sa,112,112,14,1
fb_02,B86857,62,1,MASc KA 40 blocks,sa,112,112,14,1
fb_03,B86857,62,1,MASc KA 40 blocks,sa,112,112,14,1
fb_03,B86857,62,1,MASc KA 40 blocks,sa,112,112,14,1
fb_03,B86857,62,1,MASc KA 40 blocks,sa,112,112,14,1
fb_04,B77363,62,1,MASc KA 40 blocks,sa,112,112,14,1
fb_04,B78910,62,1,MASc KA 40 blocks,sa,112,112,14,1
fb_04,B98430,62,1,MASc KA 40 blocks,sa,112,112,14,1
fb_05,B78910,62,1,MASc KA 40 blocks,sa,112,112,14,1
fb_05,B78910,62,1,MASc KA 40 blocks,sa,112,112,14,1
fb_05,B98430,62,1,MASc KA 40 blocks,sa,112,112,14,1
fb_06,B77363,62,1,MASc KA 40 blocks,sa,112,112,14,1
fb_06,B78910,62,1,MASc KA 40 blocks,sa,112,112,14,1
fb_06,B98430,62,1,MASc KA 40 blocks,sa,112,112,14,1
ld_01,B77363,62,1,MASc KA 40 blocks,sa,112,112,14,1
ld_01,B86857,62,1,MASc KA 40 blocks,sa,112,112,14,1
ld_02,B86857,62,1,MASc KA 40 blocks,sa,112,112,14,1
ld_02,B92962,62,1,MASc KA 40 blocks,sa,112,112,14,1
ld_03,B77363,62,1,MASc KA 40 blocks,sa,112,112,14,1
ld_03,B86857,62,1,MASc KA 40 blocks,sa,112,112,14,1
ld_04,B86553,62,1,MASc KA 40 blocks,sa,112,112,14,1
ld_04,B86857,62,1,MASc KA 40 blocks,sa,112,112,14,1
ld_05,B86857,62,1,MASc KA 40 blocks,sa,112,112,14,1
ld_05,B92731,62,1,MASc KA 40 blocks,sa,112,112,14,1
ld_06,B91247,62,1,MASc KA 40 blocks,sa,112,112,14,1
pr_01,B77363,62,1,MASc KA 40 blocks,sa,112,112,14,1
pr_01,B77363,62,1,MASc KA 40 blocks,sa,112,112,14,1
pr_01,B86857,62,1,MASc KA 40 blocks,sa,112,112,14,1
pr_02,B77363,62,1,MASc KA 40 blocks,sa,112,112,14,1
pr_02,B86575,62,1,MASc KA 40 blocks,sa,112,112,14,1
pr_02,B86857,62,1,MASc KA 40 blocks,sa,112,112,14,1
pr_03,B77363,62,1,MASc KA 40 blocks,sa,112,112,14,1
pr_03,B77363,62,1,MASc KA 40 blocks,sa,112,112,14,1
pr_03,B86857,62,1,MASc KA 40 blocks,sa,112,112,14,1
pr_04,B77363,62,1,MASc KA 40 blocks,sa,112,112,14,1
pr_04,B77363,62,1,MASc KA 40 blocks,sa,112,112,14,1
pr_04,B86857,62,1,MASc KA 40 blocks,sa,112,112,14,1
pr_05,B77363,62,1,MASc KA 40 blocks,sa,112,112,14,1
pr_05,B86575,62,1,MASc KA 40 blocks,sa,112,112,14,1
pr_06,B77363,62,1,MASc KA 40 blocks,sa,112,112,14,1
pr_06,B86575,62,1,MASc KA 40 blocks,sa,112,112,14,1
sk_01,B77363,62,1,MASc KA 40 blocks,sa,112,112,14,1
sk_01,B78910,62,1,MASc KA 40 blocks,sa,112,112,14,1
sk_01,B86857,62,1,MASc KA 40 blocks,sa,112,112,14,1
sk_02,B77363,62,1,MASc KA 40 blocks,sa,112,112,14,1
sk_02,B78910,62,1,MASc KA 40 blocks,sa,112,112,14,1
sk_02,B86857,62,1,MASc KA 40 blocks,sa,112,112,14,1
sk_03,B78910,62,1,MASc KA 40 blocks,sa,112,112,14,1
sk_03,B78910,62,1,MASc KA 40 blocks,sa,112,112,14,1
sk_03,B86857,62,1,MASc KA 40 blocks,sa,112,112,14,1
sk_04,B78910,62,1,MASc KA 40 blocks,sa,112,112,14,1
sk_04,B84093,62,1,MASc KA 40 blocks,sa,112,112,14,1
sk_04,B86857,62,1,MASc KA 40 blocks,sa,112,112,14,1
sk_05,B78910,62,1,MASc KA 40 blocks,sa,112,112,14,1
sk_05,B84093,62,1,MASc KA 40 blocks,sa,112,112,14,1
sk_05,B86857,62,1,MASc KA 40 blocks,sa,112,112,14,1
sk_06,B78910,62,1,MASc KA 40 blocks,sa,112,112,14,1
sk_06,B86857,62,1,MASc KA 40 blocks,sa,112,112,14,1
sk_06,B86857,62,1,MASc KA 40 blocks,sa,112,112,14,1
fb_01,B82792,63,1,MASc KA 40 blocks,sa,112,112,14,1
fb_01,B95247,63,1,MASc KA 40 blocks,sa,112,112,14,1
fb_01,B96294,63,1,MASc KA 40 blocks,sa,112,112,14,1
fb_02,B86857,63,1,MASc KA 40 blocks,sa,112,112,14,1
fb_02,B86857,63,1,MASc KA 40 blocks,sa,112,112,14,1
fb_02,B86857,63,1,MASc KA 40 blocks,sa,112,112,14,1
fb_03,B86857,63,1,MASc KA 40 blocks,sa,112,112,14,1
fb_03,B86857,63,1,MASc KA 40 blocks,sa,112,112,14,1
fb_03,B86857,63,1,MASc KA 40 blocks,sa,112,112,14,1
fb_04,B95247,63,1,MASc KA 40 blocks,sa,112,112,14,1
fb_04,B96294,63,1,MASc KA 40 blocks,sa,112,112,14,1
fb_04,B98430,63,1,MASc KA 40 blocks,sa,112,112,14,1
fb_05,B96294,63,1,MASc KA 40 blocks,sa,112,112,14,1
fb_05,B96294,63,1,MASc KA 40 blocks,sa,112,112,14,1
fb_05,B98430,63,1,MASc KA 40 blocks,sa,112,112,14,1
fb_06,B86909,63,1,MASc KA 40 blocks,sa,112,112,14,1
fb_06,B95247,63,1,MASc KA 40 blocks,sa,112,112,14,1
fb_06,B96294,63,1,MASc KA 40 blocks,sa,112,112,14,1
ld_01,B77363,63,1,MASc KA 40 blocks,sa,112,112,14,1
ld_01,B77363,63,1,MASc KA 40 blocks,sa,112,112,14,1
ld_01,B86857,63,1,MASc KA 40 blocks,sa,112,112,14,1
ld_02,B77363,63,1,MASc KA 40 blocks,sa,112,112,14,1
ld_02,B86575,63,1,MASc KA 40 blocks,sa,112,112,14,1
ld_02,B86857,63,1,MASc KA 40 blocks,sa,112,112,14,1
ld_03,B77363,63,1,MASc KA 40 blocks,sa,112,112,14,1
ld_03,B86575,63,1,MASc KA 40 blocks,sa,112,112,14,1
ld_03,B86857,63,1,MASc KA 40 blocks,sa,112,112,14,1
ld_04,B77363,63,1,MASc KA 40 blocks,sa,112,112,14,1
ld_04,B77363,63,1,MASc KA 40 blocks,sa,112,112,14,1
ld_04,B86575,63,1,MASc KA 40 blocks,sa,112,112,14,1
ld_05,B77363,63,1,MASc KA 40 blocks,sa,112,112,14,1
ld_05,B77363,63,1,MASc KA 40 blocks,sa,112,112,14,1
ld_06,B77363,63,1,MASc KA 40 blocks,sa,112,112,14,1
ld_06,B86575,63,1,MASc KA 40 blocks,sa,112,112,14,1
pr_01,B78910,63,1,MASc KA 40 blocks,sa,112,112,14,1
pr_01,B84093,63,1,MASc KA 40 blocks,sa,112,112,14,1
pr_01,B86857,63,1,MASc KA 40 blocks,sa,112,112,14,1
pr_02,B78910,63,1,MASc KA 40 blocks,sa,112,112,14,1
pr_02,B84093,63,1,MASc KA 40 blocks,sa,112,112,14,1
pr_02,B86857,63,1,MASc KA 40 blocks,sa,112,112,14,1
pr_03,B77363,63,1,MASc KA 40 blocks,sa,112,112,14,1
pr_03,B78910,63,1,MASc KA 40 blocks,sa,112,112,14,1
pr_03,B86857,63,1,MASc KA 40 blocks,sa,112,112,14,1
pr_04,B77363,63,1,MASc KA 40 blocks,sa,112,112,14,1
pr_04,B78910,63,1,MASc KA 40 blocks,sa,112,112,14,1
pr_04,B86857,63,1,MASc KA 40 blocks,sa,112,112,14,1
pr_05,B78910,63,1,MASc KA 40 blocks,sa,112,112,14,1
pr_05,B78910,63,1,MASc KA 40 blocks,sa,112,112,14,1
pr_05,B86857,63,1,MASc KA 40 blocks,sa,112,112,14,1
pr_06,B78910,63,1,MASc KA 40 blocks,sa,112,112,14,1
pr_06,B86857,63,1,MASc KA 40 blocks,sa,112,112,14,1
pr_06,B86857,63,1,MASc KA 40 blocks,sa,112,112,14,1
sk_01,B78910,63,1,MASc KA 40 blocks,sa,112,112,14,1
sk_01,B78910,63,1,MASc KA 40 blocks,sa,112,112,14,1
sk_01,B78910,63,1,MASc KA 40 blocks,sa,112,112,14,1
sk_02,B78910,63,1,MASc KA 40 blocks,sa,112,112,14,1
sk_02,B78910,63,1,MASc KA 40 blocks,sa,112,112,14,1
sk_02,B78910,63,1,MASc KA 40 blocks,sa,112,112,14,1
sk_03,B77363,63,1,MASc KA 40 blocks,sa,112,112,14,1
sk_03,B78910,63,1,MASc KA 40 blocks,sa,112,112,14,1
sk_03,B78910,63,1,MASc KA 40 blocks,sa,112,112,14,1
sk_04,B77363,63,1,MASc KA 40 blocks,sa,112,112,14,1
sk_04,B78910,63,1,MASc KA 40 blocks,sa,112,112,14,1
sk_04,B86857,63,1,MASc KA 40 blocks,sa,112,112,14,1
sk_05,B77363,63,1,MASc KA 40 blocks,sa,112,112,14,1
sk_05,B78910,63,1,MASc KA 40 blocks,sa,112,112,14,1
sk_05,B86857,63,1,MASc KA 40 blocks,sa,112,112,14,1
sk_06,B77363,63,1,MASc KA 40 blocks,sa,112,112,14,1
sk_06,B78910,63,1,MASc KA 40 blocks,sa,112,112,14,1
sk_06,B86857,63,1,MASc KA 40 blocks,sa,112,112,14,1
fb_01,B88901,64,1,MASc KA 40 blocks,sa,112,112,14,1
fb_01,B95247,64,1,MASc KA 40 blocks,sa,112,112,14,1
fb_01,B95247,64,1,MASc KA 40 blocks,sa,112,112,14,1
fb_02,B86857,64,1,MASc KA 40 blocks,sa,112,112,14,1
fb_02,B86857,64,1,MASc KA 40 blocks,sa,112,112,14,1
fb_02,B86857,64,1,MASc KA 40 blocks,sa,112,112,14,1
fb_03,B86857,64,1,MASc KA 40 blocks,sa,112,112,14,1
fb_03,B86857,64,1,MASc KA 40 blocks,sa,112,112,14,1
fb_03,B86857,64,1,MASc KA 40 blocks,sa,112,112,14,1
fb_04,B86553,64,1,MASc KA 40 blocks,sa,112,112,14,1
fb_04,B95247,64,1,MASc KA 40 blocks,sa,112,112,14,1
fb_04,B95247,64,1,MASc KA 40 blocks,sa,112,112,14,1
fb_05,B86553,64,1,MASc KA 40 blocks,sa,112,112,14,1
fb_05,B95247,64,1,MASc KA 40 blocks,sa,112,112,14,1
fb_05,B95247,64,1,MASc KA 40 blocks,sa,112,112,14,1
fb_06,B77363,64,1,MASc KA 40 blocks,sa,112,112,14,1
fb_06,B78910,64,1,MASc KA 40 blocks,sa,112,112,14,1
fb_06,B78910,64,1,MASc KA 40 blocks,sa,112,112,14,1
ld_01,B78910,64,1,MASc KA 40 blocks,sa,112,112,14,1
ld_01,B84093,64,1,MASc KA 40 blocks,sa,112,112,14,1
ld_01,B86857,64,1,MASc KA 40 blocks,sa,112,112,14,1
ld_02,B78910,64,1,MASc KA 40 blocks,sa,112,112,14,1
ld_02,B86857,64,1,MASc KA 40 blocks,sa,112,112,14,1
ld_03,B78910,64,1,MASc KA 40 blocks,sa,112,112,14,1
ld_03,B86857,64,1,MASc KA 40 blocks,sa,112,112,14,1
ld_04,B77363,64,1,MASc KA 40 blocks,sa,112,112,14,1
ld_04,B86857,64,1,MASc KA 40 blocks,sa,112,112,14,1
ld_05,B77363,64,1,MASc KA 40 blocks,sa,112,112,14,1
ld_05,B78910,64,1,MASc KA 40 blocks,sa,112,112,14,1
ld_06,B78910,64,1,MASc KA 40 blocks,sa,112,112,14,1
ld_06,B84093,64,1,MASc KA 40 blocks,sa,112,112,14,1
pr_01,B77363,64,1,MASc KA 40 blocks,sa,112,112,14,1
pr_01,B78910,64,1,MASc KA 40 blocks,sa,112,112,14,1
pr_01,B78910,64,1,MASc KA 40 blocks,sa,112,112,14,1
pr_02,B78910,64,1,MASc KA 40 blocks,sa,112,112,14,1
pr_02,B78910,64,1,MASc KA 40 blocks,sa,112,112,14,1
pr_02,B78910,64,1,MASc KA 40 blocks,sa,112,112,14,1
pr_03,B77363,64,1,MASc KA 40 blocks,sa,112,112,14,1
pr_03,B78910,64,1,MASc KA 40 blocks,sa,112,112,14,1
pr_03,B86857,64,1,MASc KA 40 blocks,sa,112,112,14,1
pr_04,B77363,64,1,MASc KA 40 blocks,sa,112,112,14,1
pr_04,B78910,64,1,MASc KA 40 blocks,sa,112,112,14,1
pr_04,B86857,64,1,MASc KA 40 blocks,sa,112,112,14,1
pr_05,B78910,64,1,MASc KA 40 blocks,sa,112,112,14,1
pr_05,B78910,64,1,MASc KA 40 blocks,sa,112,112,14,1
pr_06,B78910,64,1,MASc KA 40 blocks,sa,112,112,14,1
pr_06,B78910,64,1,MASc KA 40 blocks,sa,112,112,14,1
sk_01,B82792,64,1,MASc KA 40 blocks,sa,112,112,14,1
sk_01,B86857,64,1,MASc KA 40 blocks,sa,112,112,14,1
sk_01,B86857,64,1,MASc KA 40 blocks,sa,112,112,14,1
sk_02,B86857,64,1,MASc KA 40 blocks,sa,112,112,14,1
sk_02,B86857,64,1,MASc KA 40 blocks,sa,112,112,14,1
sk_02,B86857,64,1,MASc KA 40 blocks,sa,112,112,14,1
sk_03,B86857,64,1,MASc KA 40 blocks,sa,112,112,14,1
sk_03,B86857,64,1,MASc KA 40 blocks,sa,112,112,14,1
sk_03,B86857,64,1,MASc KA 40 blocks,sa,112,112,14,1
sk_04,B86857,64,1,MASc KA 40 blocks,sa,112,112,14,1
sk_04,B86857,64,1,MASc KA 40 blocks,sa,112,112,14,1
sk_04,B86857,64,1,MASc KA 40 blocks,sa,112,112,14,1
sk_05,B86857,64,1,MASc KA 40 blocks,sa,112,112,14,1
sk_05,B86857,64,1,MASc KA 40 blocks,sa,112,112,14,1
sk_05,B86857,64,1,MASc KA 40 blocks,sa,112,112,14,1
sk_06,B86857,64,1,MASc KA 40 blocks,sa,112,112,14,1
sk_06,B86857,64,1,MASc KA 40 blocks,sa,112,112,14,1
sk_06,B86857,64,1,MASc KA 40 blocks,sa,112,112,14,1
fb_01,B86857,65,1,MASc KA 40 blocks,sa,112,112,14,1
fb_01,B91247,65,1,MASc KA 40 blocks,sa,112,112,14,1
fb_01,B95247,65,1,MASc KA 40 blocks,sa,112,112,14,1
fb_02,B86857,65,1,MASc KA 40 blocks,sa,112,112,14,1
fb_02,B86857,65,1,MASc KA 40 blocks,sa,112,112,14,1
fb_02,B86857,65,1,MASc KA 40 blocks,sa,112,112,14,1
fb_03,B86857,65,1,MASc KA 40 blocks,sa,112,112,14,1
fb_03,B95247,65,1,MASc KA 40 blocks,sa,112,112,14,1
fb_03,B95247,65,1,MASc KA 40 blocks,sa,112,112,14,1
fb_04,B95247,65,1,MASc KA 40 blocks,sa,112,112,14,1
fb_04,B95247,65,1,MASc KA 40 blocks,sa,112,112,14,1
fb_04,B95247,65,1,MASc KA 40 blocks,sa,112,112,14,1
fb_05,B95247,65,1,MASc KA 40 blocks,sa,112,112,14,1
fb_05,B95247,65,1,MASc KA 40 blocks,sa,112,112,14,1
fb_05,B95247,65,1,MASc KA 40 blocks,sa,112,112,14,1
fb_06,B95247,65,1,MASc KA 40 blocks,sa,112,112,14,1
fb_06,B95247,65,1,MASc KA 40 blocks,sa,112,112,14,1
fb_06,B98430,65,1,MASc KA 40 blocks,sa,112,112,14,1
ld_01,B78910,65,1,MASc KA 40 blocks,sa,112,112,14,1
ld_01,B78910,65,1,MASc KA 40 blocks,sa,112,112,14,1
ld_01,B86857,65,1,MASc KA 40 blocks,sa,112,112,14,1
ld_02,B77363,65,1,MASc KA 40 blocks,sa,112,112,14,1
ld_02,B78910,65,1,MASc KA 40 blocks,sa,112,112,14,1
ld_02,B86857,65,1,MASc KA 40 blocks,sa,112,112,14,1
ld_03,B78910,65,1,MASc KA 40 blocks,sa,112,112,14,1
ld_03,B78910,65,1,MASc KA 40 blocks,sa,112,112,14,1
ld_03,B78910,65,1,MASc KA 40 blocks,sa,112,112,14,1
ld_04,B77363,65,1,MASc KA 40 blocks,sa,112,112,14,1
ld_04,B77363,65,1,MASc KA 40 blocks,sa,112,112,14,1
ld_04,B78910,65,1,MASc KA 40 blocks,sa,112,112,14,1
ld_05,B78910,65,1,MASc KA 40 blocks,sa,112,112,14,1
ld_05,B78910,65,1,MASc KA 40 blocks,sa,112,112,14,1
ld_06,B77363,65,1,MASc KA 40 blocks,sa,112,112,14,1
ld_06,B78910,65,1,MASc KA 40 blocks,sa,112,112,14,1
pr_01,B86857,65,1,MASc KA 40 blocks,sa,112,112,14,1
pr_01,B86857,65,1,MASc KA 40 blocks,sa,112,112,14,1
pr_01,B86857,65,1,MASc KA 40 blocks,sa,112,112,14,1
pr_02,B86857,65,1,MASc KA 40 blocks,sa,112,112,14,1
pr_02,B86857,65,1,MASc KA 40 blocks,sa,112,112,14,1
pr_02,B86857,65,1,MASc KA 40 blocks,sa,112,112,14,1
pr_03,B86857,65,1,MASc KA 40 blocks,sa,112,112,14,1
pr_03,B86857,65,1,MASc KA 40 blocks,sa,112,112,14,1
pr_03,B86857,65,1,MASc KA 40 blocks,sa,112,112,14,1
pr_04,B82792,65,1,MASc KA 40 blocks,sa,112,112,14,1
pr_04,B86857,65,1,MASc KA 40 blocks,sa,112,112,14,1
pr_04,B86857,65,1,MASc KA 40 blocks,sa,112,112,14,1
pr_05,B86857,65,1,MASc KA 40 blocks,sa,112,112,14,1
pr_05,B86857,65,1,MASc KA 40 blocks,sa,112,112,14,1
pr_05,B86857,65,1,MASc KA 40 blocks,sa,112,112,14,1
pr_06,B86857,65,1,MASc KA 40 blocks,sa,112,112,14,1
pr_06,B86857,65,1,MASc KA 40 blocks,sa,112,112,14,1
sk_01,B78910,65,1,MASc KA 40 blocks,sa,112,112,14,1
sk_01,B86857,65,1,MASc KA 40 blocks,sa,112,112,14,1
sk_01,B86857,65,1,MASc KA 40 blocks,sa,112,112,14,1
sk_02,B78910,65,1,MASc KA 40 blocks,sa,112,112,14,1
sk_02,B86857,65,1,MASc KA 40 blocks,sa,112,112,14,1
sk_02,B86857,65,1,MASc KA 40 blocks,sa,112,112,14,1
sk_03,B77363,65,1,MASc KA 40 blocks,sa,112,112,14,1
sk_03,B86857,65,1,MASc KA 40 blocks,sa,112,112,14,1
sk_03,B98643,65,1,MASc KA 40 blocks,sa,112,112,14,1
sk_04,B77363,65,1,MASc KA 40 blocks,sa,112,112,14,1
sk_04,B86857,65,1,MASc KA 40 blocks,sa,112,112,14,1
sk_04,B86857,65,1,MASc KA 40 blocks,sa,112,112,14,1
sk_05,B78910,65,1,MASc KA 40 blocks,sa,112,112,14,1
sk_05,B86857,65,1,MASc KA 40 blocks,sa,112,112,14,1
sk_05,B98430,65,1,MASc KA 40 blocks,sa,112,112,14,1
sk_06,B86857,65,1,MASc KA 40 blocks,sa,112,112,14,1
sk_06,B86909,65,1,MASc KA 40 blocks,sa,112,112,14,1
sk_06,B92731,65,1,MASc KA 40 blocks,sa,112,112,14,1
fb_01,B82792,66,1,MASc KA 40 blocks,sa,112,112,14,1
fb_01,B95834,66,1,MASc KA 40 blocks,sa,112,112,14,1
fb_01,B95834,66,1,MASc KA 40 blocks,sa,112,112,14,1
fb_02,B86857,66,1,MASc KA 40 blocks,sa,112,112,14,1
fb_02,B86857,66,1,MASc KA 40 blocks,sa,112,112,14,1
fb_02,B86857,66,1,MASc KA 40 blocks,sa,112,112,14,1
fb_03,B86857,66,1,MASc KA 40 blocks,sa,112,112,14,1
fb_03,B86857,66,1,MASc KA 40 blocks,sa,112,112,14,1
fb_03,B86857,66,1,MASc KA 40 blocks,sa,112,112,14,1
fb_04,B82792,66,1,MASc KA 40 blocks,sa,112,112,14,1
fb_04,B91247,66,1,MASc KA 40 blocks,sa,112,112,14,1
fb_04,B95834,66,1,MASc KA 40 blocks,sa,112,112,14,1
fb_05,B82792,66,1,MASc KA 40 blocks,sa,112,112,14,1
fb_05,B91247,66,1,MASc KA 40 blocks,sa,112,112,14,1
fb_05,B95247,66,1,MASc KA 40 blocks,sa,112,112,14,1
fb_06,B82792,66,1,MASc KA 40 blocks,sa,112,112,14,1
fb_06,B95247,66,1,MASc KA 40 blocks,sa,112,112,14,1
fb_06,B95834,66,1,MASc KA 40 blocks,sa,112,112,14,1
ld_01,B86857,66,1,MASc KA 40 blocks,sa,112,112,14,1
ld_01,B86857,66,1,MASc KA 40 blocks,sa,112,112,14,1
ld_02,B86857,66,1,MASc KA 40 blocks,sa,112,112,14,1
ld_02,B86857,66,1,MASc KA 40 blocks,sa,112,112,14,1
ld_03,B86857,66,1,MASc KA 40 blocks,sa,112,112,14,1
ld_03,B86857,66,1,MASc KA 40 blocks,sa,112,112,14,1
ld_04,B86857,66,1,MASc KA 40 blocks,sa,112,112,14,1
ld_04,B86857,66,1,MASc KA 40 blocks,sa,112,112,14,1
ld_05,B86857,66,1,MASc KA 40 blocks,sa,112,112,14,1
ld_05,B86857,66,1,MASc KA 40 blocks,sa,112,112,14,1
ld_06,B82792,66,1,MASc KA 40 blocks,sa,112,112,14,1
ld_06,B86857,66,1,MASc KA 40 blocks,sa,112,112,14,1
pr_01,B78910,66,1,MASc KA 40 blocks,sa,112,112,14,1
pr_01,B86857,66,1,MASc KA 40 blocks,sa,112,112,14,1
pr_01,B98643,66,1,MASc KA 40 blocks,sa,112,112,14,1
pr_02,B77363,66,1,MASc KA 40 blocks,sa,112,112,14,1
pr_02,B78910,66,1,MASc KA 40 blocks,sa,112,112,14,1
pr_02,B86857,66,1,MASc KA 40 blocks,sa,112,112,14,1
pr_03,B78910,66,1,MASc KA 40 blocks,sa,112,112,14,1
pr_03,B86857,66,1,MASc KA 40 blocks,sa,112,112,14,1
pr_03,B86857,66,1,MASc KA 40 blocks,sa,112,112,14,1
pr_04,B77363,66,1,MASc KA 40 blocks,sa,112,112,14,1
pr_04,B86857,66,1,MASc KA 40 blocks,sa,112,112,14,1
pr_04,B86909,66,1,MASc KA 40 blocks,sa,112,112,14,1
pr_05,B77363,66,1,MASc KA 40 blocks,sa,112,112,14,1
pr_05,B86857,66,1,MASc KA 40 blocks,sa,112,112,14,1
pr_05,B86857,66,1,MASc KA 40 blocks,sa,112,112,14,1
pr_06,B86857,66,1,MASc KA 40 blocks,sa,112,112,14,1
pr_06,B92731,66,1,MASc KA 40 blocks,sa,112,112,14,1
sk_01,B86857,66,1,MASc KA 40 blocks,sa,112,112,14,1
sk_01,B91247,66,1,MASc KA 40 blocks,sa,112,112,14,1
sk_01,B95247,66,1,MASc KA 40 blocks,sa,112,112,14,1
sk_02,B86857,66,1,MASc KA 40 blocks,sa,112,112,14,1
sk_02,B95247,66,1,MASc KA 40 blocks,sa,112,112,14,1
sk_02,B95247,66,1,MASc KA 40 blocks,sa,112,112,14,1
sk_03,B86857,66,1,MASc KA 40 blocks,sa,112,112,14,1
sk_03,B95247,66,1,MASc KA 40 blocks,sa,112,112,14,1
sk_03,B95247,66,1,MASc KA 40 blocks,sa,112,112,14,1
sk_04,B86857,66,1,MASc KA 40 blocks,sa,112,112,14,1
sk_04,B95247,66,1,MASc KA 40 blocks,sa,112,112,14,1
sk_04,B96294,66,1,MASc KA 40 blocks,sa,112,112,14,1
sk_05,B86857,66,1,MASc KA 40 blocks,sa,112,112,14,1
sk_05,B95247,66,1,MASc KA 40 blocks,sa,112,112,14,1
sk_05,B96294,66,1,MASc KA 40 blocks,sa,112,112,14,1
sk_06,B86857,66,1,MASc KA 40 blocks,sa,112,112,14,1
sk_06,B95247,66,1,MASc KA 40 blocks,sa,112,112,14,1
sk_06,B95247,66,1,MASc KA 40 blocks,sa,112,112,14,1
fb_01,B91247,67,1,MASc KA 40 blocks,sa,112,112,14,1
fb_01,B91247,67,1,MASc KA 40 blocks,sa,112,112,14,1
fb_01,B91247,67,1,MASc KA 40 blocks,sa,112,112,14,1
fb_02,B86857,67,1,MASc KA 40 blocks,sa,112,112,14,1
fb_02,B86857,67,1,MASc KA 40 blocks,sa,112,112,14,1
fb_02,B86857,67,1,MASc KA 40 blocks,sa,112,112,14,1
fb_03,B86857,67,1,MASc KA 40 blocks,sa,112,112,14,1
fb_03,B86857,67,1,MASc KA 40 blocks,sa,112,112,14,1
fb_03,B86857,67,1,MASc KA 40 blocks,sa,112,112,14,1
fb_04,B91247,67,1,MASc KA 40 blocks,sa,112,112,14,1
fb_04,B91247,67,1,MASc KA 40 blocks,sa,112,112,14,1
fb_04,B91247,67,1,MASc KA 40 blocks,sa,112,112,14,1
fb_05,B95247,67,1,MASc KA 40 blocks,sa,112,112,14,1
fb_05,B95247,67,1,MASc KA 40 blocks,sa,112,112,14,1
fb_05,B95834,67,1,MASc KA 40 blocks,sa,112,112,14,1
fb_06,B91247,67,1,MASc KA 40 blocks,sa,112,112,14,1
fb_06,B95247,67,1,MASc KA 40 blocks,sa,112,112,14,1
fb_06,B95247,67,1,MASc KA 40 blocks,sa,112,112,14,1
ld_01,B77363,67,1,MASc KA 40 blocks,sa,112,112,14,1
ld_01,B77363,67,1,MASc KA 40 blocks,sa,112,112,14,1
ld_01,B86857,67,1,MASc KA 40 blocks,sa,112,112,14,1
ld_02,B86857,67,1,MASc KA 40 blocks,sa,112,112,14,1
ld_02,B98643,67,1,MASc KA 40 blocks,sa,112,112,14,1
ld_03,B78910,67,1,MASc KA 40 blocks,sa,112,112,14,1
ld_03,B86857,67,1,MASc KA 40 blocks,sa,112,112,14,1
ld_04,B77363,67,1,MASc KA 40 blocks,sa,112,112,14,1
ld_04,B86857,67,1,MASc KA 40 blocks,sa,112,112,14,1
ld_05,B86857,67,1,MASc KA 40 blocks,sa,112,112,14,1
ld_05,B92731,67,1,MASc KA 40 blocks,sa,112,112,14,1
ld_06,B78910,67,1,MASc KA 40 blocks,sa,112,112,14,1
ld_06,B78910,67,1,MASc KA 40 blocks,sa,112,112,14,1
pr_01,B86857,67,1,MASc KA 40 blocks,sa,112,112,14,1
pr_01,B95247,67,1,MASc KA 40 blocks,sa,112,112,14,1
pr_01,B96294,67,1,MASc KA 40 blocks,sa,112,112,14,1
pr_02,B86857,67,1,MASc KA 40 blocks,sa,112,112,14,1
pr_02,B95247,67,1,MASc KA 40 blocks,sa,112,112,14,1
pr_02,B95247,67,1,MASc KA 40 blocks,sa,112,112,14,1
pr_03,B91247,67,1,MASc KA 40 blocks,sa,112,112,14,1
pr_03,B95247,67,1,MASc KA 40 blocks,sa,112,112,14,1
pr_03,B95247,67,1,MASc KA 40 blocks,sa,112,112,14,1
pr_04,B86857,67,1,MASc KA 40 blocks,sa,112,112,14,1
pr_04,B95247,67,1,MASc KA 40 blocks,sa,112,112,14,1
pr_05,B86857,67,1,MASc KA 40 blocks,sa,112,112,14,1
pr_05,B95247,67,1,MASc KA 40 blocks,sa,112,112,14,1
pr_06,B86857,67,1,MASc KA 40 blocks,sa,112,112,14,1
pr_06,B95247,67,1,MASc KA 40 blocks,sa,112,112,14,1
sk_01,B82792,67,1,MASc KA 40 blocks,sa,112,112,14,1
sk_01,B86857,67,1,MASc KA 40 blocks,sa,112,112,14,1
sk_01,B96294,67,1,MASc KA 40 blocks,sa,112,112,14,1
sk_02,B82792,67,1,MASc KA 40 blocks,sa,112,112,14,1
sk_02,B95247,67,1,MASc KA 40 blocks,sa,112,112,14,1
sk_02,B96294,67,1,MASc KA 40 blocks,sa,112,112,14,1
sk_03,B82792,67,1,MASc KA 40 blocks,sa,112,112,14,1
sk_03,B86857,67,1,MASc KA 40 blocks,sa,112,112,14,1
sk_03,B86857,67,1,MASc KA 40 blocks,sa,112,112,14,1
sk_04,B86857,67,1,MASc KA 40 blocks,sa,112,112,14,1
sk_04,B86857,67,1,MASc KA 40 blocks,sa,112,112,14,1
sk_04,B95834,67,1,MASc KA 40 blocks,sa,112,112,14,1
sk_05,B82792,67,1,MASc KA 40 blocks,sa,112,112,14,1
sk_05,B86857,67,1,MASc KA 40 blocks,sa,112,112,14,1
sk_05,B86857,67,1,MASc KA 40 blocks,sa,112,112,14,1
sk_06,B82792,67,1,MASc KA 40 blocks,sa,112,112,14,1
sk_06,B86857,67,1,MASc KA 40 blocks,sa,112,112,14,1
sk_06,B86857,67,1,MASc KA 40 blocks,sa,112,112,14,1
fb_01,B86909,68,1,MASc KA 40 blocks,sa,112,112,14,1
fb_01,B91247,68,1,MASc KA 40 blocks,sa,112,112,14,1
fb_01,B91247,68,1,MASc KA 40 blocks,sa,112,112,14,1
fb_02,B86857,68,1,MASc KA 40 blocks,sa,112,112,14,1
fb_02,B86857,68,1,MASc KA 40 blocks,sa,112,112,14,1
fb_02,B86857,68,1,MASc KA 40 blocks,sa,112,112,14,1
fb_03,B86857,68,1,MASc KA 40 blocks,sa,112,112,14,1
fb_03,B86857,68,1,MASc KA 40 blocks,sa,112,112,14,1
fb_03,B91247,68,1,MASc KA 40 blocks,sa,112,112,14,1
fb_04,B91247,68,1,MASc KA 40 blocks,sa,112,112,14,1
fb_04,B91247,68,1,MASc KA 40 blocks,sa,112,112,14,1
fb_04,B91247,68,1,MASc KA 40 blocks,sa,112,112,14,1
fb_05,B86909,68,1,MASc KA 40 blocks,sa,112,112,14,1
fb_05,B91247,68,1,MASc KA 40 blocks,sa,112,112,14,1
fb_05,B91247,68,1,MASc KA 40 blocks,sa,112,112,14,1
fb_06,B91247,68,1,MASc KA 40 blocks,sa,112,112,14,1
fb_06,B91247,68,1,MASc KA 40 blocks,sa,112,112,14,1
fb_06,B91247,68,1,MASc KA 40 blocks,sa,112,112,14,1
ld_01,B86857,68,1,MASc KA 40 blocks,sa,112,112,14,1
ld_01,B95247,68,1,MASc KA 40 blocks,sa,112,112,14,1
ld_02,B86857,68,1,MASc KA 40 blocks,sa,112,112,14,1
ld_02,B95247,68,1,MASc KA 40 blocks,sa,112,112,14,1
ld_03,B86857,68,1,MASc KA 40 blocks,sa,112,112,14,1
ld_03,B95247,68,1,MASc KA 40 blocks,sa,112,112,14,1
ld_04,B91247,68,1,MASc KA 40 blocks,sa,112,112,14,1
ld_04,B96294,68,1,MASc KA 40 blocks,sa,112,112,14,1
ld_05,B95247,68,1,MASc KA 40 blocks,sa,112,112,14,1
ld_06,B95247,68,1,MASc KA 40 blocks,sa,112,112,14,1
pr_01,B82792,68,1,MASc KA 40 blocks,sa,112,112,14,1
pr_01,B86857,68,1,MASc KA 40 blocks,sa,112,112,14,1
pr_01,B96294,68,1,MASc KA 40 blocks,sa,112,112,14,1
pr_02,B82792,68,1,MASc KA 40 blocks,sa,112,112,14,1
pr_02,B86857,68,1,MASc KA 40 blocks,sa,112,112,14,1
pr_02,B95247,68,1,MASc KA 40 blocks,sa,112,112,14,1
pr_03,B86857,68,1,MASc KA 40 blocks,sa,112,112,14,1
pr_03,B86857,68,1,MASc KA 40 blocks,sa,112,112,14,1
pr_03,B86857,68,1,MASc KA 40 blocks,sa,112,112,14,1
pr_04,B82792,68,1,MASc KA 40 blocks,sa,112,112,14,1
pr_04,B86857,68,1,MASc KA 40 blocks,sa,112,112,14,1
pr_04,B86857,68,1,MASc KA 40 blocks,sa,112,112,14,1
pr_05,B82792,68,1,MASc KA 40 blocks,sa,112,112,14,1
pr_05,B82792,68,1,MASc KA 40 blocks,sa,112,112,14,1
pr_05,B86857,68,1,MASc KA 40 blocks,sa,112,112,14,1
pr_06,B82792,68,1,MASc KA 40 blocks,sa,112,112,14,1
pr_06,B82792,68,1,MASc KA 40 blocks,sa,112,112,14,1
pr_06,B86857,68,1,MASc KA 40 blocks,sa,112,112,14,1
sk_01,B86857,68,1,MASc KA 40 blocks,sa,112,112,14,1
sk_01,B86857,68,1,MASc KA 40 blocks,sa,112,112,14,1
sk_01,B91247,68,1,MASc KA 40 blocks,sa,112,112,14,1
sk_02,B86857,68,1,MASc KA 40 blocks,sa,112,112,14,1
sk_02,B86857,68,1,MASc KA 40 blocks,sa,112,112,14,1
sk_02,B91247,68,1,MASc KA 40 blocks,sa,112,112,14,1
sk_03,B86857,68,1,MASc KA 40 blocks,sa,112,112,14,1
sk_03,B91247,68,1,MASc KA 40 blocks,sa,112,112,14,1
sk_03,B91247,68,1,MASc KA 40 blocks,sa,112,112,14,1
sk_04,B86857,68,1,MASc KA 40 blocks,sa,112,112,14,1
sk_04,B91247,68,1,MASc KA 40 blocks,sa,112,112,14,1
sk_04,B91247,68,1,MASc KA 40 blocks,sa,112,112,14,1
sk_05,B86857,68,1,MASc KA 40 blocks,sa,112,112,14,1
sk_05,B91247,68,1,MASc KA 40 blocks,sa,112,112,14,1
sk_05,B91247,68,1,MASc KA 40 blocks,sa,112,112,14,1
sk_06,B86857,68,1,MASc KA 40 blocks,sa,112,112,14,1
sk_06,B91247,68,1,MASc KA 40 blocks,sa,112,112,14,1
sk_06,B91247,68,1,MASc KA 40 blocks,sa,112,112,14,1
fb_01,B91247,69,1,MASc KA 40 blocks,sa,112,112,14,1
fb_01,B91247,69,1,MASc KA 40 blocks,sa,112,112,14,1
fb_01,B94657,69,1,MASc KA 40 blocks,sa,112,112,14,1
fb_02,B86857,69,1,MASc KA 40 blocks,sa,112,112,14,1
fb_02,B86857,69,1,MASc KA 40 blocks,sa,112,112,14,1
fb_02,B86857,69,1,MASc KA 40 blocks,sa,112,112,14,1
fb_03,B86857,69,1,MASc KA 40 blocks,sa,112,112,14,1
fb_03,B86857,69,1,MASc KA 40 blocks,sa,112,112,14,1
fb_03,B86857,69,1,MASc KA 40 blocks,sa,112,112,14,1
fb_04,B88901,69,1,MASc KA 40 blocks,sa,112,112,14,1
fb_04,B91247,69,1,MASc KA 40 blocks,sa,112,112,14,1
fb_04,B91247,69,1,MASc KA 40 blocks,sa,112,112,14,1
fb_05,B88901,69,1,MASc KA 40 blocks,sa,112,112,14,1
fb_05,B91247,69,1,MASc KA 40 blocks,sa,112,112,14,1
fb_05,B91247,69,1,MASc KA 40 blocks,sa,112,112,14,1
fb_06,B91247,69,1,MASc KA 40 blocks,sa,112,112,14,1
fb_06,B91247,69,1,MASc KA 40 blocks,sa,112,112,14,1
fb_06,B91247,69,1,MASc KA 40 blocks,sa,112,112,14,1
ld_01,B82792,69,1,MASc KA 40 blocks,sa,112,112,14,1
ld_01,B82792,69,1,MASc KA 40 blocks,sa,112,112,14,1
ld_01,B86857,69,1,MASc KA 40 blocks,sa,112,112,14,1
ld_02,B86857,69,1,MASc KA 40 blocks,sa,112,112,14,1
ld_02,B95247,69,1,MASc KA 40 blocks,sa,112,112,14,1
ld_03,B82792,69,1,MASc KA 40 blocks,sa,112,112,14,1
ld_03,B86857,69,1,MASc KA 40 blocks,sa,112,112,14,1
ld_04,B86857,69,1,MASc KA 40 blocks,sa,112,112,14,1
ld_04,B96294,69,1,MASc KA 40 blocks,sa,112,112,14,1
ld_05,B86857,69,1,MASc KA 40 blocks,sa,112,112,14,1
ld_05,B86857,69,1,MASc KA 40 blocks,sa,112,112,14,1
ld_06,B82792,69,1,MASc KA 40 blocks,sa,112,112,14,1
ld_06,B86857,69,1,MASc KA 40 blocks,sa,112,112,14,1
pr_01,B86857,69,1,MASc KA 40 blocks,sa,112,112,14,1
pr_01,B86857,69,1,MASc KA 40 blocks,sa,112,112,14,1
pr_01,B91247,69,1,MASc KA 40 blocks,sa,112,112,14,1
pr_02,B86857,69,1,MASc KA 40 blocks,sa,112,112,14,1
pr_02,B91247,69,1,MASc KA 40 blocks,sa,112,112,14,1
pr_02,B91247,69,1,MASc KA 40 blocks,sa,112,112,14,1
pr_03,B86857,69,1,MASc KA 40 blocks,sa,112,112,14,1
pr_03,B91247,69,1,MASc KA 40 blocks,sa,112,112,14,1
pr_03,B91247,69,1,MASc KA 40 blocks,sa,112,112,14,1
pr_04,B86857,69,1,MASc KA 40 blocks,sa,112,112,14,1
pr_04,B91247,69,1,MASc KA 40 blocks,sa,112,112,14,1
pr_04,B91247,69,1,MASc KA 40 blocks,sa,112,112,14,1
pr_05,B86857,69,1,MASc KA 40 blocks,sa,112,112,14,1
pr_05,B91247,69,1,MASc KA 40 blocks,sa,112,112,14,1
pr_05,B91247,69,1,MASc KA 40 blocks,sa,112,112,14,1
pr_06,B82792,69,1,MASc KA 40 blocks,sa,112,112,14,1
pr_06,B86857,69,1,MASc KA 40 blocks,sa,112,112,14,1
pr_06,B91247,69,1,MASc KA 40 blocks,sa,112,112,14,1
sk_01,B86857,69,1,MASc KA 40 blocks,sa,112,112,14,1
sk_01,B86909,69,1,MASc KA 40 blocks,sa,112,112,14,1
sk_01,B91247,69,1,MASc KA 40 blocks,sa,112,112,14,1
sk_02,B86857,69,1,MASc KA 40 blocks,sa,112,112,14,1
sk_02,B86909,69,1,MASc KA 40 blocks,sa,112,112,14,1
sk_02,B95247,69,1,MASc KA 40 blocks,sa,112,112,14,1
sk_03,B86857,69,1,MASc KA 40 blocks,sa,112,112,14,1
sk_03,B86857,69,1,MASc KA 40 blocks,sa,112,112,14,1
sk_03,B95247,69,1,MASc KA 40 blocks,sa,112,112,14,1
sk_04,B86857,69,1,MASc KA 40 blocks,sa,112,112,14,1
sk_04,B91247,69,1,MASc KA 40 blocks,sa,112,112,14,1
sk_04,B91247,69,1,MASc KA 40 blocks,sa,112,112,14,1
sk_05,B86857,69,1,MASc KA 40 blocks,sa,112,112,14,1
sk_05,B91247,69,1,MASc KA 40 blocks,sa,112,112,14,1
sk_05,B91247,69,1,MASc KA 40 blocks,sa,112,112,14,1
sk_06,B86857,69,1,MASc KA 40 blocks,sa,112,112,14,1
sk_06,B91247,69,1,MASc KA 40 blocks,sa,112,112,14,1
sk_06,B95247,69,1,MASc KA 40 blocks,sa,112,112,14,1
fb_01,B86553,70,1,MASc KA 40 blocks,sa,112,112,14,1
fb_01,B86553,70,1,MASc KA 40 blocks,sa,112,112,14,1
fb_01,B86553,70,1,MASc KA 40 blocks,sa,112,112,14,1
fb_02,B86857,70,1,MASc KA 40 blocks,sa,112,112,14,1
fb_02,B86857,70,1,MASc KA 40 blocks,sa,112,112,14,1
fb_02,B86857,70,1,MASc KA 40 blocks,sa,112,112,14,1
fb_03,B86857,70,1,MASc KA 40 blocks,sa,112,112,14,1
fb_03,B86857,70,1,MASc KA 40 blocks,sa,112,112,14,1
fb_03,B86857,70,1,MASc KA 40 blocks,sa,112,112,14,1
fb_04,B78567,70,1,MASc KA 40 blocks,sa,112,112,14,1
fb_04,B86553,70,1,MASc KA 40 blocks,sa,112,112,14,1
fb_04,B91247,70,1,MASc KA 40 blocks,sa,112,112,14,1
fb_05,B78567,70,1,MASc KA 40 blocks,sa,112,112,14,1
fb_05,B88901,70,1,MASc KA 40 blocks,sa,112,112,14,1
fb_05,B91247,70,1,MASc KA 40 blocks,sa,112,112,14,1
fb_06,B86553,70,1,MASc KA 40 blocks,sa,112,112,14,1
fb_06,B91247,70,1,MASc KA 40 blocks,sa,112,112,14,1
fb_06,B91247,70,1,MASc KA 40 blocks,sa,112,112,14,1
ld_01,B86857,70,1,MASc KA 40 blocks,sa,112,112,14,1
ld_01,B91247,70,1,MASc KA 40 blocks,sa,112,112,14,1
ld_02,B86857,70,1,MASc KA 40 blocks,sa,112,112,14,1
ld_02,B91247,70,1,MASc KA 40 blocks,sa,112,112,14,1
ld_03,B86857,70,1,MASc KA 40 blocks,sa,112,112,14,1
ld_03,B91247,70,1,MASc KA 40 blocks,sa,112,112,14,1
ld_04,B86857,70,1,MASc KA 40 blocks,sa,112,112,14,1
ld_04,B91247,70,1,MASc KA 40 blocks,sa,112,112,14,1
ld_05,B82792,70,1,MASc KA 40 blocks,sa,112,112,14,1
ld_05,B91247,70,1,MASc KA 40 blocks,sa,112,112,14,1
ld_06,B91247,70,1,MASc KA 40 blocks,sa,112,112,14,1
pr_01,B86857,70,1,MASc KA 40 blocks,sa,112,112,14,1
pr_01,B91247,70,1,MASc KA 40 blocks,sa,112,112,14,1
pr_01,B95247,70,1,MASc KA 40 blocks,sa,112,112,14,1
pr_02,B86857,70,1,MASc KA 40 blocks,sa,112,112,14,1
pr_02,B91247,70,1,MASc KA 40 blocks,sa,112,112,14,1
pr_02,B95247,70,1,MASc KA 40 blocks,sa,112,112,14,1
pr_03,B86857,70,1,MASc KA 40 blocks,sa,112,112,14,1
pr_03,B86909,70,1,MASc KA 40 blocks,sa,112,112,14,1
pr_03,B91247,70,1,MASc KA 40 blocks,sa,112,112,14,1
pr_04,B86857,70,1,MASc KA 40 blocks,sa,112,112,14,1
pr_04,B86909,70,1,MASc KA 40 blocks,sa,112,112,14,1
pr_04,B91247,70,1,MASc KA 40 blocks,sa,112,112,14,1
pr_05,B86857,70,1,MASc KA 40 blocks,sa,112,112,14,1
pr_05,B91247,70,1,MASc KA 40 blocks,sa,112,112,14,1
pr_06,B86857,70,1,MASc KA 40 blocks,sa,112,112,14,1
pr_06,B91247,70,1,MASc KA 40 blocks,sa,112,112,14,1
sk_01,B86857,70,1,MASc KA 40 blocks,sa,112,112,14,1
sk_01,B86857,70,1,MASc KA 40 blocks,sa,112,112,14,1
sk_01,B91247,70,1,MASc KA 40 blocks,sa,112,112,14,1
sk_02,B86857,70,1,MASc KA 40 blocks,sa,112,112,14,1
sk_02,B86857,70,1,MASc KA 40 blocks,sa,112,112,14,1
sk_02,B91247,70,1,MASc KA 40 blocks,sa,112,112,14,1
sk_03,B86857,70,1,MASc KA 40 blocks,sa,112,112,14,1
sk_03,B95247,70,1,MASc KA 40 blocks,sa,112,112,14,1
sk_03,B95247,70,1,MASc KA 40 blocks,sa,112,112,14,1
sk_04,B86857,70,1,MASc KA 40 blocks,sa,112,112,14,1
sk_04,B95247,70,1,MASc KA 40 blocks,sa,112,112,14,1
sk_04,B95247,70,1,MASc KA 40 blocks,sa,112,112,14,1
sk_05,B86857,70,1,MASc KA 40 blocks,sa,112,112,14,1
sk_05,B91247,70,1,MASc KA 40 blocks,sa,112,112,14,1
sk_05,B91247,70,1,MASc KA 40 blocks,sa,112,112,14,1
sk_06,B86857,70,1,MASc KA 40 blocks,sa,112,112,14,1
sk_06,B91247,70,1,MASc KA 40 blocks,sa,112,112,14,1
sk_06,B95247,70,1,MASc KA 40 blocks,sa,112,112,14,1
fb_01,B76319,71,1,MASc KA 40 blocks,sa,112,112,14,1
fb_01,B77363,71,1,MASc KA 40 blocks,sa,112,112,14,1
fb_01,B78910,71,1,MASc KA 40 blocks,sa,112,112,14,1
fb_02,B86909,71,1,MASc KA 40 blocks,sa,112,112,14,1
fb_02,B86909,71,1,MASc KA 40 blocks,sa,112,112,14,1
fb_02,B91247,71,1,MASc KA 40 blocks,sa,112,112,14,1
fb_03,B86553,71,1,MASc KA 40 blocks,sa,112,112,14,1
fb_03,B86553,71,1,MASc KA 40 blocks,sa,112,112,14,1
fb_03,B86857,71,1,MASc KA 40 blocks,sa,112,112,14,1
fb_04,B86857,71,1,MASc KA 40 blocks,sa,112,112,14,1
fb_04,B86909,71,1,MASc KA 40 blocks,sa,112,112,14,1
fb_04,B86909,71,1,MASc KA 40 blocks,sa,112,112,14,1
fb_05,B88642,71,1,MASc KA 40 blocks,sa,112,112,14,1
fb_05,B92731,71,1,MASc KA 40 blocks,sa,112,112,14,1
fb_05,B92731,71,1,MASc KA 40 blocks,sa,112,112,14,1
fb_06,B86909,71,1,MASc KA 40 blocks,sa,112,112,14,1
fb_06,B88642,71,1,MASc KA 40 blocks,sa,112,112,14,1
fb_06,B92731,71,1,MASc KA 40 blocks,sa,112,112,14,1
fb_01,B84093,72,1,MASc KA 40 blocks,sa,112,112,14,1
fb_01,B86575,72,1,MASc KA 40 blocks,sa,112,112,14,1
fb_01,B86909,72,1,MASc KA 40 blocks,sa,112,112,14,1
fb_02,B86857,72,1,MASc KA 40 blocks,sa,112,112,14,1
fb_02,B91247,72,1,MASc KA 40 blocks,sa,112,112,14,1
fb_02,B95247,72,1,MASc KA 40 blocks,sa,112,112,14,1
fb_03,B81877,72,1,MASc KA 40 blocks,sa,112,112,14,1
fb_03,B86553,72,1,MASc KA 40 blocks,sa,112,112,14,1
fb_03,B86553,72,1,MASc KA 40 blocks,sa,112,112,14,1
fb_04,B78567,72,1,MASc KA 40 blocks,sa,112,112,14,1
fb_04,B79027,72,1,MASc KA 40 blocks,sa,112,112,14,1
fb_04,B86553,72,1,MASc KA 40 blocks,sa,112,112,14,1
fb_05,B78567,72,1,MASc KA 40 blocks,sa,112,112,14,1
fb_05,B79027,72,1,MASc KA 40 blocks,sa,112,112,14,1
fb_05,B92731,72,1,MASc KA 40 blocks,sa,112,112,14,1
fb_06,B81877,72,1,MASc KA 40 blocks,sa,112,112,14,1
fb_06,B86909,72,1,MASc KA 40 blocks,sa,112,112,14,1
fb_06,B86909,72,1,MASc KA 40 blocks,sa,112,112,14,1
sk_01,B77363,72,1,MASc KA 40 blocks,sa,112,112,14,1
sk_01,B86553,72,1,MASc KA 40 blocks,sa,112,112,14,1
sk_01,B88642,72,1,MASc KA 40 blocks,sa,112,112,14,1
sk_02,B78910,72,1,MASc KA 40 blocks,sa,112,112,14,1
sk_02,B86553,72,1,MASc KA 40 blocks,sa,112,112,14,1
sk_02,B88642,72,1,MASc KA 40 blocks,sa,112,112,14,1
sk_03,B86857,72,1,MASc KA 40 blocks,sa,112,112,14,1
sk_03,B88642,72,1,MASc KA 40 blocks,sa,112,112,14,1
sk_03,B88642,72,1,MASc KA 40 blocks,sa,112,112,14,1
sk_04,B86909,72,1,MASc KA 40 blocks,sa,112,112,14,1
sk_04,B88642,72,1,MASc KA 40 blocks,sa,112,112,14,1
sk_04,B91247,72,1,MASc KA 40 blocks,sa,112,112,14,1
sk_05,B86909,72,1,MASc KA 40 blocks,sa,112,112,14,1
sk_05,B88642,72,1,MASc KA 40 blocks,sa,112,112,14,1
sk_05,B88642,72,1,MASc KA 40 blocks,sa,112,112,14,1
sk_06,B86857,72,1,MASc KA 40 blocks,sa,112,112,14,1
sk_06,B86909,72,1,MASc KA 40 blocks,sa,112,112,14,1
sk_06,B88642,72,1,MASc KA 40 blocks,sa,112,112,14,1
fb_01,B86857,73,1,MASc KA 40 blocks,sa,112,112,14,1
fb_01,B91173,73,1,MASc KA 40 blocks,sa,112,112,14,1
fb_01,B91247,73,1,MASc KA 40 blocks,sa,112,112,14,1
fb_02,B77363,73,1,MASc KA 40 blocks,sa,112,112,14,1
fb_02,B91247,73,1,MASc KA 40 blocks,sa,112,112,14,1
fb_02,B95247,73,1,MASc KA 40 blocks,sa,112,112,14,1
fb_03,B78567,73,1,MASc KA 40 blocks,sa,112,112,14,1
fb_03,B78567,73,1,MASc KA 40 blocks,sa,112,112,14,1
fb_03,B86857,73,1,MASc KA 40 blocks,sa,112,112,14,1
fb_04,B78567,73,1,MASc KA 40 blocks,sa,112,112,14,1
fb_04,B78567,73,1,MASc KA 40 blocks,sa,112,112,14,1
fb_04,B86857,73,1,MASc KA 40 blocks,sa,112,112,14,1
fb_05,B86857,73,1,MASc KA 40 blocks,sa,112,112,14,1
fb_05,B86909,73,1,MASc KA 40 blocks,sa,112,112,14,1
fb_05,B92962,73,1,MASc KA 40 blocks,sa,112,112,14,1
fb_06,B86857,73,1,MASc KA 40 blocks,sa,112,112,14,1
fb_06,B92962,73,1,MASc KA 40 blocks,sa,112,112,14,1
fb_06,B92962,73,1,MASc KA 40 blocks,sa,112,112,14,1
pr_01,B86909,73,1,MASc KA 40 blocks,sa,112,112,14,1
pr_01,B88642,73,1,MASc KA 40 blocks,sa,112,112,14,1
pr_02,B86909,73,1,MASc KA 40 blocks,sa,112,112,14,1
pr_02,B88642,73,1,MASc KA 40 blocks,sa,112,112,14,1
pr_03,B86909,73,1,MASc KA 40 blocks,sa,112,112,14,1
pr_03,B88642,73,1,MASc KA 40 blocks,sa,112,112,14,1
pr_04,B86553,73,1,MASc KA 40 blocks,sa,112,112,14,1
pr_05,B91247,73,1,MASc KA 40 blocks,sa,112,112,14,1
pr_06,B86857,73,1,MASc KA 40 blocks,sa,112,112,14,1
sk_01,B79027,73,1,MASc KA 40 blocks,sa,112,112,14,1
sk_01,B84093,73,1,MASc KA 40 blocks,sa,112,112,14,1
sk_01,B91247,73,1,MASc KA 40 blocks,sa,112,112,14,1
sk_02,B79027,73,1,MASc KA 40 blocks,sa,112,112,14,1
sk_02,B86575,73,1,MASc KA 40 blocks,sa,112,112,14,1
sk_02,B86909,73,1,MASc KA 40 blocks,sa,112,112,14,1
sk_03,B81877,73,1,MASc KA 40 blocks,sa,112,112,14,1
sk_03,B86575,73,1,MASc KA 40 blocks,sa,112,112,14,1
sk_03,B86857,73,1,MASc KA 40 blocks,sa,112,112,14,1
sk_04,B78567,73,1,MASc KA 40 blocks,sa,112,112,14,1
sk_04,B86909,73,1,MASc KA 40 blocks,sa,112,112,14,1
sk_04,B95247,73,1,MASc KA 40 blocks,sa,112,112,14,1
sk_05,B81877,73,1,MASc KA 40 blocks,sa,112,112,14,1
sk_05,B86857,73,1,MASc KA 40 blocks,sa,112,112,14,1
sk_05,B86909,73,1,MASc KA 40 blocks,sa,112,112,14,1
sk_06,B84093,73,1,MASc KA 40 blocks,sa,112,112,14,1
sk_06,B86553,73,1,MASc KA 40 blocks,sa,112,112,14,1
sk_06,B86909,73,1,MASc KA 40 blocks,sa,112,112,14,1
fb_01,B92962,74,1,MASc KA 40 blocks,sa,112,112,14,1
fb_01,B92962,74,1,MASc KA 40 blocks,sa,112,112,14,1
fb_01,B95247,74,1,MASc KA 40 blocks,sa,112,112,14,1
fb_02,B91247,74,1,MASc KA 40 blocks,sa,112,112,14,1
fb_02,B91247,74,1,MASc KA 40 blocks,sa,112,112,14,1
fb_02,B95247,74,1,MASc KA 40 blocks,sa,112,112,14,1
fb_03,B86857,74,1,MASc KA 40 blocks,sa,112,112,14,1
fb_03,B86857,74,1,MASc KA 40 blocks,sa,112,112,14,1
fb_03,B86857,74,1,MASc KA 40 blocks,sa,112,112,14,1
fb_04,B86857,74,1,MASc KA 40 blocks,sa,112,112,14,1
fb_04,B86857,74,1,MASc KA 40 blocks,sa,112,112,14,1
fb_04,B86857,74,1,MASc KA 40 blocks,sa,112,112,14,1
fb_05,B77363,74,1,MASc KA 40 blocks,sa,112,112,14,1
fb_05,B92962,74,1,MASc KA 40 blocks,sa,112,112,14,1
fb_05,B92962,74,1,MASc KA 40 blocks,sa,112,112,14,1
fb_06,B86909,74,1,MASc KA 40 blocks,sa,112,112,14,1
fb_06,B86909,74,1,MASc KA 40 blocks,sa,112,112,14,1
fb_06,B92731,74,1,MASc KA 40 blocks,sa,112,112,14,1
ld_01,B86909,74,1,MASc KA 40 blocks,sa,112,112,14,1
ld_02,B88642,74,1,MASc KA 40 blocks,sa,112,112,14,1
ld_03,B88642,74,1,MASc KA 40 blocks,sa,112,112,14,1
ld_04,B88642,74,1,MASc KA 40 blocks,sa,112,112,14,1
ld_05,B88642,74,1,MASc KA 40 blocks,sa,112,112,14,1
ld_06,B88642,74,1,MASc KA 40 blocks,sa,112,112,14,1
pr_01,B81877,74,1,MASc KA 40 blocks,sa,112,112,14,1
pr_01,B84093,74,1,MASc KA 40 blocks,sa,112,112,14,1
pr_01,B86857,74,1,MASc KA 40 blocks,sa,112,112,14,1
pr_02,B81877,74,1,MASc KA 40 blocks,sa,112,112,14,1
pr_02,B86575,74,1,MASc KA 40 blocks,sa,112,112,14,1
pr_02,B91247,74,1,MASc KA 40 blocks,sa,112,112,14,1
pr_03,B79027,74,1,MASc KA 40 blocks,sa,112,112,14,1
pr_03,B86553,74,1,MASc KA 40 blocks,sa,112,112,14,1
pr_03,B86909,74,1,MASc KA 40 blocks,sa,112,112,14,1
pr_04,B79027,74,1,MASc KA 40 blocks,sa,112,112,14,1
pr_04,B86857,74,1,MASc KA 40 blocks,sa,112,112,14,1
pr_04,B86909,74,1,MASc KA 40 blocks,sa,112,112,14,1
pr_05,B78567,74,1,MASc KA 40 blocks,sa,112,112,14,1
pr_05,B86909,74,1,MASc KA 40 blocks,sa,112,112,14,1
pr_06,B81877,74,1,MASc KA 40 blocks,sa,112,112,14,1
pr_06,B86909,74,1,MASc KA 40 blocks,sa,112,112,14,1
sk_01,B78567,74,1,MASc KA 40 blocks,sa,112,112,14,1
sk_01,B86857,74,1,MASc KA 40 blocks,sa,112,112,14,1
sk_01,B86857,74,1,MASc KA 40 blocks,sa,112,112,14,1
sk_02,B78567,74,1,MASc KA 40 blocks,sa,112,112,14,1
sk_02,B86857,74,1,MASc KA 40 blocks,sa,112,112,14,1
sk_02,B86857,74,1,MASc KA 40 blocks,sa,112,112,14,1
sk_03,B77363,74,1,MASc KA 40 blocks,sa,112,112,14,1
sk_03,B86857,74,1,MASc KA 40 blocks,sa,112,112,14,1
sk_03,B86909,74,1,MASc KA 40 blocks,sa,112,112,14,1
sk_04,B77363,74,1,MASc KA 40 blocks,sa,112,112,14,1
sk_04,B91247,74,1,MASc KA 40 blocks,sa,112,112,14,1
sk_04,B95247,74,1,MASc KA 40 blocks,sa,112,112,14,1
sk_05,B78567,74,1,MASc KA 40 blocks,sa,112,112,14,1
sk_05,B86909,74,1,MASc KA 40 blocks,sa,112,112,14,1
sk_05,B91247,74,1,MASc KA 40 blocks,sa,112,112,14,1
sk_06,B78567,74,1,MASc KA 40 blocks,sa,112,112,14,1
sk_06,B86857,74,1,MASc KA 40 blocks,sa,112,112,14,1
sk_06,B91247,74,1,MASc KA 40 blocks,sa,112,112,14,1
fb_01,B95834,75,1,MASc KA 40 blocks,sa,112,112,14,1
fb_01,B96294,75,1,MASc KA 40 blocks,sa,112,112,14,1
fb_01,B98430,75,1,MASc KA 40 blocks,sa,112,112,14,1
fb_02,B77363,75,1,MASc KA 40 blocks,sa,112,112,14,1
fb_02,B91247,75,1,MASc KA 40 blocks,sa,112,112,14,1
fb_02,B95247,75,1,MASc KA 40 blocks,sa,112,112,14,1
fb_03,B86857,75,1,MASc KA 40 blocks,sa,112,112,14,1
fb_03,B86857,75,1,MASc KA 40 blocks,sa,112,112,14,1
fb_03,B86857,75,1,MASc KA 40 blocks,sa,112,112,14,1
fb_04,B86857,75,1,MASc KA 40 blocks,sa,112,112,14,1
fb_04,B86857,75,1,MASc KA 40 blocks,sa,112,112,14,1
fb_04,B86857,75,1,MASc KA 40 blocks,sa,112,112,14,1
fb_05,B77363,75,1,MASc KA 40 blocks,sa,112,112,14,1
fb_05,B77363,75,1,MASc KA 40 blocks,sa,112,112,14,1
fb_05,B77363,75,1,MASc KA 40 blocks,sa,112,112,14,1
fb_06,B76319,75,1,MASc KA 40 blocks,sa,112,112,14,1
fb_06,B77363,75,1,MASc KA 40 blocks,sa,112,112,14,1
fb_06,B92962,75,1,MASc KA 40 blocks,sa,112,112,14,1
ld_01,B79027,75,1,MASc KA 40 blocks,sa,112,112,14,1
ld_01,B86909,75,1,MASc KA 40 blocks,sa,112,112,14,1
ld_02,B79027,75,1,MASc KA 40 blocks,sa,112,112,14,1
ld_02,B86857,75,1,MASc KA 40 blocks,sa,112,112,14,1
ld_03,B81877,75,1,MASc KA 40 blocks,sa,112,112,14,1
ld_03,B86857,75,1,MASc KA 40 blocks,sa,112,112,14,1
ld_04,B86553,75,1,MASc KA 40 blocks,sa,112,112,14,1
ld_04,B86909,75,1,MASc KA 40 blocks,sa,112,112,14,1
ld_05,B84093,75,1,MASc KA 40 blocks,sa,112,112,14,1
ld_05,B86909,75,1,MASc KA 40 blocks,sa,112,112,14,1
ld_06,B81877,75,1,MASc KA 40 blocks,sa,112,112,14,1
ld_06,B91247,75,1,MASc KA 40 blocks,sa,112,112,14,1
pr_01,B78567,75,1,MASc KA 40 blocks,sa,112,112,14,1
pr_01,B78567,75,1,MASc KA 40 blocks,sa,112,112,14,1
pr_01,B86857,75,1,MASc KA 40 blocks,sa,112,112,14,1
pr_02,B77363,75,1,MASc KA 40 blocks,sa,112,112,14,1
pr_02,B86857,75,1,MASc KA 40 blocks,sa,112,112,14,1
pr_02,B91247,75,1,MASc KA 40 blocks,sa,112,112,14,1
pr_03,B77363,75,1,MASc KA 40 blocks,sa,112,112,14,1
pr_03,B86857,75,1,MASc KA 40 blocks,sa,112,112,14,1
pr_03,B91247,75,1,MASc KA 40 blocks,sa,112,112,14,1
pr_04,B78567,75,1,MASc KA 40 blocks,sa,112,112,14,1
pr_04,B86857,75,1,MASc KA 40 blocks,sa,112,112,14,1
pr_04,B91247,75,1,MASc KA 40 blocks,sa,112,112,14,1
pr_05,B86857,75,1,MASc KA 40 blocks,sa,112,112,14,1
pr_05,B86909,75,1,MASc KA 40 blocks,sa,112,112,14,1
pr_05,B95247,75,1,MASc KA 40 blocks,sa,112,112,14,1
pr_06,B78567,75,1,MASc KA 40 blocks,sa,112,112,14,1
pr_06,B86857,75,1,MASc KA 40 blocks,sa,112,112,14,1
pr_06,B86909,75,1,MASc KA 40 blocks,sa,112,112,14,1
sk_01,B77363,75,1,MASc KA 40 blocks,sa,112,112,14,1
sk_01,B86857,75,1,MASc KA 40 blocks,sa,112,112,14,1
sk_01,B91247,75,1,MASc KA 40 blocks,sa,112,112,14,1
sk_02,B77363,75,1,MASc KA 40 blocks,sa,112,112,14,1
sk_02,B86857,75,1,MASc KA 40 blocks,sa,112,112,14,1
sk_02,B95247,75,1,MASc KA 40 blocks,sa,112,112,14,1
sk_03,B86857,75,1,MASc KA 40 blocks,sa,112,112,14,1
sk_03,B86857,75,1,MASc KA 40 blocks,sa,112,112,14,1
sk_03,B91247,75,1,MASc KA 40 blocks,sa,112,112,14,1
sk_04,B86857,75,1,MASc KA 40 blocks,sa,112,112,14,1
sk_04,B86857,75,1,MASc KA 40 blocks,sa,112,112,14,1
sk_04,B86909,75,1,MASc KA 40 blocks,sa,112,112,14,1
sk_05,B86857,75,1,MASc KA 40 blocks,sa,112,112,14,1
sk_05,B91247,75,1,MASc KA 40 blocks,sa,112,112,14,1
sk_05,B95247,75,1,MASc KA 40 blocks,sa,112,112,14,1
sk_06,B86857,75,1,MASc KA 40 blocks,sa,112,112,14,1
sk_06,B86909,75,1,MASc KA 40 blocks,sa,112,112,14,1
sk_06,B86909,75,1,MASc KA 40 blocks,sa,112,112,14,1
fb_01,B78910,76,1,MASc KA 40 blocks,sa,112,112,14,1
fb_01,B91173,76,1,MASc KA 40 blocks,sa,112,112,14,1
fb_01,B98643,76,1,MASc KA 40 blocks,sa,112,112,14,1
fb_02,B86909,76,1,MASc KA 40 blocks,sa,112,112,14,1
fb_02,B91247,76,1,MASc KA 40 blocks,sa,112,112,14,1
fb_02,B95247,76,1,MASc KA 40 blocks,sa,112,112,14,1
fb_03,B86857,76,1,MASc KA 40 blocks,sa,112,112,14,1
fb_03,B86857,76,1,MASc KA 40 blocks,sa,112,112,14,1
fb_03,B86857,76,1,MASc KA 40 blocks,sa,112,112,14,1
fb_04,B77718,76,1,MASc KA 40 blocks,sa,112,112,14,1
fb_04,B86857,76,1,MASc KA 40 blocks,sa,112,112,14,1
fb_04,B91173,76,1,MASc KA 40 blocks,sa,112,112,14,1
fb_05,B77363,76,1,MASc KA 40 blocks,sa,112,112,14,1
fb_05,B86857,76,1,MASc KA 40 blocks,sa,112,112,14,1
fb_05,B91173,76,1,MASc KA 40 blocks,sa,112,112,14,1
fb_06,B84093,76,1,MASc KA 40 blocks,sa,112,112,14,1
fb_06,B91173,76,1,MASc KA 40 blocks,sa,112,112,14,1
fb_06,B91247,76,1,MASc KA 40 blocks,sa,112,112,14,1
ld_01,B86857,76,1,MASc KA 40 blocks,sa,112,112,14,1
ld_01,B91247,76,1,MASc KA 40 blocks,sa,112,112,14,1
ld_02,B77363,76,1,MASc KA 40 blocks,sa,112,112,14,1
ld_02,B86857,76,1,MASc KA 40 blocks,sa,112,112,14,1
ld_03,B77363,76,1,MASc KA 40 blocks,sa,112,112,14,1
ld_03,B86857,76,1,MASc KA 40 blocks,sa,112,112,14,1
ld_04,B78567,76,1,MASc KA 40 blocks,sa,112,112,14,1
ld_04,B86857,76,1,MASc KA 40 blocks,sa,112,112,14,1
ld_05,B78567,76,1,MASc KA 40 blocks,sa,112,112,14,1
ld_05,B86909,76,1,MASc KA 40 blocks,sa,112,112,14,1
ld_06,B78567,76,1,MASc KA 40 blocks,sa,112,112,14,1
pr_01,B77363,76,1,MASc KA 40 blocks,sa,112,112,14,1
pr_01,B86857,76,1,MASc KA 40 blocks,sa,112,112,14,1
pr_01,B91247,76,1,MASc KA 40 blocks,sa,112,112,14,1
pr_02,B77363,76,1,MASc KA 40 blocks,sa,112,112,14,1
pr_02,B86857,76,1,MASc KA 40 blocks,sa,112,112,14,1
pr_02,B91247,76,1,MASc KA 40 blocks,sa,112,112,14,1
pr_03,B86857,76,1,MASc KA 40 blocks,sa,112,112,14,1
pr_03,B86909,76,1,MASc KA 40 blocks,sa,112,112,14,1
pr_03,B95247,76,1,MASc KA 40 blocks,sa,112,112,14,1
pr_04,B86909,76,1,MASc KA 40 blocks,sa,112,112,14,1
pr_04,B91247,76,1,MASc KA 40 blocks,sa,112,112,14,1
pr_04,B95247,76,1,MASc KA 40 blocks,sa,112,112,14,1
pr_05,B86857,76,1,MASc KA 40 blocks,sa,112,112,14,1
pr_05,B86857,76,1,MASc KA 40 blocks,sa,112,112,14,1
pr_05,B86909,76,1,MASc KA 40 blocks,sa,112,112,14,1
pr_06,B86857,76,1,MASc KA 40 blocks,sa,112,112,14,1
pr_06,B86857,76,1,MASc KA 40 blocks,sa,112,112,14,1
sk_01,B77363,76,1,MASc KA 40 blocks,sa,112,112,14,1
sk_01,B86857,76,1,MASc KA 40 blocks,sa,112,112,14,1
sk_01,B95247,76,1,MASc KA 40 blocks,sa,112,112,14,1
sk_02,B77363,76,1,MASc KA 40 blocks,sa,112,112,14,1
sk_02,B77363,76,1,MASc KA 40 blocks,sa,112,112,14,1
sk_02,B86857,76,1,MASc KA 40 blocks,sa,112,112,14,1
sk_03,B77363,76,1,MASc KA 40 blocks,sa,112,112,14,1
sk_03,B77363,76,1,MASc KA 40 blocks,sa,112,112,14,1
sk_03,B86857,76,1,MASc KA 40 blocks,sa,112,112,14,1
sk_04,B77363,76,1,MASc KA 40 blocks,sa,112,112,14,1
sk_04,B77363,76,1,MASc KA 40 blocks,sa,112,112,14,1
sk_04,B86857,76,1,MASc KA 40 blocks,sa,112,112,14,1
sk_05,B77363,76,1,MASc KA 40 blocks,sa,112,112,14,1
sk_05,B77363,76,1,MASc KA 40 blocks,sa,112,112,14,1
sk_05,B91247,76,1,MASc KA 40 blocks,sa,112,112,14,1
sk_06,B77363,76,1,MASc KA 40 blocks,sa,112,112,14,1
sk_06,B86857,76,1,MASc KA 40 blocks,sa,112,112,14,1
sk_06,B86857,76,1,MASc KA 40 blocks,sa,112,112,14,1
fb_01,B82792,77,1,MASc KA 40 blocks,sa,112,112,14,1
fb_01,B86575,77,1,MASc KA 40 blocks,sa,112,112,14,1
fb_01,B86857,77,1,MASc KA 40 blocks,sa,112,112,14,1
fb_02,B91247,77,1,MASc KA 40 blocks,sa,112,112,14,1
fb_02,B91247,77,1,MASc KA 40 blocks,sa,112,112,14,1
fb_02,B91247,77,1,MASc KA 40 blocks,sa,112,112,14,1
fb_03,B86857,77,1,MASc KA 40 blocks,sa,112,112,14,1
fb_03,B86857,77,1,MASc KA 40 blocks,sa,112,112,14,1
fb_03,B86857,77,1,MASc KA 40 blocks,sa,112,112,14,1
fb_04,B86857,77,1,MASc KA 40 blocks,sa,112,112,14,1
fb_04,B86857,77,1,MASc KA 40 blocks,sa,112,112,14,1
fb_04,B92731,77,1,MASc KA 40 blocks,sa,112,112,14,1
fb_05,B78910,77,1,MASc KA 40 blocks,sa,112,112,14,1
fb_05,B78910,77,1,MASc KA 40 blocks,sa,112,112,14,1
fb_05,B78910,77,1,MASc KA 40 blocks,sa,112,112,14,1
fb_06,B78910,77,1,MASc KA 40 blocks,sa,112,112,14,1
fb_06,B91173,77,1,MASc KA 40 blocks,sa,112,112,14,1
fb_06,B92962,77,1,MASc KA 40 blocks,sa,112,112,14,1
ld_01,B86857,77,1,MASc KA 40 blocks,sa,112,112,14,1
ld_01,B91247,77,1,MASc KA 40 blocks,sa,112,112,14,1
ld_02,B86857,77,1,MASc KA 40 blocks,sa,112,112,14,1
ld_02,B95247,77,1,MASc KA 40 blocks,sa,112,112,14,1
ld_03,B86857,77,1,MASc KA 40 blocks,sa,112,112,14,1
ld_03,B95247,77,1,MASc KA 40 blocks,sa,112,112,14,1
ld_04,B77363,77,1,MASc KA 40 blocks,sa,112,112,14,1
ld_04,B86857,77,1,MASc KA 40 blocks,sa,112,112,14,1
ld_05,B77363,77,1,MASc KA 40 blocks,sa,112,112,14,1
ld_05,B86909,77,1,MASc KA 40 blocks,sa,112,112,14,1
ld_06,B91247,77,1,MASc KA 40 blocks,sa,112,112,14,1
pr_01,B77363,77,1,MASc KA 40 blocks,sa,112,112,14,1
pr_01,B77363,77,1,MASc KA 40 blocks,sa,112,112,14,1
pr_01,B86857,77,1,MASc KA 40 blocks,sa,112,112,14,1
pr_02,B77363,77,1,MASc KA 40 blocks,sa,112,112,14,1
pr_02,B77363,77,1,MASc KA 40 blocks,sa,112,112,14,1
pr_02,B86857,77,1,MASc KA 40 blocks,sa,112,112,14,1
pr_03,B77363,77,1,MASc KA 40 blocks,sa,112,112,14,1
pr_03,B77363,77,1,MASc KA 40 blocks,sa,112,112,14,1
pr_03,B86857,77,1,MASc KA 40 blocks,sa,112,112,14,1
pr_04,B77363,77,1,MASc KA 40 blocks,sa,112,112,14,1
pr_04,B91247,77,1,MASc KA 40 blocks,sa,112,112,14,1
pr_04,B95247,77,1,MASc KA 40 blocks,sa,112,112,14,1
pr_05,B77363,77,1,MASc KA 40 blocks,sa,112,112,14,1
pr_05,B86857,77,1,MASc KA 40 blocks,sa,112,112,14,1
pr_06,B77363,77,1,MASc KA 40 blocks,sa,112,112,14,1
pr_06,B86857,77,1,MASc KA 40 blocks,sa,112,112,14,1
sk_01,B77363,77,1,MASc KA 40 blocks,sa,112,112,14,1
sk_01,B86857,77,1,MASc KA 40 blocks,sa,112,112,14,1
sk_01,B86857,77,1,MASc KA 40 blocks,sa,112,112,14,1
sk_02,B77363,77,1,MASc KA 40 blocks,sa,112,112,14,1
sk_02,B86857,77,1,MASc KA 40 blocks,sa,112,112,14,1
sk_02,B86857,77,1,MASc KA 40 blocks,sa,112,112,14,1
sk_03,B78910,77,1,MASc KA 40 blocks,sa,112,112,14,1
sk_03,B86857,77,1,MASc KA 40 blocks,sa,112,112,14,1
sk_03,B86857,77,1,MASc KA 40 blocks,sa,112,112,14,1
sk_04,B78910,77,1,MASc KA 40 blocks,sa,112,112,14,1
sk_04,B86857,77,1,MASc KA 40 blocks,sa,112,112,14,1
sk_04,B86857,77,1,MASc KA 40 blocks,sa,112,112,14,1
sk_05,B84093,77,1,MASc KA 40 blocks,sa,112,112,14,1
sk_05,B86857,77,1,MASc KA 40 blocks,sa,112,112,14,1
sk_05,B91247,77,1,MASc KA 40 blocks,sa,112,112,14,1
sk_06,B84093,77,1,MASc KA 40 blocks,sa,112,112,14,1
sk_06,B86909,77,1,MASc KA 40 blocks,sa,112,112,14,1
sk_06,B95247,77,1,MASc KA 40 blocks,sa,112,112,14,1
fb_01,B78910,78,1,MASc KA 40 blocks,sa,112,112,14,1
fb_01,B88901,78,1,MASc KA 40 blocks,sa,112,112,14,1
fb_01,B98430,78,1,MASc KA 40 blocks,sa,112,112,14,1
fb_02,B86909,78,1,MASc KA 40 blocks,sa,112,112,14,1
fb_02,B91247,78,1,MASc KA 40 blocks,sa,112,112,14,1
fb_02,B91247,78,1,MASc KA 40 blocks,sa,112,112,14,1
fb_03,B86857,78,1,MASc KA 40 blocks,sa,112,112,14,1
fb_03,B86857,78,1,MASc KA 40 blocks,sa,112,112,14,1
fb_03,B86857,78,1,MASc KA 40 blocks,sa,112,112,14,1
fb_04,B86857,78,1,MASc KA 40 blocks,sa,112,112,14,1
fb_04,B86857,78,1,MASc KA 40 blocks,sa,112,112,14,1
fb_04,B86857,78,1,MASc KA 40 blocks,sa,112,112,14,1
fb_05,B78910,78,1,MASc KA 40 blocks,sa,112,112,14,1
fb_05,B86909,78,1,MASc KA 40 blocks,sa,112,112,14,1
fb_05,B98430,78,1,MASc KA 40 blocks,sa,112,112,14,1
fb_06,B86575,78,1,MASc KA 40 blocks,sa,112,112,14,1
fb_06,B94657,78,1,MASc KA 40 blocks,sa,112,112,14,1
fb_06,B98430,78,1,MASc KA 40 blocks,sa,112,112,14,1
ld_01,B77363,78,1,MASc KA 40 blocks,sa,112,112,14,1
ld_01,B77363,78,1,MASc KA 40 blocks,sa,112,112,14,1
ld_01,B86857,78,1,MASc KA 40 blocks,sa,112,112,14,1
ld_02,B77363,78,1,MASc KA 40 blocks,sa,112,112,14,1
ld_02,B77363,78,1,MASc KA 40 blocks,sa,112,112,14,1
ld_02,B86857,78,1,MASc KA 40 blocks,sa,112,112,14,1
ld_03,B77363,78,1,MASc KA 40 blocks,sa,112,112,14,1
ld_03,B86857,78,1,MASc KA 40 blocks,sa,112,112,14,1
ld_04,B77363,78,1,MASc KA 40 blocks,sa,112,112,14,1
ld_04,B86857,78,1,MASc KA 40 blocks,sa,112,112,14,1
ld_05,B77363,78,1,MASc KA 40 blocks,sa,112,112,14,1
ld_05,B91247,78,1,MASc KA 40 blocks,sa,112,112,14,1
ld_06,B77363,78,1,MASc KA 40 blocks,sa,112,112,14,1
ld_06,B77363,78,1,MASc KA 40 blocks,sa,112,112,14,1
pr_01,B77363,78,1,MASc KA 40 blocks,sa,112,112,14,1
pr_01,B86857,78,1,MASc KA 40 blocks,sa,112,112,14,1
pr_01,B95247,78,1,MASc KA 40 blocks,sa,112,112,14,1
pr_02,B84093,78,1,MASc KA 40 blocks,sa,112,112,14,1
pr_02,B86857,78,1,MASc KA 40 blocks,sa,112,112,14,1
pr_02,B86857,78,1,MASc KA 40 blocks,sa,112,112,14,1
pr_03,B84093,78,1,MASc KA 40 blocks,sa,112,112,14,1
pr_03,B86857,78,1,MASc KA 40 blocks,sa,112,112,14,1
pr_03,B86857,78,1,MASc KA 40 blocks,sa,112,112,14,1
pr_04,B77363,78,1,MASc KA 40 blocks,sa,112,112,14,1
pr_04,B86857,78,1,MASc KA 40 blocks,sa,112,112,14,1
pr_04,B91247,78,1,MASc KA 40 blocks,sa,112,112,14,1
pr_05,B78910,78,1,MASc KA 40 blocks,sa,112,112,14,1
pr_05,B86857,78,1,MASc KA 40 blocks,sa,112,112,14,1
pr_05,B86857,78,1,MASc KA 40 blocks,sa,112,112,14,1
pr_06,B78910,78,1,MASc KA 40 blocks,sa,112,112,14,1
pr_06,B86857,78,1,MASc KA 40 blocks,sa,112,112,14,1
pr_06,B86909,78,1,MASc KA 40 blocks,sa,112,112,14,1
sk_01,B78910,78,1,MASc KA 40 blocks,sa,112,112,14,1
sk_01,B82792,78,1,MASc KA 40 blocks,sa,112,112,14,1
sk_01,B86857,78,1,MASc KA 40 blocks,sa,112,112,14,1
sk_02,B78910,78,1,MASc KA 40 blocks,sa,112,112,14,1
sk_02,B78910,78,1,MASc KA 40 blocks,sa,112,112,14,1
sk_02,B86857,78,1,MASc KA 40 blocks,sa,112,112,14,1
sk_03,B78910,78,1,MASc KA 40 blocks,sa,112,112,14,1
sk_03,B86575,78,1,MASc KA 40 blocks,sa,112,112,14,1
sk_03,B86857,78,1,MASc KA 40 blocks,sa,112,112,14,1
sk_04,B78910,78,1,MASc KA 40 blocks,sa,112,112,14,1
sk_04,B86575,78,1,MASc KA 40 blocks,sa,112,112,14,1
sk_04,B86857,78,1,MASc KA 40 blocks,sa,112,112,14,1
sk_05,B78910,78,1,MASc KA 40 blocks,sa,112,112,14,1
sk_05,B86575,78,1,MASc KA 40 blocks,sa,112,112,14,1
sk_05,B86857,78,1,MASc KA 40 blocks,sa,112,112,14,1
sk_06,B78910,78,1,MASc KA 40 blocks,sa,112,112,14,1
sk_06,B86857,78,1,MASc KA 40 blocks,sa,112,112,14,1
sk_06,B86857,78,1,MASc KA 40 blocks,sa,112,112,14,1
fb_01,B91247,79,1,MASc KA 40 blocks,sa,112,112,14,1
fb_01,B96294,79,1,MASc KA 40 blocks,sa,112,112,14,1
fb_01,B96294,79,1,MASc KA 40 blocks,sa,112,112,14,1
fb_02,B86857,79,1,MASc KA 40 blocks,sa,112,112,14,1
fb_02,B91247,79,1,MASc KA 40 blocks,sa,112,112,14,1
fb_02,B91247,79,1,MASc KA 40 blocks,sa,112,112,14,1
fb_03,B86857,79,1,MASc KA 40 blocks,sa,112,112,14,1
fb_03,B86857,79,1,MASc KA 40 blocks,sa,112,112,14,1
fb_03,B86857,79,1,MASc KA 40 blocks,sa,112,112,14,1
fb_04,B86857,79,1,MASc KA 40 blocks,sa,112,112,14,1
fb_04,B86857,79,1,MASc KA 40 blocks,sa,112,112,14,1
fb_04,B96294,79,1,MASc KA 40 blocks,sa,112,112,14,1
fb_05,B95247,79,1,MASc KA 40 blocks,sa,112,112,14,1
fb_05,B96294,79,1,MASc KA 40 blocks,sa,112,112,14,1
fb_05,B98430,79,1,MASc KA 40 blocks,sa,112,112,14,1
fb_06,B95247,79,1,MASc KA 40 blocks,sa,112,112,14,1
fb_06,B98430,79,1,MASc KA 40 blocks,sa,112,112,14,1
fb_06,B98430,79,1,MASc KA 40 blocks,sa,112,112,14,1
ld_01,B78910,79,1,MASc KA 40 blocks,sa,112,112,14,1
ld_01,B86857,79,1,MASc KA 40 blocks,sa,112,112,14,1
ld_01,B86909,79,1,MASc KA 40 blocks,sa,112,112,14,1
ld_02,B77363,79,1,MASc KA 40 blocks,sa,112,112,14,1
ld_02,B77363,79,1,MASc KA 40 blocks,sa,112,112,14,1
ld_02,B86857,79,1,MASc KA 40 blocks,sa,112,112,14,1
ld_03,B86857,79,1,MASc KA 40 blocks,sa,112,112,14,1
ld_03,B95247,79,1,MASc KA 40 blocks,sa,112,112,14,1
ld_04,B84093,79,1,MASc KA 40 blocks,sa,112,112,14,1
ld_04,B86857,79,1,MASc KA 40 blocks,sa,112,112,14,1
ld_05,B84093,79,1,MASc KA 40 blocks,sa,112,112,14,1
ld_05,B86857,79,1,MASc KA 40 blocks,sa,112,112,14,1
ld_06,B77363,79,1,MASc KA 40 blocks,sa,112,112,14,1
ld_06,B86857,79,1,MASc KA 40 blocks,sa,112,112,14,1
pr_01,B78910,79,1,MASc KA 40 blocks,sa,112,112,14,1
pr_01,B86575,79,1,MASc KA 40 blocks,sa,112,112,14,1
pr_01,B86857,79,1,MASc KA 40 blocks,sa,112,112,14,1
pr_02,B78910,79,1,MASc KA 40 blocks,sa,112,112,14,1
pr_02,B86575,79,1,MASc KA 40 blocks,sa,112,112,14,1
pr_02,B86857,79,1,MASc KA 40 blocks,sa,112,112,14,1
pr_03,B78910,79,1,MASc KA 40 blocks,sa,112,112,14,1
pr_03,B78910,79,1,MASc KA 40 blocks,sa,112,112,14,1
pr_03,B86857,79,1,MASc KA 40 blocks,sa,112,112,14,1
pr_04,B78910,79,1,MASc KA 40 blocks,sa,112,112,14,1
pr_04,B82792,79,1,MASc KA 40 blocks,sa,112,112,14,1
pr_04,B86857,79,1,MASc KA 40 blocks,sa,112,112,14,1
pr_05,B78910,79,1,MASc KA 40 blocks,sa,112,112,14,1
pr_05,B86857,79,1,MASc KA 40 blocks,sa,112,112,14,1
pr_05,B86909,79,1,MASc KA 40 blocks,sa,112,112,14,1
pr_06,B78910,79,1,MASc KA 40 blocks,sa,112,112,14,1
pr_06,B86857,79,1,MASc KA 40 blocks,sa,112,112,14,1
sk_01,B78910,79,1,MASc KA 40 blocks,sa,112,112,14,1
sk_01,B86575,79,1,MASc KA 40 blocks,sa,112,112,14,1
sk_01,B86857,79,1,MASc KA 40 blocks,sa,112,112,14,1
sk_02,B78910,79,1,MASc KA 40 blocks,sa,112,112,14,1
sk_02,B86857,79,1,MASc KA 40 blocks,sa,112,112,14,1
sk_02,B95247,79,1,MASc KA 40 blocks,sa,112,112,14,1
sk_03,B78910,79,1,MASc KA 40 blocks,sa,112,112,14,1
sk_03,B86857,79,1,MASc KA 40 blocks,sa,112,112,14,1
sk_03,B98643,79,1,MASc KA 40 blocks,sa,112,112,14,1
sk_04,B78910,79,1,MASc KA 40 blocks,sa,112,112,14,1
sk_04,B86857,79,1,MASc KA 40 blocks,sa,112,112,14,1
sk_04,B86909,79,1,MASc KA 40 blocks,sa,112,112,14,1
sk_05,B86575,79,1,MASc KA 40 blocks,sa,112,112,14,1
sk_05,B86857,79,1,MASc KA 40 blocks,sa,112,112,14,1
sk_05,B91247,79,1,MASc KA 40 blocks,sa,112,112,14,1
sk_06,B86575,79,1,MASc KA 40 blocks,sa,112,112,14,1
sk_06,B86857,79,1,MASc KA 40 blocks,sa,112,112,14,1
sk_06,B91247,79,1,MASc KA 40 blocks,sa,112,112,14,1
fb_01,B86909,80,1,MASc KA 40 blocks,sa,112,112,14,1
fb_01,B95247,80,1,MASc KA 40 blocks,sa,112,112,14,1
fb_01,B95834,80,1,MASc KA 40 blocks,sa,112,112,14,1
fb_02,B86857,80,1,MASc KA 40 blocks,sa,112,112,14,1
fb_02,B86857,80,1,MASc KA 40 blocks,sa,112,112,14,1
fb_02,B86857,80,1,MASc KA 40 blocks,sa,112,112,14,1
fb_03,B86857,80,1,MASc KA 40 blocks,sa,112,112,14,1
fb_03,B86857,80,1,MASc KA 40 blocks,sa,112,112,14,1
fb_03,B95247,80,1,MASc KA 40 blocks,sa,112,112,14,1
fb_04,B95247,80,1,MASc KA 40 blocks,sa,112,112,14,1
fb_04,B95247,80,1,MASc KA 40 blocks,sa,112,112,14,1
fb_04,B95247,80,1,MASc KA 40 blocks,sa,112,112,14,1
fb_05,B92962,80,1,MASc KA 40 blocks,sa,112,112,14,1
fb_05,B95247,80,1,MASc KA 40 blocks,sa,112,112,14,1
fb_05,B96294,80,1,MASc KA 40 blocks,sa,112,112,14,1
fb_06,B78910,80,1,MASc KA 40 blocks,sa,112,112,14,1
fb_06,B78910,80,1,MASc KA 40 blocks,sa,112,112,14,1
fb_06,B92731,80,1,MASc KA 40 blocks,sa,112,112,14,1
ld_01,B78910,80,1,MASc KA 40 blocks,sa,112,112,14,1
ld_01,B86575,80,1,MASc KA 40 blocks,sa,112,112,14,1
ld_01,B86857,80,1,MASc KA 40 blocks,sa,112,112,14,1
ld_02,B78910,80,1,MASc KA 40 blocks,sa,112,112,14,1
ld_02,B86857,80,1,MASc KA 40 blocks,sa,112,112,14,1
ld_03,B78910,80,1,MASc KA 40 blocks,sa,112,112,14,1
ld_03,B86857,80,1,MASc KA 40 blocks,sa,112,112,14,1
ld_04,B78910,80,1,MASc KA 40 blocks,sa,112,112,14,1
ld_04,B86857,80,1,MASc KA 40 blocks,sa,112,112,14,1
ld_05,B78910,80,1,MASc KA 40 blocks,sa,112,112,14,1
ld_05,B86909,80,1,MASc KA 40 blocks,sa,112,112,14,1
ld_06,B78910,80,1,MASc KA 40 blocks,sa,112,112,14,1
ld_06,B86575,80,1,MASc KA 40 blocks,sa,112,112,14,1
pr_01,B78910,80,1,MASc KA 40 blocks,sa,112,112,14,1
pr_01,B86857,80,1,MASc KA 40 blocks,sa,112,112,14,1
pr_01,B98643,80,1,MASc KA 40 blocks,sa,112,112,14,1
pr_02,B78910,80,1,MASc KA 40 blocks,sa,112,112,14,1
pr_02,B78910,80,1,MASc KA 40 blocks,sa,112,112,14,1
pr_02,B91247,80,1,MASc KA 40 blocks,sa,112,112,14,1
pr_03,B86575,80,1,MASc KA 40 blocks,sa,112,112,14,1
pr_03,B86857,80,1,MASc KA 40 blocks,sa,112,112,14,1
pr_03,B91247,80,1,MASc KA 40 blocks,sa,112,112,14,1
pr_04,B86575,80,1,MASc KA 40 blocks,sa,112,112,14,1
pr_04,B86857,80,1,MASc KA 40 blocks,sa,112,112,14,1
pr_04,B86909,80,1,MASc KA 40 blocks,sa,112,112,14,1
pr_05,B86575,80,1,MASc KA 40 blocks,sa,112,112,14,1
pr_05,B86857,80,1,MASc KA 40 blocks,sa,112,112,14,1
pr_06,B78910,80,1,MASc KA 40 blocks,sa,112,112,14,1
pr_06,B86857,80,1,MASc KA 40 blocks,sa,112,112,14,1
sk_01,B86857,80,1,MASc KA 40 blocks,sa,112,112,14,1
sk_01,B86857,80,1,MASc KA 40 blocks,sa,112,112,14,1
sk_01,B91247,80,1,MASc KA 40 blocks,sa,112,112,14,1
sk_02,B86857,80,1,MASc KA 40 blocks,sa,112,112,14,1
sk_02,B86857,80,1,MASc KA 40 blocks,sa,112,112,14,1
sk_02,B91247,80,1,MASc KA 40 blocks,sa,112,112,14,1
sk_03,B86857,80,1,MASc KA 40 blocks,sa,112,112,14,1
sk_03,B86909,80,1,MASc KA 40 blocks,sa,112,112,14,1
sk_03,B91247,80,1,MASc KA 40 blocks,sa,112,112,14,1
sk_04,B86857,80,1,MASc KA 40 blocks,sa,112,112,14,1
sk_04,B86857,80,1,MASc KA 40 blocks,sa,112,112,14,1
sk_04,B96294,80,1,MASc KA 40 blocks,sa,112,112,14,1
sk_05,B86857,80,1,MASc KA 40 blocks,sa,112,112,14,1
sk_05,B86857,80,1,MASc KA 40 blocks,sa,112,112,14,1
sk_05,B96294,80,1,MASc KA 40 blocks,sa,112,112,14,1
sk_06,B86857,80,1,MASc KA 40 blocks,sa,112,112,14,1
sk_06,B86857,80,1,MASc KA 40 blocks,sa,112,112,14,1
sk_06,B91247,80,1,MASc KA 40 blocks,sa,112,112,14,1
fb_01,B78910,81,1,MASc KA 40 blocks,sa,112,112,14,1
fb_01,B95247,81,1,MASc KA 40 blocks,sa,112,112,14,1
fb_01,B95247,81,1,MASc KA 40 blocks,sa,112,112,14,1
fb_02,B86857,81,1,MASc KA 40 blocks,sa,112,112,14,1
fb_02,B86857,81,1,MASc KA 40 blocks,sa,112,112,14,1
fb_02,B86857,81,1,MASc KA 40 blocks,sa,112,112,14,1
fb_03,B86857,81,1,MASc KA 40 blocks,sa,112,112,14,1
fb_03,B86857,81,1,MASc KA 40 blocks,sa,112,112,14,1
fb_03,B86857,81,1,MASc KA 40 blocks,sa,112,112,14,1
fb_04,B95247,81,1,MASc KA 40 blocks,sa,112,112,14,1
fb_04,B95247,81,1,MASc KA 40 blocks,sa,112,112,14,1
fb_04,B95834,81,1,MASc KA 40 blocks,sa,112,112,14,1
fb_05,B77363,81,1,MASc KA 40 blocks,sa,112,112,14,1
fb_05,B82792,81,1,MASc KA 40 blocks,sa,112,112,14,1
fb_05,B86909,81,1,MASc KA 40 blocks,sa,112,112,14,1
fb_06,B82792,81,1,MASc KA 40 blocks,sa,112,112,14,1
fb_06,B86909,81,1,MASc KA 40 blocks,sa,112,112,14,1
fb_06,B95834,81,1,MASc KA 40 blocks,sa,112,112,14,1
ld_01,B78910,81,1,MASc KA 40 blocks,sa,112,112,14,1
ld_01,B86575,81,1,MASc KA 40 blocks,sa,112,112,14,1
ld_01,B86857,81,1,MASc KA 40 blocks,sa,112,112,14,1
ld_02,B78910,81,1,MASc KA 40 blocks,sa,112,112,14,1
ld_02,B86575,81,1,MASc KA 40 blocks,sa,112,112,14,1
ld_02,B86857,81,1,MASc KA 40 blocks,sa,112,112,14,1
ld_03,B86575,81,1,MASc KA 40 blocks,sa,112,112,14,1
ld_03,B86857,81,1,MASc KA 40 blocks,sa,112,112,14,1
ld_04,B91247,81,1,MASc KA 40 blocks,sa,112,112,14,1
ld_04,B98643,81,1,MASc KA 40 blocks,sa,112,112,14,1
ld_05,B86575,81,1,MASc KA 40 blocks,sa,112,112,14,1
ld_05,B91247,81,1,MASc KA 40 blocks,sa,112,112,14,1
ld_06,B78910,81,1,MASc KA 40 blocks,sa,112,112,14,1
ld_06,B78910,81,1,MASc KA 40 blocks,sa,112,112,14,1
pr_01,B86857,81,1,MASc KA 40 blocks,sa,112,112,14,1
pr_01,B91247,81,1,MASc KA 40 blocks,sa,112,112,14,1
pr_01,B96294,81,1,MASc KA 40 blocks,sa,112,112,14,1
pr_02,B86857,81,1,MASc KA 40 blocks,sa,112,112,14,1
pr_02,B86857,81,1,MASc KA 40 blocks,sa,112,112,14,1
pr_02,B91247,81,1,MASc KA 40 blocks,sa,112,112,14,1
pr_03,B86857,81,1,MASc KA 40 blocks,sa,112,112,14,1
pr_03,B86857,81,1,MASc KA 40 blocks,sa,112,112,14,1
pr_03,B91247,81,1,MASc KA 40 blocks,sa,112,112,14,1
pr_04,B86857,81,1,MASc KA 40 blocks,sa,112,112,14,1
pr_04,B86857,81,1,MASc KA 40 blocks,sa,112,112,14,1
pr_04,B86909,81,1,MASc KA 40 blocks,sa,112,112,14,1
pr_05,B86857,81,1,MASc KA 40 blocks,sa,112,112,14,1
pr_05,B91247,81,1,MASc KA 40 blocks,sa,112,112,14,1
pr_06,B86857,81,1,MASc KA 40 blocks,sa,112,112,14,1
pr_06,B86857,81,1,MASc KA 40 blocks,sa,112,112,14,1
sk_01,B78910,81,1,MASc KA 40 blocks,sa,112,112,14,1
sk_01,B91247,81,1,MASc KA 40 blocks,sa,112,112,14,1
sk_01,B96294,81,1,MASc KA 40 blocks,sa,112,112,14,1
sk_02,B86857,81,1,MASc KA 40 blocks,sa,112,112,14,1
sk_02,B95247,81,1,MASc KA 40 blocks,sa,112,112,14,1
sk_02,B96294,81,1,MASc KA 40 blocks,sa,112,112,14,1
sk_03,B78910,81,1,MASc KA 40 blocks,sa,112,112,14,1
sk_03,B86857,81,1,MASc KA 40 blocks,sa,112,112,14,1
sk_03,B95247,81,1,MASc KA 40 blocks,sa,112,112,14,1
sk_04,B86857,81,1,MASc KA 40 blocks,sa,112,112,14,1
sk_04,B91247,81,1,MASc KA 40 blocks,sa,112,112,14,1
sk_04,B95834,81,1,MASc KA 40 blocks,sa,112,112,14,1
sk_05,B86857,81,1,MASc KA 40 blocks,sa,112,112,14,1
sk_05,B86909,81,1,MASc KA 40 blocks,sa,112,112,14,1
sk_05,B95834,81,1,MASc KA 40 blocks,sa,112,112,14,1
sk_06,B78910,81,1,MASc KA 40 blocks,sa,112,112,14,1
sk_06,B86857,81,1,MASc KA 40 blocks,sa,112,112,14,1
sk_06,B95834,81,1,MASc KA 40 blocks,sa,112,112,14,1
fb_01,B82792,82,1,MASc KA 40 blocks,sa,112,112,14,1
fb_01,B88901,82,1,MASc KA 40 blocks,sa,112,112,14,1
fb_01,B91247,82,1,MASc KA 40 blocks,sa,112,112,14,1
fb_02,B86857,82,1,MASc KA 40 blocks,sa,112,112,14,1
fb_02,B86857,82,1,MASc KA 40 blocks,sa,112,112,14,1
fb_02,B86857,82,1,MASc KA 40 blocks,sa,112,112,14,1
fb_03,B86857,82,1,MASc KA 40 blocks,sa,112,112,14,1
fb_03,B86857,82,1,MASc KA 40 blocks,sa,112,112,14,1
fb_03,B86857,82,1,MASc KA 40 blocks,sa,112,112,14,1
fb_04,B82792,82,1,MASc KA 40 blocks,sa,112,112,14,1
fb_04,B91247,82,1,MASc KA 40 blocks,sa,112,112,14,1
fb_04,B91247,82,1,MASc KA 40 blocks,sa,112,112,14,1
fb_05,B91247,82,1,MASc KA 40 blocks,sa,112,112,14,1
fb_05,B91247,82,1,MASc KA 40 blocks,sa,112,112,14,1
fb_05,B95247,82,1,MASc KA 40 blocks,sa,112,112,14,1
fb_06,B91247,82,1,MASc KA 40 blocks,sa,112,112,14,1
fb_06,B95247,82,1,MASc KA 40 blocks,sa,112,112,14,1
fb_06,B95834,82,1,MASc KA 40 blocks,sa,112,112,14,1
ld_01,B86857,82,1,MASc KA 40 blocks,sa,112,112,14,1
ld_01,B86857,82,1,MASc KA 40 blocks,sa,112,112,14,1
ld_02,B86857,82,1,MASc KA 40 blocks,sa,112,112,14,1
ld_02,B86909,82,1,MASc KA 40 blocks,sa,112,112,14,1
ld_03,B86857,82,1,MASc KA 40 blocks,sa,112,112,14,1
ld_03,B91247,82,1,MASc KA 40 blocks,sa,112,112,14,1
ld_04,B86857,82,1,MASc KA 40 blocks,sa,112,112,14,1
ld_04,B91247,82,1,MASc KA 40 blocks,sa,112,112,14,1
ld_05,B86857,82,1,MASc KA 40 blocks,sa,112,112,14,1
ld_05,B96294,82,1,MASc KA 40 blocks,sa,112,112,14,1
ld_06,B86857,82,1,MASc KA 40 blocks,sa,112,112,14,1
pr_01,B86857,82,1,MASc KA 40 blocks,sa,112,112,14,1
pr_01,B95247,82,1,MASc KA 40 blocks,sa,112,112,14,1
pr_01,B96294,82,1,MASc KA 40 blocks,sa,112,112,14,1
pr_02,B86909,82,1,MASc KA 40 blocks,sa,112,112,14,1
pr_02,B95247,82,1,MASc KA 40 blocks,sa,112,112,14,1
pr_02,B95834,82,1,MASc KA 40 blocks,sa,112,112,14,1
pr_03,B86857,82,1,MASc KA 40 blocks,sa,112,112,14,1
pr_03,B91247,82,1,MASc KA 40 blocks,sa,112,112,14,1
pr_03,B95834,82,1,MASc KA 40 blocks,sa,112,112,14,1
pr_04,B78910,82,1,MASc KA 40 blocks,sa,112,112,14,1
pr_04,B86857,82,1,MASc KA 40 blocks,sa,112,112,14,1
pr_04,B91247,82,1,MASc KA 40 blocks,sa,112,112,14,1
pr_05,B78910,82,1,MASc KA 40 blocks,sa,112,112,14,1
pr_05,B86857,82,1,MASc KA 40 blocks,sa,112,112,14,1
pr_06,B78910,82,1,MASc KA 40 blocks,sa,112,112,14,1
pr_06,B86857,82,1,MASc KA 40 blocks,sa,112,112,14,1
sk_01,B82792,82,1,MASc KA 40 blocks,sa,112,112,14,1
sk_01,B95247,82,1,MASc KA 40 blocks,sa,112,112,14,1
sk_01,B95247,82,1,MASc KA 40 blocks,sa,112,112,14,1
sk_02,B82792,82,1,MASc KA 40 blocks,sa,112,112,14,1
sk_02,B86857,82,1,MASc KA 40 blocks,sa,112,112,14,1
sk_02,B95247,82,1,MASc KA 40 blocks,sa,112,112,14,1
sk_03,B77363,82,1,MASc KA 40 blocks,sa,112,112,14,1
sk_03,B82792,82,1,MASc KA 40 blocks,sa,112,112,14,1
sk_03,B86909,82,1,MASc KA 40 blocks,sa,112,112,14,1
sk_04,B77363,82,1,MASc KA 40 blocks,sa,112,112,14,1
sk_04,B86857,82,1,MASc KA 40 blocks,sa,112,112,14,1
sk_04,B86857,82,1,MASc KA 40 blocks,sa,112,112,14,1
sk_05,B78910,82,1,MASc KA 40 blocks,sa,112,112,14,1
sk_05,B86857,82,1,MASc KA 40 blocks,sa,112,112,14,1
sk_05,B86857,82,1,MASc KA 40 blocks,sa,112,112,14,1
sk_06,B78910,82,1,MASc KA 40 blocks,sa,112,112,14,1
sk_06,B86857,82,1,MASc KA 40 blocks,sa,112,112,14,1
sk_06,B95247,82,1,MASc KA 40 blocks,sa,112,112,14,1
fb_01,B91247,83,1,MASc KA 40 blocks,sa,112,112,14,1
fb_01,B91247,83,1,MASc KA 40 blocks,sa,112,112,14,1
fb_01,B91247,83,1,MASc KA 40 blocks,sa,112,112,14,1
fb_02,B86857,83,1,MASc KA 40 blocks,sa,112,112,14,1
fb_02,B86857,83,1,MASc KA 40 blocks,sa,112,112,14,1
fb_02,B86857,83,1,MASc KA 40 blocks,sa,112,112,14,1
fb_03,B86857,83,1,MASc KA 40 blocks,sa,112,112,14,1
fb_03,B86857,83,1,MASc KA 40 blocks,sa,112,112,14,1
fb_03,B86857,83,1,MASc KA 40 blocks,sa,112,112,14,1
fb_04,B80395,83,1,MASc KA 40 blocks,sa,112,112,14,1
fb_04,B88901,83,1,MASc KA 40 blocks,sa,112,112,14,1
fb_04,B91247,83,1,MASc KA 40 blocks,sa,112,112,14,1
fb_05,B88901,83,1,MASc KA 40 blocks,sa,112,112,14,1
fb_05,B91247,83,1,MASc KA 40 blocks,sa,112,112,14,1
fb_05,B95247,83,1,MASc KA 40 blocks,sa,112,112,14,1
fb_06,B91247,83,1,MASc KA 40 blocks,sa,112,112,14,1
fb_06,B95247,83,1,MASc KA 40 blocks,sa,112,112,14,1
fb_06,B95247,83,1,MASc KA 40 blocks,sa,112,112,14,1
ld_01,B86857,83,1,MASc KA 40 blocks,sa,112,112,14,1
ld_01,B95247,83,1,MASc KA 40 blocks,sa,112,112,14,1
ld_02,B78910,83,1,MASc KA 40 blocks,sa,112,112,14,1
ld_02,B86857,83,1,MASc KA 40 blocks,sa,112,112,14,1
ld_03,B95247,83,1,MASc KA 40 blocks,sa,112,112,14,1
ld_03,B96294,83,1,MASc KA 40 blocks,sa,112,112,14,1
ld_04,B91247,83,1,MASc KA 40 blocks,sa,112,112,14,1
ld_04,B95834,83,1,MASc KA 40 blocks,sa,112,112,14,1
ld_05,B78910,83,1,MASc KA 40 blocks,sa,112,112,14,1
ld_05,B86857,83,1,MASc KA 40 blocks,sa,112,112,14,1
ld_06,B86857,83,1,MASc KA 40 blocks,sa,112,112,14,1
pr_01,B86857,83,1,MASc KA 40 blocks,sa,112,112,14,1
pr_01,B95247,83,1,MASc KA 40 blocks,sa,112,112,14,1
pr_01,B95247,83,1,MASc KA 40 blocks,sa,112,112,14,1
pr_02,B77363,83,1,MASc KA 40 blocks,sa,112,112,14,1
pr_02,B82792,83,1,MASc KA 40 blocks,sa,112,112,14,1
pr_02,B95247,83,1,MASc KA 40 blocks,sa,112,112,14,1
pr_03,B78910,83,1,MASc KA 40 blocks,sa,112,112,14,1
pr_03,B82792,83,1,MASc KA 40 blocks,sa,112,112,14,1
pr_03,B86857,83,1,MASc KA 40 blocks,sa,112,112,14,1
pr_04,B82792,83,1,MASc KA 40 blocks,sa,112,112,14,1
pr_04,B86857,83,1,MASc KA 40 blocks,sa,112,112,14,1
pr_04,B86909,83,1,MASc KA 40 blocks,sa,112,112,14,1
pr_05,B78910,83,1,MASc KA 40 blocks,sa,112,112,14,1
pr_05,B82792,83,1,MASc KA 40 blocks,sa,112,112,14,1
pr_05,B86857,83,1,MASc KA 40 blocks,sa,112,112,14,1
pr_06,B86857,83,1,MASc KA 40 blocks,sa,112,112,14,1
pr_06,B95247,83,1,MASc KA 40 blocks,sa,112,112,14,1
sk_01,B82792,83,1,MASc KA 40 blocks,sa,112,112,14,1
sk_01,B86857,83,1,MASc KA 40 blocks,sa,112,112,14,1
sk_01,B86857,83,1,MASc KA 40 blocks,sa,112,112,14,1
sk_02,B82792,83,1,MASc KA 40 blocks,sa,112,112,14,1
sk_02,B86857,83,1,MASc KA 40 blocks,sa,112,112,14,1
sk_02,B95247,83,1,MASc KA 40 blocks,sa,112,112,14,1
sk_03,B86857,83,1,MASc KA 40 blocks,sa,112,112,14,1
sk_03,B86857,83,1,MASc KA 40 blocks,sa,112,112,14,1
sk_03,B86857,83,1,MASc KA 40 blocks,sa,112,112,14,1
sk_04,B86857,83,1,MASc KA 40 blocks,sa,112,112,14,1
sk_04,B86857,83,1,MASc KA 40 blocks,sa,112,112,14,1
sk_04,B95247,83,1,MASc KA 40 blocks,sa,112,112,14,1
sk_05,B86857,83,1,MASc KA 40 blocks,sa,112,112,14,1
sk_05,B86857,83,1,MASc KA 40 blocks,sa,112,112,14,1
sk_05,B86909,83,1,MASc KA 40 blocks,sa,112,112,14,1
sk_06,B86857,83,1,MASc KA 40 blocks,sa,112,112,14,1
sk_06,B86857,83,1,MASc KA 40 blocks,sa,112,112,14,1
sk_06,B86857,83,1,MASc KA 40 blocks,sa,112,112,14,1
fb_01,B86553,84,1,MASc KA 40 blocks,sa,112,112,14,1
fb_01,B86553,84,1,MASc KA 40 blocks,sa,112,112,14,1
fb_01,B86857,84,1,MASc KA 40 blocks,sa,112,112,14,1
fb_02,B77252,84,1,MASc KA 40 blocks,sa,112,112,14,1
fb_02,B86553,84,1,MASc KA 40 blocks,sa,112,112,14,1
fb_02,B86857,84,1,MASc KA 40 blocks,sa,112,112,14,1
fb_03,B86857,84,1,MASc KA 40 blocks,sa,112,112,14,1
fb_03,B86857,84,1,MASc KA 40 blocks,sa,112,112,14,1
fb_03,B86857,84,1,MASc KA 40 blocks,sa,112,112,14,1
fb_04,B78567,84,1,MASc KA 40 blocks,sa,112,112,14,1
fb_04,B86553,84,1,MASc KA 40 blocks,sa,112,112,14,1
fb_04,B86909,84,1,MASc KA 40 blocks,sa,112,112,14,1
fb_05,B78567,84,1,MASc KA 40 blocks,sa,112,112,14,1
fb_05,B88901,84,1,MASc KA 40 blocks,sa,112,112,14,1
fb_05,B91247,84,1,MASc KA 40 blocks,sa,112,112,14,1
fb_06,B86553,84,1,MASc KA 40 blocks,sa,112,112,14,1
fb_06,B91247,84,1,MASc KA 40 blocks,sa,112,112,14,1
fb_06,B91247,84,1,MASc KA 40 blocks,sa,112,112,14,1
ld_01,B86857,84,1,MASc KA 40 blocks,sa,112,112,14,1
ld_01,B95247,84,1,MASc KA 40 blocks,sa,112,112,14,1
ld_02,B78910,84,1,MASc KA 40 blocks,sa,112,112,14,1
ld_02,B86857,84,1,MASc KA 40 blocks,sa,112,112,14,1
ld_03,B77363,84,1,MASc KA 40 blocks,sa,112,112,14,1
ld_03,B86857,84,1,MASc KA 40 blocks,sa,112,112,14,1
ld_04,B78910,84,1,MASc KA 40 blocks,sa,112,112,14,1
ld_04,B95247,84,1,MASc KA 40 blocks,sa,112,112,14,1
ld_05,B82792,84,1,MASc KA 40 blocks,sa,112,112,14,1
ld_05,B86909,84,1,MASc KA 40 blocks,sa,112,112,14,1
ld_06,B82792,84,1,MASc KA 40 blocks,sa,112,112,14,1
pr_01,B82792,84,1,MASc KA 40 blocks,sa,112,112,14,1
pr_01,B86857,84,1,MASc KA 40 blocks,sa,112,112,14,1
pr_01,B95247,84,1,MASc KA 40 blocks,sa,112,112,14,1
pr_02,B82792,84,1,MASc KA 40 blocks,sa,112,112,14,1
pr_02,B86857,84,1,MASc KA 40 blocks,sa,112,112,14,1
pr_02,B86857,84,1,MASc KA 40 blocks,sa,112,112,14,1
pr_03,B86857,84,1,MASc KA 40 blocks,sa,112,112,14,1
pr_03,B86857,84,1,MASc KA 40 blocks,sa,112,112,14,1
pr_03,B86857,84,1,MASc KA 40 blocks,sa,112,112,14,1
pr_04,B86857,84,1,MASc KA 40 blocks,sa,112,112,14,1
pr_04,B86857,84,1,MASc KA 40 blocks,sa,112,112,14,1
pr_04,B86909,84,1,MASc KA 40 blocks,sa,112,112,14,1
pr_05,B82792,84,1,MASc KA 40 blocks,sa,112,112,14,1
pr_05,B86857,84,1,MASc KA 40 blocks,sa,112,112,14,1
pr_05,B86857,84,1,MASc KA 40 blocks,sa,112,112,14,1
pr_06,B86857,84,1,MASc KA 40 blocks,sa,112,112,14,1
pr_06,B86857,84,1,MASc KA 40 blocks,sa,112,112,14,1
sk_01,B86857,84,1,MASc KA 40 blocks,sa,112,112,14,1
sk_01,B86857,84,1,MASc KA 40 blocks,sa,112,112,14,1
sk_01,B91247,84,1,MASc KA 40 blocks,sa,112,112,14,1
sk_02,B86857,84,1,MASc KA 40 blocks,sa,112,112,14,1
sk_02,B86857,84,1,MASc KA 40 blocks,sa,112,112,14,1
sk_02,B95247,84,1,MASc KA 40 blocks,sa,112,112,14,1
sk_03,B86857,84,1,MASc KA 40 blocks,sa,112,112,14,1
sk_03,B91247,84,1,MASc KA 40 blocks,sa,112,112,14,1
sk_03,B95247,84,1,MASc KA 40 blocks,sa,112,112,14,1
sk_04,B86857,84,1,MASc KA 40 blocks,sa,112,112,14,1
sk_04,B95247,84,1,MASc KA 40 blocks,sa,112,112,14,1
sk_04,B95247,84,1,MASc KA 40 blocks,sa,112,112,14,1
sk_05,B86857,84,1,MASc KA 40 blocks,sa,112,112,14,1
sk_05,B91247,84,1,MASc KA 40 blocks,sa,112,112,14,1
sk_05,B94657,84,1,MASc KA 40 blocks,sa,112,112,14,1
sk_06,B86857,84,1,MASc KA 40 blocks,sa,112,112,14,1
sk_06,B86909,84,1,MASc KA 40 blocks,sa,112,112,14,1
sk_06,B91247,84,1,MASc KA 40 blocks,sa,112,112,14,1
fb_01,B82792,85,1,MASc KA 40 blocks,sa,112,112,14,1
fb_01,B86909,85,1,MASc KA 40 blocks,sa,112,112,14,1
fb_01,B86909,85,1,MASc KA 40 blocks,sa,112,112,14,1
fb_02,B92962,85,1,MASc KA 40 blocks,sa,112,112,14,1
fb_02,B95247,85,1,MASc KA 40 blocks,sa,112,112,14,1
fb_02,B98430,85,1,MASc KA 40 blocks,sa,112,112,14,1
fb_03,B86857,85,1,MASc KA 40 blocks,sa,112,112,14,1
fb_03,B86909,85,1,MASc KA 40 blocks,sa,112,112,14,1
fb_03,B86909,85,1,MASc KA 40 blocks,sa,112,112,14,1
fb_04,B86857,85,1,MASc KA 40 blocks,sa,112,112,14,1
fb_04,B86909,85,1,MASc KA 40 blocks,sa,112,112,14,1
fb_04,B88642,85,1,MASc KA 40 blocks,sa,112,112,14,1
fb_05,B86857,85,1,MASc KA 40 blocks,sa,112,112,14,1
fb_05,B92731,85,1,MASc KA 40 blocks,sa,112,112,14,1
fb_05,B94657,85,1,MASc KA 40 blocks,sa,112,112,14,1
fb_06,B86857,85,1,MASc KA 40 blocks,sa,112,112,14,1
fb_06,B86857,85,1,MASc KA 40 blocks,sa,112,112,14,1
fb_06,B92731,85,1,MASc KA 40 blocks,sa,112,112,14,1
fb_01,B84093,86,1,MASc KA 40 blocks,sa,112,112,14,1
fb_01,B88642,86,1,MASc KA 40 blocks,sa,112,112,14,1
fb_01,B91247,86,1,MASc KA 40 blocks,sa,112,112,14,1
fb_02,B77363,86,1,MASc KA 40 blocks,sa,112,112,14,1
fb_02,B78910,86,1,MASc KA 40 blocks,sa,112,112,14,1
fb_02,B86575,86,1,MASc KA 40 blocks,sa,112,112,14,1
fb_03,B86857,86,1,MASc KA 40 blocks,sa,112,112,14,1
fb_03,B86857,86,1,MASc KA 40 blocks,sa,112,112,14,1
fb_03,B86909,86,1,MASc KA 40 blocks,sa,112,112,14,1
fb_04,B80395,86,1,MASc KA 40 blocks,sa,112,112,14,1
fb_04,B86857,86,1,MASc KA 40 blocks,sa,112,112,14,1
fb_04,B86909,86,1,MASc KA 40 blocks,sa,112,112,14,1
fb_05,B80395,86,1,MASc KA 40 blocks,sa,112,112,14,1
fb_05,B86909,86,1,MASc KA 40 blocks,sa,112,112,14,1
fb_05,B92731,86,1,MASc KA 40 blocks,sa,112,112,14,1
fb_06,B86575,86,1,MASc KA 40 blocks,sa,112,112,14,1
fb_06,B86857,86,1,MASc KA 40 blocks,sa,112,112,14,1
fb_06,B92962,86,1,MASc KA 40 blocks,sa,112,112,14,1
sk_01,B82792,86,1,MASc KA 40 blocks,sa,112,112,14,1
sk_01,B86857,86,1,MASc KA 40 blocks,sa,112,112,14,1
sk_01,B86909,86,1,MASc KA 40 blocks,sa,112,112,14,1
sk_02,B86857,86,1,MASc KA 40 blocks,sa,112,112,14,1
sk_02,B86909,86,1,MASc KA 40 blocks,sa,112,112,14,1
sk_02,B95247,86,1,MASc KA 40 blocks,sa,112,112,14,1
sk_03,B88642,86,1,MASc KA 40 blocks,sa,112,112,14,1
sk_03,B88642,86,1,MASc KA 40 blocks,sa,112,112,14,1
sk_03,B92962,86,1,MASc KA 40 blocks,sa,112,112,14,1
sk_04,B86857,86,1,MASc KA 40 blocks,sa,112,112,14,1
sk_04,B88642,86,1,MASc KA 40 blocks,sa,112,112,14,1
sk_04,B88642,86,1,MASc KA 40 blocks,sa,112,112,14,1
sk_05,B88642,86,1,MASc KA 40 blocks,sa,112,112,14,1
sk_05,B88642,86,1,MASc KA 40 blocks,sa,112,112,14,1
sk_05,B92731,86,1,MASc KA 40 blocks,sa,112,112,14,1
sk_06,B86857,86,1,MASc KA 40 blocks,sa,112,112,14,1
sk_06,B88642,86,1,MASc KA 40 blocks,sa,112,112,14,1
sk_06,B92731,86,1,MASc KA 40 blocks,sa,112,112,14,1
fb_01,B86857,87,1,MASc KA 40 blocks,sa,112,112,14,1
fb_01,B91173,87,1,MASc KA 40 blocks,sa,112,112,14,1
fb_01,B91247,87,1,MASc KA 40 blocks,sa,112,112,14,1
fb_02,B86857,87,1,MASc KA 40 blocks,sa,112,112,14,1
fb_02,B92962,87,1,MASc KA 40 blocks,sa,112,112,14,1
fb_02,B95247,87,1,MASc KA 40 blocks,sa,112,112,14,1
fb_03,B86857,87,1,MASc KA 40 blocks,sa,112,112,14,1
fb_03,B86909,87,1,MASc KA 40 blocks,sa,112,112,14,1
fb_03,B86909,87,1,MASc KA 40 blocks,sa,112,112,14,1
fb_04,B86857,87,1,MASc KA 40 blocks,sa,112,112,14,1
fb_04,B86909,87,1,MASc KA 40 blocks,sa,112,112,14,1
fb_04,B86909,87,1,MASc KA 40 blocks,sa,112,112,14,1
fb_05,B92962,87,1,MASc KA 40 blocks,sa,112,112,14,1
fb_05,B92962,87,1,MASc KA 40 blocks,sa,112,112,14,1
fb_05,B92962,87,1,MASc KA 40 blocks,sa,112,112,14,1
fb_06,B92731,87,1,MASc KA 40 blocks,sa,112,112,14,1
fb_06,B92962,87,1,MASc KA 40 blocks,sa,112,112,14,1
fb_06,B92962,87,1,MASc KA 40 blocks,sa,112,112,14,1
pr_01,B86909,87,1,MASc KA 40 blocks,sa,112,112,14,1
pr_01,B88642,87,1,MASc KA 40 blocks,sa,112,112,14,1
pr_02,B86857,87,1,MASc KA 40 blocks,sa,112,112,14,1
pr_02,B92731,87,1,MASc KA 40 blocks,sa,112,112,14,1
pr_03,B86909,87,1,MASc KA 40 blocks,sa,112,112,14,1
pr_03,B88642,87,1,MASc KA 40 blocks,sa,112,112,14,1
pr_04,B86857,87,1,MASc KA 40 blocks,sa,112,112,14,1
pr_05,B82792,87,1,MASc KA 40 blocks,sa,112,112,14,1
pr_06,B86857,87,1,MASc KA 40 blocks,sa,112,112,14,1
sk_01,B77363,87,1,MASc KA 40 blocks,sa,112,112,14,1
sk_01,B86575,87,1,MASc KA 40 blocks,sa,112,112,14,1
sk_01,B86575,87,1,MASc KA 40 blocks,sa,112,112,14,1
sk_02,B78910,87,1,MASc KA 40 blocks,sa,112,112,14,1
sk_02,B86909,87,1,MASc KA 40 blocks,sa,112,112,14,1
sk_02,B88642,87,1,MASc KA 40 blocks,sa,112,112,14,1
sk_03,B84093,87,1,MASc KA 40 blocks,sa,112,112,14,1
sk_03,B86857,87,1,MASc KA 40 blocks,sa,112,112,14,1
sk_03,B91247,87,1,MASc KA 40 blocks,sa,112,112,14,1
sk_04,B86575,87,1,MASc KA 40 blocks,sa,112,112,14,1
sk_04,B86857,87,1,MASc KA 40 blocks,sa,112,112,14,1
sk_04,B86857,87,1,MASc KA 40 blocks,sa,112,112,14,1
sk_05,B84093,87,1,MASc KA 40 blocks,sa,112,112,14,1
sk_05,B86575,87,1,MASc KA 40 blocks,sa,112,112,14,1
sk_05,B86857,87,1,MASc KA 40 blocks,sa,112,112,14,1
sk_06,B80395,87,1,MASc KA 40 blocks,sa,112,112,14,1
sk_06,B86575,87,1,MASc KA 40 blocks,sa,112,112,14,1
sk_06,B86857,87,1,MASc KA 40 blocks,sa,112,112,14,1
fb_01,B77363,88,1,MASc KA 40 blocks,sa,112,112,14,1
fb_01,B86909,88,1,MASc KA 40 blocks,sa,112,112,14,1
fb_01,B95247,88,1,MASc KA 40 blocks,sa,112,112,14,1
fb_02,B86575,88,1,MASc KA 40 blocks,sa,112,112,14,1
fb_02,B86857,88,1,MASc KA 40 blocks,sa,112,112,14,1
fb_02,B91247,88,1,MASc KA 40 blocks,sa,112,112,14,1
fb_03,B86857,88,1,MASc KA 40 blocks,sa,112,112,14,1
fb_03,B86857,88,1,MASc KA 40 blocks,sa,112,112,14,1
fb_03,B86909,88,1,MASc KA 40 blocks,sa,112,112,14,1
fb_04,B86857,88,1,MASc KA 40 blocks,sa,112,112,14,1
fb_04,B86909,88,1,MASc KA 40 blocks,sa,112,112,14,1
fb_04,B92731,88,1,MASc KA 40 blocks,sa,112,112,14,1
fb_05,B77363,88,1,MASc KA 40 blocks,sa,112,112,14,1
fb_05,B78910,88,1,MASc KA 40 blocks,sa,112,112,14,1
fb_05,B92962,88,1,MASc KA 40 blocks,sa,112,112,14,1
fb_06,B78910,88,1,MASc KA 40 blocks,sa,112,112,14,1
fb_06,B86909,88,1,MASc KA 40 blocks,sa,112,112,14,1
fb_06,B92731,88,1,MASc KA 40 blocks,sa,112,112,14,1
ld_01,B86857,88,1,MASc KA 40 blocks,sa,112,112,14,1
ld_01,B88642,88,1,MASc KA 40 blocks,sa,112,112,14,1
ld_02,B86857,88,1,MASc KA 40 blocks,sa,112,112,14,1
ld_02,B88642,88,1,MASc KA 40 blocks,sa,112,112,14,1
ld_03,B92731,88,1,MASc KA 40 blocks,sa,112,112,14,1
ld_04,B86909,88,1,MASc KA 40 blocks,sa,112,112,14,1
ld_05,B88642,88,1,MASc KA 40 blocks,sa,112,112,14,1
ld_06,B88642,88,1,MASc KA 40 blocks,sa,112,112,14,1
pr_01,B80395,88,1,MASc KA 40 blocks,sa,112,112,14,1
pr_01,B84093,88,1,MASc KA 40 blocks,sa,112,112,14,1
pr_01,B86857,88,1,MASc KA 40 blocks,sa,112,112,14,1
pr_02,B86575,88,1,MASc KA 40 blocks,sa,112,112,14,1
pr_02,B86857,88,1,MASc KA 40 blocks,sa,112,112,14,1
pr_03,B86575,88,1,MASc KA 40 blocks,sa,112,112,14,1
pr_03,B86857,88,1,MASc KA 40 blocks,sa,112,112,14,1
pr_04,B86857,88,1,MASc KA 40 blocks,sa,112,112,14,1
pr_04,B88642,88,1,MASc KA 40 blocks,sa,112,112,14,1
pr_05,B86575,88,1,MASc KA 40 blocks,sa,112,112,14,1
pr_05,B91247,88,1,MASc KA 40 blocks,sa,112,112,14,1
pr_06,B86857,88,1,MASc KA 40 blocks,sa,112,112,14,1
pr_06,B86909,88,1,MASc KA 40 blocks,sa,112,112,14,1
sk_01,B86857,88,1,MASc KA 40 blocks,sa,112,112,14,1
sk_01,B86857,88,1,MASc KA 40 blocks,sa,112,112,14,1
sk_01,B91247,88,1,MASc KA 40 blocks,sa,112,112,14,1
sk_02,B86857,88,1,MASc KA 40 blocks,sa,112,112,14,1
sk_02,B86857,88,1,MASc KA 40 blocks,sa,112,112,14,1
sk_02,B86909,88,1,MASc KA 40 blocks,sa,112,112,14,1
sk_03,B86857,88,1,MASc KA 40 blocks,sa,112,112,14,1
sk_03,B86857,88,1,MASc KA 40 blocks,sa,112,112,14,1
sk_03,B95247,88,1,MASc KA 40 blocks,sa,112,112,14,1
sk_04,B86857,88,1,MASc KA 40 blocks,sa,112,112,14,1
sk_04,B86909,88,1,MASc KA 40 blocks,sa,112,112,14,1
sk_04,B86909,88,1,MASc KA 40 blocks,sa,112,112,14,1
sk_05,B86857,88,1,MASc KA 40 blocks,sa,112,112,14,1
sk_05,B92962,88,1,MASc KA 40 blocks,sa,112,112,14,1
sk_05,B92962,88,1,MASc KA 40 blocks,sa,112,112,14,1
sk_06,B86909,88,1,MASc KA 40 blocks,sa,112,112,14,1
sk_06,B86909,88,1,MASc KA 40 blocks,sa,112,112,14,1
sk_06,B91247,88,1,MASc KA 40 blocks,sa,112,112,14,1
fb_01,B86909,89,1,MASc KA 40 blocks,sa,112,112,14,1
fb_01,B95834,89,1,MASc KA 40 blocks,sa,112,112,14,1
fb_01,B98430,89,1,MASc KA 40 blocks,sa,112,112,14,1
fb_02,B91173,89,1,MASc KA 40 blocks,sa,112,112,14,1
fb_02,B95247,89,1,MASc KA 40 blocks,sa,112,112,14,1
fb_02,B98643,89,1,MASc KA 40 blocks,sa,112,112,14,1
fb_03,B86857,89,1,MASc KA 40 blocks,sa,112,112,14,1
fb_03,B86909,89,1,MASc KA 40 blocks,sa,112,112,14,1
fb_03,B86909,89,1,MASc KA 40 blocks,sa,112,112,14,1
fb_04,B86553,89,1,MASc KA 40 blocks,sa,112,112,14,1
fb_04,B86857,89,1,MASc KA 40 blocks,sa,112,112,14,1
fb_04,B86909,89,1,MASc KA 40 blocks,sa,112,112,14,1
fb_05,B84093,89,1,MASc KA 40 blocks,sa,112,112,14,1
fb_05,B91173,89,1,MASc KA 40 blocks,sa,112,112,14,1
fb_05,B91173,89,1,MASc KA 40 blocks,sa,112,112,14,1
fb_06,B78910,89,1,MASc KA 40 blocks,sa,112,112,14,1
fb_06,B86909,89,1,MASc KA 40 blocks,sa,112,112,14,1
fb_06,B91173,89,1,MASc KA 40 blocks,sa,112,112,14,1
ld_01,B86857,89,1,MASc KA 40 blocks,sa,112,112,14,1
ld_01,B88642,89,1,MASc KA 40 blocks,sa,112,112,14,1
ld_02,B86857,89,1,MASc KA 40 blocks,sa,112,112,14,1
ld_03,B86857,89,1,MASc KA 40 blocks,sa,112,112,14,1
ld_04,B86575,89,1,MASc KA 40 blocks,sa,112,112,14,1
ld_05,B86575,89,1,MASc KA 40 blocks,sa,112,112,14,1
ld_06,B84093,89,1,MASc KA 40 blocks,sa,112,112,14,1
pr_01,B86909,89,1,MASc KA 40 blocks,sa,112,112,14,1
pr_01,B91247,89,1,MASc KA 40 blocks,sa,112,112,14,1
pr_01,B92962,89,1,MASc KA 40 blocks,sa,112,112,14,1
pr_02,B86909,89,1,MASc KA 40 blocks,sa,112,112,14,1
pr_02,B91247,89,1,MASc KA 40 blocks,sa,112,112,14,1
pr_02,B95247,89,1,MASc KA 40 blocks,sa,112,112,14,1
pr_03,B86857,89,1,MASc KA 40 blocks,sa,112,112,14,1
pr_03,B86857,89,1,MASc KA 40 blocks,sa,112,112,14,1
pr_03,B86909,89,1,MASc KA 40 blocks,sa,112,112,14,1
pr_04,B86857,89,1,MASc KA 40 blocks,sa,112,112,14,1
pr_04,B86857,89,1,MASc KA 40 blocks,sa,112,112,14,1
pr_04,B86909,89,1,MASc KA 40 blocks,sa,112,112,14,1
pr_05,B86857,89,1,MASc KA 40 blocks,sa,112,112,14,1
pr_05,B86857,89,1,MASc KA 40 blocks,sa,112,112,14,1
pr_06,B86857,89,1,MASc KA 40 blocks,sa,112,112,14,1
pr_06,B86909,89,1,MASc KA 40 blocks,sa,112,112,14,1
sk_01,B77363,89,1,MASc KA 40 blocks,sa,112,112,14,1
sk_01,B77363,89,1,MASc KA 40 blocks,sa,112,112,14,1
sk_01,B86575,89,1,MASc KA 40 blocks,sa,112,112,14,1
sk_02,B78910,89,1,MASc KA 40 blocks,sa,112,112,14,1
sk_02,B86857,89,1,MASc KA 40 blocks,sa,112,112,14,1
sk_02,B86857,89,1,MASc KA 40 blocks,sa,112,112,14,1
sk_03,B78910,89,1,MASc KA 40 blocks,sa,112,112,14,1
sk_03,B86857,89,1,MASc KA 40 blocks,sa,112,112,14,1
sk_03,B86857,89,1,MASc KA 40 blocks,sa,112,112,14,1
sk_04,B77363,89,1,MASc KA 40 blocks,sa,112,112,14,1
sk_04,B78910,89,1,MASc KA 40 blocks,sa,112,112,14,1
sk_04,B86575,89,1,MASc KA 40 blocks,sa,112,112,14,1
sk_05,B78910,89,1,MASc KA 40 blocks,sa,112,112,14,1
sk_05,B86857,89,1,MASc KA 40 blocks,sa,112,112,14,1
sk_05,B86909,89,1,MASc KA 40 blocks,sa,112,112,14,1
sk_06,B77363,89,1,MASc KA 40 blocks,sa,112,112,14,1
sk_06,B86575,89,1,MASc KA 40 blocks,sa,112,112,14,1
sk_06,B86857,89,1,MASc KA 40 blocks,sa,112,112,14,1
fb_01,B78910,90,1,MASc KA 40 blocks,sa,112,112,14,1
fb_01,B78910,90,1,MASc KA 40 blocks,sa,112,112,14,1
fb_01,B86909,90,1,MASc KA 40 blocks,sa,112,112,14,1
fb_02,B78910,90,1,MASc KA 40 blocks,sa,112,112,14,1
fb_02,B78910,90,1,MASc KA 40 blocks,sa,112,112,14,1
fb_02,B91247,90,1,MASc KA 40 blocks,sa,112,112,14,1
fb_03,B86857,90,1,MASc KA 40 blocks,sa,112,112,14,1
fb_03,B86857,90,1,MASc KA 40 blocks,sa,112,112,14,1
fb_03,B86909,90,1,MASc KA 40 blocks,sa,112,112,14,1
fb_04,B86857,90,1,MASc KA 40 blocks,sa,112,112,14,1
fb_04,B86857,90,1,MASc KA 40 blocks,sa,112,112,14,1
fb_04,B95247,90,1,MASc KA 40 blocks,sa,112,112,14,1
fb_05,B78567,90,1,MASc KA 40 blocks,sa,112,112,14,1
fb_05,B78910,90,1,MASc KA 40 blocks,sa,112,112,14,1
fb_05,B98430,90,1,MASc KA 40 blocks,sa,112,112,14,1
fb_06,B77363,90,1,MASc KA 40 blocks,sa,112,112,14,1
fb_06,B77363,90,1,MASc KA 40 blocks,sa,112,112,14,1
fb_06,B98430,90,1,MASc KA 40 blocks,sa,112,112,14,1
ld_01,B86857,90,1,MASc KA 40 blocks,sa,112,112,14,1
ld_01,B86909,90,1,MASc KA 40 blocks,sa,112,112,14,1
ld_02,B86857,90,1,MASc KA 40 blocks,sa,112,112,14,1
ld_02,B86909,90,1,MASc KA 40 blocks,sa,112,112,14,1
ld_03,B86909,90,1,MASc KA 40 blocks,sa,112,112,14,1
ld_03,B91247,90,1,MASc KA 40 blocks,sa,112,112,14,1
ld_04,B86857,90,1,MASc KA 40 blocks,sa,112,112,14,1
ld_04,B92962,90,1,MASc KA 40 blocks,sa,112,112,14,1
ld_05,B86857,90,1,MASc KA 40 blocks,sa,112,112,14,1
ld_06,B86857,90,1,MASc KA 40 blocks,sa,112,112,14,1
pr_01,B77363,90,1,MASc KA 40 blocks,sa,112,112,14,1
pr_01,B86575,90,1,MASc KA 40 blocks,sa,112,112,14,1
pr_01,B86857,90,1,MASc KA 40 blocks,sa,112,112,14,1
pr_02,B77363,90,1,MASc KA 40 blocks,sa,112,112,14,1
pr_02,B78910,90,1,MASc KA 40 blocks,sa,112,112,14,1
pr_02,B86857,90,1,MASc KA 40 blocks,sa,112,112,14,1
pr_03,B77363,90,1,MASc KA 40 blocks,sa,112,112,14,1
pr_03,B78910,90,1,MASc KA 40 blocks,sa,112,112,14,1
pr_03,B86857,90,1,MASc KA 40 blocks,sa,112,112,14,1
pr_04,B77363,90,1,MASc KA 40 blocks,sa,112,112,14,1
pr_04,B78910,90,1,MASc KA 40 blocks,sa,112,112,14,1
pr_04,B86857,90,1,MASc KA 40 blocks,sa,112,112,14,1
pr_05,B78910,90,1,MASc KA 40 blocks,sa,112,112,14,1
pr_05,B86575,90,1,MASc KA 40 blocks,sa,112,112,14,1
pr_05,B86909,90,1,MASc KA 40 blocks,sa,112,112,14,1
pr_06,B86575,90,1,MASc KA 40 blocks,sa,112,112,14,1
pr_06,B86857,90,1,MASc KA 40 blocks,sa,112,112,14,1
sk_01,B86857,90,1,MASc KA 40 blocks,sa,112,112,14,1
sk_01,B86909,90,1,MASc KA 40 blocks,sa,112,112,14,1
sk_01,B86909,90,1,MASc KA 40 blocks,sa,112,112,14,1
sk_02,B86857,90,1,MASc KA 40 blocks,sa,112,112,14,1
sk_02,B86909,90,1,MASc KA 40 blocks,sa,112,112,14,1
sk_02,B86909,90,1,MASc KA 40 blocks,sa,112,112,14,1
sk_03,B78910,90,1,MASc KA 40 blocks,sa,112,112,14,1
sk_03,B86909,90,1,MASc KA 40 blocks,sa,112,112,14,1
sk_03,B86909,90,1,MASc KA 40 blocks,sa,112,112,14,1
sk_04,B84093,90,1,MASc KA 40 blocks,sa,112,112,14,1
sk_04,B86909,90,1,MASc KA 40 blocks,sa,112,112,14,1
sk_04,B86909,90,1,MASc KA 40 blocks,sa,112,112,14,1
sk_05,B84093,90,1,MASc KA 40 blocks,sa,112,112,14,1
sk_05,B86909,90,1,MASc KA 40 blocks,sa,112,112,14,1
sk_05,B91247,90,1,MASc KA 40 blocks,sa,112,112,14,1
sk_06,B78910,90,1,MASc KA 40 blocks,sa,112,112,14,1
sk_06,B86909,90,1,MASc KA 40 blocks,sa,112,112,14,1
sk_06,B95247,90,1,MASc KA 40 blocks,sa,112,112,14,1
fb_01,B78567,91,1,MASc KA 40 blocks,sa,112,112,14,1
fb_01,B82792,91,1,MASc KA 40 blocks,sa,112,112,14,1
fb_01,B96294,91,1,MASc KA 40 blocks,sa,112,112,14,1
fb_02,B86857,91,1,MASc KA 40 blocks,sa,112,112,14,1
fb_02,B96294,91,1,MASc KA 40 blocks,sa,112,112,14,1
fb_02,B96294,91,1,MASc KA 40 blocks,sa,112,112,14,1
fb_03,B86857,91,1,MASc KA 40 blocks,sa,112,112,14,1
fb_03,B86909,91,1,MASc KA 40 blocks,sa,112,112,14,1
fb_03,B86909,91,1,MASc KA 40 blocks,sa,112,112,14,1
fb_04,B86857,91,1,MASc KA 40 blocks,sa,112,112,14,1
fb_04,B86909,91,1,MASc KA 40 blocks,sa,112,112,14,1
fb_04,B86909,91,1,MASc KA 40 blocks,sa,112,112,14,1
fb_05,B95247,91,1,MASc KA 40 blocks,sa,112,112,14,1
fb_05,B96294,91,1,MASc KA 40 blocks,sa,112,112,14,1
fb_05,B98430,91,1,MASc KA 40 blocks,sa,112,112,14,1
fb_06,B86857,91,1,MASc KA 40 blocks,sa,112,112,14,1
fb_06,B86909,91,1,MASc KA 40 blocks,sa,112,112,14,1
fb_06,B95247,91,1,MASc KA 40 blocks,sa,112,112,14,1
ld_01,B77363,91,1,MASc KA 40 blocks,sa,112,112,14,1
ld_01,B86575,91,1,MASc KA 40 blocks,sa,112,112,14,1
ld_01,B86857,91,1,MASc KA 40 blocks,sa,112,112,14,1
ld_02,B78910,91,1,MASc KA 40 blocks,sa,112,112,14,1
ld_02,B86575,91,1,MASc KA 40 blocks,sa,112,112,14,1
ld_02,B86857,91,1,MASc KA 40 blocks,sa,112,112,14,1
ld_03,B78910,91,1,MASc KA 40 blocks,sa,112,112,14,1
ld_03,B86575,91,1,MASc KA 40 blocks,sa,112,112,14,1
ld_03,B86857,91,1,MASc KA 40 blocks,sa,112,112,14,1
ld_04,B77363,91,1,MASc KA 40 blocks,sa,112,112,14,1
ld_04,B86909,91,1,MASc KA 40 blocks,sa,112,112,14,1
ld_05,B77363,91,1,MASc KA 40 blocks,sa,112,112,14,1
ld_05,B78910,91,1,MASc KA 40 blocks,sa,112,112,14,1
ld_06,B77363,91,1,MASc KA 40 blocks,sa,112,112,14,1
ld_06,B86575,91,1,MASc KA 40 blocks,sa,112,112,14,1
pr_01,B84093,91,1,MASc KA 40 blocks,sa,112,112,14,1
pr_01,B86857,91,1,MASc KA 40 blocks,sa,112,112,14,1
pr_01,B86909,91,1,MASc KA 40 blocks,sa,112,112,14,1
pr_02,B84093,91,1,MASc KA 40 blocks,sa,112,112,14,1
pr_02,B86909,91,1,MASc KA 40 blocks,sa,112,112,14,1
pr_02,B91247,91,1,MASc KA 40 blocks,sa,112,112,14,1
pr_03,B78910,91,1,MASc KA 40 blocks,sa,112,112,14,1
pr_03,B86909,91,1,MASc KA 40 blocks,sa,112,112,14,1
pr_03,B86909,91,1,MASc KA 40 blocks,sa,112,112,14,1
pr_04,B86909,91,1,MASc KA 40 blocks,sa,112,112,14,1
pr_04,B86909,91,1,MASc KA 40 blocks,sa,112,112,14,1
pr_04,B95247,91,1,MASc KA 40 blocks,sa,112,112,14,1
pr_05,B78910,91,1,MASc KA 40 blocks,sa,112,112,14,1
pr_05,B86909,91,1,MASc KA 40 blocks,sa,112,112,14,1
pr_05,B86909,91,1,MASc KA 40 blocks,sa,112,112,14,1
pr_06,B86857,91,1,MASc KA 40 blocks,sa,112,112,14,1
pr_06,B86909,91,1,MASc KA 40 blocks,sa,112,112,14,1
pr_06,B86909,91,1,MASc KA 40 blocks,sa,112,112,14,1
sk_01,B78910,91,1,MASc KA 40 blocks,sa,112,112,14,1
sk_01,B78910,91,1,MASc KA 40 blocks,sa,112,112,14,1
sk_01,B86909,91,1,MASc KA 40 blocks,sa,112,112,14,1
sk_02,B77363,91,1,MASc KA 40 blocks,sa,112,112,14,1
sk_02,B78910,91,1,MASc KA 40 blocks,sa,112,112,14,1
sk_02,B78910,91,1,MASc KA 40 blocks,sa,112,112,14,1
sk_03,B86857,91,1,MASc KA 40 blocks,sa,112,112,14,1
sk_03,B91247,91,1,MASc KA 40 blocks,sa,112,112,14,1
sk_03,B98430,91,1,MASc KA 40 blocks,sa,112,112,14,1
sk_04,B77363,91,1,MASc KA 40 blocks,sa,112,112,14,1
sk_04,B78910,91,1,MASc KA 40 blocks,sa,112,112,14,1
sk_04,B78910,91,1,MASc KA 40 blocks,sa,112,112,14,1
sk_05,B77363,91,1,MASc KA 40 blocks,sa,112,112,14,1
sk_05,B78910,91,1,MASc KA 40 blocks,sa,112,112,14,1
sk_05,B78910,91,1,MASc KA 40 blocks,sa,112,112,14,1
sk_06,B77363,91,1,MASc KA 40 blocks,sa,112,112,14,1
sk_06,B78910,91,1,MASc KA 40 blocks,sa,112,112,14,1
sk_06,B86857,91,1,MASc KA 40 blocks,sa,112,112,14,1
fb_01,B88901,92,1,MASc KA 40 blocks,sa,112,112,14,1
fb_01,B95247,92,1,MASc KA 40 blocks,sa,112,112,14,1
fb_01,B95247,92,1,MASc KA 40 blocks,sa,112,112,14,1
fb_02,B91247,92,1,MASc KA 40 blocks,sa,112,112,14,1
fb_02,B95247,92,1,MASc KA 40 blocks,sa,112,112,14,1
fb_02,B95247,92,1,MASc KA 40 blocks,sa,112,112,14,1
fb_03,B86857,92,1,MASc KA 40 blocks,sa,112,112,14,1
fb_03,B86857,92,1,MASc KA 40 blocks,sa,112,112,14,1
fb_03,B86909,92,1,MASc KA 40 blocks,sa,112,112,14,1
fb_04,B86857,92,1,MASc KA 40 blocks,sa,112,112,14,1
fb_04,B86857,92,1,MASc KA 40 blocks,sa,112,112,14,1
fb_04,B86909,92,1,MASc KA 40 blocks,sa,112,112,14,1
fb_05,B77363,92,1,MASc KA 40 blocks,sa,112,112,14,1
fb_05,B94657,92,1,MASc KA 40 blocks,sa,112,112,14,1
fb_05,B98430,92,1,MASc KA 40 blocks,sa,112,112,14,1
fb_06,B78910,92,1,MASc KA 40 blocks,sa,112,112,14,1
fb_06,B78910,92,1,MASc KA 40 blocks,sa,112,112,14,1
fb_06,B96294,92,1,MASc KA 40 blocks,sa,112,112,14,1
ld_01,B86857,92,1,MASc KA 40 blocks,sa,112,112,14,1
ld_01,B91247,92,1,MASc KA 40 blocks,sa,112,112,14,1
ld_02,B86909,92,1,MASc KA 40 blocks,sa,112,112,14,1
ld_02,B95247,92,1,MASc KA 40 blocks,sa,112,112,14,1
ld_03,B78910,92,1,MASc KA 40 blocks,sa,112,112,14,1
ld_03,B86909,92,1,MASc KA 40 blocks,sa,112,112,14,1
ld_04,B84093,92,1,MASc KA 40 blocks,sa,112,112,14,1
ld_04,B86909,92,1,MASc KA 40 blocks,sa,112,112,14,1
ld_05,B84093,92,1,MASc KA 40 blocks,sa,112,112,14,1
ld_05,B86909,92,1,MASc KA 40 blocks,sa,112,112,14,1
ld_06,B78910,92,1,MASc KA 40 blocks,sa,112,112,14,1
ld_06,B86909,92,1,MASc KA 40 blocks,sa,112,112,14,1
pr_01,B77363,92,1,MASc KA 40 blocks,sa,112,112,14,1
pr_01,B78910,92,1,MASc KA 40 blocks,sa,112,112,14,1
pr_01,B78910,92,1,MASc KA 40 blocks,sa,112,112,14,1
pr_02,B77363,92,1,MASc KA 40 blocks,sa,112,112,14,1
pr_02,B78910,92,1,MASc KA 40 blocks,sa,112,112,14,1
pr_02,B86857,92,1,MASc KA 40 blocks,sa,112,112,14,1
pr_03,B77363,92,1,MASc KA 40 blocks,sa,112,112,14,1
pr_03,B78910,92,1,MASc KA 40 blocks,sa,112,112,14,1
pr_03,B86857,92,1,MASc KA 40 blocks,sa,112,112,14,1
pr_04,B78910,92,1,MASc KA 40 blocks,sa,112,112,14,1
pr_04,B86909,92,1,MASc KA 40 blocks,sa,112,112,14,1
pr_04,B91247,92,1,MASc KA 40 blocks,sa,112,112,14,1
pr_05,B78910,92,1,MASc KA 40 blocks,sa,112,112,14,1
pr_05,B78910,92,1,MASc KA 40 blocks,sa,112,112,14,1
pr_05,B86909,92,1,MASc KA 40 blocks,sa,112,112,14,1
pr_06,B78910,92,1,MASc KA 40 blocks,sa,112,112,14,1
pr_06,B78910,92,1,MASc KA 40 blocks,sa,112,112,14,1
sk_01,B86857,92,1,MASc KA 40 blocks,sa,112,112,14,1
sk_01,B86909,92,1,MASc KA 40 blocks,sa,112,112,14,1
sk_01,B86909,92,1,MASc KA 40 blocks,sa,112,112,14,1
sk_02,B78567,92,1,MASc KA 40 blocks,sa,112,112,14,1
sk_02,B86857,92,1,MASc KA 40 blocks,sa,112,112,14,1
sk_02,B86909,92,1,MASc KA 40 blocks,sa,112,112,14,1
sk_03,B82792,92,1,MASc KA 40 blocks,sa,112,112,14,1
sk_03,B86857,92,1,MASc KA 40 blocks,sa,112,112,14,1
sk_03,B86909,92,1,MASc KA 40 blocks,sa,112,112,14,1
sk_04,B86857,92,1,MASc KA 40 blocks,sa,112,112,14,1
sk_04,B86857,92,1,MASc KA 40 blocks,sa,112,112,14,1
sk_04,B86909,92,1,MASc KA 40 blocks,sa,112,112,14,1
sk_05,B86857,92,1,MASc KA 40 blocks,sa,112,112,14,1
sk_05,B86857,92,1,MASc KA 40 blocks,sa,112,112,14,1
sk_05,B91247,92,1,MASc KA 40 blocks,sa,112,112,14,1
sk_06,B86857,92,1,MASc KA 40 blocks,sa,112,112,14,1
sk_06,B86857,92,1,MASc KA 40 blocks,sa,112,112,14,1
sk_06,B86909,92,1,MASc KA 40 blocks,sa,112,112,14,1
fb_01,B91247,93,1,MASc KA 40 blocks,sa,112,112,14,1
fb_01,B95247,93,1,MASc KA 40 blocks,sa,112,112,14,1
fb_01,B95247,93,1,MASc KA 40 blocks,sa,112,112,14,1
fb_02,B91247,93,1,MASc KA 40 blocks,sa,112,112,14,1
fb_02,B95247,93,1,MASc KA 40 blocks,sa,112,112,14,1
fb_02,B95247,93,1,MASc KA 40 blocks,sa,112,112,14,1
fb_03,B86857,93,1,MASc KA 40 blocks,sa,112,112,14,1
fb_03,B86909,93,1,MASc KA 40 blocks,sa,112,112,14,1
fb_03,B86909,93,1,MASc KA 40 blocks,sa,112,112,14,1
fb_04,B86857,93,1,MASc KA 40 blocks,sa,112,112,14,1
fb_04,B86909,93,1,MASc KA 40 blocks,sa,112,112,14,1
fb_04,B86909,93,1,MASc KA 40 blocks,sa,112,112,14,1
fb_05,B77363,93,1,MASc KA 40 blocks,sa,112,112,14,1
fb_05,B92962,93,1,MASc KA 40 blocks,sa,112,112,14,1
fb_05,B95247,93,1,MASc KA 40 blocks,sa,112,112,14,1
fb_06,B91173,93,1,MASc KA 40 blocks,sa,112,112,14,1
fb_06,B95247,93,1,MASc KA 40 blocks,sa,112,112,14,1
fb_06,B96294,93,1,MASc KA 40 blocks,sa,112,112,14,1
ld_01,B77363,93,1,MASc KA 40 blocks,sa,112,112,14,1
ld_01,B78910,93,1,MASc KA 40 blocks,sa,112,112,14,1
ld_01,B86857,93,1,MASc KA 40 blocks,sa,112,112,14,1
ld_02,B78910,93,1,MASc KA 40 blocks,sa,112,112,14,1
ld_02,B78910,93,1,MASc KA 40 blocks,sa,112,112,14,1
ld_02,B86857,93,1,MASc KA 40 blocks,sa,112,112,14,1
ld_03,B78910,93,1,MASc KA 40 blocks,sa,112,112,14,1
ld_03,B86909,93,1,MASc KA 40 blocks,sa,112,112,14,1
ld_04,B78910,93,1,MASc KA 40 blocks,sa,112,112,14,1
ld_04,B86909,93,1,MASc KA 40 blocks,sa,112,112,14,1
ld_05,B77363,93,1,MASc KA 40 blocks,sa,112,112,14,1
ld_05,B78910,93,1,MASc KA 40 blocks,sa,112,112,14,1
ld_06,B77363,93,1,MASc KA 40 blocks,sa,112,112,14,1
ld_06,B78910,93,1,MASc KA 40 blocks,sa,112,112,14,1
pr_01,B78567,93,1,MASc KA 40 blocks,sa,112,112,14,1
pr_01,B86857,93,1,MASc KA 40 blocks,sa,112,112,14,1
pr_01,B86909,93,1,MASc KA 40 blocks,sa,112,112,14,1
pr_02,B86857,93,1,MASc KA 40 blocks,sa,112,112,14,1
pr_02,B86857,93,1,MASc KA 40 blocks,sa,112,112,14,1
pr_02,B86909,93,1,MASc KA 40 blocks,sa,112,112,14,1
pr_03,B86857,93,1,MASc KA 40 blocks,sa,112,112,14,1
pr_03,B86857,93,1,MASc KA 40 blocks,sa,112,112,14,1
pr_03,B86909,93,1,MASc KA 40 blocks,sa,112,112,14,1
pr_04,B86857,93,1,MASc KA 40 blocks,sa,112,112,14,1
pr_04,B86909,93,1,MASc KA 40 blocks,sa,112,112,14,1
pr_04,B91247,93,1,MASc KA 40 blocks,sa,112,112,14,1
pr_05,B82792,93,1,MASc KA 40 blocks,sa,112,112,14,1
pr_05,B86857,93,1,MASc KA 40 blocks,sa,112,112,14,1
pr_05,B86909,93,1,MASc KA 40 blocks,sa,112,112,14,1
pr_06,B86857,93,1,MASc KA 40 blocks,sa,112,112,14,1
pr_06,B86909,93,1,MASc KA 40 blocks,sa,112,112,14,1
pr_06,B86909,93,1,MASc KA 40 blocks,sa,112,112,14,1
sk_01,B86857,93,1,MASc KA 40 blocks,sa,112,112,14,1
sk_01,B86857,93,1,MASc KA 40 blocks,sa,112,112,14,1
sk_01,B86909,93,1,MASc KA 40 blocks,sa,112,112,14,1
sk_02,B86857,93,1,MASc KA 40 blocks,sa,112,112,14,1
sk_02,B86857,93,1,MASc KA 40 blocks,sa,112,112,14,1
sk_02,B91247,93,1,MASc KA 40 blocks,sa,112,112,14,1
sk_03,B78910,93,1,MASc KA 40 blocks,sa,112,112,14,1
sk_03,B78910,93,1,MASc KA 40 blocks,sa,112,112,14,1
sk_03,B86857,93,1,MASc KA 40 blocks,sa,112,112,14,1
sk_04,B78910,93,1,MASc KA 40 blocks,sa,112,112,14,1
sk_04,B86909,93,1,MASc KA 40 blocks,sa,112,112,14,1
sk_04,B91247,93,1,MASc KA 40 blocks,sa,112,112,14,1
sk_05,B77363,93,1,MASc KA 40 blocks,sa,112,112,14,1
sk_05,B86857,93,1,MASc KA 40 blocks,sa,112,112,14,1
sk_05,B86909,93,1,MASc KA 40 blocks,sa,112,112,14,1
sk_06,B77363,93,1,MASc KA 40 blocks,sa,112,112,14,1
sk_06,B86909,93,1,MASc KA 40 blocks,sa,112,112,14,1
sk_06,B86909,93,1,MASc KA 40 blocks,sa,112,112,14,1
fb_01,B86857,94,1,MASc KA 40 blocks,sa,112,112,14,1
fb_01,B91247,94,1,MASc KA 40 blocks,sa,112,112,14,1
fb_01,B95247,94,1,MASc KA 40 blocks,sa,112,112,14,1
fb_02,B91247,94,1,MASc KA 40 blocks,sa,112,112,14,1
fb_02,B91247,94,1,MASc KA 40 blocks,sa,112,112,14,1
fb_02,B95834,94,1,MASc KA 40 blocks,sa,112,112,14,1
fb_03,B86857,94,1,MASc KA 40 blocks,sa,112,112,14,1
fb_03,B86857,94,1,MASc KA 40 blocks,sa,112,112,14,1
fb_03,B86909,94,1,MASc KA 40 blocks,sa,112,112,14,1
fb_04,B86857,94,1,MASc KA 40 blocks,sa,112,112,14,1
fb_04,B86909,94,1,MASc KA 40 blocks,sa,112,112,14,1
fb_04,B95247,94,1,MASc KA 40 blocks,sa,112,112,14,1
fb_05,B82792,94,1,MASc KA 40 blocks,sa,112,112,14,1
fb_05,B95247,94,1,MASc KA 40 blocks,sa,112,112,14,1
fb_05,B95247,94,1,MASc KA 40 blocks,sa,112,112,14,1
fb_06,B86857,94,1,MASc KA 40 blocks,sa,112,112,14,1
fb_06,B95247,94,1,MASc KA 40 blocks,sa,112,112,14,1
fb_06,B95834,94,1,MASc KA 40 blocks,sa,112,112,14,1
ld_01,B86857,94,1,MASc KA 40 blocks,sa,112,112,14,1
ld_01,B86909,94,1,MASc KA 40 blocks,sa,112,112,14,1
ld_02,B86857,94,1,MASc KA 40 blocks,sa,112,112,14,1
ld_02,B86909,94,1,MASc KA 40 blocks,sa,112,112,14,1
ld_03,B86857,94,1,MASc KA 40 blocks,sa,112,112,14,1
ld_03,B86909,94,1,MASc KA 40 blocks,sa,112,112,14,1
ld_04,B86857,94,1,MASc KA 40 blocks,sa,112,112,14,1
ld_04,B91247,94,1,MASc KA 40 blocks,sa,112,112,14,1
ld_05,B82792,94,1,MASc KA 40 blocks,sa,112,112,14,1
ld_05,B86857,94,1,MASc KA 40 blocks,sa,112,112,14,1
ld_06,B86909,94,1,MASc KA 40 blocks,sa,112,112,14,1
pr_01,B77363,94,1,MASc KA 40 blocks,sa,112,112,14,1
pr_01,B86857,94,1,MASc KA 40 blocks,sa,112,112,14,1
pr_01,B91247,94,1,MASc KA 40 blocks,sa,112,112,14,1
pr_02,B77363,94,1,MASc KA 40 blocks,sa,112,112,14,1
pr_02,B86857,94,1,MASc KA 40 blocks,sa,112,112,14,1
pr_02,B86909,94,1,MASc KA 40 blocks,sa,112,112,14,1
pr_03,B78910,94,1,MASc KA 40 blocks,sa,112,112,14,1
pr_03,B86857,94,1,MASc KA 40 blocks,sa,112,112,14,1
pr_03,B86909,94,1,MASc KA 40 blocks,sa,112,112,14,1
pr_04,B78910,94,1,MASc KA 40 blocks,sa,112,112,14,1
pr_04,B86857,94,1,MASc KA 40 blocks,sa,112,112,14,1
pr_04,B86909,94,1,MASc KA 40 blocks,sa,112,112,14,1
pr_05,B78910,94,1,MASc KA 40 blocks,sa,112,112,14,1
pr_05,B86857,94,1,MASc KA 40 blocks,sa,112,112,14,1
pr_05,B86909,94,1,MASc KA 40 blocks,sa,112,112,14,1
pr_06,B86857,94,1,MASc KA 40 blocks,sa,112,112,14,1
pr_06,B86909,94,1,MASc KA 40 blocks,sa,112,112,14,1
pr_06,B91247,94,1,MASc KA 40 blocks,sa,112,112,14,1
sk_01,B86909,94,1,MASc KA 40 blocks,sa,112,112,14,1
sk_01,B86909,94,1,MASc KA 40 blocks,sa,112,112,14,1
sk_01,B91247,94,1,MASc KA 40 blocks,sa,112,112,14,1
sk_02,B86909,94,1,MASc KA 40 blocks,sa,112,112,14,1
sk_02,B86909,94,1,MASc KA 40 blocks,sa,112,112,14,1
sk_02,B91247,94,1,MASc KA 40 blocks,sa,112,112,14,1
sk_03,B77363,94,1,MASc KA 40 blocks,sa,112,112,14,1
sk_03,B86909,94,1,MASc KA 40 blocks,sa,112,112,14,1
sk_03,B86909,94,1,MASc KA 40 blocks,sa,112,112,14,1
sk_04,B77363,94,1,MASc KA 40 blocks,sa,112,112,14,1
sk_04,B86909,94,1,MASc KA 40 blocks,sa,112,112,14,1
sk_04,B91247,94,1,MASc KA 40 blocks,sa,112,112,14,1
sk_05,B86857,94,1,MASc KA 40 blocks,sa,112,112,14,1
sk_05,B95247,94,1,MASc KA 40 blocks,sa,112,112,14,1
sk_05,B95247,94,1,MASc KA 40 blocks,sa,112,112,14,1
sk_06,B86857,94,1,MASc KA 40 blocks,sa,112,112,14,1
sk_06,B86909,94,1,MASc KA 40 blocks,sa,112,112,14,1
sk_06,B95247,94,1,MASc KA 40 blocks,sa,112,112,14,1
fb_01,B82792,95,1,MASc KA 40 blocks,sa,112,112,14,1
fb_01,B91247,95,1,MASc KA 40 blocks,sa,112,112,14,1
fb_01,B91247,95,1,MASc KA 40 blocks,sa,112,112,14,1
fb_02,B77363,95,1,MASc KA 40 blocks,sa,112,112,14,1
fb_02,B91247,95,1,MASc KA 40 blocks,sa,112,112,14,1
fb_02,B91247,95,1,MASc KA 40 blocks,sa,112,112,14,1
fb_03,B86857,95,1,MASc KA 40 blocks,sa,112,112,14,1
fb_03,B86909,95,1,MASc KA 40 blocks,sa,112,112,14,1
fb_03,B86909,95,1,MASc KA 40 blocks,sa,112,112,14,1
fb_04,B86857,95,1,MASc KA 40 blocks,sa,112,112,14,1
fb_04,B86909,95,1,MASc KA 40 blocks,sa,112,112,14,1
fb_04,B86909,95,1,MASc KA 40 blocks,sa,112,112,14,1
fb_05,B82792,95,1,MASc KA 40 blocks,sa,112,112,14,1
fb_05,B95247,95,1,MASc KA 40 blocks,sa,112,112,14,1
fb_05,B95247,95,1,MASc KA 40 blocks,sa,112,112,14,1
fb_06,B86857,95,1,MASc KA 40 blocks,sa,112,112,14,1
fb_06,B86857,95,1,MASc KA 40 blocks,sa,112,112,14,1
fb_06,B95247,95,1,MASc KA 40 blocks,sa,112,112,14,1
ld_01,B78910,95,1,MASc KA 40 blocks,sa,112,112,14,1
ld_01,B86857,95,1,MASc KA 40 blocks,sa,112,112,14,1
ld_02,B86857,95,1,MASc KA 40 blocks,sa,112,112,14,1
ld_02,B91247,95,1,MASc KA 40 blocks,sa,112,112,14,1
ld_03,B77363,95,1,MASc KA 40 blocks,sa,112,112,14,1
ld_03,B86857,95,1,MASc KA 40 blocks,sa,112,112,14,1
ld_04,B77363,95,1,MASc KA 40 blocks,sa,112,112,14,1
ld_04,B86857,95,1,MASc KA 40 blocks,sa,112,112,14,1
ld_05,B78910,95,1,MASc KA 40 blocks,sa,112,112,14,1
ld_05,B86909,95,1,MASc KA 40 blocks,sa,112,112,14,1
ld_06,B78910,95,1,MASc KA 40 blocks,sa,112,112,14,1
ld_06,B86909,95,1,MASc KA 40 blocks,sa,112,112,14,1
pr_01,B86857,95,1,MASc KA 40 blocks,sa,112,112,14,1
pr_01,B86909,95,1,MASc KA 40 blocks,sa,112,112,14,1
pr_01,B91247,95,1,MASc KA 40 blocks,sa,112,112,14,1
pr_02,B77363,95,1,MASc KA 40 blocks,sa,112,112,14,1
pr_02,B86857,95,1,MASc KA 40 blocks,sa,112,112,14,1
pr_02,B86909,95,1,MASc KA 40 blocks,sa,112,112,14,1
pr_03,B77363,95,1,MASc KA 40 blocks,sa,112,112,14,1
pr_03,B86909,95,1,MASc KA 40 blocks,sa,112,112,14,1
pr_03,B91247,95,1,MASc KA 40 blocks,sa,112,112,14,1
pr_04,B86909,95,1,MASc KA 40 blocks,sa,112,112,14,1
pr_04,B91247,95,1,MASc KA 40 blocks,sa,112,112,14,1
pr_04,B95247,95,1,MASc KA 40 blocks,sa,112,112,14,1
pr_05,B86909,95,1,MASc KA 40 blocks,sa,112,112,14,1
pr_05,B86909,95,1,MASc KA 40 blocks,sa,112,112,14,1
pr_05,B95247,95,1,MASc KA 40 blocks,sa,112,112,14,1
pr_06,B86909,95,1,MASc KA 40 blocks,sa,112,112,14,1
pr_06,B86909,95,1,MASc KA 40 blocks,sa,112,112,14,1
pr_06,B95247,95,1,MASc KA 40 blocks,sa,112,112,14,1
sk_01,B82792,95,1,MASc KA 40 blocks,sa,112,112,14,1
sk_01,B86909,95,1,MASc KA 40 blocks,sa,112,112,14,1
sk_01,B91247,95,1,MASc KA 40 blocks,sa,112,112,14,1
sk_02,B82792,95,1,MASc KA 40 blocks,sa,112,112,14,1
sk_02,B86909,95,1,MASc KA 40 blocks,sa,112,112,14,1
sk_02,B95247,95,1,MASc KA 40 blocks,sa,112,112,14,1
sk_03,B86857,95,1,MASc KA 40 blocks,sa,112,112,14,1
sk_03,B86857,95,1,MASc KA 40 blocks,sa,112,112,14,1
sk_03,B91247,95,1,MASc KA 40 blocks,sa,112,112,14,1
sk_04,B86857,95,1,MASc KA 40 blocks,sa,112,112,14,1
sk_04,B86857,95,1,MASc KA 40 blocks,sa,112,112,14,1
sk_04,B91247,95,1,MASc KA 40 blocks,sa,112,112,14,1
sk_05,B86857,95,1,MASc KA 40 blocks,sa,112,112,14,1
sk_05,B86857,95,1,MASc KA 40 blocks,sa,112,112,14,1
sk_05,B91247,95,1,MASc KA 40 blocks,sa,112,112,14,1
sk_06,B86857,95,1,MASc KA 40 blocks,sa,112,112,14,1
sk_06,B95247,95,1,MASc KA 40 blocks,sa,112,112,14,1
sk_06,B95247,95,1,MASc KA 40 blocks,sa,112,112,14,1
fb_01,B86857,96,1,MASc KA 40 blocks,sa,112,112,14,1
fb_01,B88901,96,1,MASc KA 40 blocks,sa,112,112,14,1
fb_01,B91247,96,1,MASc KA 40 blocks,sa,112,112,14,1
fb_02,B86553,96,1,MASc KA 40 blocks,sa,112,112,14,1
fb_02,B88901,96,1,MASc KA 40 blocks,sa,112,112,14,1
fb_02,B91247,96,1,MASc KA 40 blocks,sa,112,112,14,1
fb_03,B86857,96,1,MASc KA 40 blocks,sa,112,112,14,1
fb_03,B86857,96,1,MASc KA 40 blocks,sa,112,112,14,1
fb_03,B86909,96,1,MASc KA 40 blocks,sa,112,112,14,1
fb_04,B86857,96,1,MASc KA 40 blocks,sa,112,112,14,1
fb_04,B86909,96,1,MASc KA 40 blocks,sa,112,112,14,1
fb_04,B91247,96,1,MASc KA 40 blocks,sa,112,112,14,1
fb_05,B86857,96,1,MASc KA 40 blocks,sa,112,112,14,1
fb_05,B91247,96,1,MASc KA 40 blocks,sa,112,112,14,1
fb_05,B95834,96,1,MASc KA 40 blocks,sa,112,112,14,1
fb_06,B86857,96,1,MASc KA 40 blocks,sa,112,112,14,1
fb_06,B95247,96,1,MASc KA 40 blocks,sa,112,112,14,1
fb_06,B95834,96,1,MASc KA 40 blocks,sa,112,112,14,1
ld_01,B86857,96,1,MASc KA 40 blocks,sa,112,112,14,1
ld_01,B95247,96,1,MASc KA 40 blocks,sa,112,112,14,1
ld_01,B95247,96,1,MASc KA 40 blocks,sa,112,112,14,1
ld_02,B86857,96,1,MASc KA 40 blocks,sa,112,112,14,1
ld_02,B86909,96,1,MASc KA 40 blocks,sa,112,112,14,1
ld_03,B77363,96,1,MASc KA 40 blocks,sa,112,112,14,1
ld_03,B86909,96,1,MASc KA 40 blocks,sa,112,112,14,1
ld_04,B86909,96,1,MASc KA 40 blocks,sa,112,112,14,1
ld_04,B91247,96,1,MASc KA 40 blocks,sa,112,112,14,1
ld_05,B77363,96,1,MASc KA 40 blocks,sa,112,112,14,1
ld_05,B86909,96,1,MASc KA 40 blocks,sa,112,112,14,1
ld_06,B86909,96,1,MASc KA 40 blocks,sa,112,112,14,1
ld_06,B91247,96,1,MASc KA 40 blocks,sa,112,112,14,1
pr_01,B82792,96,1,MASc KA 40 blocks,sa,112,112,14,1
pr_01,B86857,96,1,MASc KA 40 blocks,sa,112,112,14,1
pr_01,B95247,96,1,MASc KA 40 blocks,sa,112,112,14,1
pr_02,B86857,96,1,MASc KA 40 blocks,sa,112,112,14,1
pr_02,B91247,96,1,MASc KA 40 blocks,sa,112,112,14,1
pr_02,B95247,96,1,MASc KA 40 blocks,sa,112,112,14,1
pr_03,B82792,96,1,MASc KA 40 blocks,sa,112,112,14,1
pr_03,B86857,96,1,MASc KA 40 blocks,sa,112,112,14,1
pr_03,B91247,96,1,MASc KA 40 blocks,sa,112,112,14,1
pr_04,B86857,96,1,MASc KA 40 blocks,sa,112,112,14,1
pr_04,B86909,96,1,MASc KA 40 blocks,sa,112,112,14,1
pr_04,B91247,96,1,MASc KA 40 blocks,sa,112,112,14,1
pr_05,B86857,96,1,MASc KA 40 blocks,sa,112,112,14,1
pr_05,B86909,96,1,MASc KA 40 blocks,sa,112,112,14,1
pr_05,B91247,96,1,MASc KA 40 blocks,sa,112,112,14,1
pr_06,B82792,96,1,MASc KA 40 blocks,sa,112,112,14,1
pr_06,B86857,96,1,MASc KA 40 blocks,sa,112,112,14,1
pr_06,B86909,96,1,MASc KA 40 blocks,sa,112,112,14,1
sk_01,B86857,96,1,MASc KA 40 blocks,sa,112,112,14,1
sk_01,B86909,96,1,MASc KA 40 blocks,sa,112,112,14,1
sk_01,B91247,96,1,MASc KA 40 blocks,sa,112,112,14,1
sk_02,B86857,96,1,MASc KA 40 blocks,sa,112,112,14,1
sk_02,B86909,96,1,MASc KA 40 blocks,sa,112,112,14,1
sk_02,B95247,96,1,MASc KA 40 blocks,sa,112,112,14,1
sk_03,B82792,96,1,MASc KA 40 blocks,sa,112,112,14,1
sk_03,B86857,96,1,MASc KA 40 blocks,sa,112,112,14,1
sk_03,B86909,96,1,MASc KA 40 blocks,sa,112,112,14,1
sk_04,B82792,96,1,MASc KA 40 blocks,sa,112,112,14,1
sk_04,B86857,96,1,MASc KA 40 blocks,sa,112,112,14,1
sk_04,B86909,96,1,MASc KA 40 blocks,sa,112,112,14,1
sk_05,B77363,96,1,MASc KA 40 blocks,sa,112,112,14,1
sk_05,B86857,96,1,MASc KA 40 blocks,sa,112,112,14,1
sk_05,B95247,96,1,MASc KA 40 blocks,sa,112,112,14,1
sk_06,B77363,96,1,MASc KA 40 blocks,sa,112,112,14,1
sk_06,B86909,96,1,MASc KA 40 blocks,sa,112,112,14,1
sk_06,B91247,96,1,MASc KA 40 blocks,sa,112,112,14,1
fb_01,B91247,97,1,MASc KA 40 blocks,sa,112,112,14,1
fb_01,B91247,97,1,MASc KA 40 blocks,sa,112,112,14,1
fb_01,B91247,97,1,MASc KA 40 blocks,sa,112,112,14,1
fb_02,B91247,97,1,MASc KA 40 blocks,sa,112,112,14,1
fb_02,B91247,97,1,MASc KA 40 blocks,sa,112,112,14,1
fb_02,B91247,97,1,MASc KA 40 blocks,sa,112,112,14,1
fb_03,B86857,97,1,MASc KA 40 blocks,sa,112,112,14,1
fb_03,B86909,97,1,MASc KA 40 blocks,sa,112,112,14,1
fb_03,B86909,97,1,MASc KA 40 blocks,sa,112,112,14,1
fb_04,B86857,97,1,MASc KA 40 blocks,sa,112,112,14,1
fb_04,B86909,97,1,MASc KA 40 blocks,sa,112,112,14,1
fb_04,B86909,97,1,MASc KA 40 blocks,sa,112,112,14,1
fb_05,B82792,97,1,MASc KA 40 blocks,sa,112,112,14,1
fb_05,B86857,97,1,MASc KA 40 blocks,sa,112,112,14,1
fb_05,B88901,97,1,MASc KA 40 blocks,sa,112,112,14,1
fb_06,B86857,97,1,MASc KA 40 blocks,sa,112,112,14,1
fb_06,B86857,97,1,MASc KA 40 blocks,sa,112,112,14,1
fb_06,B98430,97,1,MASc KA 40 blocks,sa,112,112,14,1
ld_01,B86857,97,1,MASc KA 40 blocks,sa,112,112,14,1
ld_01,B91247,97,1,MASc KA 40 blocks,sa,112,112,14,1
ld_02,B86857,97,1,MASc KA 40 blocks,sa,112,112,14,1
ld_02,B91247,97,1,MASc KA 40 blocks,sa,112,112,14,1
ld_03,B86857,97,1,MASc KA 40 blocks,sa,112,112,14,1
ld_03,B95247,97,1,MASc KA 40 blocks,sa,112,112,14,1
ld_04,B86857,97,1,MASc KA 40 blocks,sa,112,112,14,1
ld_04,B95247,97,1,MASc KA 40 blocks,sa,112,112,14,1
ld_05,B82792,97,1,MASc KA 40 blocks,sa,112,112,14,1
ld_05,B86909,97,1,MASc KA 40 blocks,sa,112,112,14,1
ld_06,B86909,97,1,MASc KA 40 blocks,sa,112,112,14,1
pr_01,B82792,97,1,MASc KA 40 blocks,sa,112,112,14,1
pr_01,B86857,97,1,MASc KA 40 blocks,sa,112,112,14,1
pr_01,B95247,97,1,MASc KA 40 blocks,sa,112,112,14,1
pr_02,B77363,97,1,MASc KA 40 blocks,sa,112,112,14,1
pr_02,B86857,97,1,MASc KA 40 blocks,sa,112,112,14,1
pr_02,B86909,97,1,MASc KA 40 blocks,sa,112,112,14,1
pr_03,B77363,97,1,MASc KA 40 blocks,sa,112,112,14,1
pr_03,B86909,97,1,MASc KA 40 blocks,sa,112,112,14,1
pr_03,B91247,97,1,MASc KA 40 blocks,sa,112,112,14,1
pr_04,B86909,97,1,MASc KA 40 blocks,sa,112,112,14,1
pr_04,B91247,97,1,MASc KA 40 blocks,sa,112,112,14,1
pr_04,B95247,97,1,MASc KA 40 blocks,sa,112,112,14,1
pr_05,B82792,97,1,MASc KA 40 blocks,sa,112,112,14,1
pr_05,B86857,97,1,MASc KA 40 blocks,sa,112,112,14,1
pr_05,B86909,97,1,MASc KA 40 blocks,sa,112,112,14,1
pr_06,B82792,97,1,MASc KA 40 blocks,sa,112,112,14,1
pr_06,B86857,97,1,MASc KA 40 blocks,sa,112,112,14,1
pr_06,B86909,97,1,MASc KA 40 blocks,sa,112,112,14,1
sk_01,B86857,97,1,MASc KA 40 blocks,sa,112,112,14,1
sk_01,B86909,97,1,MASc KA 40 blocks,sa,112,112,14,1
sk_01,B95247,97,1,MASc KA 40 blocks,sa,112,112,14,1
sk_02,B86857,97,1,MASc KA 40 blocks,sa,112,112,14,1
sk_02,B86909,97,1,MASc KA 40 blocks,sa,112,112,14,1
sk_02,B91247,97,1,MASc KA 40 blocks,sa,112,112,14,1
sk_03,B86857,97,1,MASc KA 40 blocks,sa,112,112,14,1
sk_03,B86857,97,1,MASc KA 40 blocks,sa,112,112,14,1
sk_03,B95247,97,1,MASc KA 40 blocks,sa,112,112,14,1
sk_04,B86857,97,1,MASc KA 40 blocks,sa,112,112,14,1
sk_04,B86857,97,1,MASc KA 40 blocks,sa,112,112,14,1
sk_04,B91247,97,1,MASc KA 40 blocks,sa,112,112,14,1
sk_05,B86857,97,1,MASc KA 40 blocks,sa,112,112,14,1
sk_05,B86857,97,1,MASc KA 40 blocks,sa,112,112,14,1
sk_05,B91247,97,1,MASc KA 40 blocks,sa,112,112,14,1
sk_06,B86857,97,1,MASc KA 40 blocks,sa,112,112,14,1
sk_06,B91247,97,1,MASc KA 40 blocks,sa,112,112,14,1
sk_06,B95247,97,1,MASc KA 40 blocks,sa,112,112,14,1
fb_01,B86553,98,1,MASc KA 40 blocks,sa,112,112,14,1
fb_01,B88901,98,1,MASc KA 40 blocks,sa,112,112,14,1
fb_01,B92731,98,1,MASc KA 40 blocks,sa,112,112,14,1
fb_02,B86909,98,1,MASc KA 40 blocks,sa,112,112,14,1
fb_02,B91247,98,1,MASc KA 40 blocks,sa,112,112,14,1
fb_02,B91247,98,1,MASc KA 40 blocks,sa,112,112,14,1
fb_03,B86857,98,1,MASc KA 40 blocks,sa,112,112,14,1
fb_03,B86909,98,1,MASc KA 40 blocks,sa,112,112,14,1
fb_03,B86909,98,1,MASc KA 40 blocks,sa,112,112,14,1
fb_04,B86857,98,1,MASc KA 40 blocks,sa,112,112,14,1
fb_04,B86857,98,1,MASc KA 40 blocks,sa,112,112,14,1
fb_04,B86909,98,1,MASc KA 40 blocks,sa,112,112,14,1
fb_05,B86553,98,1,MASc KA 40 blocks,sa,112,112,14,1
fb_05,B91247,98,1,MASc KA 40 blocks,sa,112,112,14,1
fb_05,B91247,98,1,MASc KA 40 blocks,sa,112,112,14,1
fb_06,B77363,98,1,MASc KA 40 blocks,sa,112,112,14,1
fb_06,B86553,98,1,MASc KA 40 blocks,sa,112,112,14,1
fb_06,B86857,98,1,MASc KA 40 blocks,sa,112,112,14,1
ld_01,B82792,98,1,MASc KA 40 blocks,sa,112,112,14,1
ld_01,B86857,98,1,MASc KA 40 blocks,sa,112,112,14,1
ld_02,B86857,98,1,MASc KA 40 blocks,sa,112,112,14,1
ld_02,B95247,98,1,MASc KA 40 blocks,sa,112,112,14,1
ld_03,B77363,98,1,MASc KA 40 blocks,sa,112,112,14,1
ld_03,B86909,98,1,MASc KA 40 blocks,sa,112,112,14,1
ld_04,B82792,98,1,MASc KA 40 blocks,sa,112,112,14,1
ld_04,B86909,98,1,MASc KA 40 blocks,sa,112,112,14,1
ld_05,B77363,98,1,MASc KA 40 blocks,sa,112,112,14,1
ld_05,B91247,98,1,MASc KA 40 blocks,sa,112,112,14,1
ld_06,B86909,98,1,MASc KA 40 blocks,sa,112,112,14,1
ld_06,B91247,98,1,MASc KA 40 blocks,sa,112,112,14,1
pr_01,B86857,98,1,MASc KA 40 blocks,sa,112,112,14,1
pr_01,B91247,98,1,MASc KA 40 blocks,sa,112,112,14,1
pr_01,B95247,98,1,MASc KA 40 blocks,sa,112,112,14,1
pr_02,B86857,98,1,MASc KA 40 blocks,sa,112,112,14,1
pr_02,B91247,98,1,MASc KA 40 blocks,sa,112,112,14,1
pr_02,B95247,98,1,MASc KA 40 blocks,sa,112,112,14,1
pr_03,B86857,98,1,MASc KA 40 blocks,sa,112,112,14,1
pr_03,B86857,98,1,MASc KA 40 blocks,sa,112,112,14,1
pr_03,B91247,98,1,MASc KA 40 blocks,sa,112,112,14,1
pr_04,B86857,98,1,MASc KA 40 blocks,sa,112,112,14,1
pr_04,B86857,98,1,MASc KA 40 blocks,sa,112,112,14,1
pr_04,B86909,98,1,MASc KA 40 blocks,sa,112,112,14,1
pr_05,B86857,98,1,MASc KA 40 blocks,sa,112,112,14,1
pr_05,B86857,98,1,MASc KA 40 blocks,sa,112,112,14,1
pr_05,B86909,98,1,MASc KA 40 blocks,sa,112,112,14,1
pr_06,B86857,98,1,MASc KA 40 blocks,sa,112,112,14,1
pr_06,B91247,98,1,MASc KA 40 blocks,sa,112,112,14,1
sk_01,B86857,98,1,MASc KA 40 blocks,sa,112,112,14,1
sk_01,B86857,98,1,MASc KA 40 blocks,sa,112,112,14,1
sk_01,B95247,98,1,MASc KA 40 blocks,sa,112,112,14,1
sk_02,B82792,98,1,MASc KA 40 blocks,sa,112,112,14,1
sk_02,B86553,98,1,MASc KA 40 blocks,sa,112,112,14,1
sk_02,B86909,98,1,MASc KA 40 blocks,sa,112,112,14,1
sk_03,B86857,98,1,MASc KA 40 blocks,sa,112,112,14,1
sk_03,B86909,98,1,MASc KA 40 blocks,sa,112,112,14,1
sk_03,B95247,98,1,MASc KA 40 blocks,sa,112,112,14,1
sk_04,B86857,98,1,MASc KA 40 blocks,sa,112,112,14,1
sk_04,B86909,98,1,MASc KA 40 blocks,sa,112,112,14,1
sk_04,B86909,98,1,MASc KA 40 blocks,sa,112,112,14,1
sk_05,B86857,98,1,MASc KA 40 blocks,sa,112,112,14,1
sk_05,B91247,98,1,MASc KA 40 blocks,sa,112,112,14,1
sk_05,B95247,98,1,MASc KA 40 blocks,sa,112,112,14,1
sk_06,B86857,98,1,MASc KA 40 blocks,sa,112,112,14,1
sk_06,B86909,98,1,MASc KA 40 blocks,sa,112,112,14,1
sk_06,B91247,98,1,MASc KA 40 blocks,sa,112,112,14,1
fb_01,B77363,99,1,MASc KA 40 blocks,sa,112,112,14,1
fb_01,B78910,99,1,MASc KA 40 blocks,sa,112,112,14,1
fb_01,B86857,99,1,MASc KA 40 blocks,sa,112,112,14,1
fb_02,B77363,99,1,MASc KA 40 blocks,sa,112,112,14,1
fb_02,B86857,99,1,MASc KA 40 blocks,sa,112,112,14,1
fb_02,B95247,99,1,MASc KA 40 blocks,sa,112,112,14,1
fb_03,B82792,99,1,MASc KA 40 blocks,sa,112,112,14,1
fb_03,B86857,99,1,MASc KA 40 blocks,sa,112,112,14,1
fb_03,B92962,99,1,MASc KA 40 blocks,sa,112,112,14,1
fb_04,B86909,99,1,MASc KA 40 blocks,sa,112,112,14,1
fb_04,B91247,99,1,MASc KA 40 blocks,sa,112,112,14,1
fb_04,B95247,99,1,MASc KA 40 blocks,sa,112,112,14,1
fb_05,B86857,99,1,MASc KA 40 blocks,sa,112,112,14,1
fb_05,B86909,99,1,MASc KA 40 blocks,sa,112,112,14,1
fb_05,B91247,99,1,MASc KA 40 blocks,sa,112,112,14,1
fb_06,B86909,99,1,MASc KA 40 blocks,sa,112,112,14,1
fb_06,B86909,99,1,MASc KA 40 blocks,sa,112,112,14,1
fb_06,B86909,99,1,MASc KA 40 blocks,sa,112,112,14,1
fb_01,B84093,100,1,MASc KA 40 blocks,sa,112,112,14,1
fb_01,B84093,100,1,MASc KA 40 blocks,sa,112,112,14,1
fb_01,B86575,100,1,MASc KA 40 blocks,sa,112,112,14,1
fb_02,B77363,100,1,MASc KA 40 blocks,sa,112,112,14,1
fb_02,B82792,100,1,MASc KA 40 blocks,sa,112,112,14,1
fb_02,B91247,100,1,MASc KA 40 blocks,sa,112,112,14,1
fb_03,B78910,100,1,MASc KA 40 blocks,sa,112,112,14,1
fb_03,B78910,100,1,MASc KA 40 blocks,sa,112,112,14,1
fb_03,B88901,100,1,MASc KA 40 blocks,sa,112,112,14,1
fb_04,B91247,100,1,MASc KA 40 blocks,sa,112,112,14,1
fb_04,B91247,100,1,MASc KA 40 blocks,sa,112,112,14,1
fb_04,B95247,100,1,MASc KA 40 blocks,sa,112,112,14,1
fb_05,B86857,100,1,MASc KA 40 blocks,sa,112,112,14,1
fb_05,B86909,100,1,MASc KA 40 blocks,sa,112,112,14,1
fb_05,B88642,100,1,MASc KA 40 blocks,sa,112,112,14,1
fb_06,B86857,100,1,MASc KA 40 blocks,sa,112,112,14,1
fb_06,B86909,100,1,MASc KA 40 blocks,sa,112,112,14,1
fb_06,B86909,100,1,MASc KA 40 blocks,sa,112,112,14,1
sk_01,B77363,100,1,MASc KA 40 blocks,sa,112,112,14,1
sk_01,B77363,100,1,MASc KA 40 blocks,sa,112,112,14,1
sk_01,B86857,100,1,MASc KA 40 blocks,sa,112,112,14,1
sk_02,B82792,100,1,MASc KA 40 blocks,sa,112,112,14,1
sk_02,B86857,100,1,MASc KA 40 blocks,sa,112,112,14,1
sk_02,B92962,100,1,MASc KA 40 blocks,sa,112,112,14,1
sk_03,B86857,100,1,MASc KA 40 blocks,sa,112,112,14,1
sk_03,B91247,100,1,MASc KA 40 blocks,sa,112,112,14,1
sk_03,B92962,100,1,MASc KA 40 blocks,sa,112,112,14,1
sk_04,B78910,100,1,MASc KA 40 blocks,sa,112,112,14,1
sk_04,B86909,100,1,MASc KA 40 blocks,sa,112,112,14,1
sk_04,B91247,100,1,MASc KA 40 blocks,sa,112,112,14,1
sk_05,B86909,100,1,MASc KA 40 blocks,sa,112,112,14,1
sk_05,B91247,100,1,MASc KA 40 blocks,sa,112,112,14,1
sk_05,B95247,100,1,MASc KA 40 blocks,sa,112,112,14,1
sk_06,B77363,100,1,MASc KA 40 blocks,sa,112,112,14,1
sk_06,B86857,100,1,MASc KA 40 blocks,sa,112,112,14,1
sk_06,B95247,100,1,MASc KA 40 blocks,sa,112,112,14,1
fb_01,B78910,101,1,MASc KA 40 blocks,sa,112,112,14,1
fb_01,B91173,101,1,MASc KA 40 blocks,sa,112,112,14,1
fb_01,B91247,101,1,MASc KA 40 blocks,sa,112,112,14,1
fb_02,B91173,101,1,MASc KA 40 blocks,sa,112,112,14,1
fb_02,B91247,101,1,MASc KA 40 blocks,sa,112,112,14,1
fb_02,B92731,101,1,MASc KA 40 blocks,sa,112,112,14,1
fb_03,B92962,101,1,MASc KA 40 blocks,sa,112,112,14,1
fb_03,B95247,101,1,MASc KA 40 blocks,sa,112,112,14,1
fb_03,B98430,101,1,MASc KA 40 blocks,sa,112,112,14,1
fb_04,B86857,101,1,MASc KA 40 blocks,sa,112,112,14,1
fb_04,B86909,101,1,MASc KA 40 blocks,sa,112,112,14,1
fb_04,B95247,101,1,MASc KA 40 blocks,sa,112,112,14,1
fb_05,B86857,101,1,MASc KA 40 blocks,sa,112,112,14,1
fb_05,B86909,101,1,MASc KA 40 blocks,sa,112,112,14,1
fb_05,B91247,101,1,MASc KA 40 blocks,sa,112,112,14,1
fb_06,B86857,101,1,MASc KA 40 blocks,sa,112,112,14,1
fb_06,B86857,101,1,MASc KA 40 blocks,sa,112,112,14,1
fb_06,B86909,101,1,MASc KA 40 blocks,sa,112,112,14,1
pr_01,B86857,101,1,MASc KA 40 blocks,sa,112,112,14,1
pr_01,B86909,101,1,MASc KA 40 blocks,sa,112,112,14,1
pr_01,B92962,101,1,MASc KA 40 blocks,sa,112,112,14,1
pr_02,B77363,101,1,MASc KA 40 blocks,sa,112,112,14,1
pr_02,B91247,101,1,MASc KA 40 blocks,sa,112,112,14,1
pr_03,B77363,101,1,MASc KA 40 blocks,sa,112,112,14,1
pr_03,B91247,101,1,MASc KA 40 blocks,sa,112,112,14,1
pr_04,B91247,101,1,MASc KA 40 blocks,sa,112,112,14,1
pr_04,B95247,101,1,MASc KA 40 blocks,sa,112,112,14,1
pr_05,B82792,101,1,MASc KA 40 blocks,sa,112,112,14,1
pr_05,B86857,101,1,MASc KA 40 blocks,sa,112,112,14,1
pr_06,B86857,101,1,MASc KA 40 blocks,sa,112,112,14,1
pr_06,B86909,101,1,MASc KA 40 blocks,sa,112,112,14,1
sk_01,B78910,101,1,MASc KA 40 blocks,sa,112,112,14,1
sk_01,B86857,101,1,MASc KA 40 blocks,sa,112,112,14,1
sk_01,B95247,101,1,MASc KA 40 blocks,sa,112,112,14,1
sk_02,B77363,101,1,MASc KA 40 blocks,sa,112,112,14,1
sk_02,B78910,101,1,MASc KA 40 blocks,sa,112,112,14,1
sk_02,B84093,101,1,MASc KA 40 blocks,sa,112,112,14,1
sk_03,B78910,101,1,MASc KA 40 blocks,sa,112,112,14,1
sk_03,B84093,101,1,MASc KA 40 blocks,sa,112,112,14,1
sk_03,B91247,101,1,MASc KA 40 blocks,sa,112,112,14,1
sk_04,B77363,101,1,MASc KA 40 blocks,sa,112,112,14,1
sk_04,B86575,101,1,MASc KA 40 blocks,sa,112,112,14,1
sk_04,B91247,101,1,MASc KA 40 blocks,sa,112,112,14,1
sk_05,B82792,101,1,MASc KA 40 blocks,sa,112,112,14,1
sk_05,B86909,101,1,MASc KA 40 blocks,sa,112,112,14,1
sk_05,B86909,101,1,MASc KA 40 blocks,sa,112,112,14,1
sk_06,B86909,101,1,MASc KA 40 blocks,sa,112,112,14,1
sk_06,B95247,101,1,MASc KA 40 blocks,sa,112,112,14,1
sk_06,B95247,101,1,MASc KA 40 blocks,sa,112,112,14,1
fb_01,B92731,102,1,MASc KA 40 blocks,sa,112,112,14,1
fb_01,B92962,102,1,MASc KA 40 blocks,sa,112,112,14,1
fb_01,B95247,102,1,MASc KA 40 blocks,sa,112,112,14,1
fb_02,B92962,102,1,MASc KA 40 blocks,sa,112,112,14,1
fb_02,B95247,102,1,MASc KA 40 blocks,sa,112,112,14,1
fb_02,B95834,102,1,MASc KA 40 blocks,sa,112,112,14,1
fb_03,B77363,102,1,MASc KA 40 blocks,sa,112,112,14,1
fb_03,B78910,102,1,MASc KA 40 blocks,sa,112,112,14,1
fb_03,B91247,102,1,MASc KA 40 blocks,sa,112,112,14,1
fb_04,B86857,102,1,MASc KA 40 blocks,sa,112,112,14,1
fb_04,B91247,102,1,MASc KA 40 blocks,sa,112,112,14,1
fb_04,B95247,102,1,MASc KA 40 blocks,sa,112,112,14,1
fb_05,B86857,102,1,MASc KA 40 blocks,sa,112,112,14,1
fb_05,B86909,102,1,MASc KA 40 blocks,sa,112,112,14,1
fb_05,B91247,102,1,MASc KA 40 blocks,sa,112,112,14,1
fb_06,B86857,102,1,MASc KA 40 blocks,sa,112,112,14,1
fb_06,B86909,102,1,MASc KA 40 blocks,sa,112,112,14,1
fb_06,B86909,102,1,MASc KA 40 blocks,sa,112,112,14,1
ld_01,B86857,102,1,MASc KA 40 blocks,sa,112,112,14,1
ld_01,B92962,102,1,MASc KA 40 blocks,sa,112,112,14,1
ld_02,B86857,102,1,MASc KA 40 blocks,sa,112,112,14,1
ld_03,B86909,102,1,MASc KA 40 blocks,sa,112,112,14,1
ld_04,B91247,102,1,MASc KA 40 blocks,sa,112,112,14,1
ld_05,B77363,102,1,MASc KA 40 blocks,sa,112,112,14,1
ld_06,B77363,102,1,MASc KA 40 blocks,sa,112,112,14,1
pr_01,B77363,102,1,MASc KA 40 blocks,sa,112,112,14,1
pr_01,B78910,102,1,MASc KA 40 blocks,sa,112,112,14,1
pr_01,B82792,102,1,MASc KA 40 blocks,sa,112,112,14,1
pr_02,B86909,102,1,MASc KA 40 blocks,sa,112,112,14,1
pr_02,B95247,102,1,MASc KA 40 blocks,sa,112,112,14,1
pr_02,B95247,102,1,MASc KA 40 blocks,sa,112,112,14,1
pr_03,B77363,102,1,MASc KA 40 blocks,sa,112,112,14,1
pr_03,B86909,102,1,MASc KA 40 blocks,sa,112,112,14,1
pr_03,B95247,102,1,MASc KA 40 blocks,sa,112,112,14,1
pr_04,B78910,102,1,MASc KA 40 blocks,sa,112,112,14,1
pr_04,B86857,102,1,MASc KA 40 blocks,sa,112,112,14,1
pr_04,B86909,102,1,MASc KA 40 blocks,sa,112,112,14,1
pr_05,B84093,102,1,MASc KA 40 blocks,sa,112,112,14,1
pr_05,B91247,102,1,MASc KA 40 blocks,sa,112,112,14,1
pr_06,B78910,102,1,MASc KA 40 blocks,sa,112,112,14,1
pr_06,B91247,102,1,MASc KA 40 blocks,sa,112,112,14,1
sk_01,B88642,102,1,MASc KA 40 blocks,sa,112,112,14,1
sk_01,B91247,102,1,MASc KA 40 blocks,sa,112,112,14,1
sk_01,B92731,102,1,MASc KA 40 blocks,sa,112,112,14,1
sk_02,B86857,102,1,MASc KA 40 blocks,sa,112,112,14,1
sk_02,B92731,102,1,MASc KA 40 blocks,sa,112,112,14,1
sk_02,B92962,102,1,MASc KA 40 blocks,sa,112,112,14,1
sk_03,B88642,102,1,MASc KA 40 blocks,sa,112,112,14,1
sk_03,B88642,102,1,MASc KA 40 blocks,sa,112,112,14,1
sk_03,B88642,102,1,MASc KA 40 blocks,sa,112,112,14,1
sk_04,B86857,102,1,MASc KA 40 blocks,sa,112,112,14,1
sk_04,B88642,102,1,MASc KA 40 blocks,sa,112,112,14,1
sk_04,B91247,102,1,MASc KA 40 blocks,sa,112,112,14,1
sk_05,B84093,102,1,MASc KA 40 blocks,sa,112,112,14,1
sk_05,B86909,102,1,MASc KA 40 blocks,sa,112,112,14,1
sk_05,B95247,102,1,MASc KA 40 blocks,sa,112,112,14,1
sk_06,B86575,102,1,MASc KA 40 blocks,sa,112,112,14,1
sk_06,B86909,102,1,MASc KA 40 blocks,sa,112,112,14,1
sk_06,B95247,102,1,MASc KA 40 blocks,sa,112,112,14,1
fb_01,B86909,103,1,MASc KA 40 blocks,sa,112,112,14,1
fb_01,B86909,103,1,MASc KA 40 blocks,sa,112,112,14,1
fb_01,B95834,103,1,MASc KA 40 blocks,sa,112,112,14,1
fb_02,B77363,103,1,MASc KA 40 blocks,sa,112,112,14,1
fb_02,B96294,103,1,MASc KA 40 blocks,sa,112,112,14,1
fb_02,B98430,103,1,MASc KA 40 blocks,sa,112,112,14,1
fb_03,B77363,103,1,MASc KA 40 blocks,sa,112,112,14,1
fb_03,B92962,103,1,MASc KA 40 blocks,sa,112,112,14,1
fb_03,B96294,103,1,MASc KA 40 blocks,sa,112,112,14,1
fb_04,B86909,103,1,MASc KA 40 blocks,sa,112,112,14,1
fb_04,B91247,103,1,MASc KA 40 blocks,sa,112,112,14,1
fb_04,B95247,103,1,MASc KA 40 blocks,sa,112,112,14,1
fb_05,B86857,103,1,MASc KA 40 blocks,sa,112,112,14,1
fb_05,B86857,103,1,MASc KA 40 blocks,sa,112,112,14,1
fb_05,B95247,103,1,MASc KA 40 blocks,sa,112,112,14,1
fb_06,B86857,103,1,MASc KA 40 blocks,sa,112,112,14,1
fb_06,B86857,103,1,MASc KA 40 blocks,sa,112,112,14,1
fb_06,B86909,103,1,MASc KA 40 blocks,sa,112,112,14,1
ld_01,B78910,103,1,MASc KA 40 blocks,sa,112,112,14,1
ld_01,B86909,103,1,MASc KA 40 blocks,sa,112,112,14,1
ld_02,B77363,103,1,MASc KA 40 blocks,sa,112,112,14,1
ld_02,B91247,103,1,MASc KA 40 blocks,sa,112,112,14,1
ld_03,B82792,103,1,MASc KA 40 blocks,sa,112,112,14,1
ld_03,B95247,103,1,MASc KA 40 blocks,sa,112,112,14,1
ld_04,B84093,103,1,MASc KA 40 blocks,sa,112,112,14,1
ld_04,B95247,103,1,MASc KA 40 blocks,sa,112,112,14,1
ld_05,B78910,103,1,MASc KA 40 blocks,sa,112,112,14,1
ld_06,B77363,103,1,MASc KA 40 blocks,sa,112,112,14,1
pr_01,B86857,103,1,MASc KA 40 blocks,sa,112,112,14,1
pr_01,B88642,103,1,MASc KA 40 blocks,sa,112,112,14,1
pr_02,B91247,103,1,MASc KA 40 blocks,sa,112,112,14,1
pr_02,B92731,103,1,MASc KA 40 blocks,sa,112,112,14,1
pr_03,B84093,103,1,MASc KA 40 blocks,sa,112,112,14,1
pr_03,B91247,103,1,MASc KA 40 blocks,sa,112,112,14,1
pr_04,B86575,103,1,MASc KA 40 blocks,sa,112,112,14,1
pr_04,B86909,103,1,MASc KA 40 blocks,sa,112,112,14,1
pr_05,B86909,103,1,MASc KA 40 blocks,sa,112,112,14,1
pr_05,B95247,103,1,MASc KA 40 blocks,sa,112,112,14,1
pr_06,B86857,103,1,MASc KA 40 blocks,sa,112,112,14,1
sk_01,B92731,103,1,MASc KA 40 blocks,sa,112,112,14,1
sk_01,B92962,103,1,MASc KA 40 blocks,sa,112,112,14,1
sk_01,B92962,103,1,MASc KA 40 blocks,sa,112,112,14,1
sk_02,B77363,103,1,MASc KA 40 blocks,sa,112,112,14,1
sk_02,B91247,103,1,MASc KA 40 blocks,sa,112,112,14,1
sk_02,B92731,103,1,MASc KA 40 blocks,sa,112,112,14,1
sk_03,B77363,103,1,MASc KA 40 blocks,sa,112,112,14,1
sk_03,B78910,103,1,MASc KA 40 blocks,sa,112,112,14,1
sk_03,B88642,103,1,MASc KA 40 blocks,sa,112,112,14,1
sk_04,B84093,103,1,MASc KA 40 blocks,sa,112,112,14,1
sk_04,B86909,103,1,MASc KA 40 blocks,sa,112,112,14,1
sk_04,B91247,103,1,MASc KA 40 blocks,sa,112,112,14,1
sk_05,B86857,103,1,MASc KA 40 blocks,sa,112,112,14,1
sk_05,B86909,103,1,MASc KA 40 blocks,sa,112,112,14,1
sk_05,B95247,103,1,MASc KA 40 blocks,sa,112,112,14,1
sk_06,B78910,103,1,MASc KA 40 blocks,sa,112,112,14,1
sk_06,B92962,103,1,MASc KA 40 blocks,sa,112,112,14,1
sk_06,B95247,103,1,MASc KA 40 blocks,sa,112,112,14,1
fb_01,B77363,104,1,MASc KA 40 blocks,sa,112,112,14,1
fb_01,B78910,104,1,MASc KA 40 blocks,sa,112,112,14,1
fb_01,B98643,104,1,MASc KA 40 blocks,sa,112,112,14,1
fb_02,B78910,104,1,MASc KA 40 blocks,sa,112,112,14,1
fb_02,B82792,104,1,MASc KA 40 blocks,sa,112,112,14,1
fb_02,B86909,104,1,MASc KA 40 blocks,sa,112,112,14,1
fb_03,B78910,104,1,MASc KA 40 blocks,sa,112,112,14,1
fb_03,B91247,104,1,MASc KA 40 blocks,sa,112,112,14,1
fb_03,B92962,104,1,MASc KA 40 blocks,sa,112,112,14,1
fb_04,B86857,104,1,MASc KA 40 blocks,sa,112,112,14,1
fb_04,B91247,104,1,MASc KA 40 blocks,sa,112,112,14,1
fb_04,B92731,104,1,MASc KA 40 blocks,sa,112,112,14,1
fb_05,B86857,104,1,MASc KA 40 blocks,sa,112,112,14,1
fb_05,B86909,104,1,MASc KA 40 blocks,sa,112,112,14,1
fb_05,B88642,104,1,MASc KA 40 blocks,sa,112,112,14,1
fb_06,B86857,104,1,MASc KA 40 blocks,sa,112,112,14,1
fb_06,B86909,104,1,MASc KA 40 blocks,sa,112,112,14,1
fb_06,B86909,104,1,MASc KA 40 blocks,sa,112,112,14,1
ld_01,B86857,104,1,MASc KA 40 blocks,sa,112,112,14,1
ld_01,B88642,104,1,MASc KA 40 blocks,sa,112,112,14,1
ld_02,B86857,104,1,MASc KA 40 blocks,sa,112,112,14,1
ld_02,B92731,104,1,MASc KA 40 blocks,sa,112,112,14,1
ld_03,B86909,104,1,MASc KA 40 blocks,sa,112,112,14,1
ld_03,B95247,104,1,MASc KA 40 blocks,sa,112,112,14,1
ld_04,B86909,104,1,MASc KA 40 blocks,sa,112,112,14,1
ld_04,B88642,104,1,MASc KA 40 blocks,sa,112,112,14,1
ld_05,B84093,104,1,MASc KA 40 blocks,sa,112,112,14,1
ld_05,B91247,104,1,MASc KA 40 blocks,sa,112,112,14,1
ld_06,B91247,104,1,MASc KA 40 blocks,sa,112,112,14,1
pr_01,B78910,104,1,MASc KA 40 blocks,sa,112,112,14,1
pr_01,B91247,104,1,MASc KA 40 blocks,sa,112,112,14,1
pr_01,B92962,104,1,MASc KA 40 blocks,sa,112,112,14,1
pr_02,B84093,104,1,MASc KA 40 blocks,sa,112,112,14,1
pr_02,B91247,104,1,MASc KA 40 blocks,sa,112,112,14,1
pr_02,B92962,104,1,MASc KA 40 blocks,sa,112,112,14,1
pr_03,B78910,104,1,MASc KA 40 blocks,sa,112,112,14,1
pr_03,B86909,104,1,MASc KA 40 blocks,sa,112,112,14,1
pr_03,B95247,104,1,MASc KA 40 blocks,sa,112,112,14,1
pr_04,B92731,104,1,MASc KA 40 blocks,sa,112,112,14,1
pr_04,B95247,104,1,MASc KA 40 blocks,sa,112,112,14,1
pr_05,B77363,104,1,MASc KA 40 blocks,sa,112,112,14,1
pr_05,B86857,104,1,MASc KA 40 blocks,sa,112,112,14,1
pr_06,B77363,104,1,MASc KA 40 blocks,sa,112,112,14,1
pr_06,B86909,104,1,MASc KA 40 blocks,sa,112,112,14,1
sk_01,B77363,104,1,MASc KA 40 blocks,sa,112,112,14,1
sk_01,B86857,104,1,MASc KA 40 blocks,sa,112,112,14,1
sk_01,B92962,104,1,MASc KA 40 blocks,sa,112,112,14,1
sk_02,B77363,104,1,MASc KA 40 blocks,sa,112,112,14,1
sk_02,B86857,104,1,MASc KA 40 blocks,sa,112,112,14,1
sk_02,B92962,104,1,MASc KA 40 blocks,sa,112,112,14,1
sk_03,B78910,104,1,MASc KA 40 blocks,sa,112,112,14,1
sk_03,B86909,104,1,MASc KA 40 blocks,sa,112,112,14,1
sk_03,B91247,104,1,MASc KA 40 blocks,sa,112,112,14,1
sk_04,B88642,104,1,MASc KA 40 blocks,sa,112,112,14,1
sk_04,B91247,104,1,MASc KA 40 blocks,sa,112,112,14,1
sk_04,B92962,104,1,MASc KA 40 blocks,sa,112,112,14,1
sk_05,B91247,104,1,MASc KA 40 blocks,sa,112,112,14,1
sk_05,B92731,104,1,MASc KA 40 blocks,sa,112,112,14,1
sk_05,B95247,104,1,MASc KA 40 blocks,sa,112,112,14,1
sk_06,B77363,104,1,MASc KA 40 blocks,sa,112,112,14,1
sk_06,B77363,104,1,MASc KA 40 blocks,sa,112,112,14,1
sk_06,B95247,104,1,MASc KA 40 blocks,sa,112,112,14,1
fb_01,B82792,105,1,MASc KA 40 blocks,sa,112,112,14,1
fb_01,B91247,105,1,MASc KA 40 blocks,sa,112,112,14,1
fb_01,B92731,105,1,MASc KA 40 blocks,sa,112,112,14,1
fb_02,B86857,105,1,MASc KA 40 blocks,sa,112,112,14,1
fb_02,B91173,105,1,MASc KA 40 blocks,sa,112,112,14,1
fb_02,B91247,105,1,MASc KA 40 blocks,sa,112,112,14,1
fb_03,B77363,105,1,MASc KA 40 blocks,sa,112,112,14,1
fb_03,B78910,105,1,MASc KA 40 blocks,sa,112,112,14,1
fb_03,B95247,105,1,MASc KA 40 blocks,sa,112,112,14,1
fb_04,B86909,105,1,MASc KA 40 blocks,sa,112,112,14,1
fb_04,B95247,105,1,MASc KA 40 blocks,sa,112,112,14,1
fb_04,B95247,105,1,MASc KA 40 blocks,sa,112,112,14,1
fb_05,B86857,105,1,MASc KA 40 blocks,sa,112,112,14,1
fb_05,B86857,105,1,MASc KA 40 blocks,sa,112,112,14,1
fb_05,B86909,105,1,MASc KA 40 blocks,sa,112,112,14,1
fb_06,B86857,105,1,MASc KA 40 blocks,sa,112,112,14,1
fb_06,B86909,105,1,MASc KA 40 blocks,sa,112,112,14,1
fb_06,B92731,105,1,MASc KA 40 blocks,sa,112,112,14,1
ld_01,B77363,105,1,MASc KA 40 blocks,sa,112,112,14,1
ld_01,B86909,105,1,MASc KA 40 blocks,sa,112,112,14,1
ld_02,B91247,105,1,MASc KA 40 blocks,sa,112,112,14,1
ld_02,B92962,105,1,MASc KA 40 blocks,sa,112,112,14,1
ld_03,B78910,105,1,MASc KA 40 blocks,sa,112,112,14,1
ld_03,B95247,105,1,MASc KA 40 blocks,sa,112,112,14,1
ld_04,B77363,105,1,MASc KA 40 blocks,sa,112,112,14,1
ld_04,B92962,105,1,MASc KA 40 blocks,sa,112,112,14,1
ld_05,B92731,105,1,MASc KA 40 blocks,sa,112,112,14,1
ld_05,B95247,105,1,MASc KA 40 blocks,sa,112,112,14,1
ld_06,B78910,105,1,MASc KA 40 blocks,sa,112,112,14,1
ld_06,B84093,105,1,MASc KA 40 blocks,sa,112,112,14,1
pr_01,B86857,105,1,MASc KA 40 blocks,sa,112,112,14,1
pr_01,B88642,105,1,MASc KA 40 blocks,sa,112,112,14,1
pr_01,B91247,105,1,MASc KA 40 blocks,sa,112,112,14,1
pr_02,B86909,105,1,MASc KA 40 blocks,sa,112,112,14,1
pr_02,B92962,105,1,MASc KA 40 blocks,sa,112,112,14,1
pr_02,B95247,105,1,MASc KA 40 blocks,sa,112,112,14,1
pr_03,B77363,105,1,MASc KA 40 blocks,sa,112,112,14,1
pr_03,B95247,105,1,MASc KA 40 blocks,sa,112,112,14,1
pr_04,B77363,105,1,MASc KA 40 blocks,sa,112,112,14,1
pr_04,B86857,105,1,MASc KA 40 blocks,sa,112,112,14,1
pr_05,B77363,105,1,MASc KA 40 blocks,sa,112,112,14,1
pr_05,B91247,105,1,MASc KA 40 blocks,sa,112,112,14,1
pr_06,B78910,105,1,MASc KA 40 blocks,sa,112,112,14,1
pr_06,B91247,105,1,MASc KA 40 blocks,sa,112,112,14,1
sk_01,B78910,105,1,MASc KA 40 blocks,sa,112,112,14,1
sk_01,B86909,105,1,MASc KA 40 blocks,sa,112,112,14,1
sk_01,B92962,105,1,MASc KA 40 blocks,sa,112,112,14,1
sk_02,B77363,105,1,MASc KA 40 blocks,sa,112,112,14,1
sk_02,B78910,105,1,MASc KA 40 blocks,sa,112,112,14,1
sk_02,B95247,105,1,MASc KA 40 blocks,sa,112,112,14,1
sk_03,B78910,105,1,MASc KA 40 blocks,sa,112,112,14,1
sk_03,B91247,105,1,MASc KA 40 blocks,sa,112,112,14,1
sk_03,B92962,105,1,MASc KA 40 blocks,sa,112,112,14,1
sk_04,B86857,105,1,MASc KA 40 blocks,sa,112,112,14,1
sk_04,B86909,105,1,MASc KA 40 blocks,sa,112,112,14,1
sk_04,B95247,105,1,MASc KA 40 blocks,sa,112,112,14,1
sk_05,B77363,105,1,MASc KA 40 blocks,sa,112,112,14,1
sk_05,B78910,105,1,MASc KA 40 blocks,sa,112,112,14,1
sk_05,B95247,105,1,MASc KA 40 blocks,sa,112,112,14,1
sk_06,B78910,105,1,MASc KA 40 blocks,sa,112,112,14,1
sk_06,B86909,105,1,MASc KA 40 blocks,sa,112,112,14,1
sk_06,B92962,105,1,MASc KA 40 blocks,sa,112,112,14,1
fb_01,B88901,106,1,MASc KA 40 blocks,sa,112,112,14,1
fb_01,B91173,106,1,MASc KA 40 blocks,sa,112,112,14,1
fb_01,B92962,106,1,MASc KA 40 blocks,sa,112,112,14,1
fb_02,B86857,106,1,MASc KA 40 blocks,sa,112,112,14,1
fb_02,B95247,106,1,MASc KA 40 blocks,sa,112,112,14,1
fb_02,B95834,106,1,MASc KA 40 blocks,sa,112,112,14,1
fb_03,B88901,106,1,MASc KA 40 blocks,sa,112,112,14,1
fb_03,B91247,106,1,MASc KA 40 blocks,sa,112,112,14,1
fb_03,B95247,106,1,MASc KA 40 blocks,sa,112,112,14,1
fb_04,B86857,106,1,MASc KA 40 blocks,sa,112,112,14,1
fb_04,B86857,106,1,MASc KA 40 blocks,sa,112,112,14,1
fb_04,B91247,106,1,MASc KA 40 blocks,sa,112,112,14,1
fb_05,B86857,106,1,MASc KA 40 blocks,sa,112,112,14,1
fb_05,B86909,106,1,MASc KA 40 blocks,sa,112,112,14,1
fb_05,B86909,106,1,MASc KA 40 blocks,sa,112,112,14,1
fb_06,B86909,106,1,MASc KA 40 blocks,sa,112,112,14,1
fb_06,B86909,106,1,MASc KA 40 blocks,sa,112,112,14,1
fb_06,B92731,106,1,MASc KA 40 blocks,sa,112,112,14,1
ld_01,B78910,106,1,MASc KA 40 blocks,sa,112,112,14,1
ld_01,B86857,106,1,MASc KA 40 blocks,sa,112,112,14,1
ld_02,B77363,106,1,MASc KA 40 blocks,sa,112,112,14,1
ld_02,B86857,106,1,MASc KA 40 blocks,sa,112,112,14,1
ld_03,B77363,106,1,MASc KA 40 blocks,sa,112,112,14,1
ld_03,B91247,106,1,MASc KA 40 blocks,sa,112,112,14,1
ld_04,B88642,106,1,MASc KA 40 blocks,sa,112,112,14,1
ld_04,B91247,106,1,MASc KA 40 blocks,sa,112,112,14,1
ld_05,B77363,106,1,MASc KA 40 blocks,sa,112,112,14,1
ld_05,B95247,106,1,MASc KA 40 blocks,sa,112,112,14,1
ld_06,B88642,106,1,MASc KA 40 blocks,sa,112,112,14,1
ld_06,B92962,106,1,MASc KA 40 blocks,sa,112,112,14,1
pr_01,B78910,106,1,MASc KA 40 blocks,sa,112,112,14,1
pr_01,B86857,106,1,MASc KA 40 blocks,sa,112,112,14,1
pr_01,B92962,106,1,MASc KA 40 blocks,sa,112,112,14,1
pr_02,B86909,106,1,MASc KA 40 blocks,sa,112,112,14,1
pr_02,B91247,106,1,MASc KA 40 blocks,sa,112,112,14,1
pr_02,B92962,106,1,MASc KA 40 blocks,sa,112,112,14,1
pr_03,B77363,106,1,MASc KA 40 blocks,sa,112,112,14,1
pr_03,B78910,106,1,MASc KA 40 blocks,sa,112,112,14,1
pr_03,B86909,106,1,MASc KA 40 blocks,sa,112,112,14,1
pr_04,B77363,106,1,MASc KA 40 blocks,sa,112,112,14,1
pr_04,B78910,106,1,MASc KA 40 blocks,sa,112,112,14,1
pr_04,B86909,106,1,MASc KA 40 blocks,sa,112,112,14,1
pr_05,B78910,106,1,MASc KA 40 blocks,sa,112,112,14,1
pr_05,B86909,106,1,MASc KA 40 blocks,sa,112,112,14,1
pr_05,B95247,106,1,MASc KA 40 blocks,sa,112,112,14,1
pr_06,B78910,106,1,MASc KA 40 blocks,sa,112,112,14,1
pr_06,B95247,106,1,MASc KA 40 blocks,sa,112,112,14,1
sk_01,B92731,106,1,MASc KA 40 blocks,sa,112,112,14,1
sk_01,B92731,106,1,MASc KA 40 blocks,sa,112,112,14,1
sk_01,B92962,106,1,MASc KA 40 blocks,sa,112,112,14,1
sk_02,B77363,106,1,MASc KA 40 blocks,sa,112,112,14,1
sk_02,B78910,106,1,MASc KA 40 blocks,sa,112,112,14,1
sk_02,B92962,106,1,MASc KA 40 blocks,sa,112,112,14,1
sk_03,B77363,106,1,MASc KA 40 blocks,sa,112,112,14,1
sk_03,B78910,106,1,MASc KA 40 blocks,sa,112,112,14,1
sk_03,B92962,106,1,MASc KA 40 blocks,sa,112,112,14,1
sk_04,B78910,106,1,MASc KA 40 blocks,sa,112,112,14,1
sk_04,B82792,106,1,MASc KA 40 blocks,sa,112,112,14,1
sk_04,B95247,106,1,MASc KA 40 blocks,sa,112,112,14,1
sk_05,B82792,106,1,MASc KA 40 blocks,sa,112,112,14,1
sk_05,B82792,106,1,MASc KA 40 blocks,sa,112,112,14,1
sk_05,B95247,106,1,MASc KA 40 blocks,sa,112,112,14,1
sk_06,B86857,106,1,MASc KA 40 blocks,sa,112,112,14,1
sk_06,B86909,106,1,MASc KA 40 blocks,sa,112,112,14,1
sk_06,B95247,106,1,MASc KA 40 blocks,sa,112,112,14,1
fb_01,B86575,107,1,MASc KA 40 blocks,sa,112,112,14,1
fb_01,B91247,107,1,MASc KA 40 blocks,sa,112,112,14,1
fb_01,B92962,107,1,MASc KA 40 blocks,sa,112,112,14,1
fb_02,B77363,107,1,MASc KA 40 blocks,sa,112,112,14,1
fb_02,B77363,107,1,MASc KA 40 blocks,sa,112,112,14,1
fb_02,B96294,107,1,MASc KA 40 blocks,sa,112,112,14,1
fb_03,B78910,107,1,MASc KA 40 blocks,sa,112,112,14,1
fb_03,B91247,107,1,MASc KA 40 blocks,sa,112,112,14,1
fb_03,B98430,107,1,MASc KA 40 blocks,sa,112,112,14,1
fb_04,B86909,107,1,MASc KA 40 blocks,sa,112,112,14,1
fb_04,B91247,107,1,MASc KA 40 blocks,sa,112,112,14,1
fb_04,B95247,107,1,MASc KA 40 blocks,sa,112,112,14,1
fb_05,B86857,107,1,MASc KA 40 blocks,sa,112,112,14,1
fb_05,B86857,107,1,MASc KA 40 blocks,sa,112,112,14,1
fb_05,B86909,107,1,MASc KA 40 blocks,sa,112,112,14,1
fb_06,B86857,107,1,MASc KA 40 blocks,sa,112,112,14,1
fb_06,B86857,107,1,MASc KA 40 blocks,sa,112,112,14,1
fb_06,B92962,107,1,MASc KA 40 blocks,sa,112,112,14,1
ld_01,B86909,107,1,MASc KA 40 blocks,sa,112,112,14,1
ld_01,B92962,107,1,MASc KA 40 blocks,sa,112,112,14,1
ld_02,B78910,107,1,MASc KA 40 blocks,sa,112,112,14,1
ld_02,B86909,107,1,MASc KA 40 blocks,sa,112,112,14,1
ld_03,B78910,107,1,MASc KA 40 blocks,sa,112,112,14,1
ld_03,B86909,107,1,MASc KA 40 blocks,sa,112,112,14,1
ld_04,B77363,107,1,MASc KA 40 blocks,sa,112,112,14,1
ld_04,B95247,107,1,MASc KA 40 blocks,sa,112,112,14,1
ld_05,B78910,107,1,MASc KA 40 blocks,sa,112,112,14,1
ld_05,B92962,107,1,MASc KA 40 blocks,sa,112,112,14,1
ld_06,B77363,107,1,MASc KA 40 blocks,sa,112,112,14,1
ld_06,B78910,107,1,MASc KA 40 blocks,sa,112,112,14,1
pr_01,B78910,107,1,MASc KA 40 blocks,sa,112,112,14,1
pr_01,B78910,107,1,MASc KA 40 blocks,sa,112,112,14,1
pr_01,B92962,107,1,MASc KA 40 blocks,sa,112,112,14,1
pr_02,B78910,107,1,MASc KA 40 blocks,sa,112,112,14,1
pr_02,B82792,107,1,MASc KA 40 blocks,sa,112,112,14,1
pr_02,B92962,107,1,MASc KA 40 blocks,sa,112,112,14,1
pr_03,B82792,107,1,MASc KA 40 blocks,sa,112,112,14,1
pr_03,B95247,107,1,MASc KA 40 blocks,sa,112,112,14,1
pr_03,B95247,107,1,MASc KA 40 blocks,sa,112,112,14,1
pr_04,B86909,107,1,MASc KA 40 blocks,sa,112,112,14,1
pr_04,B92731,107,1,MASc KA 40 blocks,sa,112,112,14,1
pr_04,B95247,107,1,MASc KA 40 blocks,sa,112,112,14,1
pr_05,B77363,107,1,MASc KA 40 blocks,sa,112,112,14,1
pr_05,B82792,107,1,MASc KA 40 blocks,sa,112,112,14,1
pr_06,B77363,107,1,MASc KA 40 blocks,sa,112,112,14,1
pr_06,B82792,107,1,MASc KA 40 blocks,sa,112,112,14,1
sk_01,B78910,107,1,MASc KA 40 blocks,sa,112,112,14,1
sk_01,B92731,107,1,MASc KA 40 blocks,sa,112,112,14,1
sk_01,B92962,107,1,MASc KA 40 blocks,sa,112,112,14,1
sk_02,B86857,107,1,MASc KA 40 blocks,sa,112,112,14,1
sk_02,B88642,107,1,MASc KA 40 blocks,sa,112,112,14,1
sk_02,B91247,107,1,MASc KA 40 blocks,sa,112,112,14,1
sk_03,B86857,107,1,MASc KA 40 blocks,sa,112,112,14,1
sk_03,B86857,107,1,MASc KA 40 blocks,sa,112,112,14,1
sk_03,B86857,107,1,MASc KA 40 blocks,sa,112,112,14,1
sk_04,B86857,107,1,MASc KA 40 blocks,sa,112,112,14,1
sk_04,B86909,107,1,MASc KA 40 blocks,sa,112,112,14,1
sk_04,B95247,107,1,MASc KA 40 blocks,sa,112,112,14,1
sk_05,B86857,107,1,MASc KA 40 blocks,sa,112,112,14,1
sk_05,B86857,107,1,MASc KA 40 blocks,sa,112,112,14,1
sk_05,B86857,107,1,MASc KA 40 blocks,sa,112,112,14,1
sk_06,B86857,107,1,MASc KA 40 blocks,sa,112,112,14,1
sk_06,B86909,107,1,MASc KA 40 blocks,sa,112,112,14,1
sk_06,B92731,107,1,MASc KA 40 blocks,sa,112,112,14,1
fb_01,B86575,108,1,MASc KA 40 blocks,sa,112,112,14,1
fb_01,B95834,108,1,MASc KA 40 blocks,sa,112,112,14,1
fb_01,B96294,108,1,MASc KA 40 blocks,sa,112,112,14,1
fb_02,B78910,108,1,MASc KA 40 blocks,sa,112,112,14,1
fb_02,B82792,108,1,MASc KA 40 blocks,sa,112,112,14,1
fb_02,B88901,108,1,MASc KA 40 blocks,sa,112,112,14,1
fb_03,B86857,108,1,MASc KA 40 blocks,sa,112,112,14,1
fb_03,B86909,108,1,MASc KA 40 blocks,sa,112,112,14,1
fb_03,B95247,108,1,MASc KA 40 blocks,sa,112,112,14,1
fb_04,B86857,108,1,MASc KA 40 blocks,sa,112,112,14,1
fb_04,B91247,108,1,MASc KA 40 blocks,sa,112,112,14,1
fb_04,B91247,108,1,MASc KA 40 blocks,sa,112,112,14,1
fb_05,B86857,108,1,MASc KA 40 blocks,sa,112,112,14,1
fb_05,B86909,108,1,MASc KA 40 blocks,sa,112,112,14,1
fb_05,B86909,108,1,MASc KA 40 blocks,sa,112,112,14,1
fb_06,B86553,108,1,MASc KA 40 blocks,sa,112,112,14,1
fb_06,B91247,108,1,MASc KA 40 blocks,sa,112,112,14,1
fb_06,B95247,108,1,MASc KA 40 blocks,sa,112,112,14,1
ld_01,B78910,108,1,MASc KA 40 blocks,sa,112,112,14,1
ld_01,B82792,108,1,MASc KA 40 blocks,sa,112,112,14,1
ld_01,B95247,108,1,MASc KA 40 blocks,sa,112,112,14,1
ld_02,B92962,108,1,MASc KA 40 blocks,sa,112,112,14,1
ld_02,B95247,108,1,MASc KA 40 blocks,sa,112,112,14,1
ld_03,B77363,108,1,MASc KA 40 blocks,sa,112,112,14,1
ld_03,B92731,108,1,MASc KA 40 blocks,sa,112,112,14,1
ld_04,B77363,108,1,MASc KA 40 blocks,sa,112,112,14,1
ld_04,B92962,108,1,MASc KA 40 blocks,sa,112,112,14,1
ld_05,B78910,108,1,MASc KA 40 blocks,sa,112,112,14,1
ld_05,B92962,108,1,MASc KA 40 blocks,sa,112,112,14,1
ld_06,B82792,108,1,MASc KA 40 blocks,sa,112,112,14,1
ld_06,B95247,108,1,MASc KA 40 blocks,sa,112,112,14,1
pr_01,B86857,108,1,MASc KA 40 blocks,sa,112,112,14,1
pr_01,B86857,108,1,MASc KA 40 blocks,sa,112,112,14,1
pr_01,B92731,108,1,MASc KA 40 blocks,sa,112,112,14,1
pr_02,B86857,108,1,MASc KA 40 blocks,sa,112,112,14,1
pr_02,B86857,108,1,MASc KA 40 blocks,sa,112,112,14,1
pr_02,B88642,108,1,MASc KA 40 blocks,sa,112,112,14,1
pr_03,B78910,108,1,MASc KA 40 blocks,sa,112,112,14,1
pr_03,B86857,108,1,MASc KA 40 blocks,sa,112,112,14,1
pr_03,B91247,108,1,MASc KA 40 blocks,sa,112,112,14,1
pr_04,B86857,108,1,MASc KA 40 blocks,sa,112,112,14,1
pr_04,B86909,108,1,MASc KA 40 blocks,sa,112,112,14,1
pr_04,B95247,108,1,MASc KA 40 blocks,sa,112,112,14,1
pr_05,B86857,108,1,MASc KA 40 blocks,sa,112,112,14,1
pr_05,B86857,108,1,MASc KA 40 blocks,sa,112,112,14,1
pr_06,B86857,108,1,MASc KA 40 blocks,sa,112,112,14,1
pr_06,B86909,108,1,MASc KA 40 blocks,sa,112,112,14,1
sk_01,B77363,108,1,MASc KA 40 blocks,sa,112,112,14,1
sk_01,B92731,108,1,MASc KA 40 blocks,sa,112,112,14,1
sk_01,B92962,108,1,MASc KA 40 blocks,sa,112,112,14,1
sk_02,B77363,108,1,MASc KA 40 blocks,sa,112,112,14,1
sk_02,B77363,108,1,MASc KA 40 blocks,sa,112,112,14,1
sk_02,B86575,108,1,MASc KA 40 blocks,sa,112,112,14,1
sk_03,B78910,108,1,MASc KA 40 blocks,sa,112,112,14,1
sk_03,B86857,108,1,MASc KA 40 blocks,sa,112,112,14,1
sk_03,B91247,108,1,MASc KA 40 blocks,sa,112,112,14,1
sk_04,B91247,108,1,MASc KA 40 blocks,sa,112,112,14,1
sk_04,B91247,108,1,MASc KA 40 blocks,sa,112,112,14,1
sk_04,B95247,108,1,MASc KA 40 blocks,sa,112,112,14,1
sk_05,B86575,108,1,MASc KA 40 blocks,sa,112,112,14,1
sk_05,B95247,108,1,MASc KA 40 blocks,sa,112,112,14,1
sk_05,B95247,108,1,MASc KA 40 blocks,sa,112,112,14,1
sk_06,B77363,108,1,MASc KA 40 blocks,sa,112,112,14,1
sk_06,B86909,108,1,MASc KA 40 blocks,sa,112,112,14,1
sk_06,B86909,108,1,MASc KA 40 blocks,sa,112,112,14,1
fb_01,B77363,109,1,MASc KA 40 blocks,sa,112,112,14,1
fb_01,B78910,109,1,MASc KA 40 blocks,sa,112,112,14,1
fb_01,B98430,109,1,MASc KA 40 blocks,sa,112,112,14,1
fb_02,B78910,109,1,MASc KA 40 blocks,sa,112,112,14,1
fb_02,B95247,109,1,MASc KA 40 blocks,sa,112,112,14,1
fb_02,B95247,109,1,MASc KA 40 blocks,sa,112,112,14,1
fb_03,B86857,109,1,MASc KA 40 blocks,sa,112,112,14,1
fb_03,B91173,109,1,MASc KA 40 blocks,sa,112,112,14,1
fb_03,B91247,109,1,MASc KA 40 blocks,sa,112,112,14,1
fb_04,B86857,109,1,MASc KA 40 blocks,sa,112,112,14,1
fb_04,B86909,109,1,MASc KA 40 blocks,sa,112,112,14,1
fb_04,B95247,109,1,MASc KA 40 blocks,sa,112,112,14,1
fb_05,B86857,109,1,MASc KA 40 blocks,sa,112,112,14,1
fb_05,B86909,109,1,MASc KA 40 blocks,sa,112,112,14,1
fb_05,B92731,109,1,MASc KA 40 blocks,sa,112,112,14,1
fb_06,B91173,109,1,MASc KA 40 blocks,sa,112,112,14,1
fb_06,B92962,109,1,MASc KA 40 blocks,sa,112,112,14,1
fb_06,B98430,109,1,MASc KA 40 blocks,sa,112,112,14,1
ld_01,B86857,109,1,MASc KA 40 blocks,sa,112,112,14,1
ld_01,B86857,109,1,MASc KA 40 blocks,sa,112,112,14,1
ld_02,B86857,109,1,MASc KA 40 blocks,sa,112,112,14,1
ld_02,B88642,109,1,MASc KA 40 blocks,sa,112,112,14,1
ld_03,B78910,109,1,MASc KA 40 blocks,sa,112,112,14,1
ld_03,B86857,109,1,MASc KA 40 blocks,sa,112,112,14,1
ld_04,B86857,109,1,MASc KA 40 blocks,sa,112,112,14,1
ld_04,B91247,109,1,MASc KA 40 blocks,sa,112,112,14,1
ld_05,B86857,109,1,MASc KA 40 blocks,sa,112,112,14,1
ld_05,B92731,109,1,MASc KA 40 blocks,sa,112,112,14,1
ld_06,B86909,109,1,MASc KA 40 blocks,sa,112,112,14,1
pr_01,B77363,109,1,MASc KA 40 blocks,sa,112,112,14,1
pr_01,B91247,109,1,MASc KA 40 blocks,sa,112,112,14,1
pr_01,B92962,109,1,MASc KA 40 blocks,sa,112,112,14,1
pr_02,B78910,109,1,MASc KA 40 blocks,sa,112,112,14,1
pr_02,B86909,109,1,MASc KA 40 blocks,sa,112,112,14,1
pr_02,B92731,109,1,MASc KA 40 blocks,sa,112,112,14,1
pr_03,B77363,109,1,MASc KA 40 blocks,sa,112,112,14,1
pr_03,B86909,109,1,MASc KA 40 blocks,sa,112,112,14,1
pr_03,B95247,109,1,MASc KA 40 blocks,sa,112,112,14,1
pr_04,B77363,109,1,MASc KA 40 blocks,sa,112,112,14,1
pr_04,B86857,109,1,MASc KA 40 blocks,sa,112,112,14,1
pr_05,B86575,109,1,MASc KA 40 blocks,sa,112,112,14,1
pr_05,B91247,109,1,MASc KA 40 blocks,sa,112,112,14,1
pr_06,B91247,109,1,MASc KA 40 blocks,sa,112,112,14,1
pr_06,B95247,109,1,MASc KA 40 blocks,sa,112,112,14,1
sk_01,B78910,109,1,MASc KA 40 blocks,sa,112,112,14,1
sk_01,B92731,109,1,MASc KA 40 blocks,sa,112,112,14,1
sk_01,B92962,109,1,MASc KA 40 blocks,sa,112,112,14,1
sk_02,B86857,109,1,MASc KA 40 blocks,sa,112,112,14,1
sk_02,B91247,109,1,MASc KA 40 blocks,sa,112,112,14,1
sk_02,B92731,109,1,MASc KA 40 blocks,sa,112,112,14,1
sk_03,B86575,109,1,MASc KA 40 blocks,sa,112,112,14,1
sk_03,B86575,109,1,MASc KA 40 blocks,sa,112,112,14,1
sk_03,B91247,109,1,MASc KA 40 blocks,sa,112,112,14,1
sk_04,B86857,109,1,MASc KA 40 blocks,sa,112,112,14,1
sk_04,B88901,109,1,MASc KA 40 blocks,sa,112,112,14,1
sk_04,B95247,109,1,MASc KA 40 blocks,sa,112,112,14,1
sk_05,B78910,109,1,MASc KA 40 blocks,sa,112,112,14,1
sk_05,B86575,109,1,MASc KA 40 blocks,sa,112,112,14,1
sk_05,B86857,109,1,MASc KA 40 blocks,sa,112,112,14,1
sk_06,B82792,109,1,MASc KA 40 blocks,sa,112,112,14,1
sk_06,B86909,109,1,MASc KA 40 blocks,sa,112,112,14,1
sk_06,B95247,109,1,MASc KA 40 blocks,sa,112,112,14,1
fb_01,B82792,110,1,MASc KA 40 blocks,sa,112,112,14,1
fb_01,B95834,110,1,MASc KA 40 blocks,sa,112,112,14,1
fb_01,B98430,110,1,MASc KA 40 blocks,sa,112,112,14,1
fb_02,B86909,110,1,MASc KA 40 blocks,sa,112,112,14,1
fb_02,B95247,110,1,MASc KA 40 blocks,sa,112,112,14,1
fb_02,B98430,110,1,MASc KA 40 blocks,sa,112,112,14,1
fb_03,B86857,110,1,MASc KA 40 blocks,sa,112,112,14,1
fb_03,B91247,110,1,MASc KA 40 blocks,sa,112,112,14,1
fb_03,B91247,110,1,MASc KA 40 blocks,sa,112,112,14,1
fb_04,B86909,110,1,MASc KA 40 blocks,sa,112,112,14,1
fb_04,B91247,110,1,MASc KA 40 blocks,sa,112,112,14,1
fb_04,B91247,110,1,MASc KA 40 blocks,sa,112,112,14,1
fb_05,B86857,110,1,MASc KA 40 blocks,sa,112,112,14,1
fb_05,B86909,110,1,MASc KA 40 blocks,sa,112,112,14,1
fb_05,B88901,110,1,MASc KA 40 blocks,sa,112,112,14,1
fb_06,B86857,110,1,MASc KA 40 blocks,sa,112,112,14,1
fb_06,B86909,110,1,MASc KA 40 blocks,sa,112,112,14,1
fb_06,B98430,110,1,MASc KA 40 blocks,sa,112,112,14,1
ld_01,B77363,110,1,MASc KA 40 blocks,sa,112,112,14,1
ld_01,B86857,110,1,MASc KA 40 blocks,sa,112,112,14,1
ld_01,B92731,110,1,MASc KA 40 blocks,sa,112,112,14,1
ld_02,B77363,110,1,MASc KA 40 blocks,sa,112,112,14,1
ld_02,B86909,110,1,MASc KA 40 blocks,sa,112,112,14,1
ld_02,B92962,110,1,MASc KA 40 blocks,sa,112,112,14,1
ld_03,B77363,110,1,MASc KA 40 blocks,sa,112,112,14,1
ld_03,B91247,110,1,MASc KA 40 blocks,sa,112,112,14,1
ld_04,B78910,110,1,MASc KA 40 blocks,sa,112,112,14,1
ld_04,B91247,110,1,MASc KA 40 blocks,sa,112,112,14,1
ld_05,B77363,110,1,MASc KA 40 blocks,sa,112,112,14,1
ld_05,B95247,110,1,MASc KA 40 blocks,sa,112,112,14,1
ld_06,B86575,110,1,MASc KA 40 blocks,sa,112,112,14,1
ld_06,B95247,110,1,MASc KA 40 blocks,sa,112,112,14,1
pr_01,B82792,110,1,MASc KA 40 blocks,sa,112,112,14,1
pr_01,B92731,110,1,MASc KA 40 blocks,sa,112,112,14,1
pr_01,B95247,110,1,MASc KA 40 blocks,sa,112,112,14,1
pr_02,B86575,110,1,MASc KA 40 blocks,sa,112,112,14,1
pr_02,B86909,110,1,MASc KA 40 blocks,sa,112,112,14,1
pr_02,B95247,110,1,MASc KA 40 blocks,sa,112,112,14,1
pr_03,B78910,110,1,MASc KA 40 blocks,sa,112,112,14,1
pr_03,B86857,110,1,MASc KA 40 blocks,sa,112,112,14,1
pr_04,B86857,110,1,MASc KA 40 blocks,sa,112,112,14,1
pr_04,B91247,110,1,MASc KA 40 blocks,sa,112,112,14,1
pr_05,B86575,110,1,MASc KA 40 blocks,sa,112,112,14,1
pr_05,B91247,110,1,MASc KA 40 blocks,sa,112,112,14,1
pr_06,B78910,110,1,MASc KA 40 blocks,sa,112,112,14,1
pr_06,B82792,110,1,MASc KA 40 blocks,sa,112,112,14,1
sk_01,B77363,110,1,MASc KA 40 blocks,sa,112,112,14,1
sk_01,B92731,110,1,MASc KA 40 blocks,sa,112,112,14,1
sk_01,B92962,110,1,MASc KA 40 blocks,sa,112,112,14,1
sk_02,B77363,110,1,MASc KA 40 blocks,sa,112,112,14,1
sk_02,B78910,110,1,MASc KA 40 blocks,sa,112,112,14,1
sk_02,B95247,110,1,MASc KA 40 blocks,sa,112,112,14,1
sk_03,B86857,110,1,MASc KA 40 blocks,sa,112,112,14,1
sk_03,B91247,110,1,MASc KA 40 blocks,sa,112,112,14,1
sk_03,B95247,110,1,MASc KA 40 blocks,sa,112,112,14,1
sk_04,B78910,110,1,MASc KA 40 blocks,sa,112,112,14,1
sk_04,B86857,110,1,MASc KA 40 blocks,sa,112,112,14,1
sk_04,B95247,110,1,MASc KA 40 blocks,sa,112,112,14,1
sk_05,B86575,110,1,MASc KA 40 blocks,sa,112,112,14,1
sk_05,B95247,110,1,MASc KA 40 blocks,sa,112,112,14,1
sk_05,B95247,110,1,MASc KA 40 blocks,sa,112,112,14,1
sk_06,B78910,110,1,MASc KA 40 blocks,sa,112,112,14,1
sk_06,B86857,110,1,MASc KA 40 blocks,sa,112,112,14,1
sk_06,B86857,110,1,MASc KA 40 blocks,sa,112,112,14,1
fb_01,B91247,111,1,MASc KA 40 blocks,sa,112,112,14,1
fb_01,B91247,111,1,MASc KA 40 blocks,sa,112,112,14,1
fb_01,B96294,111,1,MASc KA 40 blocks,sa,112,112,14,1
fb_02,B86909,111,1,MASc KA 40 blocks,sa,112,112,14,1
fb_02,B95247,111,1,MASc KA 40 blocks,sa,112,112,14,1
fb_02,B96294,111,1,MASc KA 40 blocks,sa,112,112,14,1
fb_03,B86857,111,1,MASc KA 40 blocks,sa,112,112,14,1
fb_03,B91247,111,1,MASc KA 40 blocks,sa,112,112,14,1
fb_03,B95247,111,1,MASc KA 40 blocks,sa,112,112,14,1
fb_04,B86857,111,1,MASc KA 40 blocks,sa,112,112,14,1
fb_04,B86909,111,1,MASc KA 40 blocks,sa,112,112,14,1
fb_04,B91247,111,1,MASc KA 40 blocks,sa,112,112,14,1
fb_05,B86909,111,1,MASc KA 40 blocks,sa,112,112,14,1
fb_05,B86909,111,1,MASc KA 40 blocks,sa,112,112,14,1
fb_05,B95247,111,1,MASc KA 40 blocks,sa,112,112,14,1
fb_06,B86857,111,1,MASc KA 40 blocks,sa,112,112,14,1
fb_06,B95247,111,1,MASc KA 40 blocks,sa,112,112,14,1
fb_06,B95247,111,1,MASc KA 40 blocks,sa,112,112,14,1
ld_01,B86575,111,1,MASc KA 40 blocks,sa,112,112,14,1
ld_01,B86857,111,1,MASc KA 40 blocks,sa,112,112,14,1
ld_02,B86575,111,1,MASc KA 40 blocks,sa,112,112,14,1
ld_02,B86909,111,1,MASc KA 40 blocks,sa,112,112,14,1
ld_03,B78910,111,1,MASc KA 40 blocks,sa,112,112,14,1
ld_03,B91247,111,1,MASc KA 40 blocks,sa,112,112,14,1
ld_04,B82792,111,1,MASc KA 40 blocks,sa,112,112,14,1
ld_04,B95247,111,1,MASc KA 40 blocks,sa,112,112,14,1
ld_05,B92731,111,1,MASc KA 40 blocks,sa,112,112,14,1
ld_06,B78910,111,1,MASc KA 40 blocks,sa,112,112,14,1
pr_01,B77363,111,1,MASc KA 40 blocks,sa,112,112,14,1
pr_01,B92731,111,1,MASc KA 40 blocks,sa,112,112,14,1
pr_01,B95247,111,1,MASc KA 40 blocks,sa,112,112,14,1
pr_02,B86575,111,1,MASc KA 40 blocks,sa,112,112,14,1
pr_02,B92962,111,1,MASc KA 40 blocks,sa,112,112,14,1
pr_02,B95247,111,1,MASc KA 40 blocks,sa,112,112,14,1
pr_03,B77363,111,1,MASc KA 40 blocks,sa,112,112,14,1
pr_03,B78910,111,1,MASc KA 40 blocks,sa,112,112,14,1
pr_03,B86857,111,1,MASc KA 40 blocks,sa,112,112,14,1
pr_04,B78910,111,1,MASc KA 40 blocks,sa,112,112,14,1
pr_04,B86575,111,1,MASc KA 40 blocks,sa,112,112,14,1
pr_04,B86857,111,1,MASc KA 40 blocks,sa,112,112,14,1
pr_05,B78910,111,1,MASc KA 40 blocks,sa,112,112,14,1
pr_05,B86857,111,1,MASc KA 40 blocks,sa,112,112,14,1
pr_05,B95247,111,1,MASc KA 40 blocks,sa,112,112,14,1
pr_06,B77363,111,1,MASc KA 40 blocks,sa,112,112,14,1
pr_06,B86857,111,1,MASc KA 40 blocks,sa,112,112,14,1
pr_06,B95247,111,1,MASc KA 40 blocks,sa,112,112,14,1
sk_01,B82792,111,1,MASc KA 40 blocks,sa,112,112,14,1
sk_01,B92731,111,1,MASc KA 40 blocks,sa,112,112,14,1
sk_01,B92962,111,1,MASc KA 40 blocks,sa,112,112,14,1
sk_02,B86857,111,1,MASc KA 40 blocks,sa,112,112,14,1
sk_02,B92731,111,1,MASc KA 40 blocks,sa,112,112,14,1
sk_02,B92962,111,1,MASc KA 40 blocks,sa,112,112,14,1
sk_03,B86857,111,1,MASc KA 40 blocks,sa,112,112,14,1
sk_03,B86857,111,1,MASc KA 40 blocks,sa,112,112,14,1
sk_03,B91247,111,1,MASc KA 40 blocks,sa,112,112,14,1
sk_04,B86857,111,1,MASc KA 40 blocks,sa,112,112,14,1
sk_04,B86857,111,1,MASc KA 40 blocks,sa,112,112,14,1
sk_04,B86909,111,1,MASc KA 40 blocks,sa,112,112,14,1
sk_05,B86857,111,1,MASc KA 40 blocks,sa,112,112,14,1
sk_05,B86857,111,1,MASc KA 40 blocks,sa,112,112,14,1
sk_05,B92962,111,1,MASc KA 40 blocks,sa,112,112,14,1
sk_06,B86857,111,1,MASc KA 40 blocks,sa,112,112,14,1
sk_06,B86857,111,1,MASc KA 40 blocks,sa,112,112,14,1
sk_06,B86857,111,1,MASc KA 40 blocks,sa,112,112,14,1
fb_01,B86857,112,1,MASc KA 40 blocks,sa,112,112,14,1
fb_01,B91247,112,1,MASc KA 40 blocks,sa,112,112,14,1
fb_01,B91247,112,1,MASc KA 40 blocks,sa,112,112,14,1
fb_02,B86553,112,1,MASc KA 40 blocks,sa,112,112,14,1
fb_02,B86857,112,1,MASc KA 40 blocks,sa,112,112,14,1
fb_02,B91247,112,1,MASc KA 40 blocks,sa,112,112,14,1
fb_03,B86553,112,1,MASc KA 40 blocks,sa,112,112,14,1
fb_03,B86553,112,1,MASc KA 40 blocks,sa,112,112,14,1
fb_03,B95834,112,1,MASc KA 40 blocks,sa,112,112,14,1
fb_04,B86553,112,1,MASc KA 40 blocks,sa,112,112,14,1
fb_04,B86909,112,1,MASc KA 40 blocks,sa,112,112,14,1
fb_04,B95247,112,1,MASc KA 40 blocks,sa,112,112,14,1
fb_05,B86909,112,1,MASc KA 40 blocks,sa,112,112,14,1
fb_05,B88901,112,1,MASc KA 40 blocks,sa,112,112,14,1
fb_05,B91247,112,1,MASc KA 40 blocks,sa,112,112,14,1
fb_06,B86857,112,1,MASc KA 40 blocks,sa,112,112,14,1
fb_06,B86909,112,1,MASc KA 40 blocks,sa,112,112,14,1
fb_06,B86909,112,1,MASc KA 40 blocks,sa,112,112,14,1
ld_01,B77363,112,1,MASc KA 40 blocks,sa,112,112,14,1
ld_01,B78910,112,1,MASc KA 40 blocks,sa,112,112,14,1
ld_01,B86857,112,1,MASc KA 40 blocks,sa,112,112,14,1
ld_02,B86857,112,1,MASc KA 40 blocks,sa,112,112,14,1
ld_02,B92731,112,1,MASc KA 40 blocks,sa,112,112,14,1
ld_02,B95247,112,1,MASc KA 40 blocks,sa,112,112,14,1
ld_03,B77363,112,1,MASc KA 40 blocks,sa,112,112,14,1
ld_03,B78910,112,1,MASc KA 40 blocks,sa,112,112,14,1
ld_03,B78910,112,1,MASc KA 40 blocks,sa,112,112,14,1
ld_04,B77363,112,1,MASc KA 40 blocks,sa,112,112,14,1
ld_04,B86575,112,1,MASc KA 40 blocks,sa,112,112,14,1
ld_04,B86857,112,1,MASc KA 40 blocks,sa,112,112,14,1
ld_05,B86575,112,1,MASc KA 40 blocks,sa,112,112,14,1
ld_05,B86575,112,1,MASc KA 40 blocks,sa,112,112,14,1
ld_05,B92962,112,1,MASc KA 40 blocks,sa,112,112,14,1
ld_06,B95247,112,1,MASc KA 40 blocks,sa,112,112,14,1
ld_06,B95247,112,1,MASc KA 40 blocks,sa,112,112,14,1
pr_01,B86857,112,1,MASc KA 40 blocks,sa,112,112,14,1
pr_01,B86909,112,1,MASc KA 40 blocks,sa,112,112,14,1
pr_01,B92962,112,1,MASc KA 40 blocks,sa,112,112,14,1
pr_02,B86857,112,1,MASc KA 40 blocks,sa,112,112,14,1
pr_02,B91247,112,1,MASc KA 40 blocks,sa,112,112,14,1
pr_02,B92962,112,1,MASc KA 40 blocks,sa,112,112,14,1
pr_03,B86857,112,1,MASc KA 40 blocks,sa,112,112,14,1
pr_03,B91247,112,1,MASc KA 40 blocks,sa,112,112,14,1
pr_03,B92731,112,1,MASc KA 40 blocks,sa,112,112,14,1
pr_04,B82792,112,1,MASc KA 40 blocks,sa,112,112,14,1
pr_04,B86857,112,1,MASc KA 40 blocks,sa,112,112,14,1
pr_04,B86857,112,1,MASc KA 40 blocks,sa,112,112,14,1
pr_05,B82792,112,1,MASc KA 40 blocks,sa,112,112,14,1
pr_05,B86857,112,1,MASc KA 40 blocks,sa,112,112,14,1
pr_05,B86857,112,1,MASc KA 40 blocks,sa,112,112,14,1
pr_06,B86857,112,1,MASc KA 40 blocks,sa,112,112,14,1
pr_06,B86857,112,1,MASc KA 40 blocks,sa,112,112,14,1
sk_01,B86857,112,1,MASc KA 40 blocks,sa,112,112,14,1
sk_01,B86857,112,1,MASc KA 40 blocks,sa,112,112,14,1
sk_01,B86857,112,1,MASc KA 40 blocks,sa,112,112,14,1
sk_02,B86857,112,1,MASc KA 40 blocks,sa,112,112,14,1
sk_02,B86857,112,1,MASc KA 40 blocks,sa,112,112,14,1
sk_02,B92731,112,1,MASc KA 40 blocks,sa,112,112,14,1
sk_03,B86857,112,1,MASc KA 40 blocks,sa,112,112,14,1
sk_03,B92731,112,1,MASc KA 40 blocks,sa,112,112,14,1
sk_03,B92962,112,1,MASc KA 40 blocks,sa,112,112,14,1
sk_04,B86857,112,1,MASc KA 40 blocks,sa,112,112,14,1
sk_04,B86909,112,1,MASc KA 40 blocks,sa,112,112,14,1
sk_04,B95247,112,1,MASc KA 40 blocks,sa,112,112,14,1
sk_05,B86857,112,1,MASc KA 40 blocks,sa,112,112,14,1
sk_05,B86857,112,1,MASc KA 40 blocks,sa,112,112,14,1
sk_05,B92731,112,1,MASc KA 40 blocks,sa,112,112,14,1
sk_06,B86857,112,1,MASc KA 40 blocks,sa,112,112,14,1
sk_06,B86857,112,1,MASc KA 40 blocks,sa,112,112,14,1
sk_06,B86857,112,1,MASc KA 40 blocks,sa,112,112,14,1
