machine_id,block_id,day,assigned,scenario,solver,master_days,subproblem_days,lock_days,start_day
fb_01,B78910,1,1,MASc KA 40 blocks,sa,56,56,7,1
fb_01,B82792,1,1,MASc KA 40 blocks,sa,56,56,7,1
fb_01,B88642,1,1,MASc KA 40 blocks,sa,56,56,7,1
fb_02,B76352,1,1,MASc KA 40 blocks,sa,56,56,7,1
fb_02,B86553,1,1,MASc KA 40 blocks,sa,56,56,7,1
fb_02,B86857,1,1,MASc KA 40 blocks,sa,56,56,7,1
fb_03,B86553,1,1,MASc KA 40 blocks,sa,56,56,7,1
fb_03,B86553,1,1,MASc KA 40 blocks,sa,56,56,7,1
fb_03,B86553,1,1,MASc KA 40 blocks,sa,56,56,7,1
fb_04,B77718,1,1,MASc KA 40 blocks,sa,56,56,7,1
fb_04,B92731,1,1,MASc KA 40 blocks,sa,56,56,7,1
fb_04,B92731,1,1,MASc KA 40 blocks,sa,56,56,7,1
fb_05,B86909,1,1,MASc KA 40 blocks,sa,56,56,7,1
fb_05,B92731,1,1,MASc KA 40 blocks,sa,56,56,7,1
fb_05,B92731,1,1,MASc KA 40 blocks,sa,56,56,7,1
fb_06,B86909,1,1,MASc KA 40 blocks,sa,56,56,7,1
fb_06,B91247,1,1,MASc KA 40 blocks,sa,56,56,7,1
fb_06,B95247,1,1,MASc KA 40 blocks,sa,56,56,7,1
fb_01,B84093,2,1,MASc KA 40 blocks,sa,56,56,7,1
fb_01,B86575,2,1,MASc KA 40 blocks,sa,56,56,7,1
fb_01,B92962,2,1,MASc KA 40 blocks,sa,56,56,7,1
fb_02,B78567,2,1,MASc KA 40 blocks,sa,56,56,7,1
fb_02,B81877,2,1,MASc KA 40 blocks,sa,56,56,7,1
fb_02,B86553,2,1,MASc KA 40 blocks,sa,56,56,7,1
fb_03,B78567,2,1,MASc KA 40 blocks,sa,56,56,7,1
fb_03,B78567,2,1,MASc KA 40 blocks,sa,56,56,7,1
fb_03,B86553,2,1,MASc KA 40 blocks,sa,56,56,7,1
fb_04,B78567,2,1,MASc KA 40 blocks,sa,56,56,7,1
fb_04,B79027,2,1,MASc KA 40 blocks,sa,56,56,7,1
fb_04,B92962,2,1,MASc KA 40 blocks,sa,56,56,7,1
fb_05,B79027,2,1,MASc KA 40 blocks,sa,56,56,7,1
fb_05,B86575,2,1,MASc KA 40 blocks,sa,56,56,7,1
fb_05,B92731,2,1,MASc KA 40 blocks,sa,56,56,7,1
fb_06,B81877,2,1,MASc KA 40 blocks,sa,56,56,7,1
fb_06,B88642,2,1,MASc KA 40 blocks,sa,56,56,7,1
fb_06,B92962,2,1,MASc KA 40 blocks,sa,56,56,7,1
sk_01,B78910,2,1,MASc KA 40 blocks,sa,56,56,7,1
sk_01,B86553,2,1,MASc KA 40 blocks,sa,56,56,7,1
sk_01,B86553,2,1,MASc KA 40 blocks,sa,56,56,7,1
sk_02,B82792,2,1,MASc KA 40 blocks,sa,56,56,7,1
sk_02,B86553,2,1,MASc KA 40 blocks,sa,56,56,7,1
sk_02,B86909,2,1,MASc KA 40 blocks,sa,56,56,7,1
sk_03,B86909,2,1,MASc KA 40 blocks,sa,56,56,7,1
sk_03,B88642,2,1,MASc KA 40 blocks,sa,56,56,7,1
sk_03,B88642,2,1,MASc KA 40 blocks,sa,56,56,7,1
sk_04,B88642,2,1,MASc KA 40 blocks,sa,56,56,7,1
sk_04,B88642,2,1,MASc KA 40 blocks,sa,56,56,7,1
sk_04,B91247,2,1,MASc KA 40 blocks,sa,56,56,7,1
sk_05,B88642,2,1,MASc KA 40 blocks,sa,56,56,7,1
sk_05,B88642,2,1,MASc KA 40 blocks,sa,56,56,7,1
sk_05,B95247,2,1,MASc KA 40 blocks,sa,56,56,7,1
sk_06,B86857,2,1,MASc KA 40 blocks,sa,56,56,7,1
sk_06,B88642,2,1,MASc KA 40 blocks,sa,56,56,7,1
sk_06,B92731,2,1,MASc KA 40 blocks,sa,56,56,7,1
fb_01,B88901,3,1,MASc KA 40 blocks,sa,56,56,7,1
fb_01,B91173,3,1,MASc KA 40 blocks,sa,56,56,7,1
fb_01,B91247,3,1,MASc KA 40 blocks,sa,56,56,7,1
fb_02,B86857,3,1,MASc KA 40 blocks,sa,56,56,7,1
fb_02,B86857,3,1,MASc KA 40 blocks,sa,56,56,7,1
fb_02,B86857,3,1,MASc KA 40 blocks,sa,56,56,7,1
fb_03,B86857,3,1,MASc KA 40 blocks,sa,56,56,7,1
fb_03,B86857,3,1,MASc KA 40 blocks,sa,56,56,7,1
fb_03,B86857,3,1,MASc KA 40 blocks,sa,56,56,7,1
fb_04,B92731,3,1,MASc KA 40 blocks,sa,56,56,7,1
fb_04,B92962,3,1,MASc KA 40 blocks,sa,56,56,7,1
fb_04,B92962,3,1,MASc KA 40 blocks,sa,56,56,7,1
fb_05,B77363,3,1,MASc KA 40 blocks,sa,56,56,7,1
fb_05,B92962,3,1,MASc KA 40 blocks,sa,56,56,7,1
fb_05,B92962,3,1,MASc KA 40 blocks,sa,56,56,7,1
fb_06,B77363,3,1,MASc KA 40 blocks,sa,56,56,7,1
fb_06,B92731,3,1,MASc KA 40 blocks,sa,56,56,7,1
fb_06,B92962,3,1,MASc KA 40 blocks,sa,56,56,7,1
pr_01,B86553,3,1,MASc KA 40 blocks,sa,56,56,7,1
pr_01,B86909,3,1,MASc KA 40 blocks,sa,56,56,7,1
pr_02,B86553,3,1,MASc KA 40 blocks,sa,56,56,7,1
pr_02,B86909,3,1,MASc KA 40 blocks,sa,56,56,7,1
pr_03,B88642,3,1,MASc KA 40 blocks,sa,56,56,7,1
pr_04,B88642,3,1,MASc KA 40 blocks,sa,56,56,7,1
pr_05,B91247,3,1,MASc KA 40 blocks,sa,56,56,7,1
pr_06,B82792,3,1,MASc KA 40 blocks,sa,56,56,7,1
sk_01,B78567,3,1,MASc KA 40 blocks,sa,56,56,7,1
sk_01,B79027,3,1,MASc KA 40 blocks,sa,56,56,7,1
sk_01,B86575,3,1,MASc KA 40 blocks,sa,56,56,7,1
sk_02,B79027,3,1,MASc KA 40 blocks,sa,56,56,7,1
sk_02,B84093,3,1,MASc KA 40 blocks,sa,56,56,7,1
sk_02,B86575,3,1,MASc KA 40 blocks,sa,56,56,7,1
sk_03,B81877,3,1,MASc KA 40 blocks,sa,56,56,7,1
sk_03,B84093,3,1,MASc KA 40 blocks,sa,56,56,7,1
sk_03,B88642,3,1,MASc KA 40 blocks,sa,56,56,7,1
sk_04,B81877,3,1,MASc KA 40 blocks,sa,56,56,7,1
sk_04,B86575,3,1,MASc KA 40 blocks,sa,56,56,7,1
sk_04,B92962,3,1,MASc KA 40 blocks,sa,56,56,7,1
sk_05,B78567,3,1,MASc KA 40 blocks,sa,56,56,7,1
sk_05,B86575,3,1,MASc KA 40 blocks,sa,56,56,7,1
sk_05,B92962,3,1,MASc KA 40 blocks,sa,56,56,7,1
sk_06,B78567,3,1,MASc KA 40 blocks,sa,56,56,7,1
sk_06,B86575,3,1,MASc KA 40 blocks,sa,56,56,7,1
sk_06,B92962,3,1,MASc KA 40 blocks,sa,56,56,7,1
fb_01,B77363,4,1,MASc KA 40 blocks,sa,56,56,7,1
fb_01,B92962,4,1,MASc KA 40 blocks,sa,56,56,7,1
fb_01,B95247,4,1,MASc KA 40 blocks,sa,56,56,7,1
fb_02,B86857,4,1,MASc KA 40 blocks,sa,56,56,7,1
fb_02,B86857,4,1,MASc KA 40 blocks,sa,56,56,7,1
fb_02,B86857,4,1,MASc KA 40 blocks,sa,56,56,7,1
fb_03,B86857,4,1,MASc KA 40 blocks,sa,56,56,7,1
fb_03,B86857,4,1,MASc KA 40 blocks,sa,56,56,7,1
fb_03,B86857,4,1,MASc KA 40 blocks,sa,56,56,7,1
fb_04,B77363,4,1,MASc KA 40 blocks,sa,56,56,7,1
fb_04,B86575,4,1,MASc KA 40 blocks,sa,56,56,7,1
fb_04,B91173,4,1,MASc KA 40 blocks,sa,56,56,7,1
fb_05,B77363,4,1,MASc KA 40 blocks,sa,56,56,7,1
fb_05,B77363,4,1,MASc KA 40 blocks,sa,56,56,7,1
fb_05,B91173,4,1,MASc KA 40 blocks,sa,56,56,7,1
fb_06,B77363,4,1,MASc KA 40 blocks,sa,56,56,7,1
fb_06,B92962,4,1,MASc KA 40 blocks,sa,56,56,7,1
fb_06,B98643,4,1,MASc KA 40 blocks,sa,56,56,7,1
ld_01,B86553,4,1,MASc KA 40 blocks,sa,56,56,7,1
ld_02,B86909,4,1,MASc KA 40 blocks,sa,56,56,7,1
ld_03,B88642,4,1,MASc KA 40 blocks,sa,56,56,7,1
ld_04,B88642,4,1,MASc KA 40 blocks,sa,56,56,7,1
ld_05,B88642,4,1,MASc KA 40 blocks,sa,56,56,7,1
ld_06,B88642,4,1,MASc KA 40 blocks,sa,56,56,7,1
pr_01,B78567,4,1,MASc KA 40 blocks,sa,56,56,7,1
pr_01,B81877,4,1,MASc KA 40 blocks,sa,56,56,7,1
pr_01,B84093,4,1,MASc KA 40 blocks,sa,56,56,7,1
pr_02,B81877,4,1,MASc KA 40 blocks,sa,56,56,7,1
pr_02,B86575,4,1,MASc KA 40 blocks,sa,56,56,7,1
pr_02,B86575,4,1,MASc KA 40 blocks,sa,56,56,7,1
pr_03,B79027,4,1,MASc KA 40 blocks,sa,56,56,7,1
pr_03,B88642,4,1,MASc KA 40 blocks,sa,56,56,7,1
pr_04,B79027,4,1,MASc KA 40 blocks,sa,56,56,7,1
pr_04,B92962,4,1,MASc KA 40 blocks,sa,56,56,7,1
pr_05,B78567,4,1,MASc KA 40 blocks,sa,56,56,7,1
pr_05,B86575,4,1,MASc KA 40 blocks,sa,56,56,7,1
pr_06,B78567,4,1,MASc KA 40 blocks,sa,56,56,7,1
pr_06,B81877,4,1,MASc KA 40 blocks,sa,56,56,7,1
sk_01,B77363,4,1,MASc KA 40 blocks,sa,56,56,7,1
sk_01,B86857,4,1,MASc KA 40 blocks,sa,56,56,7,1
sk_01,B91247,4,1,MASc KA 40 blocks,sa,56,56,7,1
sk_02,B77363,4,1,MASc KA 40 blocks,sa,56,56,7,1
sk_02,B86857,4,1,MASc KA 40 blocks,sa,56,56,7,1
sk_02,B92962,4,1,MASc KA 40 blocks,sa,56,56,7,1
sk_03,B77363,4,1,MASc KA 40 blocks,sa,56,56,7,1
sk_03,B86857,4,1,MASc KA 40 blocks,sa,56,56,7,1
sk_03,B92962,4,1,MASc KA 40 blocks,sa,56,56,7,1
sk_04,B86857,4,1,MASc KA 40 blocks,sa,56,56,7,1
sk_04,B86857,4,1,MASc KA 40 blocks,sa,56,56,7,1
sk_04,B92731,4,1,MASc KA 40 blocks,sa,56,56,7,1
sk_05,B86857,4,1,MASc KA 40 blocks,sa,56,56,7,1
sk_05,B86857,4,1,MASc KA 40 blocks,sa,56,56,7,1
sk_05,B92731,4,1,MASc KA 40 blocks,sa,56,56,7,1
sk_06,B86553,4,1,MASc KA 40 blocks,sa,56,56,7,1
sk_06,B86857,4,1,MASc KA 40 blocks,sa,56,56,7,1
sk_06,B91247,4,1,MASc KA 40 blocks,sa,56,56,7,1
fb_01,B95834,5,1,MASc KA 40 blocks,sa,56,56,7,1
fb_01,B96294,5,1,MASc KA 40 blocks,sa,56,56,7,1
fb_01,B98430,5,1,MASc KA 40 blocks,sa,56,56,7,1
fb_02,B86857,5,1,MASc KA 40 blocks,sa,56,56,7,1
fb_02,B86857,5,1,MASc KA 40 blocks,sa,56,56,7,1
fb_02,B86857,5,1,MASc KA 40 blocks,sa,56,56,7,1
fb_03,B86857,5,1,MASc KA 40 blocks,sa,56,56,7,1
fb_03,B86857,5,1,MASc KA 40 blocks,sa,56,56,7,1
fb_03,B86857,5,1,MASc KA 40 blocks,sa,56,56,7,1
fb_04,B78910,5,1,MASc KA 40 blocks,sa,56,56,7,1
fb_04,B78910,5,1,MASc KA 40 blocks,sa,56,56,7,1
fb_04,B91173,5,1,MASc KA 40 blocks,sa,56,56,7,1
fb_05,B78910,5,1,MASc KA 40 blocks,sa,56,56,7,1
fb_05,B78910,5,1,MASc KA 40 blocks,sa,56,56,7,1
fb_05,B91173,5,1,MASc KA 40 blocks,sa,56,56,7,1
fb_06,B77363,5,1,MASc KA 40 blocks,sa,56,56,7,1
fb_06,B84093,5,1,MASc KA 40 blocks,sa,56,56,7,1
fb_06,B91173,5,1,MASc KA 40 blocks,sa,56,56,7,1
ld_01,B78567,5,1,MASc KA 40 blocks,sa,56,56,7,1
ld_01,B81877,5,1,MASc KA 40 blocks,sa,56,56,7,1
ld_02,B78567,5,1,MASc KA 40 blocks,sa,56,56,7,1
ld_02,B81877,5,1,MASc KA 40 blocks,sa,56,56,7,1
ld_03,B79027,5,1,MASc KA 40 blocks,sa,56,56,7,1
ld_03,B86575,5,1,MASc KA 40 blocks,sa,56,56,7,1
ld_04,B88642,5,1,MASc KA 40 blocks,sa,56,56,7,1
ld_04,B92962,5,1,MASc KA 40 blocks,sa,56,56,7,1
ld_05,B79027,5,1,MASc KA 40 blocks,sa,56,56,7,1
ld_05,B86575,5,1,MASc KA 40 blocks,sa,56,56,7,1
ld_06,B84093,5,1,MASc KA 40 blocks,sa,56,56,7,1
pr_01,B86857,5,1,MASc KA 40 blocks,sa,56,56,7,1
pr_01,B91247,5,1,MASc KA 40 blocks,sa,56,56,7,1
pr_01,B92962,5,1,MASc KA 40 blocks,sa,56,56,7,1
pr_02,B86857,5,1,MASc KA 40 blocks,sa,56,56,7,1
pr_02,B86857,5,1,MASc KA 40 blocks,sa,56,56,7,1
pr_02,B92731,5,1,MASc KA 40 blocks,sa,56,56,7,1
pr_03,B77363,5,1,MASc KA 40 blocks,sa,56,56,7,1
pr_03,B86857,5,1,MASc KA 40 blocks,sa,56,56,7,1
pr_03,B91247,5,1,MASc KA 40 blocks,sa,56,56,7,1
pr_04,B77363,5,1,MASc KA 40 blocks,sa,56,56,7,1
pr_04,B86857,5,1,MASc KA 40 blocks,sa,56,56,7,1
pr_05,B86553,5,1,MASc KA 40 blocks,sa,56,56,7,1
pr_05,B86857,5,1,MASc KA 40 blocks,sa,56,56,7,1
pr_06,B86857,5,1,MASc KA 40 blocks,sa,56,56,7,1
pr_06,B86857,5,1,MASc KA 40 blocks,sa,56,56,7,1
sk_01,B77363,5,1,MASc KA 40 blocks,sa,56,56,7,1
sk_01,B77363,5,1,MASc KA 40 blocks,sa,56,56,7,1
sk_01,B86575,5,1,MASc KA 40 blocks,sa,56,56,7,1
sk_02,B77363,5,1,MASc KA 40 blocks,sa,56,56,7,1
sk_02,B77363,5,1,MASc KA 40 blocks,sa,56,56,7,1
sk_02,B86857,5,1,MASc KA 40 blocks,sa,56,56,7,1
sk_03,B77363,5,1,MASc KA 40 blocks,sa,56,56,7,1
sk_03,B77363,5,1,MASc KA 40 blocks,sa,56,56,7,1
sk_03,B86857,5,1,MASc KA 40 blocks,sa,56,56,7,1
sk_04,B77363,5,1,MASc KA 40 blocks,sa,56,56,7,1
sk_04,B77363,5,1,MASc KA 40 blocks,sa,56,56,7,1
sk_04,B86857,5,1,MASc KA 40 blocks,sa,56,56,7,1
sk_05,B77363,5,1,MASc KA 40 blocks,sa,56,56,7,1
sk_05,B86575,5,1,MASc KA 40 blocks,sa,56,56,7,1
sk_05,B86857,5,1,MASc KA 40 blocks,sa,56,56,7,1
sk_06,B77363,5,1,MASc KA 40 blocks,sa,56,56,7,1
sk_06,B86575,5,1,MASc KA 40 blocks,sa,56,56,7,1
sk_06,B86857,5,1,MASc KA 40 blocks,sa,56,56,7,1
fb_01,B78910,6,1,MASc KA 40 blocks,sa,56,56,7,1
fb_01,B78910,6,1,MASc KA 40 blocks,sa,56,56,7,1
fb_01,B98430,6,1,MASc KA 40 blocks,sa,56,56,7,1
fb_02,B86857,6,1,MASc KA 40 blocks,sa,56,56,7,1
fb_02,B86857,6,1,MASc KA 40 blocks,sa,56,56,7,1
fb_02,B86857,6,1,MASc KA 40 blocks,sa,56,56,7,1
fb_03,B86857,6,1,MASc KA 40 blocks,sa,56,56,7,1
fb_03,B86857,6,1,MASc KA 40 blocks,sa,56,56,7,1
fb_03,B86857,6,1,MASc KA 40 blocks,sa,56,56,7,1
fb_04,B77363,6,1,MASc KA 40 blocks,sa,56,56,7,1
fb_04,B78910,6,1,MASc KA 40 blocks,sa,56,56,7,1
fb_04,B98430,6,1,MASc KA 40 blocks,sa,56,56,7,1
fb_05,B78910,6,1,MASc KA 40 blocks,sa,56,56,7,1
fb_05,B78910,6,1,MASc KA 40 blocks,sa,56,56,7,1
fb_05,B98430,6,1,MASc KA 40 blocks,sa,56,56,7,1
fb_06,B77363,6,1,MASc KA 40 blocks,sa,56,56,7,1
fb_06,B78910,6,1,MASc KA 40 blocks,sa,56,56,7,1
fb_06,B98430,6,1,MASc KA 40 blocks,sa,56,56,7,1
ld_01,B77363,6,1,MASc KA 40 blocks,sa,56,56,7,1
ld_01,B86857,6,1,MASc KA 40 blocks,sa,56,56,7,1
ld_02,B86857,6,1,MASc KA 40 blocks,sa,56,56,7,1
ld_02,B92962,6,1,MASc KA 40 blocks,sa,56,56,7,1
ld_03,B77363,6,1,MASc KA 40 blocks,sa,56,56,7,1
ld_03,B86857,6,1,MASc KA 40 blocks,sa,56,56,7,1
ld_04,B86553,6,1,MASc KA 40 blocks,sa,56,56,7,1
ld_04,B86857,6,1,MASc KA 40 blocks,sa,56,56,7,1
ld_05,B86857,6,1,MASc KA 40 blocks,sa,56,56,7,1
ld_05,B92731,6,1,MASc KA 40 blocks,sa,56,56,7,1
ld_06,B91247,6,1,MASc KA 40 blocks,sa,56,56,7,1
pr_01,B77363,6,1,MASc KA 40 blocks,sa,56,56,7,1
pr_01,B77363,6,1,MASc KA 40 blocks,sa,56,56,7,1
pr_01,B86857,6,1,MASc KA 40 blocks,sa,56,56,7,1
pr_02,B77363,6,1,MASc KA 40 blocks,sa,56,56,7,1
pr_02,B86575,6,1,MASc KA 40 blocks,sa,56,56,7,1
pr_02,B86857,6,1,MASc KA 40 blocks,sa,56,56,7,1
pr_03,B77363,6,1,MASc KA 40 blocks,sa,56,56,7,1
pr_03,B77363,6,1,MASc KA 40 blocks,sa,56,56,7,1
pr_03,B86857,6,1,MASc KA 40 blocks,sa,56,56,7,1
pr_04,B77363,6,1,MASc KA 40 blocks,sa,56,56,7,1
pr_04,B77363,6,1,MASc KA 40 blocks,sa,56,56,7,1
pr_04,B86857,6,1,MASc KA 40 blocks,sa,56,56,7,1
pr_05,B77363,6,1,MASc KA 40 blocks,sa,56,56,7,1
pr_05,B86575,6,1,MASc KA 40 blocks,sa,56,56,7,1
pr_06,B77363,6,1,MASc KA 40 blocks,sa,56,56,7,1
pr_06,B86575,6,1,MASc KA 40 blocks,sa,56,56,7,1
sk_01,B77363,6,1,MASc KA 40 blocks,sa,56,56,7,1
sk_01,B78910,6,1,MASc KA 40 blocks,sa,56,56,7,1
sk_01,B86857,6,1,MASc KA 40 blocks,sa,56,56,7,1
sk_02,B77363,6,1,MASc KA 40 blocks,sa,56,56,7,1
sk_02,B78910,6,1,MASc KA 40 blocks,sa,56,56,7,1
sk_02,B86857,6,1,MASc KA 40 blocks,sa,56,56,7,1
sk_03,B78910,6,1,MASc KA 40 blocks,sa,56,56,7,1
sk_03,B78910,6,1,MASc KA 40 blocks,sa,56,56,7,1
sk_03,B86857,6,1,MASc KA 40 blocks,sa,56,56,7,1
sk_04,B78910,6,1,MASc KA 40 blocks,sa,56,56,7,1
sk_04,B84093,6,1,MASc KA 40 blocks,sa,56,56,7,1
sk_04,B86857,6,1,MASc KA 40 blocks,sa,56,56,7,1
sk_05,B78910,6,1,MASc KA 40 blocks,sa,56,56,7,1
sk_05,B84093,6,1,MASc KA 40 blocks,sa,56,56,7,1
sk_05,B86857,6,1,MASc KA 40 blocks,sa,56,56,7,1
sk_06,B78910,6,1,MASc KA 40 blocks,sa,56,56,7,1
sk_06,B86857,6,1,MASc KA 40 blocks,sa,56,56,7,1
sk_06,B86857,6,1,MASc KA 40 blocks,sa,56,56,7,1
fb_01,B82792,7,1,MASc KA 40 blocks,sa,56,56,7,1
fb_01,B95247,7,1,MASc KA 40 blocks,sa,56,56,7,1
fb_01,B96294,7,1,MASc KA 40 blocks,sa,56,56,7,1
fb_02,B86857,7,1,MASc KA 40 blocks,sa,56,56,7,1
fb_02,B86857,7,1,MASc KA 40 blocks,sa,56,56,7,1
fb_02,B86857,7,1,MASc KA 40 blocks,sa,56,56,7,1
fb_03,B86857,7,1,MASc KA 40 blocks,sa,56,56,7,1
fb_03,B86857,7,1,MASc KA 40 blocks,sa,56,56,7,1
fb_03,B86857,7,1,MASc KA 40 blocks,sa,56,56,7,1
fb_04,B95247,7,1,MASc KA 40 blocks,sa,56,56,7,1
fb_04,B96294,7,1,MASc KA 40 blocks,sa,56,56,7,1
fb_04,B98430,7,1,MASc KA 40 blocks,sa,56,56,7,1
fb_05,B96294,7,1,MASc KA 40 blocks,sa,56,56,7,1
fb_05,B96294,7,1,MASc KA 40 blocks,sa,56,56,7,1
fb_05,B98430,7,1,MASc KA 40 blocks,sa,56,56,7,1
fb_06,B86909,7,1,MASc KA 40 blocks,sa,56,56,7,1
fb_06,B95247,7,1,MASc KA 40 blocks,sa,56,56,7,1
fb_06,B96294,7,1,MASc KA 40 blocks,sa,56,56,7,1
ld_01,B77363,7,1,MASc KA 40 blocks,sa,56,56,7,1
ld_01,B77363,7,1,MASc KA 40 blocks,sa,56,56,7,1
ld_01,B86857,7,1,MASc KA 40 blocks,sa,56,56,7,1
ld_02,B77363,7,1,MASc KA 40 blocks,sa,56,56,7,1
ld_02,B86575,7,1,MASc KA 40 blocks,sa,56,56,7,1
ld_02,B86857,7,1,MASc KA 40 blocks,sa,56,56,7,1
ld_03,B77363,7,1,MASc KA 40 blocks,sa,56,56,7,1
ld_03,B86575,7,1,MASc KA 40 blocks,sa,56,56,7,1
ld_03,B86857,7,1,MASc KA 40 blocks,sa,56,56,7,1
ld_04,B77363,7,1,MASc KA 40 blocks,sa,56,56,7,1
ld_04,B77363,7,1,MASc KA 40 blocks,sa,56,56,7,1
ld_04,B86575,7,1,MASc KA 40 blocks,sa,56,56,7,1
ld_05,B77363,7,1,MASc KA 40 blocks,sa,56,56,7,1
ld_05,B77363,7,1,MASc KA 40 blocks,sa,56,56,7,1
ld_06,B77363,7,1,MASc KA 40 blocks,sa,56,56,7,1
ld_06,B86575,7,1,MASc KA 40 blocks,sa,56,56,7,1
pr_01,B78910,7,1,MASc KA 40 blocks,sa,56,56,7,1
pr_01,B84093,7,1,MASc KA 40 blocks,sa,56,56,7,1
pr_01,B86857,7,1,MASc KA 40 blocks,sa,56,56,7,1
pr_02,B78910,7,1,MASc KA 40 blocks,sa,56,56,7,1
pr_02,B84093,7,1,MASc KA 40 blocks,sa,56,56,7,1
pr_02,B86857,7,1,MASc KA 40 blocks,sa,56,56,7,1
pr_03,B77363,7,1,MASc KA 40 blocks,sa,56,56,7,1
pr_03,B78910,7,1,MASc KA 40 blocks,sa,56,56,7,1
pr_03,B86857,7,1,MASc KA 40 blocks,sa,56,56,7,1
pr_04,B77363,7,1,MASc KA 40 blocks,sa,56,56,7,1
pr_04,B78910,7,1,MASc KA 40 blocks,sa,56,56,7,1
pr_04,B86857,7,1,MASc KA 40 blocks,sa,56,56,7,1
pr_05,B78910,7,1,MASc KA 40 blocks,sa,56,56,7,1
pr_05,B78910,7,1,MASc KA 40 blocks,sa,56,56,7,1
pr_05,B86857,7,1,MASc KA 40 blocks,sa,56,56,7,1
pr_06,B78910,7,1,MASc KA 40 blocks,sa,56,56,7,1
pr_06,B86857,7,1,MASc KA 40 blocks,sa,56,56,7,1
pr_06,B86857,7,1,MASc KA 40 blocks,sa,56,56,7,1
sk_01,B78910,7,1,MASc KA 40 blocks,sa,56,56,7,1
sk_01,B78910,7,1,MASc KA 40 blocks,sa,56,56,7,1
sk_01,B78910,7,1,MASc KA 40 blocks,sa,56,56,7,1
sk_02,B78910,7,1,MASc KA 40 blocks,sa,56,56,7,1
sk_02,B78910,7,1,MASc KA 40 blocks,sa,56,56,7,1
sk_02,B78910,7,1,MASc KA 40 blocks,sa,56,56,7,1
sk_03,B77363,7,1,MASc KA 40 blocks,sa,56,56,7,1
sk_03,B78910,7,1,MASc KA 40 blocks,sa,56,56,7,1
sk_03,B78910,7,1,MASc KA 40 blocks,sa,56,56,7,1
sk_04,B77363,7,1,MASc KA 40 blocks,sa,56,56,7,1
sk_04,B78910,7,1,MASc KA 40 blocks,sa,56,56,7,1
sk_04,B86857,7,1,MASc KA 40 blocks,sa,56,56,7,1
sk_05,B77363,7,1,MASc KA 40 blocks,sa,56,56,7,1
sk_05,B78910,7,1,MASc KA 40 blocks,sa,56,56,7,1
sk_05,B86857,7,1,MASc KA 40 blocks,sa,56,56,7,1
sk_06,B77363,7,1,MASc KA 40 blocks,sa,56,56,7,1
sk_06,B78910,7,1,MASc KA 40 blocks,sa,56,56,7,1
sk_06,B86857,7,1,MASc KA 40 blocks,sa,56,56,7,1
fb_01,B77718,8,1,MASc KA 40 blocks,sa,56,56,7,1
fb_01,B86857,8,1,MASc KA 40 blocks,sa,56,56,7,1
fb_01,B86857,8,1,MASc KA 40 blocks,sa,56,56,7,1
fb_02,B77718,8,1,MASc KA 40 blocks,sa,56,56,7,1
fb_02,B91247,8,1,MASc KA 40 blocks,sa,56,56,7,1
fb_02,B91247,8,1,MASc KA 40 blocks,sa,56,56,7,1
fb_03,B77718,8,1,MASc KA 40 blocks,sa,56,56,7,1
fb_03,B86553,8,1,MASc KA 40 blocks,sa,56,56,7,1
fb_03,B94657,8,1,MASc KA 40 blocks,sa,56,56,7,1
fb_04,B77718,8,1,MASc KA 40 blocks,sa,56,56,7,1
fb_04,B86553,8,1,MASc KA 40 blocks,sa,56,56,7,1
fb_04,B91247,8,1,MASc KA 40 blocks,sa,56,56,7,1
fb_05,B86909,8,1,MASc KA 40 blocks,sa,56,56,7,1
fb_05,B86909,8,1,MASc KA 40 blocks,sa,56,56,7,1
fb_05,B88642,8,1,MASc KA 40 blocks,sa,56,56,7,1
fb_06,B86857,8,1,MASc KA 40 blocks,sa,56,56,7,1
fb_06,B86909,8,1,MASc KA 40 blocks,sa,56,56,7,1
fb_06,B92731,8,1,MASc KA 40 blocks,sa,56,56,7,1
fb_01,B84093,9,1,MASc KA 40 blocks,sa,56,56,7,1
fb_01,B86575,9,1,MASc KA 40 blocks,sa,56,56,7,1
fb_01,B92731,9,1,MASc KA 40 blocks,sa,56,56,7,1
fb_02,B81877,9,1,MASc KA 40 blocks,sa,56,56,7,1
fb_02,B91247,9,1,MASc KA 40 blocks,sa,56,56,7,1
fb_02,B91247,9,1,MASc KA 40 blocks,sa,56,56,7,1
fb_03,B78567,9,1,MASc KA 40 blocks,sa,56,56,7,1
fb_03,B86553,9,1,MASc KA 40 blocks,sa,56,56,7,1
fb_03,B86909,9,1,MASc KA 40 blocks,sa,56,56,7,1
fb_04,B78567,9,1,MASc KA 40 blocks,sa,56,56,7,1
fb_04,B79027,9,1,MASc KA 40 blocks,sa,56,56,7,1
fb_04,B86553,9,1,MASc KA 40 blocks,sa,56,56,7,1
fb_05,B79027,9,1,MASc KA 40 blocks,sa,56,56,7,1
fb_05,B86575,9,1,MASc KA 40 blocks,sa,56,56,7,1
fb_05,B92731,9,1,MASc KA 40 blocks,sa,56,56,7,1
fb_06,B81877,9,1,MASc KA 40 blocks,sa,56,56,7,1
fb_06,B86575,9,1,MASc KA 40 blocks,sa,56,56,7,1
fb_06,B86909,9,1,MASc KA 40 blocks,sa,56,56,7,1
sk_01,B86553,9,1,MASc KA 40 blocks,sa,56,56,7,1
sk_01,B88642,9,1,MASc KA 40 blocks,sa,56,56,7,1
sk_01,B91247,9,1,MASc KA 40 blocks,sa,56,56,7,1
sk_02,B86553,9,1,MASc KA 40 blocks,sa,56,56,7,1
sk_02,B88642,9,1,MASc KA 40 blocks,sa,56,56,7,1
sk_02,B88642,9,1,MASc KA 40 blocks,sa,56,56,7,1
sk_03,B86857,9,1,MASc KA 40 blocks,sa,56,56,7,1
sk_03,B88642,9,1,MASc KA 40 blocks,sa,56,56,7,1
sk_03,B88642,9,1,MASc KA 40 blocks,sa,56,56,7,1
sk_04,B86857,9,1,MASc KA 40 blocks,sa,56,56,7,1
sk_04,B86909,9,1,MASc KA 40 blocks,sa,56,56,7,1
sk_04,B91247,9,1,MASc KA 40 blocks,sa,56,56,7,1
sk_05,B86857,9,1,MASc KA 40 blocks,sa,56,56,7,1
sk_05,B88642,9,1,MASc KA 40 blocks,sa,56,56,7,1
sk_05,B91247,9,1,MASc KA 40 blocks,sa,56,56,7,1
sk_06,B86857,9,1,MASc KA 40 blocks,sa,56,56,7,1
sk_06,B86909,9,1,MASc KA 40 blocks,sa,56,56,7,1
sk_06,B88642,9,1,MASc KA 40 blocks,sa,56,56,7,1
fb_01,B88901,10,1,MASc KA 40 blocks,sa,56,56,7,1
fb_01,B91173,10,1,MASc KA 40 blocks,sa,56,56,7,1
fb_01,B91247,10,1,MASc KA 40 blocks,sa,56,56,7,1
fb_02,B86857,10,1,MASc KA 40 blocks,sa,56,56,7,1
fb_02,B86857,10,1,MASc KA 40 blocks,sa,56,56,7,1
fb_02,B95247,10,1,MASc KA 40 blocks,sa,56,56,7,1
fb_03,B78567,10,1,MASc KA 40 blocks,sa,56,56,7,1
fb_03,B86857,10,1,MASc KA 40 blocks,sa,56,56,7,1
fb_03,B86857,10,1,MASc KA 40 blocks,sa,56,56,7,1
fb_04,B83630,10,1,MASc KA 40 blocks,sa,56,56,7,1
fb_04,B92731,10,1,MASc KA 40 blocks,sa,56,56,7,1
fb_04,B92962,10,1,MASc KA 40 blocks,sa,56,56,7,1
fb_05,B92962,10,1,MASc KA 40 blocks,sa,56,56,7,1
fb_05,B92962,10,1,MASc KA 40 blocks,sa,56,56,7,1
fb_05,B92962,10,1,MASc KA 40 blocks,sa,56,56,7,1
fb_06,B88642,10,1,MASc KA 40 blocks,sa,56,56,7,1
fb_06,B92731,10,1,MASc KA 40 blocks,sa,56,56,7,1
fb_06,B92962,10,1,MASc KA 40 blocks,sa,56,56,7,1
pr_01,B86553,10,1,MASc KA 40 blocks,sa,56,56,7,1
pr_01,B91247,10,1,MASc KA 40 blocks,sa,56,56,7,1
pr_02,B88642,10,1,MASc KA 40 blocks,sa,56,56,7,1
pr_02,B91247,10,1,MASc KA 40 blocks,sa,56,56,7,1
pr_03,B86857,10,1,MASc KA 40 blocks,sa,56,56,7,1
pr_03,B88642,10,1,MASc KA 40 blocks,sa,56,56,7,1
pr_04,B86857,10,1,MASc KA 40 blocks,sa,56,56,7,1
pr_04,B86909,10,1,MASc KA 40 blocks,sa,56,56,7,1
pr_05,B86857,10,1,MASc KA 40 blocks,sa,56,56,7,1
pr_05,B86909,10,1,MASc KA 40 blocks,sa,56,56,7,1
pr_06,B91247,10,1,MASc KA 40 blocks,sa,56,56,7,1
sk_01,B79027,10,1,MASc KA 40 blocks,sa,56,56,7,1
sk_01,B84093,10,1,MASc KA 40 blocks,sa,56,56,7,1
sk_01,B86575,10,1,MASc KA 40 blocks,sa,56,56,7,1
sk_02,B79027,10,1,MASc KA 40 blocks,sa,56,56,7,1
sk_02,B86575,10,1,MASc KA 40 blocks,sa,56,56,7,1
sk_02,B86575,10,1,MASc KA 40 blocks,sa,56,56,7,1
sk_03,B78567,10,1,MASc KA 40 blocks,sa,56,56,7,1
sk_03,B81877,10,1,MASc KA 40 blocks,sa,56,56,7,1
sk_03,B86575,10,1,MASc KA 40 blocks,sa,56,56,7,1
sk_04,B81877,10,1,MASc KA 40 blocks,sa,56,56,7,1
sk_04,B86575,10,1,MASc KA 40 blocks,sa,56,56,7,1
sk_04,B91247,10,1,MASc KA 40 blocks,sa,56,56,7,1
sk_05,B86575,10,1,MASc KA 40 blocks,sa,56,56,7,1
sk_05,B86909,10,1,MASc KA 40 blocks,sa,56,56,7,1
sk_05,B92731,10,1,MASc KA 40 blocks,sa,56,56,7,1
sk_06,B84093,10,1,MASc KA 40 blocks,sa,56,56,7,1
sk_06,B86575,10,1,MASc KA 40 blocks,sa,56,56,7,1
sk_06,B86909,10,1,MASc KA 40 blocks,sa,56,56,7,1
fb_01,B86857,11,1,MASc KA 40 blocks,sa,56,56,7,1
fb_01,B92962,11,1,MASc KA 40 blocks,sa,56,56,7,1
fb_01,B95247,11,1,MASc KA 40 blocks,sa,56,56,7,1
fb_02,B77718,11,1,MASc KA 40 blocks,sa,56,56,7,1
fb_02,B86857,11,1,MASc KA 40 blocks,sa,56,56,7,1
fb_02,B86857,11,1,MASc KA 40 blocks,sa,56,56,7,1
fb_03,B86857,11,1,MASc KA 40 blocks,sa,56,56,7,1
fb_03,B86857,11,1,MASc KA 40 blocks,sa,56,56,7,1
fb_03,B92731,11,1,MASc KA 40 blocks,sa,56,56,7,1
fb_04,B77363,11,1,MASc KA 40 blocks,sa,56,56,7,1
fb_04,B77363,11,1,MASc KA 40 blocks,sa,56,56,7,1
fb_04,B77363,11,1,MASc KA 40 blocks,sa,56,56,7,1
fb_05,B77363,11,1,MASc KA 40 blocks,sa,56,56,7,1
fb_05,B92731,11,1,MASc KA 40 blocks,sa,56,56,7,1
fb_05,B92962,11,1,MASc KA 40 blocks,sa,56,56,7,1
fb_06,B92962,11,1,MASc KA 40 blocks,sa,56,56,7,1
fb_06,B92962,11,1,MASc KA 40 blocks,sa,56,56,7,1
fb_06,B92962,11,1,MASc KA 40 blocks,sa,56,56,7,1
ld_01,B86857,11,1,MASc KA 40 blocks,sa,56,56,7,1
ld_01,B88642,11,1,MASc KA 40 blocks,sa,56,56,7,1
ld_02,B86857,11,1,MASc KA 40 blocks,sa,56,56,7,1
ld_02,B88642,11,1,MASc KA 40 blocks,sa,56,56,7,1
ld_03,B91247,11,1,MASc KA 40 blocks,sa,56,56,7,1
ld_04,B88642,11,1,MASc KA 40 blocks,sa,56,56,7,1
ld_05,B86909,11,1,MASc KA 40 blocks,sa,56,56,7,1
ld_06,B88642,11,1,MASc KA 40 blocks,sa,56,56,7,1
pr_01,B79027,11,1,MASc KA 40 blocks,sa,56,56,7,1
pr_01,B84093,11,1,MASc KA 40 blocks,sa,56,56,7,1
pr_01,B86909,11,1,MASc KA 40 blocks,sa,56,56,7,1
pr_02,B78567,11,1,MASc KA 40 blocks,sa,56,56,7,1
pr_02,B86575,11,1,MASc KA 40 blocks,sa,56,56,7,1
pr_02,B86909,11,1,MASc KA 40 blocks,sa,56,56,7,1
pr_03,B81877,11,1,MASc KA 40 blocks,sa,56,56,7,1
pr_03,B86575,11,1,MASc KA 40 blocks,sa,56,56,7,1
pr_04,B81877,11,1,MASc KA 40 blocks,sa,56,56,7,1
pr_04,B86575,11,1,MASc KA 40 blocks,sa,56,56,7,1
pr_05,B81877,11,1,MASc KA 40 blocks,sa,56,56,7,1
pr_05,B86575,11,1,MASc KA 40 blocks,sa,56,56,7,1
pr_06,B79027,11,1,MASc KA 40 blocks,sa,56,56,7,1
pr_06,B91247,11,1,MASc KA 40 blocks,sa,56,56,7,1
sk_01,B78567,11,1,MASc KA 40 blocks,sa,56,56,7,1
sk_01,B86857,11,1,MASc KA 40 blocks,sa,56,56,7,1
sk_01,B92962,11,1,MASc KA 40 blocks,sa,56,56,7,1
sk_02,B86575,11,1,MASc KA 40 blocks,sa,56,56,7,1
sk_02,B91247,11,1,MASc KA 40 blocks,sa,56,56,7,1
sk_02,B92731,11,1,MASc KA 40 blocks,sa,56,56,7,1
sk_03,B88642,11,1,MASc KA 40 blocks,sa,56,56,7,1
sk_03,B91247,11,1,MASc KA 40 blocks,sa,56,56,7,1
sk_03,B91247,11,1,MASc KA 40 blocks,sa,56,56,7,1
sk_04,B86553,11,1,MASc KA 40 blocks,sa,56,56,7,1
sk_04,B86857,11,1,MASc KA 40 blocks,sa,56,56,7,1
sk_04,B86857,11,1,MASc KA 40 blocks,sa,56,56,7,1
sk_05,B86857,11,1,MASc KA 40 blocks,sa,56,56,7,1
sk_05,B86909,11,1,MASc KA 40 blocks,sa,56,56,7,1
sk_05,B91247,11,1,MASc KA 40 blocks,sa,56,56,7,1
sk_06,B86857,11,1,MASc KA 40 blocks,sa,56,56,7,1
sk_06,B91247,11,1,MASc KA 40 blocks,sa,56,56,7,1
sk_06,B95247,11,1,MASc KA 40 blocks,sa,56,56,7,1
fb_01,B95834,12,1,MASc KA 40 blocks,sa,56,56,7,1
fb_01,B96294,12,1,MASc KA 40 blocks,sa,56,56,7,1
fb_01,B98430,12,1,MASc KA 40 blocks,sa,56,56,7,1
fb_02,B86857,12,1,MASc KA 40 blocks,sa,56,56,7,1
fb_02,B86857,12,1,MASc KA 40 blocks,sa,56,56,7,1
fb_02,B86857,12,1,MASc KA 40 blocks,sa,56,56,7,1
fb_03,B76319,12,1,MASc KA 40 blocks,sa,56,56,7,1
fb_03,B86857,12,1,MASc KA 40 blocks,sa,56,56,7,1
fb_03,B95247,12,1,MASc KA 40 blocks,sa,56,56,7,1
fb_04,B84093,12,1,MASc KA 40 blocks,sa,56,56,7,1
fb_04,B91173,12,1,MASc KA 40 blocks,sa,56,56,7,1
fb_04,B98643,12,1,MASc KA 40 blocks,sa,56,56,7,1
fb_05,B86909,12,1,MASc KA 40 blocks,sa,56,56,7,1
fb_05,B86909,12,1,MASc KA 40 blocks,sa,56,56,7,1
fb_05,B91173,12,1,MASc KA 40 blocks,sa,56,56,7,1
fb_06,B77363,12,1,MASc KA 40 blocks,sa,56,56,7,1
fb_06,B78910,12,1,MASc KA 40 blocks,sa,56,56,7,1
fb_06,B91173,12,1,MASc KA 40 blocks,sa,56,56,7,1
ld_01,B86575,12,1,MASc KA 40 blocks,sa,56,56,7,1
ld_01,B86909,12,1,MASc KA 40 blocks,sa,56,56,7,1
ld_02,B79027,12,1,MASc KA 40 blocks,sa,56,56,7,1
ld_02,B91247,12,1,MASc KA 40 blocks,sa,56,56,7,1
ld_03,B81877,12,1,MASc KA 40 blocks,sa,56,56,7,1
ld_03,B86575,12,1,MASc KA 40 blocks,sa,56,56,7,1
ld_04,B79027,12,1,MASc KA 40 blocks,sa,56,56,7,1
ld_04,B86575,12,1,MASc KA 40 blocks,sa,56,56,7,1
ld_05,B84093,12,1,MASc KA 40 blocks,sa,56,56,7,1
ld_06,B81877,12,1,MASc KA 40 blocks,sa,56,56,7,1
pr_01,B78567,12,1,MASc KA 40 blocks,sa,56,56,7,1
pr_01,B86575,12,1,MASc KA 40 blocks,sa,56,56,7,1
pr_01,B86857,12,1,MASc KA 40 blocks,sa,56,56,7,1
pr_02,B86857,12,1,MASc KA 40 blocks,sa,56,56,7,1
pr_02,B86857,12,1,MASc KA 40 blocks,sa,56,56,7,1
pr_02,B86909,12,1,MASc KA 40 blocks,sa,56,56,7,1
pr_03,B86857,12,1,MASc KA 40 blocks,sa,56,56,7,1
pr_03,B91247,12,1,MASc KA 40 blocks,sa,56,56,7,1
pr_03,B92731,12,1,MASc KA 40 blocks,sa,56,56,7,1
pr_04,B86857,12,1,MASc KA 40 blocks,sa,56,56,7,1
pr_04,B88642,12,1,MASc KA 40 blocks,sa,56,56,7,1
pr_04,B91247,12,1,MASc KA 40 blocks,sa,56,56,7,1
pr_05,B86553,12,1,MASc KA 40 blocks,sa,56,56,7,1
pr_05,B91247,12,1,MASc KA 40 blocks,sa,56,56,7,1
pr_05,B91247,12,1,MASc KA 40 blocks,sa,56,56,7,1
pr_06,B86575,12,1,MASc KA 40 blocks,sa,56,56,7,1
pr_06,B91247,12,1,MASc KA 40 blocks,sa,56,56,7,1
sk_01,B77363,12,1,MASc KA 40 blocks,sa,56,56,7,1
sk_01,B86857,12,1,MASc KA 40 blocks,sa,56,56,7,1
sk_01,B94657,12,1,MASc KA 40 blocks,sa,56,56,7,1
sk_02,B77363,12,1,MASc KA 40 blocks,sa,56,56,7,1
sk_02,B77363,12,1,MASc KA 40 blocks,sa,56,56,7,1
sk_02,B86857,12,1,MASc KA 40 blocks,sa,56,56,7,1
sk_03,B77363,12,1,MASc KA 40 blocks,sa,56,56,7,1
sk_03,B86857,12,1,MASc KA 40 blocks,sa,56,56,7,1
sk_03,B86857,12,1,MASc KA 40 blocks,sa,56,56,7,1
sk_04,B77363,12,1,MASc KA 40 blocks,sa,56,56,7,1
sk_04,B86857,12,1,MASc KA 40 blocks,sa,56,56,7,1
sk_04,B95247,12,1,MASc KA 40 blocks,sa,56,56,7,1
sk_05,B77363,12,1,MASc KA 40 blocks,sa,56,56,7,1
sk_05,B86857,12,1,MASc KA 40 blocks,sa,56,56,7,1
sk_05,B92962,12,1,MASc KA 40 blocks,sa,56,56,7,1
sk_06,B77363,12,1,MASc KA 40 blocks,sa,56,56,7,1
sk_06,B86857,12,1,MASc KA 40 blocks,sa,56,56,7,1
sk_06,B92962,12,1,MASc KA 40 blocks,sa,56,56,7,1
fb_01,B78910,13,1,MASc KA 40 blocks,sa,56,56,7,1
fb_01,B78910,13,1,MASc KA 40 blocks,sa,56,56,7,1
fb_01,B86857,13,1,MASc KA 40 blocks,sa,56,56,7,1
fb_02,B86857,13,1,MASc KA 40 blocks,sa,56,56,7,1
fb_02,B86857,13,1,MASc KA 40 blocks,sa,56,56,7,1
fb_02,B86857,13,1,MASc KA 40 blocks,sa,56,56,7,1
fb_03,B77363,13,1,MASc KA 40 blocks,sa,56,56,7,1
fb_03,B86857,13,1,MASc KA 40 blocks,sa,56,56,7,1
fb_03,B86857,13,1,MASc KA 40 blocks,sa,56,56,7,1
fb_04,B78910,13,1,MASc KA 40 blocks,sa,56,56,7,1
fb_04,B78910,13,1,MASc KA 40 blocks,sa,56,56,7,1
fb_04,B78910,13,1,MASc KA 40 blocks,sa,56,56,7,1
fb_05,B77363,13,1,MASc KA 40 blocks,sa,56,56,7,1
fb_05,B91173,13,1,MASc KA 40 blocks,sa,56,56,7,1
fb_05,B98430,13,1,MASc KA 40 blocks,sa,56,56,7,1
fb_06,B77363,13,1,MASc KA 40 blocks,sa,56,56,7,1
fb_06,B77363,13,1,MASc KA 40 blocks,sa,56,56,7,1
fb_06,B92912,13,1,MASc KA 40 blocks,sa,56,56,7,1
ld_01,B86553,13,1,MASc KA 40 blocks,sa,56,56,7,1
ld_01,B86575,13,1,MASc KA 40 blocks,sa,56,56,7,1
ld_01,B86857,13,1,MASc KA 40 blocks,sa,56,56,7,1
ld_02,B86857,13,1,MASc KA 40 blocks,sa,56,56,7,1
ld_02,B92731,13,1,MASc KA 40 blocks,sa,56,56,7,1
ld_03,B78567,13,1,MASc KA 40 blocks,sa,56,56,7,1
ld_03,B86857,13,1,MASc KA 40 blocks,sa,56,56,7,1
ld_04,B86575,13,1,MASc KA 40 blocks,sa,56,56,7,1
ld_04,B91247,13,1,MASc KA 40 blocks,sa,56,56,7,1
ld_05,B86575,13,1,MASc KA 40 blocks,sa,56,56,7,1
ld_05,B91247,13,1,MASc KA 40 blocks,sa,56,56,7,1
ld_06,B88642,13,1,MASc KA 40 blocks,sa,56,56,7,1
ld_06,B91247,13,1,MASc KA 40 blocks,sa,56,56,7,1
pr_01,B77363,13,1,MASc KA 40 blocks,sa,56,56,7,1
pr_01,B86857,13,1,MASc KA 40 blocks,sa,56,56,7,1
pr_01,B92962,13,1,MASc KA 40 blocks,sa,56,56,7,1
pr_02,B77363,13,1,MASc KA 40 blocks,sa,56,56,7,1
pr_02,B86857,13,1,MASc KA 40 blocks,sa,56,56,7,1
pr_02,B95247,13,1,MASc KA 40 blocks,sa,56,56,7,1
pr_03,B77363,13,1,MASc KA 40 blocks,sa,56,56,7,1
pr_03,B86857,13,1,MASc KA 40 blocks,sa,56,56,7,1
pr_04,B77363,13,1,MASc KA 40 blocks,sa,56,56,7,1
pr_04,B86857,13,1,MASc KA 40 blocks,sa,56,56,7,1
pr_05,B77363,13,1,MASc KA 40 blocks,sa,56,56,7,1
pr_05,B86857,13,1,MASc KA 40 blocks,sa,56,56,7,1
pr_06,B77363,13,1,MASc KA 40 blocks,sa,56,56,7,1
pr_06,B86857,13,1,MASc KA 40 blocks,sa,56,56,7,1
sk_01,B77363,13,1,MASc KA 40 blocks,sa,56,56,7,1
sk_01,B86857,13,1,MASc KA 40 blocks,sa,56,56,7,1
sk_01,B86909,13,1,MASc KA 40 blocks,sa,56,56,7,1
sk_02,B77363,13,1,MASc KA 40 blocks,sa,56,56,7,1
sk_02,B86857,13,1,MASc KA 40 blocks,sa,56,56,7,1
sk_02,B95247,13,1,MASc KA 40 blocks,sa,56,56,7,1
sk_03,B78910,13,1,MASc KA 40 blocks,sa,56,56,7,1
sk_03,B86857,13,1,MASc KA 40 blocks,sa,56,56,7,1
sk_03,B95247,13,1,MASc KA 40 blocks,sa,56,56,7,1
sk_04,B84093,13,1,MASc KA 40 blocks,sa,56,56,7,1
sk_04,B86857,13,1,MASc KA 40 blocks,sa,56,56,7,1
sk_04,B92962,13,1,MASc KA 40 blocks,sa,56,56,7,1
sk_05,B84093,13,1,MASc KA 40 blocks,sa,56,56,7,1
sk_05,B86909,13,1,MASc KA 40 blocks,sa,56,56,7,1
sk_05,B92962,13,1,MASc KA 40 blocks,sa,56,56,7,1
sk_06,B86553,13,1,MASc KA 40 blocks,sa,56,56,7,1
sk_06,B86857,13,1,MASc KA 40 blocks,sa,56,56,7,1
sk_06,B86909,13,1,MASc KA 40 blocks,sa,56,56,7,1
fb_01,B82792,14,1,MASc KA 40 blocks,sa,56,56,7,1
fb_01,B96294,14,1,MASc KA 40 blocks,sa,56,56,7,1
fb_01,B98430,14,1,MASc KA 40 blocks,sa,56,56,7,1
fb_02,B86857,14,1,MASc KA 40 blocks,sa,56,56,7,1
fb_02,B86857,14,1,MASc KA 40 blocks,sa,56,56,7,1
fb_02,B86857,14,1,MASc KA 40 blocks,sa,56,56,7,1
fb_03,B86857,14,1,MASc KA 40 blocks,sa,56,56,7,1
fb_03,B86857,14,1,MASc KA 40 blocks,sa,56,56,7,1
fb_03,B95247,14,1,MASc KA 40 blocks,sa,56,56,7,1
fb_04,B96294,14,1,MASc KA 40 blocks,sa,56,56,7,1
fb_04,B98430,14,1,MASc KA 40 blocks,sa,56,56,7,1
fb_04,B98430,14,1,MASc KA 40 blocks,sa,56,56,7,1
fb_05,B86909,14,1,MASc KA 40 blocks,sa,56,56,7,1
fb_05,B96294,14,1,MASc KA 40 blocks,sa,56,56,7,1
fb_05,B98430,14,1,MASc KA 40 blocks,sa,56,56,7,1
fb_06,B78910,14,1,MASc KA 40 blocks,sa,56,56,7,1
fb_06,B95247,14,1,MASc KA 40 blocks,sa,56,56,7,1
fb_06,B96294,14,1,MASc KA 40 blocks,sa,56,56,7,1
ld_01,B77363,14,1,MASc KA 40 blocks,sa,56,56,7,1
ld_01,B86857,14,1,MASc KA 40 blocks,sa,56,56,7,1
ld_02,B86857,14,1,MASc KA 40 blocks,sa,56,56,7,1
ld_02,B92962,14,1,MASc KA 40 blocks,sa,56,56,7,1
ld_03,B77363,14,1,MASc KA 40 blocks,sa,56,56,7,1
ld_03,B86857,14,1,MASc KA 40 blocks,sa,56,56,7,1
ld_04,B77363,14,1,MASc KA 40 blocks,sa,56,56,7,1
ld_04,B86857,14,1,MASc KA 40 blocks,sa,56,56,7,1
ld_05,B77363,14,1,MASc KA 40 blocks,sa,56,56,7,1
ld_05,B77363,14,1,MASc KA 40 blocks,sa,56,56,7,1
ld_06,B77363,14,1,MASc KA 40 blocks,sa,56,56,7,1
pr_01,B86857,14,1,MASc KA 40 blocks,sa,56,56,7,1
pr_01,B92962,14,1,MASc KA 40 blocks,sa,56,56,7,1
pr_01,B95247,14,1,MASc KA 40 blocks,sa,56,56,7,1
pr_02,B84093,14,1,MASc KA 40 blocks,sa,56,56,7,1
pr_02,B86553,14,1,MASc KA 40 blocks,sa,56,56,7,1
pr_02,B86909,14,1,MASc KA 40 blocks,sa,56,56,7,1
pr_03,B84093,14,1,MASc KA 40 blocks,sa,56,56,7,1
pr_03,B86857,14,1,MASc KA 40 blocks,sa,56,56,7,1
pr_03,B86909,14,1,MASc KA 40 blocks,sa,56,56,7,1
pr_04,B86857,14,1,MASc KA 40 blocks,sa,56,56,7,1
pr_04,B86857,14,1,MASc KA 40 blocks,sa,56,56,7,1
pr_05,B77363,14,1,MASc KA 40 blocks,sa,56,56,7,1
pr_05,B86909,14,1,MASc KA 40 blocks,sa,56,56,7,1
pr_06,B86857,14,1,MASc KA 40 blocks,sa,56,56,7,1
pr_06,B95247,14,1,MASc KA 40 blocks,sa,56,56,7,1
sk_01,B77363,14,1,MASc KA 40 blocks,sa,56,56,7,1
sk_01,B78910,14,1,MASc KA 40 blocks,sa,56,56,7,1
sk_01,B78910,14,1,MASc KA 40 blocks,sa,56,56,7,1
sk_02,B77363,14,1,MASc KA 40 blocks,sa,56,56,7,1
sk_02,B78910,14,1,MASc KA 40 blocks,sa,56,56,7,1
sk_02,B78910,14,1,MASc KA 40 blocks,sa,56,56,7,1
sk_03,B77363,14,1,MASc KA 40 blocks,sa,56,56,7,1
sk_03,B78910,14,1,MASc KA 40 blocks,sa,56,56,7,1
sk_03,B78910,14,1,MASc KA 40 blocks,sa,56,56,7,1
sk_04,B77363,14,1,MASc KA 40 blocks,sa,56,56,7,1
sk_04,B77363,14,1,MASc KA 40 blocks,sa,56,56,7,1
sk_04,B78910,14,1,MASc KA 40 blocks,sa,56,56,7,1
sk_05,B77363,14,1,MASc KA 40 blocks,sa,56,56,7,1
sk_05,B77363,14,1,MASc KA 40 blocks,sa,56,56,7,1
sk_05,B78910,14,1,MASc KA 40 blocks,sa,56,56,7,1
sk_06,B77363,14,1,MASc KA 40 blocks,sa,56,56,7,1
sk_06,B78910,14,1,MASc KA 40 blocks,sa,56,56,7,1
sk_06,B86857,14,1,MASc KA 40 blocks,sa,56,56,7,1
fb_01,B76319,15,1,MASc KA 40 blocks,sa,56,56,7,1
fb_01,B77363,15,1,MASc KA 40 blocks,sa,56,56,7,1
fb_01,B78910,15,1,MASc KA 40 blocks,sa,56,56,7,1
fb_02,B86909,15,1,MASc KA 40 blocks,sa,56,56,7,1
fb_02,B86909,15,1,MASc KA 40 blocks,sa,56,56,7,1
fb_02,B91247,15,1,MASc KA 40 blocks,sa,56,56,7,1
fb_03,B86553,15,1,MASc KA 40 blocks,sa,56,56,7,1
fb_03,B86553,15,1,MASc KA 40 blocks,sa,56,56,7,1
fb_03,B86857,15,1,MASc KA 40 blocks,sa,56,56,7,1
fb_04,B86857,15,1,MASc KA 40 blocks,sa,56,56,7,1
fb_04,B86909,15,1,MASc KA 40 blocks,sa,56,56,7,1
fb_04,B86909,15,1,MASc KA 40 blocks,sa,56,56,7,1
fb_05,B88642,15,1,MASc KA 40 blocks,sa,56,56,7,1
fb_05,B92731,15,1,MASc KA 40 blocks,sa,56,56,7,1
fb_05,B92731,15,1,MASc KA 40 blocks,sa,56,56,7,1
fb_06,B86909,15,1,MASc KA 40 blocks,sa,56,56,7,1
fb_06,B88642,15,1,MASc KA 40 blocks,sa,56,56,7,1
fb_06,B92731,15,1,MASc KA 40 blocks,sa,56,56,7,1
fb_01,B84093,16,1,MASc KA 40 blocks,sa,56,56,7,1
fb_01,B86575,16,1,MASc KA 40 blocks,sa,56,56,7,1
fb_01,B86909,16,1,MASc KA 40 blocks,sa,56,56,7,1
fb_02,B86857,16,1,MASc KA 40 blocks,sa,56,56,7,1
fb_02,B91247,16,1,MASc KA 40 blocks,sa,56,56,7,1
fb_02,B95247,16,1,MASc KA 40 blocks,sa,56,56,7,1
fb_03,B81877,16,1,MASc KA 40 blocks,sa,56,56,7,1
fb_03,B86553,16,1,MASc KA 40 blocks,sa,56,56,7,1
fb_03,B86553,16,1,MASc KA 40 blocks,sa,56,56,7,1
fb_04,B78567,16,1,MASc KA 40 blocks,sa,56,56,7,1
fb_04,B79027,16,1,MASc KA 40 blocks,sa,56,56,7,1
fb_04,B86553,16,1,MASc KA 40 blocks,sa,56,56,7,1
fb_05,B78567,16,1,MASc KA 40 blocks,sa,56,56,7,1
fb_05,B79027,16,1,MASc KA 40 blocks,sa,56,56,7,1
fb_05,B92731,16,1,MASc KA 40 blocks,sa,56,56,7,1
fb_06,B81877,16,1,MASc KA 40 blocks,sa,56,56,7,1
fb_06,B86909,16,1,MASc KA 40 blocks,sa,56,56,7,1
fb_06,B86909,16,1,MASc KA 40 blocks,sa,56,56,7,1
sk_01,B77363,16,1,MASc KA 40 blocks,sa,56,56,7,1
sk_01,B86553,16,1,MASc KA 40 blocks,sa,56,56,7,1
sk_01,B88642,16,1,MASc KA 40 blocks,sa,56,56,7,1
sk_02,B78910,16,1,MASc KA 40 blocks,sa,56,56,7,1
sk_02,B86553,16,1,MASc KA 40 blocks,sa,56,56,7,1
sk_02,B88642,16,1,MASc KA 40 blocks,sa,56,56,7,1
sk_03,B86857,16,1,MASc KA 40 blocks,sa,56,56,7,1
sk_03,B88642,16,1,MASc KA 40 blocks,sa,56,56,7,1
sk_03,B88642,16,1,MASc KA 40 blocks,sa,56,56,7,1
sk_04,B86909,16,1,MASc KA 40 blocks,sa,56,56,7,1
sk_04,B88642,16,1,MASc KA 40 blocks,sa,56,56,7,1
sk_04,B91247,16,1,MASc KA 40 blocks,sa,56,56,7,1
sk_05,B86909,16,1,MASc KA 40 blocks,sa,56,56,7,1
sk_05,B88642,16,1,MASc KA 40 blocks,sa,56,56,7,1
sk_05,B88642,16,1,MASc KA 40 blocks,sa,56,56,7,1
sk_06,B86857,16,1,MASc KA 40 blocks,sa,56,56,7,1
sk_06,B86909,16,1,MASc KA 40 blocks,sa,56,56,7,1
sk_06,B88642,16,1,MASc KA 40 blocks,sa,56,56,7,1
fb_01,B86857,17,1,MASc KA 40 blocks,sa,56,56,7,1
fb_01,B91173,17,1,MASc KA 40 blocks,sa,56,56,7,1
fb_01,B91247,17,1,MASc KA 40 blocks,sa,56,56,7,1
fb_02,B77363,17,1,MASc KA 40 blocks,sa,56,56,7,1
fb_02,B91247,17,1,MASc KA 40 blocks,sa,56,56,7,1
fb_02,B95247,17,1,MASc KA 40 blocks,sa,56,56,7,1
fb_03,B78567,17,1,MASc KA 40 blocks,sa,56,56,7,1
fb_03,B78567,17,1,MASc KA 40 blocks,sa,56,56,7,1
fb_03,B86857,17,1,MASc KA 40 blocks,sa,56,56,7,1
fb_04,B78567,17,1,MASc KA 40 blocks,sa,56,56,7,1
fb_04,B78567,17,1,MASc KA 40 blocks,sa,56,56,7,1
fb_04,B86857,17,1,MASc KA 40 blocks,sa,56,56,7,1
fb_05,B86857,17,1,MASc KA 40 blocks,sa,56,56,7,1
fb_05,B86909,17,1,MASc KA 40 blocks,sa,56,56,7,1
fb_05,B92962,17,1,MASc KA 40 blocks,sa,56,56,7,1
fb_06,B86857,17,1,MASc KA 40 blocks,sa,56,56,7,1
fb_06,B92962,17,1,MASc KA 40 blocks,sa,56,56,7,1
fb_06,B92962,17,1,MASc KA 40 blocks,sa,56,56,7,1
pr_01,B86909,17,1,MASc KA 40 blocks,sa,56,56,7,1
pr_01,B88642,17,1,MASc KA 40 blocks,sa,56,56,7,1
pr_02,B86909,17,1,MASc KA 40 blocks,sa,56,56,7,1
pr_02,B88642,17,1,MASc KA 40 blocks,sa,56,56,7,1
pr_03,B86909,17,1,MASc KA 40 blocks,sa,56,56,7,1
pr_03,B88642,17,1,MASc KA 40 blocks,sa,56,56,7,1
pr_04,B86553,17,1,MASc KA 40 blocks,sa,56,56,7,1
pr_05,B91247,17,1,MASc KA 40 blocks,sa,56,56,7,1
pr_06,B86857,17,1,MASc KA 40 blocks,sa,56,56,7,1
sk_01,B79027,17,1,MASc KA 40 blocks,sa,56,56,7,1
sk_01,B84093,17,1,MASc KA 40 blocks,sa,56,56,7,1
sk_01,B91247,17,1,MASc KA 40 blocks,sa,56,56,7,1
sk_02,B79027,17,1,MASc KA 40 blocks,sa,56,56,7,1
sk_02,B86575,17,1,MASc KA 40 blocks,sa,56,56,7,1
sk_02,B86909,17,1,MASc KA 40 blocks,sa,56,56,7,1
sk_03,B81877,17,1,MASc KA 40 blocks,sa,56,56,7,1
sk_03,B86575,17,1,MASc KA 40 blocks,sa,56,56,7,1
sk_03,B86857,17,1,MASc KA 40 blocks,sa,56,56,7,1
sk_04,B78567,17,1,MASc KA 40 blocks,sa,56,56,7,1
sk_04,B86909,17,1,MASc KA 40 blocks,sa,56,56,7,1
sk_04,B95247,17,1,MASc KA 40 blocks,sa,56,56,7,1
sk_05,B81877,17,1,MASc KA 40 blocks,sa,56,56,7,1
sk_05,B86857,17,1,MASc KA 40 blocks,sa,56,56,7,1
sk_05,B86909,17,1,MASc KA 40 blocks,sa,56,56,7,1
sk_06,B84093,17,1,MASc KA 40 blocks,sa,56,56,7,1
sk_06,B86553,17,1,MASc KA 40 blocks,sa,56,56,7,1
sk_06,B86909,17,1,MASc KA 40 blocks,sa,56,56,7,1
fb_01,B92962,18,1,MASc KA 40 blocks,sa,56,56,7,1
fb_01,B92962,18,1,MASc KA 40 blocks,sa,56,56,7,1
fb_01,B95247,18,1,MASc KA 40 blocks,sa,56,56,7,1
fb_02,B91247,18,1,MASc KA 40 blocks,sa,56,56,7,1
fb_02,B91247,18,1,MASc KA 40 blocks,sa,56,56,7,1
fb_02,B95247,18,1,MASc KA 40 blocks,sa,56,56,7,1
fb_03,B86857,18,1,MASc KA 40 blocks,sa,56,56,7,1
fb_03,B86857,18,1,MASc KA 40 blocks,sa,56,56,7,1
fb_03,B86857,18,1,MASc KA 40 blocks,sa,56,56,7,1
fb_04,B86857,18,1,MASc KA 40 blocks,sa,56,56,7,1
fb_04,B86857,18,1,MASc KA 40 blocks,sa,56,56,7,1
fb_04,B86857,18,1,MASc KA 40 blocks,sa,56,56,7,1
fb_05,B77363,18,1,MASc KA 40 blocks,sa,56,56,7,1
fb_05,B92962,18,1,MASc KA 40 blocks,sa,56,56,7,1
fb_05,B92962,18,1,MASc KA 40 blocks,sa,56,56,7,1
fb_06,B86909,18,1,MASc KA 40 blocks,sa,56,56,7,1
fb_06,B86909,18,1,MASc KA 40 blocks,sa,56,56,7,1
fb_06,B92731,18,1,MASc KA 40 blocks,sa,56,56,7,1
ld_01,B86909,18,1,MASc KA 40 blocks,sa,56,56,7,1
ld_02,B88642,18,1,MASc KA 40 blocks,sa,56,56,7,1
ld_03,B88642,18,1,MASc KA 40 blocks,sa,56,56,7,1
ld_04,B88642,18,1,MASc KA 40 blocks,sa,56,56,7,1
ld_05,B88642,18,1,MASc KA 40 blocks,sa,56,56,7,1
ld_06,B88642,18,1,MASc KA 40 blocks,sa,56,56,7,1
pr_01,B81877,18,1,MASc KA 40 blocks,sa,56,56,7,1
pr_01,B84093,18,1,MASc KA 40 blocks,sa,56,56,7,1
pr_01,B86857,18,1,MASc KA 40 blocks,sa,56,56,7,1
pr_02,B81877,18,1,MASc KA 40 blocks,sa,56,56,7,1
pr_02,B86575,18,1,MASc KA 40 blocks,sa,56,56,7,1
pr_02,B91247,18,1,MASc KA 40 blocks,sa,56,56,7,1
pr_03,B79027,18,1,MASc KA 40 blocks,sa,56,56,7,1
pr_03,B86553,18,1,MASc KA 40 blocks,sa,56,56,7,1
pr_03,B86909,18,1,MASc KA 40 blocks,sa,56,56,7,1
pr_04,B79027,18,1,MASc KA 40 blocks,sa,56,56,7,1
pr_04,B86857,18,1,MASc KA 40 blocks,sa,56,56,7,1
pr_04,B86909,18,1,MASc KA 40 blocks,sa,56,56,7,1
pr_05,B78567,18,1,MASc KA 40 blocks,sa,56,56,7,1
pr_05,B86909,18,1,MASc KA 40 blocks,sa,56,56,7,1
pr_06,B81877,18,1,MASc KA 40 blocks,sa,56,56,7,1
pr_06,B86909,18,1,MASc KA 40 blocks,sa,56,56,7,1
sk_01,B78567,18,1,MASc KA 40 blocks,sa,56,56,7,1
sk_01,B86857,18,1,MASc KA 40 blocks,sa,56,56,7,1
sk_01,B86857,18,1,MASc KA 40 blocks,sa,56,56,7,1
sk_02,B78567,18,1,MASc KA 40 blocks,sa,56,56,7,1
sk_02,B86857,18,1,MASc KA 40 blocks,sa,56,56,7,1
sk_02,B86857,18,1,MASc KA 40 blocks,sa,56,56,7,1
sk_03,B77363,18,1,MASc KA 40 blocks,sa,56,56,7,1
sk_03,B86857,18,1,MASc KA 40 blocks,sa,56,56,7,1
sk_03,B86909,18,1,MASc KA 40 blocks,sa,56,56,7,1
sk_04,B77363,18,1,MASc KA 40 blocks,sa,56,56,7,1
sk_04,B91247,18,1,MASc KA 40 blocks,sa,56,56,7,1
sk_04,B95247,18,1,MASc KA 40 blocks,sa,56,56,7,1
sk_05,B78567,18,1,MASc KA 40 blocks,sa,56,56,7,1
sk_05,B86909,18,1,MASc KA 40 blocks,sa,56,56,7,1
sk_05,B91247,18,1,MASc KA 40 blocks,sa,56,56,7,1
sk_06,B78567,18,1,MASc KA 40 blocks,sa,56,56,7,1
sk_06,B86857,18,1,MASc KA 40 blocks,sa,56,56,7,1
sk_06,B91247,18,1,MASc KA 40 blocks,sa,56,56,7,1
fb_01,B95834,19,1,MASc KA 40 blocks,sa,56,56,7,1
fb_01,B96294,19,1,MASc KA 40 blocks,sa,56,56,7,1
fb_01,B98430,19,1,MASc KA 40 blocks,sa,56,56,7,1
fb_02,B77363,19,1,MASc KA 40 blocks,sa,56,56,7,1
fb_02,B91247,19,1,MASc KA 40 blocks,sa,56,56,7,1
fb_02,B95247,19,1,MASc KA 40 blocks,sa,56,56,7,1
fb_03,B86857,19,1,MASc KA 40 blocks,sa,56,56,7,1
fb_03,B86857,19,1,MASc KA 40 blocks,sa,56,56,7,1
fb_03,B86857,19,1,MASc KA 40 blocks,sa,56,56,7,1
fb_04,B86857,19,1,MASc KA 40 blocks,sa,56,56,7,1
fb_04,B86857,19,1,MASc KA 40 blocks,sa,56,56,7,1
fb_04,B86857,19,1,MASc KA 40 blocks,sa,56,56,7,1
fb_05,B77363,19,1,MASc KA 40 blocks,sa,56,56,7,1
fb_05,B77363,19,1,MASc KA 40 blocks,sa,56,56,7,1
fb_05,B77363,19,1,MASc KA 40 blocks,sa,56,56,7,1
fb_06,B76319,19,1,MASc KA 40 blocks,sa,56,56,7,1
fb_06,B77363,19,1,MASc KA 40 blocks,sa,56,56,7,1
fb_06,B92962,19,1,MASc KA 40 blocks,sa,56,56,7,1
ld_01,B79027,19,1,MASc KA 40 blocks,sa,56,56,7,1
ld_01,B86909,19,1,MASc KA 40 blocks,sa,56,56,7,1
ld_02,B79027,19,1,MASc KA 40 blocks,sa,56,56,7,1
ld_02,B86857,19,1,MASc KA 40 blocks,sa,56,56,7,1
ld_03,B81877,19,1,MASc KA 40 blocks,sa,56,56,7,1
ld_03,B86857,19,1,MASc KA 40 blocks,sa,56,56,7,1
ld_04,B86553,19,1,MASc KA 40 blocks,sa,56,56,7,1
ld_04,B86909,19,1,MASc KA 40 blocks,sa,56,56,7,1
ld_05,B84093,19,1,MASc KA 40 blocks,sa,56,56,7,1
ld_05,B86909,19,1,MASc KA 40 blocks,sa,56,56,7,1
ld_06,B81877,19,1,MASc KA 40 blocks,sa,56,56,7,1
ld_06,B91247,19,1,MASc KA 40 blocks,sa,56,56,7,1
pr_01,B78567,19,1,MASc KA 40 blocks,sa,56,56,7,1
pr_01,B78567,19,1,MASc KA 40 blocks,sa,56,56,7,1
pr_01,B86857,19,1,MASc KA 40 blocks,sa,56,56,7,1
pr_02,B77363,19,1,MASc KA 40 blocks,sa,56,56,7,1
pr_02,B86857,19,1,MASc KA 40 blocks,sa,56,56,7,1
pr_02,B91247,19,1,MASc KA 40 blocks,sa,56,56,7,1
pr_03,B77363,19,1,MASc KA 40 blocks,sa,56,56,7,1
pr_03,B86857,19,1,MASc KA 40 blocks,sa,56,56,7,1
pr_03,B91247,19,1,MASc KA 40 blocks,sa,56,56,7,1
pr_04,B78567,19,1,MASc KA 40 blocks,sa,56,56,7,1
pr_04,B86857,19,1,MASc KA 40 blocks,sa,56,56,7,1
pr_04,B91247,19,1,MASc KA 40 blocks,sa,56,56,7,1
pr_05,B86857,19,1,MASc KA 40 blocks,sa,56,56,7,1
pr_05,B86909,19,1,MASc KA 40 blocks,sa,56,56,7,1
pr_05,B95247,19,1,MASc KA 40 blocks,sa,56,56,7,1
pr_06,B78567,19,1,MASc KA 40 blocks,sa,56,56,7,1
pr_06,B86857,19,1,MASc KA 40 blocks,sa,56,56,7,1
pr_06,B86909,19,1,MASc KA 40 blocks,sa,56,56,7,1
sk_01,B77363,19,1,MASc KA 40 blocks,sa,56,56,7,1
sk_01,B86857,19,1,MASc KA 40 blocks,sa,56,56,7,1
sk_01,B91247,19,1,MASc KA 40 blocks,sa,56,56,7,1
sk_02,B77363,19,1,MASc KA 40 blocks,sa,56,56,7,1
sk_02,B86857,19,1,MASc KA 40 blocks,sa,56,56,7,1
sk_02,B95247,19,1,MASc KA 40 blocks,sa,56,56,7,1
sk_03,B86857,19,1,MASc KA 40 blocks,sa,56,56,7,1
sk_03,B86857,19,1,MASc KA 40 blocks,sa,56,56,7,1
sk_03,B91247,19,1,MASc KA 40 blocks,sa,56,56,7,1
sk_04,B86857,19,1,MASc KA 40 blocks,sa,56,56,7,1
sk_04,B86857,19,1,MASc KA 40 blocks,sa,56,56,7,1
sk_04,B86909,19,1,MASc KA 40 blocks,sa,56,56,7,1
sk_05,B86857,19,1,MASc KA 40 blocks,sa,56,56,7,1
sk_05,B91247,19,1,MASc KA 40 blocks,sa,56,56,7,1
sk_05,B95247,19,1,MASc KA 40 blocks,sa,56,56,7,1
sk_06,B86857,19,1,MASc KA 40 blocks,sa,56,56,7,1
sk_06,B86909,19,1,MASc KA 40 blocks,sa,56,56,7,1
sk_06,B86909,19,1,MASc KA 40 blocks,sa,56,56,7,1
fb_01,B78910,20,1,MASc KA 40 blocks,sa,56,56,7,1
fb_01,B91173,20,1,MASc KA 40 blocks,sa,56,56,7,1
fb_01,B98643,20,1,MASc KA 40 blocks,sa,56,56,7,1
fb_02,B86909,20,1,MASc KA 40 blocks,sa,56,56,7,1
fb_02,B91247,20,1,MASc KA 40 blocks,sa,56,56,7,1
fb_02,B95247,20,1,MASc KA 40 blocks,sa,56,56,7,1
fb_03,B86857,20,1,MASc KA 40 blocks,sa,56,56,7,1
fb_03,B86857,20,1,MASc KA 40 blocks,sa,56,56,7,1
fb_03,B86857,20,1,MASc KA 40 blocks,sa,56,56,7,1
fb_04,B77718,20,1,MASc KA 40 blocks,sa,56,56,7,1
fb_04,B86857,20,1,MASc KA 40 blocks,sa,56,56,7,1
fb_04,B91173,20,1,MASc KA 40 blocks,sa,56,56,7,1
fb_05,B77363,20,1,MASc KA 40 blocks,sa,56,56,7,1
fb_05,B86857,20,1,MASc KA 40 blocks,sa,56,56,7,1
fb_05,B91173,20,1,MASc KA 40 blocks,sa,56,56,7,1
fb_06,B84093,20,1,MASc KA 40 blocks,sa,56,56,7,1
fb_06,B91173,20,1,MASc KA 40 blocks,sa,56,56,7,1
fb_06,B91247,20,1,MASc KA 40 blocks,sa,56,56,7,1
ld_01,B86857,20,1,MASc KA 40 blocks,sa,56,56,7,1
ld_01,B91247,20,1,MASc KA 40 blocks,sa,56,56,7,1
ld_02,B77363,20,1,MASc KA 40 blocks,sa,56,56,7,1
ld_02,B86857,20,1,MASc KA 40 blocks,sa,56,56,7,1
ld_03,B77363,20,1,MASc KA 40 blocks,sa,56,56,7,1
ld_03,B86857,20,1,MASc KA 40 blocks,sa,56,56,7,1
ld_04,B78567,20,1,MASc KA 40 blocks,sa,56,56,7,1
ld_04,B86857,20,1,MASc KA 40 blocks,sa,56,56,7,1
ld_05,B78567,20,1,MASc KA 40 blocks,sa,56,56,7,1
ld_05,B86909,20,1,MASc KA 40 blocks,sa,56,56,7,1
ld_06,B78567,20,1,MASc KA 40 blocks,sa,56,56,7,1
pr_01,B77363,20,1,MASc KA 40 blocks,sa,56,56,7,1
pr_01,B86857,20,1,MASc KA 40 blocks,sa,56,56,7,1
pr_01,B91247,20,1,MASc KA 40 blocks,sa,56,56,7,1
pr_02,B77363,20,1,MASc KA 40 blocks,sa,56,56,7,1
pr_02,B86857,20,1,MASc KA 40 blocks,sa,56,56,7,1
pr_02,B91247,20,1,MASc KA 40 blocks,sa,56,56,7,1
pr_03,B86857,20,1,MASc KA 40 blocks,sa,56,56,7,1
pr_03,B86909,20,1,MASc KA 40 blocks,sa,56,56,7,1
pr_03,B95247,20,1,MASc KA 40 blocks,sa,56,56,7,1
pr_04,B86909,20,1,MASc KA 40 blocks,sa,56,56,7,1
pr_04,B91247,20,1,MASc KA 40 blocks,sa,56,56,7,1
pr_04,B95247,20,1,MASc KA 40 blocks,sa,56,56,7,1
pr_05,B86857,20,1,MASc KA 40 blocks,sa,56,56,7,1
pr_05,B86857,20,1,MASc KA 40 blocks,sa,56,56,7,1
pr_05,B86909,20,1,MASc KA 40 blocks,sa,56,56,7,1
pr_06,B86857,20,1,MASc KA 40 blocks,sa,56,56,7,1
pr_06,B86857,20,1,MASc KA 40 blocks,sa,56,56,7,1
sk_01,B77363,20,1,MASc KA 40 blocks,sa,56,56,7,1
sk_01,B86857,20,1,MASc KA 40 blocks,sa,56,56,7,1
sk_01,B95247,20,1,MASc KA 40 blocks,sa,56,56,7,1
sk_02,B77363,20,1,MASc KA 40 blocks,sa,56,56,7,1
sk_02,B77363,20,1,MASc KA 40 blocks,sa,56,56,7,1
sk_02,B86857,20,1,MASc KA 40 blocks,sa,56,56,7,1
sk_03,B77363,20,1,MASc KA 40 blocks,sa,56,56,7,1
sk_03,B77363,20,1,MASc KA 40 blocks,sa,56,56,7,1
sk_03,B86857,20,1,MASc KA 40 blocks,sa,56,56,7,1
sk_04,B77363,20,1,MASc KA 40 blocks,sa,56,56,7,1
sk_04,B77363,20,1,MASc KA 40 blocks,sa,56,56,7,1
sk_04,B86857,20,1,MASc KA 40 blocks,sa,56,56,7,1
sk_05,B77363,20,1,MASc KA 40 blocks,sa,56,56,7,1
sk_05,B77363,20,1,MASc KA 40 blocks,sa,56,56,7,1
sk_05,B91247,20,1,MASc KA 40 blocks,sa,56,56,7,1
sk_06,B77363,20,1,MASc KA 40 blocks,sa,56,56,7,1
sk_06,B86857,20,1,MASc KA 40 blocks,sa,56,56,7,1
sk_06,B86857,20,1,MASc KA 40 blocks,sa,56,56,7,1
fb_01,B82792,21,1,MASc KA 40 blocks,sa,56,56,7,1
fb_01,B86575,21,1,MASc KA 40 blocks,sa,56,56,7,1
fb_01,B86857,21,1,MASc KA 40 blocks,sa,56,56,7,1
fb_02,B91247,21,1,MASc KA 40 blocks,sa,56,56,7,1
fb_02,B91247,21,1,MASc KA 40 blocks,sa,56,56,7,1
fb_02,B91247,21,1,MASc KA 40 blocks,sa,56,56,7,1
fb_03,B86857,21,1,MASc KA 40 blocks,sa,56,56,7,1
fb_03,B86857,21,1,MASc KA 40 blocks,sa,56,56,7,1
fb_03,B86857,21,1,MASc KA 40 blocks,sa,56,56,7,1
fb_04,B86857,21,1,MASc KA 40 blocks,sa,56,56,7,1
fb_04,B86857,21,1,MASc KA 40 blocks,sa,56,56,7,1
fb_04,B92731,21,1,MASc KA 40 blocks,sa,56,56,7,1
fb_05,B78910,21,1,MASc KA 40 blocks,sa,56,56,7,1
fb_05,B78910,21,1,MASc KA 40 blocks,sa,56,56,7,1
fb_05,B78910,21,1,MASc KA 40 blocks,sa,56,56,7,1
fb_06,B78910,21,1,MASc KA 40 blocks,sa,56,56,7,1
fb_06,B91173,21,1,MASc KA 40 blocks,sa,56,56,7,1
fb_06,B92962,21,1,MASc KA 40 blocks,sa,56,56,7,1
ld_01,B86857,21,1,MASc KA 40 blocks,sa,56,56,7,1
ld_01,B91247,21,1,MASc KA 40 blocks,sa,56,56,7,1
ld_02,B86857,21,1,MASc KA 40 blocks,sa,56,56,7,1
ld_02,B95247,21,1,MASc KA 40 blocks,sa,56,56,7,1
ld_03,B86857,21,1,MASc KA 40 blocks,sa,56,56,7,1
ld_03,B95247,21,1,MASc KA 40 blocks,sa,56,56,7,1
ld_04,B77363,21,1,MASc KA 40 blocks,sa,56,56,7,1
ld_04,B86857,21,1,MASc KA 40 blocks,sa,56,56,7,1
ld_05,B77363,21,1,MASc KA 40 blocks,sa,56,56,7,1
ld_05,B86909,21,1,MASc KA 40 blocks,sa,56,56,7,1
ld_06,B91247,21,1,MASc KA 40 blocks,sa,56,56,7,1
pr_01,B77363,21,1,MASc KA 40 blocks,sa,56,56,7,1
pr_01,B77363,21,1,MASc KA 40 blocks,sa,56,56,7,1
pr_01,B86857,21,1,MASc KA 40 blocks,sa,56,56,7,1
pr_02,B77363,21,1,MASc KA 40 blocks,sa,56,56,7,1
pr_02,B77363,21,1,MASc KA 40 blocks,sa,56,56,7,1
pr_02,B86857,21,1,MASc KA 40 blocks,sa,56,56,7,1
pr_03,B77363,21,1,MASc KA 40 blocks,sa,56,56,7,1
pr_03,B77363,21,1,MASc KA 40 blocks,sa,56,56,7,1
pr_03,B86857,21,1,MASc KA 40 blocks,sa,56,56,7,1
pr_04,B77363,21,1,MASc KA 40 blocks,sa,56,56,7,1
pr_04,B91247,21,1,MASc KA 40 blocks,sa,56,56,7,1
pr_04,B95247,21,1,MASc KA 40 blocks,sa,56,56,7,1
pr_05,B77363,21,1,MASc KA 40 blocks,sa,56,56,7,1
pr_05,B86857,21,1,MASc KA 40 blocks,sa,56,56,7,1
pr_06,B77363,21,1,MASc KA 40 blocks,sa,56,56,7,1
pr_06,B86857,21,1,MASc KA 40 blocks,sa,56,56,7,1
sk_01,B77363,21,1,MASc KA 40 blocks,sa,56,56,7,1
sk_01,B86857,21,1,MASc KA 40 blocks,sa,56,56,7,1
sk_01,B86857,21,1,MASc KA 40 blocks,sa,56,56,7,1
sk_02,B77363,21,1,MASc KA 40 blocks,sa,56,56,7,1
sk_02,B86857,21,1,MASc KA 40 blocks,sa,56,56,7,1
sk_02,B86857,21,1,MASc KA 40 blocks,sa,56,56,7,1
sk_03,B78910,21,1,MASc KA 40 blocks,sa,56,56,7,1
sk_03,B86857,21,1,MASc KA 40 blocks,sa,56,56,7,1
sk_03,B86857,21,1,MASc KA 40 blocks,sa,56,56,7,1
sk_04,B78910,21,1,MASc KA 40 blocks,sa,56,56,7,1
sk_04,B86857,21,1,MASc KA 40 blocks,sa,56,56,7,1
sk_04,B86857,21,1,MASc KA 40 blocks,sa,56,56,7,1
sk_05,B84093,21,1,MASc KA 40 blocks,sa,56,56,7,1
sk_05,B86857,21,1,MASc KA 40 blocks,sa,56,56,7,1
sk_05,B91247,21,1,MASc KA 40 blocks,sa,56,56,7,1
sk_06,B84093,21,1,MASc KA 40 blocks,sa,56,56,7,1
sk_06,B86909,21,1,MASc KA 40 blocks,sa,56,56,7,1
sk_06,B95247,21,1,MASc KA 40 blocks,sa,56,56,7,1
fb_01,B82792,22,1,MASc KA 40 blocks,sa,56,56,7,1
fb_01,B86857,22,1,MASc KA 40 blocks,sa,56,56,7,1
fb_01,B86857,22,1,MASc KA 40 blocks,sa,56,56,7,1
fb_02,B86857,22,1,MASc KA 40 blocks,sa,56,56,7,1
fb_02,B91247,22,1,MASc KA 40 blocks,sa,56,56,7,1
fb_02,B95247,22,1,MASc KA 40 blocks,sa,56,56,7,1
fb_03,B86553,22,1,MASc KA 40 blocks,sa,56,56,7,1
fb_03,B86857,22,1,MASc KA 40 blocks,sa,56,56,7,1
fb_03,B86909,22,1,MASc KA 40 blocks,sa,56,56,7,1
fb_04,B86553,22,1,MASc KA 40 blocks,sa,56,56,7,1
fb_04,B86909,22,1,MASc KA 40 blocks,sa,56,56,7,1
fb_04,B86909,22,1,MASc KA 40 blocks,sa,56,56,7,1
fb_05,B86857,22,1,MASc KA 40 blocks,sa,56,56,7,1
fb_05,B86909,22,1,MASc KA 40 blocks,sa,56,56,7,1
fb_05,B86909,22,1,MASc KA 40 blocks,sa,56,56,7,1
fb_06,B86909,22,1,MASc KA 40 blocks,sa,56,56,7,1
fb_06,B88642,22,1,MASc KA 40 blocks,sa,56,56,7,1
fb_06,B92731,22,1,MASc KA 40 blocks,sa,56,56,7,1
fb_01,B84093,23,1,MASc KA 40 blocks,sa,56,56,7,1
fb_01,B86575,23,1,MASc KA 40 blocks,sa,56,56,7,1
fb_01,B86857,23,1,MASc KA 40 blocks,sa,56,56,7,1
fb_02,B78910,23,1,MASc KA 40 blocks,sa,56,56,7,1
fb_02,B91247,23,1,MASc KA 40 blocks,sa,56,56,7,1
fb_02,B95247,23,1,MASc KA 40 blocks,sa,56,56,7,1
fb_03,B81877,23,1,MASc KA 40 blocks,sa,56,56,7,1
fb_03,B86553,23,1,MASc KA 40 blocks,sa,56,56,7,1
fb_03,B86553,23,1,MASc KA 40 blocks,sa,56,56,7,1
fb_04,B78567,23,1,MASc KA 40 blocks,sa,56,56,7,1
fb_04,B79027,23,1,MASc KA 40 blocks,sa,56,56,7,1
fb_04,B86553,23,1,MASc KA 40 blocks,sa,56,56,7,1
fb_05,B78567,23,1,MASc KA 40 blocks,sa,56,56,7,1
fb_05,B79027,23,1,MASc KA 40 blocks,sa,56,56,7,1
fb_05,B92731,23,1,MASc KA 40 blocks,sa,56,56,7,1
fb_06,B81877,23,1,MASc KA 40 blocks,sa,56,56,7,1
fb_06,B86857,23,1,MASc KA 40 blocks,sa,56,56,7,1
fb_06,B88642,23,1,MASc KA 40 blocks,sa,56,56,7,1
sk_01,B82792,23,1,MASc KA 40 blocks,sa,56,56,7,1
sk_01,B86553,23,1,MASc KA 40 blocks,sa,56,56,7,1
sk_01,B95247,23,1,MASc KA 40 blocks,sa,56,56,7,1
sk_02,B86553,23,1,MASc KA 40 blocks,sa,56,56,7,1
sk_02,B86553,23,1,MASc KA 40 blocks,sa,56,56,7,1
sk_02,B88642,23,1,MASc KA 40 blocks,sa,56,56,7,1
sk_03,B86857,23,1,MASc KA 40 blocks,sa,56,56,7,1
sk_03,B88642,23,1,MASc KA 40 blocks,sa,56,56,7,1
sk_03,B88642,23,1,MASc KA 40 blocks,sa,56,56,7,1
sk_04,B86857,23,1,MASc KA 40 blocks,sa,56,56,7,1
sk_04,B88642,23,1,MASc KA 40 blocks,sa,56,56,7,1
sk_04,B88642,23,1,MASc KA 40 blocks,sa,56,56,7,1
sk_05,B86857,23,1,MASc KA 40 blocks,sa,56,56,7,1
sk_05,B86857,23,1,MASc KA 40 blocks,sa,56,56,7,1
sk_05,B88642,23,1,MASc KA 40 blocks,sa,56,56,7,1
sk_06,B86857,23,1,MASc KA 40 blocks,sa,56,56,7,1
sk_06,B86857,23,1,MASc KA 40 blocks,sa,56,56,7,1
sk_06,B88642,23,1,MASc KA 40 blocks,sa,56,56,7,1
fb_01,B88901,24,1,MASc KA 40 blocks,sa,56,56,7,1
fb_01,B91173,24,1,MASc KA 40 blocks,sa,56,56,7,1
fb_01,B91247,24,1,MASc KA 40 blocks,sa,56,56,7,1
fb_02,B91247,24,1,MASc KA 40 blocks,sa,56,56,7,1
fb_02,B91247,24,1,MASc KA 40 blocks,sa,56,56,7,1
fb_02,B95247,24,1,MASc KA 40 blocks,sa,56,56,7,1
fb_03,B78567,24,1,MASc KA 40 blocks,sa,56,56,7,1
fb_03,B86857,24,1,MASc KA 40 blocks,sa,56,56,7,1
fb_03,B92731,24,1,MASc KA 40 blocks,sa,56,56,7,1
fb_04,B78567,24,1,MASc KA 40 blocks,sa,56,56,7,1
fb_04,B78567,24,1,MASc KA 40 blocks,sa,56,56,7,1
fb_04,B86857,24,1,MASc KA 40 blocks,sa,56,56,7,1
fb_05,B86575,24,1,MASc KA 40 blocks,sa,56,56,7,1
fb_05,B86857,24,1,MASc KA 40 blocks,sa,56,56,7,1
fb_05,B92962,24,1,MASc KA 40 blocks,sa,56,56,7,1
fb_06,B86857,24,1,MASc KA 40 blocks,sa,56,56,7,1
fb_06,B92962,24,1,MASc KA 40 blocks,sa,56,56,7,1
fb_06,B92962,24,1,MASc KA 40 blocks,sa,56,56,7,1
pr_01,B86857,24,1,MASc KA 40 blocks,sa,56,56,7,1
pr_01,B88642,24,1,MASc KA 40 blocks,sa,56,56,7,1
pr_02,B86857,24,1,MASc KA 40 blocks,sa,56,56,7,1
pr_02,B88642,24,1,MASc KA 40 blocks,sa,56,56,7,1
pr_03,B82792,24,1,MASc KA 40 blocks,sa,56,56,7,1
pr_03,B86553,24,1,MASc KA 40 blocks,sa,56,56,7,1
pr_04,B86553,24,1,MASc KA 40 blocks,sa,56,56,7,1
pr_04,B86857,24,1,MASc KA 40 blocks,sa,56,56,7,1
pr_05,B86857,24,1,MASc KA 40 blocks,sa,56,56,7,1
pr_06,B86857,24,1,MASc KA 40 blocks,sa,56,56,7,1
sk_01,B78567,24,1,MASc KA 40 blocks,sa,56,56,7,1
sk_01,B79027,24,1,MASc KA 40 blocks,sa,56,56,7,1
sk_01,B88642,24,1,MASc KA 40 blocks,sa,56,56,7,1
sk_02,B79027,24,1,MASc KA 40 blocks,sa,56,56,7,1
sk_02,B84093,24,1,MASc KA 40 blocks,sa,56,56,7,1
sk_02,B95247,24,1,MASc KA 40 blocks,sa,56,56,7,1
sk_03,B81877,24,1,MASc KA 40 blocks,sa,56,56,7,1
sk_03,B86857,24,1,MASc KA 40 blocks,sa,56,56,7,1
sk_03,B86909,24,1,MASc KA 40 blocks,sa,56,56,7,1
sk_04,B81877,24,1,MASc KA 40 blocks,sa,56,56,7,1
sk_04,B84093,24,1,MASc KA 40 blocks,sa,56,56,7,1
sk_04,B86857,24,1,MASc KA 40 blocks,sa,56,56,7,1
sk_05,B86575,24,1,MASc KA 40 blocks,sa,56,56,7,1
sk_05,B86909,24,1,MASc KA 40 blocks,sa,56,56,7,1
sk_05,B91247,24,1,MASc KA 40 blocks,sa,56,56,7,1
sk_06,B78910,24,1,MASc KA 40 blocks,sa,56,56,7,1
sk_06,B86575,24,1,MASc KA 40 blocks,sa,56,56,7,1
sk_06,B95247,24,1,MASc KA 40 blocks,sa,56,56,7,1
fb_01,B92962,25,1,MASc KA 40 blocks,sa,56,56,7,1
fb_01,B92962,25,1,MASc KA 40 blocks,sa,56,56,7,1
fb_01,B95247,25,1,MASc KA 40 blocks,sa,56,56,7,1
fb_02,B86857,25,1,MASc KA 40 blocks,sa,56,56,7,1
fb_02,B91247,25,1,MASc KA 40 blocks,sa,56,56,7,1
fb_02,B95247,25,1,MASc KA 40 blocks,sa,56,56,7,1
fb_03,B86857,25,1,MASc KA 40 blocks,sa,56,56,7,1
fb_03,B86857,25,1,MASc KA 40 blocks,sa,56,56,7,1
fb_03,B95247,25,1,MASc KA 40 blocks,sa,56,56,7,1
fb_04,B86857,25,1,MASc KA 40 blocks,sa,56,56,7,1
fb_04,B86857,25,1,MASc KA 40 blocks,sa,56,56,7,1
fb_04,B86857,25,1,MASc KA 40 blocks,sa,56,56,7,1
fb_05,B92962,25,1,MASc KA 40 blocks,sa,56,56,7,1
fb_05,B92962,25,1,MASc KA 40 blocks,sa,56,56,7,1
fb_05,B92962,25,1,MASc KA 40 blocks,sa,56,56,7,1
fb_06,B77363,25,1,MASc KA 40 blocks,sa,56,56,7,1
fb_06,B92731,25,1,MASc KA 40 blocks,sa,56,56,7,1
fb_06,B92731,25,1,MASc KA 40 blocks,sa,56,56,7,1
ld_01,B86857,25,1,MASc KA 40 blocks,sa,56,56,7,1
ld_01,B88642,25,1,MASc KA 40 blocks,sa,56,56,7,1
ld_02,B86857,25,1,MASc KA 40 blocks,sa,56,56,7,1
ld_02,B88642,25,1,MASc KA 40 blocks,sa,56,56,7,1
ld_03,B88642,25,1,MASc KA 40 blocks,sa,56,56,7,1
ld_04,B86857,25,1,MASc KA 40 blocks,sa,56,56,7,1
ld_05,B86553,25,1,MASc KA 40 blocks,sa,56,56,7,1
ld_06,B88642,25,1,MASc KA 40 blocks,sa,56,56,7,1
pr_01,B78567,25,1,MASc KA 40 blocks,sa,56,56,7,1
pr_01,B86857,25,1,MASc KA 40 blocks,sa,56,56,7,1
pr_01,B88642,25,1,MASc KA 40 blocks,sa,56,56,7,1
pr_02,B81877,25,1,MASc KA 40 blocks,sa,56,56,7,1
pr_02,B86857,25,1,MASc KA 40 blocks,sa,56,56,7,1
pr_02,B86909,25,1,MASc KA 40 blocks,sa,56,56,7,1
pr_03,B81877,25,1,MASc KA 40 blocks,sa,56,56,7,1
pr_03,B84093,25,1,MASc KA 40 blocks,sa,56,56,7,1
pr_03,B91247,25,1,MASc KA 40 blocks,sa,56,56,7,1
pr_04,B79027,25,1,MASc KA 40 blocks,sa,56,56,7,1
pr_04,B81877,25,1,MASc KA 40 blocks,sa,56,56,7,1
pr_04,B86909,25,1,MASc KA 40 blocks,sa,56,56,7,1
pr_05,B79027,25,1,MASc KA 40 blocks,sa,56,56,7,1
pr_05,B95247,25,1,MASc KA 40 blocks,sa,56,56,7,1
pr_06,B86575,25,1,MASc KA 40 blocks,sa,56,56,7,1
pr_06,B95247,25,1,MASc KA 40 blocks,sa,56,56,7,1
sk_01,B78567,25,1,MASc KA 40 blocks,sa,56,56,7,1
sk_01,B86857,25,1,MASc KA 40 blocks,sa,56,56,7,1
sk_01,B91247,25,1,MASc KA 40 blocks,sa,56,56,7,1
sk_02,B78567,25,1,MASc KA 40 blocks,sa,56,56,7,1
sk_02,B86857,25,1,MASc KA 40 blocks,sa,56,56,7,1
sk_02,B91247,25,1,MASc KA 40 blocks,sa,56,56,7,1
sk_03,B78567,25,1,MASc KA 40 blocks,sa,56,56,7,1
sk_03,B86857,25,1,MASc KA 40 blocks,sa,56,56,7,1
sk_03,B86909,25,1,MASc KA 40 blocks,sa,56,56,7,1
sk_04,B86575,25,1,MASc KA 40 blocks,sa,56,56,7,1
sk_04,B86857,25,1,MASc KA 40 blocks,sa,56,56,7,1
sk_04,B86909,25,1,MASc KA 40 blocks,sa,56,56,7,1
sk_05,B86575,25,1,MASc KA 40 blocks,sa,56,56,7,1
sk_05,B86857,25,1,MASc KA 40 blocks,sa,56,56,7,1
sk_05,B86909,25,1,MASc KA 40 blocks,sa,56,56,7,1
sk_06,B86575,25,1,MASc KA 40 blocks,sa,56,56,7,1
sk_06,B86857,25,1,MASc KA 40 blocks,sa,56,56,7,1
sk_06,B86909,25,1,MASc KA 40 blocks,sa,56,56,7,1
fb_01,B77363,26,1,MASc KA 40 blocks,sa,56,56,7,1
fb_01,B95834,26,1,MASc KA 40 blocks,sa,56,56,7,1
fb_01,B98430,26,1,MASc KA 40 blocks,sa,56,56,7,1
fb_02,B91247,26,1,MASc KA 40 blocks,sa,56,56,7,1
fb_02,B91247,26,1,MASc KA 40 blocks,sa,56,56,7,1
fb_02,B95247,26,1,MASc KA 40 blocks,sa,56,56,7,1
fb_03,B86857,26,1,MASc KA 40 blocks,sa,56,56,7,1
fb_03,B86857,26,1,MASc KA 40 blocks,sa,56,56,7,1
fb_03,B86857,26,1,MASc KA 40 blocks,sa,56,56,7,1
fb_04,B86857,26,1,MASc KA 40 blocks,sa,56,56,7,1
fb_04,B86857,26,1,MASc KA 40 blocks,sa,56,56,7,1
fb_04,B86857,26,1,MASc KA 40 blocks,sa,56,56,7,1
fb_05,B77363,26,1,MASc KA 40 blocks,sa,56,56,7,1
fb_05,B77363,26,1,MASc KA 40 blocks,sa,56,56,7,1
fb_05,B84093,26,1,MASc KA 40 blocks,sa,56,56,7,1
fb_06,B77363,26,1,MASc KA 40 blocks,sa,56,56,7,1
fb_06,B77363,26,1,MASc KA 40 blocks,sa,56,56,7,1
fb_06,B86575,26,1,MASc KA 40 blocks,sa,56,56,7,1
ld_01,B79027,26,1,MASc KA 40 blocks,sa,56,56,7,1
ld_01,B86857,26,1,MASc KA 40 blocks,sa,56,56,7,1
ld_02,B86909,26,1,MASc KA 40 blocks,sa,56,56,7,1
ld_02,B88642,26,1,MASc KA 40 blocks,sa,56,56,7,1
ld_03,B81877,26,1,MASc KA 40 blocks,sa,56,56,7,1
ld_03,B95247,26,1,MASc KA 40 blocks,sa,56,56,7,1
ld_04,B84093,26,1,MASc KA 40 blocks,sa,56,56,7,1
ld_05,B81877,26,1,MASc KA 40 blocks,sa,56,56,7,1
ld_06,B79027,26,1,MASc KA 40 blocks,sa,56,56,7,1
pr_01,B86575,26,1,MASc KA 40 blocks,sa,56,56,7,1
pr_01,B86857,26,1,MASc KA 40 blocks,sa,56,56,7,1
pr_01,B86909,26,1,MASc KA 40 blocks,sa,56,56,7,1
pr_02,B78567,26,1,MASc KA 40 blocks,sa,56,56,7,1
pr_02,B86857,26,1,MASc KA 40 blocks,sa,56,56,7,1
pr_02,B86909,26,1,MASc KA 40 blocks,sa,56,56,7,1
pr_03,B78567,26,1,MASc KA 40 blocks,sa,56,56,7,1
pr_03,B86857,26,1,MASc KA 40 blocks,sa,56,56,7,1
pr_03,B86909,26,1,MASc KA 40 blocks,sa,56,56,7,1
pr_04,B86575,26,1,MASc KA 40 blocks,sa,56,56,7,1
pr_04,B86857,26,1,MASc KA 40 blocks,sa,56,56,7,1
pr_04,B86909,26,1,MASc KA 40 blocks,sa,56,56,7,1
pr_05,B78567,26,1,MASc KA 40 blocks,sa,56,56,7,1
pr_05,B91247,26,1,MASc KA 40 blocks,sa,56,56,7,1
pr_06,B86857,26,1,MASc KA 40 blocks,sa,56,56,7,1
pr_06,B91247,26,1,MASc KA 40 blocks,sa,56,56,7,1
sk_01,B77363,26,1,MASc KA 40 blocks,sa,56,56,7,1
sk_01,B86857,26,1,MASc KA 40 blocks,sa,56,56,7,1
sk_01,B95247,26,1,MASc KA 40 blocks,sa,56,56,7,1
sk_02,B86857,26,1,MASc KA 40 blocks,sa,56,56,7,1
sk_02,B86857,26,1,MASc KA 40 blocks,sa,56,56,7,1
sk_02,B95247,26,1,MASc KA 40 blocks,sa,56,56,7,1
sk_03,B86857,26,1,MASc KA 40 blocks,sa,56,56,7,1
sk_03,B86857,26,1,MASc KA 40 blocks,sa,56,56,7,1
sk_03,B91247,26,1,MASc KA 40 blocks,sa,56,56,7,1
sk_04,B86857,26,1,MASc KA 40 blocks,sa,56,56,7,1
sk_04,B86857,26,1,MASc KA 40 blocks,sa,56,56,7,1
sk_04,B91247,26,1,MASc KA 40 blocks,sa,56,56,7,1
sk_05,B86857,26,1,MASc KA 40 blocks,sa,56,56,7,1
sk_05,B91247,26,1,MASc KA 40 blocks,sa,56,56,7,1
sk_05,B91247,26,1,MASc KA 40 blocks,sa,56,56,7,1
sk_06,B86857,26,1,MASc KA 40 blocks,sa,56,56,7,1
sk_06,B91247,26,1,MASc KA 40 blocks,sa,56,56,7,1
sk_06,B95247,26,1,MASc KA 40 blocks,sa,56,56,7,1
fb_01,B78910,27,1,MASc KA 40 blocks,sa,56,56,7,1
fb_01,B92731,27,1,MASc KA 40 blocks,sa,56,56,7,1
fb_01,B98643,27,1,MASc KA 40 blocks,sa,56,56,7,1
fb_02,B91247,27,1,MASc KA 40 blocks,sa,56,56,7,1
fb_02,B95247,27,1,MASc KA 40 blocks,sa,56,56,7,1
fb_02,B95247,27,1,MASc KA 40 blocks,sa,56,56,7,1
fb_03,B86857,27,1,MASc KA 40 blocks,sa,56,56,7,1
fb_03,B86857,27,1,MASc KA 40 blocks,sa,56,56,7,1
fb_03,B86857,27,1,MASc KA 40 blocks,sa,56,56,7,1
fb_04,B86857,27,1,MASc KA 40 blocks,sa,56,56,7,1
fb_04,B86857,27,1,MASc KA 40 blocks,sa,56,56,7,1
fb_04,B86857,27,1,MASc KA 40 blocks,sa,56,56,7,1
fb_05,B77363,27,1,MASc KA 40 blocks,sa,56,56,7,1
fb_05,B91173,27,1,MASc KA 40 blocks,sa,56,56,7,1
fb_05,B91247,27,1,MASc KA 40 blocks,sa,56,56,7,1
fb_06,B77363,27,1,MASc KA 40 blocks,sa,56,56,7,1
fb_06,B92962,27,1,MASc KA 40 blocks,sa,56,56,7,1
fb_06,B95247,27,1,MASc KA 40 blocks,sa,56,56,7,1
ld_01,B86857,27,1,MASc KA 40 blocks,sa,56,56,7,1
ld_01,B86909,27,1,MASc KA 40 blocks,sa,56,56,7,1
ld_02,B86575,27,1,MASc KA 40 blocks,sa,56,56,7,1
ld_02,B86857,27,1,MASc KA 40 blocks,sa,56,56,7,1
ld_03,B78567,27,1,MASc KA 40 blocks,sa,56,56,7,1
ld_03,B86857,27,1,MASc KA 40 blocks,sa,56,56,7,1
ld_04,B86909,27,1,MASc KA 40 blocks,sa,56,56,7,1
ld_04,B91247,27,1,MASc KA 40 blocks,sa,56,56,7,1
ld_05,B78567,27,1,MASc KA 40 blocks,sa,56,56,7,1
ld_05,B86857,27,1,MASc KA 40 blocks,sa,56,56,7,1
ld_06,B78567,27,1,MASc KA 40 blocks,sa,56,56,7,1
ld_06,B86575,27,1,MASc KA 40 blocks,sa,56,56,7,1
pr_01,B86857,27,1,MASc KA 40 blocks,sa,56,56,7,1
pr_01,B91247,27,1,MASc KA 40 blocks,sa,56,56,7,1
pr_01,B95247,27,1,MASc KA 40 blocks,sa,56,56,7,1
pr_02,B86857,27,1,MASc KA 40 blocks,sa,56,56,7,1
pr_02,B91247,27,1,MASc KA 40 blocks,sa,56,56,7,1
pr_02,B95247,27,1,MASc KA 40 blocks,sa,56,56,7,1
pr_03,B86857,27,1,MASc KA 40 blocks,sa,56,56,7,1
pr_03,B91247,27,1,MASc KA 40 blocks,sa,56,56,7,1
pr_03,B95247,27,1,MASc KA 40 blocks,sa,56,56,7,1
pr_04,B86857,27,1,MASc KA 40 blocks,sa,56,56,7,1
pr_04,B86857,27,1,MASc KA 40 blocks,sa,56,56,7,1
pr_04,B91247,27,1,MASc KA 40 blocks,sa,56,56,7,1
pr_05,B86857,27,1,MASc KA 40 blocks,sa,56,56,7,1
pr_05,B86857,27,1,MASc KA 40 blocks,sa,56,56,7,1
pr_06,B86857,27,1,MASc KA 40 blocks,sa,56,56,7,1
pr_06,B91247,27,1,MASc KA 40 blocks,sa,56,56,7,1
sk_01,B77363,27,1,MASc KA 40 blocks,sa,56,56,7,1
sk_01,B77363,27,1,MASc KA 40 blocks,sa,56,56,7,1
sk_01,B86575,27,1,MASc KA 40 blocks,sa,56,56,7,1
sk_02,B77363,27,1,MASc KA 40 blocks,sa,56,56,7,1
sk_02,B77363,27,1,MASc KA 40 blocks,sa,56,56,7,1
sk_02,B86575,27,1,MASc KA 40 blocks,sa,56,56,7,1
sk_03,B77363,27,1,MASc KA 40 blocks,sa,56,56,7,1
sk_03,B77363,27,1,MASc KA 40 blocks,sa,56,56,7,1
sk_03,B86575,27,1,MASc KA 40 blocks,sa,56,56,7,1
sk_04,B77363,27,1,MASc KA 40 blocks,sa,56,56,7,1
sk_04,B77363,27,1,MASc KA 40 blocks,sa,56,56,7,1
sk_04,B86857,27,1,MASc KA 40 blocks,sa,56,56,7,1
sk_05,B77363,27,1,MASc KA 40 blocks,sa,56,56,7,1
sk_05,B84093,27,1,MASc KA 40 blocks,sa,56,56,7,1
sk_05,B91247,27,1,MASc KA 40 blocks,sa,56,56,7,1
sk_06,B77363,27,1,MASc KA 40 blocks,sa,56,56,7,1
sk_06,B84093,27,1,MASc KA 40 blocks,sa,56,56,7,1
sk_06,B91247,27,1,MASc KA 40 blocks,sa,56,56,7,1
fb_01,B78910,28,1,MASc KA 40 blocks,sa,56,56,7,1
fb_01,B78910,28,1,MASc KA 40 blocks,sa,56,56,7,1
fb_01,B82792,28,1,MASc KA 40 blocks,sa,56,56,7,1
fb_02,B91247,28,1,MASc KA 40 blocks,sa,56,56,7,1
fb_02,B91247,28,1,MASc KA 40 blocks,sa,56,56,7,1
fb_02,B95247,28,1,MASc KA 40 blocks,sa,56,56,7,1
fb_03,B86857,28,1,MASc KA 40 blocks,sa,56,56,7,1
fb_03,B86857,28,1,MASc KA 40 blocks,sa,56,56,7,1
fb_03,B86857,28,1,MASc KA 40 blocks,sa,56,56,7,1
fb_04,B86857,28,1,MASc KA 40 blocks,sa,56,56,7,1
fb_04,B86857,28,1,MASc KA 40 blocks,sa,56,56,7,1
fb_04,B86857,28,1,MASc KA 40 blocks,sa,56,56,7,1
fb_05,B78910,28,1,MASc KA 40 blocks,sa,56,56,7,1
fb_05,B78910,28,1,MASc KA 40 blocks,sa,56,56,7,1
fb_05,B91173,28,1,MASc KA 40 blocks,sa,56,56,7,1
fb_06,B77363,28,1,MASc KA 40 blocks,sa,56,56,7,1
fb_06,B91173,28,1,MASc KA 40 blocks,sa,56,56,7,1
fb_06,B92962,28,1,MASc KA 40 blocks,sa,56,56,7,1
ld_01,B86857,28,1,MASc KA 40 blocks,sa,56,56,7,1
ld_01,B95247,28,1,MASc KA 40 blocks,sa,56,56,7,1
ld_02,B86857,28,1,MASc KA 40 blocks,sa,56,56,7,1
ld_02,B91247,28,1,MASc KA 40 blocks,sa,56,56,7,1
ld_03,B86857,28,1,MASc KA 40 blocks,sa,56,56,7,1
ld_03,B91247,28,1,MASc KA 40 blocks,sa,56,56,7,1
ld_04,B86857,28,1,MASc KA 40 blocks,sa,56,56,7,1
ld_04,B95247,28,1,MASc KA 40 blocks,sa,56,56,7,1
ld_05,B86857,28,1,MASc KA 40 blocks,sa,56,56,7,1
ld_06,B91247,28,1,MASc KA 40 blocks,sa,56,56,7,1
pr_01,B77363,28,1,MASc KA 40 blocks,sa,56,56,7,1
pr_01,B77363,28,1,MASc KA 40 blocks,sa,56,56,7,1
pr_01,B86575,28,1,MASc KA 40 blocks,sa,56,56,7,1
pr_02,B77363,28,1,MASc KA 40 blocks,sa,56,56,7,1
pr_02,B77363,28,1,MASc KA 40 blocks,sa,56,56,7,1
pr_02,B86575,28,1,MASc KA 40 blocks,sa,56,56,7,1
pr_03,B77363,28,1,MASc KA 40 blocks,sa,56,56,7,1
pr_03,B77363,28,1,MASc KA 40 blocks,sa,56,56,7,1
pr_03,B86857,28,1,MASc KA 40 blocks,sa,56,56,7,1
pr_04,B77363,28,1,MASc KA 40 blocks,sa,56,56,7,1
pr_04,B84093,28,1,MASc KA 40 blocks,sa,56,56,7,1
pr_04,B91247,28,1,MASc KA 40 blocks,sa,56,56,7,1
pr_05,B77363,28,1,MASc KA 40 blocks,sa,56,56,7,1
pr_05,B84093,28,1,MASc KA 40 blocks,sa,56,56,7,1
pr_05,B91247,28,1,MASc KA 40 blocks,sa,56,56,7,1
pr_06,B77363,28,1,MASc KA 40 blocks,sa,56,56,7,1
pr_06,B86575,28,1,MASc KA 40 blocks,sa,56,56,7,1
sk_01,B77363,28,1,MASc KA 40 blocks,sa,56,56,7,1
sk_01,B86857,28,1,MASc KA 40 blocks,sa,56,56,7,1
sk_01,B86857,28,1,MASc KA 40 blocks,sa,56,56,7,1
sk_02,B77363,28,1,MASc KA 40 blocks,sa,56,56,7,1
sk_02,B86857,28,1,MASc KA 40 blocks,sa,56,56,7,1
sk_02,B86857,28,1,MASc KA 40 blocks,sa,56,56,7,1
sk_03,B78910,28,1,MASc KA 40 blocks,sa,56,56,7,1
sk_03,B86857,28,1,MASc KA 40 blocks,sa,56,56,7,1
sk_03,B86857,28,1,MASc KA 40 blocks,sa,56,56,7,1
sk_04,B78910,28,1,MASc KA 40 blocks,sa,56,56,7,1
sk_04,B86857,28,1,MASc KA 40 blocks,sa,56,56,7,1
sk_04,B86857,28,1,MASc KA 40 blocks,sa,56,56,7,1
sk_05,B77363,28,1,MASc KA 40 blocks,sa,56,56,7,1
sk_05,B86857,28,1,MASc KA 40 blocks,sa,56,56,7,1
sk_05,B86857,28,1,MASc KA 40 blocks,sa,56,56,7,1
sk_06,B77363,28,1,MASc KA 40 blocks,sa,56,56,7,1
sk_06,B86857,28,1,MASc KA 40 blocks,sa,56,56,7,1
sk_06,B86857,28,1,MASc KA 40 blocks,sa,56,56,7,1
fb_01,B82792,29,1,MASc KA 40 blocks,sa,56,56,7,1
fb_01,B86909,29,1,MASc KA 40 blocks,sa,56,56,7,1
fb_01,B86909,29,1,MASc KA 40 blocks,sa,56,56,7,1
fb_02,B92962,29,1,MASc KA 40 blocks,sa,56,56,7,1
fb_02,B95247,29,1,MASc KA 40 blocks,sa,56,56,7,1
fb_02,B98430,29,1,MASc KA 40 blocks,sa,56,56,7,1
fb_03,B86857,29,1,MASc KA 40 blocks,sa,56,56,7,1
fb_03,B86909,29,1,MASc KA 40 blocks,sa,56,56,7,1
fb_03,B86909,29,1,MASc KA 40 blocks,sa,56,56,7,1
fb_04,B86857,29,1,MASc KA 40 blocks,sa,56,56,7,1
fb_04,B86909,29,1,MASc KA 40 blocks,sa,56,56,7,1
fb_04,B88642,29,1,MASc KA 40 blocks,sa,56,56,7,1
fb_05,B86857,29,1,MASc KA 40 blocks,sa,56,56,7,1
fb_05,B92731,29,1,MASc KA 40 blocks,sa,56,56,7,1
fb_05,B94657,29,1,MASc KA 40 blocks,sa,56,56,7,1
fb_06,B86857,29,1,MASc KA 40 blocks,sa,56,56,7,1
fb_06,B86857,29,1,MASc KA 40 blocks,sa,56,56,7,1
fb_06,B92731,29,1,MASc KA 40 blocks,sa,56,56,7,1
fb_01,B84093,30,1,MASc KA 40 blocks,sa,56,56,7,1
fb_01,B88642,30,1,MASc KA 40 blocks,sa,56,56,7,1
fb_01,B91247,30,1,MASc KA 40 blocks,sa,56,56,7,1
fb_02,B77363,30,1,MASc KA 40 blocks,sa,56,56,7,1
fb_02,B78910,30,1,MASc KA 40 blocks,sa,56,56,7,1
fb_02,B86575,30,1,MASc KA 40 blocks,sa,56,56,7,1
fb_03,B86857,30,1,MASc KA 40 blocks,sa,56,56,7,1
fb_03,B86857,30,1,MASc KA 40 blocks,sa,56,56,7,1
fb_03,B86909,30,1,MASc KA 40 blocks,sa,56,56,7,1
fb_04,B80395,30,1,MASc KA 40 blocks,sa,56,56,7,1
fb_04,B86857,30,1,MASc KA 40 blocks,sa,56,56,7,1
fb_04,B86909,30,1,MASc KA 40 blocks,sa,56,56,7,1
fb_05,B80395,30,1,MASc KA 40 blocks,sa,56,56,7,1
fb_05,B86909,30,1,MASc KA 40 blocks,sa,56,56,7,1
fb_05,B92731,30,1,MASc KA 40 blocks,sa,56,56,7,1
fb_06,B86575,30,1,MASc KA 40 blocks,sa,56,56,7,1
fb_06,B86857,30,1,MASc KA 40 blocks,sa,56,56,7,1
fb_06,B92962,30,1,MASc KA 40 blocks,sa,56,56,7,1
sk_01,B82792,30,1,MASc KA 40 blocks,sa,56,56,7,1
sk_01,B86857,30,1,MASc KA 40 blocks,sa,56,56,7,1
sk_01,B86909,30,1,MASc KA 40 blocks,sa,56,56,7,1
sk_02,B86857,30,1,MASc KA 40 blocks,sa,56,56,7,1
sk_02,B86909,30,1,MASc KA 40 blocks,sa,56,56,7,1
sk_02,B95247,30,1,MASc KA 40 blocks,sa,56,56,7,1
sk_03,B88642,30,1,MASc KA 40 blocks,sa,56,56,7,1
sk_03,B88642,30,1,MASc KA 40 blocks,sa,56,56,7,1
sk_03,B92962,30,1,MASc KA 40 blocks,sa,56,56,7,1
sk_04,B86857,30,1,MASc KA 40 blocks,sa,56,56,7,1
sk_04,B88642,30,1,MASc KA 40 blocks,sa,56,56,7,1
sk_04,B88642,30,1,MASc KA 40 blocks,sa,56,56,7,1
sk_05,B88642,30,1,MASc KA 40 blocks,sa,56,56,7,1
sk_05,B88642,30,1,MASc KA 40 blocks,sa,56,56,7,1
sk_05,B92731,30,1,MASc KA 40 blocks,sa,56,56,7,1
sk_06,B86857,30,1,MASc KA 40 blocks,sa,56,56,7,1
sk_06,B88642,30,1,MASc KA 40 blocks,sa,56,56,7,1
sk_06,B92731,30,1,MASc KA 40 blocks,sa,56,56,7,1
fb_01,B86857,31,1,MASc KA 40 blocks,sa,56,56,7,1
fb_01,B91173,31,1,MASc KA 40 blocks,sa,56,56,7,1
fb_01,B91247,31,1,MASc KA 40 blocks,sa,56,56,7,1
fb_02,B86857,31,1,MASc KA 40 blocks,sa,56,56,7,1
fb_02,B92962,31,1,MASc KA 40 blocks,sa,56,56,7,1
fb_02,B95247,31,1,MASc KA 40 blocks,sa,56,56,7,1
fb_03,B86857,31,1,MASc KA 40 blocks,sa,56,56,7,1
fb_03,B86909,31,1,MASc KA 40 blocks,sa,56,56,7,1
fb_03,B86909,31,1,MASc KA 40 blocks,sa,56,56,7,1
fb_04,B86857,31,1,MASc KA 40 blocks,sa,56,56,7,1
fb_04,B86909,31,1,MASc KA 40 blocks,sa,56,56,7,1
fb_04,B86909,31,1,MASc KA 40 blocks,sa,56,56,7,1
fb_05,B92962,31,1,MASc KA 40 blocks,sa,56,56,7,1
fb_05,B92962,31,1,MASc KA 40 blocks,sa,56,56,7,1
fb_05,B92962,31,1,MASc KA 40 blocks,sa,56,56,7,1
fb_06,B92731,31,1,MASc KA 40 blocks,sa,56,56,7,1
fb_06,B92962,31,1,MASc KA 40 blocks,sa,56,56,7,1
fb_06,B92962,31,1,MASc KA 40 blocks,sa,56,56,7,1
pr_01,B86909,31,1,MASc KA 40 blocks,sa,56,56,7,1
pr_01,B88642,31,1,MASc KA 40 blocks,sa,56,56,7,1
pr_02,B86857,31,1,MASc KA 40 blocks,sa,56,56,7,1
pr_02,B92731,31,1,MASc KA 40 blocks,sa,56,56,7,1
pr_03,B86909,31,1,MASc KA 40 blocks,sa,56,56,7,1
pr_03,B88642,31,1,MASc KA 40 blocks,sa,56,56,7,1
pr_04,B86857,31,1,MASc KA 40 blocks,sa,56,56,7,1
pr_05,B82792,31,1,MASc KA 40 blocks,sa,56,56,7,1
pr_06,B86857,31,1,MASc KA 40 blocks,sa,56,56,7,1
sk_01,B77363,31,1,MASc KA 40 blocks,sa,56,56,7,1
sk_01,B86575,31,1,MASc KA 40 blocks,sa,56,56,7,1
sk_01,B86575,31,1,MASc KA 40 blocks,sa,56,56,7,1
sk_02,B78910,31,1,MASc KA 40 blocks,sa,56,56,7,1
sk_02,B86909,31,1,MASc KA 40 blocks,sa,56,56,7,1
sk_02,B88642,31,1,MASc KA 40 blocks,sa,56,56,7,1
sk_03,B84093,31,1,MASc KA 40 blocks,sa,56,56,7,1
sk_03,B86857,31,1,MASc KA 40 blocks,sa,56,56,7,1
sk_03,B91247,31,1,MASc KA 40 blocks,sa,56,56,7,1
sk_04,B86575,31,1,MASc KA 40 blocks,sa,56,56,7,1
sk_04,B86857,31,1,MASc KA 40 blocks,sa,56,56,7,1
sk_04,B86857,31,1,MASc KA 40 blocks,sa,56,56,7,1
sk_05,B84093,31,1,MASc KA 40 blocks,sa,56,56,7,1
sk_05,B86575,31,1,MASc KA 40 blocks,sa,56,56,7,1
sk_05,B86857,31,1,MASc KA 40 blocks,sa,56,56,7,1
sk_06,B80395,31,1,MASc KA 40 blocks,sa,56,56,7,1
sk_06,B86575,31,1,MASc KA 40 blocks,sa,56,56,7,1
sk_06,B86857,31,1,MASc KA 40 blocks,sa,56,56,7,1
fb_01,B77363,32,1,MASc KA 40 blocks,sa,56,56,7,1
fb_01,B86909,32,1,MASc KA 40 blocks,sa,56,56,7,1
fb_01,B95247,32,1,MASc KA 40 blocks,sa,56,56,7,1
fb_02,B86575,32,1,MASc KA 40 blocks,sa,56,56,7,1
fb_02,B86857,32,1,MASc KA 40 blocks,sa,56,56,7,1
fb_02,B91247,32,1,MASc KA 40 blocks,sa,56,56,7,1
fb_03,B86857,32,1,MASc KA 40 blocks,sa,56,56,7,1
fb_03,B86857,32,1,MASc KA 40 blocks,sa,56,56,7,1
fb_03,B86909,32,1,MASc KA 40 blocks,sa,56,56,7,1
fb_04,B86857,32,1,MASc KA 40 blocks,sa,56,56,7,1
fb_04,B86909,32,1,MASc KA 40 blocks,sa,56,56,7,1
fb_04,B92731,32,1,MASc KA 40 blocks,sa,56,56,7,1
fb_05,B77363,32,1,MASc KA 40 blocks,sa,56,56,7,1
fb_05,B78910,32,1,MASc KA 40 blocks,sa,56,56,7,1
fb_05,B92962,32,1,MASc KA 40 blocks,sa,56,56,7,1
fb_06,B78910,32,1,MASc KA 40 blocks,sa,56,56,7,1
fb_06,B86909,32,1,MASc KA 40 blocks,sa,56,56,7,1
fb_06,B92731,32,1,MASc KA 40 blocks,sa,56,56,7,1
ld_01,B86857,32,1,MASc KA 40 blocks,sa,56,56,7,1
ld_01,B88642,32,1,MASc KA 40 blocks,sa,56,56,7,1
ld_02,B86857,32,1,MASc KA 40 blocks,sa,56,56,7,1
ld_02,B88642,32,1,MASc KA 40 blocks,sa,56,56,7,1
ld_03,B92731,32,1,MASc KA 40 blocks,sa,56,56,7,1
ld_04,B86909,32,1,MASc KA 40 blocks,sa,56,56,7,1
ld_05,B88642,32,1,MASc KA 40 blocks,sa,56,56,7,1
ld_06,B88642,32,1,MASc KA 40 blocks,sa,56,56,7,1
pr_01,B80395,32,1,MASc KA 40 blocks,sa,56,56,7,1
pr_01,B84093,32,1,MASc KA 40 blocks,sa,56,56,7,1
pr_01,B86857,32,1,MASc KA 40 blocks,sa,56,56,7,1
pr_02,B86575,32,1,MASc KA 40 blocks,sa,56,56,7,1
pr_02,B86857,32,1,MASc KA 40 blocks,sa,56,56,7,1
pr_03,B86575,32,1,MASc KA 40 blocks,sa,56,56,7,1
pr_03,B86857,32,1,MASc KA 40 blocks,sa,56,56,7,1
pr_04,B86857,32,1,MASc KA 40 blocks,sa,56,56,7,1
pr_04,B88642,32,1,MASc KA 40 blocks,sa,56,56,7,1
pr_05,B86575,32,1,MASc KA 40 blocks,sa,56,56,7,1
pr_05,B91247,32,1,MASc KA 40 blocks,sa,56,56,7,1
pr_06,B86857,32,1,MASc KA 40 blocks,sa,56,56,7,1
pr_06,B86909,32,1,MASc KA 40 blocks,sa,56,56,7,1
sk_01,B86857,32,1,MASc KA 40 blocks,sa,56,56,7,1
sk_01,B86857,32,1,MASc KA 40 blocks,sa,56,56,7,1
sk_01,B91247,32,1,MASc KA 40 blocks,sa,56,56,7,1
sk_02,B86857,32,1,MASc KA 40 blocks,sa,56,56,7,1
sk_02,B86857,32,1,MASc KA 40 blocks,sa,56,56,7,1
sk_02,B86909,32,1,MASc KA 40 blocks,sa,56,56,7,1
sk_03,B86857,32,1,MASc KA 40 blocks,sa,56,56,7,1
sk_03,B86857,32,1,MASc KA 40 blocks,sa,56,56,7,1
sk_03,B95247,32,1,MASc KA 40 blocks,sa,56,56,7,1
sk_04,B86857,32,1,MASc KA 40 blocks,sa,56,56,7,1
sk_04,B86909,32,1,MASc KA 40 blocks,sa,56,56,7,1
sk_04,B86909,32,1,MASc KA 40 blocks,sa,56,56,7,1
sk_05,B86857,32,1,MASc KA 40 blocks,sa,56,56,7,1
sk_05,B92962,32,1,MASc KA 40 blocks,sa,56,56,7,1
sk_05,B92962,32,1,MASc KA 40 blocks,sa,56,56,7,1
sk_06,B86909,32,1,MASc KA 40 blocks,sa,56,56,7,1
sk_06,B86909,32,1,MASc KA 40 blocks,sa,56,56,7,1
sk_06,B91247,32,1,MASc KA 40 blocks,sa,56,56,7,1
fb_01,B86909,33,1,MASc KA 40 blocks,sa,56,56,7,1
fb_01,B95834,33,1,MASc KA 40 blocks,sa,56,56,7,1
fb_01,B98430,33,1,MASc KA 40 blocks,sa,56,56,7,1
fb_02,B91173,33,1,MASc KA 40 blocks,sa,56,56,7,1
fb_02,B95247,33,1,MASc KA 40 blocks,sa,56,56,7,1
fb_02,B98643,33,1,MASc KA 40 blocks,sa,56,56,7,1
fb_03,B86857,33,1,MASc KA 40 blocks,sa,56,56,7,1
fb_03,B86909,33,1,MASc KA 40 blocks,sa,56,56,7,1
fb_03,B86909,33,1,MASc KA 40 blocks,sa,56,56,7,1
fb_04,B86553,33,1,MASc KA 40 blocks,sa,56,56,7,1
fb_04,B86857,33,1,MASc KA 40 blocks,sa,56,56,7,1
fb_04,B86909,33,1,MASc KA 40 blocks,sa,56,56,7,1
fb_05,B84093,33,1,MASc KA 40 blocks,sa,56,56,7,1
fb_05,B91173,33,1,MASc KA 40 blocks,sa,56,56,7,1
fb_05,B91173,33,1,MASc KA 40 blocks,sa,56,56,7,1
fb_06,B78910,33,1,MASc KA 40 blocks,sa,56,56,7,1
fb_06,B86909,33,1,MASc KA 40 blocks,sa,56,56,7,1
fb_06,B91173,33,1,MASc KA 40 blocks,sa,56,56,7,1
ld_01,B86857,33,1,MASc KA 40 blocks,sa,56,56,7,1
ld_01,B88642,33,1,MASc KA 40 blocks,sa,56,56,7,1
ld_02,B86857,33,1,MASc KA 40 blocks,sa,56,56,7,1
ld_03,B86857,33,1,MASc KA 40 blocks,sa,56,56,7,1
ld_04,B86575,33,1,MASc KA 40 blocks,sa,56,56,7,1
ld_05,B86575,33,1,MASc KA 40 blocks,sa,56,56,7,1
ld_06,B84093,33,1,MASc KA 40 blocks,sa,56,56,7,1
pr_01,B86909,33,1,MASc KA 40 blocks,sa,56,56,7,1
pr_01,B91247,33,1,MASc KA 40 blocks,sa,56,56,7,1
pr_01,B92962,33,1,MASc KA 40 blocks,sa,56,56,7,1
pr_02,B86909,33,1,MASc KA 40 blocks,sa,56,56,7,1
pr_02,B91247,33,1,MASc KA 40 blocks,sa,56,56,7,1
pr_02,B95247,33,1,MASc KA 40 blocks,sa,56,56,7,1
pr_03,B86857,33,1,MASc KA 40 blocks,sa,56,56,7,1
pr_03,B86857,33,1,MASc KA 40 blocks,sa,56,56,7,1
pr_03,B86909,33,1,MASc KA 40 blocks,sa,56,56,7,1
pr_04,B86857,33,1,MASc KA 40 blocks,sa,56,56,7,1
pr_04,B86857,33,1,MASc KA 40 blocks,sa,56,56,7,1
pr_04,B86909,33,1,MASc KA 40 blocks,sa,56,56,7,1
pr_05,B86857,33,1,MASc KA 40 blocks,sa,56,56,7,1
pr_05,B86857,33,1,MASc KA 40 blocks,sa,56,56,7,1
pr_06,B86857,33,1,MASc KA 40 blocks,sa,56,56,7,1
pr_06,B86909,33,1,MASc KA 40 blocks,sa,56,56,7,1
sk_01,B77363,33,1,MASc KA 40 blocks,sa,56,56,7,1
sk_01,B77363,33,1,MASc KA 40 blocks,sa,56,56,7,1
sk_01,B86575,33,1,MASc KA 40 blocks,sa,56,56,7,1
sk_02,B78910,33,1,MASc KA 40 blocks,sa,56,56,7,1
sk_02,B86857,33,1,MASc KA 40 blocks,sa,56,56,7,1
sk_02,B86857,33,1,MASc KA 40 blocks,sa,56,56,7,1
sk_03,B78910,33,1,MASc KA 40 blocks,sa,56,56,7,1
sk_03,B86857,33,1,MASc KA 40 blocks,sa,56,56,7,1
sk_03,B86857,33,1,MASc KA 40 blocks,sa,56,56,7,1
sk_04,B77363,33,1,MASc KA 40 blocks,sa,56,56,7,1
sk_04,B78910,33,1,MASc KA 40 blocks,sa,56,56,7,1
sk_04,B86575,33,1,MASc KA 40 blocks,sa,56,56,7,1
sk_05,B78910,33,1,MASc KA 40 blocks,sa,56,56,7,1
sk_05,B86857,33,1,MASc KA 40 blocks,sa,56,56,7,1
sk_05,B86909,33,1,MASc KA 40 blocks,sa,56,56,7,1
sk_06,B77363,33,1,MASc KA 40 blocks,sa,56,56,7,1
sk_06,B86575,33,1,MASc KA 40 blocks,sa,56,56,7,1
sk_06,B86857,33,1,MASc KA 40 blocks,sa,56,56,7,1
fb_01,B78910,34,1,MASc KA 40 blocks,sa,56,56,7,1
fb_01,B78910,34,1,MASc KA 40 blocks,sa,56,56,7,1
fb_01,B86909,34,1,MASc KA 40 blocks,sa,56,56,7,1
fb_02,B78910,34,1,MASc KA 40 blocks,sa,56,56,7,1
fb_02,B78910,34,1,MASc KA 40 blocks,sa,56,56,7,1
fb_02,B91247,34,1,MASc KA 40 blocks,sa,56,56,7,1
fb_03,B86857,34,1,MASc KA 40 blocks,sa,56,56,7,1
fb_03,B86857,34,1,MASc KA 40 blocks,sa,56,56,7,1
fb_03,B86909,34,1,MASc KA 40 blocks,sa,56,56,7,1
fb_04,B86857,34,1,MASc KA 40 blocks,sa,56,56,7,1
fb_04,B86857,34,1,MASc KA 40 blocks,sa,56,56,7,1
fb_04,B95247,34,1,MASc KA 40 blocks,sa,56,56,7,1
fb_05,B78567,34,1,MASc KA 40 blocks,sa,56,56,7,1
fb_05,B78910,34,1,MASc KA 40 blocks,sa,56,56,7,1
fb_05,B98430,34,1,MASc KA 40 blocks,sa,56,56,7,1
fb_06,B77363,34,1,MASc KA 40 blocks,sa,56,56,7,1
fb_06,B77363,34,1,MASc KA 40 blocks,sa,56,56,7,1
fb_06,B98430,34,1,MASc KA 40 blocks,sa,56,56,7,1
ld_01,B86857,34,1,MASc KA 40 blocks,sa,56,56,7,1
ld_01,B86909,34,1,MASc KA 40 blocks,sa,56,56,7,1
ld_02,B86857,34,1,MASc KA 40 blocks,sa,56,56,7,1
ld_02,B86909,34,1,MASc KA 40 blocks,sa,56,56,7,1
ld_03,B86909,34,1,MASc KA 40 blocks,sa,56,56,7,1
ld_03,B91247,34,1,MASc KA 40 blocks,sa,56,56,7,1
ld_04,B86857,34,1,MASc KA 40 blocks,sa,56,56,7,1
ld_04,B92962,34,1,MASc KA 40 blocks,sa,56,56,7,1
ld_05,B86857,34,1,MASc KA 40 blocks,sa,56,56,7,1
ld_06,B86857,34,1,MASc KA 40 blocks,sa,56,56,7,1
pr_01,B77363,34,1,MASc KA 40 blocks,sa,56,56,7,1
pr_01,B86575,34,1,MASc KA 40 blocks,sa,56,56,7,1
pr_01,B86857,34,1,MASc KA 40 blocks,sa,56,56,7,1
pr_02,B77363,34,1,MASc KA 40 blocks,sa,56,56,7,1
pr_02,B78910,34,1,MASc KA 40 blocks,sa,56,56,7,1
pr_02,B86857,34,1,MASc KA 40 blocks,sa,56,56,7,1
pr_03,B77363,34,1,MASc KA 40 blocks,sa,56,56,7,1
pr_03,B78910,34,1,MASc KA 40 blocks,sa,56,56,7,1
pr_03,B86857,34,1,MASc KA 40 blocks,sa,56,56,7,1
pr_04,B77363,34,1,MASc KA 40 blocks,sa,56,56,7,1
pr_04,B78910,34,1,MASc KA 40 blocks,sa,56,56,7,1
pr_04,B86857,34,1,MASc KA 40 blocks,sa,56,56,7,1
pr_05,B78910,34,1,MASc KA 40 blocks,sa,56,56,7,1
pr_05,B86575,34,1,MASc KA 40 blocks,sa,56,56,7,1
pr_05,B86909,34,1,MASc KA 40 blocks,sa,56,56,7,1
pr_06,B86575,34,1,MASc KA 40 blocks,sa,56,56,7,1
pr_06,B86857,34,1,MASc KA 40 blocks,sa,56,56,7,1
sk_01,B86857,34,1,MASc KA 40 blocks,sa,56,56,7,1
sk_01,B86909,34,1,MASc KA 40 blocks,sa,56,56,7,1
sk_01,B86909,34,1,MASc KA 40 blocks,sa,56,56,7,1
sk_02,B86857,34,1,MASc KA 40 blocks,sa,56,56,7,1
sk_02,B86909,34,1,MASc KA 40 blocks,sa,56,56,7,1
sk_02,B86909,34,1,MASc KA 40 blocks,sa,56,56,7,1
sk_03,B78910,34,1,MASc KA 40 blocks,sa,56,56,7,1
sk_03,B86909,34,1,MASc KA 40 blocks,sa,56,56,7,1
sk_03,B86909,34,1,MASc KA 40 blocks,sa,56,56,7,1
sk_04,B84093,34,1,MASc KA 40 blocks,sa,56,56,7,1
sk_04,B86909,34,1,MASc KA 40 blocks,sa,56,56,7,1
sk_04,B86909,34,1,MASc KA 40 blocks,sa,56,56,7,1
sk_05,B84093,34,1,MASc KA 40 blocks,sa,56,56,7,1
sk_05,B86909,34,1,MASc KA 40 blocks,sa,56,56,7,1
sk_05,B91247,34,1,MASc KA 40 blocks,sa,56,56,7,1
sk_06,B78910,34,1,MASc KA 40 blocks,sa,56,56,7,1
sk_06,B86909,34,1,MASc KA 40 blocks,sa,56,56,7,1
sk_06,B95247,34,1,MASc KA 40 blocks,sa,56,56,7,1
fb_01,B78567,35,1,MASc KA 40 blocks,sa,56,56,7,1
fb_01,B82792,35,1,MASc KA 40 blocks,sa,56,56,7,1
fb_01,B96294,35,1,MASc KA 40 blocks,sa,56,56,7,1
fb_02,B86857,35,1,MASc KA 40 blocks,sa,56,56,7,1
fb_02,B96294,35,1,MASc KA 40 blocks,sa,56,56,7,1
fb_02,B96294,35,1,MASc KA 40 blocks,sa,56,56,7,1
fb_03,B86857,35,1,MASc KA 40 blocks,sa,56,56,7,1
fb_03,B86909,35,1,MASc KA 40 blocks,sa,56,56,7,1
fb_03,B86909,35,1,MASc KA 40 blocks,sa,56,56,7,1
fb_04,B86857,35,1,MASc KA 40 blocks,sa,56,56,7,1
fb_04,B86909,35,1,MASc KA 40 blocks,sa,56,56,7,1
fb_04,B86909,35,1,MASc KA 40 blocks,sa,56,56,7,1
fb_05,B95247,35,1,MASc KA 40 blocks,sa,56,56,7,1
fb_05,B96294,35,1,MASc KA 40 blocks,sa,56,56,7,1
fb_05,B98430,35,1,MASc KA 40 blocks,sa,56,56,7,1
fb_06,B86857,35,1,MASc KA 40 blocks,sa,56,56,7,1
fb_06,B86909,35,1,MASc KA 40 blocks,sa,56,56,7,1
fb_06,B95247,35,1,MASc KA 40 blocks,sa,56,56,7,1
ld_01,B77363,35,1,MASc KA 40 blocks,sa,56,56,7,1
ld_01,B86575,35,1,MASc KA 40 blocks,sa,56,56,7,1
ld_01,B86857,35,1,MASc KA 40 blocks,sa,56,56,7,1
ld_02,B78910,35,1,MASc KA 40 blocks,sa,56,56,7,1
ld_02,B86575,35,1,MASc KA 40 blocks,sa,56,56,7,1
ld_02,B86857,35,1,MASc KA 40 blocks,sa,56,56,7,1
ld_03,B78910,35,1,MASc KA 40 blocks,sa,56,56,7,1
ld_03,B86575,35,1,MASc KA 40 blocks,sa,56,56,7,1
ld_03,B86857,35,1,MASc KA 40 blocks,sa,56,56,7,1
ld_04,B77363,35,1,MASc KA 40 blocks,sa,56,56,7,1
ld_04,B86909,35,1,MASc KA 40 blocks,sa,56,56,7,1
ld_05,B77363,35,1,MASc KA 40 blocks,sa,56,56,7,1
ld_05,B78910,35,1,MASc KA 40 blocks,sa,56,56,7,1
ld_06,B77363,35,1,MASc KA 40 blocks,sa,56,56,7,1
ld_06,B86575,35,1,MASc KA 40 blocks,sa,56,56,7,1
pr_01,B84093,35,1,MASc KA 40 blocks,sa,56,56,7,1
pr_01,B86857,35,1,MASc KA 40 blocks,sa,56,56,7,1
pr_01,B86909,35,1,MASc KA 40 blocks,sa,56,56,7,1
pr_02,B84093,35,1,MASc KA 40 blocks,sa,56,56,7,1
pr_02,B86909,35,1,MASc KA 40 blocks,sa,56,56,7,1
pr_02,B91247,35,1,MASc KA 40 blocks,sa,56,56,7,1
pr_03,B78910,35,1,MASc KA 40 blocks,sa,56,56,7,1
pr_03,B86909,35,1,MASc KA 40 blocks,sa,56,56,7,1
pr_03,B86909,35,1,MASc KA 40 blocks,sa,56,56,7,1
pr_04,B86909,35,1,MASc KA 40 blocks,sa,56,56,7,1
pr_04,B86909,35,1,MASc KA 40 blocks,sa,56,56,7,1
pr_04,B95247,35,1,MASc KA 40 blocks,sa,56,56,7,1
pr_05,B78910,35,1,MASc KA 40 blocks,sa,56,56,7,1
pr_05,B86909,35,1,MASc KA 40 blocks,sa,56,56,7,1
pr_05,B86909,35,1,MASc KA 40 blocks,sa,56,56,7,1
pr_06,B86857,35,1,MASc KA 40 blocks,sa,56,56,7,1
pr_06,B86909,35,1,MASc KA 40 blocks,sa,56,56,7,1
pr_06,B86909,35,1,MASc KA 40 blocks,sa,56,56,7,1
sk_01,B78910,35,1,MASc KA 40 blocks,sa,56,56,7,1
sk_01,B78910,35,1,MASc KA 40 blocks,sa,56,56,7,1
sk_01,B86909,35,1,MASc KA 40 blocks,sa,56,56,7,1
sk_02,B77363,35,1,MASc KA 40 blocks,sa,56,56,7,1
sk_02,B78910,35,1,MASc KA 40 blocks,sa,56,56,7,1
sk_02,B78910,35,1,MASc KA 40 blocks,sa,56,56,7,1
sk_03,B86857,35,1,MASc KA 40 blocks,sa,56,56,7,1
sk_03,B91247,35,1,MASc KA 40 blocks,sa,56,56,7,1
sk_03,B98430,35,1,MASc KA 40 blocks,sa,56,56,7,1
sk_04,B77363,35,1,MASc KA 40 blocks,sa,56,56,7,1
sk_04,B78910,35,1,MASc KA 40 blocks,sa,56,56,7,1
sk_04,B78910,35,1,MASc KA 40 blocks,sa,56,56,7,1
sk_05,B77363,35,1,MASc KA 40 blocks,sa,56,56,7,1
sk_05,B78910,35,1,MASc KA 40 blocks,sa,56,56,7,1
sk_05,B78910,35,1,MASc KA 40 blocks,sa,56,56,7,1
sk_06,B77363,35,1,MASc KA 40 blocks,sa,56,56,7,1
sk_06,B78910,35,1,MASc KA 40 blocks,sa,56,56,7,1
sk_06,B86857,35,1,MASc KA 40 blocks,sa,56,56,7,1
fb_01,B77363,36,1,MASc KA 40 blocks,sa,56,56,7,1
fb_01,B78910,36,1,MASc KA 40 blocks,sa,56,56,7,1
fb_01,B82792,36,1,MASc KA 40 blocks,sa,56,56,7,1
fb_02,B78910,36,1,MASc KA 40 blocks,sa,56,56,7,1
fb_02,B92962,36,1,MASc KA 40 blocks,sa,56,56,7,1
fb_02,B95247,36,1,MASc KA 40 blocks,sa,56,56,7,1
fb_03,B86909,36,1,MASc KA 40 blocks,sa,56,56,7,1
fb_03,B86909,36,1,MASc KA 40 blocks,sa,56,56,7,1
fb_03,B95247,36,1,MASc KA 40 blocks,sa,56,56,7,1
fb_04,B86857,36,1,MASc KA 40 blocks,sa,56,56,7,1
fb_04,B86909,36,1,MASc KA 40 blocks,sa,56,56,7,1
fb_04,B86909,36,1,MASc KA 40 blocks,sa,56,56,7,1
fb_05,B86857,36,1,MASc KA 40 blocks,sa,56,56,7,1
fb_05,B86909,36,1,MASc KA 40 blocks,sa,56,56,7,1
fb_05,B86909,36,1,MASc KA 40 blocks,sa,56,56,7,1
fb_06,B86857,36,1,MASc KA 40 blocks,sa,56,56,7,1
fb_06,B91247,36,1,MASc KA 40 blocks,sa,56,56,7,1
fb_06,B95247,36,1,MASc KA 40 blocks,sa,56,56,7,1
fb_01,B84093,37,1,MASc KA 40 blocks,sa,56,56,7,1
fb_01,B86575,37,1,MASc KA 40 blocks,sa,56,56,7,1
fb_01,B88642,37,1,MASc KA 40 blocks,sa,56,56,7,1
fb_02,B77363,37,1,MASc KA 40 blocks,sa,56,56,7,1
fb_02,B86909,37,1,MASc KA 40 blocks,sa,56,56,7,1
fb_02,B96294,37,1,MASc KA 40 blocks,sa,56,56,7,1
fb_03,B91247,37,1,MASc KA 40 blocks,sa,56,56,7,1
fb_03,B91247,37,1,MASc KA 40 blocks,sa,56,56,7,1
fb_03,B95247,37,1,MASc KA 40 blocks,sa,56,56,7,1
fb_04,B86857,37,1,MASc KA 40 blocks,sa,56,56,7,1
fb_04,B86857,37,1,MASc KA 40 blocks,sa,56,56,7,1
fb_04,B86909,37,1,MASc KA 40 blocks,sa,56,56,7,1
fb_05,B86857,37,1,MASc KA 40 blocks,sa,56,56,7,1
fb_05,B86909,37,1,MASc KA 40 blocks,sa,56,56,7,1
fb_05,B86909,37,1,MASc KA 40 blocks,sa,56,56,7,1
fb_06,B86857,37,1,MASc KA 40 blocks,sa,56,56,7,1
fb_06,B86857,37,1,MASc KA 40 blocks,sa,56,56,7,1
fb_06,B98430,37,1,MASc KA 40 blocks,sa,56,56,7,1
sk_01,B77363,37,1,MASc KA 40 blocks,sa,56,56,7,1
sk_01,B86857,37,1,MASc KA 40 blocks,sa,56,56,7,1
sk_01,B86857,37,1,MASc KA 40 blocks,sa,56,56,7,1
sk_02,B78910,37,1,MASc KA 40 blocks,sa,56,56,7,1
sk_02,B86909,37,1,MASc KA 40 blocks,sa,56,56,7,1
sk_02,B91247,37,1,MASc KA 40 blocks,sa,56,56,7,1
sk_03,B95247,37,1,MASc KA 40 blocks,sa,56,56,7,1
sk_03,B95247,37,1,MASc KA 40 blocks,sa,56,56,7,1
sk_03,B95247,37,1,MASc KA 40 blocks,sa,56,56,7,1
sk_04,B82792,37,1,MASc KA 40 blocks,sa,56,56,7,1
sk_04,B86909,37,1,MASc KA 40 blocks,sa,56,56,7,1
sk_04,B86909,37,1,MASc KA 40 blocks,sa,56,56,7,1
sk_05,B78910,37,1,MASc KA 40 blocks,sa,56,56,7,1
sk_05,B86857,37,1,MASc KA 40 blocks,sa,56,56,7,1
sk_05,B86909,37,1,MASc KA 40 blocks,sa,56,56,7,1
sk_06,B78910,37,1,MASc KA 40 blocks,sa,56,56,7,1
sk_06,B86857,37,1,MASc KA 40 blocks,sa,56,56,7,1
sk_06,B95247,37,1,MASc KA 40 blocks,sa,56,56,7,1
fb_01,B88901,38,1,MASc KA 40 blocks,sa,56,56,7,1
fb_01,B91173,38,1,MASc KA 40 blocks,sa,56,56,7,1
fb_01,B91247,38,1,MASc KA 40 blocks,sa,56,56,7,1
fb_02,B78910,38,1,MASc KA 40 blocks,sa,56,56,7,1
fb_02,B82792,38,1,MASc KA 40 blocks,sa,56,56,7,1
fb_02,B88901,38,1,MASc KA 40 blocks,sa,56,56,7,1
fb_03,B91247,38,1,MASc KA 40 blocks,sa,56,56,7,1
fb_03,B95247,38,1,MASc KA 40 blocks,sa,56,56,7,1
fb_03,B95247,38,1,MASc KA 40 blocks,sa,56,56,7,1
fb_04,B86857,38,1,MASc KA 40 blocks,sa,56,56,7,1
fb_04,B86909,38,1,MASc KA 40 blocks,sa,56,56,7,1
fb_04,B86909,38,1,MASc KA 40 blocks,sa,56,56,7,1
fb_05,B86857,38,1,MASc KA 40 blocks,sa,56,56,7,1
fb_05,B86857,38,1,MASc KA 40 blocks,sa,56,56,7,1
fb_05,B86909,38,1,MASc KA 40 blocks,sa,56,56,7,1
fb_06,B86857,38,1,MASc KA 40 blocks,sa,56,56,7,1
fb_06,B86909,38,1,MASc KA 40 blocks,sa,56,56,7,1
fb_06,B86909,38,1,MASc KA 40 blocks,sa,56,56,7,1
pr_01,B78910,38,1,MASc KA 40 blocks,sa,56,56,7,1
pr_01,B86857,38,1,MASc KA 40 blocks,sa,56,56,7,1
pr_01,B86909,38,1,MASc KA 40 blocks,sa,56,56,7,1
pr_02,B78910,38,1,MASc KA 40 blocks,sa,56,56,7,1
pr_02,B86857,38,1,MASc KA 40 blocks,sa,56,56,7,1
pr_02,B86909,38,1,MASc KA 40 blocks,sa,56,56,7,1
pr_03,B86857,38,1,MASc KA 40 blocks,sa,56,56,7,1
pr_03,B91247,38,1,MASc KA 40 blocks,sa,56,56,7,1
pr_04,B82792,38,1,MASc KA 40 blocks,sa,56,56,7,1
pr_04,B95247,38,1,MASc KA 40 blocks,sa,56,56,7,1
pr_05,B86909,38,1,MASc KA 40 blocks,sa,56,56,7,1
pr_05,B95247,38,1,MASc KA 40 blocks,sa,56,56,7,1
pr_06,B86909,38,1,MASc KA 40 blocks,sa,56,56,7,1
pr_06,B95247,38,1,MASc KA 40 blocks,sa,56,56,7,1
sk_01,B77363,38,1,MASc KA 40 blocks,sa,56,56,7,1
sk_01,B84093,38,1,MASc KA 40 blocks,sa,56,56,7,1
sk_01,B88642,38,1,MASc KA 40 blocks,sa,56,56,7,1
sk_02,B77363,38,1,MASc KA 40 blocks,sa,56,56,7,1
sk_02,B86909,38,1,MASc KA 40 blocks,sa,56,56,7,1
sk_02,B91247,38,1,MASc KA 40 blocks,sa,56,56,7,1
sk_03,B95247,38,1,MASc KA 40 blocks,sa,56,56,7,1
sk_03,B95247,38,1,MASc KA 40 blocks,sa,56,56,7,1
sk_03,B95247,38,1,MASc KA 40 blocks,sa,56,56,7,1
sk_04,B86857,38,1,MASc KA 40 blocks,sa,56,56,7,1
sk_04,B88642,38,1,MASc KA 40 blocks,sa,56,56,7,1
sk_04,B91247,38,1,MASc KA 40 blocks,sa,56,56,7,1
sk_05,B86575,38,1,MASc KA 40 blocks,sa,56,56,7,1
sk_05,B88642,38,1,MASc KA 40 blocks,sa,56,56,7,1
sk_05,B91247,38,1,MASc KA 40 blocks,sa,56,56,7,1
sk_06,B84093,38,1,MASc KA 40 blocks,sa,56,56,7,1
sk_06,B86575,38,1,MASc KA 40 blocks,sa,56,56,7,1
sk_06,B86857,38,1,MASc KA 40 blocks,sa,56,56,7,1
fb_01,B92731,39,1,MASc KA 40 blocks,sa,56,56,7,1
fb_01,B92962,39,1,MASc KA 40 blocks,sa,56,56,7,1
fb_01,B95247,39,1,MASc KA 40 blocks,sa,56,56,7,1
fb_02,B91173,39,1,MASc KA 40 blocks,sa,56,56,7,1
fb_02,B91247,39,1,MASc KA 40 blocks,sa,56,56,7,1
fb_02,B92731,39,1,MASc KA 40 blocks,sa,56,56,7,1
fb_03,B91247,39,1,MASc KA 40 blocks,sa,56,56,7,1
fb_03,B91247,39,1,MASc KA 40 blocks,sa,56,56,7,1
fb_03,B95247,39,1,MASc KA 40 blocks,sa,56,56,7,1
fb_04,B86857,39,1,MASc KA 40 blocks,sa,56,56,7,1
fb_04,B86857,39,1,MASc KA 40 blocks,sa,56,56,7,1
fb_04,B86909,39,1,MASc KA 40 blocks,sa,56,56,7,1
fb_05,B86857,39,1,MASc KA 40 blocks,sa,56,56,7,1
fb_05,B86909,39,1,MASc KA 40 blocks,sa,56,56,7,1
fb_05,B92731,39,1,MASc KA 40 blocks,sa,56,56,7,1
fb_06,B86857,39,1,MASc KA 40 blocks,sa,56,56,7,1
fb_06,B86857,39,1,MASc KA 40 blocks,sa,56,56,7,1
fb_06,B95247,39,1,MASc KA 40 blocks,sa,56,56,7,1
ld_01,B78910,39,1,MASc KA 40 blocks,sa,56,56,7,1
ld_01,B86857,39,1,MASc KA 40 blocks,sa,56,56,7,1
ld_02,B86857,39,1,MASc KA 40 blocks,sa,56,56,7,1
ld_03,B86909,39,1,MASc KA 40 blocks,sa,56,56,7,1
ld_04,B86909,39,1,MASc KA 40 blocks,sa,56,56,7,1
ld_05,B95247,39,1,MASc KA 40 blocks,sa,56,56,7,1
ld_06,B95247,39,1,MASc KA 40 blocks,sa,56,56,7,1
pr_01,B77363,39,1,MASc KA 40 blocks,sa,56,56,7,1
pr_01,B86857,39,1,MASc KA 40 blocks,sa,56,56,7,1
pr_02,B77363,39,1,MASc KA 40 blocks,sa,56,56,7,1
pr_02,B86857,39,1,MASc KA 40 blocks,sa,56,56,7,1
pr_03,B84093,39,1,MASc KA 40 blocks,sa,56,56,7,1
pr_03,B91247,39,1,MASc KA 40 blocks,sa,56,56,7,1
pr_04,B86575,39,1,MASc KA 40 blocks,sa,56,56,7,1
pr_04,B91247,39,1,MASc KA 40 blocks,sa,56,56,7,1
pr_05,B91247,39,1,MASc KA 40 blocks,sa,56,56,7,1
pr_05,B95247,39,1,MASc KA 40 blocks,sa,56,56,7,1
pr_06,B86909,39,1,MASc KA 40 blocks,sa,56,56,7,1
pr_06,B95247,39,1,MASc KA 40 blocks,sa,56,56,7,1
sk_01,B86909,39,1,MASc KA 40 blocks,sa,56,56,7,1
sk_01,B88642,39,1,MASc KA 40 blocks,sa,56,56,7,1
sk_01,B91247,39,1,MASc KA 40 blocks,sa,56,56,7,1
sk_02,B86857,39,1,MASc KA 40 blocks,sa,56,56,7,1
sk_02,B91247,39,1,MASc KA 40 blocks,sa,56,56,7,1
sk_02,B91247,39,1,MASc KA 40 blocks,sa,56,56,7,1
sk_03,B95247,39,1,MASc KA 40 blocks,sa,56,56,7,1
sk_03,B95247,39,1,MASc KA 40 blocks,sa,56,56,7,1
sk_03,B95247,39,1,MASc KA 40 blocks,sa,56,56,7,1
sk_04,B86909,39,1,MASc KA 40 blocks,sa,56,56,7,1
sk_04,B86909,39,1,MASc KA 40 blocks,sa,56,56,7,1
sk_04,B88642,39,1,MASc KA 40 blocks,sa,56,56,7,1
sk_05,B78910,39,1,MASc KA 40 blocks,sa,56,56,7,1
sk_05,B88642,39,1,MASc KA 40 blocks,sa,56,56,7,1
sk_05,B88642,39,1,MASc KA 40 blocks,sa,56,56,7,1
sk_06,B78910,39,1,MASc KA 40 blocks,sa,56,56,7,1
sk_06,B82792,39,1,MASc KA 40 blocks,sa,56,56,7,1
sk_06,B86857,39,1,MASc KA 40 blocks,sa,56,56,7,1
fb_01,B95834,40,1,MASc KA 40 blocks,sa,56,56,7,1
fb_01,B96294,40,1,MASc KA 40 blocks,sa,56,56,7,1
fb_01,B98430,40,1,MASc KA 40 blocks,sa,56,56,7,1
fb_02,B86909,40,1,MASc KA 40 blocks,sa,56,56,7,1
fb_02,B88642,40,1,MASc KA 40 blocks,sa,56,56,7,1
fb_02,B95834,40,1,MASc KA 40 blocks,sa,56,56,7,1
fb_03,B91247,40,1,MASc KA 40 blocks,sa,56,56,7,1
fb_03,B95247,40,1,MASc KA 40 blocks,sa,56,56,7,1
fb_03,B95247,40,1,MASc KA 40 blocks,sa,56,56,7,1
fb_04,B86857,40,1,MASc KA 40 blocks,sa,56,56,7,1
fb_04,B86909,40,1,MASc KA 40 blocks,sa,56,56,7,1
fb_04,B86909,40,1,MASc KA 40 blocks,sa,56,56,7,1
fb_05,B86857,40,1,MASc KA 40 blocks,sa,56,56,7,1
fb_05,B86857,40,1,MASc KA 40 blocks,sa,56,56,7,1
fb_05,B86909,40,1,MASc KA 40 blocks,sa,56,56,7,1
fb_06,B86857,40,1,MASc KA 40 blocks,sa,56,56,7,1
fb_06,B86909,40,1,MASc KA 40 blocks,sa,56,56,7,1
fb_06,B86909,40,1,MASc KA 40 blocks,sa,56,56,7,1
ld_01,B84093,40,1,MASc KA 40 blocks,sa,56,56,7,1
ld_01,B86857,40,1,MASc KA 40 blocks,sa,56,56,7,1
ld_02,B91247,40,1,MASc KA 40 blocks,sa,56,56,7,1
ld_03,B91247,40,1,MASc KA 40 blocks,sa,56,56,7,1
ld_04,B95247,40,1,MASc KA 40 blocks,sa,56,56,7,1
ld_05,B77363,40,1,MASc KA 40 blocks,sa,56,56,7,1
ld_06,B77363,40,1,MASc KA 40 blocks,sa,56,56,7,1
pr_01,B82792,40,1,MASc KA 40 blocks,sa,56,56,7,1
pr_01,B88642,40,1,MASc KA 40 blocks,sa,56,56,7,1
pr_01,B95247,40,1,MASc KA 40 blocks,sa,56,56,7,1
pr_02,B86857,40,1,MASc KA 40 blocks,sa,56,56,7,1
pr_02,B86909,40,1,MASc KA 40 blocks,sa,56,56,7,1
pr_02,B88642,40,1,MASc KA 40 blocks,sa,56,56,7,1
pr_03,B78910,40,1,MASc KA 40 blocks,sa,56,56,7,1
pr_03,B86857,40,1,MASc KA 40 blocks,sa,56,56,7,1
pr_03,B86909,40,1,MASc KA 40 blocks,sa,56,56,7,1
pr_04,B78910,40,1,MASc KA 40 blocks,sa,56,56,7,1
pr_04,B86909,40,1,MASc KA 40 blocks,sa,56,56,7,1
pr_04,B91247,40,1,MASc KA 40 blocks,sa,56,56,7,1
pr_05,B91247,40,1,MASc KA 40 blocks,sa,56,56,7,1
pr_05,B95247,40,1,MASc KA 40 blocks,sa,56,56,7,1
pr_06,B91247,40,1,MASc KA 40 blocks,sa,56,56,7,1
pr_06,B95247,40,1,MASc KA 40 blocks,sa,56,56,7,1
sk_01,B86857,40,1,MASc KA 40 blocks,sa,56,56,7,1
sk_01,B91247,40,1,MASc KA 40 blocks,sa,56,56,7,1
sk_01,B91247,40,1,MASc KA 40 blocks,sa,56,56,7,1
sk_02,B91247,40,1,MASc KA 40 blocks,sa,56,56,7,1
sk_02,B91247,40,1,MASc KA 40 blocks,sa,56,56,7,1
sk_02,B91247,40,1,MASc KA 40 blocks,sa,56,56,7,1
sk_03,B95247,40,1,MASc KA 40 blocks,sa,56,56,7,1
sk_03,B95247,40,1,MASc KA 40 blocks,sa,56,56,7,1
sk_03,B95247,40,1,MASc KA 40 blocks,sa,56,56,7,1
sk_04,B86857,40,1,MASc KA 40 blocks,sa,56,56,7,1
sk_04,B86857,40,1,MASc KA 40 blocks,sa,56,56,7,1
sk_04,B86857,40,1,MASc KA 40 blocks,sa,56,56,7,1
sk_05,B86857,40,1,MASc KA 40 blocks,sa,56,56,7,1
sk_05,B86857,40,1,MASc KA 40 blocks,sa,56,56,7,1
sk_05,B86857,40,1,MASc KA 40 blocks,sa,56,56,7,1
sk_06,B86857,40,1,MASc KA 40 blocks,sa,56,56,7,1
sk_06,B86857,40,1,MASc KA 40 blocks,sa,56,56,7,1
sk_06,B86857,40,1,MASc KA 40 blocks,sa,56,56,7,1
fb_01,B77363,41,1,MASc KA 40 blocks,sa,56,56,7,1
fb_01,B78910,41,1,MASc KA 40 blocks,sa,56,56,7,1
fb_01,B98643,41,1,MASc KA 40 blocks,sa,56,56,7,1
fb_02,B77363,41,1,MASc KA 40 blocks,sa,56,56,7,1
fb_02,B96294,41,1,MASc KA 40 blocks,sa,56,56,7,1
fb_02,B98430,41,1,MASc KA 40 blocks,sa,56,56,7,1
fb_03,B91247,41,1,MASc KA 40 blocks,sa,56,56,7,1
fb_03,B91247,41,1,MASc KA 40 blocks,sa,56,56,7,1
fb_03,B95247,41,1,MASc KA 40 blocks,sa,56,56,7,1
fb_04,B86857,41,1,MASc KA 40 blocks,sa,56,56,7,1
fb_04,B86857,41,1,MASc KA 40 blocks,sa,56,56,7,1
fb_04,B86909,41,1,MASc KA 40 blocks,sa,56,56,7,1
fb_05,B86857,41,1,MASc KA 40 blocks,sa,56,56,7,1
fb_05,B86909,41,1,MASc KA 40 blocks,sa,56,56,7,1
fb_05,B86909,41,1,MASc KA 40 blocks,sa,56,56,7,1
fb_06,B86857,41,1,MASc KA 40 blocks,sa,56,56,7,1
fb_06,B86857,41,1,MASc KA 40 blocks,sa,56,56,7,1
fb_06,B86909,41,1,MASc KA 40 blocks,sa,56,56,7,1
ld_01,B86857,41,1,MASc KA 40 blocks,sa,56,56,7,1
ld_01,B88642,41,1,MASc KA 40 blocks,sa,56,56,7,1
ld_01,B95247,41,1,MASc KA 40 blocks,sa,56,56,7,1
ld_02,B78910,41,1,MASc KA 40 blocks,sa,56,56,7,1
ld_02,B86909,41,1,MASc KA 40 blocks,sa,56,56,7,1
ld_02,B88642,41,1,MASc KA 40 blocks,sa,56,56,7,1
ld_03,B78910,41,1,MASc KA 40 blocks,sa,56,56,7,1
ld_03,B86909,41,1,MASc KA 40 blocks,sa,56,56,7,1
ld_04,B88642,41,1,MASc KA 40 blocks,sa,56,56,7,1
ld_04,B91247,41,1,MASc KA 40 blocks,sa,56,56,7,1
ld_05,B82792,41,1,MASc KA 40 blocks,sa,56,56,7,1
ld_05,B91247,41,1,MASc KA 40 blocks,sa,56,56,7,1
ld_06,B88642,41,1,MASc KA 40 blocks,sa,56,56,7,1
ld_06,B95247,41,1,MASc KA 40 blocks,sa,56,56,7,1
pr_01,B86857,41,1,MASc KA 40 blocks,sa,56,56,7,1
pr_01,B86857,41,1,MASc KA 40 blocks,sa,56,56,7,1
pr_01,B95247,41,1,MASc KA 40 blocks,sa,56,56,7,1
pr_02,B91247,41,1,MASc KA 40 blocks,sa,56,56,7,1
pr_02,B91247,41,1,MASc KA 40 blocks,sa,56,56,7,1
pr_02,B95247,41,1,MASc KA 40 blocks,sa,56,56,7,1
pr_03,B86857,41,1,MASc KA 40 blocks,sa,56,56,7,1
pr_03,B86857,41,1,MASc KA 40 blocks,sa,56,56,7,1
pr_03,B91247,41,1,MASc KA 40 blocks,sa,56,56,7,1
pr_04,B86857,41,1,MASc KA 40 blocks,sa,56,56,7,1
pr_04,B91247,41,1,MASc KA 40 blocks,sa,56,56,7,1
pr_04,B95247,41,1,MASc KA 40 blocks,sa,56,56,7,1
pr_05,B86857,41,1,MASc KA 40 blocks,sa,56,56,7,1
pr_05,B86857,41,1,MASc KA 40 blocks,sa,56,56,7,1
pr_05,B91247,41,1,MASc KA 40 blocks,sa,56,56,7,1
pr_06,B86857,41,1,MASc KA 40 blocks,sa,56,56,7,1
pr_06,B86857,41,1,MASc KA 40 blocks,sa,56,56,7,1
sk_01,B86909,41,1,MASc KA 40 blocks,sa,56,56,7,1
sk_01,B88642,41,1,MASc KA 40 blocks,sa,56,56,7,1
sk_01,B91247,41,1,MASc KA 40 blocks,sa,56,56,7,1
sk_02,B86857,41,1,MASc KA 40 blocks,sa,56,56,7,1
sk_02,B86857,41,1,MASc KA 40 blocks,sa,56,56,7,1
sk_02,B95247,41,1,MASc KA 40 blocks,sa,56,56,7,1
sk_03,B92962,41,1,MASc KA 40 blocks,sa,56,56,7,1
sk_03,B95247,41,1,MASc KA 40 blocks,sa,56,56,7,1
sk_03,B95247,41,1,MASc KA 40 blocks,sa,56,56,7,1
sk_04,B86857,41,1,MASc KA 40 blocks,sa,56,56,7,1
sk_04,B86857,41,1,MASc KA 40 blocks,sa,56,56,7,1
sk_04,B86857,41,1,MASc KA 40 blocks,sa,56,56,7,1
sk_05,B86857,41,1,MASc KA 40 blocks,sa,56,56,7,1
sk_05,B86857,41,1,MASc KA 40 blocks,sa,56,56,7,1
sk_05,B86857,41,1,MASc KA 40 blocks,sa,56,56,7,1
sk_06,B86857,41,1,MASc KA 40 blocks,sa,56,56,7,1
sk_06,B86857,41,1,MASc KA 40 blocks,sa,56,56,7,1
sk_06,B86909,41,1,MASc KA 40 blocks,sa,56,56,7,1
fb_01,B82792,42,1,MASc KA 40 blocks,sa,56,56,7,1
fb_01,B84093,42,1,MASc KA 40 blocks,sa,56,56,7,1
fb_01,B95247,42,1,MASc KA 40 blocks,sa,56,56,7,1
fb_02,B78910,42,1,MASc KA 40 blocks,sa,56,56,7,1
fb_02,B92731,42,1,MASc KA 40 blocks,sa,56,56,7,1
fb_02,B92731,42,1,MASc KA 40 blocks,sa,56,56,7,1
fb_03,B91247,42,1,MASc KA 40 blocks,sa,56,56,7,1
fb_03,B91247,42,1,MASc KA 40 blocks,sa,56,56,7,1
fb_03,B91247,42,1,MASc KA 40 blocks,sa,56,56,7,1
fb_04,B86857,42,1,MASc KA 40 blocks,sa,56,56,7,1
fb_04,B86909,42,1,MASc KA 40 blocks,sa,56,56,7,1
fb_04,B86909,42,1,MASc KA 40 blocks,sa,56,56,7,1
fb_05,B86857,42,1,MASc KA 40 blocks,sa,56,56,7,1
fb_05,B86857,42,1,MASc KA 40 blocks,sa,56,56,7,1
fb_05,B86909,42,1,MASc KA 40 blocks,sa,56,56,7,1
fb_06,B86857,42,1,MASc KA 40 blocks,sa,56,56,7,1
fb_06,B86909,42,1,MASc KA 40 blocks,sa,56,56,7,1
fb_06,B86909,42,1,MASc KA 40 blocks,sa,56,56,7,1
ld_01,B86857,42,1,MASc KA 40 blocks,sa,56,56,7,1
ld_01,B91247,42,1,MASc KA 40 blocks,sa,56,56,7,1
ld_02,B86857,42,1,MASc KA 40 blocks,sa,56,56,7,1
ld_02,B91247,42,1,MASc KA 40 blocks,sa,56,56,7,1
ld_03,B86857,42,1,MASc KA 40 blocks,sa,56,56,7,1
ld_03,B91247,42,1,MASc KA 40 blocks,sa,56,56,7,1
ld_04,B86857,42,1,MASc KA 40 blocks,sa,56,56,7,1
ld_04,B95247,42,1,MASc KA 40 blocks,sa,56,56,7,1
ld_05,B86857,42,1,MASc KA 40 blocks,sa,56,56,7,1
ld_05,B95247,42,1,MASc KA 40 blocks,sa,56,56,7,1
ld_06,B86857,42,1,MASc KA 40 blocks,sa,56,56,7,1
pr_01,B86857,42,1,MASc KA 40 blocks,sa,56,56,7,1
pr_01,B86857,42,1,MASc KA 40 blocks,sa,56,56,7,1
pr_01,B95247,42,1,MASc KA 40 blocks,sa,56,56,7,1
pr_02,B86857,42,1,MASc KA 40 blocks,sa,56,56,7,1
pr_02,B86909,42,1,MASc KA 40 blocks,sa,56,56,7,1
pr_02,B88642,42,1,MASc KA 40 blocks,sa,56,56,7,1
pr_03,B86857,42,1,MASc KA 40 blocks,sa,56,56,7,1
pr_03,B86909,42,1,MASc KA 40 blocks,sa,56,56,7,1
pr_03,B95247,42,1,MASc KA 40 blocks,sa,56,56,7,1
pr_04,B86857,42,1,MASc KA 40 blocks,sa,56,56,7,1
pr_04,B86857,42,1,MASc KA 40 blocks,sa,56,56,7,1
pr_05,B86857,42,1,MASc KA 40 blocks,sa,56,56,7,1
pr_05,B86857,42,1,MASc KA 40 blocks,sa,56,56,7,1
pr_06,B86857,42,1,MASc KA 40 blocks,sa,56,56,7,1
pr_06,B91247,42,1,MASc KA 40 blocks,sa,56,56,7,1
sk_01,B77363,42,1,MASc KA 40 blocks,sa,56,56,7,1
sk_01,B91247,42,1,MASc KA 40 blocks,sa,56,56,7,1
sk_01,B91247,42,1,MASc KA 40 blocks,sa,56,56,7,1
sk_02,B77363,42,1,MASc KA 40 blocks,sa,56,56,7,1
sk_02,B86857,42,1,MASc KA 40 blocks,sa,56,56,7,1
sk_02,B86909,42,1,MASc KA 40 blocks,sa,56,56,7,1
sk_03,B95247,42,1,MASc KA 40 blocks,sa,56,56,7,1
sk_03,B95247,42,1,MASc KA 40 blocks,sa,56,56,7,1
sk_03,B95247,42,1,MASc KA 40 blocks,sa,56,56,7,1
sk_04,B77363,42,1,MASc KA 40 blocks,sa,56,56,7,1
sk_04,B86857,42,1,MASc KA 40 blocks,sa,56,56,7,1
sk_04,B95247,42,1,MASc KA 40 blocks,sa,56,56,7,1
sk_05,B77363,42,1,MASc KA 40 blocks,sa,56,56,7,1
sk_05,B78910,42,1,MASc KA 40 blocks,sa,56,56,7,1
sk_05,B86857,42,1,MASc KA 40 blocks,sa,56,56,7,1
sk_06,B78910,42,1,MASc KA 40 blocks,sa,56,56,7,1
sk_06,B86857,42,1,MASc KA 40 blocks,sa,56,56,7,1
sk_06,B86857,42,1,MASc KA 40 blocks,sa,56,56,7,1
fb_01,B77363,43,1,MASc KA 40 blocks,sa,56,56,7,1
fb_01,B78910,43,1,MASc KA 40 blocks,sa,56,56,7,1
fb_01,B86857,43,1,MASc KA 40 blocks,sa,56,56,7,1
fb_02,B77363,43,1,MASc KA 40 blocks,sa,56,56,7,1
fb_02,B86857,43,1,MASc KA 40 blocks,sa,56,56,7,1
fb_02,B95247,43,1,MASc KA 40 blocks,sa,56,56,7,1
fb_03,B82792,43,1,MASc KA 40 blocks,sa,56,56,7,1
fb_03,B86857,43,1,MASc KA 40 blocks,sa,56,56,7,1
fb_03,B92962,43,1,MASc KA 40 blocks,sa,56,56,7,1
fb_04,B86909,43,1,MASc KA 40 blocks,sa,56,56,7,1
fb_04,B91247,43,1,MASc KA 40 blocks,sa,56,56,7,1
fb_04,B95247,43,1,MASc KA 40 blocks,sa,56,56,7,1
fb_05,B86857,43,1,MASc KA 40 blocks,sa,56,56,7,1
fb_05,B86909,43,1,MASc KA 40 blocks,sa,56,56,7,1
fb_05,B91247,43,1,MASc KA 40 blocks,sa,56,56,7,1
fb_06,B86909,43,1,MASc KA 40 blocks,sa,56,56,7,1
fb_06,B86909,43,1,MASc KA 40 blocks,sa,56,56,7,1
fb_06,B86909,43,1,MASc KA 40 blocks,sa,56,56,7,1
fb_01,B84093,44,1,MASc KA 40 blocks,sa,56,56,7,1
fb_01,B84093,44,1,MASc KA 40 blocks,sa,56,56,7,1
fb_01,B86575,44,1,MASc KA 40 blocks,sa,56,56,7,1
fb_02,B77363,44,1,MASc KA 40 blocks,sa,56,56,7,1
fb_02,B82792,44,1,MASc KA 40 blocks,sa,56,56,7,1
fb_02,B91247,44,1,MASc KA 40 blocks,sa,56,56,7,1
fb_03,B78910,44,1,MASc KA 40 blocks,sa,56,56,7,1
fb_03,B78910,44,1,MASc KA 40 blocks,sa,56,56,7,1
fb_03,B88901,44,1,MASc KA 40 blocks,sa,56,56,7,1
fb_04,B91247,44,1,MASc KA 40 blocks,sa,56,56,7,1
fb_04,B91247,44,1,MASc KA 40 blocks,sa,56,56,7,1
fb_04,B95247,44,1,MASc KA 40 blocks,sa,56,56,7,1
fb_05,B86857,44,1,MASc KA 40 blocks,sa,56,56,7,1
fb_05,B86909,44,1,MASc KA 40 blocks,sa,56,56,7,1
fb_05,B88642,44,1,MASc KA 40 blocks,sa,56,56,7,1
fb_06,B86857,44,1,MASc KA 40 blocks,sa,56,56,7,1
fb_06,B86909,44,1,MASc KA 40 blocks,sa,56,56,7,1
fb_06,B86909,44,1,MASc KA 40 blocks,sa,56,56,7,1
sk_01,B77363,44,1,MASc KA 40 blocks,sa,56,56,7,1
sk_01,B77363,44,1,MASc KA 40 blocks,sa,56,56,7,1
sk_01,B86857,44,1,MASc KA 40 blocks,sa,56,56,7,1
sk_02,B82792,44,1,MASc KA 40 blocks,sa,56,56,7,1
sk_02,B86857,44,1,MASc KA 40 blocks,sa,56,56,7,1
sk_02,B92962,44,1,MASc KA 40 blocks,sa,56,56,7,1
sk_03,B86857,44,1,MASc KA 40 blocks,sa,56,56,7,1
sk_03,B91247,44,1,MASc KA 40 blocks,sa,56,56,7,1
sk_03,B92962,44,1,MASc KA 40 blocks,sa,56,56,7,1
sk_04,B78910,44,1,MASc KA 40 blocks,sa,56,56,7,1
sk_04,B86909,44,1,MASc KA 40 blocks,sa,56,56,7,1
sk_04,B91247,44,1,MASc KA 40 blocks,sa,56,56,7,1
sk_05,B86909,44,1,MASc KA 40 blocks,sa,56,56,7,1
sk_05,B91247,44,1,MASc KA 40 blocks,sa,56,56,7,1
sk_05,B95247,44,1,MASc KA 40 blocks,sa,56,56,7,1
sk_06,B77363,44,1,MASc KA 40 blocks,sa,56,56,7,1
sk_06,B86857,44,1,MASc KA 40 blocks,sa,56,56,7,1
sk_06,B95247,44,1,MASc KA 40 blocks,sa,56,56,7,1
fb_01,B78910,45,1,MASc KA 40 blocks,sa,56,56,7,1
fb_01,B91173,45,1,MASc KA 40 blocks,sa,56,56,7,1
fb_01,B91247,45,1,MASc KA 40 blocks,sa,56,56,7,1
fb_02,B91173,45,1,MASc KA 40 blocks,sa,56,56,7,1
fb_02,B91247,45,1,MASc KA 40 blocks,sa,56,56,7,1
fb_02,B92731,45,1,MASc KA 40 blocks,sa,56,56,7,1
fb_03,B92962,45,1,MASc KA 40 blocks,sa,56,56,7,1
fb_03,B95247,45,1,MASc KA 40 blocks,sa,56,56,7,1
fb_03,B98430,45,1,MASc KA 40 blocks,sa,56,56,7,1
fb_04,B86857,45,1,MASc KA 40 blocks,sa,56,56,7,1
fb_04,B86909,45,1,MASc KA 40 blocks,sa,56,56,7,1
fb_04,B95247,45,1,MASc KA 40 blocks,sa,56,56,7,1
fb_05,B86857,45,1,MASc KA 40 blocks,sa,56,56,7,1
fb_05,B86909,45,1,MASc KA 40 blocks,sa,56,56,7,1
fb_05,B91247,45,1,MASc KA 40 blocks,sa,56,56,7,1
fb_06,B86857,45,1,MASc KA 40 blocks,sa,56,56,7,1
fb_06,B86857,45,1,MASc KA 40 blocks,sa,56,56,7,1
fb_06,B86909,45,1,MASc KA 40 blocks,sa,56,56,7,1
pr_01,B86857,45,1,MASc KA 40 blocks,sa,56,56,7,1
pr_01,B86909,45,1,MASc KA 40 blocks,sa,56,56,7,1
pr_01,B92962,45,1,MASc KA 40 blocks,sa,56,56,7,1
pr_02,B77363,45,1,MASc KA 40 blocks,sa,56,56,7,1
pr_02,B91247,45,1,MASc KA 40 blocks,sa,56,56,7,1
pr_03,B77363,45,1,MASc KA 40 blocks,sa,56,56,7,1
pr_03,B91247,45,1,MASc KA 40 blocks,sa,56,56,7,1
pr_04,B91247,45,1,MASc KA 40 blocks,sa,56,56,7,1
pr_04,B95247,45,1,MASc KA 40 blocks,sa,56,56,7,1
pr_05,B82792,45,1,MASc KA 40 blocks,sa,56,56,7,1
pr_05,B86857,45,1,MASc KA 40 blocks,sa,56,56,7,1
pr_06,B86857,45,1,MASc KA 40 blocks,sa,56,56,7,1
pr_06,B86909,45,1,MASc KA 40 blocks,sa,56,56,7,1
sk_01,B78910,45,1,MASc KA 40 blocks,sa,56,56,7,1
sk_01,B86857,45,1,MASc KA 40 blocks,sa,56,56,7,1
sk_01,B95247,45,1,MASc KA 40 blocks,sa,56,56,7,1
sk_02,B77363,45,1,MASc KA 40 blocks,sa,56,56,7,1
sk_02,B78910,45,1,MASc KA 40 blocks,sa,56,56,7,1
sk_02,B84093,45,1,MASc KA 40 blocks,sa,56,56,7,1
sk_03,B78910,45,1,MASc KA 40 blocks,sa,56,56,7,1
sk_03,B84093,45,1,MASc KA 40 blocks,sa,56,56,7,1
sk_03,B91247,45,1,MASc KA 40 blocks,sa,56,56,7,1
sk_04,B77363,45,1,MASc KA 40 blocks,sa,56,56,7,1
sk_04,B86575,45,1,MASc KA 40 blocks,sa,56,56,7,1
sk_04,B91247,45,1,MASc KA 40 blocks,sa,56,56,7,1
sk_05,B82792,45,1,MASc KA 40 blocks,sa,56,56,7,1
sk_05,B86909,45,1,MASc KA 40 blocks,sa,56,56,7,1
sk_05,B86909,45,1,MASc KA 40 blocks,sa,56,56,7,1
sk_06,B86909,45,1,MASc KA 40 blocks,sa,56,56,7,1
sk_06,B95247,45,1,MASc KA 40 blocks,sa,56,56,7,1
sk_06,B95247,45,1,MASc KA 40 blocks,sa,56,56,7,1
fb_01,B92731,46,1,MASc KA 40 blocks,sa,56,56,7,1
fb_01,B92962,46,1,MASc KA 40 blocks,sa,56,56,7,1
fb_01,B95247,46,1,MASc KA 40 blocks,sa,56,56,7,1
fb_02,B92962,46,1,MASc KA 40 blocks,sa,56,56,7,1
fb_02,B95247,46,1,MASc KA 40 blocks,sa,56,56,7,1
fb_02,B95834,46,1,MASc KA 40 blocks,sa,56,56,7,1
fb_03,B77363,46,1,MASc KA 40 blocks,sa,56,56,7,1
fb_03,B78910,46,1,MASc KA 40 blocks,sa,56,56,7,1
fb_03,B91247,46,1,MASc KA 40 blocks,sa,56,56,7,1
fb_04,B86857,46,1,MASc KA 40 blocks,sa,56,56,7,1
fb_04,B91247,46,1,MASc KA 40 blocks,sa,56,56,7,1
fb_04,B95247,46,1,MASc KA 40 blocks,sa,56,56,7,1
fb_05,B86857,46,1,MASc KA 40 blocks,sa,56,56,7,1
fb_05,B86909,46,1,MASc KA 40 blocks,sa,56,56,7,1
fb_05,B91247,46,1,MASc KA 40 blocks,sa,56,56,7,1
fb_06,B86857,46,1,MASc KA 40 blocks,sa,56,56,7,1
fb_06,B86909,46,1,MASc KA 40 blocks,sa,56,56,7,1
fb_06,B86909,46,1,MASc KA 40 blocks,sa,56,56,7,1
ld_01,B86857,46,1,MASc KA 40 blocks,sa,56,56,7,1
ld_01,B92962,46,1,MASc KA 40 blocks,sa,56,56,7,1
ld_02,B86857,46,1,MASc KA 40 blocks,sa,56,56,7,1
ld_03,B86909,46,1,MASc KA 40 blocks,sa,56,56,7,1
ld_04,B91247,46,1,MASc KA 40 blocks,sa,56,56,7,1
ld_05,B77363,46,1,MASc KA 40 blocks,sa,56,56,7,1
ld_06,B77363,46,1,MASc KA 40 blocks,sa,56,56,7,1
pr_01,B77363,46,1,MASc KA 40 blocks,sa,56,56,7,1
pr_01,B78910,46,1,MASc KA 40 blocks,sa,56,56,7,1
pr_01,B82792,46,1,MASc KA 40 blocks,sa,56,56,7,1
pr_02,B86909,46,1,MASc KA 40 blocks,sa,56,56,7,1
pr_02,B95247,46,1,MASc KA 40 blocks,sa,56,56,7,1
pr_02,B95247,46,1,MASc KA 40 blocks,sa,56,56,7,1
pr_03,B77363,46,1,MASc KA 40 blocks,sa,56,56,7,1
pr_03,B86909,46,1,MASc KA 40 blocks,sa,56,56,7,1
pr_03,B95247,46,1,MASc KA 40 blocks,sa,56,56,7,1
pr_04,B78910,46,1,MASc KA 40 blocks,sa,56,56,7,1
pr_04,B86857,46,1,MASc KA 40 blocks,sa,56,56,7,1
pr_04,B86909,46,1,MASc KA 40 blocks,sa,56,56,7,1
pr_05,B84093,46,1,MASc KA 40 blocks,sa,56,56,7,1
pr_05,B91247,46,1,MASc KA 40 blocks,sa,56,56,7,1
pr_06,B78910,46,1,MASc KA 40 blocks,sa,56,56,7,1
pr_06,B91247,46,1,MASc KA 40 blocks,sa,56,56,7,1
sk_01,B88642,46,1,MASc KA 40 blocks,sa,56,56,7,1
sk_01,B91247,46,1,MASc KA 40 blocks,sa,56,56,7,1
sk_01,B92731,46,1,MASc KA 40 blocks,sa,56,56,7,1
sk_02,B86857,46,1,MASc KA 40 blocks,sa,56,56,7,1
sk_02,B92731,46,1,MASc KA 40 blocks,sa,56,56,7,1
sk_02,B92962,46,1,MASc KA 40 blocks,sa,56,56,7,1
sk_03,B88642,46,1,MASc KA 40 blocks,sa,56,56,7,1
sk_03,B88642,46,1,MASc KA 40 blocks,sa,56,56,7,1
sk_03,B88642,46,1,MASc KA 40 blocks,sa,56,56,7,1
sk_04,B86857,46,1,MASc KA 40 blocks,sa,56,56,7,1
sk_04,B88642,46,1,MASc KA 40 blocks,sa,56,56,7,1
sk_04,B91247,46,1,MASc KA 40 blocks,sa,56,56,7,1
sk_05,B84093,46,1,MASc KA 40 blocks,sa,56,56,7,1
sk_05,B86909,46,1,MASc KA 40 blocks,sa,56,56,7,1
sk_05,B95247,46,1,MASc KA 40 blocks,sa,56,56,7,1
sk_06,B86575,46,1,MASc KA 40 blocks,sa,56,56,7,1
sk_06,B86909,46,1,MASc KA 40 blocks,sa,56,56,7,1
sk_06,B95247,46,1,MASc KA 40 blocks,sa,56,56,7,1
fb_01,B86909,47,1,MASc KA 40 blocks,sa,56,56,7,1
fb_01,B86909,47,1,MASc KA 40 blocks,sa,56,56,7,1
fb_01,B95834,47,1,MASc KA 40 blocks,sa,56,56,7,1
fb_02,B77363,47,1,MASc KA 40 blocks,sa,56,56,7,1
fb_02,B96294,47,1,MASc KA 40 blocks,sa,56,56,7,1
fb_02,B98430,47,1,MASc KA 40 blocks,sa,56,56,7,1
fb_03,B77363,47,1,MASc KA 40 blocks,sa,56,56,7,1
fb_03,B92962,47,1,MASc KA 40 blocks,sa,56,56,7,1
fb_03,B96294,47,1,MASc KA 40 blocks,sa,56,56,7,1
fb_04,B86909,47,1,MASc KA 40 blocks,sa,56,56,7,1
fb_04,B91247,47,1,MASc KA 40 blocks,sa,56,56,7,1
fb_04,B95247,47,1,MASc KA 40 blocks,sa,56,56,7,1
fb_05,B86857,47,1,MASc KA 40 blocks,sa,56,56,7,1
fb_05,B86857,47,1,MASc KA 40 blocks,sa,56,56,7,1
fb_05,B95247,47,1,MASc KA 40 blocks,sa,56,56,7,1
fb_06,B86857,47,1,MASc KA 40 blocks,sa,56,56,7,1
fb_06,B86857,47,1,MASc KA 40 blocks,sa,56,56,7,1
fb_06,B86909,47,1,MASc KA 40 blocks,sa,56,56,7,1
ld_01,B78910,47,1,MASc KA 40 blocks,sa,56,56,7,1
ld_01,B86909,47,1,MASc KA 40 blocks,sa,56,56,7,1
ld_02,B77363,47,1,MASc KA 40 blocks,sa,56,56,7,1
ld_02,B91247,47,1,MASc KA 40 blocks,sa,56,56,7,1
ld_03,B82792,47,1,MASc KA 40 blocks,sa,56,56,7,1
ld_03,B95247,47,1,MASc KA 40 blocks,sa,56,56,7,1
ld_04,B84093,47,1,MASc KA 40 blocks,sa,56,56,7,1
ld_04,B95247,47,1,MASc KA 40 blocks,sa,56,56,7,1
ld_05,B78910,47,1,MASc KA 40 blocks,sa,56,56,7,1
ld_06,B77363,47,1,MASc KA 40 blocks,sa,56,56,7,1
pr_01,B86857,47,1,MASc KA 40 blocks,sa,56,56,7,1
pr_01,B88642,47,1,MASc KA 40 blocks,sa,56,56,7,1
pr_02,B91247,47,1,MASc KA 40 blocks,sa,56,56,7,1
pr_02,B92731,47,1,MASc KA 40 blocks,sa,56,56,7,1
pr_03,B84093,47,1,MASc KA 40 blocks,sa,56,56,7,1
pr_03,B91247,47,1,MASc KA 40 blocks,sa,56,56,7,1
pr_04,B86575,47,1,MASc KA 40 blocks,sa,56,56,7,1
pr_04,B86909,47,1,MASc KA 40 blocks,sa,56,56,7,1
pr_05,B86909,47,1,MASc KA 40 blocks,sa,56,56,7,1
pr_05,B95247,47,1,MASc KA 40 blocks,sa,56,56,7,1
pr_06,B86857,47,1,MASc KA 40 blocks,sa,56,56,7,1
sk_01,B92731,47,1,MASc KA 40 blocks,sa,56,56,7,1
sk_01,B92962,47,1,MASc KA 40 blocks,sa,56,56,7,1
sk_01,B92962,47,1,MASc KA 40 blocks,sa,56,56,7,1
sk_02,B77363,47,1,MASc KA 40 blocks,sa,56,56,7,1
sk_02,B91247,47,1,MASc KA 40 blocks,sa,56,56,7,1
sk_02,B92731,47,1,MASc KA 40 blocks,sa,56,56,7,1
sk_03,B77363,47,1,MASc KA 40 blocks,sa,56,56,7,1
sk_03,B78910,47,1,MASc KA 40 blocks,sa,56,56,7,1
sk_03,B88642,47,1,MASc KA 40 blocks,sa,56,56,7,1
sk_04,B84093,47,1,MASc KA 40 blocks,sa,56,56,7,1
sk_04,B86909,47,1,MASc KA 40 blocks,sa,56,56,7,1
sk_04,B91247,47,1,MASc KA 40 blocks,sa,56,56,7,1
sk_05,B86857,47,1,MASc KA 40 blocks,sa,56,56,7,1
sk_05,B86909,47,1,MASc KA 40 blocks,sa,56,56,7,1
sk_05,B95247,47,1,MASc KA 40 blocks,sa,56,56,7,1
sk_06,B78910,47,1,MASc KA 40 blocks,sa,56,56,7,1
sk_06,B92962,47,1,MASc KA 40 blocks,sa,56,56,7,1
sk_06,B95247,47,1,MASc KA 40 blocks,sa,56,56,7,1
fb_01,B77363,48,1,MASc KA 40 blocks,sa,56,56,7,1
fb_01,B78910,48,1,MASc KA 40 blocks,sa,56,56,7,1
fb_01,B98643,48,1,MASc KA 40 blocks,sa,56,56,7,1
fb_02,B78910,48,1,MASc KA 40 blocks,sa,56,56,7,1
fb_02,B82792,48,1,MASc KA 40 blocks,sa,56,56,7,1
fb_02,B86909,48,1,MASc KA 40 blocks,sa,56,56,7,1
fb_03,B78910,48,1,MASc KA 40 blocks,sa,56,56,7,1
fb_03,B91247,48,1,MASc KA 40 blocks,sa,56,56,7,1
fb_03,B92962,48,1,MASc KA 40 blocks,sa,56,56,7,1
fb_04,B86857,48,1,MASc KA 40 blocks,sa,56,56,7,1
fb_04,B91247,48,1,MASc KA 40 blocks,sa,56,56,7,1
fb_04,B92731,48,1,MASc KA 40 blocks,sa,56,56,7,1
fb_05,B86857,48,1,MASc KA 40 blocks,sa,56,56,7,1
fb_05,B86909,48,1,MASc KA 40 blocks,sa,56,56,7,1
fb_05,B88642,48,1,MASc KA 40 blocks,sa,56,56,7,1
fb_06,B86857,48,1,MASc KA 40 blocks,sa,56,56,7,1
fb_06,B86909,48,1,MASc KA 40 blocks,sa,56,56,7,1
fb_06,B86909,48,1,MASc KA 40 blocks,sa,56,56,7,1
ld_01,B86857,48,1,MASc KA 40 blocks,sa,56,56,7,1
ld_01,B88642,48,1,MASc KA 40 blocks,sa,56,56,7,1
ld_02,B86857,48,1,MASc KA 40 blocks,sa,56,56,7,1
ld_02,B92731,48,1,MASc KA 40 blocks,sa,56,56,7,1
ld_03,B86909,48,1,MASc KA 40 blocks,sa,56,56,7,1
ld_03,B95247,48,1,MASc KA 40 blocks,sa,56,56,7,1
ld_04,B86909,48,1,MASc KA 40 blocks,sa,56,56,7,1
ld_04,B88642,48,1,MASc KA 40 blocks,sa,56,56,7,1
ld_05,B84093,48,1,MASc KA 40 blocks,sa,56,56,7,1
ld_05,B91247,48,1,MASc KA 40 blocks,sa,56,56,7,1
ld_06,B91247,48,1,MASc KA 40 blocks,sa,56,56,7,1
pr_01,B78910,48,1,MASc KA 40 blocks,sa,56,56,7,1
pr_01,B91247,48,1,MASc KA 40 blocks,sa,56,56,7,1
pr_01,B92962,48,1,MASc KA 40 blocks,sa,56,56,7,1
pr_02,B84093,48,1,MASc KA 40 blocks,sa,56,56,7,1
pr_02,B91247,48,1,MASc KA 40 blocks,sa,56,56,7,1
pr_02,B92962,48,1,MASc KA 40 blocks,sa,56,56,7,1
pr_03,B78910,48,1,MASc KA 40 blocks,sa,56,56,7,1
pr_03,B86909,48,1,MASc KA 40 blocks,sa,56,56,7,1
pr_03,B95247,48,1,MASc KA 40 blocks,sa,56,56,7,1
pr_04,B92731,48,1,MASc KA 40 blocks,sa,56,56,7,1
pr_04,B95247,48,1,MASc KA 40 blocks,sa,56,56,7,1
pr_05,B77363,48,1,MASc KA 40 blocks,sa,56,56,7,1
pr_05,B86857,48,1,MASc KA 40 blocks,sa,56,56,7,1
pr_06,B77363,48,1,MASc KA 40 blocks,sa,56,56,7,1
pr_06,B86909,48,1,MASc KA 40 blocks,sa,56,56,7,1
sk_01,B77363,48,1,MASc KA 40 blocks,sa,56,56,7,1
sk_01,B86857,48,1,MASc KA 40 blocks,sa,56,56,7,1
sk_01,B92962,48,1,MASc KA 40 blocks,sa,56,56,7,1
sk_02,B77363,48,1,MASc KA 40 blocks,sa,56,56,7,1
sk_02,B86857,48,1,MASc KA 40 blocks,sa,56,56,7,1
sk_02,B92962,48,1,MASc KA 40 blocks,sa,56,56,7,1
sk_03,B78910,48,1,MASc KA 40 blocks,sa,56,56,7,1
sk_03,B86909,48,1,MASc KA 40 blocks,sa,56,56,7,1
sk_03,B91247,48,1,MASc KA 40 blocks,sa,56,56,7,1
sk_04,B88642,48,1,MASc KA 40 blocks,sa,56,56,7,1
sk_04,B91247,48,1,MASc KA 40 blocks,sa,56,56,7,1
sk_04,B92962,48,1,MASc KA 40 blocks,sa,56,56,7,1
sk_05,B91247,48,1,MASc KA 40 blocks,sa,56,56,7,1
sk_05,B92731,48,1,MASc KA 40 blocks,sa,56,56,7,1
sk_05,B95247,48,1,MASc KA 40 blocks,sa,56,56,7,1
sk_06,B77363,48,1,MASc KA 40 blocks,sa,56,56,7,1
sk_06,B77363,48,1,MASc KA 40 blocks,sa,56,56,7,1
sk_06,B95247,48,1,MASc KA 40 blocks,sa,56,56,7,1
fb_01,B82792,49,1,MASc KA 40 blocks,sa,56,56,7,1
fb_01,B91247,49,1,MASc KA 40 blocks,sa,56,56,7,1
fb_01,B92731,49,1,MASc KA 40 blocks,sa,56,56,7,1
fb_02,B86857,49,1,MASc KA 40 blocks,sa,56,56,7,1
fb_02,B91173,49,1,MASc KA 40 blocks,sa,56,56,7,1
fb_02,B91247,49,1,MASc KA 40 blocks,sa,56,56,7,1
fb_03,B77363,49,1,MASc KA 40 blocks,sa,56,56,7,1
fb_03,B78910,49,1,MASc KA 40 blocks,sa,56,56,7,1
fb_03,B95247,49,1,MASc KA 40 blocks,sa,56,56,7,1
fb_04,B86909,49,1,MASc KA 40 blocks,sa,56,56,7,1
fb_04,B95247,49,1,MASc KA 40 blocks,sa,56,56,7,1
fb_04,B95247,49,1,MASc KA 40 blocks,sa,56,56,7,1
fb_05,B86857,49,1,MASc KA 40 blocks,sa,56,56,7,1
fb_05,B86857,49,1,MASc KA 40 blocks,sa,56,56,7,1
fb_05,B86909,49,1,MASc KA 40 blocks,sa,56,56,7,1
fb_06,B86857,49,1,MASc KA 40 blocks,sa,56,56,7,1
fb_06,B86909,49,1,MASc KA 40 blocks,sa,56,56,7,1
fb_06,B92731,49,1,MASc KA 40 blocks,sa,56,56,7,1
ld_01,B77363,49,1,MASc KA 40 blocks,sa,56,56,7,1
ld_01,B86909,49,1,MASc KA 40 blocks,sa,56,56,7,1
ld_02,B91247,49,1,MASc KA 40 blocks,sa,56,56,7,1
ld_02,B92962,49,1,MASc KA 40 blocks,sa,56,56,7,1
ld_03,B78910,49,1,MASc KA 40 blocks,sa,56,56,7,1
ld_03,B95247,49,1,MASc KA 40 blocks,sa,56,56,7,1
ld_04,B77363,49,1,MASc KA 40 blocks,sa,56,56,7,1
ld_04,B92962,49,1,MASc KA 40 blocks,sa,56,56,7,1
ld_05,B92731,49,1,MASc KA 40 blocks,sa,56,56,7,1
ld_05,B95247,49,1,MASc KA 40 blocks,sa,56,56,7,1
ld_06,B78910,49,1,MASc KA 40 blocks,sa,56,56,7,1
ld_06,B84093,49,1,MASc KA 40 blocks,sa,56,56,7,1
pr_01,B86857,49,1,MASc KA 40 blocks,sa,56,56,7,1
pr_01,B88642,49,1,MASc KA 40 blocks,sa,56,56,7,1
pr_01,B91247,49,1,MASc KA 40 blocks,sa,56,56,7,1
pr_02,B86909,49,1,MASc KA 40 blocks,sa,56,56,7,1
pr_02,B92962,49,1,MASc KA 40 blocks,sa,56,56,7,1
pr_02,B95247,49,1,MASc KA 40 blocks,sa,56,56,7,1
pr_03,B77363,49,1,MASc KA 40 blocks,sa,56,56,7,1
pr_03,B95247,49,1,MASc KA 40 blocks,sa,56,56,7,1
pr_04,B77363,49,1,MASc KA 40 blocks,sa,56,56,7,1
pr_04,B86857,49,1,MASc KA 40 blocks,sa,56,56,7,1
pr_05,B77363,49,1,MASc KA 40 blocks,sa,56,56,7,1
pr_05,B91247,49,1,MASc KA 40 blocks,sa,56,56,7,1
pr_06,B78910,49,1,MASc KA 40 blocks,sa,56,56,7,1
pr_06,B91247,49,1,MASc KA 40 blocks,sa,56,56,7,1
sk_01,B78910,49,1,MASc KA 40 blocks,sa,56,56,7,1
sk_01,B86909,49,1,MASc KA 40 blocks,sa,56,56,7,1
sk_01,B92962,49,1,MASc KA 40 blocks,sa,56,56,7,1
sk_02,B77363,49,1,MASc KA 40 blocks,sa,56,56,7,1
sk_02,B78910,49,1,MASc KA 40 blocks,sa,56,56,7,1
sk_02,B95247,49,1,MASc KA 40 blocks,sa,56,56,7,1
sk_03,B78910,49,1,MASc KA 40 blocks,sa,56,56,7,1
sk_03,B91247,49,1,MASc KA 40 blocks,sa,56,56,7,1
sk_03,B92962,49,1,MASc KA 40 blocks,sa,56,56,7,1
sk_04,B86857,49,1,MASc KA 40 blocks,sa,56,56,7,1
sk_04,B86909,49,1,MASc KA 40 blocks,sa,56,56,7,1
sk_04,B95247,49,1,MASc KA 40 blocks,sa,56,56,7,1
sk_05,B77363,49,1,MASc KA 40 blocks,sa,56,56,7,1
sk_05,B78910,49,1,MASc KA 40 blocks,sa,56,56,7,1
sk_05,B95247,49,1,MASc KA 40 blocks,sa,56,56,7,1
sk_06,B78910,49,1,MASc KA 40 blocks,sa,56,56,7,1
sk_06,B86909,49,1,MASc KA 40 blocks,sa,56,56,7,1
sk_06,B92962,49,1,MASc KA 40 blocks,sa,56,56,7,1
fb_01,B77363,50,1,MASc KA 40 blocks,sa,56,56,7,1
fb_01,B78910,50,1,MASc KA 40 blocks,sa,56,56,7,1
fb_01,B82792,50,1,MASc KA 40 blocks,sa,56,56,7,1
fb_02,B77363,50,1,MASc KA 40 blocks,sa,56,56,7,1
fb_02,B88642,50,1,MASc KA 40 blocks,sa,56,56,7,1
fb_02,B88901,50,1,MASc KA 40 blocks,sa,56,56,7,1
fb_03,B91173,50,1,MASc KA 40 blocks,sa,56,56,7,1
fb_03,B96294,50,1,MASc KA 40 blocks,sa,56,56,7,1
fb_03,B98430,50,1,MASc KA 40 blocks,sa,56,56,7,1
fb_04,B78910,50,1,MASc KA 40 blocks,sa,56,56,7,1
fb_04,B95247,50,1,MASc KA 40 blocks,sa,56,56,7,1
fb_04,B95834,50,1,MASc KA 40 blocks,sa,56,56,7,1
fb_05,B77363,50,1,MASc KA 40 blocks,sa,56,56,7,1
fb_05,B78910,50,1,MASc KA 40 blocks,sa,56,56,7,1
fb_05,B95247,50,1,MASc KA 40 blocks,sa,56,56,7,1
fb_06,B78910,50,1,MASc KA 40 blocks,sa,56,56,7,1
fb_06,B86909,50,1,MASc KA 40 blocks,sa,56,56,7,1
fb_06,B86909,50,1,MASc KA 40 blocks,sa,56,56,7,1
fb_01,B84093,51,1,MASc KA 40 blocks,sa,56,56,7,1
fb_01,B86575,51,1,MASc KA 40 blocks,sa,56,56,7,1
fb_01,B92731,51,1,MASc KA 40 blocks,sa,56,56,7,1
fb_02,B78910,51,1,MASc KA 40 blocks,sa,56,56,7,1
fb_02,B78910,51,1,MASc KA 40 blocks,sa,56,56,7,1
fb_02,B91247,51,1,MASc KA 40 blocks,sa,56,56,7,1
fb_03,B77363,51,1,MASc KA 40 blocks,sa,56,56,7,1
fb_03,B88901,51,1,MASc KA 40 blocks,sa,56,56,7,1
fb_03,B91247,51,1,MASc KA 40 blocks,sa,56,56,7,1
fb_04,B82792,51,1,MASc KA 40 blocks,sa,56,56,7,1
fb_04,B95247,51,1,MASc KA 40 blocks,sa,56,56,7,1
fb_04,B96294,51,1,MASc KA 40 blocks,sa,56,56,7,1
fb_05,B77363,51,1,MASc KA 40 blocks,sa,56,56,7,1
fb_05,B77363,51,1,MASc KA 40 blocks,sa,56,56,7,1
fb_05,B91247,51,1,MASc KA 40 blocks,sa,56,56,7,1
fb_06,B78910,51,1,MASc KA 40 blocks,sa,56,56,7,1
fb_06,B91247,51,1,MASc KA 40 blocks,sa,56,56,7,1
fb_06,B94657,51,1,MASc KA 40 blocks,sa,56,56,7,1
sk_01,B78910,51,1,MASc KA 40 blocks,sa,56,56,7,1
sk_01,B82792,51,1,MASc KA 40 blocks,sa,56,56,7,1
sk_01,B88642,51,1,MASc KA 40 blocks,sa,56,56,7,1
sk_02,B88642,51,1,MASc KA 40 blocks,sa,56,56,7,1
sk_02,B88642,51,1,MASc KA 40 blocks,sa,56,56,7,1
sk_02,B95247,51,1,MASc KA 40 blocks,sa,56,56,7,1
sk_03,B77363,51,1,MASc KA 40 blocks,sa,56,56,7,1
sk_03,B78910,51,1,MASc KA 40 blocks,sa,56,56,7,1
sk_03,B88642,51,1,MASc KA 40 blocks,sa,56,56,7,1
sk_04,B77363,51,1,MASc KA 40 blocks,sa,56,56,7,1
sk_04,B88901,51,1,MASc KA 40 blocks,sa,56,56,7,1
sk_04,B91173,51,1,MASc KA 40 blocks,sa,56,56,7,1
sk_05,B77363,51,1,MASc KA 40 blocks,sa,56,56,7,1
sk_05,B86909,51,1,MASc KA 40 blocks,sa,56,56,7,1
sk_05,B95247,51,1,MASc KA 40 blocks,sa,56,56,7,1
sk_06,B78910,51,1,MASc KA 40 blocks,sa,56,56,7,1
sk_06,B95834,51,1,MASc KA 40 blocks,sa,56,56,7,1
sk_06,B96294,51,1,MASc KA 40 blocks,sa,56,56,7,1
fb_01,B91247,52,1,MASc KA 40 blocks,sa,56,56,7,1
fb_01,B95247,52,1,MASc KA 40 blocks,sa,56,56,7,1
fb_01,B98643,52,1,MASc KA 40 blocks,sa,56,56,7,1
fb_02,B82792,52,1,MASc KA 40 blocks,sa,56,56,7,1
fb_02,B95247,52,1,MASc KA 40 blocks,sa,56,56,7,1
fb_02,B96294,52,1,MASc KA 40 blocks,sa,56,56,7,1
fb_03,B91247,52,1,MASc KA 40 blocks,sa,56,56,7,1
fb_03,B91247,52,1,MASc KA 40 blocks,sa,56,56,7,1
fb_03,B98430,52,1,MASc KA 40 blocks,sa,56,56,7,1
fb_04,B88642,52,1,MASc KA 40 blocks,sa,56,56,7,1
fb_04,B88901,52,1,MASc KA 40 blocks,sa,56,56,7,1
fb_04,B95834,52,1,MASc KA 40 blocks,sa,56,56,7,1
fb_05,B77363,52,1,MASc KA 40 blocks,sa,56,56,7,1
fb_05,B92731,52,1,MASc KA 40 blocks,sa,56,56,7,1
fb_05,B95247,52,1,MASc KA 40 blocks,sa,56,56,7,1
fb_06,B78910,52,1,MASc KA 40 blocks,sa,56,56,7,1
fb_06,B92731,52,1,MASc KA 40 blocks,sa,56,56,7,1
fb_06,B94657,52,1,MASc KA 40 blocks,sa,56,56,7,1
pr_01,B82792,52,1,MASc KA 40 blocks,sa,56,56,7,1
pr_01,B88642,52,1,MASc KA 40 blocks,sa,56,56,7,1
pr_02,B77363,52,1,MASc KA 40 blocks,sa,56,56,7,1
pr_02,B86909,52,1,MASc KA 40 blocks,sa,56,56,7,1
pr_03,B77363,52,1,MASc KA 40 blocks,sa,56,56,7,1
pr_04,B78910,52,1,MASc KA 40 blocks,sa,56,56,7,1
pr_05,B78910,52,1,MASc KA 40 blocks,sa,56,56,7,1
pr_06,B95247,52,1,MASc KA 40 blocks,sa,56,56,7,1
sk_01,B77363,52,1,MASc KA 40 blocks,sa,56,56,7,1
sk_01,B77363,52,1,MASc KA 40 blocks,sa,56,56,7,1
sk_01,B91247,52,1,MASc KA 40 blocks,sa,56,56,7,1
sk_02,B77363,52,1,MASc KA 40 blocks,sa,56,56,7,1
sk_02,B82792,52,1,MASc KA 40 blocks,sa,56,56,7,1
sk_02,B88642,52,1,MASc KA 40 blocks,sa,56,56,7,1
sk_03,B77363,52,1,MASc KA 40 blocks,sa,56,56,7,1
sk_03,B88901,52,1,MASc KA 40 blocks,sa,56,56,7,1
sk_03,B95247,52,1,MASc KA 40 blocks,sa,56,56,7,1
sk_04,B78910,52,1,MASc KA 40 blocks,sa,56,56,7,1
sk_04,B91247,52,1,MASc KA 40 blocks,sa,56,56,7,1
sk_04,B96294,52,1,MASc KA 40 blocks,sa,56,56,7,1
sk_05,B84093,52,1,MASc KA 40 blocks,sa,56,56,7,1
sk_05,B96294,52,1,MASc KA 40 blocks,sa,56,56,7,1
sk_05,B98430,52,1,MASc KA 40 blocks,sa,56,56,7,1
sk_06,B78910,52,1,MASc KA 40 blocks,sa,56,56,7,1
sk_06,B78910,52,1,MASc KA 40 blocks,sa,56,56,7,1
sk_06,B91173,52,1,MASc KA 40 blocks,sa,56,56,7,1
fb_01,B84093,53,1,MASc KA 40 blocks,sa,56,56,7,1
fb_01,B91247,53,1,MASc KA 40 blocks,sa,56,56,7,1
fb_01,B94657,53,1,MASc KA 40 blocks,sa,56,56,7,1
fb_02,B77363,53,1,MASc KA 40 blocks,sa,56,56,7,1
fb_02,B86575,53,1,MASc KA 40 blocks,sa,56,56,7,1
fb_02,B92962,53,1,MASc KA 40 blocks,sa,56,56,7,1
fb_03,B95247,53,1,MASc KA 40 blocks,sa,56,56,7,1
fb_03,B95834,53,1,MASc KA 40 blocks,sa,56,56,7,1
fb_03,B98430,53,1,MASc KA 40 blocks,sa,56,56,7,1
fb_04,B77363,53,1,MASc KA 40 blocks,sa,56,56,7,1
fb_04,B78910,53,1,MASc KA 40 blocks,sa,56,56,7,1
fb_04,B91173,53,1,MASc KA 40 blocks,sa,56,56,7,1
fb_05,B77363,53,1,MASc KA 40 blocks,sa,56,56,7,1
fb_05,B78910,53,1,MASc KA 40 blocks,sa,56,56,7,1
fb_05,B98430,53,1,MASc KA 40 blocks,sa,56,56,7,1
fb_06,B86553,53,1,MASc KA 40 blocks,sa,56,56,7,1
fb_06,B86857,53,1,MASc KA 40 blocks,sa,56,56,7,1
fb_06,B86909,53,1,MASc KA 40 blocks,sa,56,56,7,1
ld_01,B77363,53,1,MASc KA 40 blocks,sa,56,56,7,1
ld_02,B77363,53,1,MASc KA 40 blocks,sa,56,56,7,1
ld_03,B78910,53,1,MASc KA 40 blocks,sa,56,56,7,1
ld_04,B88642,53,1,MASc KA 40 blocks,sa,56,56,7,1
ld_05,B88642,53,1,MASc KA 40 blocks,sa,56,56,7,1
pr_01,B77363,53,1,MASc KA 40 blocks,sa,56,56,7,1
pr_01,B82792,53,1,MASc KA 40 blocks,sa,56,56,7,1
pr_01,B88901,53,1,MASc KA 40 blocks,sa,56,56,7,1
pr_02,B77363,53,1,MASc KA 40 blocks,sa,56,56,7,1
pr_02,B78910,53,1,MASc KA 40 blocks,sa,56,56,7,1
pr_02,B91247,53,1,MASc KA 40 blocks,sa,56,56,7,1
pr_03,B77363,53,1,MASc KA 40 blocks,sa,56,56,7,1
pr_03,B78910,53,1,MASc KA 40 blocks,sa,56,56,7,1
pr_04,B77363,53,1,MASc KA 40 blocks,sa,56,56,7,1
pr_04,B78910,53,1,MASc KA 40 blocks,sa,56,56,7,1
pr_05,B91247,53,1,MASc KA 40 blocks,sa,56,56,7,1
pr_05,B96294,53,1,MASc KA 40 blocks,sa,56,56,7,1
pr_06,B91173,53,1,MASc KA 40 blocks,sa,56,56,7,1
pr_06,B95247,53,1,MASc KA 40 blocks,sa,56,56,7,1
sk_01,B77363,53,1,MASc KA 40 blocks,sa,56,56,7,1
sk_01,B82792,53,1,MASc KA 40 blocks,sa,56,56,7,1
sk_01,B86575,53,1,MASc KA 40 blocks,sa,56,56,7,1
sk_02,B77363,53,1,MASc KA 40 blocks,sa,56,56,7,1
sk_02,B82792,53,1,MASc KA 40 blocks,sa,56,56,7,1
sk_02,B88901,53,1,MASc KA 40 blocks,sa,56,56,7,1
sk_03,B78910,53,1,MASc KA 40 blocks,sa,56,56,7,1
sk_03,B91247,53,1,MASc KA 40 blocks,sa,56,56,7,1
sk_03,B96294,53,1,MASc KA 40 blocks,sa,56,56,7,1
sk_04,B78910,53,1,MASc KA 40 blocks,sa,56,56,7,1
sk_04,B78910,53,1,MASc KA 40 blocks,sa,56,56,7,1
sk_04,B91247,53,1,MASc KA 40 blocks,sa,56,56,7,1
sk_05,B77363,53,1,MASc KA 40 blocks,sa,56,56,7,1
sk_05,B88642,53,1,MASc KA 40 blocks,sa,56,56,7,1
sk_05,B92731,53,1,MASc KA 40 blocks,sa,56,56,7,1
sk_06,B77363,53,1,MASc KA 40 blocks,sa,56,56,7,1
sk_06,B88642,53,1,MASc KA 40 blocks,sa,56,56,7,1
sk_06,B98430,53,1,MASc KA 40 blocks,sa,56,56,7,1
fb_01,B92731,54,1,MASc KA 40 blocks,sa,56,56,7,1
fb_01,B95834,54,1,MASc KA 40 blocks,sa,56,56,7,1
fb_01,B98430,54,1,MASc KA 40 blocks,sa,56,56,7,1
fb_02,B86553,54,1,MASc KA 40 blocks,sa,56,56,7,1
fb_02,B88901,54,1,MASc KA 40 blocks,sa,56,56,7,1
fb_02,B92962,54,1,MASc KA 40 blocks,sa,56,56,7,1
fb_03,B77363,54,1,MASc KA 40 blocks,sa,56,56,7,1
fb_03,B86857,54,1,MASc KA 40 blocks,sa,56,56,7,1
fb_03,B96294,54,1,MASc KA 40 blocks,sa,56,56,7,1
fb_04,B78910,54,1,MASc KA 40 blocks,sa,56,56,7,1
fb_04,B95247,54,1,MASc KA 40 blocks,sa,56,56,7,1
fb_04,B95834,54,1,MASc KA 40 blocks,sa,56,56,7,1
fb_05,B82792,54,1,MASc KA 40 blocks,sa,56,56,7,1
fb_05,B86857,54,1,MASc KA 40 blocks,sa,56,56,7,1
fb_05,B86909,54,1,MASc KA 40 blocks,sa,56,56,7,1
fb_06,B91173,54,1,MASc KA 40 blocks,sa,56,56,7,1
fb_06,B91247,54,1,MASc KA 40 blocks,sa,56,56,7,1
fb_06,B92962,54,1,MASc KA 40 blocks,sa,56,56,7,1
ld_01,B77363,54,1,MASc KA 40 blocks,sa,56,56,7,1
ld_01,B91247,54,1,MASc KA 40 blocks,sa,56,56,7,1
ld_02,B78910,54,1,MASc KA 40 blocks,sa,56,56,7,1
ld_02,B95247,54,1,MASc KA 40 blocks,sa,56,56,7,1
ld_03,B77363,54,1,MASc KA 40 blocks,sa,56,56,7,1
ld_03,B77363,54,1,MASc KA 40 blocks,sa,56,56,7,1
ld_04,B78910,54,1,MASc KA 40 blocks,sa,56,56,7,1
ld_04,B96294,54,1,MASc KA 40 blocks,sa,56,56,7,1
ld_05,B77363,54,1,MASc KA 40 blocks,sa,56,56,7,1
ld_05,B82792,54,1,MASc KA 40 blocks,sa,56,56,7,1
ld_06,B78910,54,1,MASc KA 40 blocks,sa,56,56,7,1
pr_01,B88642,54,1,MASc KA 40 blocks,sa,56,56,7,1
pr_01,B88901,54,1,MASc KA 40 blocks,sa,56,56,7,1
pr_01,B91247,54,1,MASc KA 40 blocks,sa,56,56,7,1
pr_02,B77363,54,1,MASc KA 40 blocks,sa,56,56,7,1
pr_02,B82792,54,1,MASc KA 40 blocks,sa,56,56,7,1
pr_02,B98430,54,1,MASc KA 40 blocks,sa,56,56,7,1
pr_03,B77363,54,1,MASc KA 40 blocks,sa,56,56,7,1
pr_03,B82792,54,1,MASc KA 40 blocks,sa,56,56,7,1
pr_03,B91247,54,1,MASc KA 40 blocks,sa,56,56,7,1
pr_04,B78910,54,1,MASc KA 40 blocks,sa,56,56,7,1
pr_04,B96294,54,1,MASc KA 40 blocks,sa,56,56,7,1
pr_05,B78910,54,1,MASc KA 40 blocks,sa,56,56,7,1
pr_05,B78910,54,1,MASc KA 40 blocks,sa,56,56,7,1
pr_06,B77363,54,1,MASc KA 40 blocks,sa,56,56,7,1
pr_06,B82792,54,1,MASc KA 40 blocks,sa,56,56,7,1
sk_01,B86909,54,1,MASc KA 40 blocks,sa,56,56,7,1
sk_01,B88642,54,1,MASc KA 40 blocks,sa,56,56,7,1
sk_01,B91247,54,1,MASc KA 40 blocks,sa,56,56,7,1
sk_02,B77363,54,1,MASc KA 40 blocks,sa,56,56,7,1
sk_02,B77363,54,1,MASc KA 40 blocks,sa,56,56,7,1
sk_02,B84093,54,1,MASc KA 40 blocks,sa,56,56,7,1
sk_03,B77363,54,1,MASc KA 40 blocks,sa,56,56,7,1
sk_03,B78910,54,1,MASc KA 40 blocks,sa,56,56,7,1
sk_03,B84093,54,1,MASc KA 40 blocks,sa,56,56,7,1
sk_04,B77363,54,1,MASc KA 40 blocks,sa,56,56,7,1
sk_04,B86909,54,1,MASc KA 40 blocks,sa,56,56,7,1
sk_04,B95247,54,1,MASc KA 40 blocks,sa,56,56,7,1
sk_05,B77363,54,1,MASc KA 40 blocks,sa,56,56,7,1
sk_05,B78910,54,1,MASc KA 40 blocks,sa,56,56,7,1
sk_05,B78910,54,1,MASc KA 40 blocks,sa,56,56,7,1
sk_06,B77363,54,1,MASc KA 40 blocks,sa,56,56,7,1
sk_06,B92731,54,1,MASc KA 40 blocks,sa,56,56,7,1
sk_06,B96294,54,1,MASc KA 40 blocks,sa,56,56,7,1
fb_01,B78910,55,1,MASc KA 40 blocks,sa,56,56,7,1
fb_01,B91173,55,1,MASc KA 40 blocks,sa,56,56,7,1
fb_01,B92731,55,1,MASc KA 40 blocks,sa,56,56,7,1
fb_02,B91247,55,1,MASc KA 40 blocks,sa,56,56,7,1
fb_02,B92731,55,1,MASc KA 40 blocks,sa,56,56,7,1
fb_02,B92962,55,1,MASc KA 40 blocks,sa,56,56,7,1
fb_03,B82792,55,1,MASc KA 40 blocks,sa,56,56,7,1
fb_03,B88901,55,1,MASc KA 40 blocks,sa,56,56,7,1
fb_03,B92731,55,1,MASc KA 40 blocks,sa,56,56,7,1
fb_04,B92962,55,1,MASc KA 40 blocks,sa,56,56,7,1
fb_04,B92962,55,1,MASc KA 40 blocks,sa,56,56,7,1
fb_04,B98430,55,1,MASc KA 40 blocks,sa,56,56,7,1
fb_05,B91247,55,1,MASc KA 40 blocks,sa,56,56,7,1
fb_05,B91247,55,1,MASc KA 40 blocks,sa,56,56,7,1
fb_05,B94657,55,1,MASc KA 40 blocks,sa,56,56,7,1
fb_06,B78910,55,1,MASc KA 40 blocks,sa,56,56,7,1
fb_06,B86553,55,1,MASc KA 40 blocks,sa,56,56,7,1
fb_06,B92962,55,1,MASc KA 40 blocks,sa,56,56,7,1
ld_01,B91247,55,1,MASc KA 40 blocks,sa,56,56,7,1
ld_01,B96294,55,1,MASc KA 40 blocks,sa,56,56,7,1
ld_02,B78910,55,1,MASc KA 40 blocks,sa,56,56,7,1
ld_02,B88901,55,1,MASc KA 40 blocks,sa,56,56,7,1
ld_03,B77363,55,1,MASc KA 40 blocks,sa,56,56,7,1
ld_03,B82792,55,1,MASc KA 40 blocks,sa,56,56,7,1
ld_04,B78910,55,1,MASc KA 40 blocks,sa,56,56,7,1
ld_04,B88642,55,1,MASc KA 40 blocks,sa,56,56,7,1
ld_05,B77363,55,1,MASc KA 40 blocks,sa,56,56,7,1
ld_05,B88642,55,1,MASc KA 40 blocks,sa,56,56,7,1
ld_06,B77363,55,1,MASc KA 40 blocks,sa,56,56,7,1
pr_01,B77363,55,1,MASc KA 40 blocks,sa,56,56,7,1
pr_01,B88642,55,1,MASc KA 40 blocks,sa,56,56,7,1
pr_01,B91247,55,1,MASc KA 40 blocks,sa,56,56,7,1
pr_02,B77363,55,1,MASc KA 40 blocks,sa,56,56,7,1
pr_02,B77363,55,1,MASc KA 40 blocks,sa,56,56,7,1
pr_02,B77363,55,1,MASc KA 40 blocks,sa,56,56,7,1
pr_03,B92731,55,1,MASc KA 40 blocks,sa,56,56,7,1
pr_03,B95247,55,1,MASc KA 40 blocks,sa,56,56,7,1
pr_03,B96294,55,1,MASc KA 40 blocks,sa,56,56,7,1
pr_04,B77363,55,1,MASc KA 40 blocks,sa,56,56,7,1
pr_04,B84093,55,1,MASc KA 40 blocks,sa,56,56,7,1
pr_04,B86909,55,1,MASc KA 40 blocks,sa,56,56,7,1
pr_05,B77363,55,1,MASc KA 40 blocks,sa,56,56,7,1
pr_05,B84093,55,1,MASc KA 40 blocks,sa,56,56,7,1
pr_05,B86909,55,1,MASc KA 40 blocks,sa,56,56,7,1
pr_06,B78910,55,1,MASc KA 40 blocks,sa,56,56,7,1
pr_06,B78910,55,1,MASc KA 40 blocks,sa,56,56,7,1
pr_06,B78910,55,1,MASc KA 40 blocks,sa,56,56,7,1
sk_01,B77363,55,1,MASc KA 40 blocks,sa,56,56,7,1
sk_01,B86575,55,1,MASc KA 40 blocks,sa,56,56,7,1
sk_01,B96294,55,1,MASc KA 40 blocks,sa,56,56,7,1
sk_02,B77363,55,1,MASc KA 40 blocks,sa,56,56,7,1
sk_02,B86575,55,1,MASc KA 40 blocks,sa,56,56,7,1
sk_02,B95247,55,1,MASc KA 40 blocks,sa,56,56,7,1
sk_03,B82792,55,1,MASc KA 40 blocks,sa,56,56,7,1
sk_03,B86575,55,1,MASc KA 40 blocks,sa,56,56,7,1
sk_03,B88901,55,1,MASc KA 40 blocks,sa,56,56,7,1
sk_04,B86575,55,1,MASc KA 40 blocks,sa,56,56,7,1
sk_04,B86857,55,1,MASc KA 40 blocks,sa,56,56,7,1
sk_04,B86857,55,1,MASc KA 40 blocks,sa,56,56,7,1
sk_05,B86909,55,1,MASc KA 40 blocks,sa,56,56,7,1
sk_05,B91247,55,1,MASc KA 40 blocks,sa,56,56,7,1
sk_05,B92962,55,1,MASc KA 40 blocks,sa,56,56,7,1
sk_06,B84093,55,1,MASc KA 40 blocks,sa,56,56,7,1
sk_06,B88901,55,1,MASc KA 40 blocks,sa,56,56,7,1
sk_06,B91173,55,1,MASc KA 40 blocks,sa,56,56,7,1
fb_01,B82792,56,1,MASc KA 40 blocks,sa,56,56,7,1
fb_01,B88901,56,1,MASc KA 40 blocks,sa,56,56,7,1
fb_01,B91173,56,1,MASc KA 40 blocks,sa,56,56,7,1
fb_02,B86575,56,1,MASc KA 40 blocks,sa,56,56,7,1
fb_02,B95247,56,1,MASc KA 40 blocks,sa,56,56,7,1
fb_02,B95834,56,1,MASc KA 40 blocks,sa,56,56,7,1
fb_03,B91173,56,1,MASc KA 40 blocks,sa,56,56,7,1
fb_03,B91247,56,1,MASc KA 40 blocks,sa,56,56,7,1
fb_03,B95247,56,1,MASc KA 40 blocks,sa,56,56,7,1
fb_04,B92962,56,1,MASc KA 40 blocks,sa,56,56,7,1
fb_04,B95247,56,1,MASc KA 40 blocks,sa,56,56,7,1
fb_04,B96294,56,1,MASc KA 40 blocks,sa,56,56,7,1
fb_05,B92962,56,1,MASc KA 40 blocks,sa,56,56,7,1
fb_05,B96294,56,1,MASc KA 40 blocks,sa,56,56,7,1
fb_05,B98430,56,1,MASc KA 40 blocks,sa,56,56,7,1
fb_06,B92962,56,1,MASc KA 40 blocks,sa,56,56,7,1
fb_06,B94657,56,1,MASc KA 40 blocks,sa,56,56,7,1
fb_06,B98430,56,1,MASc KA 40 blocks,sa,56,56,7,1
ld_01,B78910,56,1,MASc KA 40 blocks,sa,56,56,7,1
ld_01,B88642,56,1,MASc KA 40 blocks,sa,56,56,7,1
ld_01,B96294,56,1,MASc KA 40 blocks,sa,56,56,7,1
ld_02,B77363,56,1,MASc KA 40 blocks,sa,56,56,7,1
ld_02,B77363,56,1,MASc KA 40 blocks,sa,56,56,7,1
ld_02,B86909,56,1,MASc KA 40 blocks,sa,56,56,7,1
ld_03,B77363,56,1,MASc KA 40 blocks,sa,56,56,7,1
ld_03,B84093,56,1,MASc KA 40 blocks,sa,56,56,7,1
ld_03,B95247,56,1,MASc KA 40 blocks,sa,56,56,7,1
ld_04,B77363,56,1,MASc KA 40 blocks,sa,56,56,7,1
ld_04,B78910,56,1,MASc KA 40 blocks,sa,56,56,7,1
ld_04,B84093,56,1,MASc KA 40 blocks,sa,56,56,7,1
ld_05,B77363,56,1,MASc KA 40 blocks,sa,56,56,7,1
ld_05,B77363,56,1,MASc KA 40 blocks,sa,56,56,7,1
ld_05,B92731,56,1,MASc KA 40 blocks,sa,56,56,7,1
ld_06,B77363,56,1,MASc KA 40 blocks,sa,56,56,7,1
ld_06,B78910,56,1,MASc KA 40 blocks,sa,56,56,7,1
pr_01,B84093,56,1,MASc KA 40 blocks,sa,56,56,7,1
pr_01,B86909,56,1,MASc KA 40 blocks,sa,56,56,7,1
pr_02,B82792,56,1,MASc KA 40 blocks,sa,56,56,7,1
pr_02,B86575,56,1,MASc KA 40 blocks,sa,56,56,7,1
pr_03,B86575,56,1,MASc KA 40 blocks,sa,56,56,7,1
pr_03,B95247,56,1,MASc KA 40 blocks,sa,56,56,7,1
pr_04,B77363,56,1,MASc KA 40 blocks,sa,56,56,7,1
pr_04,B88901,56,1,MASc KA 40 blocks,sa,56,56,7,1
pr_05,B86857,56,1,MASc KA 40 blocks,sa,56,56,7,1
pr_05,B91247,56,1,MASc KA 40 blocks,sa,56,56,7,1
pr_06,B86575,56,1,MASc KA 40 blocks,sa,56,56,7,1
sk_01,B77363,56,1,MASc KA 40 blocks,sa,56,56,7,1
sk_01,B86857,56,1,MASc KA 40 blocks,sa,56,56,7,1
sk_01,B91173,56,1,MASc KA 40 blocks,sa,56,56,7,1
sk_02,B78910,56,1,MASc KA 40 blocks,sa,56,56,7,1
sk_02,B91247,56,1,MASc KA 40 blocks,sa,56,56,7,1
sk_02,B92731,56,1,MASc KA 40 blocks,sa,56,56,7,1
sk_03,B78910,56,1,MASc KA 40 blocks,sa,56,56,7,1
sk_03,B91247,56,1,MASc KA 40 blocks,sa,56,56,7,1
sk_03,B96294,56,1,MASc KA 40 blocks,sa,56,56,7,1
sk_04,B78910,56,1,MASc KA 40 blocks,sa,56,56,7,1
sk_04,B88901,56,1,MASc KA 40 blocks,sa,56,56,7,1
sk_04,B95247,56,1,MASc KA 40 blocks,sa,56,56,7,1
sk_05,B86857,56,1,MASc KA 40 blocks,sa,56,56,7,1
sk_05,B91247,56,1,MASc KA 40 blocks,sa,56,56,7,1
sk_05,B92962,56,1,MASc KA 40 blocks,sa,56,56,7,1
sk_06,B77363,56,1,MASc KA 40 blocks,sa,56,56,7,1
sk_06,B92731,56,1,MASc KA 40 blocks,sa,56,56,7,1
sk_06,B92731,56,1,MASc KA 40 blocks,sa,56,56,7,1
