machine_id,block_id,day,assigned,scenario,solver,master_days,subproblem_days,lock_days,start_day
fb_01,B10412,1,1,MASc NI 18 blocks,sa,112,112,14,1
fb_01,B11042,1,1,MASc NI 18 blocks,sa,112,112,14,1
fb_01,B11805,1,1,MASc NI 18 blocks,sa,112,112,14,1
fb_02,B18200,1,1,MASc NI 18 blocks,sa,112,112,14,1
fb_02,B18200,1,1,MASc NI 18 blocks,sa,112,112,14,1
fb_02,B5817,1,1,MASc NI 18 blocks,sa,112,112,14,1
fb_03,B14953,1,1,MASc NI 18 blocks,sa,112,112,14,1
fb_03,B14953,1,1,MASc NI 18 blocks,sa,112,112,14,1
fb_03,B18200,1,1,MASc NI 18 blocks,sa,112,112,14,1
fb_01,B18200,2,1,MASc NI 18 blocks,sa,112,112,14,1
fb_01,B20631,2,1,MASc NI 18 blocks,sa,112,112,14,1
fb_01,B20632,2,1,MASc NI 18 blocks,sa,112,112,14,1
fb_02,B18200,2,1,MASc NI 18 blocks,sa,112,112,14,1
fb_02,B5817,2,1,MASc NI 18 blocks,sa,112,112,14,1
fb_02,B5817,2,1,MASc NI 18 blocks,sa,112,112,14,1
fb_03,B14953,2,1,MASc NI 18 blocks,sa,112,112,14,1
fb_03,B14953,2,1,MASc NI 18 blocks,sa,112,112,14,1
fb_03,B14953,2,1,MASc NI 18 blocks,sa,112,112,14,1
sk_01,B10412,2,1,MASc NI 18 blocks,sa,112,112,14,1
sk_01,B11042,2,1,MASc NI 18 blocks,sa,112,112,14,1
sk_01,B11042,2,1,MASc NI 18 blocks,sa,112,112,14,1
sk_02,B18200,2,1,MASc NI 18 blocks,sa,112,112,14,1
sk_02,B18200,2,1,MASc NI 18 blocks,sa,112,112,14,1
sk_02,B5817,2,1,MASc NI 18 blocks,sa,112,112,14,1
sk_03,B10412,2,1,MASc NI 18 blocks,sa,112,112,14,1
sk_03,B18200,2,1,MASc NI 18 blocks,sa,112,112,14,1
sk_03,B5817,2,1,MASc NI 18 blocks,sa,112,112,14,1
fb_01,B20673,3,1,MASc NI 18 blocks,sa,112,112,14,1
fb_01,B21443,3,1,MASc NI 18 blocks,sa,112,112,14,1
fb_01,B30103,3,1,MASc NI 18 blocks,sa,112,112,14,1
fb_02,B18200,3,1,MASc NI 18 blocks,sa,112,112,14,1
fb_02,B18200,3,1,MASc NI 18 blocks,sa,112,112,14,1
fb_02,B5817,3,1,MASc NI 18 blocks,sa,112,112,14,1
fb_03,B14953,3,1,MASc NI 18 blocks,sa,112,112,14,1
fb_03,B14953,3,1,MASc NI 18 blocks,sa,112,112,14,1
fb_03,B14953,3,1,MASc NI 18 blocks,sa,112,112,14,1
pr_01,B10412,3,1,MASc NI 18 blocks,sa,112,112,14,1
pr_01,B5817,3,1,MASc NI 18 blocks,sa,112,112,14,1
pr_02,B18200,3,1,MASc NI 18 blocks,sa,112,112,14,1
pr_02,B18200,3,1,MASc NI 18 blocks,sa,112,112,14,1
pr_03,B11042,3,1,MASc NI 18 blocks,sa,112,112,14,1
sk_01,B11042,3,1,MASc NI 18 blocks,sa,112,112,14,1
sk_01,B11805,3,1,MASc NI 18 blocks,sa,112,112,14,1
sk_01,B11805,3,1,MASc NI 18 blocks,sa,112,112,14,1
sk_02,B18200,3,1,MASc NI 18 blocks,sa,112,112,14,1
sk_02,B5817,3,1,MASc NI 18 blocks,sa,112,112,14,1
sk_02,B5817,3,1,MASc NI 18 blocks,sa,112,112,14,1
sk_03,B5817,3,1,MASc NI 18 blocks,sa,112,112,14,1
sk_03,B5817,3,1,MASc NI 18 blocks,sa,112,112,14,1
sk_03,B5817,3,1,MASc NI 18 blocks,sa,112,112,14,1
fb_01,B31203,4,1,MASc NI 18 blocks,sa,112,112,14,1
fb_01,B35154,4,1,MASc NI 18 blocks,sa,112,112,14,1
fb_01,B4497,4,1,MASc NI 18 blocks,sa,112,112,14,1
fb_02,B18200,4,1,MASc NI 18 blocks,sa,112,112,14,1
fb_02,B5817,4,1,MASc NI 18 blocks,sa,112,112,14,1
fb_02,B5817,4,1,MASc NI 18 blocks,sa,112,112,14,1
fb_03,B14953,4,1,MASc NI 18 blocks,sa,112,112,14,1
fb_03,B14953,4,1,MASc NI 18 blocks,sa,112,112,14,1
fb_03,B14953,4,1,MASc NI 18 blocks,sa,112,112,14,1
ld_01,B10412,4,1,MASc NI 18 blocks,sa,112,112,14,1
ld_01,B18200,4,1,MASc NI 18 blocks,sa,112,112,14,1
ld_02,B10412,4,1,MASc NI 18 blocks,sa,112,112,14,1
ld_02,B11042,4,1,MASc NI 18 blocks,sa,112,112,14,1
ld_03,B10412,4,1,MASc NI 18 blocks,sa,112,112,14,1
ld_03,B11042,4,1,MASc NI 18 blocks,sa,112,112,14,1
pr_01,B11042,4,1,MASc NI 18 blocks,sa,112,112,14,1
pr_01,B5817,4,1,MASc NI 18 blocks,sa,112,112,14,1
pr_02,B11805,4,1,MASc NI 18 blocks,sa,112,112,14,1
pr_02,B5817,4,1,MASc NI 18 blocks,sa,112,112,14,1
pr_03,B5817,4,1,MASc NI 18 blocks,sa,112,112,14,1
sk_01,B11805,4,1,MASc NI 18 blocks,sa,112,112,14,1
sk_01,B11805,4,1,MASc NI 18 blocks,sa,112,112,14,1
sk_01,B14953,4,1,MASc NI 18 blocks,sa,112,112,14,1
sk_02,B18200,4,1,MASc NI 18 blocks,sa,112,112,14,1
sk_02,B18200,4,1,MASc NI 18 blocks,sa,112,112,14,1
sk_02,B5817,4,1,MASc NI 18 blocks,sa,112,112,14,1
sk_03,B5817,4,1,MASc NI 18 blocks,sa,112,112,14,1
sk_03,B5817,4,1,MASc NI 18 blocks,sa,112,112,14,1
sk_03,B5817,4,1,MASc NI 18 blocks,sa,112,112,14,1
fb_01,B11805,5,1,MASc NI 18 blocks,sa,112,112,14,1
fb_01,B5817,5,1,MASc NI 18 blocks,sa,112,112,14,1
fb_01,B6017,5,1,MASc NI 18 blocks,sa,112,112,14,1
fb_02,B18200,5,1,MASc NI 18 blocks,sa,112,112,14,1
fb_02,B18200,5,1,MASc NI 18 blocks,sa,112,112,14,1
fb_02,B18200,5,1,MASc NI 18 blocks,sa,112,112,14,1
fb_03,B14953,5,1,MASc NI 18 blocks,sa,112,112,14,1
fb_03,B14953,5,1,MASc NI 18 blocks,sa,112,112,14,1
fb_03,B14953,5,1,MASc NI 18 blocks,sa,112,112,14,1
ld_01,B11805,5,1,MASc NI 18 blocks,sa,112,112,14,1
ld_01,B11805,5,1,MASc NI 18 blocks,sa,112,112,14,1
ld_01,B5817,5,1,MASc NI 18 blocks,sa,112,112,14,1
ld_02,B11042,5,1,MASc NI 18 blocks,sa,112,112,14,1
ld_02,B5817,5,1,MASc NI 18 blocks,sa,112,112,14,1
ld_03,B11042,5,1,MASc NI 18 blocks,sa,112,112,14,1
ld_03,B5817,5,1,MASc NI 18 blocks,sa,112,112,14,1
pr_01,B11805,5,1,MASc NI 18 blocks,sa,112,112,14,1
pr_01,B5817,5,1,MASc NI 18 blocks,sa,112,112,14,1
pr_02,B18200,5,1,MASc NI 18 blocks,sa,112,112,14,1
pr_02,B18200,5,1,MASc NI 18 blocks,sa,112,112,14,1
pr_03,B14953,5,1,MASc NI 18 blocks,sa,112,112,14,1
pr_03,B5817,5,1,MASc NI 18 blocks,sa,112,112,14,1
sk_01,B14953,5,1,MASc NI 18 blocks,sa,112,112,14,1
sk_01,B14953,5,1,MASc NI 18 blocks,sa,112,112,14,1
sk_01,B4497,5,1,MASc NI 18 blocks,sa,112,112,14,1
sk_02,B18200,5,1,MASc NI 18 blocks,sa,112,112,14,1
sk_02,B5817,5,1,MASc NI 18 blocks,sa,112,112,14,1
sk_02,B5817,5,1,MASc NI 18 blocks,sa,112,112,14,1
sk_03,B4497,5,1,MASc NI 18 blocks,sa,112,112,14,1
sk_03,B5817,5,1,MASc NI 18 blocks,sa,112,112,14,1
sk_03,B5817,5,1,MASc NI 18 blocks,sa,112,112,14,1
fb_01,B18200,6,1,MASc NI 18 blocks,sa,112,112,14,1
fb_01,B20631,6,1,MASc NI 18 blocks,sa,112,112,14,1
fb_01,B20632,6,1,MASc NI 18 blocks,sa,112,112,14,1
fb_02,B18200,6,1,MASc NI 18 blocks,sa,112,112,14,1
fb_02,B5817,6,1,MASc NI 18 blocks,sa,112,112,14,1
fb_02,B5817,6,1,MASc NI 18 blocks,sa,112,112,14,1
fb_03,B30099,6,1,MASc NI 18 blocks,sa,112,112,14,1
fb_03,B30099,6,1,MASc NI 18 blocks,sa,112,112,14,1
fb_03,B30099,6,1,MASc NI 18 blocks,sa,112,112,14,1
ld_01,B18200,6,1,MASc NI 18 blocks,sa,112,112,14,1
ld_01,B5817,6,1,MASc NI 18 blocks,sa,112,112,14,1
ld_02,B11805,6,1,MASc NI 18 blocks,sa,112,112,14,1
ld_02,B5817,6,1,MASc NI 18 blocks,sa,112,112,14,1
ld_03,B11805,6,1,MASc NI 18 blocks,sa,112,112,14,1
ld_03,B18200,6,1,MASc NI 18 blocks,sa,112,112,14,1
pr_01,B14953,6,1,MASc NI 18 blocks,sa,112,112,14,1
pr_01,B4497,6,1,MASc NI 18 blocks,sa,112,112,14,1
pr_01,B5817,6,1,MASc NI 18 blocks,sa,112,112,14,1
pr_02,B18200,6,1,MASc NI 18 blocks,sa,112,112,14,1
pr_02,B5817,6,1,MASc NI 18 blocks,sa,112,112,14,1
pr_03,B14953,6,1,MASc NI 18 blocks,sa,112,112,14,1
pr_03,B5817,6,1,MASc NI 18 blocks,sa,112,112,14,1
sk_01,B11805,6,1,MASc NI 18 blocks,sa,112,112,14,1
sk_01,B11805,6,1,MASc NI 18 blocks,sa,112,112,14,1
sk_01,B11805,6,1,MASc NI 18 blocks,sa,112,112,14,1
sk_02,B18200,6,1,MASc NI 18 blocks,sa,112,112,14,1
sk_02,B18200,6,1,MASc NI 18 blocks,sa,112,112,14,1
sk_02,B5817,6,1,MASc NI 18 blocks,sa,112,112,14,1
sk_03,B5817,6,1,MASc NI 18 blocks,sa,112,112,14,1
sk_03,B5817,6,1,MASc NI 18 blocks,sa,112,112,14,1
sk_03,B5817,6,1,MASc NI 18 blocks,sa,112,112,14,1
fb_01,B20673,7,1,MASc NI 18 blocks,sa,112,112,14,1
fb_01,B21443,7,1,MASc NI 18 blocks,sa,112,112,14,1
fb_01,B30103,7,1,MASc NI 18 blocks,sa,112,112,14,1
fb_02,B18200,7,1,MASc NI 18 blocks,sa,112,112,14,1
fb_02,B18200,7,1,MASc NI 18 blocks,sa,112,112,14,1
fb_02,B5817,7,1,MASc NI 18 blocks,sa,112,112,14,1
fb_03,B30099,7,1,MASc NI 18 blocks,sa,112,112,14,1
fb_03,B30099,7,1,MASc NI 18 blocks,sa,112,112,14,1
fb_03,B30099,7,1,MASc NI 18 blocks,sa,112,112,14,1
ld_01,B14953,7,1,MASc NI 18 blocks,sa,112,112,14,1
ld_01,B18200,7,1,MASc NI 18 blocks,sa,112,112,14,1
ld_01,B5817,7,1,MASc NI 18 blocks,sa,112,112,14,1
ld_02,B4497,7,1,MASc NI 18 blocks,sa,112,112,14,1
ld_02,B5817,7,1,MASc NI 18 blocks,sa,112,112,14,1
ld_03,B14953,7,1,MASc NI 18 blocks,sa,112,112,14,1
ld_03,B5817,7,1,MASc NI 18 blocks,sa,112,112,14,1
pr_01,B11805,7,1,MASc NI 18 blocks,sa,112,112,14,1
pr_01,B5817,7,1,MASc NI 18 blocks,sa,112,112,14,1
pr_02,B18200,7,1,MASc NI 18 blocks,sa,112,112,14,1
pr_02,B5817,7,1,MASc NI 18 blocks,sa,112,112,14,1
pr_03,B5817,7,1,MASc NI 18 blocks,sa,112,112,14,1
sk_01,B11805,7,1,MASc NI 18 blocks,sa,112,112,14,1
sk_01,B6017,7,1,MASc NI 18 blocks,sa,112,112,14,1
sk_01,B6017,7,1,MASc NI 18 blocks,sa,112,112,14,1
sk_02,B18200,7,1,MASc NI 18 blocks,sa,112,112,14,1
sk_02,B5817,7,1,MASc NI 18 blocks,sa,112,112,14,1
sk_02,B5817,7,1,MASc NI 18 blocks,sa,112,112,14,1
sk_03,B5817,7,1,MASc NI 18 blocks,sa,112,112,14,1
sk_03,B5817,7,1,MASc NI 18 blocks,sa,112,112,14,1
sk_03,B5817,7,1,MASc NI 18 blocks,sa,112,112,14,1
fb_01,B31203,8,1,MASc NI 18 blocks,sa,112,112,14,1
fb_01,B35154,8,1,MASc NI 18 blocks,sa,112,112,14,1
fb_01,B4497,8,1,MASc NI 18 blocks,sa,112,112,14,1
fb_02,B18200,8,1,MASc NI 18 blocks,sa,112,112,14,1
fb_02,B5817,8,1,MASc NI 18 blocks,sa,112,112,14,1
fb_02,B5817,8,1,MASc NI 18 blocks,sa,112,112,14,1
fb_03,B30099,8,1,MASc NI 18 blocks,sa,112,112,14,1
fb_03,B30099,8,1,MASc NI 18 blocks,sa,112,112,14,1
fb_03,B30099,8,1,MASc NI 18 blocks,sa,112,112,14,1
ld_01,B11805,8,1,MASc NI 18 blocks,sa,112,112,14,1
ld_01,B5817,8,1,MASc NI 18 blocks,sa,112,112,14,1
ld_02,B11805,8,1,MASc NI 18 blocks,sa,112,112,14,1
ld_02,B5817,8,1,MASc NI 18 blocks,sa,112,112,14,1
ld_03,B5817,8,1,MASc NI 18 blocks,sa,112,112,14,1
pr_01,B11805,8,1,MASc NI 18 blocks,sa,112,112,14,1
pr_01,B5817,8,1,MASc NI 18 blocks,sa,112,112,14,1
pr_02,B18200,8,1,MASc NI 18 blocks,sa,112,112,14,1
pr_02,B6017,8,1,MASc NI 18 blocks,sa,112,112,14,1
pr_03,B5817,8,1,MASc NI 18 blocks,sa,112,112,14,1
pr_03,B5817,8,1,MASc NI 18 blocks,sa,112,112,14,1
sk_01,B14953,8,1,MASc NI 18 blocks,sa,112,112,14,1
sk_01,B6017,8,1,MASc NI 18 blocks,sa,112,112,14,1
sk_01,B6017,8,1,MASc NI 18 blocks,sa,112,112,14,1
sk_02,B18200,8,1,MASc NI 18 blocks,sa,112,112,14,1
sk_02,B18200,8,1,MASc NI 18 blocks,sa,112,112,14,1
sk_02,B5817,8,1,MASc NI 18 blocks,sa,112,112,14,1
sk_03,B5817,8,1,MASc NI 18 blocks,sa,112,112,14,1
sk_03,B5817,8,1,MASc NI 18 blocks,sa,112,112,14,1
sk_03,B5817,8,1,MASc NI 18 blocks,sa,112,112,14,1
fb_01,B11805,9,1,MASc NI 18 blocks,sa,112,112,14,1
fb_01,B5817,9,1,MASc NI 18 blocks,sa,112,112,14,1
fb_01,B6017,9,1,MASc NI 18 blocks,sa,112,112,14,1
fb_02,B18200,9,1,MASc NI 18 blocks,sa,112,112,14,1
fb_02,B18200,9,1,MASc NI 18 blocks,sa,112,112,14,1
fb_02,B5817,9,1,MASc NI 18 blocks,sa,112,112,14,1
fb_03,B30099,9,1,MASc NI 18 blocks,sa,112,112,14,1
fb_03,B30099,9,1,MASc NI 18 blocks,sa,112,112,14,1
fb_03,B30099,9,1,MASc NI 18 blocks,sa,112,112,14,1
ld_01,B11805,9,1,MASc NI 18 blocks,sa,112,112,14,1
ld_01,B18200,9,1,MASc NI 18 blocks,sa,112,112,14,1
ld_01,B5817,9,1,MASc NI 18 blocks,sa,112,112,14,1
ld_02,B11805,9,1,MASc NI 18 blocks,sa,112,112,14,1
ld_02,B5817,9,1,MASc NI 18 blocks,sa,112,112,14,1
ld_02,B6017,9,1,MASc NI 18 blocks,sa,112,112,14,1
ld_03,B11805,9,1,MASc NI 18 blocks,sa,112,112,14,1
ld_03,B5817,9,1,MASc NI 18 blocks,sa,112,112,14,1
pr_01,B5817,9,1,MASc NI 18 blocks,sa,112,112,14,1
pr_01,B6017,9,1,MASc NI 18 blocks,sa,112,112,14,1
pr_02,B14953,9,1,MASc NI 18 blocks,sa,112,112,14,1
pr_02,B18200,9,1,MASc NI 18 blocks,sa,112,112,14,1
pr_03,B5817,9,1,MASc NI 18 blocks,sa,112,112,14,1
sk_01,B14953,9,1,MASc NI 18 blocks,sa,112,112,14,1
sk_01,B4497,9,1,MASc NI 18 blocks,sa,112,112,14,1
sk_01,B4497,9,1,MASc NI 18 blocks,sa,112,112,14,1
sk_02,B18200,9,1,MASc NI 18 blocks,sa,112,112,14,1
sk_02,B5817,9,1,MASc NI 18 blocks,sa,112,112,14,1
sk_02,B5817,9,1,MASc NI 18 blocks,sa,112,112,14,1
sk_03,B4497,9,1,MASc NI 18 blocks,sa,112,112,14,1
sk_03,B5817,9,1,MASc NI 18 blocks,sa,112,112,14,1
sk_03,B5817,9,1,MASc NI 18 blocks,sa,112,112,14,1
fb_01,B18200,10,1,MASc NI 18 blocks,sa,112,112,14,1
fb_01,B20631,10,1,MASc NI 18 blocks,sa,112,112,14,1
fb_01,B20632,10,1,MASc NI 18 blocks,sa,112,112,14,1
fb_02,B18200,10,1,MASc NI 18 blocks,sa,112,112,14,1
fb_02,B5817,10,1,MASc NI 18 blocks,sa,112,112,14,1
fb_02,B6017,10,1,MASc NI 18 blocks,sa,112,112,14,1
fb_03,B30099,10,1,MASc NI 18 blocks,sa,112,112,14,1
fb_03,B30099,10,1,MASc NI 18 blocks,sa,112,112,14,1
fb_03,B30099,10,1,MASc NI 18 blocks,sa,112,112,14,1
ld_01,B5817,10,1,MASc NI 18 blocks,sa,112,112,14,1
ld_01,B6017,10,1,MASc NI 18 blocks,sa,112,112,14,1
ld_02,B5817,10,1,MASc NI 18 blocks,sa,112,112,14,1
ld_02,B6017,10,1,MASc NI 18 blocks,sa,112,112,14,1
ld_03,B18200,10,1,MASc NI 18 blocks,sa,112,112,14,1
pr_01,B4497,10,1,MASc NI 18 blocks,sa,112,112,14,1
pr_01,B5817,10,1,MASc NI 18 blocks,sa,112,112,14,1
pr_01,B5817,10,1,MASc NI 18 blocks,sa,112,112,14,1
pr_02,B14953,10,1,MASc NI 18 blocks,sa,112,112,14,1
pr_02,B18200,10,1,MASc NI 18 blocks,sa,112,112,14,1
pr_02,B4497,10,1,MASc NI 18 blocks,sa,112,112,14,1
pr_03,B14953,10,1,MASc NI 18 blocks,sa,112,112,14,1
pr_03,B4497,10,1,MASc NI 18 blocks,sa,112,112,14,1
pr_03,B5817,10,1,MASc NI 18 blocks,sa,112,112,14,1
sk_01,B11805,10,1,MASc NI 18 blocks,sa,112,112,14,1
sk_01,B11805,10,1,MASc NI 18 blocks,sa,112,112,14,1
sk_01,B11805,10,1,MASc NI 18 blocks,sa,112,112,14,1
sk_02,B18200,10,1,MASc NI 18 blocks,sa,112,112,14,1
sk_02,B18200,10,1,MASc NI 18 blocks,sa,112,112,14,1
sk_02,B5817,10,1,MASc NI 18 blocks,sa,112,112,14,1
sk_03,B5817,10,1,MASc NI 18 blocks,sa,112,112,14,1
sk_03,B5817,10,1,MASc NI 18 blocks,sa,112,112,14,1
sk_03,B5817,10,1,MASc NI 18 blocks,sa,112,112,14,1
fb_01,B20673,11,1,MASc NI 18 blocks,sa,112,112,14,1
fb_01,B21443,11,1,MASc NI 18 blocks,sa,112,112,14,1
fb_01,B30103,11,1,MASc NI 18 blocks,sa,112,112,14,1
fb_02,B11805,11,1,MASc NI 18 blocks,sa,112,112,14,1
fb_02,B18200,11,1,MASc NI 18 blocks,sa,112,112,14,1
fb_02,B18200,11,1,MASc NI 18 blocks,sa,112,112,14,1
fb_03,B30099,11,1,MASc NI 18 blocks,sa,112,112,14,1
fb_03,B30099,11,1,MASc NI 18 blocks,sa,112,112,14,1
fb_03,B30099,11,1,MASc NI 18 blocks,sa,112,112,14,1
ld_01,B18200,11,1,MASc NI 18 blocks,sa,112,112,14,1
ld_01,B4497,11,1,MASc NI 18 blocks,sa,112,112,14,1
ld_01,B5817,11,1,MASc NI 18 blocks,sa,112,112,14,1
ld_02,B4497,11,1,MASc NI 18 blocks,sa,112,112,14,1
ld_02,B4497,11,1,MASc NI 18 blocks,sa,112,112,14,1
ld_02,B5817,11,1,MASc NI 18 blocks,sa,112,112,14,1
ld_03,B14953,11,1,MASc NI 18 blocks,sa,112,112,14,1
ld_03,B4497,11,1,MASc NI 18 blocks,sa,112,112,14,1
ld_03,B5817,11,1,MASc NI 18 blocks,sa,112,112,14,1
pr_01,B11805,11,1,MASc NI 18 blocks,sa,112,112,14,1
pr_01,B5817,11,1,MASc NI 18 blocks,sa,112,112,14,1
pr_02,B18200,11,1,MASc NI 18 blocks,sa,112,112,14,1
pr_02,B18200,11,1,MASc NI 18 blocks,sa,112,112,14,1
pr_03,B5817,11,1,MASc NI 18 blocks,sa,112,112,14,1
sk_01,B11805,11,1,MASc NI 18 blocks,sa,112,112,14,1
sk_01,B11805,11,1,MASc NI 18 blocks,sa,112,112,14,1
sk_01,B5817,11,1,MASc NI 18 blocks,sa,112,112,14,1
sk_02,B18200,11,1,MASc NI 18 blocks,sa,112,112,14,1
sk_02,B5817,11,1,MASc NI 18 blocks,sa,112,112,14,1
sk_02,B6017,11,1,MASc NI 18 blocks,sa,112,112,14,1
sk_03,B5817,11,1,MASc NI 18 blocks,sa,112,112,14,1
sk_03,B5817,11,1,MASc NI 18 blocks,sa,112,112,14,1
sk_03,B5817,11,1,MASc NI 18 blocks,sa,112,112,14,1
fb_01,B31203,12,1,MASc NI 18 blocks,sa,112,112,14,1
fb_01,B35154,12,1,MASc NI 18 blocks,sa,112,112,14,1
fb_01,B4497,12,1,MASc NI 18 blocks,sa,112,112,14,1
fb_02,B18200,12,1,MASc NI 18 blocks,sa,112,112,14,1
fb_02,B5817,12,1,MASc NI 18 blocks,sa,112,112,14,1
fb_02,B5817,12,1,MASc NI 18 blocks,sa,112,112,14,1
fb_03,B30099,12,1,MASc NI 18 blocks,sa,112,112,14,1
fb_03,B30099,12,1,MASc NI 18 blocks,sa,112,112,14,1
fb_03,B30099,12,1,MASc NI 18 blocks,sa,112,112,14,1
ld_01,B14953,12,1,MASc NI 18 blocks,sa,112,112,14,1
ld_01,B18200,12,1,MASc NI 18 blocks,sa,112,112,14,1
ld_01,B5817,12,1,MASc NI 18 blocks,sa,112,112,14,1
ld_02,B11805,12,1,MASc NI 18 blocks,sa,112,112,14,1
ld_02,B5817,12,1,MASc NI 18 blocks,sa,112,112,14,1
ld_03,B11805,12,1,MASc NI 18 blocks,sa,112,112,14,1
ld_03,B18200,12,1,MASc NI 18 blocks,sa,112,112,14,1
pr_01,B11805,12,1,MASc NI 18 blocks,sa,112,112,14,1
pr_01,B5817,12,1,MASc NI 18 blocks,sa,112,112,14,1
pr_02,B5817,12,1,MASc NI 18 blocks,sa,112,112,14,1
pr_02,B5817,12,1,MASc NI 18 blocks,sa,112,112,14,1
pr_03,B5817,12,1,MASc NI 18 blocks,sa,112,112,14,1
sk_01,B14953,12,1,MASc NI 18 blocks,sa,112,112,14,1
sk_01,B6017,12,1,MASc NI 18 blocks,sa,112,112,14,1
sk_01,B6017,12,1,MASc NI 18 blocks,sa,112,112,14,1
sk_02,B18200,12,1,MASc NI 18 blocks,sa,112,112,14,1
sk_02,B18200,12,1,MASc NI 18 blocks,sa,112,112,14,1
sk_02,B5817,12,1,MASc NI 18 blocks,sa,112,112,14,1
sk_03,B5817,12,1,MASc NI 18 blocks,sa,112,112,14,1
sk_03,B5817,12,1,MASc NI 18 blocks,sa,112,112,14,1
sk_03,B5817,12,1,MASc NI 18 blocks,sa,112,112,14,1
fb_01,B20673,13,1,MASc NI 18 blocks,sa,112,112,14,1
fb_01,B5817,13,1,MASc NI 18 blocks,sa,112,112,14,1
fb_01,B6017,13,1,MASc NI 18 blocks,sa,112,112,14,1
fb_02,B18200,13,1,MASc NI 18 blocks,sa,112,112,14,1
fb_02,B18200,13,1,MASc NI 18 blocks,sa,112,112,14,1
fb_02,B5817,13,1,MASc NI 18 blocks,sa,112,112,14,1
fb_03,B30099,13,1,MASc NI 18 blocks,sa,112,112,14,1
fb_03,B30099,13,1,MASc NI 18 blocks,sa,112,112,14,1
fb_03,B30099,13,1,MASc NI 18 blocks,sa,112,112,14,1
ld_01,B11805,13,1,MASc NI 18 blocks,sa,112,112,14,1
ld_01,B5817,13,1,MASc NI 18 blocks,sa,112,112,14,1
ld_02,B11805,13,1,MASc NI 18 blocks,sa,112,112,14,1
ld_02,B5817,13,1,MASc NI 18 blocks,sa,112,112,14,1
ld_03,B5817,13,1,MASc NI 18 blocks,sa,112,112,14,1
ld_03,B5817,13,1,MASc NI 18 blocks,sa,112,112,14,1
pr_01,B5817,13,1,MASc NI 18 blocks,sa,112,112,14,1
pr_01,B6017,13,1,MASc NI 18 blocks,sa,112,112,14,1
pr_02,B18200,13,1,MASc NI 18 blocks,sa,112,112,14,1
pr_02,B18200,13,1,MASc NI 18 blocks,sa,112,112,14,1
pr_03,B14953,13,1,MASc NI 18 blocks,sa,112,112,14,1
pr_03,B5817,13,1,MASc NI 18 blocks,sa,112,112,14,1
sk_01,B14953,13,1,MASc NI 18 blocks,sa,112,112,14,1
sk_01,B14953,13,1,MASc NI 18 blocks,sa,112,112,14,1
sk_01,B4497,13,1,MASc NI 18 blocks,sa,112,112,14,1
sk_02,B18200,13,1,MASc NI 18 blocks,sa,112,112,14,1
sk_02,B5817,13,1,MASc NI 18 blocks,sa,112,112,14,1
sk_02,B5817,13,1,MASc NI 18 blocks,sa,112,112,14,1
sk_03,B4497,13,1,MASc NI 18 blocks,sa,112,112,14,1
sk_03,B5817,13,1,MASc NI 18 blocks,sa,112,112,14,1
sk_03,B5817,13,1,MASc NI 18 blocks,sa,112,112,14,1
fb_01,B18200,14,1,MASc NI 18 blocks,sa,112,112,14,1
fb_01,B20631,14,1,MASc NI 18 blocks,sa,112,112,14,1
fb_01,B20632,14,1,MASc NI 18 blocks,sa,112,112,14,1
fb_02,B18200,14,1,MASc NI 18 blocks,sa,112,112,14,1
fb_02,B5817,14,1,MASc NI 18 blocks,sa,112,112,14,1
fb_02,B5817,14,1,MASc NI 18 blocks,sa,112,112,14,1
fb_03,B30099,14,1,MASc NI 18 blocks,sa,112,112,14,1
fb_03,B30099,14,1,MASc NI 18 blocks,sa,112,112,14,1
fb_03,B30099,14,1,MASc NI 18 blocks,sa,112,112,14,1
ld_01,B5817,14,1,MASc NI 18 blocks,sa,112,112,14,1
ld_01,B6017,14,1,MASc NI 18 blocks,sa,112,112,14,1
ld_02,B5817,14,1,MASc NI 18 blocks,sa,112,112,14,1
ld_02,B6017,14,1,MASc NI 18 blocks,sa,112,112,14,1
ld_03,B18200,14,1,MASc NI 18 blocks,sa,112,112,14,1
pr_01,B14953,14,1,MASc NI 18 blocks,sa,112,112,14,1
pr_01,B4497,14,1,MASc NI 18 blocks,sa,112,112,14,1
pr_01,B5817,14,1,MASc NI 18 blocks,sa,112,112,14,1
pr_02,B14953,14,1,MASc NI 18 blocks,sa,112,112,14,1
pr_02,B4497,14,1,MASc NI 18 blocks,sa,112,112,14,1
pr_02,B5817,14,1,MASc NI 18 blocks,sa,112,112,14,1
pr_03,B18200,14,1,MASc NI 18 blocks,sa,112,112,14,1
pr_03,B5817,14,1,MASc NI 18 blocks,sa,112,112,14,1
sk_01,B11805,14,1,MASc NI 18 blocks,sa,112,112,14,1
sk_01,B11805,14,1,MASc NI 18 blocks,sa,112,112,14,1
sk_01,B6017,14,1,MASc NI 18 blocks,sa,112,112,14,1
sk_02,B18200,14,1,MASc NI 18 blocks,sa,112,112,14,1
sk_02,B18200,14,1,MASc NI 18 blocks,sa,112,112,14,1
sk_02,B5817,14,1,MASc NI 18 blocks,sa,112,112,14,1
sk_03,B5817,14,1,MASc NI 18 blocks,sa,112,112,14,1
sk_03,B5817,14,1,MASc NI 18 blocks,sa,112,112,14,1
sk_03,B5817,14,1,MASc NI 18 blocks,sa,112,112,14,1
fb_01,B11042,15,1,MASc NI 18 blocks,sa,112,112,14,1
fb_01,B11805,15,1,MASc NI 18 blocks,sa,112,112,14,1
fb_01,B18200,15,1,MASc NI 18 blocks,sa,112,112,14,1
fb_02,B18200,15,1,MASc NI 18 blocks,sa,112,112,14,1
fb_02,B31203,15,1,MASc NI 18 blocks,sa,112,112,14,1
fb_02,B5817,15,1,MASc NI 18 blocks,sa,112,112,14,1
fb_03,B14953,15,1,MASc NI 18 blocks,sa,112,112,14,1
fb_03,B14953,15,1,MASc NI 18 blocks,sa,112,112,14,1
fb_03,B30103,15,1,MASc NI 18 blocks,sa,112,112,14,1
fb_01,B18200,16,1,MASc NI 18 blocks,sa,112,112,14,1
fb_01,B20631,16,1,MASc NI 18 blocks,sa,112,112,14,1
fb_01,B20632,16,1,MASc NI 18 blocks,sa,112,112,14,1
fb_02,B20673,16,1,MASc NI 18 blocks,sa,112,112,14,1
fb_02,B30103,16,1,MASc NI 18 blocks,sa,112,112,14,1
fb_02,B31203,16,1,MASc NI 18 blocks,sa,112,112,14,1
fb_03,B14953,16,1,MASc NI 18 blocks,sa,112,112,14,1
fb_03,B14953,16,1,MASc NI 18 blocks,sa,112,112,14,1
fb_03,B14953,16,1,MASc NI 18 blocks,sa,112,112,14,1
sk_01,B11042,16,1,MASc NI 18 blocks,sa,112,112,14,1
sk_01,B11042,16,1,MASc NI 18 blocks,sa,112,112,14,1
sk_01,B11805,16,1,MASc NI 18 blocks,sa,112,112,14,1
sk_02,B11042,16,1,MASc NI 18 blocks,sa,112,112,14,1
sk_02,B11805,16,1,MASc NI 18 blocks,sa,112,112,14,1
sk_02,B11805,16,1,MASc NI 18 blocks,sa,112,112,14,1
sk_03,B18200,16,1,MASc NI 18 blocks,sa,112,112,14,1
sk_03,B18200,16,1,MASc NI 18 blocks,sa,112,112,14,1
sk_03,B5817,16,1,MASc NI 18 blocks,sa,112,112,14,1
fb_01,B20673,17,1,MASc NI 18 blocks,sa,112,112,14,1
fb_01,B21443,17,1,MASc NI 18 blocks,sa,112,112,14,1
fb_01,B30103,17,1,MASc NI 18 blocks,sa,112,112,14,1
fb_02,B18200,17,1,MASc NI 18 blocks,sa,112,112,14,1
fb_02,B30103,17,1,MASc NI 18 blocks,sa,112,112,14,1
fb_02,B5817,17,1,MASc NI 18 blocks,sa,112,112,14,1
fb_03,B14953,17,1,MASc NI 18 blocks,sa,112,112,14,1
fb_03,B14953,17,1,MASc NI 18 blocks,sa,112,112,14,1
fb_03,B14953,17,1,MASc NI 18 blocks,sa,112,112,14,1
pr_01,B11042,17,1,MASc NI 18 blocks,sa,112,112,14,1
pr_01,B18200,17,1,MASc NI 18 blocks,sa,112,112,14,1
pr_02,B11042,17,1,MASc NI 18 blocks,sa,112,112,14,1
pr_03,B11805,17,1,MASc NI 18 blocks,sa,112,112,14,1
sk_01,B11805,17,1,MASc NI 18 blocks,sa,112,112,14,1
sk_01,B14953,17,1,MASc NI 18 blocks,sa,112,112,14,1
sk_01,B14953,17,1,MASc NI 18 blocks,sa,112,112,14,1
sk_02,B20673,17,1,MASc NI 18 blocks,sa,112,112,14,1
sk_02,B20673,17,1,MASc NI 18 blocks,sa,112,112,14,1
sk_02,B20673,17,1,MASc NI 18 blocks,sa,112,112,14,1
sk_03,B14953,17,1,MASc NI 18 blocks,sa,112,112,14,1
sk_03,B18200,17,1,MASc NI 18 blocks,sa,112,112,14,1
sk_03,B18200,17,1,MASc NI 18 blocks,sa,112,112,14,1
fb_01,B31203,18,1,MASc NI 18 blocks,sa,112,112,14,1
fb_01,B35154,18,1,MASc NI 18 blocks,sa,112,112,14,1
fb_01,B4497,18,1,MASc NI 18 blocks,sa,112,112,14,1
fb_02,B18200,18,1,MASc NI 18 blocks,sa,112,112,14,1
fb_02,B31203,18,1,MASc NI 18 blocks,sa,112,112,14,1
fb_02,B5817,18,1,MASc NI 18 blocks,sa,112,112,14,1
fb_03,B14953,18,1,MASc NI 18 blocks,sa,112,112,14,1
fb_03,B14953,18,1,MASc NI 18 blocks,sa,112,112,14,1
fb_03,B14953,18,1,MASc NI 18 blocks,sa,112,112,14,1
ld_01,B11042,18,1,MASc NI 18 blocks,sa,112,112,14,1
ld_01,B11805,18,1,MASc NI 18 blocks,sa,112,112,14,1
ld_02,B11042,18,1,MASc NI 18 blocks,sa,112,112,14,1
ld_02,B11042,18,1,MASc NI 18 blocks,sa,112,112,14,1
ld_03,B11042,18,1,MASc NI 18 blocks,sa,112,112,14,1
ld_03,B11805,18,1,MASc NI 18 blocks,sa,112,112,14,1
pr_01,B11805,18,1,MASc NI 18 blocks,sa,112,112,14,1
pr_01,B14953,18,1,MASc NI 18 blocks,sa,112,112,14,1
pr_02,B14953,18,1,MASc NI 18 blocks,sa,112,112,14,1
pr_02,B18200,18,1,MASc NI 18 blocks,sa,112,112,14,1
pr_03,B14953,18,1,MASc NI 18 blocks,sa,112,112,14,1
sk_01,B14953,18,1,MASc NI 18 blocks,sa,112,112,14,1
sk_01,B14953,18,1,MASc NI 18 blocks,sa,112,112,14,1
sk_01,B14953,18,1,MASc NI 18 blocks,sa,112,112,14,1
sk_02,B20673,18,1,MASc NI 18 blocks,sa,112,112,14,1
sk_02,B20673,18,1,MASc NI 18 blocks,sa,112,112,14,1
sk_02,B20673,18,1,MASc NI 18 blocks,sa,112,112,14,1
sk_03,B18200,18,1,MASc NI 18 blocks,sa,112,112,14,1
sk_03,B5817,18,1,MASc NI 18 blocks,sa,112,112,14,1
sk_03,B5817,18,1,MASc NI 18 blocks,sa,112,112,14,1
fb_01,B11805,19,1,MASc NI 18 blocks,sa,112,112,14,1
fb_01,B5817,19,1,MASc NI 18 blocks,sa,112,112,14,1
fb_01,B6017,19,1,MASc NI 18 blocks,sa,112,112,14,1
fb_02,B18200,19,1,MASc NI 18 blocks,sa,112,112,14,1
fb_02,B30103,19,1,MASc NI 18 blocks,sa,112,112,14,1
fb_02,B31203,19,1,MASc NI 18 blocks,sa,112,112,14,1
fb_03,B14953,19,1,MASc NI 18 blocks,sa,112,112,14,1
fb_03,B14953,19,1,MASc NI 18 blocks,sa,112,112,14,1
fb_03,B14953,19,1,MASc NI 18 blocks,sa,112,112,14,1
ld_01,B14953,19,1,MASc NI 18 blocks,sa,112,112,14,1
ld_01,B18200,19,1,MASc NI 18 blocks,sa,112,112,14,1
ld_02,B11805,19,1,MASc NI 18 blocks,sa,112,112,14,1
ld_02,B14953,19,1,MASc NI 18 blocks,sa,112,112,14,1
ld_03,B11805,19,1,MASc NI 18 blocks,sa,112,112,14,1
pr_01,B14953,19,1,MASc NI 18 blocks,sa,112,112,14,1
pr_01,B18200,19,1,MASc NI 18 blocks,sa,112,112,14,1
pr_01,B20673,19,1,MASc NI 18 blocks,sa,112,112,14,1
pr_02,B14953,19,1,MASc NI 18 blocks,sa,112,112,14,1
pr_02,B5817,19,1,MASc NI 18 blocks,sa,112,112,14,1
pr_03,B14953,19,1,MASc NI 18 blocks,sa,112,112,14,1
pr_03,B14953,19,1,MASc NI 18 blocks,sa,112,112,14,1
sk_01,B14953,19,1,MASc NI 18 blocks,sa,112,112,14,1
sk_01,B4497,19,1,MASc NI 18 blocks,sa,112,112,14,1
sk_01,B4497,19,1,MASc NI 18 blocks,sa,112,112,14,1
sk_02,B20673,19,1,MASc NI 18 blocks,sa,112,112,14,1
sk_02,B20673,19,1,MASc NI 18 blocks,sa,112,112,14,1
sk_02,B20673,19,1,MASc NI 18 blocks,sa,112,112,14,1
sk_03,B18200,19,1,MASc NI 18 blocks,sa,112,112,14,1
sk_03,B18200,19,1,MASc NI 18 blocks,sa,112,112,14,1
sk_03,B5817,19,1,MASc NI 18 blocks,sa,112,112,14,1
fb_01,B18200,20,1,MASc NI 18 blocks,sa,112,112,14,1
fb_01,B20631,20,1,MASc NI 18 blocks,sa,112,112,14,1
fb_01,B20632,20,1,MASc NI 18 blocks,sa,112,112,14,1
fb_02,B18200,20,1,MASc NI 18 blocks,sa,112,112,14,1
fb_02,B30103,20,1,MASc NI 18 blocks,sa,112,112,14,1
fb_02,B31203,20,1,MASc NI 18 blocks,sa,112,112,14,1
fb_03,B30099,20,1,MASc NI 18 blocks,sa,112,112,14,1
fb_03,B30099,20,1,MASc NI 18 blocks,sa,112,112,14,1
fb_03,B30099,20,1,MASc NI 18 blocks,sa,112,112,14,1
ld_01,B14953,20,1,MASc NI 18 blocks,sa,112,112,14,1
ld_01,B18200,20,1,MASc NI 18 blocks,sa,112,112,14,1
ld_02,B20673,20,1,MASc NI 18 blocks,sa,112,112,14,1
ld_03,B14953,20,1,MASc NI 18 blocks,sa,112,112,14,1
pr_01,B18200,20,1,MASc NI 18 blocks,sa,112,112,14,1
pr_01,B4497,20,1,MASc NI 18 blocks,sa,112,112,14,1
pr_02,B14953,20,1,MASc NI 18 blocks,sa,112,112,14,1
pr_02,B20673,20,1,MASc NI 18 blocks,sa,112,112,14,1
pr_03,B18200,20,1,MASc NI 18 blocks,sa,112,112,14,1
pr_03,B5817,20,1,MASc NI 18 blocks,sa,112,112,14,1
sk_01,B11805,20,1,MASc NI 18 blocks,sa,112,112,14,1
sk_01,B11805,20,1,MASc NI 18 blocks,sa,112,112,14,1
sk_01,B11805,20,1,MASc NI 18 blocks,sa,112,112,14,1
sk_02,B20673,20,1,MASc NI 18 blocks,sa,112,112,14,1
sk_02,B20673,20,1,MASc NI 18 blocks,sa,112,112,14,1
sk_02,B20673,20,1,MASc NI 18 blocks,sa,112,112,14,1
sk_03,B18200,20,1,MASc NI 18 blocks,sa,112,112,14,1
sk_03,B5817,20,1,MASc NI 18 blocks,sa,112,112,14,1
sk_03,B5817,20,1,MASc NI 18 blocks,sa,112,112,14,1
fb_01,B20673,21,1,MASc NI 18 blocks,sa,112,112,14,1
fb_01,B21443,21,1,MASc NI 18 blocks,sa,112,112,14,1
fb_01,B30103,21,1,MASc NI 18 blocks,sa,112,112,14,1
fb_02,B18200,21,1,MASc NI 18 blocks,sa,112,112,14,1
fb_02,B31203,21,1,MASc NI 18 blocks,sa,112,112,14,1
fb_02,B5817,21,1,MASc NI 18 blocks,sa,112,112,14,1
fb_03,B30099,21,1,MASc NI 18 blocks,sa,112,112,14,1
fb_03,B30099,21,1,MASc NI 18 blocks,sa,112,112,14,1
fb_03,B30099,21,1,MASc NI 18 blocks,sa,112,112,14,1
ld_01,B14953,21,1,MASc NI 18 blocks,sa,112,112,14,1
ld_01,B20673,21,1,MASc NI 18 blocks,sa,112,112,14,1
ld_01,B5817,21,1,MASc NI 18 blocks,sa,112,112,14,1
ld_02,B18200,21,1,MASc NI 18 blocks,sa,112,112,14,1
ld_02,B4497,21,1,MASc NI 18 blocks,sa,112,112,14,1
ld_03,B18200,21,1,MASc NI 18 blocks,sa,112,112,14,1
ld_03,B20673,21,1,MASc NI 18 blocks,sa,112,112,14,1
pr_01,B11805,21,1,MASc NI 18 blocks,sa,112,112,14,1
pr_02,B20673,21,1,MASc NI 18 blocks,sa,112,112,14,1
pr_03,B5817,21,1,MASc NI 18 blocks,sa,112,112,14,1
sk_01,B11805,21,1,MASc NI 18 blocks,sa,112,112,14,1
sk_01,B6017,21,1,MASc NI 18 blocks,sa,112,112,14,1
sk_01,B6017,21,1,MASc NI 18 blocks,sa,112,112,14,1
sk_02,B20673,21,1,MASc NI 18 blocks,sa,112,112,14,1
sk_02,B6017,21,1,MASc NI 18 blocks,sa,112,112,14,1
sk_02,B6017,21,1,MASc NI 18 blocks,sa,112,112,14,1
sk_03,B18200,21,1,MASc NI 18 blocks,sa,112,112,14,1
sk_03,B18200,21,1,MASc NI 18 blocks,sa,112,112,14,1
sk_03,B5817,21,1,MASc NI 18 blocks,sa,112,112,14,1
fb_01,B31203,22,1,MASc NI 18 blocks,sa,112,112,14,1
fb_01,B35154,22,1,MASc NI 18 blocks,sa,112,112,14,1
fb_01,B4497,22,1,MASc NI 18 blocks,sa,112,112,14,1
fb_02,B10412,22,1,MASc NI 18 blocks,sa,112,112,14,1
fb_02,B31203,22,1,MASc NI 18 blocks,sa,112,112,14,1
fb_02,B5817,22,1,MASc NI 18 blocks,sa,112,112,14,1
fb_03,B30099,22,1,MASc NI 18 blocks,sa,112,112,14,1
fb_03,B30099,22,1,MASc NI 18 blocks,sa,112,112,14,1
fb_03,B30099,22,1,MASc NI 18 blocks,sa,112,112,14,1
ld_01,B11805,22,1,MASc NI 18 blocks,sa,112,112,14,1
ld_01,B5817,22,1,MASc NI 18 blocks,sa,112,112,14,1
ld_02,B11805,22,1,MASc NI 18 blocks,sa,112,112,14,1
ld_02,B20673,22,1,MASc NI 18 blocks,sa,112,112,14,1
ld_03,B20673,22,1,MASc NI 18 blocks,sa,112,112,14,1
pr_01,B11805,22,1,MASc NI 18 blocks,sa,112,112,14,1
pr_01,B18200,22,1,MASc NI 18 blocks,sa,112,112,14,1
pr_01,B6017,22,1,MASc NI 18 blocks,sa,112,112,14,1
pr_02,B20673,22,1,MASc NI 18 blocks,sa,112,112,14,1
pr_02,B5817,22,1,MASc NI 18 blocks,sa,112,112,14,1
pr_03,B18200,22,1,MASc NI 18 blocks,sa,112,112,14,1
pr_03,B6017,22,1,MASc NI 18 blocks,sa,112,112,14,1
sk_01,B14953,22,1,MASc NI 18 blocks,sa,112,112,14,1
sk_01,B14953,22,1,MASc NI 18 blocks,sa,112,112,14,1
sk_01,B14953,22,1,MASc NI 18 blocks,sa,112,112,14,1
sk_02,B20673,22,1,MASc NI 18 blocks,sa,112,112,14,1
sk_02,B20673,22,1,MASc NI 18 blocks,sa,112,112,14,1
sk_02,B20673,22,1,MASc NI 18 blocks,sa,112,112,14,1
sk_03,B18200,22,1,MASc NI 18 blocks,sa,112,112,14,1
sk_03,B5817,22,1,MASc NI 18 blocks,sa,112,112,14,1
sk_03,B5817,22,1,MASc NI 18 blocks,sa,112,112,14,1
fb_01,B11805,23,1,MASc NI 18 blocks,sa,112,112,14,1
fb_01,B5817,23,1,MASc NI 18 blocks,sa,112,112,14,1
fb_01,B6017,23,1,MASc NI 18 blocks,sa,112,112,14,1
fb_02,B11805,23,1,MASc NI 18 blocks,sa,112,112,14,1
fb_02,B14953,23,1,MASc NI 18 blocks,sa,112,112,14,1
fb_02,B31203,23,1,MASc NI 18 blocks,sa,112,112,14,1
fb_03,B30099,23,1,MASc NI 18 blocks,sa,112,112,14,1
fb_03,B30099,23,1,MASc NI 18 blocks,sa,112,112,14,1
fb_03,B30099,23,1,MASc NI 18 blocks,sa,112,112,14,1
ld_01,B11805,23,1,MASc NI 18 blocks,sa,112,112,14,1
ld_01,B5817,23,1,MASc NI 18 blocks,sa,112,112,14,1
ld_01,B6017,23,1,MASc NI 18 blocks,sa,112,112,14,1
ld_02,B18200,23,1,MASc NI 18 blocks,sa,112,112,14,1
ld_02,B20673,23,1,MASc NI 18 blocks,sa,112,112,14,1
ld_02,B20673,23,1,MASc NI 18 blocks,sa,112,112,14,1
ld_03,B11805,23,1,MASc NI 18 blocks,sa,112,112,14,1
ld_03,B6017,23,1,MASc NI 18 blocks,sa,112,112,14,1
ld_03,B6017,23,1,MASc NI 18 blocks,sa,112,112,14,1
pr_01,B14953,23,1,MASc NI 18 blocks,sa,112,112,14,1
pr_01,B14953,23,1,MASc NI 18 blocks,sa,112,112,14,1
pr_01,B18200,23,1,MASc NI 18 blocks,sa,112,112,14,1
pr_02,B14953,23,1,MASc NI 18 blocks,sa,112,112,14,1
pr_02,B20673,23,1,MASc NI 18 blocks,sa,112,112,14,1
pr_03,B14953,23,1,MASc NI 18 blocks,sa,112,112,14,1
pr_03,B5817,23,1,MASc NI 18 blocks,sa,112,112,14,1
sk_01,B14953,23,1,MASc NI 18 blocks,sa,112,112,14,1
sk_01,B4497,23,1,MASc NI 18 blocks,sa,112,112,14,1
sk_01,B4497,23,1,MASc NI 18 blocks,sa,112,112,14,1
sk_02,B20673,23,1,MASc NI 18 blocks,sa,112,112,14,1
sk_02,B20673,23,1,MASc NI 18 blocks,sa,112,112,14,1
sk_02,B20673,23,1,MASc NI 18 blocks,sa,112,112,14,1
sk_03,B18200,23,1,MASc NI 18 blocks,sa,112,112,14,1
sk_03,B4497,23,1,MASc NI 18 blocks,sa,112,112,14,1
sk_03,B5817,23,1,MASc NI 18 blocks,sa,112,112,14,1
fb_01,B18200,24,1,MASc NI 18 blocks,sa,112,112,14,1
fb_01,B20631,24,1,MASc NI 18 blocks,sa,112,112,14,1
fb_01,B20632,24,1,MASc NI 18 blocks,sa,112,112,14,1
fb_02,B18200,24,1,MASc NI 18 blocks,sa,112,112,14,1
fb_02,B5817,24,1,MASc NI 18 blocks,sa,112,112,14,1
fb_02,B5817,24,1,MASc NI 18 blocks,sa,112,112,14,1
fb_03,B30099,24,1,MASc NI 18 blocks,sa,112,112,14,1
fb_03,B30099,24,1,MASc NI 18 blocks,sa,112,112,14,1
fb_03,B30099,24,1,MASc NI 18 blocks,sa,112,112,14,1
ld_01,B14953,24,1,MASc NI 18 blocks,sa,112,112,14,1
ld_01,B20673,24,1,MASc NI 18 blocks,sa,112,112,14,1
ld_01,B20673,24,1,MASc NI 18 blocks,sa,112,112,14,1
ld_02,B11805,24,1,MASc NI 18 blocks,sa,112,112,14,1
ld_02,B14953,24,1,MASc NI 18 blocks,sa,112,112,14,1
ld_02,B5817,24,1,MASc NI 18 blocks,sa,112,112,14,1
ld_03,B14953,24,1,MASc NI 18 blocks,sa,112,112,14,1
ld_03,B18200,24,1,MASc NI 18 blocks,sa,112,112,14,1
pr_01,B4497,24,1,MASc NI 18 blocks,sa,112,112,14,1
pr_01,B5817,24,1,MASc NI 18 blocks,sa,112,112,14,1
pr_02,B14953,24,1,MASc NI 18 blocks,sa,112,112,14,1
pr_02,B4497,24,1,MASc NI 18 blocks,sa,112,112,14,1
pr_03,B4497,24,1,MASc NI 18 blocks,sa,112,112,14,1
sk_01,B10412,24,1,MASc NI 18 blocks,sa,112,112,14,1
sk_01,B10412,24,1,MASc NI 18 blocks,sa,112,112,14,1
sk_01,B6017,24,1,MASc NI 18 blocks,sa,112,112,14,1
sk_02,B20673,24,1,MASc NI 18 blocks,sa,112,112,14,1
sk_02,B6017,24,1,MASc NI 18 blocks,sa,112,112,14,1
sk_02,B6017,24,1,MASc NI 18 blocks,sa,112,112,14,1
sk_03,B18200,24,1,MASc NI 18 blocks,sa,112,112,14,1
sk_03,B5817,24,1,MASc NI 18 blocks,sa,112,112,14,1
sk_03,B5817,24,1,MASc NI 18 blocks,sa,112,112,14,1
fb_01,B20673,25,1,MASc NI 18 blocks,sa,112,112,14,1
fb_01,B21443,25,1,MASc NI 18 blocks,sa,112,112,14,1
fb_01,B30103,25,1,MASc NI 18 blocks,sa,112,112,14,1
fb_02,B18200,25,1,MASc NI 18 blocks,sa,112,112,14,1
fb_02,B18200,25,1,MASc NI 18 blocks,sa,112,112,14,1
fb_02,B5817,25,1,MASc NI 18 blocks,sa,112,112,14,1
fb_03,B30099,25,1,MASc NI 18 blocks,sa,112,112,14,1
fb_03,B30099,25,1,MASc NI 18 blocks,sa,112,112,14,1
fb_03,B30099,25,1,MASc NI 18 blocks,sa,112,112,14,1
ld_01,B4497,25,1,MASc NI 18 blocks,sa,112,112,14,1
ld_01,B5817,25,1,MASc NI 18 blocks,sa,112,112,14,1
ld_02,B4497,25,1,MASc NI 18 blocks,sa,112,112,14,1
ld_02,B4497,25,1,MASc NI 18 blocks,sa,112,112,14,1
ld_03,B4497,25,1,MASc NI 18 blocks,sa,112,112,14,1
pr_01,B10412,25,1,MASc NI 18 blocks,sa,112,112,14,1
pr_01,B5817,25,1,MASc NI 18 blocks,sa,112,112,14,1
pr_02,B18200,25,1,MASc NI 18 blocks,sa,112,112,14,1
pr_02,B20673,25,1,MASc NI 18 blocks,sa,112,112,14,1
pr_03,B6017,25,1,MASc NI 18 blocks,sa,112,112,14,1
sk_01,B14953,25,1,MASc NI 18 blocks,sa,112,112,14,1
sk_01,B14953,25,1,MASc NI 18 blocks,sa,112,112,14,1
sk_01,B18200,25,1,MASc NI 18 blocks,sa,112,112,14,1
sk_02,B14953,25,1,MASc NI 18 blocks,sa,112,112,14,1
sk_02,B14953,25,1,MASc NI 18 blocks,sa,112,112,14,1
sk_02,B6017,25,1,MASc NI 18 blocks,sa,112,112,14,1
sk_03,B14953,25,1,MASc NI 18 blocks,sa,112,112,14,1
sk_03,B18200,25,1,MASc NI 18 blocks,sa,112,112,14,1
sk_03,B5817,25,1,MASc NI 18 blocks,sa,112,112,14,1
fb_01,B31203,26,1,MASc NI 18 blocks,sa,112,112,14,1
fb_01,B35154,26,1,MASc NI 18 blocks,sa,112,112,14,1
fb_01,B4497,26,1,MASc NI 18 blocks,sa,112,112,14,1
fb_02,B18200,26,1,MASc NI 18 blocks,sa,112,112,14,1
fb_02,B5817,26,1,MASc NI 18 blocks,sa,112,112,14,1
fb_02,B5817,26,1,MASc NI 18 blocks,sa,112,112,14,1
fb_03,B30099,26,1,MASc NI 18 blocks,sa,112,112,14,1
fb_03,B30099,26,1,MASc NI 18 blocks,sa,112,112,14,1
fb_03,B30099,26,1,MASc NI 18 blocks,sa,112,112,14,1
ld_01,B10412,26,1,MASc NI 18 blocks,sa,112,112,14,1
ld_01,B20673,26,1,MASc NI 18 blocks,sa,112,112,14,1
ld_01,B5817,26,1,MASc NI 18 blocks,sa,112,112,14,1
ld_02,B10412,26,1,MASc NI 18 blocks,sa,112,112,14,1
ld_02,B18200,26,1,MASc NI 18 blocks,sa,112,112,14,1
ld_02,B6017,26,1,MASc NI 18 blocks,sa,112,112,14,1
ld_03,B10412,26,1,MASc NI 18 blocks,sa,112,112,14,1
ld_03,B20673,26,1,MASc NI 18 blocks,sa,112,112,14,1
ld_03,B6017,26,1,MASc NI 18 blocks,sa,112,112,14,1
pr_01,B14953,26,1,MASc NI 18 blocks,sa,112,112,14,1
pr_01,B18200,26,1,MASc NI 18 blocks,sa,112,112,14,1
pr_01,B6017,26,1,MASc NI 18 blocks,sa,112,112,14,1
pr_02,B14953,26,1,MASc NI 18 blocks,sa,112,112,14,1
pr_02,B14953,26,1,MASc NI 18 blocks,sa,112,112,14,1
pr_02,B5817,26,1,MASc NI 18 blocks,sa,112,112,14,1
pr_03,B14953,26,1,MASc NI 18 blocks,sa,112,112,14,1
pr_03,B14953,26,1,MASc NI 18 blocks,sa,112,112,14,1
pr_03,B18200,26,1,MASc NI 18 blocks,sa,112,112,14,1
sk_01,B21443,26,1,MASc NI 18 blocks,sa,112,112,14,1
sk_01,B21443,26,1,MASc NI 18 blocks,sa,112,112,14,1
sk_01,B21443,26,1,MASc NI 18 blocks,sa,112,112,14,1
sk_02,B20673,26,1,MASc NI 18 blocks,sa,112,112,14,1
sk_02,B20673,26,1,MASc NI 18 blocks,sa,112,112,14,1
sk_02,B20673,26,1,MASc NI 18 blocks,sa,112,112,14,1
sk_03,B18200,26,1,MASc NI 18 blocks,sa,112,112,14,1
sk_03,B5817,26,1,MASc NI 18 blocks,sa,112,112,14,1
sk_03,B5817,26,1,MASc NI 18 blocks,sa,112,112,14,1
fb_01,B20673,27,1,MASc NI 18 blocks,sa,112,112,14,1
fb_01,B5817,27,1,MASc NI 18 blocks,sa,112,112,14,1
fb_01,B6017,27,1,MASc NI 18 blocks,sa,112,112,14,1
fb_02,B18200,27,1,MASc NI 18 blocks,sa,112,112,14,1
fb_02,B18200,27,1,MASc NI 18 blocks,sa,112,112,14,1
fb_02,B5817,27,1,MASc NI 18 blocks,sa,112,112,14,1
fb_03,B30099,27,1,MASc NI 18 blocks,sa,112,112,14,1
fb_03,B30099,27,1,MASc NI 18 blocks,sa,112,112,14,1
fb_03,B30099,27,1,MASc NI 18 blocks,sa,112,112,14,1
ld_01,B14953,27,1,MASc NI 18 blocks,sa,112,112,14,1
ld_01,B5817,27,1,MASc NI 18 blocks,sa,112,112,14,1
ld_01,B6017,27,1,MASc NI 18 blocks,sa,112,112,14,1
ld_02,B14953,27,1,MASc NI 18 blocks,sa,112,112,14,1
ld_02,B18200,27,1,MASc NI 18 blocks,sa,112,112,14,1
ld_02,B18200,27,1,MASc NI 18 blocks,sa,112,112,14,1
ld_03,B14953,27,1,MASc NI 18 blocks,sa,112,112,14,1
ld_03,B14953,27,1,MASc NI 18 blocks,sa,112,112,14,1
ld_03,B6017,27,1,MASc NI 18 blocks,sa,112,112,14,1
pr_01,B14953,27,1,MASc NI 18 blocks,sa,112,112,14,1
pr_01,B5817,27,1,MASc NI 18 blocks,sa,112,112,14,1
pr_02,B20673,27,1,MASc NI 18 blocks,sa,112,112,14,1
pr_03,B21443,27,1,MASc NI 18 blocks,sa,112,112,14,1
sk_01,B21443,27,1,MASc NI 18 blocks,sa,112,112,14,1
sk_01,B4497,27,1,MASc NI 18 blocks,sa,112,112,14,1
sk_01,B4497,27,1,MASc NI 18 blocks,sa,112,112,14,1
sk_02,B20673,27,1,MASc NI 18 blocks,sa,112,112,14,1
sk_02,B20673,27,1,MASc NI 18 blocks,sa,112,112,14,1
sk_02,B20673,27,1,MASc NI 18 blocks,sa,112,112,14,1
sk_03,B18200,27,1,MASc NI 18 blocks,sa,112,112,14,1
sk_03,B18200,27,1,MASc NI 18 blocks,sa,112,112,14,1
sk_03,B5817,27,1,MASc NI 18 blocks,sa,112,112,14,1
fb_01,B18200,28,1,MASc NI 18 blocks,sa,112,112,14,1
fb_01,B20631,28,1,MASc NI 18 blocks,sa,112,112,14,1
fb_01,B20632,28,1,MASc NI 18 blocks,sa,112,112,14,1
fb_02,B18200,28,1,MASc NI 18 blocks,sa,112,112,14,1
fb_02,B5817,28,1,MASc NI 18 blocks,sa,112,112,14,1
fb_02,B5817,28,1,MASc NI 18 blocks,sa,112,112,14,1
fb_03,B30099,28,1,MASc NI 18 blocks,sa,112,112,14,1
fb_03,B30099,28,1,MASc NI 18 blocks,sa,112,112,14,1
fb_03,B30099,28,1,MASc NI 18 blocks,sa,112,112,14,1
ld_01,B21443,28,1,MASc NI 18 blocks,sa,112,112,14,1
ld_01,B5817,28,1,MASc NI 18 blocks,sa,112,112,14,1
ld_02,B20673,28,1,MASc NI 18 blocks,sa,112,112,14,1
ld_03,B20673,28,1,MASc NI 18 blocks,sa,112,112,14,1
pr_01,B20673,28,1,MASc NI 18 blocks,sa,112,112,14,1
pr_01,B5817,28,1,MASc NI 18 blocks,sa,112,112,14,1
pr_02,B18200,28,1,MASc NI 18 blocks,sa,112,112,14,1
pr_02,B4497,28,1,MASc NI 18 blocks,sa,112,112,14,1
pr_03,B18200,28,1,MASc NI 18 blocks,sa,112,112,14,1
pr_03,B4497,28,1,MASc NI 18 blocks,sa,112,112,14,1
sk_01,B11805,28,1,MASc NI 18 blocks,sa,112,112,14,1
sk_01,B6017,28,1,MASc NI 18 blocks,sa,112,112,14,1
sk_01,B6017,28,1,MASc NI 18 blocks,sa,112,112,14,1
sk_02,B18200,28,1,MASc NI 18 blocks,sa,112,112,14,1
sk_02,B6017,28,1,MASc NI 18 blocks,sa,112,112,14,1
sk_02,B6017,28,1,MASc NI 18 blocks,sa,112,112,14,1
sk_03,B18200,28,1,MASc NI 18 blocks,sa,112,112,14,1
sk_03,B5817,28,1,MASc NI 18 blocks,sa,112,112,14,1
sk_03,B5817,28,1,MASc NI 18 blocks,sa,112,112,14,1
fb_01,B10412,29,1,MASc NI 18 blocks,sa,112,112,14,1
fb_01,B11042,29,1,MASc NI 18 blocks,sa,112,112,14,1
fb_01,B11805,29,1,MASc NI 18 blocks,sa,112,112,14,1
fb_02,B18200,29,1,MASc NI 18 blocks,sa,112,112,14,1
fb_02,B31203,29,1,MASc NI 18 blocks,sa,112,112,14,1
fb_02,B5817,29,1,MASc NI 18 blocks,sa,112,112,14,1
fb_03,B14953,29,1,MASc NI 18 blocks,sa,112,112,14,1
fb_03,B18200,29,1,MASc NI 18 blocks,sa,112,112,14,1
fb_03,B20673,29,1,MASc NI 18 blocks,sa,112,112,14,1
fb_01,B18200,30,1,MASc NI 18 blocks,sa,112,112,14,1
fb_01,B20631,30,1,MASc NI 18 blocks,sa,112,112,14,1
fb_01,B20632,30,1,MASc NI 18 blocks,sa,112,112,14,1
fb_02,B18200,30,1,MASc NI 18 blocks,sa,112,112,14,1
fb_02,B20673,30,1,MASc NI 18 blocks,sa,112,112,14,1
fb_02,B5817,30,1,MASc NI 18 blocks,sa,112,112,14,1
fb_03,B14953,30,1,MASc NI 18 blocks,sa,112,112,14,1
fb_03,B14953,30,1,MASc NI 18 blocks,sa,112,112,14,1
fb_03,B14953,30,1,MASc NI 18 blocks,sa,112,112,14,1
sk_01,B10412,30,1,MASc NI 18 blocks,sa,112,112,14,1
sk_01,B11042,30,1,MASc NI 18 blocks,sa,112,112,14,1
sk_01,B11042,30,1,MASc NI 18 blocks,sa,112,112,14,1
sk_02,B20673,30,1,MASc NI 18 blocks,sa,112,112,14,1
sk_02,B20673,30,1,MASc NI 18 blocks,sa,112,112,14,1
sk_02,B20673,30,1,MASc NI 18 blocks,sa,112,112,14,1
sk_03,B10412,30,1,MASc NI 18 blocks,sa,112,112,14,1
sk_03,B11042,30,1,MASc NI 18 blocks,sa,112,112,14,1
sk_03,B11805,30,1,MASc NI 18 blocks,sa,112,112,14,1
fb_01,B18200,31,1,MASc NI 18 blocks,sa,112,112,14,1
fb_01,B20673,31,1,MASc NI 18 blocks,sa,112,112,14,1
fb_01,B21443,31,1,MASc NI 18 blocks,sa,112,112,14,1
fb_02,B30103,31,1,MASc NI 18 blocks,sa,112,112,14,1
fb_02,B31203,31,1,MASc NI 18 blocks,sa,112,112,14,1
fb_02,B5817,31,1,MASc NI 18 blocks,sa,112,112,14,1
fb_03,B14953,31,1,MASc NI 18 blocks,sa,112,112,14,1
fb_03,B14953,31,1,MASc NI 18 blocks,sa,112,112,14,1
fb_03,B14953,31,1,MASc NI 18 blocks,sa,112,112,14,1
pr_01,B10412,31,1,MASc NI 18 blocks,sa,112,112,14,1
pr_02,B11042,31,1,MASc NI 18 blocks,sa,112,112,14,1
pr_03,B11042,31,1,MASc NI 18 blocks,sa,112,112,14,1
sk_01,B11805,31,1,MASc NI 18 blocks,sa,112,112,14,1
sk_01,B11805,31,1,MASc NI 18 blocks,sa,112,112,14,1
sk_01,B11805,31,1,MASc NI 18 blocks,sa,112,112,14,1
sk_02,B20673,31,1,MASc NI 18 blocks,sa,112,112,14,1
sk_02,B20673,31,1,MASc NI 18 blocks,sa,112,112,14,1
sk_02,B20673,31,1,MASc NI 18 blocks,sa,112,112,14,1
sk_03,B18200,31,1,MASc NI 18 blocks,sa,112,112,14,1
sk_03,B18200,31,1,MASc NI 18 blocks,sa,112,112,14,1
sk_03,B5817,31,1,MASc NI 18 blocks,sa,112,112,14,1
fb_01,B31203,32,1,MASc NI 18 blocks,sa,112,112,14,1
fb_01,B35154,32,1,MASc NI 18 blocks,sa,112,112,14,1
fb_01,B4497,32,1,MASc NI 18 blocks,sa,112,112,14,1
fb_02,B18200,32,1,MASc NI 18 blocks,sa,112,112,14,1
fb_02,B20673,32,1,MASc NI 18 blocks,sa,112,112,14,1
fb_02,B30103,32,1,MASc NI 18 blocks,sa,112,112,14,1
fb_03,B14953,32,1,MASc NI 18 blocks,sa,112,112,14,1
fb_03,B14953,32,1,MASc NI 18 blocks,sa,112,112,14,1
fb_03,B14953,32,1,MASc NI 18 blocks,sa,112,112,14,1
ld_01,B10412,32,1,MASc NI 18 blocks,sa,112,112,14,1
ld_01,B10412,32,1,MASc NI 18 blocks,sa,112,112,14,1
ld_01,B11042,32,1,MASc NI 18 blocks,sa,112,112,14,1
ld_02,B10412,32,1,MASc NI 18 blocks,sa,112,112,14,1
ld_02,B11042,32,1,MASc NI 18 blocks,sa,112,112,14,1
ld_03,B11042,32,1,MASc NI 18 blocks,sa,112,112,14,1
ld_03,B11042,32,1,MASc NI 18 blocks,sa,112,112,14,1
pr_01,B11805,32,1,MASc NI 18 blocks,sa,112,112,14,1
pr_01,B18200,32,1,MASc NI 18 blocks,sa,112,112,14,1
pr_02,B20673,32,1,MASc NI 18 blocks,sa,112,112,14,1
pr_03,B11805,32,1,MASc NI 18 blocks,sa,112,112,14,1
sk_01,B14953,32,1,MASc NI 18 blocks,sa,112,112,14,1
sk_01,B14953,32,1,MASc NI 18 blocks,sa,112,112,14,1
sk_01,B14953,32,1,MASc NI 18 blocks,sa,112,112,14,1
sk_02,B20673,32,1,MASc NI 18 blocks,sa,112,112,14,1
sk_02,B20673,32,1,MASc NI 18 blocks,sa,112,112,14,1
sk_02,B20673,32,1,MASc NI 18 blocks,sa,112,112,14,1
sk_03,B18200,32,1,MASc NI 18 blocks,sa,112,112,14,1
sk_03,B5817,32,1,MASc NI 18 blocks,sa,112,112,14,1
sk_03,B5817,32,1,MASc NI 18 blocks,sa,112,112,14,1
fb_01,B11805,33,1,MASc NI 18 blocks,sa,112,112,14,1
fb_01,B5817,33,1,MASc NI 18 blocks,sa,112,112,14,1
fb_01,B6017,33,1,MASc NI 18 blocks,sa,112,112,14,1
fb_02,B18200,33,1,MASc NI 18 blocks,sa,112,112,14,1
fb_02,B31203,33,1,MASc NI 18 blocks,sa,112,112,14,1
fb_02,B5817,33,1,MASc NI 18 blocks,sa,112,112,14,1
fb_03,B14953,33,1,MASc NI 18 blocks,sa,112,112,14,1
fb_03,B14953,33,1,MASc NI 18 blocks,sa,112,112,14,1
fb_03,B14953,33,1,MASc NI 18 blocks,sa,112,112,14,1
ld_01,B11805,33,1,MASc NI 18 blocks,sa,112,112,14,1
ld_01,B20673,33,1,MASc NI 18 blocks,sa,112,112,14,1
ld_02,B11805,33,1,MASc NI 18 blocks,sa,112,112,14,1
ld_02,B11805,33,1,MASc NI 18 blocks,sa,112,112,14,1
ld_03,B11805,33,1,MASc NI 18 blocks,sa,112,112,14,1
pr_01,B14953,33,1,MASc NI 18 blocks,sa,112,112,14,1
pr_01,B20673,33,1,MASc NI 18 blocks,sa,112,112,14,1
pr_02,B14953,33,1,MASc NI 18 blocks,sa,112,112,14,1
pr_02,B5817,33,1,MASc NI 18 blocks,sa,112,112,14,1
pr_03,B14953,33,1,MASc NI 18 blocks,sa,112,112,14,1
pr_03,B18200,33,1,MASc NI 18 blocks,sa,112,112,14,1
sk_01,B14953,33,1,MASc NI 18 blocks,sa,112,112,14,1
sk_01,B4497,33,1,MASc NI 18 blocks,sa,112,112,14,1
sk_01,B4497,33,1,MASc NI 18 blocks,sa,112,112,14,1
sk_02,B20673,33,1,MASc NI 18 blocks,sa,112,112,14,1
sk_02,B20673,33,1,MASc NI 18 blocks,sa,112,112,14,1
sk_02,B20673,33,1,MASc NI 18 blocks,sa,112,112,14,1
sk_03,B18200,33,1,MASc NI 18 blocks,sa,112,112,14,1
sk_03,B18200,33,1,MASc NI 18 blocks,sa,112,112,14,1
sk_03,B5817,33,1,MASc NI 18 blocks,sa,112,112,14,1
fb_01,B18200,34,1,MASc NI 18 blocks,sa,112,112,14,1
fb_01,B20631,34,1,MASc NI 18 blocks,sa,112,112,14,1
fb_01,B20632,34,1,MASc NI 18 blocks,sa,112,112,14,1
fb_02,B20673,34,1,MASc NI 18 blocks,sa,112,112,14,1
fb_02,B30103,34,1,MASc NI 18 blocks,sa,112,112,14,1
fb_02,B31203,34,1,MASc NI 18 blocks,sa,112,112,14,1
fb_03,B30099,34,1,MASc NI 18 blocks,sa,112,112,14,1
fb_03,B30099,34,1,MASc NI 18 blocks,sa,112,112,14,1
fb_03,B30099,34,1,MASc NI 18 blocks,sa,112,112,14,1
ld_01,B14953,34,1,MASc NI 18 blocks,sa,112,112,14,1
ld_01,B18200,34,1,MASc NI 18 blocks,sa,112,112,14,1
ld_02,B14953,34,1,MASc NI 18 blocks,sa,112,112,14,1
ld_02,B20673,34,1,MASc NI 18 blocks,sa,112,112,14,1
ld_03,B20673,34,1,MASc NI 18 blocks,sa,112,112,14,1
pr_01,B20673,34,1,MASc NI 18 blocks,sa,112,112,14,1
pr_01,B4497,34,1,MASc NI 18 blocks,sa,112,112,14,1
pr_02,B14953,34,1,MASc NI 18 blocks,sa,112,112,14,1
pr_02,B18200,34,1,MASc NI 18 blocks,sa,112,112,14,1
pr_03,B5817,34,1,MASc NI 18 blocks,sa,112,112,14,1
sk_01,B11805,34,1,MASc NI 18 blocks,sa,112,112,14,1
sk_01,B11805,34,1,MASc NI 18 blocks,sa,112,112,14,1
sk_01,B11805,34,1,MASc NI 18 blocks,sa,112,112,14,1
sk_02,B20673,34,1,MASc NI 18 blocks,sa,112,112,14,1
sk_02,B20673,34,1,MASc NI 18 blocks,sa,112,112,14,1
sk_02,B20673,34,1,MASc NI 18 blocks,sa,112,112,14,1
sk_03,B18200,34,1,MASc NI 18 blocks,sa,112,112,14,1
sk_03,B5817,34,1,MASc NI 18 blocks,sa,112,112,14,1
sk_03,B5817,34,1,MASc NI 18 blocks,sa,112,112,14,1
fb_01,B20673,35,1,MASc NI 18 blocks,sa,112,112,14,1
fb_01,B21443,35,1,MASc NI 18 blocks,sa,112,112,14,1
fb_01,B30103,35,1,MASc NI 18 blocks,sa,112,112,14,1
fb_02,B11805,35,1,MASc NI 18 blocks,sa,112,112,14,1
fb_02,B18200,35,1,MASc NI 18 blocks,sa,112,112,14,1
fb_02,B5817,35,1,MASc NI 18 blocks,sa,112,112,14,1
fb_03,B18200,35,1,MASc NI 18 blocks,sa,112,112,14,1
fb_03,B30099,35,1,MASc NI 18 blocks,sa,112,112,14,1
fb_03,B30099,35,1,MASc NI 18 blocks,sa,112,112,14,1
ld_01,B20673,35,1,MASc NI 18 blocks,sa,112,112,14,1
ld_01,B5817,35,1,MASc NI 18 blocks,sa,112,112,14,1
ld_02,B18200,35,1,MASc NI 18 blocks,sa,112,112,14,1
ld_02,B4497,35,1,MASc NI 18 blocks,sa,112,112,14,1
ld_03,B20673,35,1,MASc NI 18 blocks,sa,112,112,14,1
pr_01,B11805,35,1,MASc NI 18 blocks,sa,112,112,14,1
pr_01,B18200,35,1,MASc NI 18 blocks,sa,112,112,14,1
pr_02,B20673,35,1,MASc NI 18 blocks,sa,112,112,14,1
pr_03,B5817,35,1,MASc NI 18 blocks,sa,112,112,14,1
sk_01,B11805,35,1,MASc NI 18 blocks,sa,112,112,14,1
sk_01,B6017,35,1,MASc NI 18 blocks,sa,112,112,14,1
sk_01,B6017,35,1,MASc NI 18 blocks,sa,112,112,14,1
sk_02,B20673,35,1,MASc NI 18 blocks,sa,112,112,14,1
sk_02,B20673,35,1,MASc NI 18 blocks,sa,112,112,14,1
sk_02,B20673,35,1,MASc NI 18 blocks,sa,112,112,14,1
sk_03,B18200,35,1,MASc NI 18 blocks,sa,112,112,14,1
sk_03,B18200,35,1,MASc NI 18 blocks,sa,112,112,14,1
sk_03,B5817,35,1,MASc NI 18 blocks,sa,112,112,14,1
fb_01,B31203,36,1,MASc NI 18 blocks,sa,112,112,14,1
fb_01,B35154,36,1,MASc NI 18 blocks,sa,112,112,14,1
fb_01,B4497,36,1,MASc NI 18 blocks,sa,112,112,14,1
fb_02,B30103,36,1,MASc NI 18 blocks,sa,112,112,14,1
fb_02,B31203,36,1,MASc NI 18 blocks,sa,112,112,14,1
fb_02,B5817,36,1,MASc NI 18 blocks,sa,112,112,14,1
fb_03,B30099,36,1,MASc NI 18 blocks,sa,112,112,14,1
fb_03,B30099,36,1,MASc NI 18 blocks,sa,112,112,14,1
fb_03,B5817,36,1,MASc NI 18 blocks,sa,112,112,14,1
ld_01,B20673,36,1,MASc NI 18 blocks,sa,112,112,14,1
ld_01,B5817,36,1,MASc NI 18 blocks,sa,112,112,14,1
ld_02,B11805,36,1,MASc NI 18 blocks,sa,112,112,14,1
ld_02,B18200,36,1,MASc NI 18 blocks,sa,112,112,14,1
ld_03,B11805,36,1,MASc NI 18 blocks,sa,112,112,14,1
ld_03,B20673,36,1,MASc NI 18 blocks,sa,112,112,14,1
pr_01,B11805,36,1,MASc NI 18 blocks,sa,112,112,14,1
pr_01,B5817,36,1,MASc NI 18 blocks,sa,112,112,14,1
pr_02,B18200,36,1,MASc NI 18 blocks,sa,112,112,14,1
pr_02,B20673,36,1,MASc NI 18 blocks,sa,112,112,14,1
pr_03,B6017,36,1,MASc NI 18 blocks,sa,112,112,14,1
sk_01,B14953,36,1,MASc NI 18 blocks,sa,112,112,14,1
sk_01,B6017,36,1,MASc NI 18 blocks,sa,112,112,14,1
sk_01,B6017,36,1,MASc NI 18 blocks,sa,112,112,14,1
sk_02,B20673,36,1,MASc NI 18 blocks,sa,112,112,14,1
sk_02,B20673,36,1,MASc NI 18 blocks,sa,112,112,14,1
sk_02,B20673,36,1,MASc NI 18 blocks,sa,112,112,14,1
sk_03,B14953,36,1,MASc NI 18 blocks,sa,112,112,14,1
sk_03,B18200,36,1,MASc NI 18 blocks,sa,112,112,14,1
sk_03,B5817,36,1,MASc NI 18 blocks,sa,112,112,14,1
fb_01,B20673,37,1,MASc NI 18 blocks,sa,112,112,14,1
fb_01,B6017,37,1,MASc NI 18 blocks,sa,112,112,14,1
fb_01,B6017,37,1,MASc NI 18 blocks,sa,112,112,14,1
fb_02,B11805,37,1,MASc NI 18 blocks,sa,112,112,14,1
fb_02,B18200,37,1,MASc NI 18 blocks,sa,112,112,14,1
fb_02,B30103,37,1,MASc NI 18 blocks,sa,112,112,14,1
fb_03,B30099,37,1,MASc NI 18 blocks,sa,112,112,14,1
fb_03,B30099,37,1,MASc NI 18 blocks,sa,112,112,14,1
fb_03,B30099,37,1,MASc NI 18 blocks,sa,112,112,14,1
ld_01,B11805,37,1,MASc NI 18 blocks,sa,112,112,14,1
ld_01,B20673,37,1,MASc NI 18 blocks,sa,112,112,14,1
ld_01,B5817,37,1,MASc NI 18 blocks,sa,112,112,14,1
ld_02,B11805,37,1,MASc NI 18 blocks,sa,112,112,14,1
ld_02,B18200,37,1,MASc NI 18 blocks,sa,112,112,14,1
ld_02,B6017,37,1,MASc NI 18 blocks,sa,112,112,14,1
ld_03,B11805,37,1,MASc NI 18 blocks,sa,112,112,14,1
ld_03,B20673,37,1,MASc NI 18 blocks,sa,112,112,14,1
pr_01,B14953,37,1,MASc NI 18 blocks,sa,112,112,14,1
pr_01,B18200,37,1,MASc NI 18 blocks,sa,112,112,14,1
pr_01,B20673,37,1,MASc NI 18 blocks,sa,112,112,14,1
pr_02,B14953,37,1,MASc NI 18 blocks,sa,112,112,14,1
pr_02,B6017,37,1,MASc NI 18 blocks,sa,112,112,14,1
pr_03,B14953,37,1,MASc NI 18 blocks,sa,112,112,14,1
pr_03,B5817,37,1,MASc NI 18 blocks,sa,112,112,14,1
sk_01,B4497,37,1,MASc NI 18 blocks,sa,112,112,14,1
sk_01,B4497,37,1,MASc NI 18 blocks,sa,112,112,14,1
sk_01,B4497,37,1,MASc NI 18 blocks,sa,112,112,14,1
sk_02,B20673,37,1,MASc NI 18 blocks,sa,112,112,14,1
sk_02,B20673,37,1,MASc NI 18 blocks,sa,112,112,14,1
sk_02,B20673,37,1,MASc NI 18 blocks,sa,112,112,14,1
sk_03,B18200,37,1,MASc NI 18 blocks,sa,112,112,14,1
sk_03,B18200,37,1,MASc NI 18 blocks,sa,112,112,14,1
sk_03,B5817,37,1,MASc NI 18 blocks,sa,112,112,14,1
fb_01,B20631,38,1,MASc NI 18 blocks,sa,112,112,14,1
fb_01,B20632,38,1,MASc NI 18 blocks,sa,112,112,14,1
fb_01,B20673,38,1,MASc NI 18 blocks,sa,112,112,14,1
fb_02,B18200,38,1,MASc NI 18 blocks,sa,112,112,14,1
fb_02,B31203,38,1,MASc NI 18 blocks,sa,112,112,14,1
fb_02,B5817,38,1,MASc NI 18 blocks,sa,112,112,14,1
fb_03,B20673,38,1,MASc NI 18 blocks,sa,112,112,14,1
fb_03,B30099,38,1,MASc NI 18 blocks,sa,112,112,14,1
fb_03,B30099,38,1,MASc NI 18 blocks,sa,112,112,14,1
ld_01,B14953,38,1,MASc NI 18 blocks,sa,112,112,14,1
ld_01,B14953,38,1,MASc NI 18 blocks,sa,112,112,14,1
ld_01,B20673,38,1,MASc NI 18 blocks,sa,112,112,14,1
ld_02,B5817,38,1,MASc NI 18 blocks,sa,112,112,14,1
ld_02,B6017,38,1,MASc NI 18 blocks,sa,112,112,14,1
ld_03,B20673,38,1,MASc NI 18 blocks,sa,112,112,14,1
ld_03,B6017,38,1,MASc NI 18 blocks,sa,112,112,14,1
pr_01,B20673,38,1,MASc NI 18 blocks,sa,112,112,14,1
pr_01,B4497,38,1,MASc NI 18 blocks,sa,112,112,14,1
pr_02,B18200,38,1,MASc NI 18 blocks,sa,112,112,14,1
pr_02,B4497,38,1,MASc NI 18 blocks,sa,112,112,14,1
pr_03,B18200,38,1,MASc NI 18 blocks,sa,112,112,14,1
pr_03,B4497,38,1,MASc NI 18 blocks,sa,112,112,14,1
sk_01,B11805,38,1,MASc NI 18 blocks,sa,112,112,14,1
sk_01,B11805,38,1,MASc NI 18 blocks,sa,112,112,14,1
sk_01,B18200,38,1,MASc NI 18 blocks,sa,112,112,14,1
sk_02,B20673,38,1,MASc NI 18 blocks,sa,112,112,14,1
sk_02,B20673,38,1,MASc NI 18 blocks,sa,112,112,14,1
sk_02,B20673,38,1,MASc NI 18 blocks,sa,112,112,14,1
sk_03,B11805,38,1,MASc NI 18 blocks,sa,112,112,14,1
sk_03,B18200,38,1,MASc NI 18 blocks,sa,112,112,14,1
sk_03,B5817,38,1,MASc NI 18 blocks,sa,112,112,14,1
fb_01,B18200,39,1,MASc NI 18 blocks,sa,112,112,14,1
fb_01,B21443,39,1,MASc NI 18 blocks,sa,112,112,14,1
fb_01,B30103,39,1,MASc NI 18 blocks,sa,112,112,14,1
fb_02,B20673,39,1,MASc NI 18 blocks,sa,112,112,14,1
fb_02,B30103,39,1,MASc NI 18 blocks,sa,112,112,14,1
fb_02,B31203,39,1,MASc NI 18 blocks,sa,112,112,14,1
fb_03,B30099,39,1,MASc NI 18 blocks,sa,112,112,14,1
fb_03,B30099,39,1,MASc NI 18 blocks,sa,112,112,14,1
fb_03,B30099,39,1,MASc NI 18 blocks,sa,112,112,14,1
ld_01,B18200,39,1,MASc NI 18 blocks,sa,112,112,14,1
ld_01,B20673,39,1,MASc NI 18 blocks,sa,112,112,14,1
ld_01,B4497,39,1,MASc NI 18 blocks,sa,112,112,14,1
ld_02,B18200,39,1,MASc NI 18 blocks,sa,112,112,14,1
ld_02,B4497,39,1,MASc NI 18 blocks,sa,112,112,14,1
ld_02,B4497,39,1,MASc NI 18 blocks,sa,112,112,14,1
ld_03,B20673,39,1,MASc NI 18 blocks,sa,112,112,14,1
ld_03,B4497,39,1,MASc NI 18 blocks,sa,112,112,14,1
pr_01,B11805,39,1,MASc NI 18 blocks,sa,112,112,14,1
pr_01,B18200,39,1,MASc NI 18 blocks,sa,112,112,14,1
pr_02,B20673,39,1,MASc NI 18 blocks,sa,112,112,14,1
pr_03,B5817,39,1,MASc NI 18 blocks,sa,112,112,14,1
sk_01,B6017,39,1,MASc NI 18 blocks,sa,112,112,14,1
sk_01,B6017,39,1,MASc NI 18 blocks,sa,112,112,14,1
sk_01,B6017,39,1,MASc NI 18 blocks,sa,112,112,14,1
sk_02,B20673,39,1,MASc NI 18 blocks,sa,112,112,14,1
sk_02,B20673,39,1,MASc NI 18 blocks,sa,112,112,14,1
sk_02,B20673,39,1,MASc NI 18 blocks,sa,112,112,14,1
sk_03,B18200,39,1,MASc NI 18 blocks,sa,112,112,14,1
sk_03,B18200,39,1,MASc NI 18 blocks,sa,112,112,14,1
sk_03,B5817,39,1,MASc NI 18 blocks,sa,112,112,14,1
fb_01,B31203,40,1,MASc NI 18 blocks,sa,112,112,14,1
fb_01,B35154,40,1,MASc NI 18 blocks,sa,112,112,14,1
fb_01,B4497,40,1,MASc NI 18 blocks,sa,112,112,14,1
fb_02,B18200,40,1,MASc NI 18 blocks,sa,112,112,14,1
fb_02,B20673,40,1,MASc NI 18 blocks,sa,112,112,14,1
fb_02,B5817,40,1,MASc NI 18 blocks,sa,112,112,14,1
fb_03,B30099,40,1,MASc NI 18 blocks,sa,112,112,14,1
fb_03,B30099,40,1,MASc NI 18 blocks,sa,112,112,14,1
fb_03,B30099,40,1,MASc NI 18 blocks,sa,112,112,14,1
ld_01,B11805,40,1,MASc NI 18 blocks,sa,112,112,14,1
ld_01,B5817,40,1,MASc NI 18 blocks,sa,112,112,14,1
ld_02,B11805,40,1,MASc NI 18 blocks,sa,112,112,14,1
ld_02,B20673,40,1,MASc NI 18 blocks,sa,112,112,14,1
ld_03,B18200,40,1,MASc NI 18 blocks,sa,112,112,14,1
ld_03,B20673,40,1,MASc NI 18 blocks,sa,112,112,14,1
pr_01,B18200,40,1,MASc NI 18 blocks,sa,112,112,14,1
pr_01,B20673,40,1,MASc NI 18 blocks,sa,112,112,14,1
pr_02,B6017,40,1,MASc NI 18 blocks,sa,112,112,14,1
pr_03,B18200,40,1,MASc NI 18 blocks,sa,112,112,14,1
sk_01,B14953,40,1,MASc NI 18 blocks,sa,112,112,14,1
sk_01,B6017,40,1,MASc NI 18 blocks,sa,112,112,14,1
sk_01,B6017,40,1,MASc NI 18 blocks,sa,112,112,14,1
sk_02,B18200,40,1,MASc NI 18 blocks,sa,112,112,14,1
sk_02,B20673,40,1,MASc NI 18 blocks,sa,112,112,14,1
sk_02,B20673,40,1,MASc NI 18 blocks,sa,112,112,14,1
sk_03,B18200,40,1,MASc NI 18 blocks,sa,112,112,14,1
sk_03,B5817,40,1,MASc NI 18 blocks,sa,112,112,14,1
sk_03,B5817,40,1,MASc NI 18 blocks,sa,112,112,14,1
fb_01,B20673,41,1,MASc NI 18 blocks,sa,112,112,14,1
fb_01,B5817,41,1,MASc NI 18 blocks,sa,112,112,14,1
fb_01,B6017,41,1,MASc NI 18 blocks,sa,112,112,14,1
fb_02,B30103,41,1,MASc NI 18 blocks,sa,112,112,14,1
fb_02,B31203,41,1,MASc NI 18 blocks,sa,112,112,14,1
fb_02,B5817,41,1,MASc NI 18 blocks,sa,112,112,14,1
fb_03,B30099,41,1,MASc NI 18 blocks,sa,112,112,14,1
fb_03,B30099,41,1,MASc NI 18 blocks,sa,112,112,14,1
fb_03,B30099,41,1,MASc NI 18 blocks,sa,112,112,14,1
ld_01,B18200,41,1,MASc NI 18 blocks,sa,112,112,14,1
ld_01,B20673,41,1,MASc NI 18 blocks,sa,112,112,14,1
ld_02,B18200,41,1,MASc NI 18 blocks,sa,112,112,14,1
ld_02,B6017,41,1,MASc NI 18 blocks,sa,112,112,14,1
ld_03,B20673,41,1,MASc NI 18 blocks,sa,112,112,14,1
ld_03,B6017,41,1,MASc NI 18 blocks,sa,112,112,14,1
pr_01,B14953,41,1,MASc NI 18 blocks,sa,112,112,14,1
pr_01,B18200,41,1,MASc NI 18 blocks,sa,112,112,14,1
pr_02,B20673,41,1,MASc NI 18 blocks,sa,112,112,14,1
pr_02,B6017,41,1,MASc NI 18 blocks,sa,112,112,14,1
pr_03,B5817,41,1,MASc NI 18 blocks,sa,112,112,14,1
pr_03,B5817,41,1,MASc NI 18 blocks,sa,112,112,14,1
sk_01,B14953,41,1,MASc NI 18 blocks,sa,112,112,14,1
sk_01,B20673,41,1,MASc NI 18 blocks,sa,112,112,14,1
sk_01,B4497,41,1,MASc NI 18 blocks,sa,112,112,14,1
sk_02,B20673,41,1,MASc NI 18 blocks,sa,112,112,14,1
sk_02,B20673,41,1,MASc NI 18 blocks,sa,112,112,14,1
sk_02,B20673,41,1,MASc NI 18 blocks,sa,112,112,14,1
sk_03,B18200,41,1,MASc NI 18 blocks,sa,112,112,14,1
sk_03,B4497,41,1,MASc NI 18 blocks,sa,112,112,14,1
sk_03,B5817,41,1,MASc NI 18 blocks,sa,112,112,14,1
fb_01,B18200,42,1,MASc NI 18 blocks,sa,112,112,14,1
fb_01,B20631,42,1,MASc NI 18 blocks,sa,112,112,14,1
fb_01,B20632,42,1,MASc NI 18 blocks,sa,112,112,14,1
fb_02,B18200,42,1,MASc NI 18 blocks,sa,112,112,14,1
fb_02,B20673,42,1,MASc NI 18 blocks,sa,112,112,14,1
fb_02,B30103,42,1,MASc NI 18 blocks,sa,112,112,14,1
fb_03,B30099,42,1,MASc NI 18 blocks,sa,112,112,14,1
fb_03,B30099,42,1,MASc NI 18 blocks,sa,112,112,14,1
fb_03,B30099,42,1,MASc NI 18 blocks,sa,112,112,14,1
ld_01,B20673,42,1,MASc NI 18 blocks,sa,112,112,14,1
ld_01,B5817,42,1,MASc NI 18 blocks,sa,112,112,14,1
ld_01,B6017,42,1,MASc NI 18 blocks,sa,112,112,14,1
ld_02,B5817,42,1,MASc NI 18 blocks,sa,112,112,14,1
ld_02,B6017,42,1,MASc NI 18 blocks,sa,112,112,14,1
ld_03,B14953,42,1,MASc NI 18 blocks,sa,112,112,14,1
ld_03,B20673,42,1,MASc NI 18 blocks,sa,112,112,14,1
pr_01,B18200,42,1,MASc NI 18 blocks,sa,112,112,14,1
pr_01,B20673,42,1,MASc NI 18 blocks,sa,112,112,14,1
pr_02,B14953,42,1,MASc NI 18 blocks,sa,112,112,14,1
pr_02,B4497,42,1,MASc NI 18 blocks,sa,112,112,14,1
pr_03,B4497,42,1,MASc NI 18 blocks,sa,112,112,14,1
sk_01,B11805,42,1,MASc NI 18 blocks,sa,112,112,14,1
sk_01,B11805,42,1,MASc NI 18 blocks,sa,112,112,14,1
sk_01,B6017,42,1,MASc NI 18 blocks,sa,112,112,14,1
sk_02,B20673,42,1,MASc NI 18 blocks,sa,112,112,14,1
sk_02,B20673,42,1,MASc NI 18 blocks,sa,112,112,14,1
sk_02,B20673,42,1,MASc NI 18 blocks,sa,112,112,14,1
sk_03,B18200,42,1,MASc NI 18 blocks,sa,112,112,14,1
sk_03,B5817,42,1,MASc NI 18 blocks,sa,112,112,14,1
sk_03,B5817,42,1,MASc NI 18 blocks,sa,112,112,14,1
fb_01,B11042,43,1,MASc NI 18 blocks,sa,112,112,14,1
fb_01,B11805,43,1,MASc NI 18 blocks,sa,112,112,14,1
fb_01,B14953,43,1,MASc NI 18 blocks,sa,112,112,14,1
fb_02,B18200,43,1,MASc NI 18 blocks,sa,112,112,14,1
fb_02,B20673,43,1,MASc NI 18 blocks,sa,112,112,14,1
fb_02,B5817,43,1,MASc NI 18 blocks,sa,112,112,14,1
fb_03,B18200,43,1,MASc NI 18 blocks,sa,112,112,14,1
fb_03,B18200,43,1,MASc NI 18 blocks,sa,112,112,14,1
fb_03,B6017,43,1,MASc NI 18 blocks,sa,112,112,14,1
fb_01,B18200,44,1,MASc NI 18 blocks,sa,112,112,14,1
fb_01,B20631,44,1,MASc NI 18 blocks,sa,112,112,14,1
fb_01,B20632,44,1,MASc NI 18 blocks,sa,112,112,14,1
fb_02,B18200,44,1,MASc NI 18 blocks,sa,112,112,14,1
fb_02,B30103,44,1,MASc NI 18 blocks,sa,112,112,14,1
fb_02,B5817,44,1,MASc NI 18 blocks,sa,112,112,14,1
fb_03,B18200,44,1,MASc NI 18 blocks,sa,112,112,14,1
fb_03,B5817,44,1,MASc NI 18 blocks,sa,112,112,14,1
fb_03,B5817,44,1,MASc NI 18 blocks,sa,112,112,14,1
sk_01,B11042,44,1,MASc NI 18 blocks,sa,112,112,14,1
sk_01,B11042,44,1,MASc NI 18 blocks,sa,112,112,14,1
sk_01,B20673,44,1,MASc NI 18 blocks,sa,112,112,14,1
sk_02,B20673,44,1,MASc NI 18 blocks,sa,112,112,14,1
sk_02,B20673,44,1,MASc NI 18 blocks,sa,112,112,14,1
sk_02,B20673,44,1,MASc NI 18 blocks,sa,112,112,14,1
sk_03,B11042,44,1,MASc NI 18 blocks,sa,112,112,14,1
sk_03,B11805,44,1,MASc NI 18 blocks,sa,112,112,14,1
sk_03,B18200,44,1,MASc NI 18 blocks,sa,112,112,14,1
fb_01,B20673,45,1,MASc NI 18 blocks,sa,112,112,14,1
fb_01,B21443,45,1,MASc NI 18 blocks,sa,112,112,14,1
fb_01,B30103,45,1,MASc NI 18 blocks,sa,112,112,14,1
fb_02,B18200,45,1,MASc NI 18 blocks,sa,112,112,14,1
fb_02,B20673,45,1,MASc NI 18 blocks,sa,112,112,14,1
fb_02,B30103,45,1,MASc NI 18 blocks,sa,112,112,14,1
fb_03,B18200,45,1,MASc NI 18 blocks,sa,112,112,14,1
fb_03,B18200,45,1,MASc NI 18 blocks,sa,112,112,14,1
fb_03,B5817,45,1,MASc NI 18 blocks,sa,112,112,14,1
pr_01,B11042,45,1,MASc NI 18 blocks,sa,112,112,14,1
pr_02,B11042,45,1,MASc NI 18 blocks,sa,112,112,14,1
pr_03,B20673,45,1,MASc NI 18 blocks,sa,112,112,14,1
sk_01,B11805,45,1,MASc NI 18 blocks,sa,112,112,14,1
sk_01,B11805,45,1,MASc NI 18 blocks,sa,112,112,14,1
sk_01,B6017,45,1,MASc NI 18 blocks,sa,112,112,14,1
sk_02,B20631,45,1,MASc NI 18 blocks,sa,112,112,14,1
sk_02,B20673,45,1,MASc NI 18 blocks,sa,112,112,14,1
sk_02,B20673,45,1,MASc NI 18 blocks,sa,112,112,14,1
sk_03,B11805,45,1,MASc NI 18 blocks,sa,112,112,14,1
sk_03,B5817,45,1,MASc NI 18 blocks,sa,112,112,14,1
sk_03,B6017,45,1,MASc NI 18 blocks,sa,112,112,14,1
fb_01,B31203,46,1,MASc NI 18 blocks,sa,112,112,14,1
fb_01,B35154,46,1,MASc NI 18 blocks,sa,112,112,14,1
fb_01,B4497,46,1,MASc NI 18 blocks,sa,112,112,14,1
fb_02,B18200,46,1,MASc NI 18 blocks,sa,112,112,14,1
fb_02,B31203,46,1,MASc NI 18 blocks,sa,112,112,14,1
fb_02,B5817,46,1,MASc NI 18 blocks,sa,112,112,14,1
fb_03,B18200,46,1,MASc NI 18 blocks,sa,112,112,14,1
fb_03,B5817,46,1,MASc NI 18 blocks,sa,112,112,14,1
fb_03,B5817,46,1,MASc NI 18 blocks,sa,112,112,14,1
ld_01,B11042,46,1,MASc NI 18 blocks,sa,112,112,14,1
ld_01,B20673,46,1,MASc NI 18 blocks,sa,112,112,14,1
ld_02,B11042,46,1,MASc NI 18 blocks,sa,112,112,14,1
ld_02,B11042,46,1,MASc NI 18 blocks,sa,112,112,14,1
ld_03,B11042,46,1,MASc NI 18 blocks,sa,112,112,14,1
pr_01,B11805,46,1,MASc NI 18 blocks,sa,112,112,14,1
pr_02,B11805,46,1,MASc NI 18 blocks,sa,112,112,14,1
pr_03,B6017,46,1,MASc NI 18 blocks,sa,112,112,14,1
sk_01,B21443,46,1,MASc NI 18 blocks,sa,112,112,14,1
sk_01,B21443,46,1,MASc NI 18 blocks,sa,112,112,14,1
sk_01,B21443,46,1,MASc NI 18 blocks,sa,112,112,14,1
sk_02,B20673,46,1,MASc NI 18 blocks,sa,112,112,14,1
sk_02,B20673,46,1,MASc NI 18 blocks,sa,112,112,14,1
sk_02,B20673,46,1,MASc NI 18 blocks,sa,112,112,14,1
sk_03,B18200,46,1,MASc NI 18 blocks,sa,112,112,14,1
sk_03,B20673,46,1,MASc NI 18 blocks,sa,112,112,14,1
sk_03,B5817,46,1,MASc NI 18 blocks,sa,112,112,14,1
fb_01,B11805,47,1,MASc NI 18 blocks,sa,112,112,14,1
fb_01,B5817,47,1,MASc NI 18 blocks,sa,112,112,14,1
fb_01,B6017,47,1,MASc NI 18 blocks,sa,112,112,14,1
fb_02,B20673,47,1,MASc NI 18 blocks,sa,112,112,14,1
fb_02,B30103,47,1,MASc NI 18 blocks,sa,112,112,14,1
fb_02,B31203,47,1,MASc NI 18 blocks,sa,112,112,14,1
fb_03,B18200,47,1,MASc NI 18 blocks,sa,112,112,14,1
fb_03,B18200,47,1,MASc NI 18 blocks,sa,112,112,14,1
fb_03,B5817,47,1,MASc NI 18 blocks,sa,112,112,14,1
ld_01,B11805,47,1,MASc NI 18 blocks,sa,112,112,14,1
ld_01,B11805,47,1,MASc NI 18 blocks,sa,112,112,14,1
ld_02,B11805,47,1,MASc NI 18 blocks,sa,112,112,14,1
ld_02,B6017,47,1,MASc NI 18 blocks,sa,112,112,14,1
ld_03,B11805,47,1,MASc NI 18 blocks,sa,112,112,14,1
pr_01,B18200,47,1,MASc NI 18 blocks,sa,112,112,14,1
pr_01,B20673,47,1,MASc NI 18 blocks,sa,112,112,14,1
pr_02,B20673,47,1,MASc NI 18 blocks,sa,112,112,14,1
pr_02,B5817,47,1,MASc NI 18 blocks,sa,112,112,14,1
pr_03,B21443,47,1,MASc NI 18 blocks,sa,112,112,14,1
sk_01,B21443,47,1,MASc NI 18 blocks,sa,112,112,14,1
sk_01,B4497,47,1,MASc NI 18 blocks,sa,112,112,14,1
sk_01,B4497,47,1,MASc NI 18 blocks,sa,112,112,14,1
sk_02,B20673,47,1,MASc NI 18 blocks,sa,112,112,14,1
sk_02,B20673,47,1,MASc NI 18 blocks,sa,112,112,14,1
sk_02,B20673,47,1,MASc NI 18 blocks,sa,112,112,14,1
sk_03,B18200,47,1,MASc NI 18 blocks,sa,112,112,14,1
sk_03,B20673,47,1,MASc NI 18 blocks,sa,112,112,14,1
sk_03,B5817,47,1,MASc NI 18 blocks,sa,112,112,14,1
fb_01,B18200,48,1,MASc NI 18 blocks,sa,112,112,14,1
fb_01,B20631,48,1,MASc NI 18 blocks,sa,112,112,14,1
fb_01,B20632,48,1,MASc NI 18 blocks,sa,112,112,14,1
fb_02,B18200,48,1,MASc NI 18 blocks,sa,112,112,14,1
fb_02,B20673,48,1,MASc NI 18 blocks,sa,112,112,14,1
fb_02,B5817,48,1,MASc NI 18 blocks,sa,112,112,14,1
fb_03,B18200,48,1,MASc NI 18 blocks,sa,112,112,14,1
fb_03,B5817,48,1,MASc NI 18 blocks,sa,112,112,14,1
fb_03,B5817,48,1,MASc NI 18 blocks,sa,112,112,14,1
ld_01,B20673,48,1,MASc NI 18 blocks,sa,112,112,14,1
ld_01,B20673,48,1,MASc NI 18 blocks,sa,112,112,14,1
ld_02,B20673,48,1,MASc NI 18 blocks,sa,112,112,14,1
ld_02,B21443,48,1,MASc NI 18 blocks,sa,112,112,14,1
ld_03,B20673,48,1,MASc NI 18 blocks,sa,112,112,14,1
pr_01,B4497,48,1,MASc NI 18 blocks,sa,112,112,14,1
pr_02,B20673,48,1,MASc NI 18 blocks,sa,112,112,14,1
pr_03,B18200,48,1,MASc NI 18 blocks,sa,112,112,14,1
sk_01,B11805,48,1,MASc NI 18 blocks,sa,112,112,14,1
sk_01,B11805,48,1,MASc NI 18 blocks,sa,112,112,14,1
sk_01,B11805,48,1,MASc NI 18 blocks,sa,112,112,14,1
sk_02,B20673,48,1,MASc NI 18 blocks,sa,112,112,14,1
sk_02,B20673,48,1,MASc NI 18 blocks,sa,112,112,14,1
sk_02,B20673,48,1,MASc NI 18 blocks,sa,112,112,14,1
sk_03,B18200,48,1,MASc NI 18 blocks,sa,112,112,14,1
sk_03,B20673,48,1,MASc NI 18 blocks,sa,112,112,14,1
sk_03,B5817,48,1,MASc NI 18 blocks,sa,112,112,14,1
fb_01,B20673,49,1,MASc NI 18 blocks,sa,112,112,14,1
fb_01,B21443,49,1,MASc NI 18 blocks,sa,112,112,14,1
fb_01,B30103,49,1,MASc NI 18 blocks,sa,112,112,14,1
fb_02,B12039,49,1,MASc NI 18 blocks,sa,112,112,14,1
fb_02,B31203,49,1,MASc NI 18 blocks,sa,112,112,14,1
fb_02,B5817,49,1,MASc NI 18 blocks,sa,112,112,14,1
fb_03,B18200,49,1,MASc NI 18 blocks,sa,112,112,14,1
fb_03,B18200,49,1,MASc NI 18 blocks,sa,112,112,14,1
fb_03,B5817,49,1,MASc NI 18 blocks,sa,112,112,14,1
ld_01,B18200,49,1,MASc NI 18 blocks,sa,112,112,14,1
ld_01,B4497,49,1,MASc NI 18 blocks,sa,112,112,14,1
ld_02,B20673,49,1,MASc NI 18 blocks,sa,112,112,14,1
ld_03,B20673,49,1,MASc NI 18 blocks,sa,112,112,14,1
pr_01,B11805,49,1,MASc NI 18 blocks,sa,112,112,14,1
pr_02,B20673,49,1,MASc NI 18 blocks,sa,112,112,14,1
pr_03,B5817,49,1,MASc NI 18 blocks,sa,112,112,14,1
sk_01,B5817,49,1,MASc NI 18 blocks,sa,112,112,14,1
sk_01,B6017,49,1,MASc NI 18 blocks,sa,112,112,14,1
sk_01,B6017,49,1,MASc NI 18 blocks,sa,112,112,14,1
sk_02,B20673,49,1,MASc NI 18 blocks,sa,112,112,14,1
sk_02,B20673,49,1,MASc NI 18 blocks,sa,112,112,14,1
sk_02,B20673,49,1,MASc NI 18 blocks,sa,112,112,14,1
sk_03,B18200,49,1,MASc NI 18 blocks,sa,112,112,14,1
sk_03,B20673,49,1,MASc NI 18 blocks,sa,112,112,14,1
sk_03,B5817,49,1,MASc NI 18 blocks,sa,112,112,14,1
fb_01,B31203,50,1,MASc NI 18 blocks,sa,112,112,14,1
fb_01,B35154,50,1,MASc NI 18 blocks,sa,112,112,14,1
fb_01,B4497,50,1,MASc NI 18 blocks,sa,112,112,14,1
fb_02,B18200,50,1,MASc NI 18 blocks,sa,112,112,14,1
fb_02,B20673,50,1,MASc NI 18 blocks,sa,112,112,14,1
fb_02,B30103,50,1,MASc NI 18 blocks,sa,112,112,14,1
fb_03,B18200,50,1,MASc NI 18 blocks,sa,112,112,14,1
fb_03,B5817,50,1,MASc NI 18 blocks,sa,112,112,14,1
fb_03,B5817,50,1,MASc NI 18 blocks,sa,112,112,14,1
ld_01,B11805,50,1,MASc NI 18 blocks,sa,112,112,14,1
ld_01,B5817,50,1,MASc NI 18 blocks,sa,112,112,14,1
ld_02,B11805,50,1,MASc NI 18 blocks,sa,112,112,14,1
ld_02,B20673,50,1,MASc NI 18 blocks,sa,112,112,14,1
ld_03,B20673,50,1,MASc NI 18 blocks,sa,112,112,14,1
pr_01,B18200,50,1,MASc NI 18 blocks,sa,112,112,14,1
pr_01,B20673,50,1,MASc NI 18 blocks,sa,112,112,14,1
pr_02,B6017,50,1,MASc NI 18 blocks,sa,112,112,14,1
pr_03,B5817,50,1,MASc NI 18 blocks,sa,112,112,14,1
sk_01,B21443,50,1,MASc NI 18 blocks,sa,112,112,14,1
sk_01,B6017,50,1,MASc NI 18 blocks,sa,112,112,14,1
sk_01,B6017,50,1,MASc NI 18 blocks,sa,112,112,14,1
sk_02,B20673,50,1,MASc NI 18 blocks,sa,112,112,14,1
sk_02,B20673,50,1,MASc NI 18 blocks,sa,112,112,14,1
sk_02,B20673,50,1,MASc NI 18 blocks,sa,112,112,14,1
sk_03,B18200,50,1,MASc NI 18 blocks,sa,112,112,14,1
sk_03,B21443,50,1,MASc NI 18 blocks,sa,112,112,14,1
sk_03,B5817,50,1,MASc NI 18 blocks,sa,112,112,14,1
fb_01,B11805,51,1,MASc NI 18 blocks,sa,112,112,14,1
fb_01,B5817,51,1,MASc NI 18 blocks,sa,112,112,14,1
fb_01,B6017,51,1,MASc NI 18 blocks,sa,112,112,14,1
fb_02,B18200,51,1,MASc NI 18 blocks,sa,112,112,14,1
fb_02,B31203,51,1,MASc NI 18 blocks,sa,112,112,14,1
fb_02,B5817,51,1,MASc NI 18 blocks,sa,112,112,14,1
fb_03,B18200,51,1,MASc NI 18 blocks,sa,112,112,14,1
fb_03,B18200,51,1,MASc NI 18 blocks,sa,112,112,14,1
fb_03,B5817,51,1,MASc NI 18 blocks,sa,112,112,14,1
ld_01,B20673,51,1,MASc NI 18 blocks,sa,112,112,14,1
ld_01,B5817,51,1,MASc NI 18 blocks,sa,112,112,14,1
ld_02,B18200,51,1,MASc NI 18 blocks,sa,112,112,14,1
ld_02,B6017,51,1,MASc NI 18 blocks,sa,112,112,14,1
ld_03,B20673,51,1,MASc NI 18 blocks,sa,112,112,14,1
ld_03,B6017,51,1,MASc NI 18 blocks,sa,112,112,14,1
pr_01,B18200,51,1,MASc NI 18 blocks,sa,112,112,14,1
pr_01,B20673,51,1,MASc NI 18 blocks,sa,112,112,14,1
pr_02,B5817,51,1,MASc NI 18 blocks,sa,112,112,14,1
pr_02,B6017,51,1,MASc NI 18 blocks,sa,112,112,14,1
pr_03,B21443,51,1,MASc NI 18 blocks,sa,112,112,14,1
sk_01,B4497,51,1,MASc NI 18 blocks,sa,112,112,14,1
sk_01,B4497,51,1,MASc NI 18 blocks,sa,112,112,14,1
sk_01,B4497,51,1,MASc NI 18 blocks,sa,112,112,14,1
sk_02,B20673,51,1,MASc NI 18 blocks,sa,112,112,14,1
sk_02,B20673,51,1,MASc NI 18 blocks,sa,112,112,14,1
sk_02,B20673,51,1,MASc NI 18 blocks,sa,112,112,14,1
sk_03,B18200,51,1,MASc NI 18 blocks,sa,112,112,14,1
sk_03,B20673,51,1,MASc NI 18 blocks,sa,112,112,14,1
sk_03,B5817,51,1,MASc NI 18 blocks,sa,112,112,14,1
fb_01,B18200,52,1,MASc NI 18 blocks,sa,112,112,14,1
fb_01,B20631,52,1,MASc NI 18 blocks,sa,112,112,14,1
fb_01,B20632,52,1,MASc NI 18 blocks,sa,112,112,14,1
fb_02,B20673,52,1,MASc NI 18 blocks,sa,112,112,14,1
fb_02,B30103,52,1,MASc NI 18 blocks,sa,112,112,14,1
fb_02,B31203,52,1,MASc NI 18 blocks,sa,112,112,14,1
fb_03,B18200,52,1,MASc NI 18 blocks,sa,112,112,14,1
fb_03,B5817,52,1,MASc NI 18 blocks,sa,112,112,14,1
fb_03,B5817,52,1,MASc NI 18 blocks,sa,112,112,14,1
ld_01,B20673,52,1,MASc NI 18 blocks,sa,112,112,14,1
ld_01,B5817,52,1,MASc NI 18 blocks,sa,112,112,14,1
ld_01,B6017,52,1,MASc NI 18 blocks,sa,112,112,14,1
ld_02,B18200,52,1,MASc NI 18 blocks,sa,112,112,14,1
ld_02,B21443,52,1,MASc NI 18 blocks,sa,112,112,14,1
ld_02,B6017,52,1,MASc NI 18 blocks,sa,112,112,14,1
ld_03,B20673,52,1,MASc NI 18 blocks,sa,112,112,14,1
ld_03,B21443,52,1,MASc NI 18 blocks,sa,112,112,14,1
pr_01,B18200,52,1,MASc NI 18 blocks,sa,112,112,14,1
pr_01,B20673,52,1,MASc NI 18 blocks,sa,112,112,14,1
pr_01,B20673,52,1,MASc NI 18 blocks,sa,112,112,14,1
pr_02,B4497,52,1,MASc NI 18 blocks,sa,112,112,14,1
pr_02,B4497,52,1,MASc NI 18 blocks,sa,112,112,14,1
pr_03,B4497,52,1,MASc NI 18 blocks,sa,112,112,14,1
pr_03,B5817,52,1,MASc NI 18 blocks,sa,112,112,14,1
sk_01,B11805,52,1,MASc NI 18 blocks,sa,112,112,14,1
sk_01,B11805,52,1,MASc NI 18 blocks,sa,112,112,14,1
sk_01,B11805,52,1,MASc NI 18 blocks,sa,112,112,14,1
sk_02,B20673,52,1,MASc NI 18 blocks,sa,112,112,14,1
sk_02,B20673,52,1,MASc NI 18 blocks,sa,112,112,14,1
sk_02,B20673,52,1,MASc NI 18 blocks,sa,112,112,14,1
sk_03,B18200,52,1,MASc NI 18 blocks,sa,112,112,14,1
sk_03,B20673,52,1,MASc NI 18 blocks,sa,112,112,14,1
sk_03,B5817,52,1,MASc NI 18 blocks,sa,112,112,14,1
fb_01,B20673,53,1,MASc NI 18 blocks,sa,112,112,14,1
fb_01,B21443,53,1,MASc NI 18 blocks,sa,112,112,14,1
fb_01,B30103,53,1,MASc NI 18 blocks,sa,112,112,14,1
fb_02,B11805,53,1,MASc NI 18 blocks,sa,112,112,14,1
fb_02,B18200,53,1,MASc NI 18 blocks,sa,112,112,14,1
fb_02,B5817,53,1,MASc NI 18 blocks,sa,112,112,14,1
fb_03,B18200,53,1,MASc NI 18 blocks,sa,112,112,14,1
fb_03,B18200,53,1,MASc NI 18 blocks,sa,112,112,14,1
fb_03,B4497,53,1,MASc NI 18 blocks,sa,112,112,14,1
ld_01,B20673,53,1,MASc NI 18 blocks,sa,112,112,14,1
ld_01,B4497,53,1,MASc NI 18 blocks,sa,112,112,14,1
ld_01,B5817,53,1,MASc NI 18 blocks,sa,112,112,14,1
ld_02,B18200,53,1,MASc NI 18 blocks,sa,112,112,14,1
ld_02,B20673,53,1,MASc NI 18 blocks,sa,112,112,14,1
ld_02,B4497,53,1,MASc NI 18 blocks,sa,112,112,14,1
ld_03,B20673,53,1,MASc NI 18 blocks,sa,112,112,14,1
ld_03,B20673,53,1,MASc NI 18 blocks,sa,112,112,14,1
ld_03,B4497,53,1,MASc NI 18 blocks,sa,112,112,14,1
pr_01,B11805,53,1,MASc NI 18 blocks,sa,112,112,14,1
pr_02,B11805,53,1,MASc NI 18 blocks,sa,112,112,14,1
pr_03,B20673,53,1,MASc NI 18 blocks,sa,112,112,14,1
sk_01,B11805,53,1,MASc NI 18 blocks,sa,112,112,14,1
sk_01,B11805,53,1,MASc NI 18 blocks,sa,112,112,14,1
sk_01,B6017,53,1,MASc NI 18 blocks,sa,112,112,14,1
sk_02,B20673,53,1,MASc NI 18 blocks,sa,112,112,14,1
sk_02,B20673,53,1,MASc NI 18 blocks,sa,112,112,14,1
sk_02,B20673,53,1,MASc NI 18 blocks,sa,112,112,14,1
sk_03,B18200,53,1,MASc NI 18 blocks,sa,112,112,14,1
sk_03,B20673,53,1,MASc NI 18 blocks,sa,112,112,14,1
sk_03,B5817,53,1,MASc NI 18 blocks,sa,112,112,14,1
fb_01,B31203,54,1,MASc NI 18 blocks,sa,112,112,14,1
fb_01,B35154,54,1,MASc NI 18 blocks,sa,112,112,14,1
fb_01,B4497,54,1,MASc NI 18 blocks,sa,112,112,14,1
fb_02,B18200,54,1,MASc NI 18 blocks,sa,112,112,14,1
fb_02,B30103,54,1,MASc NI 18 blocks,sa,112,112,14,1
fb_02,B31203,54,1,MASc NI 18 blocks,sa,112,112,14,1
fb_03,B18200,54,1,MASc NI 18 blocks,sa,112,112,14,1
fb_03,B5817,54,1,MASc NI 18 blocks,sa,112,112,14,1
fb_03,B5817,54,1,MASc NI 18 blocks,sa,112,112,14,1
ld_01,B11805,54,1,MASc NI 18 blocks,sa,112,112,14,1
ld_01,B11805,54,1,MASc NI 18 blocks,sa,112,112,14,1
ld_01,B11805,54,1,MASc NI 18 blocks,sa,112,112,14,1
ld_02,B11805,54,1,MASc NI 18 blocks,sa,112,112,14,1
ld_02,B20673,54,1,MASc NI 18 blocks,sa,112,112,14,1
ld_02,B4497,54,1,MASc NI 18 blocks,sa,112,112,14,1
ld_03,B11805,54,1,MASc NI 18 blocks,sa,112,112,14,1
ld_03,B20673,54,1,MASc NI 18 blocks,sa,112,112,14,1
pr_01,B11805,54,1,MASc NI 18 blocks,sa,112,112,14,1
pr_01,B5817,54,1,MASc NI 18 blocks,sa,112,112,14,1
pr_02,B20673,54,1,MASc NI 18 blocks,sa,112,112,14,1
pr_03,B18200,54,1,MASc NI 18 blocks,sa,112,112,14,1
sk_01,B6017,54,1,MASc NI 18 blocks,sa,112,112,14,1
sk_01,B6017,54,1,MASc NI 18 blocks,sa,112,112,14,1
sk_01,B6017,54,1,MASc NI 18 blocks,sa,112,112,14,1
sk_02,B20673,54,1,MASc NI 18 blocks,sa,112,112,14,1
sk_02,B20673,54,1,MASc NI 18 blocks,sa,112,112,14,1
sk_02,B20673,54,1,MASc NI 18 blocks,sa,112,112,14,1
sk_03,B18200,54,1,MASc NI 18 blocks,sa,112,112,14,1
sk_03,B20673,54,1,MASc NI 18 blocks,sa,112,112,14,1
sk_03,B21443,54,1,MASc NI 18 blocks,sa,112,112,14,1
fb_01,B20673,55,1,MASc NI 18 blocks,sa,112,112,14,1
fb_01,B31203,55,1,MASc NI 18 blocks,sa,112,112,14,1
fb_01,B6017,55,1,MASc NI 18 blocks,sa,112,112,14,1
fb_02,B20673,55,1,MASc NI 18 blocks,sa,112,112,14,1
fb_02,B20673,55,1,MASc NI 18 blocks,sa,112,112,14,1
fb_02,B30099,55,1,MASc NI 18 blocks,sa,112,112,14,1
fb_03,B18200,55,1,MASc NI 18 blocks,sa,112,112,14,1
fb_03,B18200,55,1,MASc NI 18 blocks,sa,112,112,14,1
fb_03,B5817,55,1,MASc NI 18 blocks,sa,112,112,14,1
ld_01,B11805,55,1,MASc NI 18 blocks,sa,112,112,14,1
ld_01,B5817,55,1,MASc NI 18 blocks,sa,112,112,14,1
ld_02,B11805,55,1,MASc NI 18 blocks,sa,112,112,14,1
ld_02,B20673,55,1,MASc NI 18 blocks,sa,112,112,14,1
ld_03,B20673,55,1,MASc NI 18 blocks,sa,112,112,14,1
pr_01,B18200,55,1,MASc NI 18 blocks,sa,112,112,14,1
pr_01,B20673,55,1,MASc NI 18 blocks,sa,112,112,14,1
pr_02,B6017,55,1,MASc NI 18 blocks,sa,112,112,14,1
pr_03,B6017,55,1,MASc NI 18 blocks,sa,112,112,14,1
sk_01,B21443,55,1,MASc NI 18 blocks,sa,112,112,14,1
sk_01,B21443,55,1,MASc NI 18 blocks,sa,112,112,14,1
sk_01,B4497,55,1,MASc NI 18 blocks,sa,112,112,14,1
sk_02,B20673,55,1,MASc NI 18 blocks,sa,112,112,14,1
sk_02,B20673,55,1,MASc NI 18 blocks,sa,112,112,14,1
sk_02,B21443,55,1,MASc NI 18 blocks,sa,112,112,14,1
sk_03,B21443,55,1,MASc NI 18 blocks,sa,112,112,14,1
sk_03,B4497,55,1,MASc NI 18 blocks,sa,112,112,14,1
sk_03,B5817,55,1,MASc NI 18 blocks,sa,112,112,14,1
fb_01,B18200,56,1,MASc NI 18 blocks,sa,112,112,14,1
fb_01,B18200,56,1,MASc NI 18 blocks,sa,112,112,14,1
fb_01,B5817,56,1,MASc NI 18 blocks,sa,112,112,14,1
fb_02,B20632,56,1,MASc NI 18 blocks,sa,112,112,14,1
fb_02,B31203,56,1,MASc NI 18 blocks,sa,112,112,14,1
fb_02,B5817,56,1,MASc NI 18 blocks,sa,112,112,14,1
fb_03,B18200,56,1,MASc NI 18 blocks,sa,112,112,14,1
fb_03,B5817,56,1,MASc NI 18 blocks,sa,112,112,14,1
fb_03,B5817,56,1,MASc NI 18 blocks,sa,112,112,14,1
ld_01,B18200,56,1,MASc NI 18 blocks,sa,112,112,14,1
ld_01,B20673,56,1,MASc NI 18 blocks,sa,112,112,14,1
ld_01,B6017,56,1,MASc NI 18 blocks,sa,112,112,14,1
ld_02,B20673,56,1,MASc NI 18 blocks,sa,112,112,14,1
ld_02,B6017,56,1,MASc NI 18 blocks,sa,112,112,14,1
ld_03,B6017,56,1,MASc NI 18 blocks,sa,112,112,14,1
ld_03,B6017,56,1,MASc NI 18 blocks,sa,112,112,14,1
pr_01,B20673,56,1,MASc NI 18 blocks,sa,112,112,14,1
pr_01,B4497,56,1,MASc NI 18 blocks,sa,112,112,14,1
pr_02,B21443,56,1,MASc NI 18 blocks,sa,112,112,14,1
pr_02,B4497,56,1,MASc NI 18 blocks,sa,112,112,14,1
pr_03,B21443,56,1,MASc NI 18 blocks,sa,112,112,14,1
sk_01,B11805,56,1,MASc NI 18 blocks,sa,112,112,14,1
sk_01,B11805,56,1,MASc NI 18 blocks,sa,112,112,14,1
sk_01,B6017,56,1,MASc NI 18 blocks,sa,112,112,14,1
sk_02,B20673,56,1,MASc NI 18 blocks,sa,112,112,14,1
sk_02,B20673,56,1,MASc NI 18 blocks,sa,112,112,14,1
sk_02,B20673,56,1,MASc NI 18 blocks,sa,112,112,14,1
sk_03,B18200,56,1,MASc NI 18 blocks,sa,112,112,14,1
sk_03,B20673,56,1,MASc NI 18 blocks,sa,112,112,14,1
sk_03,B5817,56,1,MASc NI 18 blocks,sa,112,112,14,1
fb_01,B10412,57,1,MASc NI 18 blocks,sa,112,112,14,1
fb_01,B11042,57,1,MASc NI 18 blocks,sa,112,112,14,1
fb_01,B11805,57,1,MASc NI 18 blocks,sa,112,112,14,1
fb_02,B20632,57,1,MASc NI 18 blocks,sa,112,112,14,1
fb_02,B20673,57,1,MASc NI 18 blocks,sa,112,112,14,1
fb_02,B21443,57,1,MASc NI 18 blocks,sa,112,112,14,1
fb_03,B18200,57,1,MASc NI 18 blocks,sa,112,112,14,1
fb_03,B18200,57,1,MASc NI 18 blocks,sa,112,112,14,1
fb_03,B5817,57,1,MASc NI 18 blocks,sa,112,112,14,1
fb_01,B18200,58,1,MASc NI 18 blocks,sa,112,112,14,1
fb_01,B20631,58,1,MASc NI 18 blocks,sa,112,112,14,1
fb_01,B30103,58,1,MASc NI 18 blocks,sa,112,112,14,1
fb_02,B11805,58,1,MASc NI 18 blocks,sa,112,112,14,1
fb_02,B30103,58,1,MASc NI 18 blocks,sa,112,112,14,1
fb_02,B35154,58,1,MASc NI 18 blocks,sa,112,112,14,1
fb_03,B18200,58,1,MASc NI 18 blocks,sa,112,112,14,1
fb_03,B5817,58,1,MASc NI 18 blocks,sa,112,112,14,1
fb_03,B5817,58,1,MASc NI 18 blocks,sa,112,112,14,1
sk_01,B10412,58,1,MASc NI 18 blocks,sa,112,112,14,1
sk_01,B10412,58,1,MASc NI 18 blocks,sa,112,112,14,1
sk_01,B11042,58,1,MASc NI 18 blocks,sa,112,112,14,1
sk_02,B11042,58,1,MASc NI 18 blocks,sa,112,112,14,1
sk_02,B20673,58,1,MASc NI 18 blocks,sa,112,112,14,1
sk_02,B20673,58,1,MASc NI 18 blocks,sa,112,112,14,1
sk_03,B18200,58,1,MASc NI 18 blocks,sa,112,112,14,1
sk_03,B20673,58,1,MASc NI 18 blocks,sa,112,112,14,1
sk_03,B5817,58,1,MASc NI 18 blocks,sa,112,112,14,1
fb_01,B18200,59,1,MASc NI 18 blocks,sa,112,112,14,1
fb_01,B20673,59,1,MASc NI 18 blocks,sa,112,112,14,1
fb_01,B21443,59,1,MASc NI 18 blocks,sa,112,112,14,1
fb_02,B30103,59,1,MASc NI 18 blocks,sa,112,112,14,1
fb_02,B5817,59,1,MASc NI 18 blocks,sa,112,112,14,1
fb_02,B6017,59,1,MASc NI 18 blocks,sa,112,112,14,1
fb_03,B18200,59,1,MASc NI 18 blocks,sa,112,112,14,1
fb_03,B18200,59,1,MASc NI 18 blocks,sa,112,112,14,1
fb_03,B5817,59,1,MASc NI 18 blocks,sa,112,112,14,1
pr_01,B10412,59,1,MASc NI 18 blocks,sa,112,112,14,1
pr_02,B11042,59,1,MASc NI 18 blocks,sa,112,112,14,1
sk_01,B11805,59,1,MASc NI 18 blocks,sa,112,112,14,1
sk_01,B11805,59,1,MASc NI 18 blocks,sa,112,112,14,1
sk_01,B21443,59,1,MASc NI 18 blocks,sa,112,112,14,1
sk_02,B11805,59,1,MASc NI 18 blocks,sa,112,112,14,1
sk_02,B20673,59,1,MASc NI 18 blocks,sa,112,112,14,1
sk_02,B21443,59,1,MASc NI 18 blocks,sa,112,112,14,1
sk_03,B11805,59,1,MASc NI 18 blocks,sa,112,112,14,1
sk_03,B21443,59,1,MASc NI 18 blocks,sa,112,112,14,1
sk_03,B5817,59,1,MASc NI 18 blocks,sa,112,112,14,1
fb_01,B31203,60,1,MASc NI 18 blocks,sa,112,112,14,1
fb_01,B35154,60,1,MASc NI 18 blocks,sa,112,112,14,1
fb_01,B4497,60,1,MASc NI 18 blocks,sa,112,112,14,1
fb_02,B20631,60,1,MASc NI 18 blocks,sa,112,112,14,1
fb_02,B20632,60,1,MASc NI 18 blocks,sa,112,112,14,1
fb_02,B20673,60,1,MASc NI 18 blocks,sa,112,112,14,1
fb_03,B11805,60,1,MASc NI 18 blocks,sa,112,112,14,1
fb_03,B18200,60,1,MASc NI 18 blocks,sa,112,112,14,1
fb_03,B5817,60,1,MASc NI 18 blocks,sa,112,112,14,1
ld_01,B10412,60,1,MASc NI 18 blocks,sa,112,112,14,1
ld_01,B11042,60,1,MASc NI 18 blocks,sa,112,112,14,1
ld_02,B10412,60,1,MASc NI 18 blocks,sa,112,112,14,1
ld_02,B11042,60,1,MASc NI 18 blocks,sa,112,112,14,1
ld_03,B10412,60,1,MASc NI 18 blocks,sa,112,112,14,1
pr_01,B11805,60,1,MASc NI 18 blocks,sa,112,112,14,1
pr_01,B20673,60,1,MASc NI 18 blocks,sa,112,112,14,1
pr_02,B11805,60,1,MASc NI 18 blocks,sa,112,112,14,1
pr_02,B21443,60,1,MASc NI 18 blocks,sa,112,112,14,1
pr_03,B5817,60,1,MASc NI 18 blocks,sa,112,112,14,1
sk_01,B6017,60,1,MASc NI 18 blocks,sa,112,112,14,1
sk_01,B6017,60,1,MASc NI 18 blocks,sa,112,112,14,1
sk_01,B6017,60,1,MASc NI 18 blocks,sa,112,112,14,1
sk_02,B20673,60,1,MASc NI 18 blocks,sa,112,112,14,1
sk_02,B20673,60,1,MASc NI 18 blocks,sa,112,112,14,1
sk_02,B20673,60,1,MASc NI 18 blocks,sa,112,112,14,1
sk_03,B18200,60,1,MASc NI 18 blocks,sa,112,112,14,1
sk_03,B20673,60,1,MASc NI 18 blocks,sa,112,112,14,1
sk_03,B6017,60,1,MASc NI 18 blocks,sa,112,112,14,1
fb_01,B11805,61,1,MASc NI 18 blocks,sa,112,112,14,1
fb_01,B5817,61,1,MASc NI 18 blocks,sa,112,112,14,1
fb_01,B6017,61,1,MASc NI 18 blocks,sa,112,112,14,1
fb_02,B20673,61,1,MASc NI 18 blocks,sa,112,112,14,1
fb_02,B30103,61,1,MASc NI 18 blocks,sa,112,112,14,1
fb_02,B31203,61,1,MASc NI 18 blocks,sa,112,112,14,1
fb_03,B18200,61,1,MASc NI 18 blocks,sa,112,112,14,1
fb_03,B18200,61,1,MASc NI 18 blocks,sa,112,112,14,1
fb_03,B5817,61,1,MASc NI 18 blocks,sa,112,112,14,1
ld_01,B11805,61,1,MASc NI 18 blocks,sa,112,112,14,1
ld_01,B21443,61,1,MASc NI 18 blocks,sa,112,112,14,1
ld_02,B11805,61,1,MASc NI 18 blocks,sa,112,112,14,1
ld_02,B11805,61,1,MASc NI 18 blocks,sa,112,112,14,1
ld_03,B11805,61,1,MASc NI 18 blocks,sa,112,112,14,1
ld_03,B20673,61,1,MASc NI 18 blocks,sa,112,112,14,1
pr_01,B20673,61,1,MASc NI 18 blocks,sa,112,112,14,1
pr_01,B6017,61,1,MASc NI 18 blocks,sa,112,112,14,1
pr_02,B6017,61,1,MASc NI 18 blocks,sa,112,112,14,1
pr_03,B18200,61,1,MASc NI 18 blocks,sa,112,112,14,1
sk_01,B21443,61,1,MASc NI 18 blocks,sa,112,112,14,1
sk_01,B4497,61,1,MASc NI 18 blocks,sa,112,112,14,1
sk_01,B4497,61,1,MASc NI 18 blocks,sa,112,112,14,1
sk_02,B20673,61,1,MASc NI 18 blocks,sa,112,112,14,1
sk_02,B20673,61,1,MASc NI 18 blocks,sa,112,112,14,1
sk_02,B21443,61,1,MASc NI 18 blocks,sa,112,112,14,1
sk_03,B18200,61,1,MASc NI 18 blocks,sa,112,112,14,1
sk_03,B20673,61,1,MASc NI 18 blocks,sa,112,112,14,1
sk_03,B5817,61,1,MASc NI 18 blocks,sa,112,112,14,1
fb_01,B18200,62,1,MASc NI 18 blocks,sa,112,112,14,1
fb_01,B20631,62,1,MASc NI 18 blocks,sa,112,112,14,1
fb_01,B20632,62,1,MASc NI 18 blocks,sa,112,112,14,1
fb_02,B5817,62,1,MASc NI 18 blocks,sa,112,112,14,1
fb_02,B5817,62,1,MASc NI 18 blocks,sa,112,112,14,1
fb_02,B6017,62,1,MASc NI 18 blocks,sa,112,112,14,1
fb_03,B18200,62,1,MASc NI 18 blocks,sa,112,112,14,1
fb_03,B5817,62,1,MASc NI 18 blocks,sa,112,112,14,1
fb_03,B5817,62,1,MASc NI 18 blocks,sa,112,112,14,1
ld_01,B20673,62,1,MASc NI 18 blocks,sa,112,112,14,1
ld_01,B6017,62,1,MASc NI 18 blocks,sa,112,112,14,1
ld_02,B20673,62,1,MASc NI 18 blocks,sa,112,112,14,1
ld_02,B6017,62,1,MASc NI 18 blocks,sa,112,112,14,1
ld_03,B6017,62,1,MASc NI 18 blocks,sa,112,112,14,1
pr_01,B18200,62,1,MASc NI 18 blocks,sa,112,112,14,1
pr_01,B20673,62,1,MASc NI 18 blocks,sa,112,112,14,1
pr_02,B21443,62,1,MASc NI 18 blocks,sa,112,112,14,1
pr_03,B4497,62,1,MASc NI 18 blocks,sa,112,112,14,1
sk_01,B11805,62,1,MASc NI 18 blocks,sa,112,112,14,1
sk_01,B11805,62,1,MASc NI 18 blocks,sa,112,112,14,1
sk_01,B11805,62,1,MASc NI 18 blocks,sa,112,112,14,1
sk_02,B20673,62,1,MASc NI 18 blocks,sa,112,112,14,1
sk_02,B20673,62,1,MASc NI 18 blocks,sa,112,112,14,1
sk_02,B20673,62,1,MASc NI 18 blocks,sa,112,112,14,1
sk_03,B18200,62,1,MASc NI 18 blocks,sa,112,112,14,1
sk_03,B20673,62,1,MASc NI 18 blocks,sa,112,112,14,1
sk_03,B5817,62,1,MASc NI 18 blocks,sa,112,112,14,1
fb_01,B20673,63,1,MASc NI 18 blocks,sa,112,112,14,1
fb_01,B20673,63,1,MASc NI 18 blocks,sa,112,112,14,1
fb_01,B21443,63,1,MASc NI 18 blocks,sa,112,112,14,1
fb_02,B18200,63,1,MASc NI 18 blocks,sa,112,112,14,1
fb_02,B20631,63,1,MASc NI 18 blocks,sa,112,112,14,1
fb_02,B20632,63,1,MASc NI 18 blocks,sa,112,112,14,1
fb_03,B18200,63,1,MASc NI 18 blocks,sa,112,112,14,1
fb_03,B18200,63,1,MASc NI 18 blocks,sa,112,112,14,1
fb_03,B5817,63,1,MASc NI 18 blocks,sa,112,112,14,1
ld_01,B18200,63,1,MASc NI 18 blocks,sa,112,112,14,1
ld_01,B21443,63,1,MASc NI 18 blocks,sa,112,112,14,1
ld_02,B20673,63,1,MASc NI 18 blocks,sa,112,112,14,1
ld_02,B21443,63,1,MASc NI 18 blocks,sa,112,112,14,1
ld_03,B20673,63,1,MASc NI 18 blocks,sa,112,112,14,1
ld_03,B4497,63,1,MASc NI 18 blocks,sa,112,112,14,1
pr_01,B11805,63,1,MASc NI 18 blocks,sa,112,112,14,1
pr_02,B20673,63,1,MASc NI 18 blocks,sa,112,112,14,1
pr_03,B5817,63,1,MASc NI 18 blocks,sa,112,112,14,1
sk_01,B11042,63,1,MASc NI 18 blocks,sa,112,112,14,1
sk_01,B6017,63,1,MASc NI 18 blocks,sa,112,112,14,1
sk_01,B6017,63,1,MASc NI 18 blocks,sa,112,112,14,1
sk_02,B20673,63,1,MASc NI 18 blocks,sa,112,112,14,1
sk_02,B6017,63,1,MASc NI 18 blocks,sa,112,112,14,1
sk_02,B6017,63,1,MASc NI 18 blocks,sa,112,112,14,1
sk_03,B18200,63,1,MASc NI 18 blocks,sa,112,112,14,1
sk_03,B5817,63,1,MASc NI 18 blocks,sa,112,112,14,1
sk_03,B6017,63,1,MASc NI 18 blocks,sa,112,112,14,1
fb_01,B31203,64,1,MASc NI 18 blocks,sa,112,112,14,1
fb_01,B35154,64,1,MASc NI 18 blocks,sa,112,112,14,1
fb_01,B4497,64,1,MASc NI 18 blocks,sa,112,112,14,1
fb_02,B20673,64,1,MASc NI 18 blocks,sa,112,112,14,1
fb_02,B21443,64,1,MASc NI 18 blocks,sa,112,112,14,1
fb_02,B30103,64,1,MASc NI 18 blocks,sa,112,112,14,1
fb_03,B18200,64,1,MASc NI 18 blocks,sa,112,112,14,1
fb_03,B5817,64,1,MASc NI 18 blocks,sa,112,112,14,1
fb_03,B5817,64,1,MASc NI 18 blocks,sa,112,112,14,1
ld_01,B11805,64,1,MASc NI 18 blocks,sa,112,112,14,1
ld_01,B5817,64,1,MASc NI 18 blocks,sa,112,112,14,1
ld_02,B11805,64,1,MASc NI 18 blocks,sa,112,112,14,1
ld_02,B20673,64,1,MASc NI 18 blocks,sa,112,112,14,1
ld_03,B20673,64,1,MASc NI 18 blocks,sa,112,112,14,1
pr_01,B11042,64,1,MASc NI 18 blocks,sa,112,112,14,1
pr_01,B18200,64,1,MASc NI 18 blocks,sa,112,112,14,1
pr_02,B20673,64,1,MASc NI 18 blocks,sa,112,112,14,1
pr_02,B5817,64,1,MASc NI 18 blocks,sa,112,112,14,1
pr_03,B6017,64,1,MASc NI 18 blocks,sa,112,112,14,1
pr_03,B6017,64,1,MASc NI 18 blocks,sa,112,112,14,1
sk_01,B21443,64,1,MASc NI 18 blocks,sa,112,112,14,1
sk_01,B6017,64,1,MASc NI 18 blocks,sa,112,112,14,1
sk_01,B6017,64,1,MASc NI 18 blocks,sa,112,112,14,1
sk_02,B20673,64,1,MASc NI 18 blocks,sa,112,112,14,1
sk_02,B20673,64,1,MASc NI 18 blocks,sa,112,112,14,1
sk_02,B20673,64,1,MASc NI 18 blocks,sa,112,112,14,1
sk_03,B18200,64,1,MASc NI 18 blocks,sa,112,112,14,1
sk_03,B5817,64,1,MASc NI 18 blocks,sa,112,112,14,1
sk_03,B6017,64,1,MASc NI 18 blocks,sa,112,112,14,1
fb_01,B20673,65,1,MASc NI 18 blocks,sa,112,112,14,1
fb_01,B5817,65,1,MASc NI 18 blocks,sa,112,112,14,1
fb_01,B6017,65,1,MASc NI 18 blocks,sa,112,112,14,1
fb_02,B31203,65,1,MASc NI 18 blocks,sa,112,112,14,1
fb_02,B35154,65,1,MASc NI 18 blocks,sa,112,112,14,1
fb_02,B5817,65,1,MASc NI 18 blocks,sa,112,112,14,1
fb_03,B18200,65,1,MASc NI 18 blocks,sa,112,112,14,1
fb_03,B18200,65,1,MASc NI 18 blocks,sa,112,112,14,1
fb_03,B5817,65,1,MASc NI 18 blocks,sa,112,112,14,1
ld_01,B20673,65,1,MASc NI 18 blocks,sa,112,112,14,1
ld_01,B5817,65,1,MASc NI 18 blocks,sa,112,112,14,1
ld_01,B6017,65,1,MASc NI 18 blocks,sa,112,112,14,1
ld_02,B18200,65,1,MASc NI 18 blocks,sa,112,112,14,1
ld_02,B6017,65,1,MASc NI 18 blocks,sa,112,112,14,1
ld_02,B6017,65,1,MASc NI 18 blocks,sa,112,112,14,1
ld_03,B11042,65,1,MASc NI 18 blocks,sa,112,112,14,1
ld_03,B20673,65,1,MASc NI 18 blocks,sa,112,112,14,1
ld_03,B6017,65,1,MASc NI 18 blocks,sa,112,112,14,1
pr_01,B6017,65,1,MASc NI 18 blocks,sa,112,112,14,1
pr_02,B6017,65,1,MASc NI 18 blocks,sa,112,112,14,1
pr_03,B18200,65,1,MASc NI 18 blocks,sa,112,112,14,1
sk_01,B4497,65,1,MASc NI 18 blocks,sa,112,112,14,1
sk_01,B4497,65,1,MASc NI 18 blocks,sa,112,112,14,1
sk_01,B4497,65,1,MASc NI 18 blocks,sa,112,112,14,1
sk_02,B20673,65,1,MASc NI 18 blocks,sa,112,112,14,1
sk_02,B20673,65,1,MASc NI 18 blocks,sa,112,112,14,1
sk_02,B20673,65,1,MASc NI 18 blocks,sa,112,112,14,1
sk_03,B18200,65,1,MASc NI 18 blocks,sa,112,112,14,1
sk_03,B20673,65,1,MASc NI 18 blocks,sa,112,112,14,1
sk_03,B5817,65,1,MASc NI 18 blocks,sa,112,112,14,1
fb_01,B18200,66,1,MASc NI 18 blocks,sa,112,112,14,1
fb_01,B20631,66,1,MASc NI 18 blocks,sa,112,112,14,1
fb_01,B20632,66,1,MASc NI 18 blocks,sa,112,112,14,1
fb_02,B18200,66,1,MASc NI 18 blocks,sa,112,112,14,1
fb_02,B20631,66,1,MASc NI 18 blocks,sa,112,112,14,1
fb_02,B6017,66,1,MASc NI 18 blocks,sa,112,112,14,1
fb_03,B18200,66,1,MASc NI 18 blocks,sa,112,112,14,1
fb_03,B5817,66,1,MASc NI 18 blocks,sa,112,112,14,1
fb_03,B5817,66,1,MASc NI 18 blocks,sa,112,112,14,1
ld_01,B18200,66,1,MASc NI 18 blocks,sa,112,112,14,1
ld_01,B6017,66,1,MASc NI 18 blocks,sa,112,112,14,1
ld_02,B6017,66,1,MASc NI 18 blocks,sa,112,112,14,1
ld_02,B6017,66,1,MASc NI 18 blocks,sa,112,112,14,1
ld_03,B11042,66,1,MASc NI 18 blocks,sa,112,112,14,1
ld_03,B6017,66,1,MASc NI 18 blocks,sa,112,112,14,1
pr_01,B18200,66,1,MASc NI 18 blocks,sa,112,112,14,1
pr_01,B20673,66,1,MASc NI 18 blocks,sa,112,112,14,1
pr_01,B4497,66,1,MASc NI 18 blocks,sa,112,112,14,1
pr_02,B4497,66,1,MASc NI 18 blocks,sa,112,112,14,1
pr_02,B4497,66,1,MASc NI 18 blocks,sa,112,112,14,1
pr_03,B20673,66,1,MASc NI 18 blocks,sa,112,112,14,1
pr_03,B5817,66,1,MASc NI 18 blocks,sa,112,112,14,1
sk_01,B11805,66,1,MASc NI 18 blocks,sa,112,112,14,1
sk_01,B11805,66,1,MASc NI 18 blocks,sa,112,112,14,1
sk_01,B11805,66,1,MASc NI 18 blocks,sa,112,112,14,1
sk_02,B20673,66,1,MASc NI 18 blocks,sa,112,112,14,1
sk_02,B20673,66,1,MASc NI 18 blocks,sa,112,112,14,1
sk_02,B20673,66,1,MASc NI 18 blocks,sa,112,112,14,1
sk_03,B18200,66,1,MASc NI 18 blocks,sa,112,112,14,1
sk_03,B20673,66,1,MASc NI 18 blocks,sa,112,112,14,1
sk_03,B5817,66,1,MASc NI 18 blocks,sa,112,112,14,1
fb_01,B20673,67,1,MASc NI 18 blocks,sa,112,112,14,1
fb_01,B21443,67,1,MASc NI 18 blocks,sa,112,112,14,1
fb_01,B30103,67,1,MASc NI 18 blocks,sa,112,112,14,1
fb_02,B20632,67,1,MASc NI 18 blocks,sa,112,112,14,1
fb_02,B20673,67,1,MASc NI 18 blocks,sa,112,112,14,1
fb_02,B30103,67,1,MASc NI 18 blocks,sa,112,112,14,1
fb_03,B18200,67,1,MASc NI 18 blocks,sa,112,112,14,1
fb_03,B18200,67,1,MASc NI 18 blocks,sa,112,112,14,1
fb_03,B5817,67,1,MASc NI 18 blocks,sa,112,112,14,1
ld_01,B4497,67,1,MASc NI 18 blocks,sa,112,112,14,1
ld_01,B4497,67,1,MASc NI 18 blocks,sa,112,112,14,1
ld_01,B5817,67,1,MASc NI 18 blocks,sa,112,112,14,1
ld_02,B18200,67,1,MASc NI 18 blocks,sa,112,112,14,1
ld_02,B4497,67,1,MASc NI 18 blocks,sa,112,112,14,1
ld_02,B4497,67,1,MASc NI 18 blocks,sa,112,112,14,1
ld_03,B20673,67,1,MASc NI 18 blocks,sa,112,112,14,1
ld_03,B20673,67,1,MASc NI 18 blocks,sa,112,112,14,1
ld_03,B20673,67,1,MASc NI 18 blocks,sa,112,112,14,1
pr_01,B11805,67,1,MASc NI 18 blocks,sa,112,112,14,1
pr_01,B20673,67,1,MASc NI 18 blocks,sa,112,112,14,1
pr_02,B11805,67,1,MASc NI 18 blocks,sa,112,112,14,1
pr_03,B5817,67,1,MASc NI 18 blocks,sa,112,112,14,1
sk_01,B11805,67,1,MASc NI 18 blocks,sa,112,112,14,1
sk_01,B6017,67,1,MASc NI 18 blocks,sa,112,112,14,1
sk_01,B6017,67,1,MASc NI 18 blocks,sa,112,112,14,1
sk_02,B20673,67,1,MASc NI 18 blocks,sa,112,112,14,1
sk_02,B6017,67,1,MASc NI 18 blocks,sa,112,112,14,1
sk_02,B6017,67,1,MASc NI 18 blocks,sa,112,112,14,1
sk_03,B11805,67,1,MASc NI 18 blocks,sa,112,112,14,1
sk_03,B18200,67,1,MASc NI 18 blocks,sa,112,112,14,1
sk_03,B5817,67,1,MASc NI 18 blocks,sa,112,112,14,1
fb_01,B31203,68,1,MASc NI 18 blocks,sa,112,112,14,1
fb_01,B35154,68,1,MASc NI 18 blocks,sa,112,112,14,1
fb_01,B4497,68,1,MASc NI 18 blocks,sa,112,112,14,1
fb_02,B31203,68,1,MASc NI 18 blocks,sa,112,112,14,1
fb_02,B35154,68,1,MASc NI 18 blocks,sa,112,112,14,1
fb_02,B5817,68,1,MASc NI 18 blocks,sa,112,112,14,1
fb_03,B18200,68,1,MASc NI 18 blocks,sa,112,112,14,1
fb_03,B20673,68,1,MASc NI 18 blocks,sa,112,112,14,1
fb_03,B5817,68,1,MASc NI 18 blocks,sa,112,112,14,1
ld_01,B11805,68,1,MASc NI 18 blocks,sa,112,112,14,1
ld_01,B20673,68,1,MASc NI 18 blocks,sa,112,112,14,1
ld_01,B5817,68,1,MASc NI 18 blocks,sa,112,112,14,1
ld_02,B11805,68,1,MASc NI 18 blocks,sa,112,112,14,1
ld_02,B11805,68,1,MASc NI 18 blocks,sa,112,112,14,1
ld_02,B20673,68,1,MASc NI 18 blocks,sa,112,112,14,1
ld_03,B11805,68,1,MASc NI 18 blocks,sa,112,112,14,1
ld_03,B11805,68,1,MASc NI 18 blocks,sa,112,112,14,1
ld_03,B20673,68,1,MASc NI 18 blocks,sa,112,112,14,1
pr_01,B11805,68,1,MASc NI 18 blocks,sa,112,112,14,1
pr_01,B18200,68,1,MASc NI 18 blocks,sa,112,112,14,1
pr_02,B6017,68,1,MASc NI 18 blocks,sa,112,112,14,1
pr_03,B6017,68,1,MASc NI 18 blocks,sa,112,112,14,1
sk_01,B5817,68,1,MASc NI 18 blocks,sa,112,112,14,1
sk_01,B6017,68,1,MASc NI 18 blocks,sa,112,112,14,1
sk_01,B6017,68,1,MASc NI 18 blocks,sa,112,112,14,1
sk_02,B11805,68,1,MASc NI 18 blocks,sa,112,112,14,1
sk_02,B20673,68,1,MASc NI 18 blocks,sa,112,112,14,1
sk_02,B20673,68,1,MASc NI 18 blocks,sa,112,112,14,1
sk_03,B11805,68,1,MASc NI 18 blocks,sa,112,112,14,1
sk_03,B18200,68,1,MASc NI 18 blocks,sa,112,112,14,1
sk_03,B5817,68,1,MASc NI 18 blocks,sa,112,112,14,1
fb_01,B20673,69,1,MASc NI 18 blocks,sa,112,112,14,1
fb_01,B5817,69,1,MASc NI 18 blocks,sa,112,112,14,1
fb_01,B6017,69,1,MASc NI 18 blocks,sa,112,112,14,1
fb_02,B18200,69,1,MASc NI 18 blocks,sa,112,112,14,1
fb_02,B20631,69,1,MASc NI 18 blocks,sa,112,112,14,1
fb_02,B20632,69,1,MASc NI 18 blocks,sa,112,112,14,1
fb_03,B18200,69,1,MASc NI 18 blocks,sa,112,112,14,1
fb_03,B4497,69,1,MASc NI 18 blocks,sa,112,112,14,1
fb_03,B5817,69,1,MASc NI 18 blocks,sa,112,112,14,1
ld_01,B6017,69,1,MASc NI 18 blocks,sa,112,112,14,1
ld_01,B6017,69,1,MASc NI 18 blocks,sa,112,112,14,1
ld_02,B11805,69,1,MASc NI 18 blocks,sa,112,112,14,1
ld_02,B6017,69,1,MASc NI 18 blocks,sa,112,112,14,1
ld_03,B11805,69,1,MASc NI 18 blocks,sa,112,112,14,1
ld_03,B6017,69,1,MASc NI 18 blocks,sa,112,112,14,1
pr_01,B11805,69,1,MASc NI 18 blocks,sa,112,112,14,1
pr_01,B18200,69,1,MASc NI 18 blocks,sa,112,112,14,1
pr_02,B20673,69,1,MASc NI 18 blocks,sa,112,112,14,1
pr_02,B6017,69,1,MASc NI 18 blocks,sa,112,112,14,1
pr_03,B5817,69,1,MASc NI 18 blocks,sa,112,112,14,1
sk_01,B4497,69,1,MASc NI 18 blocks,sa,112,112,14,1
sk_01,B4497,69,1,MASc NI 18 blocks,sa,112,112,14,1
sk_01,B6017,69,1,MASc NI 18 blocks,sa,112,112,14,1
sk_02,B20673,69,1,MASc NI 18 blocks,sa,112,112,14,1
sk_02,B20673,69,1,MASc NI 18 blocks,sa,112,112,14,1
sk_02,B20673,69,1,MASc NI 18 blocks,sa,112,112,14,1
sk_03,B18200,69,1,MASc NI 18 blocks,sa,112,112,14,1
sk_03,B20673,69,1,MASc NI 18 blocks,sa,112,112,14,1
sk_03,B5817,69,1,MASc NI 18 blocks,sa,112,112,14,1
fb_01,B18200,70,1,MASc NI 18 blocks,sa,112,112,14,1
fb_01,B20631,70,1,MASc NI 18 blocks,sa,112,112,14,1
fb_01,B20673,70,1,MASc NI 18 blocks,sa,112,112,14,1
fb_02,B20673,70,1,MASc NI 18 blocks,sa,112,112,14,1
fb_02,B30103,70,1,MASc NI 18 blocks,sa,112,112,14,1
fb_02,B31203,70,1,MASc NI 18 blocks,sa,112,112,14,1
fb_03,B18200,70,1,MASc NI 18 blocks,sa,112,112,14,1
fb_03,B5817,70,1,MASc NI 18 blocks,sa,112,112,14,1
fb_03,B5817,70,1,MASc NI 18 blocks,sa,112,112,14,1
ld_01,B11805,70,1,MASc NI 18 blocks,sa,112,112,14,1
ld_01,B18200,70,1,MASc NI 18 blocks,sa,112,112,14,1
ld_01,B6017,70,1,MASc NI 18 blocks,sa,112,112,14,1
ld_02,B11805,70,1,MASc NI 18 blocks,sa,112,112,14,1
ld_02,B20673,70,1,MASc NI 18 blocks,sa,112,112,14,1
ld_02,B5817,70,1,MASc NI 18 blocks,sa,112,112,14,1
ld_03,B20673,70,1,MASc NI 18 blocks,sa,112,112,14,1
ld_03,B6017,70,1,MASc NI 18 blocks,sa,112,112,14,1
pr_01,B20673,70,1,MASc NI 18 blocks,sa,112,112,14,1
pr_01,B5817,70,1,MASc NI 18 blocks,sa,112,112,14,1
pr_02,B18200,70,1,MASc NI 18 blocks,sa,112,112,14,1
pr_02,B4497,70,1,MASc NI 18 blocks,sa,112,112,14,1
pr_03,B4497,70,1,MASc NI 18 blocks,sa,112,112,14,1
sk_01,B4497,70,1,MASc NI 18 blocks,sa,112,112,14,1
sk_01,B4497,70,1,MASc NI 18 blocks,sa,112,112,14,1
sk_01,B6017,70,1,MASc NI 18 blocks,sa,112,112,14,1
sk_02,B20673,70,1,MASc NI 18 blocks,sa,112,112,14,1
sk_02,B20673,70,1,MASc NI 18 blocks,sa,112,112,14,1
sk_02,B20673,70,1,MASc NI 18 blocks,sa,112,112,14,1
sk_03,B18200,70,1,MASc NI 18 blocks,sa,112,112,14,1
sk_03,B5817,70,1,MASc NI 18 blocks,sa,112,112,14,1
sk_03,B6017,70,1,MASc NI 18 blocks,sa,112,112,14,1
fb_01,B10412,71,1,MASc NI 18 blocks,sa,112,112,14,1
fb_01,B11042,71,1,MASc NI 18 blocks,sa,112,112,14,1
fb_01,B11805,71,1,MASc NI 18 blocks,sa,112,112,14,1
fb_02,B18200,71,1,MASc NI 18 blocks,sa,112,112,14,1
fb_02,B18200,71,1,MASc NI 18 blocks,sa,112,112,14,1
fb_02,B6017,71,1,MASc NI 18 blocks,sa,112,112,14,1
fb_03,B20673,71,1,MASc NI 18 blocks,sa,112,112,14,1
fb_03,B30103,71,1,MASc NI 18 blocks,sa,112,112,14,1
fb_03,B5817,71,1,MASc NI 18 blocks,sa,112,112,14,1
fb_01,B18200,72,1,MASc NI 18 blocks,sa,112,112,14,1
fb_01,B20631,72,1,MASc NI 18 blocks,sa,112,112,14,1
fb_01,B20632,72,1,MASc NI 18 blocks,sa,112,112,14,1
fb_02,B20673,72,1,MASc NI 18 blocks,sa,112,112,14,1
fb_02,B21443,72,1,MASc NI 18 blocks,sa,112,112,14,1
fb_02,B30103,72,1,MASc NI 18 blocks,sa,112,112,14,1
fb_03,B18200,72,1,MASc NI 18 blocks,sa,112,112,14,1
fb_03,B21443,72,1,MASc NI 18 blocks,sa,112,112,14,1
fb_03,B5817,72,1,MASc NI 18 blocks,sa,112,112,14,1
sk_01,B10412,72,1,MASc NI 18 blocks,sa,112,112,14,1
sk_01,B11042,72,1,MASc NI 18 blocks,sa,112,112,14,1
sk_01,B11805,72,1,MASc NI 18 blocks,sa,112,112,14,1
sk_02,B10412,72,1,MASc NI 18 blocks,sa,112,112,14,1
sk_02,B11042,72,1,MASc NI 18 blocks,sa,112,112,14,1
sk_02,B11805,72,1,MASc NI 18 blocks,sa,112,112,14,1
sk_03,B11042,72,1,MASc NI 18 blocks,sa,112,112,14,1
sk_03,B11805,72,1,MASc NI 18 blocks,sa,112,112,14,1
sk_03,B18200,72,1,MASc NI 18 blocks,sa,112,112,14,1
fb_01,B11805,73,1,MASc NI 18 blocks,sa,112,112,14,1
fb_01,B11805,73,1,MASc NI 18 blocks,sa,112,112,14,1
fb_01,B30103,73,1,MASc NI 18 blocks,sa,112,112,14,1
fb_02,B31203,73,1,MASc NI 18 blocks,sa,112,112,14,1
fb_02,B35154,73,1,MASc NI 18 blocks,sa,112,112,14,1
fb_02,B5817,73,1,MASc NI 18 blocks,sa,112,112,14,1
fb_03,B30103,73,1,MASc NI 18 blocks,sa,112,112,14,1
fb_03,B31203,73,1,MASc NI 18 blocks,sa,112,112,14,1
fb_03,B5817,73,1,MASc NI 18 blocks,sa,112,112,14,1
pr_01,B10412,73,1,MASc NI 18 blocks,sa,112,112,14,1
pr_01,B11805,73,1,MASc NI 18 blocks,sa,112,112,14,1
pr_02,B11042,73,1,MASc NI 18 blocks,sa,112,112,14,1
pr_03,B11042,73,1,MASc NI 18 blocks,sa,112,112,14,1
sk_01,B11805,73,1,MASc NI 18 blocks,sa,112,112,14,1
sk_01,B21443,73,1,MASc NI 18 blocks,sa,112,112,14,1
sk_01,B21443,73,1,MASc NI 18 blocks,sa,112,112,14,1
sk_02,B20631,73,1,MASc NI 18 blocks,sa,112,112,14,1
sk_02,B6017,73,1,MASc NI 18 blocks,sa,112,112,14,1
sk_02,B6017,73,1,MASc NI 18 blocks,sa,112,112,14,1
sk_03,B20673,73,1,MASc NI 18 blocks,sa,112,112,14,1
sk_03,B30103,73,1,MASc NI 18 blocks,sa,112,112,14,1
sk_03,B6017,73,1,MASc NI 18 blocks,sa,112,112,14,1
fb_01,B11805,74,1,MASc NI 18 blocks,sa,112,112,14,1
fb_01,B31203,74,1,MASc NI 18 blocks,sa,112,112,14,1
fb_01,B4497,74,1,MASc NI 18 blocks,sa,112,112,14,1
fb_02,B18200,74,1,MASc NI 18 blocks,sa,112,112,14,1
fb_02,B30103,74,1,MASc NI 18 blocks,sa,112,112,14,1
fb_02,B6017,74,1,MASc NI 18 blocks,sa,112,112,14,1
fb_03,B18200,74,1,MASc NI 18 blocks,sa,112,112,14,1
fb_03,B20631,74,1,MASc NI 18 blocks,sa,112,112,14,1
fb_03,B20673,74,1,MASc NI 18 blocks,sa,112,112,14,1
ld_01,B10412,74,1,MASc NI 18 blocks,sa,112,112,14,1
ld_01,B11042,74,1,MASc NI 18 blocks,sa,112,112,14,1
ld_01,B11805,74,1,MASc NI 18 blocks,sa,112,112,14,1
ld_02,B10412,74,1,MASc NI 18 blocks,sa,112,112,14,1
ld_02,B11042,74,1,MASc NI 18 blocks,sa,112,112,14,1
ld_02,B11805,74,1,MASc NI 18 blocks,sa,112,112,14,1
ld_03,B10412,74,1,MASc NI 18 blocks,sa,112,112,14,1
ld_03,B11042,74,1,MASc NI 18 blocks,sa,112,112,14,1
ld_03,B11042,74,1,MASc NI 18 blocks,sa,112,112,14,1
pr_01,B11805,74,1,MASc NI 18 blocks,sa,112,112,14,1
pr_02,B6017,74,1,MASc NI 18 blocks,sa,112,112,14,1
sk_01,B11805,74,1,MASc NI 18 blocks,sa,112,112,14,1
sk_01,B21443,74,1,MASc NI 18 blocks,sa,112,112,14,1
sk_01,B21443,74,1,MASc NI 18 blocks,sa,112,112,14,1
sk_02,B20631,74,1,MASc NI 18 blocks,sa,112,112,14,1
sk_02,B21443,74,1,MASc NI 18 blocks,sa,112,112,14,1
sk_02,B35154,74,1,MASc NI 18 blocks,sa,112,112,14,1
sk_03,B21443,74,1,MASc NI 18 blocks,sa,112,112,14,1
sk_03,B31203,74,1,MASc NI 18 blocks,sa,112,112,14,1
sk_03,B5817,74,1,MASc NI 18 blocks,sa,112,112,14,1
fb_01,B20673,75,1,MASc NI 18 blocks,sa,112,112,14,1
fb_01,B5817,75,1,MASc NI 18 blocks,sa,112,112,14,1
fb_01,B6017,75,1,MASc NI 18 blocks,sa,112,112,14,1
fb_02,B20632,75,1,MASc NI 18 blocks,sa,112,112,14,1
fb_02,B20673,75,1,MASc NI 18 blocks,sa,112,112,14,1
fb_02,B21443,75,1,MASc NI 18 blocks,sa,112,112,14,1
fb_03,B18200,75,1,MASc NI 18 blocks,sa,112,112,14,1
fb_03,B18200,75,1,MASc NI 18 blocks,sa,112,112,14,1
fb_03,B31203,75,1,MASc NI 18 blocks,sa,112,112,14,1
ld_01,B6017,75,1,MASc NI 18 blocks,sa,112,112,14,1
ld_02,B11805,75,1,MASc NI 18 blocks,sa,112,112,14,1
ld_03,B11805,75,1,MASc NI 18 blocks,sa,112,112,14,1
pr_01,B21443,75,1,MASc NI 18 blocks,sa,112,112,14,1
pr_02,B20631,75,1,MASc NI 18 blocks,sa,112,112,14,1
pr_03,B21443,75,1,MASc NI 18 blocks,sa,112,112,14,1
sk_01,B4497,75,1,MASc NI 18 blocks,sa,112,112,14,1
sk_01,B6017,75,1,MASc NI 18 blocks,sa,112,112,14,1
sk_01,B6017,75,1,MASc NI 18 blocks,sa,112,112,14,1
sk_02,B20673,75,1,MASc NI 18 blocks,sa,112,112,14,1
sk_02,B35154,75,1,MASc NI 18 blocks,sa,112,112,14,1
sk_02,B6017,75,1,MASc NI 18 blocks,sa,112,112,14,1
sk_03,B11805,75,1,MASc NI 18 blocks,sa,112,112,14,1
sk_03,B20673,75,1,MASc NI 18 blocks,sa,112,112,14,1
sk_03,B6017,75,1,MASc NI 18 blocks,sa,112,112,14,1
fb_01,B18200,76,1,MASc NI 18 blocks,sa,112,112,14,1
fb_01,B20631,76,1,MASc NI 18 blocks,sa,112,112,14,1
fb_01,B20632,76,1,MASc NI 18 blocks,sa,112,112,14,1
fb_02,B30103,76,1,MASc NI 18 blocks,sa,112,112,14,1
fb_02,B31203,76,1,MASc NI 18 blocks,sa,112,112,14,1
fb_02,B35154,76,1,MASc NI 18 blocks,sa,112,112,14,1
fb_03,B20673,76,1,MASc NI 18 blocks,sa,112,112,14,1
fb_03,B30103,76,1,MASc NI 18 blocks,sa,112,112,14,1
fb_03,B31203,76,1,MASc NI 18 blocks,sa,112,112,14,1
ld_01,B21443,76,1,MASc NI 18 blocks,sa,112,112,14,1
ld_01,B21443,76,1,MASc NI 18 blocks,sa,112,112,14,1
ld_02,B21443,76,1,MASc NI 18 blocks,sa,112,112,14,1
ld_03,B20631,76,1,MASc NI 18 blocks,sa,112,112,14,1
pr_01,B11805,76,1,MASc NI 18 blocks,sa,112,112,14,1
pr_02,B6017,76,1,MASc NI 18 blocks,sa,112,112,14,1
pr_03,B6017,76,1,MASc NI 18 blocks,sa,112,112,14,1
sk_01,B11805,76,1,MASc NI 18 blocks,sa,112,112,14,1
sk_01,B11805,76,1,MASc NI 18 blocks,sa,112,112,14,1
sk_01,B6017,76,1,MASc NI 18 blocks,sa,112,112,14,1
sk_02,B21443,76,1,MASc NI 18 blocks,sa,112,112,14,1
sk_02,B35154,76,1,MASc NI 18 blocks,sa,112,112,14,1
sk_02,B6017,76,1,MASc NI 18 blocks,sa,112,112,14,1
sk_03,B21443,76,1,MASc NI 18 blocks,sa,112,112,14,1
sk_03,B30103,76,1,MASc NI 18 blocks,sa,112,112,14,1
sk_03,B31203,76,1,MASc NI 18 blocks,sa,112,112,14,1
fb_01,B20673,77,1,MASc NI 18 blocks,sa,112,112,14,1
fb_01,B21443,77,1,MASc NI 18 blocks,sa,112,112,14,1
fb_01,B30103,77,1,MASc NI 18 blocks,sa,112,112,14,1
fb_02,B18200,77,1,MASc NI 18 blocks,sa,112,112,14,1
fb_02,B5817,77,1,MASc NI 18 blocks,sa,112,112,14,1
fb_02,B6017,77,1,MASc NI 18 blocks,sa,112,112,14,1
fb_03,B18200,77,1,MASc NI 18 blocks,sa,112,112,14,1
fb_03,B21443,77,1,MASc NI 18 blocks,sa,112,112,14,1
fb_03,B5817,77,1,MASc NI 18 blocks,sa,112,112,14,1
ld_01,B6017,77,1,MASc NI 18 blocks,sa,112,112,14,1
ld_01,B6017,77,1,MASc NI 18 blocks,sa,112,112,14,1
ld_02,B11805,77,1,MASc NI 18 blocks,sa,112,112,14,1
ld_02,B6017,77,1,MASc NI 18 blocks,sa,112,112,14,1
ld_03,B11805,77,1,MASc NI 18 blocks,sa,112,112,14,1
ld_03,B6017,77,1,MASc NI 18 blocks,sa,112,112,14,1
pr_01,B11805,77,1,MASc NI 18 blocks,sa,112,112,14,1
pr_01,B31203,77,1,MASc NI 18 blocks,sa,112,112,14,1
pr_02,B21443,77,1,MASc NI 18 blocks,sa,112,112,14,1
pr_02,B35154,77,1,MASc NI 18 blocks,sa,112,112,14,1
pr_03,B30103,77,1,MASc NI 18 blocks,sa,112,112,14,1
pr_03,B6017,77,1,MASc NI 18 blocks,sa,112,112,14,1
sk_01,B11805,77,1,MASc NI 18 blocks,sa,112,112,14,1
sk_01,B6017,77,1,MASc NI 18 blocks,sa,112,112,14,1
sk_01,B6017,77,1,MASc NI 18 blocks,sa,112,112,14,1
sk_02,B11805,77,1,MASc NI 18 blocks,sa,112,112,14,1
sk_02,B21443,77,1,MASc NI 18 blocks,sa,112,112,14,1
sk_02,B35154,77,1,MASc NI 18 blocks,sa,112,112,14,1
sk_03,B20673,77,1,MASc NI 18 blocks,sa,112,112,14,1
sk_03,B35154,77,1,MASc NI 18 blocks,sa,112,112,14,1
sk_03,B5817,77,1,MASc NI 18 blocks,sa,112,112,14,1
fb_01,B31203,78,1,MASc NI 18 blocks,sa,112,112,14,1
fb_01,B35154,78,1,MASc NI 18 blocks,sa,112,112,14,1
fb_01,B4497,78,1,MASc NI 18 blocks,sa,112,112,14,1
fb_02,B5817,78,1,MASc NI 18 blocks,sa,112,112,14,1
fb_02,B5817,78,1,MASc NI 18 blocks,sa,112,112,14,1
fb_02,B5817,78,1,MASc NI 18 blocks,sa,112,112,14,1
fb_03,B30103,78,1,MASc NI 18 blocks,sa,112,112,14,1
fb_03,B31203,78,1,MASc NI 18 blocks,sa,112,112,14,1
fb_03,B5817,78,1,MASc NI 18 blocks,sa,112,112,14,1
ld_01,B11805,78,1,MASc NI 18 blocks,sa,112,112,14,1
ld_01,B6017,78,1,MASc NI 18 blocks,sa,112,112,14,1
ld_01,B6017,78,1,MASc NI 18 blocks,sa,112,112,14,1
ld_02,B11805,78,1,MASc NI 18 blocks,sa,112,112,14,1
ld_02,B21443,78,1,MASc NI 18 blocks,sa,112,112,14,1
ld_03,B11805,78,1,MASc NI 18 blocks,sa,112,112,14,1
ld_03,B35154,78,1,MASc NI 18 blocks,sa,112,112,14,1
pr_01,B20673,78,1,MASc NI 18 blocks,sa,112,112,14,1
pr_01,B6017,78,1,MASc NI 18 blocks,sa,112,112,14,1
pr_02,B11805,78,1,MASc NI 18 blocks,sa,112,112,14,1
pr_02,B5817,78,1,MASc NI 18 blocks,sa,112,112,14,1
pr_03,B35154,78,1,MASc NI 18 blocks,sa,112,112,14,1
sk_01,B6017,78,1,MASc NI 18 blocks,sa,112,112,14,1
sk_01,B6017,78,1,MASc NI 18 blocks,sa,112,112,14,1
sk_01,B6017,78,1,MASc NI 18 blocks,sa,112,112,14,1
sk_02,B21443,78,1,MASc NI 18 blocks,sa,112,112,14,1
sk_02,B35154,78,1,MASc NI 18 blocks,sa,112,112,14,1
sk_02,B6017,78,1,MASc NI 18 blocks,sa,112,112,14,1
sk_03,B18200,78,1,MASc NI 18 blocks,sa,112,112,14,1
sk_03,B20673,78,1,MASc NI 18 blocks,sa,112,112,14,1
sk_03,B21443,78,1,MASc NI 18 blocks,sa,112,112,14,1
fb_01,B31203,79,1,MASc NI 18 blocks,sa,112,112,14,1
fb_01,B5817,79,1,MASc NI 18 blocks,sa,112,112,14,1
fb_01,B6017,79,1,MASc NI 18 blocks,sa,112,112,14,1
fb_02,B20673,79,1,MASc NI 18 blocks,sa,112,112,14,1
fb_02,B21443,79,1,MASc NI 18 blocks,sa,112,112,14,1
fb_02,B30103,79,1,MASc NI 18 blocks,sa,112,112,14,1
fb_03,B18200,79,1,MASc NI 18 blocks,sa,112,112,14,1
fb_03,B20673,79,1,MASc NI 18 blocks,sa,112,112,14,1
fb_03,B30103,79,1,MASc NI 18 blocks,sa,112,112,14,1
ld_01,B20673,79,1,MASc NI 18 blocks,sa,112,112,14,1
ld_01,B6017,79,1,MASc NI 18 blocks,sa,112,112,14,1
ld_02,B11805,79,1,MASc NI 18 blocks,sa,112,112,14,1
ld_02,B6017,79,1,MASc NI 18 blocks,sa,112,112,14,1
ld_03,B11805,79,1,MASc NI 18 blocks,sa,112,112,14,1
ld_03,B35154,79,1,MASc NI 18 blocks,sa,112,112,14,1
pr_01,B21443,79,1,MASc NI 18 blocks,sa,112,112,14,1
pr_01,B6017,79,1,MASc NI 18 blocks,sa,112,112,14,1
pr_02,B6017,79,1,MASc NI 18 blocks,sa,112,112,14,1
pr_03,B18200,79,1,MASc NI 18 blocks,sa,112,112,14,1
sk_01,B4497,79,1,MASc NI 18 blocks,sa,112,112,14,1
sk_01,B4497,79,1,MASc NI 18 blocks,sa,112,112,14,1
sk_01,B4497,79,1,MASc NI 18 blocks,sa,112,112,14,1
sk_02,B21443,79,1,MASc NI 18 blocks,sa,112,112,14,1
sk_02,B21443,79,1,MASc NI 18 blocks,sa,112,112,14,1
sk_02,B35154,79,1,MASc NI 18 blocks,sa,112,112,14,1
sk_03,B30103,79,1,MASc NI 18 blocks,sa,112,112,14,1
sk_03,B31203,79,1,MASc NI 18 blocks,sa,112,112,14,1
sk_03,B35154,79,1,MASc NI 18 blocks,sa,112,112,14,1
fb_01,B18200,80,1,MASc NI 18 blocks,sa,112,112,14,1
fb_01,B20632,80,1,MASc NI 18 blocks,sa,112,112,14,1
fb_01,B30103,80,1,MASc NI 18 blocks,sa,112,112,14,1
fb_02,B35154,80,1,MASc NI 18 blocks,sa,112,112,14,1
fb_02,B5817,80,1,MASc NI 18 blocks,sa,112,112,14,1
fb_02,B6017,80,1,MASc NI 18 blocks,sa,112,112,14,1
fb_03,B20673,80,1,MASc NI 18 blocks,sa,112,112,14,1
fb_03,B31203,80,1,MASc NI 18 blocks,sa,112,112,14,1
fb_03,B5817,80,1,MASc NI 18 blocks,sa,112,112,14,1
ld_01,B6017,80,1,MASc NI 18 blocks,sa,112,112,14,1
ld_01,B6017,80,1,MASc NI 18 blocks,sa,112,112,14,1
ld_02,B21443,80,1,MASc NI 18 blocks,sa,112,112,14,1
ld_02,B6017,80,1,MASc NI 18 blocks,sa,112,112,14,1
ld_03,B21443,80,1,MASc NI 18 blocks,sa,112,112,14,1
ld_03,B6017,80,1,MASc NI 18 blocks,sa,112,112,14,1
pr_01,B35154,80,1,MASc NI 18 blocks,sa,112,112,14,1
pr_01,B4497,80,1,MASc NI 18 blocks,sa,112,112,14,1
pr_01,B4497,80,1,MASc NI 18 blocks,sa,112,112,14,1
pr_02,B30103,80,1,MASc NI 18 blocks,sa,112,112,14,1
pr_02,B4497,80,1,MASc NI 18 blocks,sa,112,112,14,1
pr_03,B21443,80,1,MASc NI 18 blocks,sa,112,112,14,1
pr_03,B31203,80,1,MASc NI 18 blocks,sa,112,112,14,1
sk_01,B11805,80,1,MASc NI 18 blocks,sa,112,112,14,1
sk_01,B11805,80,1,MASc NI 18 blocks,sa,112,112,14,1
sk_01,B11805,80,1,MASc NI 18 blocks,sa,112,112,14,1
sk_02,B30103,80,1,MASc NI 18 blocks,sa,112,112,14,1
sk_02,B35154,80,1,MASc NI 18 blocks,sa,112,112,14,1
sk_02,B6017,80,1,MASc NI 18 blocks,sa,112,112,14,1
sk_03,B18200,80,1,MASc NI 18 blocks,sa,112,112,14,1
sk_03,B5817,80,1,MASc NI 18 blocks,sa,112,112,14,1
sk_03,B6017,80,1,MASc NI 18 blocks,sa,112,112,14,1
fb_01,B20673,81,1,MASc NI 18 blocks,sa,112,112,14,1
fb_01,B21443,81,1,MASc NI 18 blocks,sa,112,112,14,1
fb_01,B30103,81,1,MASc NI 18 blocks,sa,112,112,14,1
fb_02,B18200,81,1,MASc NI 18 blocks,sa,112,112,14,1
fb_02,B20631,81,1,MASc NI 18 blocks,sa,112,112,14,1
fb_02,B20632,81,1,MASc NI 18 blocks,sa,112,112,14,1
fb_03,B30103,81,1,MASc NI 18 blocks,sa,112,112,14,1
fb_03,B31203,81,1,MASc NI 18 blocks,sa,112,112,14,1
fb_03,B35154,81,1,MASc NI 18 blocks,sa,112,112,14,1
ld_01,B21443,81,1,MASc NI 18 blocks,sa,112,112,14,1
ld_01,B4497,81,1,MASc NI 18 blocks,sa,112,112,14,1
ld_01,B4497,81,1,MASc NI 18 blocks,sa,112,112,14,1
ld_02,B30103,81,1,MASc NI 18 blocks,sa,112,112,14,1
ld_02,B35154,81,1,MASc NI 18 blocks,sa,112,112,14,1
ld_02,B4497,81,1,MASc NI 18 blocks,sa,112,112,14,1
ld_03,B31203,81,1,MASc NI 18 blocks,sa,112,112,14,1
ld_03,B4497,81,1,MASc NI 18 blocks,sa,112,112,14,1
pr_01,B11805,81,1,MASc NI 18 blocks,sa,112,112,14,1
pr_01,B30103,81,1,MASc NI 18 blocks,sa,112,112,14,1
pr_02,B18200,81,1,MASc NI 18 blocks,sa,112,112,14,1
pr_02,B6017,81,1,MASc NI 18 blocks,sa,112,112,14,1
pr_03,B35154,81,1,MASc NI 18 blocks,sa,112,112,14,1
sk_01,B4497,81,1,MASc NI 18 blocks,sa,112,112,14,1
sk_01,B6017,81,1,MASc NI 18 blocks,sa,112,112,14,1
sk_01,B6017,81,1,MASc NI 18 blocks,sa,112,112,14,1
sk_02,B21443,81,1,MASc NI 18 blocks,sa,112,112,14,1
sk_02,B31203,81,1,MASc NI 18 blocks,sa,112,112,14,1
sk_02,B35154,81,1,MASc NI 18 blocks,sa,112,112,14,1
sk_03,B11805,81,1,MASc NI 18 blocks,sa,112,112,14,1
sk_03,B21443,81,1,MASc NI 18 blocks,sa,112,112,14,1
sk_03,B30103,81,1,MASc NI 18 blocks,sa,112,112,14,1
fb_01,B31203,82,1,MASc NI 18 blocks,sa,112,112,14,1
fb_01,B35154,82,1,MASc NI 18 blocks,sa,112,112,14,1
fb_01,B4497,82,1,MASc NI 18 blocks,sa,112,112,14,1
fb_02,B20673,82,1,MASc NI 18 blocks,sa,112,112,14,1
fb_02,B21443,82,1,MASc NI 18 blocks,sa,112,112,14,1
fb_02,B30103,82,1,MASc NI 18 blocks,sa,112,112,14,1
fb_03,B18200,82,1,MASc NI 18 blocks,sa,112,112,14,1
fb_03,B20673,82,1,MASc NI 18 blocks,sa,112,112,14,1
fb_03,B5817,82,1,MASc NI 18 blocks,sa,112,112,14,1
ld_01,B11805,82,1,MASc NI 18 blocks,sa,112,112,14,1
ld_01,B18200,82,1,MASc NI 18 blocks,sa,112,112,14,1
ld_01,B30103,82,1,MASc NI 18 blocks,sa,112,112,14,1
ld_02,B11805,82,1,MASc NI 18 blocks,sa,112,112,14,1
ld_02,B6017,82,1,MASc NI 18 blocks,sa,112,112,14,1
ld_02,B6017,82,1,MASc NI 18 blocks,sa,112,112,14,1
ld_03,B35154,82,1,MASc NI 18 blocks,sa,112,112,14,1
ld_03,B35154,82,1,MASc NI 18 blocks,sa,112,112,14,1
pr_01,B11805,82,1,MASc NI 18 blocks,sa,112,112,14,1
pr_01,B31203,82,1,MASc NI 18 blocks,sa,112,112,14,1
pr_02,B4497,82,1,MASc NI 18 blocks,sa,112,112,14,1
pr_02,B6017,82,1,MASc NI 18 blocks,sa,112,112,14,1
pr_03,B21443,82,1,MASc NI 18 blocks,sa,112,112,14,1
sk_01,B11805,82,1,MASc NI 18 blocks,sa,112,112,14,1
sk_01,B6017,82,1,MASc NI 18 blocks,sa,112,112,14,1
sk_01,B6017,82,1,MASc NI 18 blocks,sa,112,112,14,1
sk_02,B18200,82,1,MASc NI 18 blocks,sa,112,112,14,1
sk_02,B5817,82,1,MASc NI 18 blocks,sa,112,112,14,1
sk_02,B6017,82,1,MASc NI 18 blocks,sa,112,112,14,1
sk_03,B31203,82,1,MASc NI 18 blocks,sa,112,112,14,1
sk_03,B35154,82,1,MASc NI 18 blocks,sa,112,112,14,1
sk_03,B5817,82,1,MASc NI 18 blocks,sa,112,112,14,1
fb_01,B20631,83,1,MASc NI 18 blocks,sa,112,112,14,1
fb_01,B20673,83,1,MASc NI 18 blocks,sa,112,112,14,1
fb_01,B5817,83,1,MASc NI 18 blocks,sa,112,112,14,1
fb_02,B35154,83,1,MASc NI 18 blocks,sa,112,112,14,1
fb_02,B5817,83,1,MASc NI 18 blocks,sa,112,112,14,1
fb_02,B6017,83,1,MASc NI 18 blocks,sa,112,112,14,1
fb_03,B21443,83,1,MASc NI 18 blocks,sa,112,112,14,1
fb_03,B30103,83,1,MASc NI 18 blocks,sa,112,112,14,1
fb_03,B31203,83,1,MASc NI 18 blocks,sa,112,112,14,1
ld_01,B31203,83,1,MASc NI 18 blocks,sa,112,112,14,1
ld_01,B4497,83,1,MASc NI 18 blocks,sa,112,112,14,1
ld_01,B6017,83,1,MASc NI 18 blocks,sa,112,112,14,1
ld_02,B11805,83,1,MASc NI 18 blocks,sa,112,112,14,1
ld_02,B11805,83,1,MASc NI 18 blocks,sa,112,112,14,1
ld_02,B21443,83,1,MASc NI 18 blocks,sa,112,112,14,1
ld_03,B21443,83,1,MASc NI 18 blocks,sa,112,112,14,1
ld_03,B6017,83,1,MASc NI 18 blocks,sa,112,112,14,1
pr_01,B11805,83,1,MASc NI 18 blocks,sa,112,112,14,1
pr_01,B5817,83,1,MASc NI 18 blocks,sa,112,112,14,1
pr_01,B6017,83,1,MASc NI 18 blocks,sa,112,112,14,1
pr_02,B11805,83,1,MASc NI 18 blocks,sa,112,112,14,1
pr_02,B5817,83,1,MASc NI 18 blocks,sa,112,112,14,1
pr_02,B6017,83,1,MASc NI 18 blocks,sa,112,112,14,1
pr_03,B31203,83,1,MASc NI 18 blocks,sa,112,112,14,1
pr_03,B35154,83,1,MASc NI 18 blocks,sa,112,112,14,1
sk_01,B21443,83,1,MASc NI 18 blocks,sa,112,112,14,1
sk_01,B21443,83,1,MASc NI 18 blocks,sa,112,112,14,1
sk_01,B4497,83,1,MASc NI 18 blocks,sa,112,112,14,1
sk_02,B20673,83,1,MASc NI 18 blocks,sa,112,112,14,1
sk_02,B20673,83,1,MASc NI 18 blocks,sa,112,112,14,1
sk_02,B21443,83,1,MASc NI 18 blocks,sa,112,112,14,1
sk_03,B18200,83,1,MASc NI 18 blocks,sa,112,112,14,1
sk_03,B30103,83,1,MASc NI 18 blocks,sa,112,112,14,1
sk_03,B4497,83,1,MASc NI 18 blocks,sa,112,112,14,1
fb_01,B18200,84,1,MASc NI 18 blocks,sa,112,112,14,1
fb_01,B5817,84,1,MASc NI 18 blocks,sa,112,112,14,1
fb_01,B5817,84,1,MASc NI 18 blocks,sa,112,112,14,1
fb_02,B18200,84,1,MASc NI 18 blocks,sa,112,112,14,1
fb_02,B20631,84,1,MASc NI 18 blocks,sa,112,112,14,1
fb_02,B6017,84,1,MASc NI 18 blocks,sa,112,112,14,1
fb_03,B18200,84,1,MASc NI 18 blocks,sa,112,112,14,1
fb_03,B20673,84,1,MASc NI 18 blocks,sa,112,112,14,1
fb_03,B30103,84,1,MASc NI 18 blocks,sa,112,112,14,1
ld_01,B5817,84,1,MASc NI 18 blocks,sa,112,112,14,1
ld_01,B6017,84,1,MASc NI 18 blocks,sa,112,112,14,1
ld_01,B6017,84,1,MASc NI 18 blocks,sa,112,112,14,1
ld_02,B11805,84,1,MASc NI 18 blocks,sa,112,112,14,1
ld_02,B5817,84,1,MASc NI 18 blocks,sa,112,112,14,1
ld_02,B6017,84,1,MASc NI 18 blocks,sa,112,112,14,1
ld_03,B11805,84,1,MASc NI 18 blocks,sa,112,112,14,1
ld_03,B35154,84,1,MASc NI 18 blocks,sa,112,112,14,1
ld_03,B6017,84,1,MASc NI 18 blocks,sa,112,112,14,1
pr_01,B18200,84,1,MASc NI 18 blocks,sa,112,112,14,1
pr_01,B21443,84,1,MASc NI 18 blocks,sa,112,112,14,1
pr_02,B30103,84,1,MASc NI 18 blocks,sa,112,112,14,1
pr_02,B4497,84,1,MASc NI 18 blocks,sa,112,112,14,1
pr_03,B20673,84,1,MASc NI 18 blocks,sa,112,112,14,1
pr_03,B4497,84,1,MASc NI 18 blocks,sa,112,112,14,1
sk_01,B6017,84,1,MASc NI 18 blocks,sa,112,112,14,1
sk_01,B6017,84,1,MASc NI 18 blocks,sa,112,112,14,1
sk_01,B6017,84,1,MASc NI 18 blocks,sa,112,112,14,1
sk_02,B31203,84,1,MASc NI 18 blocks,sa,112,112,14,1
sk_02,B35154,84,1,MASc NI 18 blocks,sa,112,112,14,1
sk_02,B5817,84,1,MASc NI 18 blocks,sa,112,112,14,1
sk_03,B21443,84,1,MASc NI 18 blocks,sa,112,112,14,1
sk_03,B30103,84,1,MASc NI 18 blocks,sa,112,112,14,1
sk_03,B31203,84,1,MASc NI 18 blocks,sa,112,112,14,1
fb_01,B11042,85,1,MASc NI 18 blocks,sa,112,112,14,1
fb_01,B11805,85,1,MASc NI 18 blocks,sa,112,112,14,1
fb_01,B6017,85,1,MASc NI 18 blocks,sa,112,112,14,1
fb_02,B11805,85,1,MASc NI 18 blocks,sa,112,112,14,1
fb_02,B21443,85,1,MASc NI 18 blocks,sa,112,112,14,1
fb_02,B6017,85,1,MASc NI 18 blocks,sa,112,112,14,1
fb_03,B10412,85,1,MASc NI 18 blocks,sa,112,112,14,1
fb_03,B5817,85,1,MASc NI 18 blocks,sa,112,112,14,1
fb_03,B6017,85,1,MASc NI 18 blocks,sa,112,112,14,1
fb_01,B18200,86,1,MASc NI 18 blocks,sa,112,112,14,1
fb_01,B20631,86,1,MASc NI 18 blocks,sa,112,112,14,1
fb_01,B20632,86,1,MASc NI 18 blocks,sa,112,112,14,1
fb_02,B11805,86,1,MASc NI 18 blocks,sa,112,112,14,1
fb_02,B30103,86,1,MASc NI 18 blocks,sa,112,112,14,1
fb_02,B31203,86,1,MASc NI 18 blocks,sa,112,112,14,1
fb_03,B30103,86,1,MASc NI 18 blocks,sa,112,112,14,1
fb_03,B35154,86,1,MASc NI 18 blocks,sa,112,112,14,1
fb_03,B6017,86,1,MASc NI 18 blocks,sa,112,112,14,1
sk_01,B11042,86,1,MASc NI 18 blocks,sa,112,112,14,1
sk_01,B11042,86,1,MASc NI 18 blocks,sa,112,112,14,1
sk_01,B11805,86,1,MASc NI 18 blocks,sa,112,112,14,1
sk_02,B11042,86,1,MASc NI 18 blocks,sa,112,112,14,1
sk_02,B11805,86,1,MASc NI 18 blocks,sa,112,112,14,1
sk_02,B11805,86,1,MASc NI 18 blocks,sa,112,112,14,1
sk_03,B11805,86,1,MASc NI 18 blocks,sa,112,112,14,1
sk_03,B21443,86,1,MASc NI 18 blocks,sa,112,112,14,1
sk_03,B6017,86,1,MASc NI 18 blocks,sa,112,112,14,1
fb_01,B20673,87,1,MASc NI 18 blocks,sa,112,112,14,1
fb_01,B21443,87,1,MASc NI 18 blocks,sa,112,112,14,1
fb_01,B30103,87,1,MASc NI 18 blocks,sa,112,112,14,1
fb_02,B35154,87,1,MASc NI 18 blocks,sa,112,112,14,1
fb_02,B4497,87,1,MASc NI 18 blocks,sa,112,112,14,1
fb_02,B5817,87,1,MASc NI 18 blocks,sa,112,112,14,1
fb_03,B18200,87,1,MASc NI 18 blocks,sa,112,112,14,1
fb_03,B5817,87,1,MASc NI 18 blocks,sa,112,112,14,1
fb_03,B6017,87,1,MASc NI 18 blocks,sa,112,112,14,1
pr_01,B11042,87,1,MASc NI 18 blocks,sa,112,112,14,1
pr_01,B11805,87,1,MASc NI 18 blocks,sa,112,112,14,1
pr_02,B11042,87,1,MASc NI 18 blocks,sa,112,112,14,1
pr_03,B11805,87,1,MASc NI 18 blocks,sa,112,112,14,1
sk_01,B11805,87,1,MASc NI 18 blocks,sa,112,112,14,1
sk_01,B21443,87,1,MASc NI 18 blocks,sa,112,112,14,1
sk_01,B21443,87,1,MASc NI 18 blocks,sa,112,112,14,1
sk_02,B18200,87,1,MASc NI 18 blocks,sa,112,112,14,1
sk_02,B20631,87,1,MASc NI 18 blocks,sa,112,112,14,1
sk_02,B20632,87,1,MASc NI 18 blocks,sa,112,112,14,1
sk_03,B18200,87,1,MASc NI 18 blocks,sa,112,112,14,1
sk_03,B21443,87,1,MASc NI 18 blocks,sa,112,112,14,1
sk_03,B35154,87,1,MASc NI 18 blocks,sa,112,112,14,1
fb_01,B20632,88,1,MASc NI 18 blocks,sa,112,112,14,1
fb_01,B31203,88,1,MASc NI 18 blocks,sa,112,112,14,1
fb_01,B4497,88,1,MASc NI 18 blocks,sa,112,112,14,1
fb_02,B20631,88,1,MASc NI 18 blocks,sa,112,112,14,1
fb_02,B6017,88,1,MASc NI 18 blocks,sa,112,112,14,1
fb_02,B6017,88,1,MASc NI 18 blocks,sa,112,112,14,1
fb_03,B20673,88,1,MASc NI 18 blocks,sa,112,112,14,1
fb_03,B5817,88,1,MASc NI 18 blocks,sa,112,112,14,1
fb_03,B5817,88,1,MASc NI 18 blocks,sa,112,112,14,1
ld_01,B11042,88,1,MASc NI 18 blocks,sa,112,112,14,1
ld_01,B11805,88,1,MASc NI 18 blocks,sa,112,112,14,1
ld_01,B11805,88,1,MASc NI 18 blocks,sa,112,112,14,1
ld_02,B11042,88,1,MASc NI 18 blocks,sa,112,112,14,1
ld_02,B11805,88,1,MASc NI 18 blocks,sa,112,112,14,1
ld_02,B11805,88,1,MASc NI 18 blocks,sa,112,112,14,1
ld_03,B11042,88,1,MASc NI 18 blocks,sa,112,112,14,1
ld_03,B11042,88,1,MASc NI 18 blocks,sa,112,112,14,1
pr_01,B21443,88,1,MASc NI 18 blocks,sa,112,112,14,1
pr_02,B18200,88,1,MASc NI 18 blocks,sa,112,112,14,1
sk_01,B4497,88,1,MASc NI 18 blocks,sa,112,112,14,1
sk_01,B4497,88,1,MASc NI 18 blocks,sa,112,112,14,1
sk_01,B6017,88,1,MASc NI 18 blocks,sa,112,112,14,1
sk_02,B20673,88,1,MASc NI 18 blocks,sa,112,112,14,1
sk_02,B21443,88,1,MASc NI 18 blocks,sa,112,112,14,1
sk_02,B6017,88,1,MASc NI 18 blocks,sa,112,112,14,1
sk_03,B18200,88,1,MASc NI 18 blocks,sa,112,112,14,1
sk_03,B20631,88,1,MASc NI 18 blocks,sa,112,112,14,1
sk_03,B6017,88,1,MASc NI 18 blocks,sa,112,112,14,1
fb_01,B20673,89,1,MASc NI 18 blocks,sa,112,112,14,1
fb_01,B5817,89,1,MASc NI 18 blocks,sa,112,112,14,1
fb_01,B5817,89,1,MASc NI 18 blocks,sa,112,112,14,1
fb_02,B11805,89,1,MASc NI 18 blocks,sa,112,112,14,1
fb_02,B20673,89,1,MASc NI 18 blocks,sa,112,112,14,1
fb_02,B30103,89,1,MASc NI 18 blocks,sa,112,112,14,1
fb_03,B21443,89,1,MASc NI 18 blocks,sa,112,112,14,1
fb_03,B30103,89,1,MASc NI 18 blocks,sa,112,112,14,1
fb_03,B35154,89,1,MASc NI 18 blocks,sa,112,112,14,1
ld_01,B21443,89,1,MASc NI 18 blocks,sa,112,112,14,1
pr_01,B21443,89,1,MASc NI 18 blocks,sa,112,112,14,1
pr_01,B6017,89,1,MASc NI 18 blocks,sa,112,112,14,1
pr_02,B20631,89,1,MASc NI 18 blocks,sa,112,112,14,1
pr_02,B4497,89,1,MASc NI 18 blocks,sa,112,112,14,1
pr_03,B18200,89,1,MASc NI 18 blocks,sa,112,112,14,1
pr_03,B6017,89,1,MASc NI 18 blocks,sa,112,112,14,1
sk_01,B10412,89,1,MASc NI 18 blocks,sa,112,112,14,1
sk_01,B4497,89,1,MASc NI 18 blocks,sa,112,112,14,1
sk_01,B4497,89,1,MASc NI 18 blocks,sa,112,112,14,1
sk_02,B30103,89,1,MASc NI 18 blocks,sa,112,112,14,1
sk_02,B31203,89,1,MASc NI 18 blocks,sa,112,112,14,1
sk_02,B35154,89,1,MASc NI 18 blocks,sa,112,112,14,1
sk_03,B20632,89,1,MASc NI 18 blocks,sa,112,112,14,1
sk_03,B20673,89,1,MASc NI 18 blocks,sa,112,112,14,1
sk_03,B21443,89,1,MASc NI 18 blocks,sa,112,112,14,1
fb_01,B18200,90,1,MASc NI 18 blocks,sa,112,112,14,1
fb_01,B18200,90,1,MASc NI 18 blocks,sa,112,112,14,1
fb_01,B20631,90,1,MASc NI 18 blocks,sa,112,112,14,1
fb_02,B35154,90,1,MASc NI 18 blocks,sa,112,112,14,1
fb_02,B5817,90,1,MASc NI 18 blocks,sa,112,112,14,1
fb_02,B5817,90,1,MASc NI 18 blocks,sa,112,112,14,1
fb_03,B35154,90,1,MASc NI 18 blocks,sa,112,112,14,1
fb_03,B5817,90,1,MASc NI 18 blocks,sa,112,112,14,1
fb_03,B5817,90,1,MASc NI 18 blocks,sa,112,112,14,1
ld_01,B20631,90,1,MASc NI 18 blocks,sa,112,112,14,1
ld_01,B4497,90,1,MASc NI 18 blocks,sa,112,112,14,1
ld_01,B6017,90,1,MASc NI 18 blocks,sa,112,112,14,1
ld_02,B18200,90,1,MASc NI 18 blocks,sa,112,112,14,1
ld_02,B21443,90,1,MASc NI 18 blocks,sa,112,112,14,1
ld_02,B6017,90,1,MASc NI 18 blocks,sa,112,112,14,1
ld_03,B21443,90,1,MASc NI 18 blocks,sa,112,112,14,1
ld_03,B6017,90,1,MASc NI 18 blocks,sa,112,112,14,1
pr_01,B4497,90,1,MASc NI 18 blocks,sa,112,112,14,1
pr_02,B4497,90,1,MASc NI 18 blocks,sa,112,112,14,1
pr_03,B20632,90,1,MASc NI 18 blocks,sa,112,112,14,1
sk_01,B11805,90,1,MASc NI 18 blocks,sa,112,112,14,1
sk_01,B11805,90,1,MASc NI 18 blocks,sa,112,112,14,1
sk_01,B11805,90,1,MASc NI 18 blocks,sa,112,112,14,1
sk_02,B18200,90,1,MASc NI 18 blocks,sa,112,112,14,1
sk_02,B5817,90,1,MASc NI 18 blocks,sa,112,112,14,1
sk_02,B6017,90,1,MASc NI 18 blocks,sa,112,112,14,1
sk_03,B11805,90,1,MASc NI 18 blocks,sa,112,112,14,1
sk_03,B30103,90,1,MASc NI 18 blocks,sa,112,112,14,1
sk_03,B31203,90,1,MASc NI 18 blocks,sa,112,112,14,1
fb_01,B20673,91,1,MASc NI 18 blocks,sa,112,112,14,1
fb_01,B5817,91,1,MASc NI 18 blocks,sa,112,112,14,1
fb_01,B5817,91,1,MASc NI 18 blocks,sa,112,112,14,1
fb_02,B20673,91,1,MASc NI 18 blocks,sa,112,112,14,1
fb_02,B4497,91,1,MASc NI 18 blocks,sa,112,112,14,1
fb_02,B6017,91,1,MASc NI 18 blocks,sa,112,112,14,1
fb_03,B18200,91,1,MASc NI 18 blocks,sa,112,112,14,1
fb_03,B18200,91,1,MASc NI 18 blocks,sa,112,112,14,1
fb_03,B5817,91,1,MASc NI 18 blocks,sa,112,112,14,1
ld_01,B4497,91,1,MASc NI 18 blocks,sa,112,112,14,1
ld_01,B4497,91,1,MASc NI 18 blocks,sa,112,112,14,1
ld_02,B4497,91,1,MASc NI 18 blocks,sa,112,112,14,1
ld_03,B20632,91,1,MASc NI 18 blocks,sa,112,112,14,1
pr_01,B11805,91,1,MASc NI 18 blocks,sa,112,112,14,1
pr_01,B31203,91,1,MASc NI 18 blocks,sa,112,112,14,1
pr_02,B11805,91,1,MASc NI 18 blocks,sa,112,112,14,1
pr_03,B30103,91,1,MASc NI 18 blocks,sa,112,112,14,1
sk_01,B6017,91,1,MASc NI 18 blocks,sa,112,112,14,1
sk_01,B6017,91,1,MASc NI 18 blocks,sa,112,112,14,1
sk_01,B6017,91,1,MASc NI 18 blocks,sa,112,112,14,1
sk_02,B11805,91,1,MASc NI 18 blocks,sa,112,112,14,1
sk_02,B20631,91,1,MASc NI 18 blocks,sa,112,112,14,1
sk_02,B20632,91,1,MASc NI 18 blocks,sa,112,112,14,1
sk_03,B11805,91,1,MASc NI 18 blocks,sa,112,112,14,1
sk_03,B11805,91,1,MASc NI 18 blocks,sa,112,112,14,1
sk_03,B35154,91,1,MASc NI 18 blocks,sa,112,112,14,1
fb_01,B18200,92,1,MASc NI 18 blocks,sa,112,112,14,1
fb_01,B18200,92,1,MASc NI 18 blocks,sa,112,112,14,1
fb_01,B4497,92,1,MASc NI 18 blocks,sa,112,112,14,1
fb_02,B20631,92,1,MASc NI 18 blocks,sa,112,112,14,1
fb_02,B20632,92,1,MASc NI 18 blocks,sa,112,112,14,1
fb_02,B20673,92,1,MASc NI 18 blocks,sa,112,112,14,1
fb_03,B20632,92,1,MASc NI 18 blocks,sa,112,112,14,1
fb_03,B20673,92,1,MASc NI 18 blocks,sa,112,112,14,1
fb_03,B21443,92,1,MASc NI 18 blocks,sa,112,112,14,1
ld_01,B11805,92,1,MASc NI 18 blocks,sa,112,112,14,1
ld_01,B11805,92,1,MASc NI 18 blocks,sa,112,112,14,1
ld_02,B11805,92,1,MASc NI 18 blocks,sa,112,112,14,1
ld_02,B11805,92,1,MASc NI 18 blocks,sa,112,112,14,1
ld_03,B11805,92,1,MASc NI 18 blocks,sa,112,112,14,1
pr_01,B11805,92,1,MASc NI 18 blocks,sa,112,112,14,1
pr_01,B6017,92,1,MASc NI 18 blocks,sa,112,112,14,1
pr_02,B11805,92,1,MASc NI 18 blocks,sa,112,112,14,1
pr_02,B6017,92,1,MASc NI 18 blocks,sa,112,112,14,1
pr_03,B35154,92,1,MASc NI 18 blocks,sa,112,112,14,1
sk_01,B4497,92,1,MASc NI 18 blocks,sa,112,112,14,1
sk_01,B4497,92,1,MASc NI 18 blocks,sa,112,112,14,1
sk_01,B6017,92,1,MASc NI 18 blocks,sa,112,112,14,1
sk_02,B21443,92,1,MASc NI 18 blocks,sa,112,112,14,1
sk_02,B30103,92,1,MASc NI 18 blocks,sa,112,112,14,1
sk_02,B6017,92,1,MASc NI 18 blocks,sa,112,112,14,1
sk_03,B18200,92,1,MASc NI 18 blocks,sa,112,112,14,1
sk_03,B20631,92,1,MASc NI 18 blocks,sa,112,112,14,1
sk_03,B20632,92,1,MASc NI 18 blocks,sa,112,112,14,1
fb_01,B30103,93,1,MASc NI 18 blocks,sa,112,112,14,1
fb_01,B5817,93,1,MASc NI 18 blocks,sa,112,112,14,1
fb_01,B6017,93,1,MASc NI 18 blocks,sa,112,112,14,1
fb_02,B20632,93,1,MASc NI 18 blocks,sa,112,112,14,1
fb_02,B20673,93,1,MASc NI 18 blocks,sa,112,112,14,1
fb_02,B5817,93,1,MASc NI 18 blocks,sa,112,112,14,1
fb_03,B20673,93,1,MASc NI 18 blocks,sa,112,112,14,1
fb_03,B31203,93,1,MASc NI 18 blocks,sa,112,112,14,1
fb_03,B5817,93,1,MASc NI 18 blocks,sa,112,112,14,1
ld_01,B11805,93,1,MASc NI 18 blocks,sa,112,112,14,1
ld_01,B6017,93,1,MASc NI 18 blocks,sa,112,112,14,1
ld_01,B6017,93,1,MASc NI 18 blocks,sa,112,112,14,1
ld_02,B11805,93,1,MASc NI 18 blocks,sa,112,112,14,1
ld_02,B11805,93,1,MASc NI 18 blocks,sa,112,112,14,1
ld_02,B6017,93,1,MASc NI 18 blocks,sa,112,112,14,1
ld_03,B11805,93,1,MASc NI 18 blocks,sa,112,112,14,1
ld_03,B35154,93,1,MASc NI 18 blocks,sa,112,112,14,1
ld_03,B6017,93,1,MASc NI 18 blocks,sa,112,112,14,1
pr_01,B20631,93,1,MASc NI 18 blocks,sa,112,112,14,1
pr_01,B4497,93,1,MASc NI 18 blocks,sa,112,112,14,1
pr_01,B4497,93,1,MASc NI 18 blocks,sa,112,112,14,1
pr_02,B18200,93,1,MASc NI 18 blocks,sa,112,112,14,1
pr_02,B20632,93,1,MASc NI 18 blocks,sa,112,112,14,1
pr_03,B30103,93,1,MASc NI 18 blocks,sa,112,112,14,1
pr_03,B6017,93,1,MASc NI 18 blocks,sa,112,112,14,1
sk_01,B4497,93,1,MASc NI 18 blocks,sa,112,112,14,1
sk_01,B4497,93,1,MASc NI 18 blocks,sa,112,112,14,1
sk_01,B4497,93,1,MASc NI 18 blocks,sa,112,112,14,1
sk_02,B31203,93,1,MASc NI 18 blocks,sa,112,112,14,1
sk_02,B35154,93,1,MASc NI 18 blocks,sa,112,112,14,1
sk_02,B5817,93,1,MASc NI 18 blocks,sa,112,112,14,1
sk_03,B20673,93,1,MASc NI 18 blocks,sa,112,112,14,1
sk_03,B21443,93,1,MASc NI 18 blocks,sa,112,112,14,1
sk_03,B6017,93,1,MASc NI 18 blocks,sa,112,112,14,1
fb_01,B18200,94,1,MASc NI 18 blocks,sa,112,112,14,1
fb_01,B20631,94,1,MASc NI 18 blocks,sa,112,112,14,1
fb_01,B20632,94,1,MASc NI 18 blocks,sa,112,112,14,1
fb_02,B31203,94,1,MASc NI 18 blocks,sa,112,112,14,1
fb_02,B4497,94,1,MASc NI 18 blocks,sa,112,112,14,1
fb_02,B5817,94,1,MASc NI 18 blocks,sa,112,112,14,1
fb_03,B18200,94,1,MASc NI 18 blocks,sa,112,112,14,1
fb_03,B18200,94,1,MASc NI 18 blocks,sa,112,112,14,1
fb_03,B5817,94,1,MASc NI 18 blocks,sa,112,112,14,1
ld_01,B18200,94,1,MASc NI 18 blocks,sa,112,112,14,1
ld_01,B20632,94,1,MASc NI 18 blocks,sa,112,112,14,1
ld_01,B6017,94,1,MASc NI 18 blocks,sa,112,112,14,1
ld_02,B20631,94,1,MASc NI 18 blocks,sa,112,112,14,1
ld_02,B4497,94,1,MASc NI 18 blocks,sa,112,112,14,1
ld_02,B6017,94,1,MASc NI 18 blocks,sa,112,112,14,1
ld_03,B30103,94,1,MASc NI 18 blocks,sa,112,112,14,1
ld_03,B4497,94,1,MASc NI 18 blocks,sa,112,112,14,1
pr_01,B21443,94,1,MASc NI 18 blocks,sa,112,112,14,1
pr_01,B4497,94,1,MASc NI 18 blocks,sa,112,112,14,1
pr_02,B4497,94,1,MASc NI 18 blocks,sa,112,112,14,1
pr_02,B5817,94,1,MASc NI 18 blocks,sa,112,112,14,1
pr_03,B31203,94,1,MASc NI 18 blocks,sa,112,112,14,1
pr_03,B4497,94,1,MASc NI 18 blocks,sa,112,112,14,1
sk_01,B11805,94,1,MASc NI 18 blocks,sa,112,112,14,1
sk_01,B11805,94,1,MASc NI 18 blocks,sa,112,112,14,1
sk_01,B11805,94,1,MASc NI 18 blocks,sa,112,112,14,1
sk_02,B18200,94,1,MASc NI 18 blocks,sa,112,112,14,1
sk_02,B20631,94,1,MASc NI 18 blocks,sa,112,112,14,1
sk_02,B6017,94,1,MASc NI 18 blocks,sa,112,112,14,1
sk_03,B30103,94,1,MASc NI 18 blocks,sa,112,112,14,1
sk_03,B31203,94,1,MASc NI 18 blocks,sa,112,112,14,1
sk_03,B35154,94,1,MASc NI 18 blocks,sa,112,112,14,1
fb_01,B30103,95,1,MASc NI 18 blocks,sa,112,112,14,1
fb_01,B5817,95,1,MASc NI 18 blocks,sa,112,112,14,1
fb_01,B6017,95,1,MASc NI 18 blocks,sa,112,112,14,1
fb_02,B18200,95,1,MASc NI 18 blocks,sa,112,112,14,1
fb_02,B5817,95,1,MASc NI 18 blocks,sa,112,112,14,1
fb_02,B6017,95,1,MASc NI 18 blocks,sa,112,112,14,1
fb_03,B18200,95,1,MASc NI 18 blocks,sa,112,112,14,1
fb_03,B31203,95,1,MASc NI 18 blocks,sa,112,112,14,1
fb_03,B5817,95,1,MASc NI 18 blocks,sa,112,112,14,1
ld_01,B21443,95,1,MASc NI 18 blocks,sa,112,112,14,1
ld_01,B4497,95,1,MASc NI 18 blocks,sa,112,112,14,1
ld_01,B4497,95,1,MASc NI 18 blocks,sa,112,112,14,1
ld_02,B31203,95,1,MASc NI 18 blocks,sa,112,112,14,1
ld_02,B4497,95,1,MASc NI 18 blocks,sa,112,112,14,1
ld_03,B4497,95,1,MASc NI 18 blocks,sa,112,112,14,1
ld_03,B4497,95,1,MASc NI 18 blocks,sa,112,112,14,1
pr_01,B11805,95,1,MASc NI 18 blocks,sa,112,112,14,1
pr_01,B30103,95,1,MASc NI 18 blocks,sa,112,112,14,1
pr_01,B35154,95,1,MASc NI 18 blocks,sa,112,112,14,1
pr_02,B11805,95,1,MASc NI 18 blocks,sa,112,112,14,1
pr_02,B31203,95,1,MASc NI 18 blocks,sa,112,112,14,1
pr_02,B6017,95,1,MASc NI 18 blocks,sa,112,112,14,1
pr_03,B11805,95,1,MASc NI 18 blocks,sa,112,112,14,1
pr_03,B18200,95,1,MASc NI 18 blocks,sa,112,112,14,1
sk_01,B4497,95,1,MASc NI 18 blocks,sa,112,112,14,1
sk_01,B4497,95,1,MASc NI 18 blocks,sa,112,112,14,1
sk_01,B5817,95,1,MASc NI 18 blocks,sa,112,112,14,1
sk_02,B20673,95,1,MASc NI 18 blocks,sa,112,112,14,1
sk_02,B21443,95,1,MASc NI 18 blocks,sa,112,112,14,1
sk_02,B21443,95,1,MASc NI 18 blocks,sa,112,112,14,1
sk_03,B18200,95,1,MASc NI 18 blocks,sa,112,112,14,1
sk_03,B4497,95,1,MASc NI 18 blocks,sa,112,112,14,1
sk_03,B6017,95,1,MASc NI 18 blocks,sa,112,112,14,1
fb_01,B20673,96,1,MASc NI 18 blocks,sa,112,112,14,1
fb_01,B20673,96,1,MASc NI 18 blocks,sa,112,112,14,1
fb_01,B5817,96,1,MASc NI 18 blocks,sa,112,112,14,1
fb_02,B20673,96,1,MASc NI 18 blocks,sa,112,112,14,1
fb_02,B5817,96,1,MASc NI 18 blocks,sa,112,112,14,1
fb_02,B5817,96,1,MASc NI 18 blocks,sa,112,112,14,1
fb_03,B18200,96,1,MASc NI 18 blocks,sa,112,112,14,1
fb_03,B4497,96,1,MASc NI 18 blocks,sa,112,112,14,1
fb_03,B5817,96,1,MASc NI 18 blocks,sa,112,112,14,1
ld_01,B11805,96,1,MASc NI 18 blocks,sa,112,112,14,1
ld_01,B11805,96,1,MASc NI 18 blocks,sa,112,112,14,1
ld_01,B18200,96,1,MASc NI 18 blocks,sa,112,112,14,1
ld_02,B11805,96,1,MASc NI 18 blocks,sa,112,112,14,1
ld_02,B35154,96,1,MASc NI 18 blocks,sa,112,112,14,1
ld_02,B6017,96,1,MASc NI 18 blocks,sa,112,112,14,1
ld_03,B11805,96,1,MASc NI 18 blocks,sa,112,112,14,1
ld_03,B30103,96,1,MASc NI 18 blocks,sa,112,112,14,1
ld_03,B6017,96,1,MASc NI 18 blocks,sa,112,112,14,1
pr_01,B18200,96,1,MASc NI 18 blocks,sa,112,112,14,1
pr_01,B20673,96,1,MASc NI 18 blocks,sa,112,112,14,1
pr_02,B21443,96,1,MASc NI 18 blocks,sa,112,112,14,1
pr_02,B4497,96,1,MASc NI 18 blocks,sa,112,112,14,1
pr_03,B4497,96,1,MASc NI 18 blocks,sa,112,112,14,1
pr_03,B4497,96,1,MASc NI 18 blocks,sa,112,112,14,1
sk_01,B31203,96,1,MASc NI 18 blocks,sa,112,112,14,1
sk_01,B6017,96,1,MASc NI 18 blocks,sa,112,112,14,1
sk_01,B6017,96,1,MASc NI 18 blocks,sa,112,112,14,1
sk_02,B30103,96,1,MASc NI 18 blocks,sa,112,112,14,1
sk_02,B6017,96,1,MASc NI 18 blocks,sa,112,112,14,1
sk_02,B6017,96,1,MASc NI 18 blocks,sa,112,112,14,1
sk_03,B20631,96,1,MASc NI 18 blocks,sa,112,112,14,1
sk_03,B20632,96,1,MASc NI 18 blocks,sa,112,112,14,1
sk_03,B5817,96,1,MASc NI 18 blocks,sa,112,112,14,1
fb_01,B21443,97,1,MASc NI 18 blocks,sa,112,112,14,1
fb_01,B30103,97,1,MASc NI 18 blocks,sa,112,112,14,1
fb_01,B5817,97,1,MASc NI 18 blocks,sa,112,112,14,1
fb_02,B21443,97,1,MASc NI 18 blocks,sa,112,112,14,1
fb_02,B5817,97,1,MASc NI 18 blocks,sa,112,112,14,1
fb_02,B5817,97,1,MASc NI 18 blocks,sa,112,112,14,1
fb_03,B18200,97,1,MASc NI 18 blocks,sa,112,112,14,1
fb_03,B20631,97,1,MASc NI 18 blocks,sa,112,112,14,1
fb_03,B5817,97,1,MASc NI 18 blocks,sa,112,112,14,1
ld_01,B11805,97,1,MASc NI 18 blocks,sa,112,112,14,1
ld_01,B18200,97,1,MASc NI 18 blocks,sa,112,112,14,1
ld_01,B4497,97,1,MASc NI 18 blocks,sa,112,112,14,1
ld_02,B11805,97,1,MASc NI 18 blocks,sa,112,112,14,1
ld_02,B20673,97,1,MASc NI 18 blocks,sa,112,112,14,1
ld_02,B4497,97,1,MASc NI 18 blocks,sa,112,112,14,1
ld_03,B21443,97,1,MASc NI 18 blocks,sa,112,112,14,1
ld_03,B21443,97,1,MASc NI 18 blocks,sa,112,112,14,1
ld_03,B31203,97,1,MASc NI 18 blocks,sa,112,112,14,1
pr_01,B5817,97,1,MASc NI 18 blocks,sa,112,112,14,1
pr_01,B6017,97,1,MASc NI 18 blocks,sa,112,112,14,1
pr_02,B31203,97,1,MASc NI 18 blocks,sa,112,112,14,1
pr_02,B6017,97,1,MASc NI 18 blocks,sa,112,112,14,1
pr_03,B20631,97,1,MASc NI 18 blocks,sa,112,112,14,1
sk_01,B4497,97,1,MASc NI 18 blocks,sa,112,112,14,1
sk_01,B4497,97,1,MASc NI 18 blocks,sa,112,112,14,1
sk_01,B6017,97,1,MASc NI 18 blocks,sa,112,112,14,1
sk_02,B35154,97,1,MASc NI 18 blocks,sa,112,112,14,1
sk_02,B5817,97,1,MASc NI 18 blocks,sa,112,112,14,1
sk_02,B6017,97,1,MASc NI 18 blocks,sa,112,112,14,1
sk_03,B10412,97,1,MASc NI 18 blocks,sa,112,112,14,1
sk_03,B21443,97,1,MASc NI 18 blocks,sa,112,112,14,1
sk_03,B6017,97,1,MASc NI 18 blocks,sa,112,112,14,1
fb_01,B18200,98,1,MASc NI 18 blocks,sa,112,112,14,1
fb_01,B5817,98,1,MASc NI 18 blocks,sa,112,112,14,1
fb_01,B5817,98,1,MASc NI 18 blocks,sa,112,112,14,1
fb_02,B35154,98,1,MASc NI 18 blocks,sa,112,112,14,1
fb_02,B5817,98,1,MASc NI 18 blocks,sa,112,112,14,1
fb_02,B6017,98,1,MASc NI 18 blocks,sa,112,112,14,1
fb_03,B18200,98,1,MASc NI 18 blocks,sa,112,112,14,1
fb_03,B20673,98,1,MASc NI 18 blocks,sa,112,112,14,1
fb_03,B31203,98,1,MASc NI 18 blocks,sa,112,112,14,1
ld_01,B4497,98,1,MASc NI 18 blocks,sa,112,112,14,1
ld_01,B5817,98,1,MASc NI 18 blocks,sa,112,112,14,1
ld_01,B6017,98,1,MASc NI 18 blocks,sa,112,112,14,1
ld_02,B4497,98,1,MASc NI 18 blocks,sa,112,112,14,1
ld_02,B6017,98,1,MASc NI 18 blocks,sa,112,112,14,1
ld_02,B6017,98,1,MASc NI 18 blocks,sa,112,112,14,1
ld_03,B20631,98,1,MASc NI 18 blocks,sa,112,112,14,1
ld_03,B6017,98,1,MASc NI 18 blocks,sa,112,112,14,1
pr_01,B6017,98,1,MASc NI 18 blocks,sa,112,112,14,1
pr_01,B6017,98,1,MASc NI 18 blocks,sa,112,112,14,1
pr_02,B10412,98,1,MASc NI 18 blocks,sa,112,112,14,1
pr_02,B4497,98,1,MASc NI 18 blocks,sa,112,112,14,1
pr_03,B4497,98,1,MASc NI 18 blocks,sa,112,112,14,1
pr_03,B5817,98,1,MASc NI 18 blocks,sa,112,112,14,1
sk_01,B6017,98,1,MASc NI 18 blocks,sa,112,112,14,1
sk_01,B6017,98,1,MASc NI 18 blocks,sa,112,112,14,1
sk_01,B6017,98,1,MASc NI 18 blocks,sa,112,112,14,1
sk_02,B18200,98,1,MASc NI 18 blocks,sa,112,112,14,1
sk_02,B20631,98,1,MASc NI 18 blocks,sa,112,112,14,1
sk_02,B20632,98,1,MASc NI 18 blocks,sa,112,112,14,1
sk_03,B31203,98,1,MASc NI 18 blocks,sa,112,112,14,1
sk_03,B35154,98,1,MASc NI 18 blocks,sa,112,112,14,1
sk_03,B5817,98,1,MASc NI 18 blocks,sa,112,112,14,1
fb_01,B10412,99,1,MASc NI 18 blocks,sa,112,112,14,1
fb_01,B11042,99,1,MASc NI 18 blocks,sa,112,112,14,1
fb_01,B11805,99,1,MASc NI 18 blocks,sa,112,112,14,1
fb_02,B11805,99,1,MASc NI 18 blocks,sa,112,112,14,1
fb_02,B20673,99,1,MASc NI 18 blocks,sa,112,112,14,1
fb_02,B4497,99,1,MASc NI 18 blocks,sa,112,112,14,1
fb_03,B18200,99,1,MASc NI 18 blocks,sa,112,112,14,1
fb_03,B20631,99,1,MASc NI 18 blocks,sa,112,112,14,1
fb_03,B35154,99,1,MASc NI 18 blocks,sa,112,112,14,1
fb_01,B20631,100,1,MASc NI 18 blocks,sa,112,112,14,1
fb_01,B21443,100,1,MASc NI 18 blocks,sa,112,112,14,1
fb_01,B35154,100,1,MASc NI 18 blocks,sa,112,112,14,1
fb_02,B11805,100,1,MASc NI 18 blocks,sa,112,112,14,1
fb_02,B31203,100,1,MASc NI 18 blocks,sa,112,112,14,1
fb_02,B35154,100,1,MASc NI 18 blocks,sa,112,112,14,1
fb_03,B18200,100,1,MASc NI 18 blocks,sa,112,112,14,1
fb_03,B30103,100,1,MASc NI 18 blocks,sa,112,112,14,1
fb_03,B4497,100,1,MASc NI 18 blocks,sa,112,112,14,1
sk_01,B10412,100,1,MASc NI 18 blocks,sa,112,112,14,1
sk_01,B11042,100,1,MASc NI 18 blocks,sa,112,112,14,1
sk_01,B11805,100,1,MASc NI 18 blocks,sa,112,112,14,1
sk_02,B10412,100,1,MASc NI 18 blocks,sa,112,112,14,1
sk_02,B20673,100,1,MASc NI 18 blocks,sa,112,112,14,1
sk_02,B4497,100,1,MASc NI 18 blocks,sa,112,112,14,1
sk_03,B11042,100,1,MASc NI 18 blocks,sa,112,112,14,1
sk_03,B11042,100,1,MASc NI 18 blocks,sa,112,112,14,1
sk_03,B11805,100,1,MASc NI 18 blocks,sa,112,112,14,1
fb_01,B20673,101,1,MASc NI 18 blocks,sa,112,112,14,1
fb_01,B20673,101,1,MASc NI 18 blocks,sa,112,112,14,1
fb_01,B6017,101,1,MASc NI 18 blocks,sa,112,112,14,1
fb_02,B20673,101,1,MASc NI 18 blocks,sa,112,112,14,1
fb_02,B5817,101,1,MASc NI 18 blocks,sa,112,112,14,1
fb_02,B5817,101,1,MASc NI 18 blocks,sa,112,112,14,1
fb_03,B11805,101,1,MASc NI 18 blocks,sa,112,112,14,1
fb_03,B4497,101,1,MASc NI 18 blocks,sa,112,112,14,1
fb_03,B5817,101,1,MASc NI 18 blocks,sa,112,112,14,1
pr_01,B11042,101,1,MASc NI 18 blocks,sa,112,112,14,1
pr_01,B11805,101,1,MASc NI 18 blocks,sa,112,112,14,1
pr_02,B10412,101,1,MASc NI 18 blocks,sa,112,112,14,1
pr_03,B11042,101,1,MASc NI 18 blocks,sa,112,112,14,1
sk_01,B11805,101,1,MASc NI 18 blocks,sa,112,112,14,1
sk_01,B11805,101,1,MASc NI 18 blocks,sa,112,112,14,1
sk_01,B21443,101,1,MASc NI 18 blocks,sa,112,112,14,1
sk_02,B21443,101,1,MASc NI 18 blocks,sa,112,112,14,1
sk_02,B31203,101,1,MASc NI 18 blocks,sa,112,112,14,1
sk_02,B4497,101,1,MASc NI 18 blocks,sa,112,112,14,1
sk_03,B20631,101,1,MASc NI 18 blocks,sa,112,112,14,1
sk_03,B21443,101,1,MASc NI 18 blocks,sa,112,112,14,1
sk_03,B4497,101,1,MASc NI 18 blocks,sa,112,112,14,1
fb_01,B20673,102,1,MASc NI 18 blocks,sa,112,112,14,1
fb_01,B21443,102,1,MASc NI 18 blocks,sa,112,112,14,1
fb_01,B5817,102,1,MASc NI 18 blocks,sa,112,112,14,1
fb_02,B31203,102,1,MASc NI 18 blocks,sa,112,112,14,1
fb_02,B4497,102,1,MASc NI 18 blocks,sa,112,112,14,1
fb_02,B5817,102,1,MASc NI 18 blocks,sa,112,112,14,1
fb_03,B20673,102,1,MASc NI 18 blocks,sa,112,112,14,1
fb_03,B20673,102,1,MASc NI 18 blocks,sa,112,112,14,1
fb_03,B5817,102,1,MASc NI 18 blocks,sa,112,112,14,1
ld_01,B10412,102,1,MASc NI 18 blocks,sa,112,112,14,1
ld_01,B11042,102,1,MASc NI 18 blocks,sa,112,112,14,1
ld_01,B11805,102,1,MASc NI 18 blocks,sa,112,112,14,1
ld_02,B10412,102,1,MASc NI 18 blocks,sa,112,112,14,1
ld_02,B11042,102,1,MASc NI 18 blocks,sa,112,112,14,1
ld_02,B11805,102,1,MASc NI 18 blocks,sa,112,112,14,1
ld_03,B10412,102,1,MASc NI 18 blocks,sa,112,112,14,1
ld_03,B11042,102,1,MASc NI 18 blocks,sa,112,112,14,1
ld_03,B11042,102,1,MASc NI 18 blocks,sa,112,112,14,1
pr_01,B11805,102,1,MASc NI 18 blocks,sa,112,112,14,1
pr_01,B4497,102,1,MASc NI 18 blocks,sa,112,112,14,1
pr_02,B21443,102,1,MASc NI 18 blocks,sa,112,112,14,1
pr_03,B4497,102,1,MASc NI 18 blocks,sa,112,112,14,1
sk_01,B18200,102,1,MASc NI 18 blocks,sa,112,112,14,1
sk_01,B21443,102,1,MASc NI 18 blocks,sa,112,112,14,1
sk_01,B6017,102,1,MASc NI 18 blocks,sa,112,112,14,1
sk_02,B35154,102,1,MASc NI 18 blocks,sa,112,112,14,1
sk_02,B4497,102,1,MASc NI 18 blocks,sa,112,112,14,1
sk_02,B5817,102,1,MASc NI 18 blocks,sa,112,112,14,1
sk_03,B20673,102,1,MASc NI 18 blocks,sa,112,112,14,1
sk_03,B21443,102,1,MASc NI 18 blocks,sa,112,112,14,1
sk_03,B4497,102,1,MASc NI 18 blocks,sa,112,112,14,1
fb_01,B20673,103,1,MASc NI 18 blocks,sa,112,112,14,1
fb_01,B20673,103,1,MASc NI 18 blocks,sa,112,112,14,1
fb_01,B5817,103,1,MASc NI 18 blocks,sa,112,112,14,1
fb_02,B20632,103,1,MASc NI 18 blocks,sa,112,112,14,1
fb_02,B20673,103,1,MASc NI 18 blocks,sa,112,112,14,1
fb_02,B30103,103,1,MASc NI 18 blocks,sa,112,112,14,1
fb_03,B20632,103,1,MASc NI 18 blocks,sa,112,112,14,1
fb_03,B20673,103,1,MASc NI 18 blocks,sa,112,112,14,1
fb_03,B20673,103,1,MASc NI 18 blocks,sa,112,112,14,1
ld_01,B21443,103,1,MASc NI 18 blocks,sa,112,112,14,1
ld_01,B4497,103,1,MASc NI 18 blocks,sa,112,112,14,1
ld_02,B11805,103,1,MASc NI 18 blocks,sa,112,112,14,1
ld_02,B4497,103,1,MASc NI 18 blocks,sa,112,112,14,1
ld_03,B11805,103,1,MASc NI 18 blocks,sa,112,112,14,1
pr_01,B21443,103,1,MASc NI 18 blocks,sa,112,112,14,1
pr_02,B4497,103,1,MASc NI 18 blocks,sa,112,112,14,1
pr_03,B4497,103,1,MASc NI 18 blocks,sa,112,112,14,1
sk_01,B11805,103,1,MASc NI 18 blocks,sa,112,112,14,1
sk_01,B4497,103,1,MASc NI 18 blocks,sa,112,112,14,1
sk_01,B6017,103,1,MASc NI 18 blocks,sa,112,112,14,1
sk_02,B18200,103,1,MASc NI 18 blocks,sa,112,112,14,1
sk_02,B20631,103,1,MASc NI 18 blocks,sa,112,112,14,1
sk_02,B6017,103,1,MASc NI 18 blocks,sa,112,112,14,1
sk_03,B30103,103,1,MASc NI 18 blocks,sa,112,112,14,1
sk_03,B31203,103,1,MASc NI 18 blocks,sa,112,112,14,1
sk_03,B4497,103,1,MASc NI 18 blocks,sa,112,112,14,1
fb_01,B18200,104,1,MASc NI 18 blocks,sa,112,112,14,1
fb_01,B20631,104,1,MASc NI 18 blocks,sa,112,112,14,1
fb_01,B4497,104,1,MASc NI 18 blocks,sa,112,112,14,1
fb_02,B20673,104,1,MASc NI 18 blocks,sa,112,112,14,1
fb_02,B31203,104,1,MASc NI 18 blocks,sa,112,112,14,1
fb_02,B5817,104,1,MASc NI 18 blocks,sa,112,112,14,1
fb_03,B20673,104,1,MASc NI 18 blocks,sa,112,112,14,1
fb_03,B20673,104,1,MASc NI 18 blocks,sa,112,112,14,1
fb_03,B20673,104,1,MASc NI 18 blocks,sa,112,112,14,1
ld_01,B21443,104,1,MASc NI 18 blocks,sa,112,112,14,1
ld_01,B4497,104,1,MASc NI 18 blocks,sa,112,112,14,1
ld_02,B21443,104,1,MASc NI 18 blocks,sa,112,112,14,1
ld_02,B4497,104,1,MASc NI 18 blocks,sa,112,112,14,1
ld_03,B4497,104,1,MASc NI 18 blocks,sa,112,112,14,1
pr_01,B20631,104,1,MASc NI 18 blocks,sa,112,112,14,1
pr_01,B6017,104,1,MASc NI 18 blocks,sa,112,112,14,1
pr_02,B31203,104,1,MASc NI 18 blocks,sa,112,112,14,1
pr_02,B4497,104,1,MASc NI 18 blocks,sa,112,112,14,1
pr_03,B18200,104,1,MASc NI 18 blocks,sa,112,112,14,1
pr_03,B4497,104,1,MASc NI 18 blocks,sa,112,112,14,1
sk_01,B11805,104,1,MASc NI 18 blocks,sa,112,112,14,1
sk_01,B11805,104,1,MASc NI 18 blocks,sa,112,112,14,1
sk_01,B6017,104,1,MASc NI 18 blocks,sa,112,112,14,1
sk_02,B11805,104,1,MASc NI 18 blocks,sa,112,112,14,1
sk_02,B20632,104,1,MASc NI 18 blocks,sa,112,112,14,1
sk_02,B20673,104,1,MASc NI 18 blocks,sa,112,112,14,1
sk_03,B11805,104,1,MASc NI 18 blocks,sa,112,112,14,1
sk_03,B35154,104,1,MASc NI 18 blocks,sa,112,112,14,1
sk_03,B5817,104,1,MASc NI 18 blocks,sa,112,112,14,1
fb_01,B20673,105,1,MASc NI 18 blocks,sa,112,112,14,1
fb_01,B5817,105,1,MASc NI 18 blocks,sa,112,112,14,1
fb_01,B5817,105,1,MASc NI 18 blocks,sa,112,112,14,1
fb_02,B20673,105,1,MASc NI 18 blocks,sa,112,112,14,1
fb_02,B30103,105,1,MASc NI 18 blocks,sa,112,112,14,1
fb_02,B6017,105,1,MASc NI 18 blocks,sa,112,112,14,1
fb_03,B20673,105,1,MASc NI 18 blocks,sa,112,112,14,1
fb_03,B21443,105,1,MASc NI 18 blocks,sa,112,112,14,1
fb_03,B6017,105,1,MASc NI 18 blocks,sa,112,112,14,1
ld_01,B4497,105,1,MASc NI 18 blocks,sa,112,112,14,1
ld_01,B6017,105,1,MASc NI 18 blocks,sa,112,112,14,1
ld_02,B20631,105,1,MASc NI 18 blocks,sa,112,112,14,1
ld_02,B4497,105,1,MASc NI 18 blocks,sa,112,112,14,1
ld_03,B4497,105,1,MASc NI 18 blocks,sa,112,112,14,1
pr_01,B11805,105,1,MASc NI 18 blocks,sa,112,112,14,1
pr_01,B6017,105,1,MASc NI 18 blocks,sa,112,112,14,1
pr_02,B5817,105,1,MASc NI 18 blocks,sa,112,112,14,1
pr_03,B11805,105,1,MASc NI 18 blocks,sa,112,112,14,1
sk_01,B11805,105,1,MASc NI 18 blocks,sa,112,112,14,1
sk_01,B11805,105,1,MASc NI 18 blocks,sa,112,112,14,1
sk_01,B21443,105,1,MASc NI 18 blocks,sa,112,112,14,1
sk_02,B11805,105,1,MASc NI 18 blocks,sa,112,112,14,1
sk_02,B30103,105,1,MASc NI 18 blocks,sa,112,112,14,1
sk_02,B31203,105,1,MASc NI 18 blocks,sa,112,112,14,1
sk_03,B11805,105,1,MASc NI 18 blocks,sa,112,112,14,1
sk_03,B18200,105,1,MASc NI 18 blocks,sa,112,112,14,1
sk_03,B4497,105,1,MASc NI 18 blocks,sa,112,112,14,1
fb_01,B20673,106,1,MASc NI 18 blocks,sa,112,112,14,1
fb_01,B20673,106,1,MASc NI 18 blocks,sa,112,112,14,1
fb_01,B4497,106,1,MASc NI 18 blocks,sa,112,112,14,1
fb_02,B20673,106,1,MASc NI 18 blocks,sa,112,112,14,1
fb_02,B20673,106,1,MASc NI 18 blocks,sa,112,112,14,1
fb_02,B6017,106,1,MASc NI 18 blocks,sa,112,112,14,1
fb_03,B18200,106,1,MASc NI 18 blocks,sa,112,112,14,1
fb_03,B20631,106,1,MASc NI 18 blocks,sa,112,112,14,1
fb_03,B21443,106,1,MASc NI 18 blocks,sa,112,112,14,1
ld_01,B11805,106,1,MASc NI 18 blocks,sa,112,112,14,1
ld_01,B11805,106,1,MASc NI 18 blocks,sa,112,112,14,1
ld_01,B6017,106,1,MASc NI 18 blocks,sa,112,112,14,1
ld_02,B11805,106,1,MASc NI 18 blocks,sa,112,112,14,1
ld_02,B6017,106,1,MASc NI 18 blocks,sa,112,112,14,1
ld_03,B11805,106,1,MASc NI 18 blocks,sa,112,112,14,1
ld_03,B11805,106,1,MASc NI 18 blocks,sa,112,112,14,1
pr_01,B11805,106,1,MASc NI 18 blocks,sa,112,112,14,1
pr_01,B31203,106,1,MASc NI 18 blocks,sa,112,112,14,1
pr_02,B18200,106,1,MASc NI 18 blocks,sa,112,112,14,1
pr_02,B4497,106,1,MASc NI 18 blocks,sa,112,112,14,1
pr_03,B11805,106,1,MASc NI 18 blocks,sa,112,112,14,1
pr_03,B30103,106,1,MASc NI 18 blocks,sa,112,112,14,1
sk_01,B4497,106,1,MASc NI 18 blocks,sa,112,112,14,1
sk_01,B4497,106,1,MASc NI 18 blocks,sa,112,112,14,1
sk_01,B6017,106,1,MASc NI 18 blocks,sa,112,112,14,1
sk_02,B20673,106,1,MASc NI 18 blocks,sa,112,112,14,1
sk_02,B35154,106,1,MASc NI 18 blocks,sa,112,112,14,1
sk_02,B5817,106,1,MASc NI 18 blocks,sa,112,112,14,1
sk_03,B11805,106,1,MASc NI 18 blocks,sa,112,112,14,1
sk_03,B20632,106,1,MASc NI 18 blocks,sa,112,112,14,1
sk_03,B4497,106,1,MASc NI 18 blocks,sa,112,112,14,1
fb_01,B20673,107,1,MASc NI 18 blocks,sa,112,112,14,1
fb_01,B20673,107,1,MASc NI 18 blocks,sa,112,112,14,1
fb_01,B5817,107,1,MASc NI 18 blocks,sa,112,112,14,1
fb_02,B20673,107,1,MASc NI 18 blocks,sa,112,112,14,1
fb_02,B30103,107,1,MASc NI 18 blocks,sa,112,112,14,1
fb_02,B5817,107,1,MASc NI 18 blocks,sa,112,112,14,1
fb_03,B20673,107,1,MASc NI 18 blocks,sa,112,112,14,1
fb_03,B5817,107,1,MASc NI 18 blocks,sa,112,112,14,1
fb_03,B5817,107,1,MASc NI 18 blocks,sa,112,112,14,1
ld_01,B11805,107,1,MASc NI 18 blocks,sa,112,112,14,1
ld_01,B31203,107,1,MASc NI 18 blocks,sa,112,112,14,1
ld_01,B4497,107,1,MASc NI 18 blocks,sa,112,112,14,1
ld_02,B11805,107,1,MASc NI 18 blocks,sa,112,112,14,1
ld_02,B18200,107,1,MASc NI 18 blocks,sa,112,112,14,1
ld_03,B11805,107,1,MASc NI 18 blocks,sa,112,112,14,1
ld_03,B11805,107,1,MASc NI 18 blocks,sa,112,112,14,1
pr_01,B35154,107,1,MASc NI 18 blocks,sa,112,112,14,1
pr_01,B4497,107,1,MASc NI 18 blocks,sa,112,112,14,1
pr_01,B4497,107,1,MASc NI 18 blocks,sa,112,112,14,1
pr_02,B20632,107,1,MASc NI 18 blocks,sa,112,112,14,1
pr_02,B20673,107,1,MASc NI 18 blocks,sa,112,112,14,1
pr_03,B11805,107,1,MASc NI 18 blocks,sa,112,112,14,1
pr_03,B4497,107,1,MASc NI 18 blocks,sa,112,112,14,1
sk_01,B4497,107,1,MASc NI 18 blocks,sa,112,112,14,1
sk_01,B6017,107,1,MASc NI 18 blocks,sa,112,112,14,1
sk_01,B6017,107,1,MASc NI 18 blocks,sa,112,112,14,1
sk_02,B18200,107,1,MASc NI 18 blocks,sa,112,112,14,1
sk_02,B6017,107,1,MASc NI 18 blocks,sa,112,112,14,1
sk_02,B6017,107,1,MASc NI 18 blocks,sa,112,112,14,1
sk_03,B30103,107,1,MASc NI 18 blocks,sa,112,112,14,1
sk_03,B31203,107,1,MASc NI 18 blocks,sa,112,112,14,1
sk_03,B4497,107,1,MASc NI 18 blocks,sa,112,112,14,1
fb_01,B18200,108,1,MASc NI 18 blocks,sa,112,112,14,1
fb_01,B20631,108,1,MASc NI 18 blocks,sa,112,112,14,1
fb_01,B21443,108,1,MASc NI 18 blocks,sa,112,112,14,1
fb_02,B5817,108,1,MASc NI 18 blocks,sa,112,112,14,1
fb_02,B6017,108,1,MASc NI 18 blocks,sa,112,112,14,1
fb_02,B6017,108,1,MASc NI 18 blocks,sa,112,112,14,1
fb_03,B20673,108,1,MASc NI 18 blocks,sa,112,112,14,1
fb_03,B35154,108,1,MASc NI 18 blocks,sa,112,112,14,1
fb_03,B4497,108,1,MASc NI 18 blocks,sa,112,112,14,1
ld_01,B20673,108,1,MASc NI 18 blocks,sa,112,112,14,1
ld_01,B4497,108,1,MASc NI 18 blocks,sa,112,112,14,1
ld_01,B4497,108,1,MASc NI 18 blocks,sa,112,112,14,1
ld_02,B11805,108,1,MASc NI 18 blocks,sa,112,112,14,1
ld_02,B35154,108,1,MASc NI 18 blocks,sa,112,112,14,1
ld_02,B4497,108,1,MASc NI 18 blocks,sa,112,112,14,1
ld_03,B11805,108,1,MASc NI 18 blocks,sa,112,112,14,1
ld_03,B20632,108,1,MASc NI 18 blocks,sa,112,112,14,1
ld_03,B4497,108,1,MASc NI 18 blocks,sa,112,112,14,1
pr_01,B4497,108,1,MASc NI 18 blocks,sa,112,112,14,1
pr_01,B6017,108,1,MASc NI 18 blocks,sa,112,112,14,1
pr_02,B30103,108,1,MASc NI 18 blocks,sa,112,112,14,1
pr_02,B6017,108,1,MASc NI 18 blocks,sa,112,112,14,1
pr_03,B31203,108,1,MASc NI 18 blocks,sa,112,112,14,1
pr_03,B4497,108,1,MASc NI 18 blocks,sa,112,112,14,1
sk_01,B11805,108,1,MASc NI 18 blocks,sa,112,112,14,1
sk_01,B18200,108,1,MASc NI 18 blocks,sa,112,112,14,1
sk_01,B20632,108,1,MASc NI 18 blocks,sa,112,112,14,1
sk_02,B20632,108,1,MASc NI 18 blocks,sa,112,112,14,1
sk_02,B20673,108,1,MASc NI 18 blocks,sa,112,112,14,1
sk_02,B6017,108,1,MASc NI 18 blocks,sa,112,112,14,1
sk_03,B35154,108,1,MASc NI 18 blocks,sa,112,112,14,1
sk_03,B5817,108,1,MASc NI 18 blocks,sa,112,112,14,1
sk_03,B6017,108,1,MASc NI 18 blocks,sa,112,112,14,1
fb_01,B21443,109,1,MASc NI 18 blocks,sa,112,112,14,1
fb_01,B5817,109,1,MASc NI 18 blocks,sa,112,112,14,1
fb_01,B5817,109,1,MASc NI 18 blocks,sa,112,112,14,1
fb_02,B20631,109,1,MASc NI 18 blocks,sa,112,112,14,1
fb_02,B20632,109,1,MASc NI 18 blocks,sa,112,112,14,1
fb_02,B5817,109,1,MASc NI 18 blocks,sa,112,112,14,1
fb_03,B20673,109,1,MASc NI 18 blocks,sa,112,112,14,1
fb_03,B20673,109,1,MASc NI 18 blocks,sa,112,112,14,1
fb_03,B20673,109,1,MASc NI 18 blocks,sa,112,112,14,1
ld_01,B31203,109,1,MASc NI 18 blocks,sa,112,112,14,1
ld_01,B4497,109,1,MASc NI 18 blocks,sa,112,112,14,1
ld_01,B6017,109,1,MASc NI 18 blocks,sa,112,112,14,1
ld_02,B4497,109,1,MASc NI 18 blocks,sa,112,112,14,1
ld_02,B6017,109,1,MASc NI 18 blocks,sa,112,112,14,1
ld_02,B6017,109,1,MASc NI 18 blocks,sa,112,112,14,1
ld_03,B30103,109,1,MASc NI 18 blocks,sa,112,112,14,1
ld_03,B4497,109,1,MASc NI 18 blocks,sa,112,112,14,1
ld_03,B6017,109,1,MASc NI 18 blocks,sa,112,112,14,1
pr_01,B11805,109,1,MASc NI 18 blocks,sa,112,112,14,1
pr_01,B20632,109,1,MASc NI 18 blocks,sa,112,112,14,1
pr_02,B11805,109,1,MASc NI 18 blocks,sa,112,112,14,1
pr_02,B5817,109,1,MASc NI 18 blocks,sa,112,112,14,1
pr_03,B18200,109,1,MASc NI 18 blocks,sa,112,112,14,1
pr_03,B6017,109,1,MASc NI 18 blocks,sa,112,112,14,1
sk_01,B20631,109,1,MASc NI 18 blocks,sa,112,112,14,1
sk_01,B4497,109,1,MASc NI 18 blocks,sa,112,112,14,1
sk_01,B6017,109,1,MASc NI 18 blocks,sa,112,112,14,1
sk_02,B18200,109,1,MASc NI 18 blocks,sa,112,112,14,1
sk_02,B30103,109,1,MASc NI 18 blocks,sa,112,112,14,1
sk_02,B4497,109,1,MASc NI 18 blocks,sa,112,112,14,1
sk_03,B20631,109,1,MASc NI 18 blocks,sa,112,112,14,1
sk_03,B4497,109,1,MASc NI 18 blocks,sa,112,112,14,1
sk_03,B4497,109,1,MASc NI 18 blocks,sa,112,112,14,1
fb_01,B20673,110,1,MASc NI 18 blocks,sa,112,112,14,1
fb_01,B21443,110,1,MASc NI 18 blocks,sa,112,112,14,1
fb_01,B5817,110,1,MASc NI 18 blocks,sa,112,112,14,1
fb_02,B20632,110,1,MASc NI 18 blocks,sa,112,112,14,1
fb_02,B20673,110,1,MASc NI 18 blocks,sa,112,112,14,1
fb_02,B30103,110,1,MASc NI 18 blocks,sa,112,112,14,1
fb_03,B20631,110,1,MASc NI 18 blocks,sa,112,112,14,1
fb_03,B20673,110,1,MASc NI 18 blocks,sa,112,112,14,1
fb_03,B21443,110,1,MASc NI 18 blocks,sa,112,112,14,1
ld_01,B11805,110,1,MASc NI 18 blocks,sa,112,112,14,1
ld_01,B18200,110,1,MASc NI 18 blocks,sa,112,112,14,1
ld_01,B5817,110,1,MASc NI 18 blocks,sa,112,112,14,1
ld_02,B11805,110,1,MASc NI 18 blocks,sa,112,112,14,1
ld_02,B11805,110,1,MASc NI 18 blocks,sa,112,112,14,1
ld_02,B6017,110,1,MASc NI 18 blocks,sa,112,112,14,1
ld_03,B11805,110,1,MASc NI 18 blocks,sa,112,112,14,1
ld_03,B20632,110,1,MASc NI 18 blocks,sa,112,112,14,1
ld_03,B6017,110,1,MASc NI 18 blocks,sa,112,112,14,1
pr_01,B4497,110,1,MASc NI 18 blocks,sa,112,112,14,1
pr_01,B4497,110,1,MASc NI 18 blocks,sa,112,112,14,1
pr_01,B6017,110,1,MASc NI 18 blocks,sa,112,112,14,1
pr_02,B30103,110,1,MASc NI 18 blocks,sa,112,112,14,1
pr_02,B4497,110,1,MASc NI 18 blocks,sa,112,112,14,1
pr_02,B4497,110,1,MASc NI 18 blocks,sa,112,112,14,1
pr_03,B18200,110,1,MASc NI 18 blocks,sa,112,112,14,1
pr_03,B20631,110,1,MASc NI 18 blocks,sa,112,112,14,1
sk_01,B20632,110,1,MASc NI 18 blocks,sa,112,112,14,1
sk_01,B20673,110,1,MASc NI 18 blocks,sa,112,112,14,1
sk_01,B21443,110,1,MASc NI 18 blocks,sa,112,112,14,1
sk_02,B35154,110,1,MASc NI 18 blocks,sa,112,112,14,1
sk_02,B4497,110,1,MASc NI 18 blocks,sa,112,112,14,1
sk_02,B5817,110,1,MASc NI 18 blocks,sa,112,112,14,1
sk_03,B20632,110,1,MASc NI 18 blocks,sa,112,112,14,1
sk_03,B20673,110,1,MASc NI 18 blocks,sa,112,112,14,1
sk_03,B21443,110,1,MASc NI 18 blocks,sa,112,112,14,1
fb_01,B30103,111,1,MASc NI 18 blocks,sa,112,112,14,1
fb_01,B31203,111,1,MASc NI 18 blocks,sa,112,112,14,1
fb_01,B5817,111,1,MASc NI 18 blocks,sa,112,112,14,1
fb_02,B20631,111,1,MASc NI 18 blocks,sa,112,112,14,1
fb_02,B20631,111,1,MASc NI 18 blocks,sa,112,112,14,1
fb_02,B31203,111,1,MASc NI 18 blocks,sa,112,112,14,1
fb_03,B20673,111,1,MASc NI 18 blocks,sa,112,112,14,1
fb_03,B21443,111,1,MASc NI 18 blocks,sa,112,112,14,1
fb_03,B31203,111,1,MASc NI 18 blocks,sa,112,112,14,1
ld_01,B20631,111,1,MASc NI 18 blocks,sa,112,112,14,1
ld_01,B4497,111,1,MASc NI 18 blocks,sa,112,112,14,1
ld_01,B4497,111,1,MASc NI 18 blocks,sa,112,112,14,1
ld_02,B18200,111,1,MASc NI 18 blocks,sa,112,112,14,1
ld_02,B30103,111,1,MASc NI 18 blocks,sa,112,112,14,1
ld_02,B6017,111,1,MASc NI 18 blocks,sa,112,112,14,1
ld_03,B4497,111,1,MASc NI 18 blocks,sa,112,112,14,1
ld_03,B4497,111,1,MASc NI 18 blocks,sa,112,112,14,1
ld_03,B6017,111,1,MASc NI 18 blocks,sa,112,112,14,1
pr_01,B20673,111,1,MASc NI 18 blocks,sa,112,112,14,1
pr_01,B35154,111,1,MASc NI 18 blocks,sa,112,112,14,1
pr_02,B21443,111,1,MASc NI 18 blocks,sa,112,112,14,1
pr_02,B5817,111,1,MASc NI 18 blocks,sa,112,112,14,1
pr_03,B20632,111,1,MASc NI 18 blocks,sa,112,112,14,1
pr_03,B4497,111,1,MASc NI 18 blocks,sa,112,112,14,1
sk_01,B30103,111,1,MASc NI 18 blocks,sa,112,112,14,1
sk_01,B6017,111,1,MASc NI 18 blocks,sa,112,112,14,1
sk_01,B6017,111,1,MASc NI 18 blocks,sa,112,112,14,1
sk_02,B20631,111,1,MASc NI 18 blocks,sa,112,112,14,1
sk_02,B31203,111,1,MASc NI 18 blocks,sa,112,112,14,1
sk_02,B6017,111,1,MASc NI 18 blocks,sa,112,112,14,1
sk_03,B20673,111,1,MASc NI 18 blocks,sa,112,112,14,1
sk_03,B30103,111,1,MASc NI 18 blocks,sa,112,112,14,1
sk_03,B30103,111,1,MASc NI 18 blocks,sa,112,112,14,1
fb_01,B20673,112,1,MASc NI 18 blocks,sa,112,112,14,1
fb_01,B21443,112,1,MASc NI 18 blocks,sa,112,112,14,1
fb_01,B6017,112,1,MASc NI 18 blocks,sa,112,112,14,1
fb_02,B35154,112,1,MASc NI 18 blocks,sa,112,112,14,1
fb_02,B5817,112,1,MASc NI 18 blocks,sa,112,112,14,1
fb_02,B5817,112,1,MASc NI 18 blocks,sa,112,112,14,1
fb_03,B30103,112,1,MASc NI 18 blocks,sa,112,112,14,1
fb_03,B5817,112,1,MASc NI 18 blocks,sa,112,112,14,1
fb_03,B5817,112,1,MASc NI 18 blocks,sa,112,112,14,1
ld_01,B20632,112,1,MASc NI 18 blocks,sa,112,112,14,1
ld_01,B20673,112,1,MASc NI 18 blocks,sa,112,112,14,1
ld_01,B5817,112,1,MASc NI 18 blocks,sa,112,112,14,1
ld_02,B21443,112,1,MASc NI 18 blocks,sa,112,112,14,1
ld_02,B4497,112,1,MASc NI 18 blocks,sa,112,112,14,1
ld_02,B4497,112,1,MASc NI 18 blocks,sa,112,112,14,1
ld_03,B20673,112,1,MASc NI 18 blocks,sa,112,112,14,1
ld_03,B35154,112,1,MASc NI 18 blocks,sa,112,112,14,1
ld_03,B4497,112,1,MASc NI 18 blocks,sa,112,112,14,1
pr_01,B30103,112,1,MASc NI 18 blocks,sa,112,112,14,1
pr_01,B6017,112,1,MASc NI 18 blocks,sa,112,112,14,1
pr_02,B30103,112,1,MASc NI 18 blocks,sa,112,112,14,1
pr_03,B31203,112,1,MASc NI 18 blocks,sa,112,112,14,1
sk_01,B21443,112,1,MASc NI 18 blocks,sa,112,112,14,1
sk_01,B6017,112,1,MASc NI 18 blocks,sa,112,112,14,1
sk_01,B6017,112,1,MASc NI 18 blocks,sa,112,112,14,1
sk_02,B18200,112,1,MASc NI 18 blocks,sa,112,112,14,1
sk_02,B21443,112,1,MASc NI 18 blocks,sa,112,112,14,1
sk_02,B30103,112,1,MASc NI 18 blocks,sa,112,112,14,1
sk_03,B20673,112,1,MASc NI 18 blocks,sa,112,112,14,1
sk_03,B20673,112,1,MASc NI 18 blocks,sa,112,112,14,1
sk_03,B21443,112,1,MASc NI 18 blocks,sa,112,112,14,1
