machine_id,block_id,day,assigned,scenario,solver,master_days,subproblem_days,lock_days,start_day
fb_01,B10132,1,1,MASc NI 40 blocks,sa,56,56,7,1
fb_01,B10412,1,1,MASc NI 40 blocks,sa,56,56,7,1
fb_01,B32707,1,1,MASc NI 40 blocks,sa,56,56,7,1
fb_02,B18200,1,1,MASc NI 40 blocks,sa,56,56,7,1
fb_02,B20149,1,1,MASc NI 40 blocks,sa,56,56,7,1
fb_02,B20538,1,1,MASc NI 40 blocks,sa,56,56,7,1
fb_03,B31730,1,1,MASc NI 40 blocks,sa,56,56,7,1
fb_03,B35154,1,1,MASc NI 40 blocks,sa,56,56,7,1
fb_03,B35154,1,1,MASc NI 40 blocks,sa,56,56,7,1
fb_04,B31203,1,1,MASc NI 40 blocks,sa,56,56,7,1
fb_04,B5817,1,1,MASc NI 40 blocks,sa,56,56,7,1
fb_04,B6017,1,1,MASc NI 40 blocks,sa,56,56,7,1
fb_05,B18200,1,1,MASc NI 40 blocks,sa,56,56,7,1
fb_05,B5817,1,1,MASc NI 40 blocks,sa,56,56,7,1
fb_05,B9658,1,1,MASc NI 40 blocks,sa,56,56,7,1
fb_06,B10411,1,1,MASc NI 40 blocks,sa,56,56,7,1
fb_06,B5817,1,1,MASc NI 40 blocks,sa,56,56,7,1
fb_06,B9658,1,1,MASc NI 40 blocks,sa,56,56,7,1
fb_01,B11042,2,1,MASc NI 40 blocks,sa,56,56,7,1
fb_01,B11805,2,1,MASc NI 40 blocks,sa,56,56,7,1
fb_01,B13384,2,1,MASc NI 40 blocks,sa,56,56,7,1
fb_02,B20631,2,1,MASc NI 40 blocks,sa,56,56,7,1
fb_02,B20632,2,1,MASc NI 40 blocks,sa,56,56,7,1
fb_02,B20673,2,1,MASc NI 40 blocks,sa,56,56,7,1
fb_03,B5218,2,1,MASc NI 40 blocks,sa,56,56,7,1
fb_03,B5817,2,1,MASc NI 40 blocks,sa,56,56,7,1
fb_03,B6017,2,1,MASc NI 40 blocks,sa,56,56,7,1
fb_04,B18032,2,1,MASc NI 40 blocks,sa,56,56,7,1
fb_04,B18200,2,1,MASc NI 40 blocks,sa,56,56,7,1
fb_04,B9658,2,1,MASc NI 40 blocks,sa,56,56,7,1
fb_05,B18200,2,1,MASc NI 40 blocks,sa,56,56,7,1
fb_05,B5817,2,1,MASc NI 40 blocks,sa,56,56,7,1
fb_05,B9658,2,1,MASc NI 40 blocks,sa,56,56,7,1
fb_06,B18200,2,1,MASc NI 40 blocks,sa,56,56,7,1
fb_06,B32707,2,1,MASc NI 40 blocks,sa,56,56,7,1
fb_06,B9658,2,1,MASc NI 40 blocks,sa,56,56,7,1
sk_01,B10132,2,1,MASc NI 40 blocks,sa,56,56,7,1
sk_01,B10411,2,1,MASc NI 40 blocks,sa,56,56,7,1
sk_01,B10412,2,1,MASc NI 40 blocks,sa,56,56,7,1
sk_02,B10132,2,1,MASc NI 40 blocks,sa,56,56,7,1
sk_02,B35154,2,1,MASc NI 40 blocks,sa,56,56,7,1
sk_02,B6017,2,1,MASc NI 40 blocks,sa,56,56,7,1
sk_03,B31730,2,1,MASc NI 40 blocks,sa,56,56,7,1
sk_03,B32707,2,1,MASc NI 40 blocks,sa,56,56,7,1
sk_03,B35154,2,1,MASc NI 40 blocks,sa,56,56,7,1
sk_04,B10132,2,1,MASc NI 40 blocks,sa,56,56,7,1
sk_04,B10411,2,1,MASc NI 40 blocks,sa,56,56,7,1
sk_04,B6017,2,1,MASc NI 40 blocks,sa,56,56,7,1
sk_05,B20538,2,1,MASc NI 40 blocks,sa,56,56,7,1
sk_05,B35154,2,1,MASc NI 40 blocks,sa,56,56,7,1
sk_05,B6017,2,1,MASc NI 40 blocks,sa,56,56,7,1
sk_06,B10412,2,1,MASc NI 40 blocks,sa,56,56,7,1
sk_06,B20149,2,1,MASc NI 40 blocks,sa,56,56,7,1
sk_06,B31730,2,1,MASc NI 40 blocks,sa,56,56,7,1
fb_01,B14527,3,1,MASc NI 40 blocks,sa,56,56,7,1
fb_01,B18032,3,1,MASc NI 40 blocks,sa,56,56,7,1
fb_01,B18200,3,1,MASc NI 40 blocks,sa,56,56,7,1
fb_02,B21443,3,1,MASc NI 40 blocks,sa,56,56,7,1
fb_02,B21899,3,1,MASc NI 40 blocks,sa,56,56,7,1
fb_02,B22028,3,1,MASc NI 40 blocks,sa,56,56,7,1
fb_03,B10132,3,1,MASc NI 40 blocks,sa,56,56,7,1
fb_03,B18032,3,1,MASc NI 40 blocks,sa,56,56,7,1
fb_03,B9658,3,1,MASc NI 40 blocks,sa,56,56,7,1
fb_04,B20149,3,1,MASc NI 40 blocks,sa,56,56,7,1
fb_04,B20538,3,1,MASc NI 40 blocks,sa,56,56,7,1
fb_04,B32707,3,1,MASc NI 40 blocks,sa,56,56,7,1
fb_05,B18200,3,1,MASc NI 40 blocks,sa,56,56,7,1
fb_05,B5817,3,1,MASc NI 40 blocks,sa,56,56,7,1
fb_05,B9658,3,1,MASc NI 40 blocks,sa,56,56,7,1
fb_06,B18200,3,1,MASc NI 40 blocks,sa,56,56,7,1
fb_06,B5817,3,1,MASc NI 40 blocks,sa,56,56,7,1
fb_06,B9658,3,1,MASc NI 40 blocks,sa,56,56,7,1
pr_01,B10411,3,1,MASc NI 40 blocks,sa,56,56,7,1
pr_02,B10412,3,1,MASc NI 40 blocks,sa,56,56,7,1
pr_03,B6017,3,1,MASc NI 40 blocks,sa,56,56,7,1
pr_04,B10132,3,1,MASc NI 40 blocks,sa,56,56,7,1
pr_05,B35154,3,1,MASc NI 40 blocks,sa,56,56,7,1
sk_01,B11042,3,1,MASc NI 40 blocks,sa,56,56,7,1
sk_01,B11042,3,1,MASc NI 40 blocks,sa,56,56,7,1
sk_01,B11805,3,1,MASc NI 40 blocks,sa,56,56,7,1
sk_02,B20149,3,1,MASc NI 40 blocks,sa,56,56,7,1
sk_02,B20538,3,1,MASc NI 40 blocks,sa,56,56,7,1
sk_02,B20673,3,1,MASc NI 40 blocks,sa,56,56,7,1
sk_03,B11805,3,1,MASc NI 40 blocks,sa,56,56,7,1
sk_03,B18032,3,1,MASc NI 40 blocks,sa,56,56,7,1
sk_03,B6017,3,1,MASc NI 40 blocks,sa,56,56,7,1
sk_04,B32707,3,1,MASc NI 40 blocks,sa,56,56,7,1
sk_04,B35154,3,1,MASc NI 40 blocks,sa,56,56,7,1
sk_04,B6017,3,1,MASc NI 40 blocks,sa,56,56,7,1
sk_05,B11042,3,1,MASc NI 40 blocks,sa,56,56,7,1
sk_05,B11042,3,1,MASc NI 40 blocks,sa,56,56,7,1
sk_05,B32707,3,1,MASc NI 40 blocks,sa,56,56,7,1
sk_06,B11805,3,1,MASc NI 40 blocks,sa,56,56,7,1
sk_06,B35154,3,1,MASc NI 40 blocks,sa,56,56,7,1
sk_06,B5218,3,1,MASc NI 40 blocks,sa,56,56,7,1
fb_01,B20149,4,1,MASc NI 40 blocks,sa,56,56,7,1
fb_01,B20538,4,1,MASc NI 40 blocks,sa,56,56,7,1
fb_01,B20631,4,1,MASc NI 40 blocks,sa,56,56,7,1
fb_02,B26719,4,1,MASc NI 40 blocks,sa,56,56,7,1
fb_02,B30103,4,1,MASc NI 40 blocks,sa,56,56,7,1
fb_02,B31203,4,1,MASc NI 40 blocks,sa,56,56,7,1
fb_03,B18200,4,1,MASc NI 40 blocks,sa,56,56,7,1
fb_03,B20149,4,1,MASc NI 40 blocks,sa,56,56,7,1
fb_03,B20538,4,1,MASc NI 40 blocks,sa,56,56,7,1
fb_04,B30103,4,1,MASc NI 40 blocks,sa,56,56,7,1
fb_04,B31203,4,1,MASc NI 40 blocks,sa,56,56,7,1
fb_04,B31730,4,1,MASc NI 40 blocks,sa,56,56,7,1
fb_05,B18200,4,1,MASc NI 40 blocks,sa,56,56,7,1
fb_05,B5817,4,1,MASc NI 40 blocks,sa,56,56,7,1
fb_05,B9658,4,1,MASc NI 40 blocks,sa,56,56,7,1
fb_06,B32707,4,1,MASc NI 40 blocks,sa,56,56,7,1
fb_06,B5817,4,1,MASc NI 40 blocks,sa,56,56,7,1
fb_06,B9658,4,1,MASc NI 40 blocks,sa,56,56,7,1
ld_01,B10411,4,1,MASc NI 40 blocks,sa,56,56,7,1
ld_01,B6017,4,1,MASc NI 40 blocks,sa,56,56,7,1
ld_02,B10132,4,1,MASc NI 40 blocks,sa,56,56,7,1
ld_02,B10412,4,1,MASc NI 40 blocks,sa,56,56,7,1
ld_03,B10411,4,1,MASc NI 40 blocks,sa,56,56,7,1
ld_03,B10412,4,1,MASc NI 40 blocks,sa,56,56,7,1
ld_04,B35154,4,1,MASc NI 40 blocks,sa,56,56,7,1
ld_05,B10411,4,1,MASc NI 40 blocks,sa,56,56,7,1
ld_06,B10412,4,1,MASc NI 40 blocks,sa,56,56,7,1
pr_01,B11042,4,1,MASc NI 40 blocks,sa,56,56,7,1
pr_01,B11805,4,1,MASc NI 40 blocks,sa,56,56,7,1
pr_02,B20149,4,1,MASc NI 40 blocks,sa,56,56,7,1
pr_03,B35154,4,1,MASc NI 40 blocks,sa,56,56,7,1
pr_04,B6017,4,1,MASc NI 40 blocks,sa,56,56,7,1
pr_05,B11042,4,1,MASc NI 40 blocks,sa,56,56,7,1
pr_06,B20538,4,1,MASc NI 40 blocks,sa,56,56,7,1
sk_01,B10132,4,1,MASc NI 40 blocks,sa,56,56,7,1
sk_01,B11805,4,1,MASc NI 40 blocks,sa,56,56,7,1
sk_01,B6017,4,1,MASc NI 40 blocks,sa,56,56,7,1
sk_02,B10132,4,1,MASc NI 40 blocks,sa,56,56,7,1
sk_02,B21443,4,1,MASc NI 40 blocks,sa,56,56,7,1
sk_02,B22028,4,1,MASc NI 40 blocks,sa,56,56,7,1
sk_03,B11805,4,1,MASc NI 40 blocks,sa,56,56,7,1
sk_03,B20673,4,1,MASc NI 40 blocks,sa,56,56,7,1
sk_03,B21443,4,1,MASc NI 40 blocks,sa,56,56,7,1
sk_04,B18032,4,1,MASc NI 40 blocks,sa,56,56,7,1
sk_04,B18032,4,1,MASc NI 40 blocks,sa,56,56,7,1
sk_04,B20149,4,1,MASc NI 40 blocks,sa,56,56,7,1
sk_05,B10132,4,1,MASc NI 40 blocks,sa,56,56,7,1
sk_05,B20538,4,1,MASc NI 40 blocks,sa,56,56,7,1
sk_05,B6017,4,1,MASc NI 40 blocks,sa,56,56,7,1
sk_06,B20538,4,1,MASc NI 40 blocks,sa,56,56,7,1
sk_06,B20673,4,1,MASc NI 40 blocks,sa,56,56,7,1
sk_06,B21443,4,1,MASc NI 40 blocks,sa,56,56,7,1
fb_01,B20632,5,1,MASc NI 40 blocks,sa,56,56,7,1
fb_01,B20673,5,1,MASc NI 40 blocks,sa,56,56,7,1
fb_01,B21443,5,1,MASc NI 40 blocks,sa,56,56,7,1
fb_02,B31613,5,1,MASc NI 40 blocks,sa,56,56,7,1
fb_02,B31730,5,1,MASc NI 40 blocks,sa,56,56,7,1
fb_02,B32121,5,1,MASc NI 40 blocks,sa,56,56,7,1
fb_03,B20631,5,1,MASc NI 40 blocks,sa,56,56,7,1
fb_03,B20632,5,1,MASc NI 40 blocks,sa,56,56,7,1
fb_03,B20673,5,1,MASc NI 40 blocks,sa,56,56,7,1
fb_04,B18032,5,1,MASc NI 40 blocks,sa,56,56,7,1
fb_04,B5817,5,1,MASc NI 40 blocks,sa,56,56,7,1
fb_04,B9658,5,1,MASc NI 40 blocks,sa,56,56,7,1
fb_05,B18200,5,1,MASc NI 40 blocks,sa,56,56,7,1
fb_05,B5817,5,1,MASc NI 40 blocks,sa,56,56,7,1
fb_05,B9658,5,1,MASc NI 40 blocks,sa,56,56,7,1
fb_06,B18200,5,1,MASc NI 40 blocks,sa,56,56,7,1
fb_06,B5817,5,1,MASc NI 40 blocks,sa,56,56,7,1
fb_06,B9658,5,1,MASc NI 40 blocks,sa,56,56,7,1
ld_01,B20149,5,1,MASc NI 40 blocks,sa,56,56,7,1
ld_01,B20538,5,1,MASc NI 40 blocks,sa,56,56,7,1
ld_02,B11805,5,1,MASc NI 40 blocks,sa,56,56,7,1
ld_02,B6017,5,1,MASc NI 40 blocks,sa,56,56,7,1
ld_03,B11805,5,1,MASc NI 40 blocks,sa,56,56,7,1
ld_03,B35154,5,1,MASc NI 40 blocks,sa,56,56,7,1
ld_04,B11042,5,1,MASc NI 40 blocks,sa,56,56,7,1
ld_04,B11042,5,1,MASc NI 40 blocks,sa,56,56,7,1
ld_05,B11042,5,1,MASc NI 40 blocks,sa,56,56,7,1
ld_05,B11042,5,1,MASc NI 40 blocks,sa,56,56,7,1
ld_06,B6017,5,1,MASc NI 40 blocks,sa,56,56,7,1
pr_01,B10132,5,1,MASc NI 40 blocks,sa,56,56,7,1
pr_01,B11805,5,1,MASc NI 40 blocks,sa,56,56,7,1
pr_02,B6017,5,1,MASc NI 40 blocks,sa,56,56,7,1
pr_03,B18032,5,1,MASc NI 40 blocks,sa,56,56,7,1
pr_04,B21443,5,1,MASc NI 40 blocks,sa,56,56,7,1
pr_05,B20538,5,1,MASc NI 40 blocks,sa,56,56,7,1
pr_06,B10132,5,1,MASc NI 40 blocks,sa,56,56,7,1
sk_01,B10132,5,1,MASc NI 40 blocks,sa,56,56,7,1
sk_01,B10132,5,1,MASc NI 40 blocks,sa,56,56,7,1
sk_01,B13384,5,1,MASc NI 40 blocks,sa,56,56,7,1
sk_02,B13384,5,1,MASc NI 40 blocks,sa,56,56,7,1
sk_02,B14527,5,1,MASc NI 40 blocks,sa,56,56,7,1
sk_02,B32707,5,1,MASc NI 40 blocks,sa,56,56,7,1
sk_03,B22028,5,1,MASc NI 40 blocks,sa,56,56,7,1
sk_03,B31730,5,1,MASc NI 40 blocks,sa,56,56,7,1
sk_03,B32707,5,1,MASc NI 40 blocks,sa,56,56,7,1
sk_04,B20673,5,1,MASc NI 40 blocks,sa,56,56,7,1
sk_04,B21443,5,1,MASc NI 40 blocks,sa,56,56,7,1
sk_04,B22028,5,1,MASc NI 40 blocks,sa,56,56,7,1
sk_05,B20149,5,1,MASc NI 40 blocks,sa,56,56,7,1
sk_05,B20538,5,1,MASc NI 40 blocks,sa,56,56,7,1
sk_05,B20673,5,1,MASc NI 40 blocks,sa,56,56,7,1
sk_06,B13384,5,1,MASc NI 40 blocks,sa,56,56,7,1
sk_06,B22028,5,1,MASc NI 40 blocks,sa,56,56,7,1
sk_06,B32707,5,1,MASc NI 40 blocks,sa,56,56,7,1
fb_01,B21885,6,1,MASc NI 40 blocks,sa,56,56,7,1
fb_01,B21899,6,1,MASc NI 40 blocks,sa,56,56,7,1
fb_01,B22028,6,1,MASc NI 40 blocks,sa,56,56,7,1
fb_02,B32707,6,1,MASc NI 40 blocks,sa,56,56,7,1
fb_02,B35154,6,1,MASc NI 40 blocks,sa,56,56,7,1
fb_02,B4497,6,1,MASc NI 40 blocks,sa,56,56,7,1
fb_03,B21443,6,1,MASc NI 40 blocks,sa,56,56,7,1
fb_03,B21899,6,1,MASc NI 40 blocks,sa,56,56,7,1
fb_03,B22028,6,1,MASc NI 40 blocks,sa,56,56,7,1
fb_04,B18200,6,1,MASc NI 40 blocks,sa,56,56,7,1
fb_04,B20149,6,1,MASc NI 40 blocks,sa,56,56,7,1
fb_04,B20538,6,1,MASc NI 40 blocks,sa,56,56,7,1
fb_05,B18200,6,1,MASc NI 40 blocks,sa,56,56,7,1
fb_05,B5817,6,1,MASc NI 40 blocks,sa,56,56,7,1
fb_05,B9658,6,1,MASc NI 40 blocks,sa,56,56,7,1
fb_06,B32707,6,1,MASc NI 40 blocks,sa,56,56,7,1
fb_06,B5817,6,1,MASc NI 40 blocks,sa,56,56,7,1
fb_06,B9658,6,1,MASc NI 40 blocks,sa,56,56,7,1
ld_01,B11805,6,1,MASc NI 40 blocks,sa,56,56,7,1
ld_01,B18032,6,1,MASc NI 40 blocks,sa,56,56,7,1
ld_02,B10132,6,1,MASc NI 40 blocks,sa,56,56,7,1
ld_02,B6017,6,1,MASc NI 40 blocks,sa,56,56,7,1
ld_03,B10132,6,1,MASc NI 40 blocks,sa,56,56,7,1
ld_03,B6017,6,1,MASc NI 40 blocks,sa,56,56,7,1
ld_04,B10132,6,1,MASc NI 40 blocks,sa,56,56,7,1
ld_04,B20538,6,1,MASc NI 40 blocks,sa,56,56,7,1
ld_05,B21443,6,1,MASc NI 40 blocks,sa,56,56,7,1
ld_06,B11805,6,1,MASc NI 40 blocks,sa,56,56,7,1
pr_01,B13384,6,1,MASc NI 40 blocks,sa,56,56,7,1
pr_01,B32707,6,1,MASc NI 40 blocks,sa,56,56,7,1
pr_02,B13384,6,1,MASc NI 40 blocks,sa,56,56,7,1
pr_02,B22028,6,1,MASc NI 40 blocks,sa,56,56,7,1
pr_03,B20673,6,1,MASc NI 40 blocks,sa,56,56,7,1
pr_04,B10132,6,1,MASc NI 40 blocks,sa,56,56,7,1
pr_05,B20149,6,1,MASc NI 40 blocks,sa,56,56,7,1
pr_06,B31730,6,1,MASc NI 40 blocks,sa,56,56,7,1
sk_01,B14527,6,1,MASc NI 40 blocks,sa,56,56,7,1
sk_01,B6017,6,1,MASc NI 40 blocks,sa,56,56,7,1
sk_01,B9658,6,1,MASc NI 40 blocks,sa,56,56,7,1
sk_02,B18032,6,1,MASc NI 40 blocks,sa,56,56,7,1
sk_02,B20149,6,1,MASc NI 40 blocks,sa,56,56,7,1
sk_02,B20538,6,1,MASc NI 40 blocks,sa,56,56,7,1
sk_03,B18032,6,1,MASc NI 40 blocks,sa,56,56,7,1
sk_03,B9658,6,1,MASc NI 40 blocks,sa,56,56,7,1
sk_03,B9658,6,1,MASc NI 40 blocks,sa,56,56,7,1
sk_04,B31730,6,1,MASc NI 40 blocks,sa,56,56,7,1
sk_04,B32707,6,1,MASc NI 40 blocks,sa,56,56,7,1
sk_04,B9658,6,1,MASc NI 40 blocks,sa,56,56,7,1
sk_05,B21443,6,1,MASc NI 40 blocks,sa,56,56,7,1
sk_05,B22028,6,1,MASc NI 40 blocks,sa,56,56,7,1
sk_05,B31730,6,1,MASc NI 40 blocks,sa,56,56,7,1
sk_06,B18032,6,1,MASc NI 40 blocks,sa,56,56,7,1
sk_06,B20149,6,1,MASc NI 40 blocks,sa,56,56,7,1
sk_06,B9658,6,1,MASc NI 40 blocks,sa,56,56,7,1
fb_01,B26719,7,1,MASc NI 40 blocks,sa,56,56,7,1
fb_01,B30103,7,1,MASc NI 40 blocks,sa,56,56,7,1
fb_01,B31203,7,1,MASc NI 40 blocks,sa,56,56,7,1
fb_02,B5218,7,1,MASc NI 40 blocks,sa,56,56,7,1
fb_02,B5817,7,1,MASc NI 40 blocks,sa,56,56,7,1
fb_02,B6017,7,1,MASc NI 40 blocks,sa,56,56,7,1
fb_03,B30103,7,1,MASc NI 40 blocks,sa,56,56,7,1
fb_03,B31203,7,1,MASc NI 40 blocks,sa,56,56,7,1
fb_03,B31730,7,1,MASc NI 40 blocks,sa,56,56,7,1
fb_04,B20673,7,1,MASc NI 40 blocks,sa,56,56,7,1
fb_04,B30103,7,1,MASc NI 40 blocks,sa,56,56,7,1
fb_04,B31203,7,1,MASc NI 40 blocks,sa,56,56,7,1
fb_05,B18200,7,1,MASc NI 40 blocks,sa,56,56,7,1
fb_05,B5817,7,1,MASc NI 40 blocks,sa,56,56,7,1
fb_05,B9658,7,1,MASc NI 40 blocks,sa,56,56,7,1
fb_06,B18200,7,1,MASc NI 40 blocks,sa,56,56,7,1
fb_06,B32707,7,1,MASc NI 40 blocks,sa,56,56,7,1
fb_06,B9658,7,1,MASc NI 40 blocks,sa,56,56,7,1
ld_01,B20149,7,1,MASc NI 40 blocks,sa,56,56,7,1
ld_01,B20673,7,1,MASc NI 40 blocks,sa,56,56,7,1
ld_02,B31730,7,1,MASc NI 40 blocks,sa,56,56,7,1
ld_02,B32707,7,1,MASc NI 40 blocks,sa,56,56,7,1
ld_03,B13384,7,1,MASc NI 40 blocks,sa,56,56,7,1
ld_03,B32707,7,1,MASc NI 40 blocks,sa,56,56,7,1
ld_04,B13384,7,1,MASc NI 40 blocks,sa,56,56,7,1
ld_04,B22028,7,1,MASc NI 40 blocks,sa,56,56,7,1
ld_05,B10132,7,1,MASc NI 40 blocks,sa,56,56,7,1
ld_06,B22028,7,1,MASc NI 40 blocks,sa,56,56,7,1
pr_01,B18032,7,1,MASc NI 40 blocks,sa,56,56,7,1
pr_01,B20538,7,1,MASc NI 40 blocks,sa,56,56,7,1
pr_02,B31730,7,1,MASc NI 40 blocks,sa,56,56,7,1
pr_03,B9658,7,1,MASc NI 40 blocks,sa,56,56,7,1
pr_04,B9658,7,1,MASc NI 40 blocks,sa,56,56,7,1
pr_05,B20149,7,1,MASc NI 40 blocks,sa,56,56,7,1
pr_06,B14527,7,1,MASc NI 40 blocks,sa,56,56,7,1
sk_01,B4497,7,1,MASc NI 40 blocks,sa,56,56,7,1
sk_01,B9658,7,1,MASc NI 40 blocks,sa,56,56,7,1
sk_01,B9658,7,1,MASc NI 40 blocks,sa,56,56,7,1
sk_02,B20673,7,1,MASc NI 40 blocks,sa,56,56,7,1
sk_02,B21443,7,1,MASc NI 40 blocks,sa,56,56,7,1
sk_02,B22028,7,1,MASc NI 40 blocks,sa,56,56,7,1
sk_03,B20149,7,1,MASc NI 40 blocks,sa,56,56,7,1
sk_03,B20538,7,1,MASc NI 40 blocks,sa,56,56,7,1
sk_03,B20673,7,1,MASc NI 40 blocks,sa,56,56,7,1
sk_04,B18032,7,1,MASc NI 40 blocks,sa,56,56,7,1
sk_04,B20149,7,1,MASc NI 40 blocks,sa,56,56,7,1
sk_04,B4497,7,1,MASc NI 40 blocks,sa,56,56,7,1
sk_05,B32707,7,1,MASc NI 40 blocks,sa,56,56,7,1
sk_05,B35154,7,1,MASc NI 40 blocks,sa,56,56,7,1
sk_05,B9658,7,1,MASc NI 40 blocks,sa,56,56,7,1
sk_06,B20538,7,1,MASc NI 40 blocks,sa,56,56,7,1
sk_06,B20673,7,1,MASc NI 40 blocks,sa,56,56,7,1
sk_06,B21443,7,1,MASc NI 40 blocks,sa,56,56,7,1
fb_01,B10132,8,1,MASc NI 40 blocks,sa,56,56,7,1
fb_01,B10411,8,1,MASc NI 40 blocks,sa,56,56,7,1
fb_01,B10412,8,1,MASc NI 40 blocks,sa,56,56,7,1
fb_02,B20673,8,1,MASc NI 40 blocks,sa,56,56,7,1
fb_02,B21443,8,1,MASc NI 40 blocks,sa,56,56,7,1
fb_02,B9658,8,1,MASc NI 40 blocks,sa,56,56,7,1
fb_03,B31730,8,1,MASc NI 40 blocks,sa,56,56,7,1
fb_03,B32121,8,1,MASc NI 40 blocks,sa,56,56,7,1
fb_03,B32707,8,1,MASc NI 40 blocks,sa,56,56,7,1
fb_04,B10132,8,1,MASc NI 40 blocks,sa,56,56,7,1
fb_04,B20673,8,1,MASc NI 40 blocks,sa,56,56,7,1
fb_04,B9658,8,1,MASc NI 40 blocks,sa,56,56,7,1
fb_05,B20149,8,1,MASc NI 40 blocks,sa,56,56,7,1
fb_05,B20538,8,1,MASc NI 40 blocks,sa,56,56,7,1
fb_05,B20673,8,1,MASc NI 40 blocks,sa,56,56,7,1
fb_06,B18200,8,1,MASc NI 40 blocks,sa,56,56,7,1
fb_06,B20149,8,1,MASc NI 40 blocks,sa,56,56,7,1
fb_06,B5817,8,1,MASc NI 40 blocks,sa,56,56,7,1
fb_01,B11042,9,1,MASc NI 40 blocks,sa,56,56,7,1
fb_01,B11805,9,1,MASc NI 40 blocks,sa,56,56,7,1
fb_01,B9658,9,1,MASc NI 40 blocks,sa,56,56,7,1
fb_02,B21899,9,1,MASc NI 40 blocks,sa,56,56,7,1
fb_02,B22028,9,1,MASc NI 40 blocks,sa,56,56,7,1
fb_02,B26719,9,1,MASc NI 40 blocks,sa,56,56,7,1
fb_03,B35154,9,1,MASc NI 40 blocks,sa,56,56,7,1
fb_03,B5218,9,1,MASc NI 40 blocks,sa,56,56,7,1
fb_03,B5817,9,1,MASc NI 40 blocks,sa,56,56,7,1
fb_04,B31730,9,1,MASc NI 40 blocks,sa,56,56,7,1
fb_04,B32707,9,1,MASc NI 40 blocks,sa,56,56,7,1
fb_04,B9658,9,1,MASc NI 40 blocks,sa,56,56,7,1
fb_05,B30103,9,1,MASc NI 40 blocks,sa,56,56,7,1
fb_05,B31203,9,1,MASc NI 40 blocks,sa,56,56,7,1
fb_05,B5817,9,1,MASc NI 40 blocks,sa,56,56,7,1
fb_06,B13384,9,1,MASc NI 40 blocks,sa,56,56,7,1
fb_06,B18200,9,1,MASc NI 40 blocks,sa,56,56,7,1
fb_06,B5817,9,1,MASc NI 40 blocks,sa,56,56,7,1
sk_01,B10132,9,1,MASc NI 40 blocks,sa,56,56,7,1
sk_01,B10412,9,1,MASc NI 40 blocks,sa,56,56,7,1
sk_01,B10412,9,1,MASc NI 40 blocks,sa,56,56,7,1
sk_02,B10411,9,1,MASc NI 40 blocks,sa,56,56,7,1
sk_02,B31730,9,1,MASc NI 40 blocks,sa,56,56,7,1
sk_02,B32707,9,1,MASc NI 40 blocks,sa,56,56,7,1
sk_03,B20538,9,1,MASc NI 40 blocks,sa,56,56,7,1
sk_03,B20673,9,1,MASc NI 40 blocks,sa,56,56,7,1
sk_03,B21443,9,1,MASc NI 40 blocks,sa,56,56,7,1
sk_04,B10132,9,1,MASc NI 40 blocks,sa,56,56,7,1
sk_04,B10411,9,1,MASc NI 40 blocks,sa,56,56,7,1
sk_04,B20149,9,1,MASc NI 40 blocks,sa,56,56,7,1
sk_05,B10132,9,1,MASc NI 40 blocks,sa,56,56,7,1
sk_05,B31730,9,1,MASc NI 40 blocks,sa,56,56,7,1
sk_05,B32707,9,1,MASc NI 40 blocks,sa,56,56,7,1
sk_06,B10132,9,1,MASc NI 40 blocks,sa,56,56,7,1
sk_06,B10132,9,1,MASc NI 40 blocks,sa,56,56,7,1
sk_06,B32707,9,1,MASc NI 40 blocks,sa,56,56,7,1
fb_01,B14527,10,1,MASc NI 40 blocks,sa,56,56,7,1
fb_01,B18032,10,1,MASc NI 40 blocks,sa,56,56,7,1
fb_01,B18200,10,1,MASc NI 40 blocks,sa,56,56,7,1
fb_02,B30103,10,1,MASc NI 40 blocks,sa,56,56,7,1
fb_02,B31203,10,1,MASc NI 40 blocks,sa,56,56,7,1
fb_02,B31613,10,1,MASc NI 40 blocks,sa,56,56,7,1
fb_03,B10132,10,1,MASc NI 40 blocks,sa,56,56,7,1
fb_03,B6017,10,1,MASc NI 40 blocks,sa,56,56,7,1
fb_03,B9658,10,1,MASc NI 40 blocks,sa,56,56,7,1
fb_04,B5218,10,1,MASc NI 40 blocks,sa,56,56,7,1
fb_04,B5817,10,1,MASc NI 40 blocks,sa,56,56,7,1
fb_04,B9658,10,1,MASc NI 40 blocks,sa,56,56,7,1
fb_05,B18032,10,1,MASc NI 40 blocks,sa,56,56,7,1
fb_05,B18200,10,1,MASc NI 40 blocks,sa,56,56,7,1
fb_05,B9658,10,1,MASc NI 40 blocks,sa,56,56,7,1
fb_06,B18200,10,1,MASc NI 40 blocks,sa,56,56,7,1
fb_06,B5817,10,1,MASc NI 40 blocks,sa,56,56,7,1
fb_06,B9658,10,1,MASc NI 40 blocks,sa,56,56,7,1
pr_01,B10411,10,1,MASc NI 40 blocks,sa,56,56,7,1
pr_02,B10412,10,1,MASc NI 40 blocks,sa,56,56,7,1
pr_03,B10132,10,1,MASc NI 40 blocks,sa,56,56,7,1
pr_04,B10132,10,1,MASc NI 40 blocks,sa,56,56,7,1
pr_05,B10132,10,1,MASc NI 40 blocks,sa,56,56,7,1
sk_01,B11042,10,1,MASc NI 40 blocks,sa,56,56,7,1
sk_01,B11042,10,1,MASc NI 40 blocks,sa,56,56,7,1
sk_01,B11805,10,1,MASc NI 40 blocks,sa,56,56,7,1
sk_02,B11042,10,1,MASc NI 40 blocks,sa,56,56,7,1
sk_02,B35154,10,1,MASc NI 40 blocks,sa,56,56,7,1
sk_02,B5218,10,1,MASc NI 40 blocks,sa,56,56,7,1
sk_03,B22028,10,1,MASc NI 40 blocks,sa,56,56,7,1
sk_03,B31730,10,1,MASc NI 40 blocks,sa,56,56,7,1
sk_03,B32707,10,1,MASc NI 40 blocks,sa,56,56,7,1
sk_04,B20538,10,1,MASc NI 40 blocks,sa,56,56,7,1
sk_04,B20673,10,1,MASc NI 40 blocks,sa,56,56,7,1
sk_04,B21443,10,1,MASc NI 40 blocks,sa,56,56,7,1
sk_05,B11805,10,1,MASc NI 40 blocks,sa,56,56,7,1
sk_05,B11805,10,1,MASc NI 40 blocks,sa,56,56,7,1
sk_05,B20149,10,1,MASc NI 40 blocks,sa,56,56,7,1
sk_06,B11042,10,1,MASc NI 40 blocks,sa,56,56,7,1
sk_06,B32707,10,1,MASc NI 40 blocks,sa,56,56,7,1
sk_06,B9658,10,1,MASc NI 40 blocks,sa,56,56,7,1
fb_01,B20149,11,1,MASc NI 40 blocks,sa,56,56,7,1
fb_01,B20538,11,1,MASc NI 40 blocks,sa,56,56,7,1
fb_01,B20631,11,1,MASc NI 40 blocks,sa,56,56,7,1
fb_02,B31730,11,1,MASc NI 40 blocks,sa,56,56,7,1
fb_02,B32707,11,1,MASc NI 40 blocks,sa,56,56,7,1
fb_02,B32707,11,1,MASc NI 40 blocks,sa,56,56,7,1
fb_03,B18032,11,1,MASc NI 40 blocks,sa,56,56,7,1
fb_03,B18200,11,1,MASc NI 40 blocks,sa,56,56,7,1
fb_03,B20149,11,1,MASc NI 40 blocks,sa,56,56,7,1
fb_04,B18032,11,1,MASc NI 40 blocks,sa,56,56,7,1
fb_04,B18200,11,1,MASc NI 40 blocks,sa,56,56,7,1
fb_04,B20149,11,1,MASc NI 40 blocks,sa,56,56,7,1
fb_05,B20149,11,1,MASc NI 40 blocks,sa,56,56,7,1
fb_05,B20673,11,1,MASc NI 40 blocks,sa,56,56,7,1
fb_05,B30103,11,1,MASc NI 40 blocks,sa,56,56,7,1
fb_06,B18200,11,1,MASc NI 40 blocks,sa,56,56,7,1
fb_06,B5817,11,1,MASc NI 40 blocks,sa,56,56,7,1
fb_06,B9658,11,1,MASc NI 40 blocks,sa,56,56,7,1
ld_01,B10132,11,1,MASc NI 40 blocks,sa,56,56,7,1
ld_01,B10132,11,1,MASc NI 40 blocks,sa,56,56,7,1
ld_02,B10132,11,1,MASc NI 40 blocks,sa,56,56,7,1
ld_02,B10412,11,1,MASc NI 40 blocks,sa,56,56,7,1
ld_03,B10132,11,1,MASc NI 40 blocks,sa,56,56,7,1
ld_03,B10411,11,1,MASc NI 40 blocks,sa,56,56,7,1
ld_04,B10411,11,1,MASc NI 40 blocks,sa,56,56,7,1
ld_04,B10412,11,1,MASc NI 40 blocks,sa,56,56,7,1
ld_05,B10411,11,1,MASc NI 40 blocks,sa,56,56,7,1
ld_06,B10412,11,1,MASc NI 40 blocks,sa,56,56,7,1
pr_01,B11042,11,1,MASc NI 40 blocks,sa,56,56,7,1
pr_01,B20149,11,1,MASc NI 40 blocks,sa,56,56,7,1
pr_02,B11042,11,1,MASc NI 40 blocks,sa,56,56,7,1
pr_03,B11805,11,1,MASc NI 40 blocks,sa,56,56,7,1
pr_04,B31730,11,1,MASc NI 40 blocks,sa,56,56,7,1
pr_05,B32707,11,1,MASc NI 40 blocks,sa,56,56,7,1
pr_06,B20538,11,1,MASc NI 40 blocks,sa,56,56,7,1
sk_01,B11805,11,1,MASc NI 40 blocks,sa,56,56,7,1
sk_01,B32707,11,1,MASc NI 40 blocks,sa,56,56,7,1
sk_01,B6017,11,1,MASc NI 40 blocks,sa,56,56,7,1
sk_02,B21443,11,1,MASc NI 40 blocks,sa,56,56,7,1
sk_02,B22028,11,1,MASc NI 40 blocks,sa,56,56,7,1
sk_02,B5218,11,1,MASc NI 40 blocks,sa,56,56,7,1
sk_03,B18032,11,1,MASc NI 40 blocks,sa,56,56,7,1
sk_03,B35154,11,1,MASc NI 40 blocks,sa,56,56,7,1
sk_03,B6017,11,1,MASc NI 40 blocks,sa,56,56,7,1
sk_04,B22028,11,1,MASc NI 40 blocks,sa,56,56,7,1
sk_04,B31730,11,1,MASc NI 40 blocks,sa,56,56,7,1
sk_04,B32707,11,1,MASc NI 40 blocks,sa,56,56,7,1
sk_05,B20673,11,1,MASc NI 40 blocks,sa,56,56,7,1
sk_05,B21443,11,1,MASc NI 40 blocks,sa,56,56,7,1
sk_05,B5218,11,1,MASc NI 40 blocks,sa,56,56,7,1
sk_06,B10132,11,1,MASc NI 40 blocks,sa,56,56,7,1
sk_06,B18200,11,1,MASc NI 40 blocks,sa,56,56,7,1
sk_06,B6017,11,1,MASc NI 40 blocks,sa,56,56,7,1
fb_01,B20673,12,1,MASc NI 40 blocks,sa,56,56,7,1
fb_01,B21443,12,1,MASc NI 40 blocks,sa,56,56,7,1
fb_01,B31203,12,1,MASc NI 40 blocks,sa,56,56,7,1
fb_02,B35154,12,1,MASc NI 40 blocks,sa,56,56,7,1
fb_02,B4497,12,1,MASc NI 40 blocks,sa,56,56,7,1
fb_02,B5218,12,1,MASc NI 40 blocks,sa,56,56,7,1
fb_03,B20538,12,1,MASc NI 40 blocks,sa,56,56,7,1
fb_03,B20631,12,1,MASc NI 40 blocks,sa,56,56,7,1
fb_03,B20632,12,1,MASc NI 40 blocks,sa,56,56,7,1
fb_04,B20538,12,1,MASc NI 40 blocks,sa,56,56,7,1
fb_04,B21899,12,1,MASc NI 40 blocks,sa,56,56,7,1
fb_04,B9658,12,1,MASc NI 40 blocks,sa,56,56,7,1
fb_05,B31203,12,1,MASc NI 40 blocks,sa,56,56,7,1
fb_05,B5817,12,1,MASc NI 40 blocks,sa,56,56,7,1
fb_05,B9658,12,1,MASc NI 40 blocks,sa,56,56,7,1
fb_06,B18200,12,1,MASc NI 40 blocks,sa,56,56,7,1
fb_06,B5817,12,1,MASc NI 40 blocks,sa,56,56,7,1
fb_06,B9658,12,1,MASc NI 40 blocks,sa,56,56,7,1
ld_01,B11042,12,1,MASc NI 40 blocks,sa,56,56,7,1
ld_01,B32707,12,1,MASc NI 40 blocks,sa,56,56,7,1
ld_02,B11042,12,1,MASc NI 40 blocks,sa,56,56,7,1
ld_02,B32707,12,1,MASc NI 40 blocks,sa,56,56,7,1
ld_03,B20538,12,1,MASc NI 40 blocks,sa,56,56,7,1
ld_03,B31730,12,1,MASc NI 40 blocks,sa,56,56,7,1
ld_04,B11805,12,1,MASc NI 40 blocks,sa,56,56,7,1
ld_04,B11805,12,1,MASc NI 40 blocks,sa,56,56,7,1
ld_05,B11042,12,1,MASc NI 40 blocks,sa,56,56,7,1
ld_05,B20149,12,1,MASc NI 40 blocks,sa,56,56,7,1
ld_06,B11042,12,1,MASc NI 40 blocks,sa,56,56,7,1
pr_01,B6017,12,1,MASc NI 40 blocks,sa,56,56,7,1
pr_02,B21443,12,1,MASc NI 40 blocks,sa,56,56,7,1
pr_03,B5218,12,1,MASc NI 40 blocks,sa,56,56,7,1
pr_04,B5218,12,1,MASc NI 40 blocks,sa,56,56,7,1
sk_01,B10132,12,1,MASc NI 40 blocks,sa,56,56,7,1
sk_01,B10132,12,1,MASc NI 40 blocks,sa,56,56,7,1
sk_01,B13384,12,1,MASc NI 40 blocks,sa,56,56,7,1
sk_02,B31730,12,1,MASc NI 40 blocks,sa,56,56,7,1
sk_02,B32707,12,1,MASc NI 40 blocks,sa,56,56,7,1
sk_02,B35154,12,1,MASc NI 40 blocks,sa,56,56,7,1
sk_03,B20149,12,1,MASc NI 40 blocks,sa,56,56,7,1
sk_03,B20538,12,1,MASc NI 40 blocks,sa,56,56,7,1
sk_03,B20673,12,1,MASc NI 40 blocks,sa,56,56,7,1
sk_04,B10132,12,1,MASc NI 40 blocks,sa,56,56,7,1
sk_04,B18032,12,1,MASc NI 40 blocks,sa,56,56,7,1
sk_04,B35154,12,1,MASc NI 40 blocks,sa,56,56,7,1
sk_05,B22028,12,1,MASc NI 40 blocks,sa,56,56,7,1
sk_05,B31730,12,1,MASc NI 40 blocks,sa,56,56,7,1
sk_05,B32707,12,1,MASc NI 40 blocks,sa,56,56,7,1
sk_06,B20673,12,1,MASc NI 40 blocks,sa,56,56,7,1
sk_06,B21443,12,1,MASc NI 40 blocks,sa,56,56,7,1
sk_06,B22028,12,1,MASc NI 40 blocks,sa,56,56,7,1
fb_01,B21885,13,1,MASc NI 40 blocks,sa,56,56,7,1
fb_01,B21899,13,1,MASc NI 40 blocks,sa,56,56,7,1
fb_01,B22028,13,1,MASc NI 40 blocks,sa,56,56,7,1
fb_02,B5817,13,1,MASc NI 40 blocks,sa,56,56,7,1
fb_02,B6017,13,1,MASc NI 40 blocks,sa,56,56,7,1
fb_02,B9658,13,1,MASc NI 40 blocks,sa,56,56,7,1
fb_03,B21443,13,1,MASc NI 40 blocks,sa,56,56,7,1
fb_03,B21443,13,1,MASc NI 40 blocks,sa,56,56,7,1
fb_03,B35154,13,1,MASc NI 40 blocks,sa,56,56,7,1
fb_04,B30103,13,1,MASc NI 40 blocks,sa,56,56,7,1
fb_04,B31203,13,1,MASc NI 40 blocks,sa,56,56,7,1
fb_04,B31730,13,1,MASc NI 40 blocks,sa,56,56,7,1
fb_05,B18200,13,1,MASc NI 40 blocks,sa,56,56,7,1
fb_05,B20673,13,1,MASc NI 40 blocks,sa,56,56,7,1
fb_05,B30103,13,1,MASc NI 40 blocks,sa,56,56,7,1
fb_06,B18200,13,1,MASc NI 40 blocks,sa,56,56,7,1
fb_06,B5817,13,1,MASc NI 40 blocks,sa,56,56,7,1
fb_06,B9658,13,1,MASc NI 40 blocks,sa,56,56,7,1
ld_01,B6017,13,1,MASc NI 40 blocks,sa,56,56,7,1
ld_02,B21443,13,1,MASc NI 40 blocks,sa,56,56,7,1
ld_03,B5218,13,1,MASc NI 40 blocks,sa,56,56,7,1
ld_04,B5218,13,1,MASc NI 40 blocks,sa,56,56,7,1
pr_01,B22028,13,1,MASc NI 40 blocks,sa,56,56,7,1
pr_01,B35154,13,1,MASc NI 40 blocks,sa,56,56,7,1
pr_02,B20673,13,1,MASc NI 40 blocks,sa,56,56,7,1
pr_03,B10132,13,1,MASc NI 40 blocks,sa,56,56,7,1
pr_04,B31730,13,1,MASc NI 40 blocks,sa,56,56,7,1
pr_05,B10132,13,1,MASc NI 40 blocks,sa,56,56,7,1
pr_06,B32707,13,1,MASc NI 40 blocks,sa,56,56,7,1
sk_01,B13384,13,1,MASc NI 40 blocks,sa,56,56,7,1
sk_01,B4497,13,1,MASc NI 40 blocks,sa,56,56,7,1
sk_01,B5218,13,1,MASc NI 40 blocks,sa,56,56,7,1
sk_02,B20149,13,1,MASc NI 40 blocks,sa,56,56,7,1
sk_02,B20538,13,1,MASc NI 40 blocks,sa,56,56,7,1
sk_02,B6017,13,1,MASc NI 40 blocks,sa,56,56,7,1
sk_03,B21443,13,1,MASc NI 40 blocks,sa,56,56,7,1
sk_03,B22028,13,1,MASc NI 40 blocks,sa,56,56,7,1
sk_03,B31730,13,1,MASc NI 40 blocks,sa,56,56,7,1
sk_04,B20149,13,1,MASc NI 40 blocks,sa,56,56,7,1
sk_04,B20673,13,1,MASc NI 40 blocks,sa,56,56,7,1
sk_04,B9658,13,1,MASc NI 40 blocks,sa,56,56,7,1
sk_05,B18032,13,1,MASc NI 40 blocks,sa,56,56,7,1
sk_05,B35154,13,1,MASc NI 40 blocks,sa,56,56,7,1
sk_05,B5218,13,1,MASc NI 40 blocks,sa,56,56,7,1
sk_06,B31730,13,1,MASc NI 40 blocks,sa,56,56,7,1
sk_06,B32707,13,1,MASc NI 40 blocks,sa,56,56,7,1
sk_06,B35154,13,1,MASc NI 40 blocks,sa,56,56,7,1
fb_01,B26719,14,1,MASc NI 40 blocks,sa,56,56,7,1
fb_01,B30103,14,1,MASc NI 40 blocks,sa,56,56,7,1
fb_01,B31203,14,1,MASc NI 40 blocks,sa,56,56,7,1
fb_02,B10132,14,1,MASc NI 40 blocks,sa,56,56,7,1
fb_02,B12431,14,1,MASc NI 40 blocks,sa,56,56,7,1
fb_02,B18032,14,1,MASc NI 40 blocks,sa,56,56,7,1
fb_03,B22028,14,1,MASc NI 40 blocks,sa,56,56,7,1
fb_03,B30103,14,1,MASc NI 40 blocks,sa,56,56,7,1
fb_03,B31203,14,1,MASc NI 40 blocks,sa,56,56,7,1
fb_04,B22028,14,1,MASc NI 40 blocks,sa,56,56,7,1
fb_04,B5218,14,1,MASc NI 40 blocks,sa,56,56,7,1
fb_04,B5817,14,1,MASc NI 40 blocks,sa,56,56,7,1
fb_05,B31203,14,1,MASc NI 40 blocks,sa,56,56,7,1
fb_05,B5817,14,1,MASc NI 40 blocks,sa,56,56,7,1
fb_05,B9658,14,1,MASc NI 40 blocks,sa,56,56,7,1
fb_06,B18200,14,1,MASc NI 40 blocks,sa,56,56,7,1
fb_06,B5817,14,1,MASc NI 40 blocks,sa,56,56,7,1
fb_06,B9658,14,1,MASc NI 40 blocks,sa,56,56,7,1
ld_01,B10132,14,1,MASc NI 40 blocks,sa,56,56,7,1
ld_01,B32707,14,1,MASc NI 40 blocks,sa,56,56,7,1
ld_02,B10132,14,1,MASc NI 40 blocks,sa,56,56,7,1
ld_02,B20673,14,1,MASc NI 40 blocks,sa,56,56,7,1
ld_03,B22028,14,1,MASc NI 40 blocks,sa,56,56,7,1
ld_03,B32707,14,1,MASc NI 40 blocks,sa,56,56,7,1
ld_04,B22028,14,1,MASc NI 40 blocks,sa,56,56,7,1
ld_04,B32707,14,1,MASc NI 40 blocks,sa,56,56,7,1
ld_05,B31730,14,1,MASc NI 40 blocks,sa,56,56,7,1
ld_05,B35154,14,1,MASc NI 40 blocks,sa,56,56,7,1
ld_06,B10132,14,1,MASc NI 40 blocks,sa,56,56,7,1
pr_01,B18032,14,1,MASc NI 40 blocks,sa,56,56,7,1
pr_01,B5218,14,1,MASc NI 40 blocks,sa,56,56,7,1
pr_02,B20149,14,1,MASc NI 40 blocks,sa,56,56,7,1
pr_02,B35154,14,1,MASc NI 40 blocks,sa,56,56,7,1
pr_03,B20538,14,1,MASc NI 40 blocks,sa,56,56,7,1
pr_03,B21443,14,1,MASc NI 40 blocks,sa,56,56,7,1
pr_04,B20149,14,1,MASc NI 40 blocks,sa,56,56,7,1
pr_04,B31730,14,1,MASc NI 40 blocks,sa,56,56,7,1
pr_05,B13384,14,1,MASc NI 40 blocks,sa,56,56,7,1
pr_05,B9658,14,1,MASc NI 40 blocks,sa,56,56,7,1
pr_06,B5218,14,1,MASc NI 40 blocks,sa,56,56,7,1
sk_01,B6017,14,1,MASc NI 40 blocks,sa,56,56,7,1
sk_01,B6017,14,1,MASc NI 40 blocks,sa,56,56,7,1
sk_01,B6017,14,1,MASc NI 40 blocks,sa,56,56,7,1
sk_02,B21443,14,1,MASc NI 40 blocks,sa,56,56,7,1
sk_02,B22028,14,1,MASc NI 40 blocks,sa,56,56,7,1
sk_02,B31730,14,1,MASc NI 40 blocks,sa,56,56,7,1
sk_03,B13384,14,1,MASc NI 40 blocks,sa,56,56,7,1
sk_03,B32707,14,1,MASc NI 40 blocks,sa,56,56,7,1
sk_03,B35154,14,1,MASc NI 40 blocks,sa,56,56,7,1
sk_04,B21443,14,1,MASc NI 40 blocks,sa,56,56,7,1
sk_04,B22028,14,1,MASc NI 40 blocks,sa,56,56,7,1
sk_04,B31730,14,1,MASc NI 40 blocks,sa,56,56,7,1
sk_05,B20149,14,1,MASc NI 40 blocks,sa,56,56,7,1
sk_05,B20538,14,1,MASc NI 40 blocks,sa,56,56,7,1
sk_05,B20673,14,1,MASc NI 40 blocks,sa,56,56,7,1
sk_06,B14527,14,1,MASc NI 40 blocks,sa,56,56,7,1
sk_06,B5817,14,1,MASc NI 40 blocks,sa,56,56,7,1
sk_06,B6017,14,1,MASc NI 40 blocks,sa,56,56,7,1
fb_01,B10132,15,1,MASc NI 40 blocks,sa,56,56,7,1
fb_01,B5817,15,1,MASc NI 40 blocks,sa,56,56,7,1
fb_01,B9658,15,1,MASc NI 40 blocks,sa,56,56,7,1
fb_02,B22028,15,1,MASc NI 40 blocks,sa,56,56,7,1
fb_02,B30103,15,1,MASc NI 40 blocks,sa,56,56,7,1
fb_02,B31730,15,1,MASc NI 40 blocks,sa,56,56,7,1
fb_03,B10412,15,1,MASc NI 40 blocks,sa,56,56,7,1
fb_03,B32121,15,1,MASc NI 40 blocks,sa,56,56,7,1
fb_03,B35154,15,1,MASc NI 40 blocks,sa,56,56,7,1
fb_04,B10411,15,1,MASc NI 40 blocks,sa,56,56,7,1
fb_04,B5218,15,1,MASc NI 40 blocks,sa,56,56,7,1
fb_04,B6017,15,1,MASc NI 40 blocks,sa,56,56,7,1
fb_05,B9658,15,1,MASc NI 40 blocks,sa,56,56,7,1
fb_05,B9658,15,1,MASc NI 40 blocks,sa,56,56,7,1
fb_05,B9658,15,1,MASc NI 40 blocks,sa,56,56,7,1
fb_06,B20673,15,1,MASc NI 40 blocks,sa,56,56,7,1
fb_06,B32707,15,1,MASc NI 40 blocks,sa,56,56,7,1
fb_06,B9658,15,1,MASc NI 40 blocks,sa,56,56,7,1
fb_01,B11042,16,1,MASc NI 40 blocks,sa,56,56,7,1
fb_01,B11805,16,1,MASc NI 40 blocks,sa,56,56,7,1
fb_01,B13384,16,1,MASc NI 40 blocks,sa,56,56,7,1
fb_02,B31203,16,1,MASc NI 40 blocks,sa,56,56,7,1
fb_02,B31613,16,1,MASc NI 40 blocks,sa,56,56,7,1
fb_02,B31730,16,1,MASc NI 40 blocks,sa,56,56,7,1
fb_03,B4497,16,1,MASc NI 40 blocks,sa,56,56,7,1
fb_03,B5218,16,1,MASc NI 40 blocks,sa,56,56,7,1
fb_03,B5817,16,1,MASc NI 40 blocks,sa,56,56,7,1
fb_04,B18032,16,1,MASc NI 40 blocks,sa,56,56,7,1
fb_04,B18200,16,1,MASc NI 40 blocks,sa,56,56,7,1
fb_04,B9658,16,1,MASc NI 40 blocks,sa,56,56,7,1
fb_05,B18032,16,1,MASc NI 40 blocks,sa,56,56,7,1
fb_05,B18200,16,1,MASc NI 40 blocks,sa,56,56,7,1
fb_05,B9658,16,1,MASc NI 40 blocks,sa,56,56,7,1
fb_06,B31203,16,1,MASc NI 40 blocks,sa,56,56,7,1
fb_06,B5817,16,1,MASc NI 40 blocks,sa,56,56,7,1
fb_06,B9658,16,1,MASc NI 40 blocks,sa,56,56,7,1
sk_01,B10412,16,1,MASc NI 40 blocks,sa,56,56,7,1
sk_01,B5218,16,1,MASc NI 40 blocks,sa,56,56,7,1
sk_01,B6017,16,1,MASc NI 40 blocks,sa,56,56,7,1
sk_02,B10132,16,1,MASc NI 40 blocks,sa,56,56,7,1
sk_02,B35154,16,1,MASc NI 40 blocks,sa,56,56,7,1
sk_02,B6017,16,1,MASc NI 40 blocks,sa,56,56,7,1
sk_03,B10132,16,1,MASc NI 40 blocks,sa,56,56,7,1
sk_03,B10411,16,1,MASc NI 40 blocks,sa,56,56,7,1
sk_03,B6017,16,1,MASc NI 40 blocks,sa,56,56,7,1
sk_04,B10411,16,1,MASc NI 40 blocks,sa,56,56,7,1
sk_04,B22028,16,1,MASc NI 40 blocks,sa,56,56,7,1
sk_04,B30103,16,1,MASc NI 40 blocks,sa,56,56,7,1
sk_05,B10132,16,1,MASc NI 40 blocks,sa,56,56,7,1
sk_05,B35154,16,1,MASc NI 40 blocks,sa,56,56,7,1
sk_05,B5817,16,1,MASc NI 40 blocks,sa,56,56,7,1
sk_06,B10132,16,1,MASc NI 40 blocks,sa,56,56,7,1
sk_06,B10412,16,1,MASc NI 40 blocks,sa,56,56,7,1
sk_06,B6017,16,1,MASc NI 40 blocks,sa,56,56,7,1
fb_01,B14527,17,1,MASc NI 40 blocks,sa,56,56,7,1
fb_01,B18032,17,1,MASc NI 40 blocks,sa,56,56,7,1
fb_01,B18200,17,1,MASc NI 40 blocks,sa,56,56,7,1
fb_02,B32121,17,1,MASc NI 40 blocks,sa,56,56,7,1
fb_02,B32707,17,1,MASc NI 40 blocks,sa,56,56,7,1
fb_02,B35154,17,1,MASc NI 40 blocks,sa,56,56,7,1
fb_03,B10132,17,1,MASc NI 40 blocks,sa,56,56,7,1
fb_03,B6017,17,1,MASc NI 40 blocks,sa,56,56,7,1
fb_03,B9658,17,1,MASc NI 40 blocks,sa,56,56,7,1
fb_04,B20149,17,1,MASc NI 40 blocks,sa,56,56,7,1
fb_04,B20538,17,1,MASc NI 40 blocks,sa,56,56,7,1
fb_04,B20631,17,1,MASc NI 40 blocks,sa,56,56,7,1
fb_05,B20673,17,1,MASc NI 40 blocks,sa,56,56,7,1
fb_05,B9658,17,1,MASc NI 40 blocks,sa,56,56,7,1
fb_05,B9658,17,1,MASc NI 40 blocks,sa,56,56,7,1
fb_06,B18200,17,1,MASc NI 40 blocks,sa,56,56,7,1
fb_06,B31203,17,1,MASc NI 40 blocks,sa,56,56,7,1
fb_06,B5817,17,1,MASc NI 40 blocks,sa,56,56,7,1
pr_01,B10411,17,1,MASc NI 40 blocks,sa,56,56,7,1
pr_02,B10412,17,1,MASc NI 40 blocks,sa,56,56,7,1
pr_03,B6017,17,1,MASc NI 40 blocks,sa,56,56,7,1
pr_04,B10132,17,1,MASc NI 40 blocks,sa,56,56,7,1
pr_05,B10132,17,1,MASc NI 40 blocks,sa,56,56,7,1
sk_01,B31730,17,1,MASc NI 40 blocks,sa,56,56,7,1
sk_01,B4497,17,1,MASc NI 40 blocks,sa,56,56,7,1
sk_01,B5218,17,1,MASc NI 40 blocks,sa,56,56,7,1
sk_02,B11042,17,1,MASc NI 40 blocks,sa,56,56,7,1
sk_02,B11805,17,1,MASc NI 40 blocks,sa,56,56,7,1
sk_02,B4497,17,1,MASc NI 40 blocks,sa,56,56,7,1
sk_03,B11042,17,1,MASc NI 40 blocks,sa,56,56,7,1
sk_03,B11805,17,1,MASc NI 40 blocks,sa,56,56,7,1
sk_03,B18200,17,1,MASc NI 40 blocks,sa,56,56,7,1
sk_04,B31203,17,1,MASc NI 40 blocks,sa,56,56,7,1
sk_04,B31730,17,1,MASc NI 40 blocks,sa,56,56,7,1
sk_04,B32121,17,1,MASc NI 40 blocks,sa,56,56,7,1
sk_05,B18032,17,1,MASc NI 40 blocks,sa,56,56,7,1
sk_05,B5218,17,1,MASc NI 40 blocks,sa,56,56,7,1
sk_05,B9658,17,1,MASc NI 40 blocks,sa,56,56,7,1
sk_06,B11042,17,1,MASc NI 40 blocks,sa,56,56,7,1
sk_06,B22028,17,1,MASc NI 40 blocks,sa,56,56,7,1
sk_06,B30103,17,1,MASc NI 40 blocks,sa,56,56,7,1
fb_01,B20149,18,1,MASc NI 40 blocks,sa,56,56,7,1
fb_01,B20631,18,1,MASc NI 40 blocks,sa,56,56,7,1
fb_01,B9658,18,1,MASc NI 40 blocks,sa,56,56,7,1
fb_02,B4497,18,1,MASc NI 40 blocks,sa,56,56,7,1
fb_02,B5218,18,1,MASc NI 40 blocks,sa,56,56,7,1
fb_02,B5817,18,1,MASc NI 40 blocks,sa,56,56,7,1
fb_03,B18032,18,1,MASc NI 40 blocks,sa,56,56,7,1
fb_03,B18200,18,1,MASc NI 40 blocks,sa,56,56,7,1
fb_03,B20149,18,1,MASc NI 40 blocks,sa,56,56,7,1
fb_04,B20673,18,1,MASc NI 40 blocks,sa,56,56,7,1
fb_04,B21443,18,1,MASc NI 40 blocks,sa,56,56,7,1
fb_04,B32707,18,1,MASc NI 40 blocks,sa,56,56,7,1
fb_05,B30103,18,1,MASc NI 40 blocks,sa,56,56,7,1
fb_05,B31203,18,1,MASc NI 40 blocks,sa,56,56,7,1
fb_05,B31730,18,1,MASc NI 40 blocks,sa,56,56,7,1
fb_06,B18200,18,1,MASc NI 40 blocks,sa,56,56,7,1
fb_06,B31203,18,1,MASc NI 40 blocks,sa,56,56,7,1
fb_06,B9658,18,1,MASc NI 40 blocks,sa,56,56,7,1
ld_01,B10411,18,1,MASc NI 40 blocks,sa,56,56,7,1
ld_01,B6017,18,1,MASc NI 40 blocks,sa,56,56,7,1
ld_02,B10132,18,1,MASc NI 40 blocks,sa,56,56,7,1
ld_02,B10412,18,1,MASc NI 40 blocks,sa,56,56,7,1
ld_03,B10132,18,1,MASc NI 40 blocks,sa,56,56,7,1
ld_03,B10411,18,1,MASc NI 40 blocks,sa,56,56,7,1
ld_04,B10412,18,1,MASc NI 40 blocks,sa,56,56,7,1
ld_05,B10411,18,1,MASc NI 40 blocks,sa,56,56,7,1
ld_06,B10412,18,1,MASc NI 40 blocks,sa,56,56,7,1
pr_01,B11042,18,1,MASc NI 40 blocks,sa,56,56,7,1
pr_02,B4497,18,1,MASc NI 40 blocks,sa,56,56,7,1
pr_03,B5218,18,1,MASc NI 40 blocks,sa,56,56,7,1
pr_04,B5218,18,1,MASc NI 40 blocks,sa,56,56,7,1
pr_05,B30103,18,1,MASc NI 40 blocks,sa,56,56,7,1
sk_01,B11805,18,1,MASc NI 40 blocks,sa,56,56,7,1
sk_01,B11805,18,1,MASc NI 40 blocks,sa,56,56,7,1
sk_01,B6017,18,1,MASc NI 40 blocks,sa,56,56,7,1
sk_02,B22028,18,1,MASc NI 40 blocks,sa,56,56,7,1
sk_02,B31730,18,1,MASc NI 40 blocks,sa,56,56,7,1
sk_02,B5817,18,1,MASc NI 40 blocks,sa,56,56,7,1
sk_03,B11805,18,1,MASc NI 40 blocks,sa,56,56,7,1
sk_03,B32121,18,1,MASc NI 40 blocks,sa,56,56,7,1
sk_03,B6017,18,1,MASc NI 40 blocks,sa,56,56,7,1
sk_04,B20673,18,1,MASc NI 40 blocks,sa,56,56,7,1
sk_04,B32121,18,1,MASc NI 40 blocks,sa,56,56,7,1
sk_04,B35154,18,1,MASc NI 40 blocks,sa,56,56,7,1
sk_05,B18200,18,1,MASc NI 40 blocks,sa,56,56,7,1
sk_05,B20149,18,1,MASc NI 40 blocks,sa,56,56,7,1
sk_05,B20538,18,1,MASc NI 40 blocks,sa,56,56,7,1
sk_06,B31203,18,1,MASc NI 40 blocks,sa,56,56,7,1
sk_06,B31730,18,1,MASc NI 40 blocks,sa,56,56,7,1
sk_06,B32121,18,1,MASc NI 40 blocks,sa,56,56,7,1
fb_01,B20632,19,1,MASc NI 40 blocks,sa,56,56,7,1
fb_01,B20673,19,1,MASc NI 40 blocks,sa,56,56,7,1
fb_01,B21443,19,1,MASc NI 40 blocks,sa,56,56,7,1
fb_02,B10132,19,1,MASc NI 40 blocks,sa,56,56,7,1
fb_02,B6017,19,1,MASc NI 40 blocks,sa,56,56,7,1
fb_02,B9658,19,1,MASc NI 40 blocks,sa,56,56,7,1
fb_03,B20631,19,1,MASc NI 40 blocks,sa,56,56,7,1
fb_03,B20632,19,1,MASc NI 40 blocks,sa,56,56,7,1
fb_03,B30103,19,1,MASc NI 40 blocks,sa,56,56,7,1
fb_04,B21899,19,1,MASc NI 40 blocks,sa,56,56,7,1
fb_04,B22028,19,1,MASc NI 40 blocks,sa,56,56,7,1
fb_04,B9658,19,1,MASc NI 40 blocks,sa,56,56,7,1
fb_05,B18032,19,1,MASc NI 40 blocks,sa,56,56,7,1
fb_05,B5817,19,1,MASc NI 40 blocks,sa,56,56,7,1
fb_05,B9658,19,1,MASc NI 40 blocks,sa,56,56,7,1
fb_06,B18200,19,1,MASc NI 40 blocks,sa,56,56,7,1
fb_06,B32707,19,1,MASc NI 40 blocks,sa,56,56,7,1
fb_06,B5817,19,1,MASc NI 40 blocks,sa,56,56,7,1
ld_01,B5218,19,1,MASc NI 40 blocks,sa,56,56,7,1
ld_02,B5218,19,1,MASc NI 40 blocks,sa,56,56,7,1
ld_03,B4497,19,1,MASc NI 40 blocks,sa,56,56,7,1
ld_04,B11042,19,1,MASc NI 40 blocks,sa,56,56,7,1
ld_05,B11042,19,1,MASc NI 40 blocks,sa,56,56,7,1
pr_01,B11805,19,1,MASc NI 40 blocks,sa,56,56,7,1
pr_01,B18200,19,1,MASc NI 40 blocks,sa,56,56,7,1
pr_02,B11805,19,1,MASc NI 40 blocks,sa,56,56,7,1
pr_02,B31203,19,1,MASc NI 40 blocks,sa,56,56,7,1
pr_03,B32121,19,1,MASc NI 40 blocks,sa,56,56,7,1
pr_03,B5817,19,1,MASc NI 40 blocks,sa,56,56,7,1
pr_04,B31730,19,1,MASc NI 40 blocks,sa,56,56,7,1
pr_05,B6017,19,1,MASc NI 40 blocks,sa,56,56,7,1
pr_06,B35154,19,1,MASc NI 40 blocks,sa,56,56,7,1
sk_01,B4497,19,1,MASc NI 40 blocks,sa,56,56,7,1
sk_01,B4497,19,1,MASc NI 40 blocks,sa,56,56,7,1
sk_01,B5218,19,1,MASc NI 40 blocks,sa,56,56,7,1
sk_02,B32707,19,1,MASc NI 40 blocks,sa,56,56,7,1
sk_02,B35154,19,1,MASc NI 40 blocks,sa,56,56,7,1
sk_02,B6017,19,1,MASc NI 40 blocks,sa,56,56,7,1
sk_03,B30103,19,1,MASc NI 40 blocks,sa,56,56,7,1
sk_03,B31203,19,1,MASc NI 40 blocks,sa,56,56,7,1
sk_03,B31730,19,1,MASc NI 40 blocks,sa,56,56,7,1
sk_04,B10132,19,1,MASc NI 40 blocks,sa,56,56,7,1
sk_04,B4497,19,1,MASc NI 40 blocks,sa,56,56,7,1
sk_04,B6017,19,1,MASc NI 40 blocks,sa,56,56,7,1
sk_05,B20673,19,1,MASc NI 40 blocks,sa,56,56,7,1
sk_05,B21443,19,1,MASc NI 40 blocks,sa,56,56,7,1
sk_05,B22028,19,1,MASc NI 40 blocks,sa,56,56,7,1
sk_06,B32707,19,1,MASc NI 40 blocks,sa,56,56,7,1
sk_06,B35154,19,1,MASc NI 40 blocks,sa,56,56,7,1
sk_06,B5817,19,1,MASc NI 40 blocks,sa,56,56,7,1
fb_01,B21899,20,1,MASc NI 40 blocks,sa,56,56,7,1
fb_01,B22028,20,1,MASc NI 40 blocks,sa,56,56,7,1
fb_01,B9658,20,1,MASc NI 40 blocks,sa,56,56,7,1
fb_02,B12431,20,1,MASc NI 40 blocks,sa,56,56,7,1
fb_02,B18032,20,1,MASc NI 40 blocks,sa,56,56,7,1
fb_02,B18200,20,1,MASc NI 40 blocks,sa,56,56,7,1
fb_03,B20673,20,1,MASc NI 40 blocks,sa,56,56,7,1
fb_03,B21443,20,1,MASc NI 40 blocks,sa,56,56,7,1
fb_03,B21899,20,1,MASc NI 40 blocks,sa,56,56,7,1
fb_04,B31203,20,1,MASc NI 40 blocks,sa,56,56,7,1
fb_04,B31730,20,1,MASc NI 40 blocks,sa,56,56,7,1
fb_04,B32707,20,1,MASc NI 40 blocks,sa,56,56,7,1
fb_05,B18200,20,1,MASc NI 40 blocks,sa,56,56,7,1
fb_05,B20538,20,1,MASc NI 40 blocks,sa,56,56,7,1
fb_05,B21443,20,1,MASc NI 40 blocks,sa,56,56,7,1
fb_06,B31203,20,1,MASc NI 40 blocks,sa,56,56,7,1
fb_06,B5817,20,1,MASc NI 40 blocks,sa,56,56,7,1
fb_06,B9658,20,1,MASc NI 40 blocks,sa,56,56,7,1
ld_01,B31730,20,1,MASc NI 40 blocks,sa,56,56,7,1
ld_01,B6017,20,1,MASc NI 40 blocks,sa,56,56,7,1
ld_02,B11805,20,1,MASc NI 40 blocks,sa,56,56,7,1
ld_02,B6017,20,1,MASc NI 40 blocks,sa,56,56,7,1
ld_03,B11805,20,1,MASc NI 40 blocks,sa,56,56,7,1
ld_03,B35154,20,1,MASc NI 40 blocks,sa,56,56,7,1
ld_04,B32121,20,1,MASc NI 40 blocks,sa,56,56,7,1
ld_05,B11805,20,1,MASc NI 40 blocks,sa,56,56,7,1
ld_06,B11805,20,1,MASc NI 40 blocks,sa,56,56,7,1
pr_01,B22028,20,1,MASc NI 40 blocks,sa,56,56,7,1
pr_01,B30103,20,1,MASc NI 40 blocks,sa,56,56,7,1
pr_02,B10132,20,1,MASc NI 40 blocks,sa,56,56,7,1
pr_02,B31203,20,1,MASc NI 40 blocks,sa,56,56,7,1
pr_03,B4497,20,1,MASc NI 40 blocks,sa,56,56,7,1
pr_03,B5218,20,1,MASc NI 40 blocks,sa,56,56,7,1
pr_04,B4497,20,1,MASc NI 40 blocks,sa,56,56,7,1
pr_04,B4497,20,1,MASc NI 40 blocks,sa,56,56,7,1
pr_05,B31730,20,1,MASc NI 40 blocks,sa,56,56,7,1
pr_05,B6017,20,1,MASc NI 40 blocks,sa,56,56,7,1
pr_06,B35154,20,1,MASc NI 40 blocks,sa,56,56,7,1
sk_01,B5218,20,1,MASc NI 40 blocks,sa,56,56,7,1
sk_01,B6017,20,1,MASc NI 40 blocks,sa,56,56,7,1
sk_01,B6017,20,1,MASc NI 40 blocks,sa,56,56,7,1
sk_02,B10132,20,1,MASc NI 40 blocks,sa,56,56,7,1
sk_02,B20149,20,1,MASc NI 40 blocks,sa,56,56,7,1
sk_02,B20538,20,1,MASc NI 40 blocks,sa,56,56,7,1
sk_03,B32121,20,1,MASc NI 40 blocks,sa,56,56,7,1
sk_03,B32707,20,1,MASc NI 40 blocks,sa,56,56,7,1
sk_03,B35154,20,1,MASc NI 40 blocks,sa,56,56,7,1
sk_04,B18032,20,1,MASc NI 40 blocks,sa,56,56,7,1
sk_04,B18200,20,1,MASc NI 40 blocks,sa,56,56,7,1
sk_04,B20149,20,1,MASc NI 40 blocks,sa,56,56,7,1
sk_05,B30103,20,1,MASc NI 40 blocks,sa,56,56,7,1
sk_05,B31203,20,1,MASc NI 40 blocks,sa,56,56,7,1
sk_05,B31730,20,1,MASc NI 40 blocks,sa,56,56,7,1
sk_06,B10132,20,1,MASc NI 40 blocks,sa,56,56,7,1
sk_06,B6017,20,1,MASc NI 40 blocks,sa,56,56,7,1
sk_06,B9658,20,1,MASc NI 40 blocks,sa,56,56,7,1
fb_01,B26719,21,1,MASc NI 40 blocks,sa,56,56,7,1
fb_01,B30103,21,1,MASc NI 40 blocks,sa,56,56,7,1
fb_01,B31203,21,1,MASc NI 40 blocks,sa,56,56,7,1
fb_02,B20149,21,1,MASc NI 40 blocks,sa,56,56,7,1
fb_02,B20538,21,1,MASc NI 40 blocks,sa,56,56,7,1
fb_02,B20631,21,1,MASc NI 40 blocks,sa,56,56,7,1
fb_03,B22028,21,1,MASc NI 40 blocks,sa,56,56,7,1
fb_03,B30103,21,1,MASc NI 40 blocks,sa,56,56,7,1
fb_03,B32707,21,1,MASc NI 40 blocks,sa,56,56,7,1
fb_04,B5218,21,1,MASc NI 40 blocks,sa,56,56,7,1
fb_04,B5817,21,1,MASc NI 40 blocks,sa,56,56,7,1
fb_04,B9658,21,1,MASc NI 40 blocks,sa,56,56,7,1
fb_05,B32707,21,1,MASc NI 40 blocks,sa,56,56,7,1
fb_05,B9658,21,1,MASc NI 40 blocks,sa,56,56,7,1
fb_05,B9658,21,1,MASc NI 40 blocks,sa,56,56,7,1
fb_06,B18200,21,1,MASc NI 40 blocks,sa,56,56,7,1
fb_06,B5817,21,1,MASc NI 40 blocks,sa,56,56,7,1
fb_06,B9658,21,1,MASc NI 40 blocks,sa,56,56,7,1
ld_01,B22028,21,1,MASc NI 40 blocks,sa,56,56,7,1
ld_01,B31203,21,1,MASc NI 40 blocks,sa,56,56,7,1
ld_01,B4497,21,1,MASc NI 40 blocks,sa,56,56,7,1
ld_02,B22028,21,1,MASc NI 40 blocks,sa,56,56,7,1
ld_02,B4497,21,1,MASc NI 40 blocks,sa,56,56,7,1
ld_02,B4497,21,1,MASc NI 40 blocks,sa,56,56,7,1
ld_03,B10132,21,1,MASc NI 40 blocks,sa,56,56,7,1
ld_03,B35154,21,1,MASc NI 40 blocks,sa,56,56,7,1
ld_03,B4497,21,1,MASc NI 40 blocks,sa,56,56,7,1
ld_04,B5218,21,1,MASc NI 40 blocks,sa,56,56,7,1
ld_04,B6017,21,1,MASc NI 40 blocks,sa,56,56,7,1
ld_05,B31730,21,1,MASc NI 40 blocks,sa,56,56,7,1
ld_05,B6017,21,1,MASc NI 40 blocks,sa,56,56,7,1
ld_06,B10132,21,1,MASc NI 40 blocks,sa,56,56,7,1
ld_06,B30103,21,1,MASc NI 40 blocks,sa,56,56,7,1
pr_01,B6017,21,1,MASc NI 40 blocks,sa,56,56,7,1
pr_01,B9658,21,1,MASc NI 40 blocks,sa,56,56,7,1
pr_02,B20149,21,1,MASc NI 40 blocks,sa,56,56,7,1
pr_02,B6017,21,1,MASc NI 40 blocks,sa,56,56,7,1
pr_03,B10132,21,1,MASc NI 40 blocks,sa,56,56,7,1
pr_03,B18200,21,1,MASc NI 40 blocks,sa,56,56,7,1
pr_04,B30103,21,1,MASc NI 40 blocks,sa,56,56,7,1
pr_04,B31203,21,1,MASc NI 40 blocks,sa,56,56,7,1
pr_05,B20538,21,1,MASc NI 40 blocks,sa,56,56,7,1
pr_06,B5218,21,1,MASc NI 40 blocks,sa,56,56,7,1
sk_01,B10132,21,1,MASc NI 40 blocks,sa,56,56,7,1
sk_01,B10132,21,1,MASc NI 40 blocks,sa,56,56,7,1
sk_01,B6017,21,1,MASc NI 40 blocks,sa,56,56,7,1
sk_02,B10132,21,1,MASc NI 40 blocks,sa,56,56,7,1
sk_02,B21443,21,1,MASc NI 40 blocks,sa,56,56,7,1
sk_02,B22028,21,1,MASc NI 40 blocks,sa,56,56,7,1
sk_03,B10132,21,1,MASc NI 40 blocks,sa,56,56,7,1
sk_03,B10132,21,1,MASc NI 40 blocks,sa,56,56,7,1
sk_03,B9658,21,1,MASc NI 40 blocks,sa,56,56,7,1
sk_04,B20538,21,1,MASc NI 40 blocks,sa,56,56,7,1
sk_04,B20673,21,1,MASc NI 40 blocks,sa,56,56,7,1
sk_04,B21443,21,1,MASc NI 40 blocks,sa,56,56,7,1
sk_05,B32121,21,1,MASc NI 40 blocks,sa,56,56,7,1
sk_05,B32707,21,1,MASc NI 40 blocks,sa,56,56,7,1
sk_05,B35154,21,1,MASc NI 40 blocks,sa,56,56,7,1
sk_06,B18032,21,1,MASc NI 40 blocks,sa,56,56,7,1
sk_06,B18200,21,1,MASc NI 40 blocks,sa,56,56,7,1
sk_06,B20149,21,1,MASc NI 40 blocks,sa,56,56,7,1
fb_01,B10132,22,1,MASc NI 40 blocks,sa,56,56,7,1
fb_01,B10412,22,1,MASc NI 40 blocks,sa,56,56,7,1
fb_01,B5817,22,1,MASc NI 40 blocks,sa,56,56,7,1
fb_02,B32121,22,1,MASc NI 40 blocks,sa,56,56,7,1
fb_02,B32707,22,1,MASc NI 40 blocks,sa,56,56,7,1
fb_02,B9658,22,1,MASc NI 40 blocks,sa,56,56,7,1
fb_03,B4497,22,1,MASc NI 40 blocks,sa,56,56,7,1
fb_03,B5218,22,1,MASc NI 40 blocks,sa,56,56,7,1
fb_03,B5817,22,1,MASc NI 40 blocks,sa,56,56,7,1
fb_04,B31730,22,1,MASc NI 40 blocks,sa,56,56,7,1
fb_04,B32121,22,1,MASc NI 40 blocks,sa,56,56,7,1
fb_04,B6017,22,1,MASc NI 40 blocks,sa,56,56,7,1
fb_05,B18200,22,1,MASc NI 40 blocks,sa,56,56,7,1
fb_05,B21443,22,1,MASc NI 40 blocks,sa,56,56,7,1
fb_05,B5817,22,1,MASc NI 40 blocks,sa,56,56,7,1
fb_06,B10411,22,1,MASc NI 40 blocks,sa,56,56,7,1
fb_06,B9658,22,1,MASc NI 40 blocks,sa,56,56,7,1
fb_06,B9658,22,1,MASc NI 40 blocks,sa,56,56,7,1
fb_01,B11042,23,1,MASc NI 40 blocks,sa,56,56,7,1
fb_01,B11805,23,1,MASc NI 40 blocks,sa,56,56,7,1
fb_01,B13384,23,1,MASc NI 40 blocks,sa,56,56,7,1
fb_02,B4497,23,1,MASc NI 40 blocks,sa,56,56,7,1
fb_02,B5218,23,1,MASc NI 40 blocks,sa,56,56,7,1
fb_02,B5817,23,1,MASc NI 40 blocks,sa,56,56,7,1
fb_03,B10132,23,1,MASc NI 40 blocks,sa,56,56,7,1
fb_03,B32707,23,1,MASc NI 40 blocks,sa,56,56,7,1
fb_03,B6017,23,1,MASc NI 40 blocks,sa,56,56,7,1
fb_04,B5218,23,1,MASc NI 40 blocks,sa,56,56,7,1
fb_04,B5817,23,1,MASc NI 40 blocks,sa,56,56,7,1
fb_04,B6017,23,1,MASc NI 40 blocks,sa,56,56,7,1
fb_05,B20631,23,1,MASc NI 40 blocks,sa,56,56,7,1
fb_05,B20632,23,1,MASc NI 40 blocks,sa,56,56,7,1
fb_05,B32707,23,1,MASc NI 40 blocks,sa,56,56,7,1
fb_06,B18200,23,1,MASc NI 40 blocks,sa,56,56,7,1
fb_06,B18200,23,1,MASc NI 40 blocks,sa,56,56,7,1
fb_06,B20149,23,1,MASc NI 40 blocks,sa,56,56,7,1
sk_01,B10411,23,1,MASc NI 40 blocks,sa,56,56,7,1
sk_01,B4497,23,1,MASc NI 40 blocks,sa,56,56,7,1
sk_01,B9658,23,1,MASc NI 40 blocks,sa,56,56,7,1
sk_02,B32707,23,1,MASc NI 40 blocks,sa,56,56,7,1
sk_02,B5218,23,1,MASc NI 40 blocks,sa,56,56,7,1
sk_02,B9658,23,1,MASc NI 40 blocks,sa,56,56,7,1
sk_03,B10132,23,1,MASc NI 40 blocks,sa,56,56,7,1
sk_03,B10411,23,1,MASc NI 40 blocks,sa,56,56,7,1
sk_03,B6017,23,1,MASc NI 40 blocks,sa,56,56,7,1
sk_04,B10412,23,1,MASc NI 40 blocks,sa,56,56,7,1
sk_04,B5817,23,1,MASc NI 40 blocks,sa,56,56,7,1
sk_04,B6017,23,1,MASc NI 40 blocks,sa,56,56,7,1
sk_05,B10132,23,1,MASc NI 40 blocks,sa,56,56,7,1
sk_05,B10412,23,1,MASc NI 40 blocks,sa,56,56,7,1
sk_05,B6017,23,1,MASc NI 40 blocks,sa,56,56,7,1
sk_06,B10132,23,1,MASc NI 40 blocks,sa,56,56,7,1
sk_06,B4497,23,1,MASc NI 40 blocks,sa,56,56,7,1
sk_06,B6017,23,1,MASc NI 40 blocks,sa,56,56,7,1
fb_01,B14527,24,1,MASc NI 40 blocks,sa,56,56,7,1
fb_01,B18032,24,1,MASc NI 40 blocks,sa,56,56,7,1
fb_01,B18200,24,1,MASc NI 40 blocks,sa,56,56,7,1
fb_02,B5817,24,1,MASc NI 40 blocks,sa,56,56,7,1
fb_02,B6017,24,1,MASc NI 40 blocks,sa,56,56,7,1
fb_02,B9658,24,1,MASc NI 40 blocks,sa,56,56,7,1
fb_03,B18032,24,1,MASc NI 40 blocks,sa,56,56,7,1
fb_03,B18200,24,1,MASc NI 40 blocks,sa,56,56,7,1
fb_03,B20149,24,1,MASc NI 40 blocks,sa,56,56,7,1
fb_04,B10132,24,1,MASc NI 40 blocks,sa,56,56,7,1
fb_04,B6017,24,1,MASc NI 40 blocks,sa,56,56,7,1
fb_04,B9658,24,1,MASc NI 40 blocks,sa,56,56,7,1
fb_05,B21899,24,1,MASc NI 40 blocks,sa,56,56,7,1
fb_05,B30103,24,1,MASc NI 40 blocks,sa,56,56,7,1
fb_05,B5817,24,1,MASc NI 40 blocks,sa,56,56,7,1
fb_06,B20538,24,1,MASc NI 40 blocks,sa,56,56,7,1
fb_06,B20673,24,1,MASc NI 40 blocks,sa,56,56,7,1
fb_06,B30103,24,1,MASc NI 40 blocks,sa,56,56,7,1
pr_01,B10411,24,1,MASc NI 40 blocks,sa,56,56,7,1
pr_02,B10412,24,1,MASc NI 40 blocks,sa,56,56,7,1
pr_03,B6017,24,1,MASc NI 40 blocks,sa,56,56,7,1
pr_04,B10132,24,1,MASc NI 40 blocks,sa,56,56,7,1
pr_05,B4497,24,1,MASc NI 40 blocks,sa,56,56,7,1
pr_06,B9658,24,1,MASc NI 40 blocks,sa,56,56,7,1
sk_01,B4497,24,1,MASc NI 40 blocks,sa,56,56,7,1
sk_01,B4497,24,1,MASc NI 40 blocks,sa,56,56,7,1
sk_01,B5817,24,1,MASc NI 40 blocks,sa,56,56,7,1
sk_02,B5817,24,1,MASc NI 40 blocks,sa,56,56,7,1
sk_02,B6017,24,1,MASc NI 40 blocks,sa,56,56,7,1
sk_02,B9658,24,1,MASc NI 40 blocks,sa,56,56,7,1
sk_03,B11042,24,1,MASc NI 40 blocks,sa,56,56,7,1
sk_03,B31730,24,1,MASc NI 40 blocks,sa,56,56,7,1
sk_03,B6017,24,1,MASc NI 40 blocks,sa,56,56,7,1
sk_04,B11042,24,1,MASc NI 40 blocks,sa,56,56,7,1
sk_04,B11042,24,1,MASc NI 40 blocks,sa,56,56,7,1
sk_04,B4497,24,1,MASc NI 40 blocks,sa,56,56,7,1
sk_05,B10132,24,1,MASc NI 40 blocks,sa,56,56,7,1
sk_05,B11805,24,1,MASc NI 40 blocks,sa,56,56,7,1
sk_05,B5218,24,1,MASc NI 40 blocks,sa,56,56,7,1
sk_06,B10132,24,1,MASc NI 40 blocks,sa,56,56,7,1
sk_06,B18200,24,1,MASc NI 40 blocks,sa,56,56,7,1
sk_06,B5218,24,1,MASc NI 40 blocks,sa,56,56,7,1
fb_01,B11805,25,1,MASc NI 40 blocks,sa,56,56,7,1
fb_01,B20149,25,1,MASc NI 40 blocks,sa,56,56,7,1
fb_01,B20631,25,1,MASc NI 40 blocks,sa,56,56,7,1
fb_02,B10132,25,1,MASc NI 40 blocks,sa,56,56,7,1
fb_02,B12431,25,1,MASc NI 40 blocks,sa,56,56,7,1
fb_02,B18032,25,1,MASc NI 40 blocks,sa,56,56,7,1
fb_03,B20538,25,1,MASc NI 40 blocks,sa,56,56,7,1
fb_03,B20632,25,1,MASc NI 40 blocks,sa,56,56,7,1
fb_03,B9658,25,1,MASc NI 40 blocks,sa,56,56,7,1
fb_04,B18200,25,1,MASc NI 40 blocks,sa,56,56,7,1
fb_04,B20149,25,1,MASc NI 40 blocks,sa,56,56,7,1
fb_04,B32707,25,1,MASc NI 40 blocks,sa,56,56,7,1
fb_05,B22028,25,1,MASc NI 40 blocks,sa,56,56,7,1
fb_05,B31203,25,1,MASc NI 40 blocks,sa,56,56,7,1
fb_05,B35154,25,1,MASc NI 40 blocks,sa,56,56,7,1
fb_06,B31203,25,1,MASc NI 40 blocks,sa,56,56,7,1
fb_06,B31730,25,1,MASc NI 40 blocks,sa,56,56,7,1
fb_06,B5817,25,1,MASc NI 40 blocks,sa,56,56,7,1
ld_01,B10411,25,1,MASc NI 40 blocks,sa,56,56,7,1
ld_01,B9658,25,1,MASc NI 40 blocks,sa,56,56,7,1
ld_02,B10412,25,1,MASc NI 40 blocks,sa,56,56,7,1
ld_02,B6017,25,1,MASc NI 40 blocks,sa,56,56,7,1
ld_03,B10132,25,1,MASc NI 40 blocks,sa,56,56,7,1
ld_03,B10411,25,1,MASc NI 40 blocks,sa,56,56,7,1
ld_04,B10412,25,1,MASc NI 40 blocks,sa,56,56,7,1
ld_04,B4497,25,1,MASc NI 40 blocks,sa,56,56,7,1
ld_05,B10411,25,1,MASc NI 40 blocks,sa,56,56,7,1
ld_06,B10412,25,1,MASc NI 40 blocks,sa,56,56,7,1
pr_01,B11042,25,1,MASc NI 40 blocks,sa,56,56,7,1
pr_01,B4497,25,1,MASc NI 40 blocks,sa,56,56,7,1
pr_02,B5218,25,1,MASc NI 40 blocks,sa,56,56,7,1
pr_02,B6017,25,1,MASc NI 40 blocks,sa,56,56,7,1
pr_03,B10132,25,1,MASc NI 40 blocks,sa,56,56,7,1
pr_03,B5817,25,1,MASc NI 40 blocks,sa,56,56,7,1
pr_04,B4497,25,1,MASc NI 40 blocks,sa,56,56,7,1
pr_04,B5218,25,1,MASc NI 40 blocks,sa,56,56,7,1
pr_05,B10132,25,1,MASc NI 40 blocks,sa,56,56,7,1
pr_06,B4497,25,1,MASc NI 40 blocks,sa,56,56,7,1
sk_01,B11805,25,1,MASc NI 40 blocks,sa,56,56,7,1
sk_01,B6017,25,1,MASc NI 40 blocks,sa,56,56,7,1
sk_01,B6017,25,1,MASc NI 40 blocks,sa,56,56,7,1
sk_02,B11805,25,1,MASc NI 40 blocks,sa,56,56,7,1
sk_02,B18032,25,1,MASc NI 40 blocks,sa,56,56,7,1
sk_02,B32121,25,1,MASc NI 40 blocks,sa,56,56,7,1
sk_03,B11805,25,1,MASc NI 40 blocks,sa,56,56,7,1
sk_03,B18032,25,1,MASc NI 40 blocks,sa,56,56,7,1
sk_03,B18200,25,1,MASc NI 40 blocks,sa,56,56,7,1
sk_04,B5218,25,1,MASc NI 40 blocks,sa,56,56,7,1
sk_04,B6017,25,1,MASc NI 40 blocks,sa,56,56,7,1
sk_04,B6017,25,1,MASc NI 40 blocks,sa,56,56,7,1
sk_05,B11805,25,1,MASc NI 40 blocks,sa,56,56,7,1
sk_05,B20538,25,1,MASc NI 40 blocks,sa,56,56,7,1
sk_05,B5218,25,1,MASc NI 40 blocks,sa,56,56,7,1
sk_06,B20538,25,1,MASc NI 40 blocks,sa,56,56,7,1
sk_06,B20631,25,1,MASc NI 40 blocks,sa,56,56,7,1
sk_06,B31730,25,1,MASc NI 40 blocks,sa,56,56,7,1
fb_01,B20632,26,1,MASc NI 40 blocks,sa,56,56,7,1
fb_01,B20673,26,1,MASc NI 40 blocks,sa,56,56,7,1
fb_01,B21443,26,1,MASc NI 40 blocks,sa,56,56,7,1
fb_02,B18200,26,1,MASc NI 40 blocks,sa,56,56,7,1
fb_02,B20538,26,1,MASc NI 40 blocks,sa,56,56,7,1
fb_02,B31730,26,1,MASc NI 40 blocks,sa,56,56,7,1
fb_03,B20673,26,1,MASc NI 40 blocks,sa,56,56,7,1
fb_03,B21443,26,1,MASc NI 40 blocks,sa,56,56,7,1
fb_03,B21899,26,1,MASc NI 40 blocks,sa,56,56,7,1
fb_04,B20631,26,1,MASc NI 40 blocks,sa,56,56,7,1
fb_04,B20632,26,1,MASc NI 40 blocks,sa,56,56,7,1
fb_04,B5817,26,1,MASc NI 40 blocks,sa,56,56,7,1
fb_05,B32121,26,1,MASc NI 40 blocks,sa,56,56,7,1
fb_05,B5218,26,1,MASc NI 40 blocks,sa,56,56,7,1
fb_05,B9658,26,1,MASc NI 40 blocks,sa,56,56,7,1
fb_06,B18200,26,1,MASc NI 40 blocks,sa,56,56,7,1
fb_06,B32707,26,1,MASc NI 40 blocks,sa,56,56,7,1
fb_06,B9658,26,1,MASc NI 40 blocks,sa,56,56,7,1
ld_01,B4497,26,1,MASc NI 40 blocks,sa,56,56,7,1
ld_01,B5218,26,1,MASc NI 40 blocks,sa,56,56,7,1
ld_01,B6017,26,1,MASc NI 40 blocks,sa,56,56,7,1
ld_02,B4497,26,1,MASc NI 40 blocks,sa,56,56,7,1
ld_02,B6017,26,1,MASc NI 40 blocks,sa,56,56,7,1
ld_03,B10132,26,1,MASc NI 40 blocks,sa,56,56,7,1
ld_03,B5218,26,1,MASc NI 40 blocks,sa,56,56,7,1
ld_04,B10132,26,1,MASc NI 40 blocks,sa,56,56,7,1
ld_04,B11042,26,1,MASc NI 40 blocks,sa,56,56,7,1
ld_05,B10132,26,1,MASc NI 40 blocks,sa,56,56,7,1
ld_05,B11042,26,1,MASc NI 40 blocks,sa,56,56,7,1
ld_06,B4497,26,1,MASc NI 40 blocks,sa,56,56,7,1
ld_06,B4497,26,1,MASc NI 40 blocks,sa,56,56,7,1
pr_01,B11805,26,1,MASc NI 40 blocks,sa,56,56,7,1
pr_01,B20538,26,1,MASc NI 40 blocks,sa,56,56,7,1
pr_02,B11805,26,1,MASc NI 40 blocks,sa,56,56,7,1
pr_02,B18200,26,1,MASc NI 40 blocks,sa,56,56,7,1
pr_03,B6017,26,1,MASc NI 40 blocks,sa,56,56,7,1
pr_04,B5218,26,1,MASc NI 40 blocks,sa,56,56,7,1
pr_05,B6017,26,1,MASc NI 40 blocks,sa,56,56,7,1
pr_06,B5218,26,1,MASc NI 40 blocks,sa,56,56,7,1
sk_01,B10132,26,1,MASc NI 40 blocks,sa,56,56,7,1
sk_01,B6017,26,1,MASc NI 40 blocks,sa,56,56,7,1
sk_01,B6017,26,1,MASc NI 40 blocks,sa,56,56,7,1
sk_02,B20149,26,1,MASc NI 40 blocks,sa,56,56,7,1
sk_02,B20538,26,1,MASc NI 40 blocks,sa,56,56,7,1
sk_02,B20631,26,1,MASc NI 40 blocks,sa,56,56,7,1
sk_03,B20149,26,1,MASc NI 40 blocks,sa,56,56,7,1
sk_03,B20538,26,1,MASc NI 40 blocks,sa,56,56,7,1
sk_03,B20631,26,1,MASc NI 40 blocks,sa,56,56,7,1
sk_04,B10132,26,1,MASc NI 40 blocks,sa,56,56,7,1
sk_04,B10132,26,1,MASc NI 40 blocks,sa,56,56,7,1
sk_04,B11042,26,1,MASc NI 40 blocks,sa,56,56,7,1
sk_05,B10132,26,1,MASc NI 40 blocks,sa,56,56,7,1
sk_05,B11805,26,1,MASc NI 40 blocks,sa,56,56,7,1
sk_05,B11805,26,1,MASc NI 40 blocks,sa,56,56,7,1
sk_06,B11805,26,1,MASc NI 40 blocks,sa,56,56,7,1
sk_06,B20632,26,1,MASc NI 40 blocks,sa,56,56,7,1
sk_06,B20673,26,1,MASc NI 40 blocks,sa,56,56,7,1
fb_01,B20149,27,1,MASc NI 40 blocks,sa,56,56,7,1
fb_01,B21899,27,1,MASc NI 40 blocks,sa,56,56,7,1
fb_01,B9658,27,1,MASc NI 40 blocks,sa,56,56,7,1
fb_02,B20631,27,1,MASc NI 40 blocks,sa,56,56,7,1
fb_02,B20632,27,1,MASc NI 40 blocks,sa,56,56,7,1
fb_02,B20673,27,1,MASc NI 40 blocks,sa,56,56,7,1
fb_03,B22028,27,1,MASc NI 40 blocks,sa,56,56,7,1
fb_03,B30103,27,1,MASc NI 40 blocks,sa,56,56,7,1
fb_03,B31203,27,1,MASc NI 40 blocks,sa,56,56,7,1
fb_04,B21899,27,1,MASc NI 40 blocks,sa,56,56,7,1
fb_04,B32707,27,1,MASc NI 40 blocks,sa,56,56,7,1
fb_04,B5817,27,1,MASc NI 40 blocks,sa,56,56,7,1
fb_05,B18032,27,1,MASc NI 40 blocks,sa,56,56,7,1
fb_05,B18200,27,1,MASc NI 40 blocks,sa,56,56,7,1
fb_05,B9658,27,1,MASc NI 40 blocks,sa,56,56,7,1
fb_06,B20149,27,1,MASc NI 40 blocks,sa,56,56,7,1
fb_06,B20538,27,1,MASc NI 40 blocks,sa,56,56,7,1
fb_06,B20673,27,1,MASc NI 40 blocks,sa,56,56,7,1
ld_01,B5218,27,1,MASc NI 40 blocks,sa,56,56,7,1
ld_01,B6017,27,1,MASc NI 40 blocks,sa,56,56,7,1
ld_02,B11805,27,1,MASc NI 40 blocks,sa,56,56,7,1
ld_02,B6017,27,1,MASc NI 40 blocks,sa,56,56,7,1
ld_03,B11805,27,1,MASc NI 40 blocks,sa,56,56,7,1
ld_03,B6017,27,1,MASc NI 40 blocks,sa,56,56,7,1
ld_04,B11805,27,1,MASc NI 40 blocks,sa,56,56,7,1
ld_04,B6017,27,1,MASc NI 40 blocks,sa,56,56,7,1
ld_05,B11805,27,1,MASc NI 40 blocks,sa,56,56,7,1
ld_05,B20538,27,1,MASc NI 40 blocks,sa,56,56,7,1
ld_06,B5218,27,1,MASc NI 40 blocks,sa,56,56,7,1
pr_01,B20538,27,1,MASc NI 40 blocks,sa,56,56,7,1
pr_01,B6017,27,1,MASc NI 40 blocks,sa,56,56,7,1
pr_02,B11805,27,1,MASc NI 40 blocks,sa,56,56,7,1
pr_02,B20149,27,1,MASc NI 40 blocks,sa,56,56,7,1
pr_03,B11042,27,1,MASc NI 40 blocks,sa,56,56,7,1
pr_04,B10132,27,1,MASc NI 40 blocks,sa,56,56,7,1
pr_05,B10132,27,1,MASc NI 40 blocks,sa,56,56,7,1
pr_06,B20631,27,1,MASc NI 40 blocks,sa,56,56,7,1
sk_01,B10132,27,1,MASc NI 40 blocks,sa,56,56,7,1
sk_01,B13384,27,1,MASc NI 40 blocks,sa,56,56,7,1
sk_01,B5218,27,1,MASc NI 40 blocks,sa,56,56,7,1
sk_02,B20632,27,1,MASc NI 40 blocks,sa,56,56,7,1
sk_02,B20673,27,1,MASc NI 40 blocks,sa,56,56,7,1
sk_02,B21443,27,1,MASc NI 40 blocks,sa,56,56,7,1
sk_03,B20632,27,1,MASc NI 40 blocks,sa,56,56,7,1
sk_03,B20673,27,1,MASc NI 40 blocks,sa,56,56,7,1
sk_03,B21443,27,1,MASc NI 40 blocks,sa,56,56,7,1
sk_04,B10132,27,1,MASc NI 40 blocks,sa,56,56,7,1
sk_04,B12431,27,1,MASc NI 40 blocks,sa,56,56,7,1
sk_04,B5218,27,1,MASc NI 40 blocks,sa,56,56,7,1
sk_05,B10132,27,1,MASc NI 40 blocks,sa,56,56,7,1
sk_05,B13384,27,1,MASc NI 40 blocks,sa,56,56,7,1
sk_05,B14527,27,1,MASc NI 40 blocks,sa,56,56,7,1
sk_06,B10132,27,1,MASc NI 40 blocks,sa,56,56,7,1
sk_06,B11805,27,1,MASc NI 40 blocks,sa,56,56,7,1
sk_06,B30103,27,1,MASc NI 40 blocks,sa,56,56,7,1
fb_01,B21443,28,1,MASc NI 40 blocks,sa,56,56,7,1
fb_01,B30103,28,1,MASc NI 40 blocks,sa,56,56,7,1
fb_01,B31203,28,1,MASc NI 40 blocks,sa,56,56,7,1
fb_02,B20631,28,1,MASc NI 40 blocks,sa,56,56,7,1
fb_02,B21443,28,1,MASc NI 40 blocks,sa,56,56,7,1
fb_02,B21899,28,1,MASc NI 40 blocks,sa,56,56,7,1
fb_03,B31730,28,1,MASc NI 40 blocks,sa,56,56,7,1
fb_03,B32121,28,1,MASc NI 40 blocks,sa,56,56,7,1
fb_03,B5817,28,1,MASc NI 40 blocks,sa,56,56,7,1
fb_04,B18200,28,1,MASc NI 40 blocks,sa,56,56,7,1
fb_04,B22028,28,1,MASc NI 40 blocks,sa,56,56,7,1
fb_04,B31203,28,1,MASc NI 40 blocks,sa,56,56,7,1
fb_05,B21885,28,1,MASc NI 40 blocks,sa,56,56,7,1
fb_05,B5817,28,1,MASc NI 40 blocks,sa,56,56,7,1
fb_05,B9658,28,1,MASc NI 40 blocks,sa,56,56,7,1
fb_06,B18200,28,1,MASc NI 40 blocks,sa,56,56,7,1
fb_06,B31203,28,1,MASc NI 40 blocks,sa,56,56,7,1
fb_06,B31730,28,1,MASc NI 40 blocks,sa,56,56,7,1
ld_01,B10132,28,1,MASc NI 40 blocks,sa,56,56,7,1
ld_01,B6017,28,1,MASc NI 40 blocks,sa,56,56,7,1
ld_02,B20631,28,1,MASc NI 40 blocks,sa,56,56,7,1
ld_02,B6017,28,1,MASc NI 40 blocks,sa,56,56,7,1
ld_03,B11805,28,1,MASc NI 40 blocks,sa,56,56,7,1
ld_03,B20538,28,1,MASc NI 40 blocks,sa,56,56,7,1
ld_04,B11805,28,1,MASc NI 40 blocks,sa,56,56,7,1
ld_04,B20149,28,1,MASc NI 40 blocks,sa,56,56,7,1
ld_05,B10132,28,1,MASc NI 40 blocks,sa,56,56,7,1
ld_05,B11042,28,1,MASc NI 40 blocks,sa,56,56,7,1
ld_06,B10132,28,1,MASc NI 40 blocks,sa,56,56,7,1
ld_06,B11042,28,1,MASc NI 40 blocks,sa,56,56,7,1
pr_01,B10132,28,1,MASc NI 40 blocks,sa,56,56,7,1
pr_02,B20632,28,1,MASc NI 40 blocks,sa,56,56,7,1
pr_03,B10132,28,1,MASc NI 40 blocks,sa,56,56,7,1
pr_04,B13384,28,1,MASc NI 40 blocks,sa,56,56,7,1
pr_05,B5218,28,1,MASc NI 40 blocks,sa,56,56,7,1
pr_06,B5218,28,1,MASc NI 40 blocks,sa,56,56,7,1
sk_01,B14527,28,1,MASc NI 40 blocks,sa,56,56,7,1
sk_01,B20149,28,1,MASc NI 40 blocks,sa,56,56,7,1
sk_01,B9658,28,1,MASc NI 40 blocks,sa,56,56,7,1
sk_02,B22028,28,1,MASc NI 40 blocks,sa,56,56,7,1
sk_02,B30103,28,1,MASc NI 40 blocks,sa,56,56,7,1
sk_02,B9658,28,1,MASc NI 40 blocks,sa,56,56,7,1
sk_03,B30103,28,1,MASc NI 40 blocks,sa,56,56,7,1
sk_03,B6017,28,1,MASc NI 40 blocks,sa,56,56,7,1
sk_03,B9658,28,1,MASc NI 40 blocks,sa,56,56,7,1
sk_04,B11805,28,1,MASc NI 40 blocks,sa,56,56,7,1
sk_04,B6017,28,1,MASc NI 40 blocks,sa,56,56,7,1
sk_04,B9658,28,1,MASc NI 40 blocks,sa,56,56,7,1
sk_05,B10132,28,1,MASc NI 40 blocks,sa,56,56,7,1
sk_05,B6017,28,1,MASc NI 40 blocks,sa,56,56,7,1
sk_05,B6017,28,1,MASc NI 40 blocks,sa,56,56,7,1
sk_06,B18200,28,1,MASc NI 40 blocks,sa,56,56,7,1
sk_06,B31203,28,1,MASc NI 40 blocks,sa,56,56,7,1
sk_06,B32121,28,1,MASc NI 40 blocks,sa,56,56,7,1
fb_01,B10132,29,1,MASc NI 40 blocks,sa,56,56,7,1
fb_01,B10411,29,1,MASc NI 40 blocks,sa,56,56,7,1
fb_01,B10412,29,1,MASc NI 40 blocks,sa,56,56,7,1
fb_02,B4497,29,1,MASc NI 40 blocks,sa,56,56,7,1
fb_02,B5218,29,1,MASc NI 40 blocks,sa,56,56,7,1
fb_02,B6017,29,1,MASc NI 40 blocks,sa,56,56,7,1
fb_03,B20538,29,1,MASc NI 40 blocks,sa,56,56,7,1
fb_03,B20631,29,1,MASc NI 40 blocks,sa,56,56,7,1
fb_03,B9658,29,1,MASc NI 40 blocks,sa,56,56,7,1
fb_04,B18032,29,1,MASc NI 40 blocks,sa,56,56,7,1
fb_04,B32121,29,1,MASc NI 40 blocks,sa,56,56,7,1
fb_04,B9658,29,1,MASc NI 40 blocks,sa,56,56,7,1
fb_05,B31730,29,1,MASc NI 40 blocks,sa,56,56,7,1
fb_05,B32707,29,1,MASc NI 40 blocks,sa,56,56,7,1
fb_05,B35154,29,1,MASc NI 40 blocks,sa,56,56,7,1
fb_06,B18200,29,1,MASc NI 40 blocks,sa,56,56,7,1
fb_06,B20149,29,1,MASc NI 40 blocks,sa,56,56,7,1
fb_06,B20538,29,1,MASc NI 40 blocks,sa,56,56,7,1
fb_01,B11042,30,1,MASc NI 40 blocks,sa,56,56,7,1
fb_01,B11805,30,1,MASc NI 40 blocks,sa,56,56,7,1
fb_01,B13384,30,1,MASc NI 40 blocks,sa,56,56,7,1
fb_02,B10132,30,1,MASc NI 40 blocks,sa,56,56,7,1
fb_02,B11805,30,1,MASc NI 40 blocks,sa,56,56,7,1
fb_02,B9658,30,1,MASc NI 40 blocks,sa,56,56,7,1
fb_03,B20632,30,1,MASc NI 40 blocks,sa,56,56,7,1
fb_03,B20673,30,1,MASc NI 40 blocks,sa,56,56,7,1
fb_03,B9658,30,1,MASc NI 40 blocks,sa,56,56,7,1
fb_04,B4497,30,1,MASc NI 40 blocks,sa,56,56,7,1
fb_04,B5218,30,1,MASc NI 40 blocks,sa,56,56,7,1
fb_04,B5817,30,1,MASc NI 40 blocks,sa,56,56,7,1
fb_05,B5218,30,1,MASc NI 40 blocks,sa,56,56,7,1
fb_05,B5817,30,1,MASc NI 40 blocks,sa,56,56,7,1
fb_05,B6017,30,1,MASc NI 40 blocks,sa,56,56,7,1
fb_06,B20631,30,1,MASc NI 40 blocks,sa,56,56,7,1
fb_06,B20632,30,1,MASc NI 40 blocks,sa,56,56,7,1
fb_06,B20673,30,1,MASc NI 40 blocks,sa,56,56,7,1
sk_01,B10412,30,1,MASc NI 40 blocks,sa,56,56,7,1
sk_01,B4497,30,1,MASc NI 40 blocks,sa,56,56,7,1
sk_01,B4497,30,1,MASc NI 40 blocks,sa,56,56,7,1
sk_02,B32121,30,1,MASc NI 40 blocks,sa,56,56,7,1
sk_02,B32707,30,1,MASc NI 40 blocks,sa,56,56,7,1
sk_02,B35154,30,1,MASc NI 40 blocks,sa,56,56,7,1
sk_03,B10412,30,1,MASc NI 40 blocks,sa,56,56,7,1
sk_03,B20538,30,1,MASc NI 40 blocks,sa,56,56,7,1
sk_03,B6017,30,1,MASc NI 40 blocks,sa,56,56,7,1
sk_04,B10411,30,1,MASc NI 40 blocks,sa,56,56,7,1
sk_04,B5218,30,1,MASc NI 40 blocks,sa,56,56,7,1
sk_04,B6017,30,1,MASc NI 40 blocks,sa,56,56,7,1
sk_05,B10411,30,1,MASc NI 40 blocks,sa,56,56,7,1
sk_05,B6017,30,1,MASc NI 40 blocks,sa,56,56,7,1
sk_05,B6017,30,1,MASc NI 40 blocks,sa,56,56,7,1
sk_06,B10132,30,1,MASc NI 40 blocks,sa,56,56,7,1
sk_06,B20149,30,1,MASc NI 40 blocks,sa,56,56,7,1
sk_06,B20538,30,1,MASc NI 40 blocks,sa,56,56,7,1
fb_01,B14527,31,1,MASc NI 40 blocks,sa,56,56,7,1
fb_01,B18032,31,1,MASc NI 40 blocks,sa,56,56,7,1
fb_01,B18200,31,1,MASc NI 40 blocks,sa,56,56,7,1
fb_02,B32707,31,1,MASc NI 40 blocks,sa,56,56,7,1
fb_02,B35154,31,1,MASc NI 40 blocks,sa,56,56,7,1
fb_02,B9658,31,1,MASc NI 40 blocks,sa,56,56,7,1
fb_03,B21443,31,1,MASc NI 40 blocks,sa,56,56,7,1
fb_03,B22028,31,1,MASc NI 40 blocks,sa,56,56,7,1
fb_03,B9658,31,1,MASc NI 40 blocks,sa,56,56,7,1
fb_04,B6017,31,1,MASc NI 40 blocks,sa,56,56,7,1
fb_04,B9658,31,1,MASc NI 40 blocks,sa,56,56,7,1
fb_04,B9658,31,1,MASc NI 40 blocks,sa,56,56,7,1
fb_05,B10132,31,1,MASc NI 40 blocks,sa,56,56,7,1
fb_05,B18032,31,1,MASc NI 40 blocks,sa,56,56,7,1
fb_05,B9658,31,1,MASc NI 40 blocks,sa,56,56,7,1
fb_06,B21899,31,1,MASc NI 40 blocks,sa,56,56,7,1
fb_06,B30103,31,1,MASc NI 40 blocks,sa,56,56,7,1
fb_06,B31203,31,1,MASc NI 40 blocks,sa,56,56,7,1
pr_01,B10411,31,1,MASc NI 40 blocks,sa,56,56,7,1
pr_02,B10412,31,1,MASc NI 40 blocks,sa,56,56,7,1
pr_03,B6017,31,1,MASc NI 40 blocks,sa,56,56,7,1
pr_04,B4497,31,1,MASc NI 40 blocks,sa,56,56,7,1
pr_05,B20538,31,1,MASc NI 40 blocks,sa,56,56,7,1
sk_01,B11042,31,1,MASc NI 40 blocks,sa,56,56,7,1
sk_01,B4497,31,1,MASc NI 40 blocks,sa,56,56,7,1
sk_01,B4497,31,1,MASc NI 40 blocks,sa,56,56,7,1
sk_02,B4497,31,1,MASc NI 40 blocks,sa,56,56,7,1
sk_02,B5218,31,1,MASc NI 40 blocks,sa,56,56,7,1
sk_02,B5817,31,1,MASc NI 40 blocks,sa,56,56,7,1
sk_03,B11042,31,1,MASc NI 40 blocks,sa,56,56,7,1
sk_03,B11042,31,1,MASc NI 40 blocks,sa,56,56,7,1
sk_03,B20673,31,1,MASc NI 40 blocks,sa,56,56,7,1
sk_04,B10132,31,1,MASc NI 40 blocks,sa,56,56,7,1
sk_04,B5218,31,1,MASc NI 40 blocks,sa,56,56,7,1
sk_04,B9658,31,1,MASc NI 40 blocks,sa,56,56,7,1
sk_05,B11042,31,1,MASc NI 40 blocks,sa,56,56,7,1
sk_05,B31730,31,1,MASc NI 40 blocks,sa,56,56,7,1
sk_05,B32121,31,1,MASc NI 40 blocks,sa,56,56,7,1
sk_06,B20632,31,1,MASc NI 40 blocks,sa,56,56,7,1
sk_06,B20673,31,1,MASc NI 40 blocks,sa,56,56,7,1
sk_06,B5218,31,1,MASc NI 40 blocks,sa,56,56,7,1
fb_01,B20149,32,1,MASc NI 40 blocks,sa,56,56,7,1
fb_01,B20538,32,1,MASc NI 40 blocks,sa,56,56,7,1
fb_01,B20631,32,1,MASc NI 40 blocks,sa,56,56,7,1
fb_02,B20538,32,1,MASc NI 40 blocks,sa,56,56,7,1
fb_02,B20631,32,1,MASc NI 40 blocks,sa,56,56,7,1
fb_02,B20632,32,1,MASc NI 40 blocks,sa,56,56,7,1
fb_03,B31203,32,1,MASc NI 40 blocks,sa,56,56,7,1
fb_03,B31613,32,1,MASc NI 40 blocks,sa,56,56,7,1
fb_03,B9658,32,1,MASc NI 40 blocks,sa,56,56,7,1
fb_04,B18200,32,1,MASc NI 40 blocks,sa,56,56,7,1
fb_04,B30103,32,1,MASc NI 40 blocks,sa,56,56,7,1
fb_04,B9658,32,1,MASc NI 40 blocks,sa,56,56,7,1
fb_05,B18200,32,1,MASc NI 40 blocks,sa,56,56,7,1
fb_05,B20149,32,1,MASc NI 40 blocks,sa,56,56,7,1
fb_05,B20538,32,1,MASc NI 40 blocks,sa,56,56,7,1
fb_06,B31730,32,1,MASc NI 40 blocks,sa,56,56,7,1
fb_06,B32707,32,1,MASc NI 40 blocks,sa,56,56,7,1
fb_06,B35154,32,1,MASc NI 40 blocks,sa,56,56,7,1
ld_01,B10412,32,1,MASc NI 40 blocks,sa,56,56,7,1
ld_01,B6017,32,1,MASc NI 40 blocks,sa,56,56,7,1
ld_02,B10411,32,1,MASc NI 40 blocks,sa,56,56,7,1
ld_02,B20538,32,1,MASc NI 40 blocks,sa,56,56,7,1
ld_03,B10412,32,1,MASc NI 40 blocks,sa,56,56,7,1
ld_03,B4497,32,1,MASc NI 40 blocks,sa,56,56,7,1
ld_04,B10411,32,1,MASc NI 40 blocks,sa,56,56,7,1
ld_05,B10412,32,1,MASc NI 40 blocks,sa,56,56,7,1
ld_06,B10411,32,1,MASc NI 40 blocks,sa,56,56,7,1
pr_01,B11042,32,1,MASc NI 40 blocks,sa,56,56,7,1
pr_01,B4497,32,1,MASc NI 40 blocks,sa,56,56,7,1
pr_02,B11042,32,1,MASc NI 40 blocks,sa,56,56,7,1
pr_02,B4497,32,1,MASc NI 40 blocks,sa,56,56,7,1
pr_03,B4497,32,1,MASc NI 40 blocks,sa,56,56,7,1
pr_03,B5218,32,1,MASc NI 40 blocks,sa,56,56,7,1
pr_04,B5218,32,1,MASc NI 40 blocks,sa,56,56,7,1
pr_05,B5218,32,1,MASc NI 40 blocks,sa,56,56,7,1
pr_06,B10132,32,1,MASc NI 40 blocks,sa,56,56,7,1
sk_01,B11805,32,1,MASc NI 40 blocks,sa,56,56,7,1
sk_01,B11805,32,1,MASc NI 40 blocks,sa,56,56,7,1
sk_01,B11805,32,1,MASc NI 40 blocks,sa,56,56,7,1
sk_02,B10132,32,1,MASc NI 40 blocks,sa,56,56,7,1
sk_02,B6017,32,1,MASc NI 40 blocks,sa,56,56,7,1
sk_02,B9658,32,1,MASc NI 40 blocks,sa,56,56,7,1
sk_03,B11805,32,1,MASc NI 40 blocks,sa,56,56,7,1
sk_03,B22028,32,1,MASc NI 40 blocks,sa,56,56,7,1
sk_03,B30103,32,1,MASc NI 40 blocks,sa,56,56,7,1
sk_04,B18200,32,1,MASc NI 40 blocks,sa,56,56,7,1
sk_04,B20149,32,1,MASc NI 40 blocks,sa,56,56,7,1
sk_04,B20538,32,1,MASc NI 40 blocks,sa,56,56,7,1
sk_05,B32707,32,1,MASc NI 40 blocks,sa,56,56,7,1
sk_05,B35154,32,1,MASc NI 40 blocks,sa,56,56,7,1
sk_05,B5218,32,1,MASc NI 40 blocks,sa,56,56,7,1
sk_06,B11805,32,1,MASc NI 40 blocks,sa,56,56,7,1
sk_06,B21899,32,1,MASc NI 40 blocks,sa,56,56,7,1
sk_06,B22028,32,1,MASc NI 40 blocks,sa,56,56,7,1
fb_01,B20632,33,1,MASc NI 40 blocks,sa,56,56,7,1
fb_01,B20673,33,1,MASc NI 40 blocks,sa,56,56,7,1
fb_01,B21443,33,1,MASc NI 40 blocks,sa,56,56,7,1
fb_02,B20673,33,1,MASc NI 40 blocks,sa,56,56,7,1
fb_02,B21443,33,1,MASc NI 40 blocks,sa,56,56,7,1
fb_02,B21885,33,1,MASc NI 40 blocks,sa,56,56,7,1
fb_03,B32121,33,1,MASc NI 40 blocks,sa,56,56,7,1
fb_03,B32707,33,1,MASc NI 40 blocks,sa,56,56,7,1
fb_03,B9658,33,1,MASc NI 40 blocks,sa,56,56,7,1
fb_04,B20538,33,1,MASc NI 40 blocks,sa,56,56,7,1
fb_04,B20631,33,1,MASc NI 40 blocks,sa,56,56,7,1
fb_04,B20632,33,1,MASc NI 40 blocks,sa,56,56,7,1
fb_05,B20673,33,1,MASc NI 40 blocks,sa,56,56,7,1
fb_05,B5817,33,1,MASc NI 40 blocks,sa,56,56,7,1
fb_05,B9658,33,1,MASc NI 40 blocks,sa,56,56,7,1
fb_06,B5218,33,1,MASc NI 40 blocks,sa,56,56,7,1
fb_06,B5817,33,1,MASc NI 40 blocks,sa,56,56,7,1
fb_06,B9658,33,1,MASc NI 40 blocks,sa,56,56,7,1
ld_01,B10132,33,1,MASc NI 40 blocks,sa,56,56,7,1
ld_01,B11042,33,1,MASc NI 40 blocks,sa,56,56,7,1
ld_02,B5218,33,1,MASc NI 40 blocks,sa,56,56,7,1
ld_02,B5218,33,1,MASc NI 40 blocks,sa,56,56,7,1
ld_03,B4497,33,1,MASc NI 40 blocks,sa,56,56,7,1
ld_03,B5218,33,1,MASc NI 40 blocks,sa,56,56,7,1
ld_04,B4497,33,1,MASc NI 40 blocks,sa,56,56,7,1
ld_04,B4497,33,1,MASc NI 40 blocks,sa,56,56,7,1
ld_05,B11042,33,1,MASc NI 40 blocks,sa,56,56,7,1
ld_05,B4497,33,1,MASc NI 40 blocks,sa,56,56,7,1
ld_06,B11042,33,1,MASc NI 40 blocks,sa,56,56,7,1
ld_06,B11042,33,1,MASc NI 40 blocks,sa,56,56,7,1
pr_01,B11805,33,1,MASc NI 40 blocks,sa,56,56,7,1
pr_02,B11805,33,1,MASc NI 40 blocks,sa,56,56,7,1
pr_03,B6017,33,1,MASc NI 40 blocks,sa,56,56,7,1
pr_04,B5218,33,1,MASc NI 40 blocks,sa,56,56,7,1
pr_05,B9658,33,1,MASc NI 40 blocks,sa,56,56,7,1
pr_06,B20149,33,1,MASc NI 40 blocks,sa,56,56,7,1
sk_01,B11805,33,1,MASc NI 40 blocks,sa,56,56,7,1
sk_01,B11805,33,1,MASc NI 40 blocks,sa,56,56,7,1
sk_01,B11805,33,1,MASc NI 40 blocks,sa,56,56,7,1
sk_02,B18032,33,1,MASc NI 40 blocks,sa,56,56,7,1
sk_02,B18200,33,1,MASc NI 40 blocks,sa,56,56,7,1
sk_02,B20149,33,1,MASc NI 40 blocks,sa,56,56,7,1
sk_03,B11805,33,1,MASc NI 40 blocks,sa,56,56,7,1
sk_03,B31203,33,1,MASc NI 40 blocks,sa,56,56,7,1
sk_03,B31730,33,1,MASc NI 40 blocks,sa,56,56,7,1
sk_04,B20631,33,1,MASc NI 40 blocks,sa,56,56,7,1
sk_04,B20632,33,1,MASc NI 40 blocks,sa,56,56,7,1
sk_04,B20673,33,1,MASc NI 40 blocks,sa,56,56,7,1
sk_05,B5817,33,1,MASc NI 40 blocks,sa,56,56,7,1
sk_05,B6017,33,1,MASc NI 40 blocks,sa,56,56,7,1
sk_05,B9658,33,1,MASc NI 40 blocks,sa,56,56,7,1
sk_06,B30103,33,1,MASc NI 40 blocks,sa,56,56,7,1
sk_06,B31203,33,1,MASc NI 40 blocks,sa,56,56,7,1
sk_06,B6017,33,1,MASc NI 40 blocks,sa,56,56,7,1
fb_01,B22028,34,1,MASc NI 40 blocks,sa,56,56,7,1
fb_01,B32707,34,1,MASc NI 40 blocks,sa,56,56,7,1
fb_01,B9658,34,1,MASc NI 40 blocks,sa,56,56,7,1
fb_02,B21443,34,1,MASc NI 40 blocks,sa,56,56,7,1
fb_02,B22028,34,1,MASc NI 40 blocks,sa,56,56,7,1
fb_02,B26719,34,1,MASc NI 40 blocks,sa,56,56,7,1
fb_03,B4497,34,1,MASc NI 40 blocks,sa,56,56,7,1
fb_03,B9658,34,1,MASc NI 40 blocks,sa,56,56,7,1
fb_03,B9658,34,1,MASc NI 40 blocks,sa,56,56,7,1
fb_04,B20673,34,1,MASc NI 40 blocks,sa,56,56,7,1
fb_04,B21443,34,1,MASc NI 40 blocks,sa,56,56,7,1
fb_04,B21899,34,1,MASc NI 40 blocks,sa,56,56,7,1
fb_05,B21899,34,1,MASc NI 40 blocks,sa,56,56,7,1
fb_05,B21899,34,1,MASc NI 40 blocks,sa,56,56,7,1
fb_05,B32707,34,1,MASc NI 40 blocks,sa,56,56,7,1
fb_06,B18032,34,1,MASc NI 40 blocks,sa,56,56,7,1
fb_06,B18200,34,1,MASc NI 40 blocks,sa,56,56,7,1
fb_06,B20149,34,1,MASc NI 40 blocks,sa,56,56,7,1
ld_01,B11805,34,1,MASc NI 40 blocks,sa,56,56,7,1
ld_01,B9658,34,1,MASc NI 40 blocks,sa,56,56,7,1
ld_02,B11805,34,1,MASc NI 40 blocks,sa,56,56,7,1
ld_02,B6017,34,1,MASc NI 40 blocks,sa,56,56,7,1
ld_03,B11805,34,1,MASc NI 40 blocks,sa,56,56,7,1
ld_03,B6017,34,1,MASc NI 40 blocks,sa,56,56,7,1
ld_04,B5218,34,1,MASc NI 40 blocks,sa,56,56,7,1
ld_05,B11805,34,1,MASc NI 40 blocks,sa,56,56,7,1
ld_06,B20149,34,1,MASc NI 40 blocks,sa,56,56,7,1
pr_01,B11805,34,1,MASc NI 40 blocks,sa,56,56,7,1
pr_01,B31203,34,1,MASc NI 40 blocks,sa,56,56,7,1
pr_02,B6017,34,1,MASc NI 40 blocks,sa,56,56,7,1
pr_03,B20632,34,1,MASc NI 40 blocks,sa,56,56,7,1
pr_04,B5817,34,1,MASc NI 40 blocks,sa,56,56,7,1
pr_05,B18200,34,1,MASc NI 40 blocks,sa,56,56,7,1
pr_06,B30103,34,1,MASc NI 40 blocks,sa,56,56,7,1
sk_01,B5218,34,1,MASc NI 40 blocks,sa,56,56,7,1
sk_01,B5218,34,1,MASc NI 40 blocks,sa,56,56,7,1
sk_01,B6017,34,1,MASc NI 40 blocks,sa,56,56,7,1
sk_02,B18200,34,1,MASc NI 40 blocks,sa,56,56,7,1
sk_02,B20538,34,1,MASc NI 40 blocks,sa,56,56,7,1
sk_02,B20631,34,1,MASc NI 40 blocks,sa,56,56,7,1
sk_03,B32121,34,1,MASc NI 40 blocks,sa,56,56,7,1
sk_03,B32707,34,1,MASc NI 40 blocks,sa,56,56,7,1
sk_03,B35154,34,1,MASc NI 40 blocks,sa,56,56,7,1
sk_04,B21443,34,1,MASc NI 40 blocks,sa,56,56,7,1
sk_04,B6017,34,1,MASc NI 40 blocks,sa,56,56,7,1
sk_04,B6017,34,1,MASc NI 40 blocks,sa,56,56,7,1
sk_05,B10132,34,1,MASc NI 40 blocks,sa,56,56,7,1
sk_05,B18032,34,1,MASc NI 40 blocks,sa,56,56,7,1
sk_05,B20632,34,1,MASc NI 40 blocks,sa,56,56,7,1
sk_06,B31730,34,1,MASc NI 40 blocks,sa,56,56,7,1
sk_06,B32121,34,1,MASc NI 40 blocks,sa,56,56,7,1
sk_06,B32707,34,1,MASc NI 40 blocks,sa,56,56,7,1
fb_01,B18032,35,1,MASc NI 40 blocks,sa,56,56,7,1
fb_01,B31203,35,1,MASc NI 40 blocks,sa,56,56,7,1
fb_01,B9658,35,1,MASc NI 40 blocks,sa,56,56,7,1
fb_02,B30103,35,1,MASc NI 40 blocks,sa,56,56,7,1
fb_02,B31203,35,1,MASc NI 40 blocks,sa,56,56,7,1
fb_02,B9658,35,1,MASc NI 40 blocks,sa,56,56,7,1
fb_03,B5218,35,1,MASc NI 40 blocks,sa,56,56,7,1
fb_03,B5817,35,1,MASc NI 40 blocks,sa,56,56,7,1
fb_03,B6017,35,1,MASc NI 40 blocks,sa,56,56,7,1
fb_04,B20632,35,1,MASc NI 40 blocks,sa,56,56,7,1
fb_04,B30103,35,1,MASc NI 40 blocks,sa,56,56,7,1
fb_04,B31203,35,1,MASc NI 40 blocks,sa,56,56,7,1
fb_05,B30103,35,1,MASc NI 40 blocks,sa,56,56,7,1
fb_05,B31203,35,1,MASc NI 40 blocks,sa,56,56,7,1
fb_05,B9658,35,1,MASc NI 40 blocks,sa,56,56,7,1
fb_06,B20538,35,1,MASc NI 40 blocks,sa,56,56,7,1
fb_06,B20538,35,1,MASc NI 40 blocks,sa,56,56,7,1
fb_06,B22028,35,1,MASc NI 40 blocks,sa,56,56,7,1
ld_01,B6017,35,1,MASc NI 40 blocks,sa,56,56,7,1
ld_02,B6017,35,1,MASc NI 40 blocks,sa,56,56,7,1
ld_03,B20632,35,1,MASc NI 40 blocks,sa,56,56,7,1
ld_04,B11805,35,1,MASc NI 40 blocks,sa,56,56,7,1
ld_05,B11805,35,1,MASc NI 40 blocks,sa,56,56,7,1
pr_01,B32121,35,1,MASc NI 40 blocks,sa,56,56,7,1
pr_01,B6017,35,1,MASc NI 40 blocks,sa,56,56,7,1
pr_02,B10132,35,1,MASc NI 40 blocks,sa,56,56,7,1
pr_02,B5218,35,1,MASc NI 40 blocks,sa,56,56,7,1
pr_03,B20538,35,1,MASc NI 40 blocks,sa,56,56,7,1
pr_03,B5218,35,1,MASc NI 40 blocks,sa,56,56,7,1
pr_04,B18200,35,1,MASc NI 40 blocks,sa,56,56,7,1
pr_04,B31730,35,1,MASc NI 40 blocks,sa,56,56,7,1
pr_05,B35154,35,1,MASc NI 40 blocks,sa,56,56,7,1
pr_06,B20631,35,1,MASc NI 40 blocks,sa,56,56,7,1
sk_01,B20631,35,1,MASc NI 40 blocks,sa,56,56,7,1
sk_01,B4497,35,1,MASc NI 40 blocks,sa,56,56,7,1
sk_01,B4497,35,1,MASc NI 40 blocks,sa,56,56,7,1
sk_02,B20673,35,1,MASc NI 40 blocks,sa,56,56,7,1
sk_02,B21443,35,1,MASc NI 40 blocks,sa,56,56,7,1
sk_02,B21899,35,1,MASc NI 40 blocks,sa,56,56,7,1
sk_03,B10132,35,1,MASc NI 40 blocks,sa,56,56,7,1
sk_03,B5817,35,1,MASc NI 40 blocks,sa,56,56,7,1
sk_03,B9658,35,1,MASc NI 40 blocks,sa,56,56,7,1
sk_04,B11805,35,1,MASc NI 40 blocks,sa,56,56,7,1
sk_04,B6017,35,1,MASc NI 40 blocks,sa,56,56,7,1
sk_04,B6017,35,1,MASc NI 40 blocks,sa,56,56,7,1
sk_05,B10132,35,1,MASc NI 40 blocks,sa,56,56,7,1
sk_05,B20149,35,1,MASc NI 40 blocks,sa,56,56,7,1
sk_05,B20538,35,1,MASc NI 40 blocks,sa,56,56,7,1
sk_06,B10132,35,1,MASc NI 40 blocks,sa,56,56,7,1
sk_06,B35154,35,1,MASc NI 40 blocks,sa,56,56,7,1
sk_06,B5817,35,1,MASc NI 40 blocks,sa,56,56,7,1
fb_01,B10132,36,1,MASc NI 40 blocks,sa,56,56,7,1
fb_01,B10411,36,1,MASc NI 40 blocks,sa,56,56,7,1
fb_01,B10412,36,1,MASc NI 40 blocks,sa,56,56,7,1
fb_02,B14527,36,1,MASc NI 40 blocks,sa,56,56,7,1
fb_02,B18200,36,1,MASc NI 40 blocks,sa,56,56,7,1
fb_02,B31203,36,1,MASc NI 40 blocks,sa,56,56,7,1
fb_03,B22028,36,1,MASc NI 40 blocks,sa,56,56,7,1
fb_03,B26719,36,1,MASc NI 40 blocks,sa,56,56,7,1
fb_03,B4497,36,1,MASc NI 40 blocks,sa,56,56,7,1
fb_04,B12431,36,1,MASc NI 40 blocks,sa,56,56,7,1
fb_04,B6017,36,1,MASc NI 40 blocks,sa,56,56,7,1
fb_04,B9658,36,1,MASc NI 40 blocks,sa,56,56,7,1
fb_05,B35154,36,1,MASc NI 40 blocks,sa,56,56,7,1
fb_05,B6017,36,1,MASc NI 40 blocks,sa,56,56,7,1
fb_05,B9658,36,1,MASc NI 40 blocks,sa,56,56,7,1
fb_06,B30103,36,1,MASc NI 40 blocks,sa,56,56,7,1
fb_06,B31730,36,1,MASc NI 40 blocks,sa,56,56,7,1
fb_06,B9658,36,1,MASc NI 40 blocks,sa,56,56,7,1
fb_01,B11042,37,1,MASc NI 40 blocks,sa,56,56,7,1
fb_01,B11805,37,1,MASc NI 40 blocks,sa,56,56,7,1
fb_01,B13384,37,1,MASc NI 40 blocks,sa,56,56,7,1
fb_02,B20149,37,1,MASc NI 40 blocks,sa,56,56,7,1
fb_02,B20538,37,1,MASc NI 40 blocks,sa,56,56,7,1
fb_02,B32707,37,1,MASc NI 40 blocks,sa,56,56,7,1
fb_03,B31203,37,1,MASc NI 40 blocks,sa,56,56,7,1
fb_03,B31613,37,1,MASc NI 40 blocks,sa,56,56,7,1
fb_03,B31730,37,1,MASc NI 40 blocks,sa,56,56,7,1
fb_04,B18032,37,1,MASc NI 40 blocks,sa,56,56,7,1
fb_04,B18200,37,1,MASc NI 40 blocks,sa,56,56,7,1
fb_04,B32707,37,1,MASc NI 40 blocks,sa,56,56,7,1
fb_05,B4497,37,1,MASc NI 40 blocks,sa,56,56,7,1
fb_05,B5218,37,1,MASc NI 40 blocks,sa,56,56,7,1
fb_05,B5817,37,1,MASc NI 40 blocks,sa,56,56,7,1
fb_06,B5218,37,1,MASc NI 40 blocks,sa,56,56,7,1
fb_06,B5817,37,1,MASc NI 40 blocks,sa,56,56,7,1
fb_06,B9658,37,1,MASc NI 40 blocks,sa,56,56,7,1
sk_01,B10132,37,1,MASc NI 40 blocks,sa,56,56,7,1
sk_01,B10132,37,1,MASc NI 40 blocks,sa,56,56,7,1
sk_01,B9658,37,1,MASc NI 40 blocks,sa,56,56,7,1
sk_02,B10132,37,1,MASc NI 40 blocks,sa,56,56,7,1
sk_02,B10411,37,1,MASc NI 40 blocks,sa,56,56,7,1
sk_02,B6017,37,1,MASc NI 40 blocks,sa,56,56,7,1
sk_03,B35154,37,1,MASc NI 40 blocks,sa,56,56,7,1
sk_03,B6017,37,1,MASc NI 40 blocks,sa,56,56,7,1
sk_03,B6017,37,1,MASc NI 40 blocks,sa,56,56,7,1
sk_04,B10411,37,1,MASc NI 40 blocks,sa,56,56,7,1
sk_04,B10412,37,1,MASc NI 40 blocks,sa,56,56,7,1
sk_04,B4497,37,1,MASc NI 40 blocks,sa,56,56,7,1
sk_05,B10412,37,1,MASc NI 40 blocks,sa,56,56,7,1
sk_05,B12431,37,1,MASc NI 40 blocks,sa,56,56,7,1
sk_05,B14527,37,1,MASc NI 40 blocks,sa,56,56,7,1
sk_06,B10132,37,1,MASc NI 40 blocks,sa,56,56,7,1
sk_06,B14527,37,1,MASc NI 40 blocks,sa,56,56,7,1
sk_06,B22028,37,1,MASc NI 40 blocks,sa,56,56,7,1
fb_01,B10132,38,1,MASc NI 40 blocks,sa,56,56,7,1
fb_01,B14527,38,1,MASc NI 40 blocks,sa,56,56,7,1
fb_01,B18200,38,1,MASc NI 40 blocks,sa,56,56,7,1
fb_02,B20673,38,1,MASc NI 40 blocks,sa,56,56,7,1
fb_02,B32707,38,1,MASc NI 40 blocks,sa,56,56,7,1
fb_02,B9658,38,1,MASc NI 40 blocks,sa,56,56,7,1
fb_03,B32121,38,1,MASc NI 40 blocks,sa,56,56,7,1
fb_03,B32707,38,1,MASc NI 40 blocks,sa,56,56,7,1
fb_03,B6017,38,1,MASc NI 40 blocks,sa,56,56,7,1
fb_04,B20538,38,1,MASc NI 40 blocks,sa,56,56,7,1
fb_04,B9658,38,1,MASc NI 40 blocks,sa,56,56,7,1
fb_04,B9658,38,1,MASc NI 40 blocks,sa,56,56,7,1
fb_05,B10132,38,1,MASc NI 40 blocks,sa,56,56,7,1
fb_05,B20538,38,1,MASc NI 40 blocks,sa,56,56,7,1
fb_05,B9658,38,1,MASc NI 40 blocks,sa,56,56,7,1
fb_06,B10132,38,1,MASc NI 40 blocks,sa,56,56,7,1
fb_06,B32707,38,1,MASc NI 40 blocks,sa,56,56,7,1
fb_06,B9658,38,1,MASc NI 40 blocks,sa,56,56,7,1
pr_01,B10411,38,1,MASc NI 40 blocks,sa,56,56,7,1
pr_02,B10412,38,1,MASc NI 40 blocks,sa,56,56,7,1
pr_03,B10132,38,1,MASc NI 40 blocks,sa,56,56,7,1
pr_04,B6017,38,1,MASc NI 40 blocks,sa,56,56,7,1
pr_05,B10132,38,1,MASc NI 40 blocks,sa,56,56,7,1
pr_06,B14527,38,1,MASc NI 40 blocks,sa,56,56,7,1
sk_01,B11042,38,1,MASc NI 40 blocks,sa,56,56,7,1
sk_01,B4497,38,1,MASc NI 40 blocks,sa,56,56,7,1
sk_01,B5218,38,1,MASc NI 40 blocks,sa,56,56,7,1
sk_02,B22028,38,1,MASc NI 40 blocks,sa,56,56,7,1
sk_02,B26719,38,1,MASc NI 40 blocks,sa,56,56,7,1
sk_02,B4497,38,1,MASc NI 40 blocks,sa,56,56,7,1
sk_03,B4497,38,1,MASc NI 40 blocks,sa,56,56,7,1
sk_03,B5218,38,1,MASc NI 40 blocks,sa,56,56,7,1
sk_03,B5817,38,1,MASc NI 40 blocks,sa,56,56,7,1
sk_04,B11805,38,1,MASc NI 40 blocks,sa,56,56,7,1
sk_04,B22028,38,1,MASc NI 40 blocks,sa,56,56,7,1
sk_04,B26719,38,1,MASc NI 40 blocks,sa,56,56,7,1
sk_05,B11042,38,1,MASc NI 40 blocks,sa,56,56,7,1
sk_05,B18200,38,1,MASc NI 40 blocks,sa,56,56,7,1
sk_05,B4497,38,1,MASc NI 40 blocks,sa,56,56,7,1
sk_06,B26719,38,1,MASc NI 40 blocks,sa,56,56,7,1
sk_06,B30103,38,1,MASc NI 40 blocks,sa,56,56,7,1
sk_06,B5218,38,1,MASc NI 40 blocks,sa,56,56,7,1
fb_01,B21443,39,1,MASc NI 40 blocks,sa,56,56,7,1
fb_01,B32707,39,1,MASc NI 40 blocks,sa,56,56,7,1
fb_01,B9658,39,1,MASc NI 40 blocks,sa,56,56,7,1
fb_02,B21885,39,1,MASc NI 40 blocks,sa,56,56,7,1
fb_02,B22028,39,1,MASc NI 40 blocks,sa,56,56,7,1
fb_02,B9658,39,1,MASc NI 40 blocks,sa,56,56,7,1
fb_03,B32707,39,1,MASc NI 40 blocks,sa,56,56,7,1
fb_03,B4497,39,1,MASc NI 40 blocks,sa,56,56,7,1
fb_03,B9658,39,1,MASc NI 40 blocks,sa,56,56,7,1
fb_04,B20538,39,1,MASc NI 40 blocks,sa,56,56,7,1
fb_04,B20673,39,1,MASc NI 40 blocks,sa,56,56,7,1
fb_04,B21899,39,1,MASc NI 40 blocks,sa,56,56,7,1
fb_05,B18032,39,1,MASc NI 40 blocks,sa,56,56,7,1
fb_05,B18200,39,1,MASc NI 40 blocks,sa,56,56,7,1
fb_05,B20149,39,1,MASc NI 40 blocks,sa,56,56,7,1
fb_06,B18032,39,1,MASc NI 40 blocks,sa,56,56,7,1
fb_06,B18200,39,1,MASc NI 40 blocks,sa,56,56,7,1
fb_06,B20149,39,1,MASc NI 40 blocks,sa,56,56,7,1
ld_01,B10132,39,1,MASc NI 40 blocks,sa,56,56,7,1
ld_01,B10412,39,1,MASc NI 40 blocks,sa,56,56,7,1
ld_02,B10411,39,1,MASc NI 40 blocks,sa,56,56,7,1
ld_02,B6017,39,1,MASc NI 40 blocks,sa,56,56,7,1
ld_03,B10132,39,1,MASc NI 40 blocks,sa,56,56,7,1
ld_03,B10412,39,1,MASc NI 40 blocks,sa,56,56,7,1
ld_04,B10411,39,1,MASc NI 40 blocks,sa,56,56,7,1
ld_05,B10412,39,1,MASc NI 40 blocks,sa,56,56,7,1
ld_06,B10411,39,1,MASc NI 40 blocks,sa,56,56,7,1
pr_01,B11042,39,1,MASc NI 40 blocks,sa,56,56,7,1
pr_01,B4497,39,1,MASc NI 40 blocks,sa,56,56,7,1
pr_02,B4497,39,1,MASc NI 40 blocks,sa,56,56,7,1
pr_02,B4497,39,1,MASc NI 40 blocks,sa,56,56,7,1
pr_03,B4497,39,1,MASc NI 40 blocks,sa,56,56,7,1
pr_04,B26719,39,1,MASc NI 40 blocks,sa,56,56,7,1
pr_05,B5218,39,1,MASc NI 40 blocks,sa,56,56,7,1
pr_06,B5218,39,1,MASc NI 40 blocks,sa,56,56,7,1
sk_01,B11805,39,1,MASc NI 40 blocks,sa,56,56,7,1
sk_01,B5817,39,1,MASc NI 40 blocks,sa,56,56,7,1
sk_01,B6017,39,1,MASc NI 40 blocks,sa,56,56,7,1
sk_02,B11805,39,1,MASc NI 40 blocks,sa,56,56,7,1
sk_02,B6017,39,1,MASc NI 40 blocks,sa,56,56,7,1
sk_02,B6017,39,1,MASc NI 40 blocks,sa,56,56,7,1
sk_03,B11805,39,1,MASc NI 40 blocks,sa,56,56,7,1
sk_03,B18032,39,1,MASc NI 40 blocks,sa,56,56,7,1
sk_03,B18200,39,1,MASc NI 40 blocks,sa,56,56,7,1
sk_04,B30103,39,1,MASc NI 40 blocks,sa,56,56,7,1
sk_04,B31613,39,1,MASc NI 40 blocks,sa,56,56,7,1
sk_04,B6017,39,1,MASc NI 40 blocks,sa,56,56,7,1
sk_05,B11042,39,1,MASc NI 40 blocks,sa,56,56,7,1
sk_05,B11805,39,1,MASc NI 40 blocks,sa,56,56,7,1
sk_05,B6017,39,1,MASc NI 40 blocks,sa,56,56,7,1
sk_06,B31203,39,1,MASc NI 40 blocks,sa,56,56,7,1
sk_06,B31613,39,1,MASc NI 40 blocks,sa,56,56,7,1
sk_06,B31730,39,1,MASc NI 40 blocks,sa,56,56,7,1
fb_01,B20673,40,1,MASc NI 40 blocks,sa,56,56,7,1
fb_01,B9658,40,1,MASc NI 40 blocks,sa,56,56,7,1
fb_01,B9658,40,1,MASc NI 40 blocks,sa,56,56,7,1
fb_02,B26719,40,1,MASc NI 40 blocks,sa,56,56,7,1
fb_02,B30103,40,1,MASc NI 40 blocks,sa,56,56,7,1
fb_02,B31203,40,1,MASc NI 40 blocks,sa,56,56,7,1
fb_03,B10132,40,1,MASc NI 40 blocks,sa,56,56,7,1
fb_03,B6017,40,1,MASc NI 40 blocks,sa,56,56,7,1
fb_03,B9658,40,1,MASc NI 40 blocks,sa,56,56,7,1
fb_04,B18200,40,1,MASc NI 40 blocks,sa,56,56,7,1
fb_04,B22028,40,1,MASc NI 40 blocks,sa,56,56,7,1
fb_04,B9658,40,1,MASc NI 40 blocks,sa,56,56,7,1
fb_05,B20631,40,1,MASc NI 40 blocks,sa,56,56,7,1
fb_05,B20632,40,1,MASc NI 40 blocks,sa,56,56,7,1
fb_05,B9658,40,1,MASc NI 40 blocks,sa,56,56,7,1
fb_06,B20538,40,1,MASc NI 40 blocks,sa,56,56,7,1
fb_06,B20631,40,1,MASc NI 40 blocks,sa,56,56,7,1
fb_06,B32707,40,1,MASc NI 40 blocks,sa,56,56,7,1
ld_01,B4497,40,1,MASc NI 40 blocks,sa,56,56,7,1
ld_01,B5218,40,1,MASc NI 40 blocks,sa,56,56,7,1
ld_02,B4497,40,1,MASc NI 40 blocks,sa,56,56,7,1
ld_02,B5218,40,1,MASc NI 40 blocks,sa,56,56,7,1
ld_03,B4497,40,1,MASc NI 40 blocks,sa,56,56,7,1
ld_03,B4497,40,1,MASc NI 40 blocks,sa,56,56,7,1
ld_04,B26719,40,1,MASc NI 40 blocks,sa,56,56,7,1
ld_04,B4497,40,1,MASc NI 40 blocks,sa,56,56,7,1
ld_05,B11042,40,1,MASc NI 40 blocks,sa,56,56,7,1
ld_06,B11042,40,1,MASc NI 40 blocks,sa,56,56,7,1
pr_01,B18200,40,1,MASc NI 40 blocks,sa,56,56,7,1
pr_01,B5817,40,1,MASc NI 40 blocks,sa,56,56,7,1
pr_02,B11805,40,1,MASc NI 40 blocks,sa,56,56,7,1
pr_03,B11805,40,1,MASc NI 40 blocks,sa,56,56,7,1
pr_04,B6017,40,1,MASc NI 40 blocks,sa,56,56,7,1
pr_05,B30103,40,1,MASc NI 40 blocks,sa,56,56,7,1
pr_06,B6017,40,1,MASc NI 40 blocks,sa,56,56,7,1
sk_01,B11042,40,1,MASc NI 40 blocks,sa,56,56,7,1
sk_01,B4497,40,1,MASc NI 40 blocks,sa,56,56,7,1
sk_01,B6017,40,1,MASc NI 40 blocks,sa,56,56,7,1
sk_02,B31613,40,1,MASc NI 40 blocks,sa,56,56,7,1
sk_02,B31730,40,1,MASc NI 40 blocks,sa,56,56,7,1
sk_02,B32121,40,1,MASc NI 40 blocks,sa,56,56,7,1
sk_03,B20149,40,1,MASc NI 40 blocks,sa,56,56,7,1
sk_03,B20538,40,1,MASc NI 40 blocks,sa,56,56,7,1
sk_03,B6017,40,1,MASc NI 40 blocks,sa,56,56,7,1
sk_04,B31730,40,1,MASc NI 40 blocks,sa,56,56,7,1
sk_04,B32121,40,1,MASc NI 40 blocks,sa,56,56,7,1
sk_04,B32707,40,1,MASc NI 40 blocks,sa,56,56,7,1
sk_05,B10132,40,1,MASc NI 40 blocks,sa,56,56,7,1
sk_05,B4497,40,1,MASc NI 40 blocks,sa,56,56,7,1
sk_05,B6017,40,1,MASc NI 40 blocks,sa,56,56,7,1
sk_06,B20538,40,1,MASc NI 40 blocks,sa,56,56,7,1
sk_06,B32707,40,1,MASc NI 40 blocks,sa,56,56,7,1
sk_06,B35154,40,1,MASc NI 40 blocks,sa,56,56,7,1
fb_01,B21885,41,1,MASc NI 40 blocks,sa,56,56,7,1
fb_01,B21899,41,1,MASc NI 40 blocks,sa,56,56,7,1
fb_01,B22028,41,1,MASc NI 40 blocks,sa,56,56,7,1
fb_02,B31613,41,1,MASc NI 40 blocks,sa,56,56,7,1
fb_02,B31730,41,1,MASc NI 40 blocks,sa,56,56,7,1
fb_02,B32121,41,1,MASc NI 40 blocks,sa,56,56,7,1
fb_03,B12431,41,1,MASc NI 40 blocks,sa,56,56,7,1
fb_03,B18032,41,1,MASc NI 40 blocks,sa,56,56,7,1
fb_03,B18200,41,1,MASc NI 40 blocks,sa,56,56,7,1
fb_04,B31203,41,1,MASc NI 40 blocks,sa,56,56,7,1
fb_04,B31613,41,1,MASc NI 40 blocks,sa,56,56,7,1
fb_04,B6017,41,1,MASc NI 40 blocks,sa,56,56,7,1
fb_05,B20673,41,1,MASc NI 40 blocks,sa,56,56,7,1
fb_05,B21443,41,1,MASc NI 40 blocks,sa,56,56,7,1
fb_05,B9658,41,1,MASc NI 40 blocks,sa,56,56,7,1
fb_06,B20673,41,1,MASc NI 40 blocks,sa,56,56,7,1
fb_06,B21443,41,1,MASc NI 40 blocks,sa,56,56,7,1
fb_06,B32707,41,1,MASc NI 40 blocks,sa,56,56,7,1
ld_01,B11805,41,1,MASc NI 40 blocks,sa,56,56,7,1
ld_01,B6017,41,1,MASc NI 40 blocks,sa,56,56,7,1
ld_02,B11805,41,1,MASc NI 40 blocks,sa,56,56,7,1
ld_02,B6017,41,1,MASc NI 40 blocks,sa,56,56,7,1
ld_03,B11805,41,1,MASc NI 40 blocks,sa,56,56,7,1
ld_04,B11805,41,1,MASc NI 40 blocks,sa,56,56,7,1
ld_05,B6017,41,1,MASc NI 40 blocks,sa,56,56,7,1
ld_06,B6017,41,1,MASc NI 40 blocks,sa,56,56,7,1
pr_01,B31730,41,1,MASc NI 40 blocks,sa,56,56,7,1
pr_01,B6017,41,1,MASc NI 40 blocks,sa,56,56,7,1
pr_02,B11042,41,1,MASc NI 40 blocks,sa,56,56,7,1
pr_02,B20538,41,1,MASc NI 40 blocks,sa,56,56,7,1
pr_03,B4497,41,1,MASc NI 40 blocks,sa,56,56,7,1
pr_04,B4497,41,1,MASc NI 40 blocks,sa,56,56,7,1
pr_05,B6017,41,1,MASc NI 40 blocks,sa,56,56,7,1
pr_06,B10132,41,1,MASc NI 40 blocks,sa,56,56,7,1
sk_01,B10132,41,1,MASc NI 40 blocks,sa,56,56,7,1
sk_01,B6017,41,1,MASc NI 40 blocks,sa,56,56,7,1
sk_01,B6017,41,1,MASc NI 40 blocks,sa,56,56,7,1
sk_02,B18200,41,1,MASc NI 40 blocks,sa,56,56,7,1
sk_02,B20632,41,1,MASc NI 40 blocks,sa,56,56,7,1
sk_02,B35154,41,1,MASc NI 40 blocks,sa,56,56,7,1
sk_03,B20632,41,1,MASc NI 40 blocks,sa,56,56,7,1
sk_03,B20673,41,1,MASc NI 40 blocks,sa,56,56,7,1
sk_03,B20673,41,1,MASc NI 40 blocks,sa,56,56,7,1
sk_04,B10132,41,1,MASc NI 40 blocks,sa,56,56,7,1
sk_04,B10132,41,1,MASc NI 40 blocks,sa,56,56,7,1
sk_04,B35154,41,1,MASc NI 40 blocks,sa,56,56,7,1
sk_05,B10132,41,1,MASc NI 40 blocks,sa,56,56,7,1
sk_05,B6017,41,1,MASc NI 40 blocks,sa,56,56,7,1
sk_05,B6017,41,1,MASc NI 40 blocks,sa,56,56,7,1
sk_06,B18032,41,1,MASc NI 40 blocks,sa,56,56,7,1
sk_06,B5817,41,1,MASc NI 40 blocks,sa,56,56,7,1
sk_06,B6017,41,1,MASc NI 40 blocks,sa,56,56,7,1
fb_01,B26719,42,1,MASc NI 40 blocks,sa,56,56,7,1
fb_01,B30103,42,1,MASc NI 40 blocks,sa,56,56,7,1
fb_01,B32707,42,1,MASc NI 40 blocks,sa,56,56,7,1
fb_02,B22028,42,1,MASc NI 40 blocks,sa,56,56,7,1
fb_02,B35154,42,1,MASc NI 40 blocks,sa,56,56,7,1
fb_02,B4497,42,1,MASc NI 40 blocks,sa,56,56,7,1
fb_03,B20538,42,1,MASc NI 40 blocks,sa,56,56,7,1
fb_03,B26719,42,1,MASc NI 40 blocks,sa,56,56,7,1
fb_03,B9658,42,1,MASc NI 40 blocks,sa,56,56,7,1
fb_04,B31730,42,1,MASc NI 40 blocks,sa,56,56,7,1
fb_04,B32121,42,1,MASc NI 40 blocks,sa,56,56,7,1
fb_04,B9658,42,1,MASc NI 40 blocks,sa,56,56,7,1
fb_05,B30103,42,1,MASc NI 40 blocks,sa,56,56,7,1
fb_05,B31203,42,1,MASc NI 40 blocks,sa,56,56,7,1
fb_05,B9658,42,1,MASc NI 40 blocks,sa,56,56,7,1
fb_06,B21443,42,1,MASc NI 40 blocks,sa,56,56,7,1
fb_06,B22028,42,1,MASc NI 40 blocks,sa,56,56,7,1
fb_06,B32707,42,1,MASc NI 40 blocks,sa,56,56,7,1
ld_01,B11042,42,1,MASc NI 40 blocks,sa,56,56,7,1
ld_01,B31730,42,1,MASc NI 40 blocks,sa,56,56,7,1
ld_01,B6017,42,1,MASc NI 40 blocks,sa,56,56,7,1
ld_02,B20538,42,1,MASc NI 40 blocks,sa,56,56,7,1
ld_02,B6017,42,1,MASc NI 40 blocks,sa,56,56,7,1
ld_03,B4497,42,1,MASc NI 40 blocks,sa,56,56,7,1
ld_03,B6017,42,1,MASc NI 40 blocks,sa,56,56,7,1
ld_04,B10132,42,1,MASc NI 40 blocks,sa,56,56,7,1
ld_04,B4497,42,1,MASc NI 40 blocks,sa,56,56,7,1
ld_05,B10132,42,1,MASc NI 40 blocks,sa,56,56,7,1
ld_05,B4497,42,1,MASc NI 40 blocks,sa,56,56,7,1
ld_06,B11042,42,1,MASc NI 40 blocks,sa,56,56,7,1
ld_06,B6017,42,1,MASc NI 40 blocks,sa,56,56,7,1
pr_01,B18200,42,1,MASc NI 40 blocks,sa,56,56,7,1
pr_01,B6017,42,1,MASc NI 40 blocks,sa,56,56,7,1
pr_02,B6017,42,1,MASc NI 40 blocks,sa,56,56,7,1
pr_03,B10132,42,1,MASc NI 40 blocks,sa,56,56,7,1
pr_04,B10132,42,1,MASc NI 40 blocks,sa,56,56,7,1
pr_05,B35154,42,1,MASc NI 40 blocks,sa,56,56,7,1
pr_06,B20632,42,1,MASc NI 40 blocks,sa,56,56,7,1
sk_01,B10132,42,1,MASc NI 40 blocks,sa,56,56,7,1
sk_01,B10132,42,1,MASc NI 40 blocks,sa,56,56,7,1
sk_01,B13384,42,1,MASc NI 40 blocks,sa,56,56,7,1
sk_02,B10132,42,1,MASc NI 40 blocks,sa,56,56,7,1
sk_02,B13384,42,1,MASc NI 40 blocks,sa,56,56,7,1
sk_02,B5817,42,1,MASc NI 40 blocks,sa,56,56,7,1
sk_03,B21899,42,1,MASc NI 40 blocks,sa,56,56,7,1
sk_03,B22028,42,1,MASc NI 40 blocks,sa,56,56,7,1
sk_03,B26719,42,1,MASc NI 40 blocks,sa,56,56,7,1
sk_04,B13384,42,1,MASc NI 40 blocks,sa,56,56,7,1
sk_04,B6017,42,1,MASc NI 40 blocks,sa,56,56,7,1
sk_04,B9658,42,1,MASc NI 40 blocks,sa,56,56,7,1
sk_05,B12431,42,1,MASc NI 40 blocks,sa,56,56,7,1
sk_05,B26719,42,1,MASc NI 40 blocks,sa,56,56,7,1
sk_05,B5817,42,1,MASc NI 40 blocks,sa,56,56,7,1
sk_06,B14527,42,1,MASc NI 40 blocks,sa,56,56,7,1
sk_06,B6017,42,1,MASc NI 40 blocks,sa,56,56,7,1
sk_06,B9658,42,1,MASc NI 40 blocks,sa,56,56,7,1
fb_01,B10411,43,1,MASc NI 40 blocks,sa,56,56,7,1
fb_01,B5218,43,1,MASc NI 40 blocks,sa,56,56,7,1
fb_01,B9658,43,1,MASc NI 40 blocks,sa,56,56,7,1
fb_02,B20673,43,1,MASc NI 40 blocks,sa,56,56,7,1
fb_02,B21443,43,1,MASc NI 40 blocks,sa,56,56,7,1
fb_02,B21885,43,1,MASc NI 40 blocks,sa,56,56,7,1
fb_03,B10412,43,1,MASc NI 40 blocks,sa,56,56,7,1
fb_03,B6017,43,1,MASc NI 40 blocks,sa,56,56,7,1
fb_03,B9658,43,1,MASc NI 40 blocks,sa,56,56,7,1
fb_04,B10132,43,1,MASc NI 40 blocks,sa,56,56,7,1
fb_04,B20631,43,1,MASc NI 40 blocks,sa,56,56,7,1
fb_04,B30103,43,1,MASc NI 40 blocks,sa,56,56,7,1
fb_05,B12431,43,1,MASc NI 40 blocks,sa,56,56,7,1
fb_05,B20149,43,1,MASc NI 40 blocks,sa,56,56,7,1
fb_05,B6017,43,1,MASc NI 40 blocks,sa,56,56,7,1
fb_06,B4497,43,1,MASc NI 40 blocks,sa,56,56,7,1
fb_06,B5218,43,1,MASc NI 40 blocks,sa,56,56,7,1
fb_06,B5817,43,1,MASc NI 40 blocks,sa,56,56,7,1
fb_01,B11042,44,1,MASc NI 40 blocks,sa,56,56,7,1
fb_01,B13384,44,1,MASc NI 40 blocks,sa,56,56,7,1
fb_01,B35154,44,1,MASc NI 40 blocks,sa,56,56,7,1
fb_02,B10132,44,1,MASc NI 40 blocks,sa,56,56,7,1
fb_02,B21899,44,1,MASc NI 40 blocks,sa,56,56,7,1
fb_02,B26719,44,1,MASc NI 40 blocks,sa,56,56,7,1
fb_03,B11805,44,1,MASc NI 40 blocks,sa,56,56,7,1
fb_03,B22028,44,1,MASc NI 40 blocks,sa,56,56,7,1
fb_03,B9658,44,1,MASc NI 40 blocks,sa,56,56,7,1
fb_04,B31203,44,1,MASc NI 40 blocks,sa,56,56,7,1
fb_04,B31613,44,1,MASc NI 40 blocks,sa,56,56,7,1
fb_04,B9658,44,1,MASc NI 40 blocks,sa,56,56,7,1
fb_05,B20631,44,1,MASc NI 40 blocks,sa,56,56,7,1
fb_05,B20632,44,1,MASc NI 40 blocks,sa,56,56,7,1
fb_05,B9658,44,1,MASc NI 40 blocks,sa,56,56,7,1
fb_06,B32707,44,1,MASc NI 40 blocks,sa,56,56,7,1
fb_06,B6017,44,1,MASc NI 40 blocks,sa,56,56,7,1
fb_06,B9658,44,1,MASc NI 40 blocks,sa,56,56,7,1
sk_01,B10412,44,1,MASc NI 40 blocks,sa,56,56,7,1
sk_01,B4497,44,1,MASc NI 40 blocks,sa,56,56,7,1
sk_01,B6017,44,1,MASc NI 40 blocks,sa,56,56,7,1
sk_02,B10411,44,1,MASc NI 40 blocks,sa,56,56,7,1
sk_02,B4497,44,1,MASc NI 40 blocks,sa,56,56,7,1
sk_02,B6017,44,1,MASc NI 40 blocks,sa,56,56,7,1
sk_03,B21443,44,1,MASc NI 40 blocks,sa,56,56,7,1
sk_03,B21885,44,1,MASc NI 40 blocks,sa,56,56,7,1
sk_03,B9658,44,1,MASc NI 40 blocks,sa,56,56,7,1
sk_04,B10411,44,1,MASc NI 40 blocks,sa,56,56,7,1
sk_04,B5218,44,1,MASc NI 40 blocks,sa,56,56,7,1
sk_04,B5218,44,1,MASc NI 40 blocks,sa,56,56,7,1
sk_05,B20673,44,1,MASc NI 40 blocks,sa,56,56,7,1
sk_05,B21443,44,1,MASc NI 40 blocks,sa,56,56,7,1
sk_05,B21885,44,1,MASc NI 40 blocks,sa,56,56,7,1
sk_06,B10132,44,1,MASc NI 40 blocks,sa,56,56,7,1
sk_06,B10412,44,1,MASc NI 40 blocks,sa,56,56,7,1
sk_06,B6017,44,1,MASc NI 40 blocks,sa,56,56,7,1
fb_01,B18032,45,1,MASc NI 40 blocks,sa,56,56,7,1
fb_01,B20673,45,1,MASc NI 40 blocks,sa,56,56,7,1
fb_01,B21899,45,1,MASc NI 40 blocks,sa,56,56,7,1
fb_02,B31203,45,1,MASc NI 40 blocks,sa,56,56,7,1
fb_02,B32707,45,1,MASc NI 40 blocks,sa,56,56,7,1
fb_02,B6017,45,1,MASc NI 40 blocks,sa,56,56,7,1
fb_03,B18032,45,1,MASc NI 40 blocks,sa,56,56,7,1
fb_03,B18200,45,1,MASc NI 40 blocks,sa,56,56,7,1
fb_03,B20149,45,1,MASc NI 40 blocks,sa,56,56,7,1
fb_04,B32121,45,1,MASc NI 40 blocks,sa,56,56,7,1
fb_04,B32707,45,1,MASc NI 40 blocks,sa,56,56,7,1
fb_04,B35154,45,1,MASc NI 40 blocks,sa,56,56,7,1
fb_05,B21443,45,1,MASc NI 40 blocks,sa,56,56,7,1
fb_05,B21899,45,1,MASc NI 40 blocks,sa,56,56,7,1
fb_05,B32707,45,1,MASc NI 40 blocks,sa,56,56,7,1
fb_06,B18032,45,1,MASc NI 40 blocks,sa,56,56,7,1
fb_06,B20149,45,1,MASc NI 40 blocks,sa,56,56,7,1
fb_06,B32707,45,1,MASc NI 40 blocks,sa,56,56,7,1
pr_01,B10411,45,1,MASc NI 40 blocks,sa,56,56,7,1
pr_02,B10412,45,1,MASc NI 40 blocks,sa,56,56,7,1
pr_03,B6017,45,1,MASc NI 40 blocks,sa,56,56,7,1
pr_04,B4497,45,1,MASc NI 40 blocks,sa,56,56,7,1
pr_05,B5218,45,1,MASc NI 40 blocks,sa,56,56,7,1
sk_01,B11042,45,1,MASc NI 40 blocks,sa,56,56,7,1
sk_01,B11805,45,1,MASc NI 40 blocks,sa,56,56,7,1
sk_01,B5817,45,1,MASc NI 40 blocks,sa,56,56,7,1
sk_02,B5817,45,1,MASc NI 40 blocks,sa,56,56,7,1
sk_02,B6017,45,1,MASc NI 40 blocks,sa,56,56,7,1
sk_02,B9658,45,1,MASc NI 40 blocks,sa,56,56,7,1
sk_03,B22028,45,1,MASc NI 40 blocks,sa,56,56,7,1
sk_03,B26719,45,1,MASc NI 40 blocks,sa,56,56,7,1
sk_03,B9658,45,1,MASc NI 40 blocks,sa,56,56,7,1
sk_04,B5218,45,1,MASc NI 40 blocks,sa,56,56,7,1
sk_04,B6017,45,1,MASc NI 40 blocks,sa,56,56,7,1
sk_04,B9658,45,1,MASc NI 40 blocks,sa,56,56,7,1
sk_05,B11805,45,1,MASc NI 40 blocks,sa,56,56,7,1
sk_05,B21899,45,1,MASc NI 40 blocks,sa,56,56,7,1
sk_05,B22028,45,1,MASc NI 40 blocks,sa,56,56,7,1
sk_06,B11042,45,1,MASc NI 40 blocks,sa,56,56,7,1
sk_06,B11042,45,1,MASc NI 40 blocks,sa,56,56,7,1
sk_06,B26719,45,1,MASc NI 40 blocks,sa,56,56,7,1
fb_01,B20149,46,1,MASc NI 40 blocks,sa,56,56,7,1
fb_01,B20538,46,1,MASc NI 40 blocks,sa,56,56,7,1
fb_01,B9658,46,1,MASc NI 40 blocks,sa,56,56,7,1
fb_02,B31730,46,1,MASc NI 40 blocks,sa,56,56,7,1
fb_02,B32121,46,1,MASc NI 40 blocks,sa,56,56,7,1
fb_02,B32707,46,1,MASc NI 40 blocks,sa,56,56,7,1
fb_03,B20538,46,1,MASc NI 40 blocks,sa,56,56,7,1
fb_03,B20631,46,1,MASc NI 40 blocks,sa,56,56,7,1
fb_03,B20631,46,1,MASc NI 40 blocks,sa,56,56,7,1
fb_04,B4497,46,1,MASc NI 40 blocks,sa,56,56,7,1
fb_04,B5218,46,1,MASc NI 40 blocks,sa,56,56,7,1
fb_04,B5817,46,1,MASc NI 40 blocks,sa,56,56,7,1
fb_05,B18200,46,1,MASc NI 40 blocks,sa,56,56,7,1
fb_05,B30103,46,1,MASc NI 40 blocks,sa,56,56,7,1
fb_05,B31203,46,1,MASc NI 40 blocks,sa,56,56,7,1
fb_06,B20538,46,1,MASc NI 40 blocks,sa,56,56,7,1
fb_06,B35154,46,1,MASc NI 40 blocks,sa,56,56,7,1
fb_06,B9658,46,1,MASc NI 40 blocks,sa,56,56,7,1
ld_01,B10412,46,1,MASc NI 40 blocks,sa,56,56,7,1
ld_01,B6017,46,1,MASc NI 40 blocks,sa,56,56,7,1
ld_02,B10411,46,1,MASc NI 40 blocks,sa,56,56,7,1
ld_02,B5218,46,1,MASc NI 40 blocks,sa,56,56,7,1
ld_03,B10412,46,1,MASc NI 40 blocks,sa,56,56,7,1
ld_03,B4497,46,1,MASc NI 40 blocks,sa,56,56,7,1
ld_04,B10412,46,1,MASc NI 40 blocks,sa,56,56,7,1
ld_05,B10411,46,1,MASc NI 40 blocks,sa,56,56,7,1
ld_06,B10411,46,1,MASc NI 40 blocks,sa,56,56,7,1
pr_01,B11042,46,1,MASc NI 40 blocks,sa,56,56,7,1
pr_01,B5817,46,1,MASc NI 40 blocks,sa,56,56,7,1
pr_02,B6017,46,1,MASc NI 40 blocks,sa,56,56,7,1
pr_03,B26719,46,1,MASc NI 40 blocks,sa,56,56,7,1
pr_04,B5218,46,1,MASc NI 40 blocks,sa,56,56,7,1
pr_05,B9658,46,1,MASc NI 40 blocks,sa,56,56,7,1
pr_06,B9658,46,1,MASc NI 40 blocks,sa,56,56,7,1
sk_01,B11042,46,1,MASc NI 40 blocks,sa,56,56,7,1
sk_01,B13384,46,1,MASc NI 40 blocks,sa,56,56,7,1
sk_01,B6017,46,1,MASc NI 40 blocks,sa,56,56,7,1
sk_02,B10132,46,1,MASc NI 40 blocks,sa,56,56,7,1
sk_02,B10132,46,1,MASc NI 40 blocks,sa,56,56,7,1
sk_02,B18032,46,1,MASc NI 40 blocks,sa,56,56,7,1
sk_03,B10132,46,1,MASc NI 40 blocks,sa,56,56,7,1
sk_03,B11805,46,1,MASc NI 40 blocks,sa,56,56,7,1
sk_03,B30103,46,1,MASc NI 40 blocks,sa,56,56,7,1
sk_04,B10132,46,1,MASc NI 40 blocks,sa,56,56,7,1
sk_04,B10132,46,1,MASc NI 40 blocks,sa,56,56,7,1
sk_04,B6017,46,1,MASc NI 40 blocks,sa,56,56,7,1
sk_05,B11805,46,1,MASc NI 40 blocks,sa,56,56,7,1
sk_05,B11805,46,1,MASc NI 40 blocks,sa,56,56,7,1
sk_05,B18032,46,1,MASc NI 40 blocks,sa,56,56,7,1
sk_06,B10132,46,1,MASc NI 40 blocks,sa,56,56,7,1
sk_06,B6017,46,1,MASc NI 40 blocks,sa,56,56,7,1
sk_06,B6017,46,1,MASc NI 40 blocks,sa,56,56,7,1
fb_01,B20673,47,1,MASc NI 40 blocks,sa,56,56,7,1
fb_01,B21443,47,1,MASc NI 40 blocks,sa,56,56,7,1
fb_01,B32707,47,1,MASc NI 40 blocks,sa,56,56,7,1
fb_02,B20632,47,1,MASc NI 40 blocks,sa,56,56,7,1
fb_02,B21899,47,1,MASc NI 40 blocks,sa,56,56,7,1
fb_02,B5218,47,1,MASc NI 40 blocks,sa,56,56,7,1
fb_03,B10132,47,1,MASc NI 40 blocks,sa,56,56,7,1
fb_03,B21443,47,1,MASc NI 40 blocks,sa,56,56,7,1
fb_03,B9658,47,1,MASc NI 40 blocks,sa,56,56,7,1
fb_04,B6017,47,1,MASc NI 40 blocks,sa,56,56,7,1
fb_04,B9658,47,1,MASc NI 40 blocks,sa,56,56,7,1
fb_04,B9658,47,1,MASc NI 40 blocks,sa,56,56,7,1
fb_05,B31613,47,1,MASc NI 40 blocks,sa,56,56,7,1
fb_05,B31730,47,1,MASc NI 40 blocks,sa,56,56,7,1
fb_05,B32707,47,1,MASc NI 40 blocks,sa,56,56,7,1
fb_06,B21443,47,1,MASc NI 40 blocks,sa,56,56,7,1
fb_06,B21899,47,1,MASc NI 40 blocks,sa,56,56,7,1
fb_06,B9658,47,1,MASc NI 40 blocks,sa,56,56,7,1
ld_01,B11042,47,1,MASc NI 40 blocks,sa,56,56,7,1
ld_01,B9658,47,1,MASc NI 40 blocks,sa,56,56,7,1
ld_02,B26719,47,1,MASc NI 40 blocks,sa,56,56,7,1
ld_02,B9658,47,1,MASc NI 40 blocks,sa,56,56,7,1
ld_03,B6017,47,1,MASc NI 40 blocks,sa,56,56,7,1
ld_04,B6017,47,1,MASc NI 40 blocks,sa,56,56,7,1
ld_05,B5218,47,1,MASc NI 40 blocks,sa,56,56,7,1
ld_06,B11042,47,1,MASc NI 40 blocks,sa,56,56,7,1
pr_01,B10132,47,1,MASc NI 40 blocks,sa,56,56,7,1
pr_01,B11805,47,1,MASc NI 40 blocks,sa,56,56,7,1
pr_02,B10132,47,1,MASc NI 40 blocks,sa,56,56,7,1
pr_02,B11805,47,1,MASc NI 40 blocks,sa,56,56,7,1
pr_03,B10132,47,1,MASc NI 40 blocks,sa,56,56,7,1
pr_03,B11042,47,1,MASc NI 40 blocks,sa,56,56,7,1
pr_04,B10132,47,1,MASc NI 40 blocks,sa,56,56,7,1
pr_05,B6017,47,1,MASc NI 40 blocks,sa,56,56,7,1
pr_06,B6017,47,1,MASc NI 40 blocks,sa,56,56,7,1
sk_01,B4497,47,1,MASc NI 40 blocks,sa,56,56,7,1
sk_01,B5218,47,1,MASc NI 40 blocks,sa,56,56,7,1
sk_01,B6017,47,1,MASc NI 40 blocks,sa,56,56,7,1
sk_02,B18200,47,1,MASc NI 40 blocks,sa,56,56,7,1
sk_02,B20149,47,1,MASc NI 40 blocks,sa,56,56,7,1
sk_02,B20538,47,1,MASc NI 40 blocks,sa,56,56,7,1
sk_03,B31203,47,1,MASc NI 40 blocks,sa,56,56,7,1
sk_03,B31613,47,1,MASc NI 40 blocks,sa,56,56,7,1
sk_03,B31730,47,1,MASc NI 40 blocks,sa,56,56,7,1
sk_04,B20149,47,1,MASc NI 40 blocks,sa,56,56,7,1
sk_04,B20538,47,1,MASc NI 40 blocks,sa,56,56,7,1
sk_04,B5218,47,1,MASc NI 40 blocks,sa,56,56,7,1
sk_05,B31203,47,1,MASc NI 40 blocks,sa,56,56,7,1
sk_05,B31613,47,1,MASc NI 40 blocks,sa,56,56,7,1
sk_05,B31730,47,1,MASc NI 40 blocks,sa,56,56,7,1
sk_06,B13384,47,1,MASc NI 40 blocks,sa,56,56,7,1
sk_06,B4497,47,1,MASc NI 40 blocks,sa,56,56,7,1
sk_06,B4497,47,1,MASc NI 40 blocks,sa,56,56,7,1
fb_01,B32707,48,1,MASc NI 40 blocks,sa,56,56,7,1
fb_01,B4497,48,1,MASc NI 40 blocks,sa,56,56,7,1
fb_01,B9658,48,1,MASc NI 40 blocks,sa,56,56,7,1
fb_02,B5817,48,1,MASc NI 40 blocks,sa,56,56,7,1
fb_02,B6017,48,1,MASc NI 40 blocks,sa,56,56,7,1
fb_02,B9658,48,1,MASc NI 40 blocks,sa,56,56,7,1
fb_03,B21899,48,1,MASc NI 40 blocks,sa,56,56,7,1
fb_03,B22028,48,1,MASc NI 40 blocks,sa,56,56,7,1
fb_03,B9658,48,1,MASc NI 40 blocks,sa,56,56,7,1
fb_04,B18032,48,1,MASc NI 40 blocks,sa,56,56,7,1
fb_04,B20632,48,1,MASc NI 40 blocks,sa,56,56,7,1
fb_04,B26719,48,1,MASc NI 40 blocks,sa,56,56,7,1
fb_05,B35154,48,1,MASc NI 40 blocks,sa,56,56,7,1
fb_05,B4497,48,1,MASc NI 40 blocks,sa,56,56,7,1
fb_05,B4497,48,1,MASc NI 40 blocks,sa,56,56,7,1
fb_06,B22028,48,1,MASc NI 40 blocks,sa,56,56,7,1
fb_06,B30103,48,1,MASc NI 40 blocks,sa,56,56,7,1
fb_06,B31203,48,1,MASc NI 40 blocks,sa,56,56,7,1
ld_01,B10132,48,1,MASc NI 40 blocks,sa,56,56,7,1
ld_01,B6017,48,1,MASc NI 40 blocks,sa,56,56,7,1
ld_01,B6017,48,1,MASc NI 40 blocks,sa,56,56,7,1
ld_02,B10132,48,1,MASc NI 40 blocks,sa,56,56,7,1
ld_02,B10132,48,1,MASc NI 40 blocks,sa,56,56,7,1
ld_02,B10132,48,1,MASc NI 40 blocks,sa,56,56,7,1
ld_03,B10132,48,1,MASc NI 40 blocks,sa,56,56,7,1
ld_03,B11042,48,1,MASc NI 40 blocks,sa,56,56,7,1
ld_03,B11805,48,1,MASc NI 40 blocks,sa,56,56,7,1
ld_04,B11805,48,1,MASc NI 40 blocks,sa,56,56,7,1
ld_04,B11805,48,1,MASc NI 40 blocks,sa,56,56,7,1
ld_05,B11805,48,1,MASc NI 40 blocks,sa,56,56,7,1
ld_05,B6017,48,1,MASc NI 40 blocks,sa,56,56,7,1
ld_06,B11042,48,1,MASc NI 40 blocks,sa,56,56,7,1
ld_06,B6017,48,1,MASc NI 40 blocks,sa,56,56,7,1
pr_01,B4497,48,1,MASc NI 40 blocks,sa,56,56,7,1
pr_01,B5218,48,1,MASc NI 40 blocks,sa,56,56,7,1
pr_02,B31203,48,1,MASc NI 40 blocks,sa,56,56,7,1
pr_02,B4497,48,1,MASc NI 40 blocks,sa,56,56,7,1
pr_03,B4497,48,1,MASc NI 40 blocks,sa,56,56,7,1
pr_03,B5218,48,1,MASc NI 40 blocks,sa,56,56,7,1
pr_04,B20538,48,1,MASc NI 40 blocks,sa,56,56,7,1
pr_05,B20149,48,1,MASc NI 40 blocks,sa,56,56,7,1
pr_06,B13384,48,1,MASc NI 40 blocks,sa,56,56,7,1
sk_01,B35154,48,1,MASc NI 40 blocks,sa,56,56,7,1
sk_01,B5218,48,1,MASc NI 40 blocks,sa,56,56,7,1
sk_01,B6017,48,1,MASc NI 40 blocks,sa,56,56,7,1
sk_02,B20631,48,1,MASc NI 40 blocks,sa,56,56,7,1
sk_02,B20632,48,1,MASc NI 40 blocks,sa,56,56,7,1
sk_02,B20673,48,1,MASc NI 40 blocks,sa,56,56,7,1
sk_03,B32121,48,1,MASc NI 40 blocks,sa,56,56,7,1
sk_03,B32707,48,1,MASc NI 40 blocks,sa,56,56,7,1
sk_03,B35154,48,1,MASc NI 40 blocks,sa,56,56,7,1
sk_04,B20631,48,1,MASc NI 40 blocks,sa,56,56,7,1
sk_04,B20632,48,1,MASc NI 40 blocks,sa,56,56,7,1
sk_04,B6017,48,1,MASc NI 40 blocks,sa,56,56,7,1
sk_05,B32121,48,1,MASc NI 40 blocks,sa,56,56,7,1
sk_05,B6017,48,1,MASc NI 40 blocks,sa,56,56,7,1
sk_05,B6017,48,1,MASc NI 40 blocks,sa,56,56,7,1
sk_06,B20673,48,1,MASc NI 40 blocks,sa,56,56,7,1
sk_06,B30103,48,1,MASc NI 40 blocks,sa,56,56,7,1
sk_06,B5218,48,1,MASc NI 40 blocks,sa,56,56,7,1
fb_01,B30103,49,1,MASc NI 40 blocks,sa,56,56,7,1
fb_01,B32707,49,1,MASc NI 40 blocks,sa,56,56,7,1
fb_01,B32707,49,1,MASc NI 40 blocks,sa,56,56,7,1
fb_02,B10132,49,1,MASc NI 40 blocks,sa,56,56,7,1
fb_02,B11805,49,1,MASc NI 40 blocks,sa,56,56,7,1
fb_02,B9658,49,1,MASc NI 40 blocks,sa,56,56,7,1
fb_03,B13384,49,1,MASc NI 40 blocks,sa,56,56,7,1
fb_03,B30103,49,1,MASc NI 40 blocks,sa,56,56,7,1
fb_03,B31613,49,1,MASc NI 40 blocks,sa,56,56,7,1
fb_04,B10132,49,1,MASc NI 40 blocks,sa,56,56,7,1
fb_04,B20538,49,1,MASc NI 40 blocks,sa,56,56,7,1
fb_04,B21899,49,1,MASc NI 40 blocks,sa,56,56,7,1
fb_05,B5218,49,1,MASc NI 40 blocks,sa,56,56,7,1
fb_05,B5817,49,1,MASc NI 40 blocks,sa,56,56,7,1
fb_05,B6017,49,1,MASc NI 40 blocks,sa,56,56,7,1
fb_06,B35154,49,1,MASc NI 40 blocks,sa,56,56,7,1
fb_06,B6017,49,1,MASc NI 40 blocks,sa,56,56,7,1
fb_06,B9658,49,1,MASc NI 40 blocks,sa,56,56,7,1
ld_01,B20149,49,1,MASc NI 40 blocks,sa,56,56,7,1
ld_01,B4497,49,1,MASc NI 40 blocks,sa,56,56,7,1
ld_02,B20538,49,1,MASc NI 40 blocks,sa,56,56,7,1
ld_02,B4497,49,1,MASc NI 40 blocks,sa,56,56,7,1
ld_03,B13384,49,1,MASc NI 40 blocks,sa,56,56,7,1
ld_03,B5218,49,1,MASc NI 40 blocks,sa,56,56,7,1
ld_04,B5218,49,1,MASc NI 40 blocks,sa,56,56,7,1
ld_05,B4497,49,1,MASc NI 40 blocks,sa,56,56,7,1
ld_06,B4497,49,1,MASc NI 40 blocks,sa,56,56,7,1
pr_01,B5218,49,1,MASc NI 40 blocks,sa,56,56,7,1
pr_01,B5218,49,1,MASc NI 40 blocks,sa,56,56,7,1
pr_02,B20631,49,1,MASc NI 40 blocks,sa,56,56,7,1
pr_03,B6017,49,1,MASc NI 40 blocks,sa,56,56,7,1
pr_04,B6017,49,1,MASc NI 40 blocks,sa,56,56,7,1
pr_05,B20632,49,1,MASc NI 40 blocks,sa,56,56,7,1
pr_06,B30103,49,1,MASc NI 40 blocks,sa,56,56,7,1
sk_01,B21885,49,1,MASc NI 40 blocks,sa,56,56,7,1
sk_01,B5817,49,1,MASc NI 40 blocks,sa,56,56,7,1
sk_01,B6017,49,1,MASc NI 40 blocks,sa,56,56,7,1
sk_02,B21443,49,1,MASc NI 40 blocks,sa,56,56,7,1
sk_02,B21885,49,1,MASc NI 40 blocks,sa,56,56,7,1
sk_02,B21899,49,1,MASc NI 40 blocks,sa,56,56,7,1
sk_03,B4497,49,1,MASc NI 40 blocks,sa,56,56,7,1
sk_03,B4497,49,1,MASc NI 40 blocks,sa,56,56,7,1
sk_03,B6017,49,1,MASc NI 40 blocks,sa,56,56,7,1
sk_04,B21443,49,1,MASc NI 40 blocks,sa,56,56,7,1
sk_04,B21899,49,1,MASc NI 40 blocks,sa,56,56,7,1
sk_04,B6017,49,1,MASc NI 40 blocks,sa,56,56,7,1
sk_05,B10132,49,1,MASc NI 40 blocks,sa,56,56,7,1
sk_05,B10132,49,1,MASc NI 40 blocks,sa,56,56,7,1
sk_05,B6017,49,1,MASc NI 40 blocks,sa,56,56,7,1
sk_06,B31203,49,1,MASc NI 40 blocks,sa,56,56,7,1
sk_06,B4497,49,1,MASc NI 40 blocks,sa,56,56,7,1
sk_06,B4497,49,1,MASc NI 40 blocks,sa,56,56,7,1
fb_01,B10132,50,1,MASc NI 40 blocks,sa,56,56,7,1
fb_01,B9658,50,1,MASc NI 40 blocks,sa,56,56,7,1
fb_01,B9658,50,1,MASc NI 40 blocks,sa,56,56,7,1
fb_02,B31613,50,1,MASc NI 40 blocks,sa,56,56,7,1
fb_02,B4497,50,1,MASc NI 40 blocks,sa,56,56,7,1
fb_02,B9658,50,1,MASc NI 40 blocks,sa,56,56,7,1
fb_03,B20673,50,1,MASc NI 40 blocks,sa,56,56,7,1
fb_03,B21885,50,1,MASc NI 40 blocks,sa,56,56,7,1
fb_03,B32707,50,1,MASc NI 40 blocks,sa,56,56,7,1
fb_04,B10411,50,1,MASc NI 40 blocks,sa,56,56,7,1
fb_04,B18032,50,1,MASc NI 40 blocks,sa,56,56,7,1
fb_04,B18200,50,1,MASc NI 40 blocks,sa,56,56,7,1
fb_05,B10412,50,1,MASc NI 40 blocks,sa,56,56,7,1
fb_05,B5218,50,1,MASc NI 40 blocks,sa,56,56,7,1
fb_05,B6017,50,1,MASc NI 40 blocks,sa,56,56,7,1
fb_06,B21443,50,1,MASc NI 40 blocks,sa,56,56,7,1
fb_06,B31730,50,1,MASc NI 40 blocks,sa,56,56,7,1
fb_06,B9658,50,1,MASc NI 40 blocks,sa,56,56,7,1
fb_01,B11042,51,1,MASc NI 40 blocks,sa,56,56,7,1
fb_01,B11805,51,1,MASc NI 40 blocks,sa,56,56,7,1
fb_01,B13384,51,1,MASc NI 40 blocks,sa,56,56,7,1
fb_02,B35154,51,1,MASc NI 40 blocks,sa,56,56,7,1
fb_02,B4497,51,1,MASc NI 40 blocks,sa,56,56,7,1
fb_02,B9658,51,1,MASc NI 40 blocks,sa,56,56,7,1
fb_03,B21899,51,1,MASc NI 40 blocks,sa,56,56,7,1
fb_03,B22028,51,1,MASc NI 40 blocks,sa,56,56,7,1
fb_03,B26719,51,1,MASc NI 40 blocks,sa,56,56,7,1
fb_04,B20149,51,1,MASc NI 40 blocks,sa,56,56,7,1
fb_04,B20538,51,1,MASc NI 40 blocks,sa,56,56,7,1
fb_04,B20631,51,1,MASc NI 40 blocks,sa,56,56,7,1
fb_05,B10132,51,1,MASc NI 40 blocks,sa,56,56,7,1
fb_05,B11805,51,1,MASc NI 40 blocks,sa,56,56,7,1
fb_05,B20631,51,1,MASc NI 40 blocks,sa,56,56,7,1
fb_06,B4497,51,1,MASc NI 40 blocks,sa,56,56,7,1
fb_06,B5218,51,1,MASc NI 40 blocks,sa,56,56,7,1
fb_06,B9658,51,1,MASc NI 40 blocks,sa,56,56,7,1
sk_01,B10411,51,1,MASc NI 40 blocks,sa,56,56,7,1
sk_01,B5218,51,1,MASc NI 40 blocks,sa,56,56,7,1
sk_01,B6017,51,1,MASc NI 40 blocks,sa,56,56,7,1
sk_02,B10132,51,1,MASc NI 40 blocks,sa,56,56,7,1
sk_02,B10411,51,1,MASc NI 40 blocks,sa,56,56,7,1
sk_02,B6017,51,1,MASc NI 40 blocks,sa,56,56,7,1
sk_03,B31613,51,1,MASc NI 40 blocks,sa,56,56,7,1
sk_03,B31730,51,1,MASc NI 40 blocks,sa,56,56,7,1
sk_03,B4497,51,1,MASc NI 40 blocks,sa,56,56,7,1
sk_04,B10132,51,1,MASc NI 40 blocks,sa,56,56,7,1
sk_04,B21443,51,1,MASc NI 40 blocks,sa,56,56,7,1
sk_04,B21885,51,1,MASc NI 40 blocks,sa,56,56,7,1
sk_05,B10412,51,1,MASc NI 40 blocks,sa,56,56,7,1
sk_05,B18032,51,1,MASc NI 40 blocks,sa,56,56,7,1
sk_05,B6017,51,1,MASc NI 40 blocks,sa,56,56,7,1
sk_06,B10132,51,1,MASc NI 40 blocks,sa,56,56,7,1
sk_06,B10412,51,1,MASc NI 40 blocks,sa,56,56,7,1
sk_06,B6017,51,1,MASc NI 40 blocks,sa,56,56,7,1
fb_01,B18032,52,1,MASc NI 40 blocks,sa,56,56,7,1
fb_01,B32707,52,1,MASc NI 40 blocks,sa,56,56,7,1
fb_01,B9658,52,1,MASc NI 40 blocks,sa,56,56,7,1
fb_02,B5218,52,1,MASc NI 40 blocks,sa,56,56,7,1
fb_02,B5817,52,1,MASc NI 40 blocks,sa,56,56,7,1
fb_02,B6017,52,1,MASc NI 40 blocks,sa,56,56,7,1
fb_03,B18200,52,1,MASc NI 40 blocks,sa,56,56,7,1
fb_03,B30103,52,1,MASc NI 40 blocks,sa,56,56,7,1
fb_03,B9658,52,1,MASc NI 40 blocks,sa,56,56,7,1
fb_04,B18032,52,1,MASc NI 40 blocks,sa,56,56,7,1
fb_04,B20632,52,1,MASc NI 40 blocks,sa,56,56,7,1
fb_04,B9658,52,1,MASc NI 40 blocks,sa,56,56,7,1
fb_05,B21443,52,1,MASc NI 40 blocks,sa,56,56,7,1
fb_05,B32707,52,1,MASc NI 40 blocks,sa,56,56,7,1
fb_05,B32707,52,1,MASc NI 40 blocks,sa,56,56,7,1
fb_06,B32707,52,1,MASc NI 40 blocks,sa,56,56,7,1
fb_06,B5817,52,1,MASc NI 40 blocks,sa,56,56,7,1
fb_06,B9658,52,1,MASc NI 40 blocks,sa,56,56,7,1
pr_01,B10411,52,1,MASc NI 40 blocks,sa,56,56,7,1
pr_02,B10412,52,1,MASc NI 40 blocks,sa,56,56,7,1
pr_03,B6017,52,1,MASc NI 40 blocks,sa,56,56,7,1
pr_04,B10132,52,1,MASc NI 40 blocks,sa,56,56,7,1
sk_01,B4497,52,1,MASc NI 40 blocks,sa,56,56,7,1
sk_01,B4497,52,1,MASc NI 40 blocks,sa,56,56,7,1
sk_01,B4497,52,1,MASc NI 40 blocks,sa,56,56,7,1
sk_02,B13384,52,1,MASc NI 40 blocks,sa,56,56,7,1
sk_02,B18032,52,1,MASc NI 40 blocks,sa,56,56,7,1
sk_02,B4497,52,1,MASc NI 40 blocks,sa,56,56,7,1
sk_03,B11042,52,1,MASc NI 40 blocks,sa,56,56,7,1
sk_03,B32707,52,1,MASc NI 40 blocks,sa,56,56,7,1
sk_03,B35154,52,1,MASc NI 40 blocks,sa,56,56,7,1
sk_04,B11042,52,1,MASc NI 40 blocks,sa,56,56,7,1
sk_04,B22028,52,1,MASc NI 40 blocks,sa,56,56,7,1
sk_04,B26719,52,1,MASc NI 40 blocks,sa,56,56,7,1
sk_05,B20149,52,1,MASc NI 40 blocks,sa,56,56,7,1
sk_05,B20538,52,1,MASc NI 40 blocks,sa,56,56,7,1
sk_05,B4497,52,1,MASc NI 40 blocks,sa,56,56,7,1
sk_06,B18200,52,1,MASc NI 40 blocks,sa,56,56,7,1
sk_06,B32707,52,1,MASc NI 40 blocks,sa,56,56,7,1
sk_06,B5218,52,1,MASc NI 40 blocks,sa,56,56,7,1
fb_01,B20149,53,1,MASc NI 40 blocks,sa,56,56,7,1
fb_01,B20538,53,1,MASc NI 40 blocks,sa,56,56,7,1
fb_01,B20631,53,1,MASc NI 40 blocks,sa,56,56,7,1
fb_02,B4497,53,1,MASc NI 40 blocks,sa,56,56,7,1
fb_02,B9658,53,1,MASc NI 40 blocks,sa,56,56,7,1
fb_02,B9658,53,1,MASc NI 40 blocks,sa,56,56,7,1
fb_03,B31730,53,1,MASc NI 40 blocks,sa,56,56,7,1
fb_03,B32707,53,1,MASc NI 40 blocks,sa,56,56,7,1
fb_03,B5218,53,1,MASc NI 40 blocks,sa,56,56,7,1
fb_04,B21885,53,1,MASc NI 40 blocks,sa,56,56,7,1
fb_04,B22028,53,1,MASc NI 40 blocks,sa,56,56,7,1
fb_04,B9658,53,1,MASc NI 40 blocks,sa,56,56,7,1
fb_05,B20538,53,1,MASc NI 40 blocks,sa,56,56,7,1
fb_05,B20632,53,1,MASc NI 40 blocks,sa,56,56,7,1
fb_05,B9658,53,1,MASc NI 40 blocks,sa,56,56,7,1
fb_06,B12431,53,1,MASc NI 40 blocks,sa,56,56,7,1
fb_06,B18032,53,1,MASc NI 40 blocks,sa,56,56,7,1
fb_06,B32707,53,1,MASc NI 40 blocks,sa,56,56,7,1
ld_01,B10411,53,1,MASc NI 40 blocks,sa,56,56,7,1
ld_01,B6017,53,1,MASc NI 40 blocks,sa,56,56,7,1
ld_02,B10132,53,1,MASc NI 40 blocks,sa,56,56,7,1
ld_02,B10412,53,1,MASc NI 40 blocks,sa,56,56,7,1
ld_03,B10411,53,1,MASc NI 40 blocks,sa,56,56,7,1
ld_04,B10412,53,1,MASc NI 40 blocks,sa,56,56,7,1
ld_05,B10411,53,1,MASc NI 40 blocks,sa,56,56,7,1
ld_06,B10412,53,1,MASc NI 40 blocks,sa,56,56,7,1
pr_01,B11042,53,1,MASc NI 40 blocks,sa,56,56,7,1
pr_01,B4497,53,1,MASc NI 40 blocks,sa,56,56,7,1
pr_02,B4497,53,1,MASc NI 40 blocks,sa,56,56,7,1
pr_03,B4497,53,1,MASc NI 40 blocks,sa,56,56,7,1
pr_04,B4497,53,1,MASc NI 40 blocks,sa,56,56,7,1
pr_05,B4497,53,1,MASc NI 40 blocks,sa,56,56,7,1
pr_06,B5218,53,1,MASc NI 40 blocks,sa,56,56,7,1
sk_01,B11042,53,1,MASc NI 40 blocks,sa,56,56,7,1
sk_01,B5218,53,1,MASc NI 40 blocks,sa,56,56,7,1
sk_01,B5218,53,1,MASc NI 40 blocks,sa,56,56,7,1
sk_02,B18200,53,1,MASc NI 40 blocks,sa,56,56,7,1
sk_02,B20149,53,1,MASc NI 40 blocks,sa,56,56,7,1
sk_02,B20538,53,1,MASc NI 40 blocks,sa,56,56,7,1
sk_03,B5817,53,1,MASc NI 40 blocks,sa,56,56,7,1
sk_03,B6017,53,1,MASc NI 40 blocks,sa,56,56,7,1
sk_03,B9658,53,1,MASc NI 40 blocks,sa,56,56,7,1
sk_04,B11042,53,1,MASc NI 40 blocks,sa,56,56,7,1
sk_04,B11805,53,1,MASc NI 40 blocks,sa,56,56,7,1
sk_04,B30103,53,1,MASc NI 40 blocks,sa,56,56,7,1
sk_05,B20631,53,1,MASc NI 40 blocks,sa,56,56,7,1
sk_05,B20632,53,1,MASc NI 40 blocks,sa,56,56,7,1
sk_05,B20673,53,1,MASc NI 40 blocks,sa,56,56,7,1
sk_06,B10132,53,1,MASc NI 40 blocks,sa,56,56,7,1
sk_06,B11805,53,1,MASc NI 40 blocks,sa,56,56,7,1
sk_06,B5218,53,1,MASc NI 40 blocks,sa,56,56,7,1
fb_01,B20632,54,1,MASc NI 40 blocks,sa,56,56,7,1
fb_01,B32707,54,1,MASc NI 40 blocks,sa,56,56,7,1
fb_01,B32707,54,1,MASc NI 40 blocks,sa,56,56,7,1
fb_02,B32707,54,1,MASc NI 40 blocks,sa,56,56,7,1
fb_02,B32707,54,1,MASc NI 40 blocks,sa,56,56,7,1
fb_02,B9658,54,1,MASc NI 40 blocks,sa,56,56,7,1
fb_03,B32707,54,1,MASc NI 40 blocks,sa,56,56,7,1
fb_03,B35154,54,1,MASc NI 40 blocks,sa,56,56,7,1
fb_03,B5218,54,1,MASc NI 40 blocks,sa,56,56,7,1
fb_04,B26719,54,1,MASc NI 40 blocks,sa,56,56,7,1
fb_04,B30103,54,1,MASc NI 40 blocks,sa,56,56,7,1
fb_04,B31203,54,1,MASc NI 40 blocks,sa,56,56,7,1
fb_05,B20673,54,1,MASc NI 40 blocks,sa,56,56,7,1
fb_05,B32707,54,1,MASc NI 40 blocks,sa,56,56,7,1
fb_05,B9658,54,1,MASc NI 40 blocks,sa,56,56,7,1
fb_06,B18200,54,1,MASc NI 40 blocks,sa,56,56,7,1
fb_06,B20538,54,1,MASc NI 40 blocks,sa,56,56,7,1
fb_06,B4497,54,1,MASc NI 40 blocks,sa,56,56,7,1
ld_01,B11042,54,1,MASc NI 40 blocks,sa,56,56,7,1
ld_01,B5218,54,1,MASc NI 40 blocks,sa,56,56,7,1
ld_02,B11042,54,1,MASc NI 40 blocks,sa,56,56,7,1
ld_02,B4497,54,1,MASc NI 40 blocks,sa,56,56,7,1
ld_03,B4497,54,1,MASc NI 40 blocks,sa,56,56,7,1
ld_03,B4497,54,1,MASc NI 40 blocks,sa,56,56,7,1
ld_04,B4497,54,1,MASc NI 40 blocks,sa,56,56,7,1
ld_05,B4497,54,1,MASc NI 40 blocks,sa,56,56,7,1
ld_06,B4497,54,1,MASc NI 40 blocks,sa,56,56,7,1
pr_01,B11042,54,1,MASc NI 40 blocks,sa,56,56,7,1
pr_01,B5218,54,1,MASc NI 40 blocks,sa,56,56,7,1
pr_02,B20149,54,1,MASc NI 40 blocks,sa,56,56,7,1
pr_02,B6017,54,1,MASc NI 40 blocks,sa,56,56,7,1
pr_03,B10132,54,1,MASc NI 40 blocks,sa,56,56,7,1
pr_03,B18200,54,1,MASc NI 40 blocks,sa,56,56,7,1
pr_04,B5218,54,1,MASc NI 40 blocks,sa,56,56,7,1
pr_05,B5218,54,1,MASc NI 40 blocks,sa,56,56,7,1
pr_06,B20538,54,1,MASc NI 40 blocks,sa,56,56,7,1
sk_01,B11805,54,1,MASc NI 40 blocks,sa,56,56,7,1
sk_01,B11805,54,1,MASc NI 40 blocks,sa,56,56,7,1
sk_01,B11805,54,1,MASc NI 40 blocks,sa,56,56,7,1
sk_02,B20631,54,1,MASc NI 40 blocks,sa,56,56,7,1
sk_02,B31730,54,1,MASc NI 40 blocks,sa,56,56,7,1
sk_02,B4497,54,1,MASc NI 40 blocks,sa,56,56,7,1
sk_03,B10132,54,1,MASc NI 40 blocks,sa,56,56,7,1
sk_03,B11805,54,1,MASc NI 40 blocks,sa,56,56,7,1
sk_03,B9658,54,1,MASc NI 40 blocks,sa,56,56,7,1
sk_04,B31613,54,1,MASc NI 40 blocks,sa,56,56,7,1
sk_04,B31730,54,1,MASc NI 40 blocks,sa,56,56,7,1
sk_04,B5218,54,1,MASc NI 40 blocks,sa,56,56,7,1
sk_05,B10132,54,1,MASc NI 40 blocks,sa,56,56,7,1
sk_05,B21885,54,1,MASc NI 40 blocks,sa,56,56,7,1
sk_05,B21899,54,1,MASc NI 40 blocks,sa,56,56,7,1
sk_06,B11805,54,1,MASc NI 40 blocks,sa,56,56,7,1
sk_06,B13384,54,1,MASc NI 40 blocks,sa,56,56,7,1
sk_06,B18032,54,1,MASc NI 40 blocks,sa,56,56,7,1
fb_01,B11805,55,1,MASc NI 40 blocks,sa,56,56,7,1
fb_01,B21899,55,1,MASc NI 40 blocks,sa,56,56,7,1
fb_01,B9658,55,1,MASc NI 40 blocks,sa,56,56,7,1
fb_02,B10132,55,1,MASc NI 40 blocks,sa,56,56,7,1
fb_02,B32707,55,1,MASc NI 40 blocks,sa,56,56,7,1
fb_02,B9658,55,1,MASc NI 40 blocks,sa,56,56,7,1
fb_03,B31613,55,1,MASc NI 40 blocks,sa,56,56,7,1
fb_03,B32707,55,1,MASc NI 40 blocks,sa,56,56,7,1
fb_03,B5817,55,1,MASc NI 40 blocks,sa,56,56,7,1
fb_04,B31730,55,1,MASc NI 40 blocks,sa,56,56,7,1
fb_04,B32707,55,1,MASc NI 40 blocks,sa,56,56,7,1
fb_04,B9658,55,1,MASc NI 40 blocks,sa,56,56,7,1
fb_05,B21899,55,1,MASc NI 40 blocks,sa,56,56,7,1
fb_05,B22028,55,1,MASc NI 40 blocks,sa,56,56,7,1
fb_05,B32707,55,1,MASc NI 40 blocks,sa,56,56,7,1
fb_06,B18200,55,1,MASc NI 40 blocks,sa,56,56,7,1
fb_06,B20673,55,1,MASc NI 40 blocks,sa,56,56,7,1
fb_06,B32707,55,1,MASc NI 40 blocks,sa,56,56,7,1
ld_01,B10132,55,1,MASc NI 40 blocks,sa,56,56,7,1
ld_01,B6017,55,1,MASc NI 40 blocks,sa,56,56,7,1
ld_02,B5218,55,1,MASc NI 40 blocks,sa,56,56,7,1
ld_02,B6017,55,1,MASc NI 40 blocks,sa,56,56,7,1
ld_03,B11042,55,1,MASc NI 40 blocks,sa,56,56,7,1
ld_03,B20149,55,1,MASc NI 40 blocks,sa,56,56,7,1
ld_04,B11042,55,1,MASc NI 40 blocks,sa,56,56,7,1
ld_04,B20538,55,1,MASc NI 40 blocks,sa,56,56,7,1
ld_05,B5218,55,1,MASc NI 40 blocks,sa,56,56,7,1
ld_06,B5218,55,1,MASc NI 40 blocks,sa,56,56,7,1
pr_01,B10132,55,1,MASc NI 40 blocks,sa,56,56,7,1
pr_01,B11805,55,1,MASc NI 40 blocks,sa,56,56,7,1
pr_02,B11805,55,1,MASc NI 40 blocks,sa,56,56,7,1
pr_02,B9658,55,1,MASc NI 40 blocks,sa,56,56,7,1
pr_03,B18032,55,1,MASc NI 40 blocks,sa,56,56,7,1
pr_03,B4497,55,1,MASc NI 40 blocks,sa,56,56,7,1
pr_04,B11805,55,1,MASc NI 40 blocks,sa,56,56,7,1
pr_04,B31730,55,1,MASc NI 40 blocks,sa,56,56,7,1
pr_05,B13384,55,1,MASc NI 40 blocks,sa,56,56,7,1
pr_05,B5218,55,1,MASc NI 40 blocks,sa,56,56,7,1
pr_06,B20631,55,1,MASc NI 40 blocks,sa,56,56,7,1
sk_01,B21443,55,1,MASc NI 40 blocks,sa,56,56,7,1
sk_01,B4497,55,1,MASc NI 40 blocks,sa,56,56,7,1
sk_01,B5218,55,1,MASc NI 40 blocks,sa,56,56,7,1
sk_02,B20673,55,1,MASc NI 40 blocks,sa,56,56,7,1
sk_02,B21443,55,1,MASc NI 40 blocks,sa,56,56,7,1
sk_02,B21899,55,1,MASc NI 40 blocks,sa,56,56,7,1
sk_03,B18032,55,1,MASc NI 40 blocks,sa,56,56,7,1
sk_03,B21885,55,1,MASc NI 40 blocks,sa,56,56,7,1
sk_03,B5218,55,1,MASc NI 40 blocks,sa,56,56,7,1
sk_04,B18032,55,1,MASc NI 40 blocks,sa,56,56,7,1
sk_04,B32707,55,1,MASc NI 40 blocks,sa,56,56,7,1
sk_04,B35154,55,1,MASc NI 40 blocks,sa,56,56,7,1
sk_05,B11805,55,1,MASc NI 40 blocks,sa,56,56,7,1
sk_05,B26719,55,1,MASc NI 40 blocks,sa,56,56,7,1
sk_05,B9658,55,1,MASc NI 40 blocks,sa,56,56,7,1
sk_06,B10132,55,1,MASc NI 40 blocks,sa,56,56,7,1
sk_06,B20149,55,1,MASc NI 40 blocks,sa,56,56,7,1
sk_06,B4497,55,1,MASc NI 40 blocks,sa,56,56,7,1
fb_01,B14527,56,1,MASc NI 40 blocks,sa,56,56,7,1
fb_01,B31203,56,1,MASc NI 40 blocks,sa,56,56,7,1
fb_01,B32707,56,1,MASc NI 40 blocks,sa,56,56,7,1
fb_02,B20538,56,1,MASc NI 40 blocks,sa,56,56,7,1
fb_02,B20631,56,1,MASc NI 40 blocks,sa,56,56,7,1
fb_02,B32707,56,1,MASc NI 40 blocks,sa,56,56,7,1
fb_03,B10132,56,1,MASc NI 40 blocks,sa,56,56,7,1
fb_03,B20632,56,1,MASc NI 40 blocks,sa,56,56,7,1
fb_03,B9658,56,1,MASc NI 40 blocks,sa,56,56,7,1
fb_04,B32707,56,1,MASc NI 40 blocks,sa,56,56,7,1
fb_04,B32707,56,1,MASc NI 40 blocks,sa,56,56,7,1
fb_04,B9658,56,1,MASc NI 40 blocks,sa,56,56,7,1
fb_05,B14527,56,1,MASc NI 40 blocks,sa,56,56,7,1
fb_05,B30103,56,1,MASc NI 40 blocks,sa,56,56,7,1
fb_05,B6017,56,1,MASc NI 40 blocks,sa,56,56,7,1
fb_06,B20632,56,1,MASc NI 40 blocks,sa,56,56,7,1
fb_06,B9658,56,1,MASc NI 40 blocks,sa,56,56,7,1
fb_06,B9658,56,1,MASc NI 40 blocks,sa,56,56,7,1
ld_01,B11805,56,1,MASc NI 40 blocks,sa,56,56,7,1
ld_01,B31730,56,1,MASc NI 40 blocks,sa,56,56,7,1
ld_01,B9658,56,1,MASc NI 40 blocks,sa,56,56,7,1
ld_02,B10132,56,1,MASc NI 40 blocks,sa,56,56,7,1
ld_02,B11805,56,1,MASc NI 40 blocks,sa,56,56,7,1
ld_02,B11805,56,1,MASc NI 40 blocks,sa,56,56,7,1
ld_03,B10132,56,1,MASc NI 40 blocks,sa,56,56,7,1
ld_03,B11805,56,1,MASc NI 40 blocks,sa,56,56,7,1
ld_03,B13384,56,1,MASc NI 40 blocks,sa,56,56,7,1
ld_04,B11805,56,1,MASc NI 40 blocks,sa,56,56,7,1
ld_04,B20631,56,1,MASc NI 40 blocks,sa,56,56,7,1
ld_04,B4497,56,1,MASc NI 40 blocks,sa,56,56,7,1
ld_05,B18032,56,1,MASc NI 40 blocks,sa,56,56,7,1
ld_05,B5218,56,1,MASc NI 40 blocks,sa,56,56,7,1
ld_06,B11805,56,1,MASc NI 40 blocks,sa,56,56,7,1
ld_06,B4497,56,1,MASc NI 40 blocks,sa,56,56,7,1
pr_01,B10132,56,1,MASc NI 40 blocks,sa,56,56,7,1
pr_01,B21443,56,1,MASc NI 40 blocks,sa,56,56,7,1
pr_02,B21899,56,1,MASc NI 40 blocks,sa,56,56,7,1
pr_02,B4497,56,1,MASc NI 40 blocks,sa,56,56,7,1
pr_03,B5218,56,1,MASc NI 40 blocks,sa,56,56,7,1
pr_04,B26719,56,1,MASc NI 40 blocks,sa,56,56,7,1
pr_05,B4497,56,1,MASc NI 40 blocks,sa,56,56,7,1
pr_06,B5218,56,1,MASc NI 40 blocks,sa,56,56,7,1
sk_01,B26719,56,1,MASc NI 40 blocks,sa,56,56,7,1
sk_01,B32707,56,1,MASc NI 40 blocks,sa,56,56,7,1
sk_01,B32707,56,1,MASc NI 40 blocks,sa,56,56,7,1
sk_02,B10132,56,1,MASc NI 40 blocks,sa,56,56,7,1
sk_02,B22028,56,1,MASc NI 40 blocks,sa,56,56,7,1
sk_02,B35154,56,1,MASc NI 40 blocks,sa,56,56,7,1
sk_03,B11805,56,1,MASc NI 40 blocks,sa,56,56,7,1
sk_03,B18200,56,1,MASc NI 40 blocks,sa,56,56,7,1
sk_03,B20538,56,1,MASc NI 40 blocks,sa,56,56,7,1
sk_04,B10132,56,1,MASc NI 40 blocks,sa,56,56,7,1
sk_04,B21899,56,1,MASc NI 40 blocks,sa,56,56,7,1
sk_04,B35154,56,1,MASc NI 40 blocks,sa,56,56,7,1
sk_05,B31203,56,1,MASc NI 40 blocks,sa,56,56,7,1
sk_05,B6017,56,1,MASc NI 40 blocks,sa,56,56,7,1
sk_05,B6017,56,1,MASc NI 40 blocks,sa,56,56,7,1
sk_06,B20631,56,1,MASc NI 40 blocks,sa,56,56,7,1
sk_06,B20632,56,1,MASc NI 40 blocks,sa,56,56,7,1
sk_06,B20673,56,1,MASc NI 40 blocks,sa,56,56,7,1
