machine_id,block_id,day,assigned,scenario,solver,master_days,subproblem_days,lock_days,start_day
fb_01,B107189,1,1,MASc PG 18 blocks,sa,112,112,14,1
fb_01,B108060,1,1,MASc PG 18 blocks,sa,112,112,14,1
fb_01,B108124,1,1,MASc PG 18 blocks,sa,112,112,14,1
fb_02,B109915,1,1,MASc PG 18 blocks,sa,112,112,14,1
fb_02,B109915,1,1,MASc PG 18 blocks,sa,112,112,14,1
fb_02,B110471,1,1,MASc PG 18 blocks,sa,112,112,14,1
fb_03,B110288,1,1,MASc PG 18 blocks,sa,112,112,14,1
fb_03,B110471,1,1,MASc PG 18 blocks,sa,112,112,14,1
fb_03,B111410,1,1,MASc PG 18 blocks,sa,112,112,14,1
fb_01,B108339,2,1,MASc PG 18 blocks,sa,112,112,14,1
fb_01,B109340,2,1,MASc PG 18 blocks,sa,112,112,14,1
fb_01,B109517,2,1,MASc PG 18 blocks,sa,112,112,14,1
fb_02,B107189,2,1,MASc PG 18 blocks,sa,112,112,14,1
fb_02,B108339,2,1,MASc PG 18 blocks,sa,112,112,14,1
fb_02,B68233,2,1,MASc PG 18 blocks,sa,112,112,14,1
fb_03,B111480,2,1,MASc PG 18 blocks,sa,112,112,14,1
fb_03,B111480,2,1,MASc PG 18 blocks,sa,112,112,14,1
fb_03,B111480,2,1,MASc PG 18 blocks,sa,112,112,14,1
sk_01,B107189,2,1,MASc PG 18 blocks,sa,112,112,14,1
sk_01,B108060,2,1,MASc PG 18 blocks,sa,112,112,14,1
sk_01,B109915,2,1,MASc PG 18 blocks,sa,112,112,14,1
sk_02,B108124,2,1,MASc PG 18 blocks,sa,112,112,14,1
sk_02,B109915,2,1,MASc PG 18 blocks,sa,112,112,14,1
sk_02,B109915,2,1,MASc PG 18 blocks,sa,112,112,14,1
sk_03,B108124,2,1,MASc PG 18 blocks,sa,112,112,14,1
sk_03,B109915,2,1,MASc PG 18 blocks,sa,112,112,14,1
sk_03,B109915,2,1,MASc PG 18 blocks,sa,112,112,14,1
fb_01,B109915,3,1,MASc PG 18 blocks,sa,112,112,14,1
fb_01,B110471,3,1,MASc PG 18 blocks,sa,112,112,14,1
fb_01,B68233,3,1,MASc PG 18 blocks,sa,112,112,14,1
fb_02,B110288,3,1,MASc PG 18 blocks,sa,112,112,14,1
fb_02,B110471,3,1,MASc PG 18 blocks,sa,112,112,14,1
fb_02,B68233,3,1,MASc PG 18 blocks,sa,112,112,14,1
fb_03,B111480,3,1,MASc PG 18 blocks,sa,112,112,14,1
fb_03,B111480,3,1,MASc PG 18 blocks,sa,112,112,14,1
fb_03,B111480,3,1,MASc PG 18 blocks,sa,112,112,14,1
pr_01,B108060,3,1,MASc PG 18 blocks,sa,112,112,14,1
pr_01,B109915,3,1,MASc PG 18 blocks,sa,112,112,14,1
pr_02,B109915,3,1,MASc PG 18 blocks,sa,112,112,14,1
pr_03,B108124,3,1,MASc PG 18 blocks,sa,112,112,14,1
sk_01,B107189,3,1,MASc PG 18 blocks,sa,112,112,14,1
sk_01,B109517,3,1,MASc PG 18 blocks,sa,112,112,14,1
sk_01,B68233,3,1,MASc PG 18 blocks,sa,112,112,14,1
sk_02,B108339,3,1,MASc PG 18 blocks,sa,112,112,14,1
sk_02,B109915,3,1,MASc PG 18 blocks,sa,112,112,14,1
sk_02,B68233,3,1,MASc PG 18 blocks,sa,112,112,14,1
sk_03,B107189,3,1,MASc PG 18 blocks,sa,112,112,14,1
sk_03,B108339,3,1,MASc PG 18 blocks,sa,112,112,14,1
sk_03,B109915,3,1,MASc PG 18 blocks,sa,112,112,14,1
fb_01,B111410,4,1,MASc PG 18 blocks,sa,112,112,14,1
fb_01,B111480,4,1,MASc PG 18 blocks,sa,112,112,14,1
fb_01,B42891,4,1,MASc PG 18 blocks,sa,112,112,14,1
fb_02,B107189,4,1,MASc PG 18 blocks,sa,112,112,14,1
fb_02,B109915,4,1,MASc PG 18 blocks,sa,112,112,14,1
fb_02,B109915,4,1,MASc PG 18 blocks,sa,112,112,14,1
fb_03,B111480,4,1,MASc PG 18 blocks,sa,112,112,14,1
fb_03,B111480,4,1,MASc PG 18 blocks,sa,112,112,14,1
fb_03,B111480,4,1,MASc PG 18 blocks,sa,112,112,14,1
ld_01,B109915,4,1,MASc PG 18 blocks,sa,112,112,14,1
ld_02,B109915,4,1,MASc PG 18 blocks,sa,112,112,14,1
ld_03,B108124,4,1,MASc PG 18 blocks,sa,112,112,14,1
pr_01,B107189,4,1,MASc PG 18 blocks,sa,112,112,14,1
pr_01,B68233,4,1,MASc PG 18 blocks,sa,112,112,14,1
pr_02,B108339,4,1,MASc PG 18 blocks,sa,112,112,14,1
pr_02,B109915,4,1,MASc PG 18 blocks,sa,112,112,14,1
pr_03,B107189,4,1,MASc PG 18 blocks,sa,112,112,14,1
sk_01,B109915,4,1,MASc PG 18 blocks,sa,112,112,14,1
sk_01,B110288,4,1,MASc PG 18 blocks,sa,112,112,14,1
sk_01,B68233,4,1,MASc PG 18 blocks,sa,112,112,14,1
sk_02,B108339,4,1,MASc PG 18 blocks,sa,112,112,14,1
sk_02,B109915,4,1,MASc PG 18 blocks,sa,112,112,14,1
sk_02,B68233,4,1,MASc PG 18 blocks,sa,112,112,14,1
sk_03,B68233,4,1,MASc PG 18 blocks,sa,112,112,14,1
sk_03,B68233,4,1,MASc PG 18 blocks,sa,112,112,14,1
sk_03,B68233,4,1,MASc PG 18 blocks,sa,112,112,14,1
fb_01,B107189,5,1,MASc PG 18 blocks,sa,112,112,14,1
fb_01,B109915,5,1,MASc PG 18 blocks,sa,112,112,14,1
fb_01,B111480,5,1,MASc PG 18 blocks,sa,112,112,14,1
fb_02,B107189,5,1,MASc PG 18 blocks,sa,112,112,14,1
fb_02,B110471,5,1,MASc PG 18 blocks,sa,112,112,14,1
fb_02,B68233,5,1,MASc PG 18 blocks,sa,112,112,14,1
fb_03,B111480,5,1,MASc PG 18 blocks,sa,112,112,14,1
fb_03,B111480,5,1,MASc PG 18 blocks,sa,112,112,14,1
fb_03,B111480,5,1,MASc PG 18 blocks,sa,112,112,14,1
ld_01,B109915,5,1,MASc PG 18 blocks,sa,112,112,14,1
ld_02,B68233,5,1,MASc PG 18 blocks,sa,112,112,14,1
ld_03,B107189,5,1,MASc PG 18 blocks,sa,112,112,14,1
pr_01,B108339,5,1,MASc PG 18 blocks,sa,112,112,14,1
pr_01,B68233,5,1,MASc PG 18 blocks,sa,112,112,14,1
pr_02,B109915,5,1,MASc PG 18 blocks,sa,112,112,14,1
pr_02,B68233,5,1,MASc PG 18 blocks,sa,112,112,14,1
pr_03,B109915,5,1,MASc PG 18 blocks,sa,112,112,14,1
sk_01,B109915,5,1,MASc PG 18 blocks,sa,112,112,14,1
sk_01,B109915,5,1,MASc PG 18 blocks,sa,112,112,14,1
sk_01,B42891,5,1,MASc PG 18 blocks,sa,112,112,14,1
sk_02,B107189,5,1,MASc PG 18 blocks,sa,112,112,14,1
sk_02,B109915,5,1,MASc PG 18 blocks,sa,112,112,14,1
sk_02,B110288,5,1,MASc PG 18 blocks,sa,112,112,14,1
sk_03,B107189,5,1,MASc PG 18 blocks,sa,112,112,14,1
sk_03,B110288,5,1,MASc PG 18 blocks,sa,112,112,14,1
sk_03,B68233,5,1,MASc PG 18 blocks,sa,112,112,14,1
fb_01,B55424,6,1,MASc PG 18 blocks,sa,112,112,14,1
fb_01,B65573,6,1,MASc PG 18 blocks,sa,112,112,14,1
fb_01,B68233,6,1,MASc PG 18 blocks,sa,112,112,14,1
fb_02,B109915,6,1,MASc PG 18 blocks,sa,112,112,14,1
fb_02,B110288,6,1,MASc PG 18 blocks,sa,112,112,14,1
fb_02,B110471,6,1,MASc PG 18 blocks,sa,112,112,14,1
fb_03,B111480,6,1,MASc PG 18 blocks,sa,112,112,14,1
fb_03,B111480,6,1,MASc PG 18 blocks,sa,112,112,14,1
fb_03,B111480,6,1,MASc PG 18 blocks,sa,112,112,14,1
ld_01,B109915,6,1,MASc PG 18 blocks,sa,112,112,14,1
ld_01,B68233,6,1,MASc PG 18 blocks,sa,112,112,14,1
ld_02,B108339,6,1,MASc PG 18 blocks,sa,112,112,14,1
ld_02,B109915,6,1,MASc PG 18 blocks,sa,112,112,14,1
ld_03,B68233,6,1,MASc PG 18 blocks,sa,112,112,14,1
pr_01,B107189,6,1,MASc PG 18 blocks,sa,112,112,14,1
pr_01,B109915,6,1,MASc PG 18 blocks,sa,112,112,14,1
pr_02,B107189,6,1,MASc PG 18 blocks,sa,112,112,14,1
pr_02,B110288,6,1,MASc PG 18 blocks,sa,112,112,14,1
pr_03,B42891,6,1,MASc PG 18 blocks,sa,112,112,14,1
pr_03,B68233,6,1,MASc PG 18 blocks,sa,112,112,14,1
sk_01,B107189,6,1,MASc PG 18 blocks,sa,112,112,14,1
sk_01,B109915,6,1,MASc PG 18 blocks,sa,112,112,14,1
sk_01,B68233,6,1,MASc PG 18 blocks,sa,112,112,14,1
sk_02,B107189,6,1,MASc PG 18 blocks,sa,112,112,14,1
sk_02,B109915,6,1,MASc PG 18 blocks,sa,112,112,14,1
sk_02,B68233,6,1,MASc PG 18 blocks,sa,112,112,14,1
sk_03,B109915,6,1,MASc PG 18 blocks,sa,112,112,14,1
sk_03,B110288,6,1,MASc PG 18 blocks,sa,112,112,14,1
sk_03,B68233,6,1,MASc PG 18 blocks,sa,112,112,14,1
fb_01,B108060,7,1,MASc PG 18 blocks,sa,112,112,14,1
fb_01,B108060,7,1,MASc PG 18 blocks,sa,112,112,14,1
fb_01,B108124,7,1,MASc PG 18 blocks,sa,112,112,14,1
fb_02,B107189,7,1,MASc PG 18 blocks,sa,112,112,14,1
fb_02,B109915,7,1,MASc PG 18 blocks,sa,112,112,14,1
fb_02,B68233,7,1,MASc PG 18 blocks,sa,112,112,14,1
fb_03,B109340,7,1,MASc PG 18 blocks,sa,112,112,14,1
fb_03,B111480,7,1,MASc PG 18 blocks,sa,112,112,14,1
fb_03,B111480,7,1,MASc PG 18 blocks,sa,112,112,14,1
ld_01,B107189,7,1,MASc PG 18 blocks,sa,112,112,14,1
ld_01,B109915,7,1,MASc PG 18 blocks,sa,112,112,14,1
ld_02,B107189,7,1,MASc PG 18 blocks,sa,112,112,14,1
ld_02,B110288,7,1,MASc PG 18 blocks,sa,112,112,14,1
ld_03,B68233,7,1,MASc PG 18 blocks,sa,112,112,14,1
pr_01,B107189,7,1,MASc PG 18 blocks,sa,112,112,14,1
pr_01,B68233,7,1,MASc PG 18 blocks,sa,112,112,14,1
pr_01,B68233,7,1,MASc PG 18 blocks,sa,112,112,14,1
pr_02,B109915,7,1,MASc PG 18 blocks,sa,112,112,14,1
pr_02,B110288,7,1,MASc PG 18 blocks,sa,112,112,14,1
pr_03,B107189,7,1,MASc PG 18 blocks,sa,112,112,14,1
pr_03,B109915,7,1,MASc PG 18 blocks,sa,112,112,14,1
sk_01,B109915,7,1,MASc PG 18 blocks,sa,112,112,14,1
sk_01,B109915,7,1,MASc PG 18 blocks,sa,112,112,14,1
sk_01,B65573,7,1,MASc PG 18 blocks,sa,112,112,14,1
sk_02,B65573,7,1,MASc PG 18 blocks,sa,112,112,14,1
sk_02,B68233,7,1,MASc PG 18 blocks,sa,112,112,14,1
sk_02,B68233,7,1,MASc PG 18 blocks,sa,112,112,14,1
sk_03,B107189,7,1,MASc PG 18 blocks,sa,112,112,14,1
sk_03,B55424,7,1,MASc PG 18 blocks,sa,112,112,14,1
sk_03,B68233,7,1,MASc PG 18 blocks,sa,112,112,14,1
fb_01,B108339,8,1,MASc PG 18 blocks,sa,112,112,14,1
fb_01,B109340,8,1,MASc PG 18 blocks,sa,112,112,14,1
fb_01,B109517,8,1,MASc PG 18 blocks,sa,112,112,14,1
fb_02,B110288,8,1,MASc PG 18 blocks,sa,112,112,14,1
fb_02,B110471,8,1,MASc PG 18 blocks,sa,112,112,14,1
fb_02,B68233,8,1,MASc PG 18 blocks,sa,112,112,14,1
fb_03,B109340,8,1,MASc PG 18 blocks,sa,112,112,14,1
fb_03,B109340,8,1,MASc PG 18 blocks,sa,112,112,14,1
fb_03,B109340,8,1,MASc PG 18 blocks,sa,112,112,14,1
ld_01,B109915,8,1,MASc PG 18 blocks,sa,112,112,14,1
ld_01,B68233,8,1,MASc PG 18 blocks,sa,112,112,14,1
ld_02,B109915,8,1,MASc PG 18 blocks,sa,112,112,14,1
ld_02,B110288,8,1,MASc PG 18 blocks,sa,112,112,14,1
ld_03,B107189,8,1,MASc PG 18 blocks,sa,112,112,14,1
ld_03,B68233,8,1,MASc PG 18 blocks,sa,112,112,14,1
pr_01,B109915,8,1,MASc PG 18 blocks,sa,112,112,14,1
pr_01,B55424,8,1,MASc PG 18 blocks,sa,112,112,14,1
pr_02,B68233,8,1,MASc PG 18 blocks,sa,112,112,14,1
pr_03,B65573,8,1,MASc PG 18 blocks,sa,112,112,14,1
sk_01,B108060,8,1,MASc PG 18 blocks,sa,112,112,14,1
sk_01,B108124,8,1,MASc PG 18 blocks,sa,112,112,14,1
sk_01,B68233,8,1,MASc PG 18 blocks,sa,112,112,14,1
sk_02,B107189,8,1,MASc PG 18 blocks,sa,112,112,14,1
sk_02,B108060,8,1,MASc PG 18 blocks,sa,112,112,14,1
sk_02,B108124,8,1,MASc PG 18 blocks,sa,112,112,14,1
sk_03,B107189,8,1,MASc PG 18 blocks,sa,112,112,14,1
sk_03,B108060,8,1,MASc PG 18 blocks,sa,112,112,14,1
sk_03,B108124,8,1,MASc PG 18 blocks,sa,112,112,14,1
fb_01,B109915,9,1,MASc PG 18 blocks,sa,112,112,14,1
fb_01,B110471,9,1,MASc PG 18 blocks,sa,112,112,14,1
fb_01,B68233,9,1,MASc PG 18 blocks,sa,112,112,14,1
fb_02,B109340,9,1,MASc PG 18 blocks,sa,112,112,14,1
fb_02,B109915,9,1,MASc PG 18 blocks,sa,112,112,14,1
fb_02,B110288,9,1,MASc PG 18 blocks,sa,112,112,14,1
fb_03,B109340,9,1,MASc PG 18 blocks,sa,112,112,14,1
fb_03,B109340,9,1,MASc PG 18 blocks,sa,112,112,14,1
fb_03,B109340,9,1,MASc PG 18 blocks,sa,112,112,14,1
ld_01,B65573,9,1,MASc PG 18 blocks,sa,112,112,14,1
ld_01,B68233,9,1,MASc PG 18 blocks,sa,112,112,14,1
ld_02,B109915,9,1,MASc PG 18 blocks,sa,112,112,14,1
ld_03,B109915,9,1,MASc PG 18 blocks,sa,112,112,14,1
pr_01,B108060,9,1,MASc PG 18 blocks,sa,112,112,14,1
pr_01,B108060,9,1,MASc PG 18 blocks,sa,112,112,14,1
pr_01,B108124,9,1,MASc PG 18 blocks,sa,112,112,14,1
pr_02,B108060,9,1,MASc PG 18 blocks,sa,112,112,14,1
pr_02,B108124,9,1,MASc PG 18 blocks,sa,112,112,14,1
pr_02,B108124,9,1,MASc PG 18 blocks,sa,112,112,14,1
pr_03,B107189,9,1,MASc PG 18 blocks,sa,112,112,14,1
pr_03,B107189,9,1,MASc PG 18 blocks,sa,112,112,14,1
pr_03,B68233,9,1,MASc PG 18 blocks,sa,112,112,14,1
sk_01,B108339,9,1,MASc PG 18 blocks,sa,112,112,14,1
sk_01,B109517,9,1,MASc PG 18 blocks,sa,112,112,14,1
sk_01,B68233,9,1,MASc PG 18 blocks,sa,112,112,14,1
sk_02,B109517,9,1,MASc PG 18 blocks,sa,112,112,14,1
sk_02,B110288,9,1,MASc PG 18 blocks,sa,112,112,14,1
sk_02,B68233,9,1,MASc PG 18 blocks,sa,112,112,14,1
sk_03,B108339,9,1,MASc PG 18 blocks,sa,112,112,14,1
sk_03,B68233,9,1,MASc PG 18 blocks,sa,112,112,14,1
sk_03,B68233,9,1,MASc PG 18 blocks,sa,112,112,14,1
fb_01,B109340,10,1,MASc PG 18 blocks,sa,112,112,14,1
fb_01,B111410,10,1,MASc PG 18 blocks,sa,112,112,14,1
fb_01,B42891,10,1,MASc PG 18 blocks,sa,112,112,14,1
fb_02,B107189,10,1,MASc PG 18 blocks,sa,112,112,14,1
fb_02,B110471,10,1,MASc PG 18 blocks,sa,112,112,14,1
fb_02,B68233,10,1,MASc PG 18 blocks,sa,112,112,14,1
fb_03,B109340,10,1,MASc PG 18 blocks,sa,112,112,14,1
fb_03,B109340,10,1,MASc PG 18 blocks,sa,112,112,14,1
fb_03,B111480,10,1,MASc PG 18 blocks,sa,112,112,14,1
ld_01,B107189,10,1,MASc PG 18 blocks,sa,112,112,14,1
ld_01,B108060,10,1,MASc PG 18 blocks,sa,112,112,14,1
ld_01,B68233,10,1,MASc PG 18 blocks,sa,112,112,14,1
ld_02,B107189,10,1,MASc PG 18 blocks,sa,112,112,14,1
ld_02,B108124,10,1,MASc PG 18 blocks,sa,112,112,14,1
ld_02,B68233,10,1,MASc PG 18 blocks,sa,112,112,14,1
ld_03,B108060,10,1,MASc PG 18 blocks,sa,112,112,14,1
ld_03,B108124,10,1,MASc PG 18 blocks,sa,112,112,14,1
ld_03,B108124,10,1,MASc PG 18 blocks,sa,112,112,14,1
pr_01,B109517,10,1,MASc PG 18 blocks,sa,112,112,14,1
pr_01,B68233,10,1,MASc PG 18 blocks,sa,112,112,14,1
pr_02,B108339,10,1,MASc PG 18 blocks,sa,112,112,14,1
pr_02,B68233,10,1,MASc PG 18 blocks,sa,112,112,14,1
pr_03,B108339,10,1,MASc PG 18 blocks,sa,112,112,14,1
pr_03,B109517,10,1,MASc PG 18 blocks,sa,112,112,14,1
sk_01,B109915,10,1,MASc PG 18 blocks,sa,112,112,14,1
sk_01,B109915,10,1,MASc PG 18 blocks,sa,112,112,14,1
sk_01,B68233,10,1,MASc PG 18 blocks,sa,112,112,14,1
sk_02,B109915,10,1,MASc PG 18 blocks,sa,112,112,14,1
sk_02,B109915,10,1,MASc PG 18 blocks,sa,112,112,14,1
sk_02,B109915,10,1,MASc PG 18 blocks,sa,112,112,14,1
sk_03,B109915,10,1,MASc PG 18 blocks,sa,112,112,14,1
sk_03,B68233,10,1,MASc PG 18 blocks,sa,112,112,14,1
sk_03,B68233,10,1,MASc PG 18 blocks,sa,112,112,14,1
fb_01,B44010,11,1,MASc PG 18 blocks,sa,112,112,14,1
fb_01,B45231,11,1,MASc PG 18 blocks,sa,112,112,14,1
fb_01,B53160,11,1,MASc PG 18 blocks,sa,112,112,14,1
fb_02,B109915,11,1,MASc PG 18 blocks,sa,112,112,14,1
fb_02,B110288,11,1,MASc PG 18 blocks,sa,112,112,14,1
fb_02,B110471,11,1,MASc PG 18 blocks,sa,112,112,14,1
fb_03,B109340,11,1,MASc PG 18 blocks,sa,112,112,14,1
fb_03,B109340,11,1,MASc PG 18 blocks,sa,112,112,14,1
fb_03,B109340,11,1,MASc PG 18 blocks,sa,112,112,14,1
ld_01,B109517,11,1,MASc PG 18 blocks,sa,112,112,14,1
ld_01,B68233,11,1,MASc PG 18 blocks,sa,112,112,14,1
ld_02,B109517,11,1,MASc PG 18 blocks,sa,112,112,14,1
ld_02,B68233,11,1,MASc PG 18 blocks,sa,112,112,14,1
ld_03,B108060,11,1,MASc PG 18 blocks,sa,112,112,14,1
ld_03,B108339,11,1,MASc PG 18 blocks,sa,112,112,14,1
pr_01,B109915,11,1,MASc PG 18 blocks,sa,112,112,14,1
pr_01,B68233,11,1,MASc PG 18 blocks,sa,112,112,14,1
pr_02,B109915,11,1,MASc PG 18 blocks,sa,112,112,14,1
pr_02,B109915,11,1,MASc PG 18 blocks,sa,112,112,14,1
pr_03,B68233,11,1,MASc PG 18 blocks,sa,112,112,14,1
sk_01,B109915,11,1,MASc PG 18 blocks,sa,112,112,14,1
sk_01,B42891,11,1,MASc PG 18 blocks,sa,112,112,14,1
sk_01,B68233,11,1,MASc PG 18 blocks,sa,112,112,14,1
sk_02,B107189,11,1,MASc PG 18 blocks,sa,112,112,14,1
sk_02,B109915,11,1,MASc PG 18 blocks,sa,112,112,14,1
sk_02,B68233,11,1,MASc PG 18 blocks,sa,112,112,14,1
sk_03,B109915,11,1,MASc PG 18 blocks,sa,112,112,14,1
sk_03,B68233,11,1,MASc PG 18 blocks,sa,112,112,14,1
sk_03,B68233,11,1,MASc PG 18 blocks,sa,112,112,14,1
fb_01,B55424,12,1,MASc PG 18 blocks,sa,112,112,14,1
fb_01,B65573,12,1,MASc PG 18 blocks,sa,112,112,14,1
fb_01,B68233,12,1,MASc PG 18 blocks,sa,112,112,14,1
fb_02,B107189,12,1,MASc PG 18 blocks,sa,112,112,14,1
fb_02,B109915,12,1,MASc PG 18 blocks,sa,112,112,14,1
fb_02,B68233,12,1,MASc PG 18 blocks,sa,112,112,14,1
fb_03,B109340,12,1,MASc PG 18 blocks,sa,112,112,14,1
fb_03,B109340,12,1,MASc PG 18 blocks,sa,112,112,14,1
fb_03,B109340,12,1,MASc PG 18 blocks,sa,112,112,14,1
ld_01,B109915,12,1,MASc PG 18 blocks,sa,112,112,14,1
ld_01,B68233,12,1,MASc PG 18 blocks,sa,112,112,14,1
ld_02,B109915,12,1,MASc PG 18 blocks,sa,112,112,14,1
ld_02,B68233,12,1,MASc PG 18 blocks,sa,112,112,14,1
ld_03,B109915,12,1,MASc PG 18 blocks,sa,112,112,14,1
pr_01,B109915,12,1,MASc PG 18 blocks,sa,112,112,14,1
pr_01,B68233,12,1,MASc PG 18 blocks,sa,112,112,14,1
pr_01,B68233,12,1,MASc PG 18 blocks,sa,112,112,14,1
pr_02,B109915,12,1,MASc PG 18 blocks,sa,112,112,14,1
pr_02,B42891,12,1,MASc PG 18 blocks,sa,112,112,14,1
pr_03,B107189,12,1,MASc PG 18 blocks,sa,112,112,14,1
pr_03,B42891,12,1,MASc PG 18 blocks,sa,112,112,14,1
sk_01,B109915,12,1,MASc PG 18 blocks,sa,112,112,14,1
sk_01,B109915,12,1,MASc PG 18 blocks,sa,112,112,14,1
sk_01,B45231,12,1,MASc PG 18 blocks,sa,112,112,14,1
sk_02,B109915,12,1,MASc PG 18 blocks,sa,112,112,14,1
sk_02,B53160,12,1,MASc PG 18 blocks,sa,112,112,14,1
sk_02,B68233,12,1,MASc PG 18 blocks,sa,112,112,14,1
sk_03,B107189,12,1,MASc PG 18 blocks,sa,112,112,14,1
sk_03,B44010,12,1,MASc PG 18 blocks,sa,112,112,14,1
sk_03,B68233,12,1,MASc PG 18 blocks,sa,112,112,14,1
fb_01,B107189,13,1,MASc PG 18 blocks,sa,112,112,14,1
fb_01,B108060,13,1,MASc PG 18 blocks,sa,112,112,14,1
fb_01,B108124,13,1,MASc PG 18 blocks,sa,112,112,14,1
fb_02,B107189,13,1,MASc PG 18 blocks,sa,112,112,14,1
fb_02,B110288,13,1,MASc PG 18 blocks,sa,112,112,14,1
fb_02,B110471,13,1,MASc PG 18 blocks,sa,112,112,14,1
fb_03,B109915,13,1,MASc PG 18 blocks,sa,112,112,14,1
fb_03,B109915,13,1,MASc PG 18 blocks,sa,112,112,14,1
fb_03,B109915,13,1,MASc PG 18 blocks,sa,112,112,14,1
ld_01,B109915,13,1,MASc PG 18 blocks,sa,112,112,14,1
ld_01,B109915,13,1,MASc PG 18 blocks,sa,112,112,14,1
ld_01,B68233,13,1,MASc PG 18 blocks,sa,112,112,14,1
ld_02,B42891,13,1,MASc PG 18 blocks,sa,112,112,14,1
ld_02,B68233,13,1,MASc PG 18 blocks,sa,112,112,14,1
ld_03,B107189,13,1,MASc PG 18 blocks,sa,112,112,14,1
ld_03,B42891,13,1,MASc PG 18 blocks,sa,112,112,14,1
pr_01,B107189,13,1,MASc PG 18 blocks,sa,112,112,14,1
pr_01,B109915,13,1,MASc PG 18 blocks,sa,112,112,14,1
pr_01,B109915,13,1,MASc PG 18 blocks,sa,112,112,14,1
pr_02,B44010,13,1,MASc PG 18 blocks,sa,112,112,14,1
pr_02,B68233,13,1,MASc PG 18 blocks,sa,112,112,14,1
pr_03,B45231,13,1,MASc PG 18 blocks,sa,112,112,14,1
pr_03,B53160,13,1,MASc PG 18 blocks,sa,112,112,14,1
sk_01,B110471,13,1,MASc PG 18 blocks,sa,112,112,14,1
sk_01,B65573,13,1,MASc PG 18 blocks,sa,112,112,14,1
sk_01,B68233,13,1,MASc PG 18 blocks,sa,112,112,14,1
sk_02,B107189,13,1,MASc PG 18 blocks,sa,112,112,14,1
sk_02,B65573,13,1,MASc PG 18 blocks,sa,112,112,14,1
sk_02,B68233,13,1,MASc PG 18 blocks,sa,112,112,14,1
sk_03,B55424,13,1,MASc PG 18 blocks,sa,112,112,14,1
sk_03,B55424,13,1,MASc PG 18 blocks,sa,112,112,14,1
sk_03,B68233,13,1,MASc PG 18 blocks,sa,112,112,14,1
fb_01,B108339,14,1,MASc PG 18 blocks,sa,112,112,14,1
fb_01,B109517,14,1,MASc PG 18 blocks,sa,112,112,14,1
fb_01,B109915,14,1,MASc PG 18 blocks,sa,112,112,14,1
fb_02,B107189,14,1,MASc PG 18 blocks,sa,112,112,14,1
fb_02,B110288,14,1,MASc PG 18 blocks,sa,112,112,14,1
fb_02,B110471,14,1,MASc PG 18 blocks,sa,112,112,14,1
fb_03,B109915,14,1,MASc PG 18 blocks,sa,112,112,14,1
fb_03,B109915,14,1,MASc PG 18 blocks,sa,112,112,14,1
fb_03,B109915,14,1,MASc PG 18 blocks,sa,112,112,14,1
ld_01,B109915,14,1,MASc PG 18 blocks,sa,112,112,14,1
ld_01,B45231,14,1,MASc PG 18 blocks,sa,112,112,14,1
ld_02,B109915,14,1,MASc PG 18 blocks,sa,112,112,14,1
ld_02,B68233,14,1,MASc PG 18 blocks,sa,112,112,14,1
ld_03,B68233,14,1,MASc PG 18 blocks,sa,112,112,14,1
pr_01,B55424,14,1,MASc PG 18 blocks,sa,112,112,14,1
pr_01,B65573,14,1,MASc PG 18 blocks,sa,112,112,14,1
pr_01,B68233,14,1,MASc PG 18 blocks,sa,112,112,14,1
pr_02,B55424,14,1,MASc PG 18 blocks,sa,112,112,14,1
pr_02,B65573,14,1,MASc PG 18 blocks,sa,112,112,14,1
pr_03,B107189,14,1,MASc PG 18 blocks,sa,112,112,14,1
pr_03,B68233,14,1,MASc PG 18 blocks,sa,112,112,14,1
sk_01,B107189,14,1,MASc PG 18 blocks,sa,112,112,14,1
sk_01,B107189,14,1,MASc PG 18 blocks,sa,112,112,14,1
sk_01,B108060,14,1,MASc PG 18 blocks,sa,112,112,14,1
sk_02,B107189,14,1,MASc PG 18 blocks,sa,112,112,14,1
sk_02,B108124,14,1,MASc PG 18 blocks,sa,112,112,14,1
sk_02,B68233,14,1,MASc PG 18 blocks,sa,112,112,14,1
sk_03,B108060,14,1,MASc PG 18 blocks,sa,112,112,14,1
sk_03,B108124,14,1,MASc PG 18 blocks,sa,112,112,14,1
sk_03,B68233,14,1,MASc PG 18 blocks,sa,112,112,14,1
fb_01,B107189,15,1,MASc PG 18 blocks,sa,112,112,14,1
fb_01,B108060,15,1,MASc PG 18 blocks,sa,112,112,14,1
fb_01,B110288,15,1,MASc PG 18 blocks,sa,112,112,14,1
fb_02,B107189,15,1,MASc PG 18 blocks,sa,112,112,14,1
fb_02,B109915,15,1,MASc PG 18 blocks,sa,112,112,14,1
fb_02,B110288,15,1,MASc PG 18 blocks,sa,112,112,14,1
fb_03,B110471,15,1,MASc PG 18 blocks,sa,112,112,14,1
fb_03,B111410,15,1,MASc PG 18 blocks,sa,112,112,14,1
fb_03,B111480,15,1,MASc PG 18 blocks,sa,112,112,14,1
fb_01,B109340,16,1,MASc PG 18 blocks,sa,112,112,14,1
fb_01,B109517,16,1,MASc PG 18 blocks,sa,112,112,14,1
fb_01,B111480,16,1,MASc PG 18 blocks,sa,112,112,14,1
fb_02,B110288,16,1,MASc PG 18 blocks,sa,112,112,14,1
fb_02,B111480,16,1,MASc PG 18 blocks,sa,112,112,14,1
fb_02,B55424,16,1,MASc PG 18 blocks,sa,112,112,14,1
fb_03,B108339,16,1,MASc PG 18 blocks,sa,112,112,14,1
fb_03,B110471,16,1,MASc PG 18 blocks,sa,112,112,14,1
fb_03,B111480,16,1,MASc PG 18 blocks,sa,112,112,14,1
sk_01,B107189,16,1,MASc PG 18 blocks,sa,112,112,14,1
sk_01,B108060,16,1,MASc PG 18 blocks,sa,112,112,14,1
sk_01,B109915,16,1,MASc PG 18 blocks,sa,112,112,14,1
sk_02,B107189,16,1,MASc PG 18 blocks,sa,112,112,14,1
sk_02,B109915,16,1,MASc PG 18 blocks,sa,112,112,14,1
sk_02,B110288,16,1,MASc PG 18 blocks,sa,112,112,14,1
sk_03,B107189,16,1,MASc PG 18 blocks,sa,112,112,14,1
sk_03,B109915,16,1,MASc PG 18 blocks,sa,112,112,14,1
sk_03,B110288,16,1,MASc PG 18 blocks,sa,112,112,14,1
fb_01,B109915,17,1,MASc PG 18 blocks,sa,112,112,14,1
fb_01,B110471,17,1,MASc PG 18 blocks,sa,112,112,14,1
fb_01,B110471,17,1,MASc PG 18 blocks,sa,112,112,14,1
fb_02,B107189,17,1,MASc PG 18 blocks,sa,112,112,14,1
fb_02,B108339,17,1,MASc PG 18 blocks,sa,112,112,14,1
fb_02,B68233,17,1,MASc PG 18 blocks,sa,112,112,14,1
fb_03,B111480,17,1,MASc PG 18 blocks,sa,112,112,14,1
fb_03,B111480,17,1,MASc PG 18 blocks,sa,112,112,14,1
fb_03,B111480,17,1,MASc PG 18 blocks,sa,112,112,14,1
pr_01,B108060,17,1,MASc PG 18 blocks,sa,112,112,14,1
pr_01,B109915,17,1,MASc PG 18 blocks,sa,112,112,14,1
pr_02,B107189,17,1,MASc PG 18 blocks,sa,112,112,14,1
pr_02,B110288,17,1,MASc PG 18 blocks,sa,112,112,14,1
pr_03,B107189,17,1,MASc PG 18 blocks,sa,112,112,14,1
sk_01,B109517,17,1,MASc PG 18 blocks,sa,112,112,14,1
sk_01,B110288,17,1,MASc PG 18 blocks,sa,112,112,14,1
sk_01,B110288,17,1,MASc PG 18 blocks,sa,112,112,14,1
sk_02,B110288,17,1,MASc PG 18 blocks,sa,112,112,14,1
sk_02,B110288,17,1,MASc PG 18 blocks,sa,112,112,14,1
sk_02,B55424,17,1,MASc PG 18 blocks,sa,112,112,14,1
sk_03,B108339,17,1,MASc PG 18 blocks,sa,112,112,14,1
sk_03,B110288,17,1,MASc PG 18 blocks,sa,112,112,14,1
sk_03,B110471,17,1,MASc PG 18 blocks,sa,112,112,14,1
fb_01,B111410,18,1,MASc PG 18 blocks,sa,112,112,14,1
fb_01,B111480,18,1,MASc PG 18 blocks,sa,112,112,14,1
fb_01,B42891,18,1,MASc PG 18 blocks,sa,112,112,14,1
fb_02,B109915,18,1,MASc PG 18 blocks,sa,112,112,14,1
fb_02,B110288,18,1,MASc PG 18 blocks,sa,112,112,14,1
fb_02,B110471,18,1,MASc PG 18 blocks,sa,112,112,14,1
fb_03,B110471,18,1,MASc PG 18 blocks,sa,112,112,14,1
fb_03,B111480,18,1,MASc PG 18 blocks,sa,112,112,14,1
fb_03,B111480,18,1,MASc PG 18 blocks,sa,112,112,14,1
ld_01,B109915,18,1,MASc PG 18 blocks,sa,112,112,14,1
ld_02,B110288,18,1,MASc PG 18 blocks,sa,112,112,14,1
ld_03,B107189,18,1,MASc PG 18 blocks,sa,112,112,14,1
pr_01,B110288,18,1,MASc PG 18 blocks,sa,112,112,14,1
pr_02,B110288,18,1,MASc PG 18 blocks,sa,112,112,14,1
pr_03,B55424,18,1,MASc PG 18 blocks,sa,112,112,14,1
sk_01,B107189,18,1,MASc PG 18 blocks,sa,112,112,14,1
sk_01,B108339,18,1,MASc PG 18 blocks,sa,112,112,14,1
sk_01,B68233,18,1,MASc PG 18 blocks,sa,112,112,14,1
sk_02,B108339,18,1,MASc PG 18 blocks,sa,112,112,14,1
sk_02,B109915,18,1,MASc PG 18 blocks,sa,112,112,14,1
sk_02,B68233,18,1,MASc PG 18 blocks,sa,112,112,14,1
sk_03,B107189,18,1,MASc PG 18 blocks,sa,112,112,14,1
sk_03,B109915,18,1,MASc PG 18 blocks,sa,112,112,14,1
sk_03,B68233,18,1,MASc PG 18 blocks,sa,112,112,14,1
fb_01,B44010,19,1,MASc PG 18 blocks,sa,112,112,14,1
fb_01,B45231,19,1,MASc PG 18 blocks,sa,112,112,14,1
fb_01,B53160,19,1,MASc PG 18 blocks,sa,112,112,14,1
fb_02,B109915,19,1,MASc PG 18 blocks,sa,112,112,14,1
fb_02,B55424,19,1,MASc PG 18 blocks,sa,112,112,14,1
fb_02,B68233,19,1,MASc PG 18 blocks,sa,112,112,14,1
fb_03,B111480,19,1,MASc PG 18 blocks,sa,112,112,14,1
fb_03,B111480,19,1,MASc PG 18 blocks,sa,112,112,14,1
fb_03,B111480,19,1,MASc PG 18 blocks,sa,112,112,14,1
ld_01,B110288,19,1,MASc PG 18 blocks,sa,112,112,14,1
ld_02,B110288,19,1,MASc PG 18 blocks,sa,112,112,14,1
pr_01,B107189,19,1,MASc PG 18 blocks,sa,112,112,14,1
pr_01,B68233,19,1,MASc PG 18 blocks,sa,112,112,14,1
pr_02,B108339,19,1,MASc PG 18 blocks,sa,112,112,14,1
pr_02,B109915,19,1,MASc PG 18 blocks,sa,112,112,14,1
pr_03,B107189,19,1,MASc PG 18 blocks,sa,112,112,14,1
pr_03,B108339,19,1,MASc PG 18 blocks,sa,112,112,14,1
sk_01,B109915,19,1,MASc PG 18 blocks,sa,112,112,14,1
sk_01,B109915,19,1,MASc PG 18 blocks,sa,112,112,14,1
sk_01,B42891,19,1,MASc PG 18 blocks,sa,112,112,14,1
sk_02,B109915,19,1,MASc PG 18 blocks,sa,112,112,14,1
sk_02,B109915,19,1,MASc PG 18 blocks,sa,112,112,14,1
sk_02,B110288,19,1,MASc PG 18 blocks,sa,112,112,14,1
sk_03,B109915,19,1,MASc PG 18 blocks,sa,112,112,14,1
sk_03,B109915,19,1,MASc PG 18 blocks,sa,112,112,14,1
sk_03,B110288,19,1,MASc PG 18 blocks,sa,112,112,14,1
fb_01,B55424,20,1,MASc PG 18 blocks,sa,112,112,14,1
fb_01,B65573,20,1,MASc PG 18 blocks,sa,112,112,14,1
fb_01,B68233,20,1,MASc PG 18 blocks,sa,112,112,14,1
fb_02,B109915,20,1,MASc PG 18 blocks,sa,112,112,14,1
fb_02,B110471,20,1,MASc PG 18 blocks,sa,112,112,14,1
fb_02,B111480,20,1,MASc PG 18 blocks,sa,112,112,14,1
fb_03,B111480,20,1,MASc PG 18 blocks,sa,112,112,14,1
fb_03,B111480,20,1,MASc PG 18 blocks,sa,112,112,14,1
fb_03,B111480,20,1,MASc PG 18 blocks,sa,112,112,14,1
ld_01,B107189,20,1,MASc PG 18 blocks,sa,112,112,14,1
ld_01,B109915,20,1,MASc PG 18 blocks,sa,112,112,14,1
ld_02,B107189,20,1,MASc PG 18 blocks,sa,112,112,14,1
ld_02,B108339,20,1,MASc PG 18 blocks,sa,112,112,14,1
ld_03,B68233,20,1,MASc PG 18 blocks,sa,112,112,14,1
pr_01,B109915,20,1,MASc PG 18 blocks,sa,112,112,14,1
pr_01,B109915,20,1,MASc PG 18 blocks,sa,112,112,14,1
pr_02,B109915,20,1,MASc PG 18 blocks,sa,112,112,14,1
pr_02,B110288,20,1,MASc PG 18 blocks,sa,112,112,14,1
pr_03,B109915,20,1,MASc PG 18 blocks,sa,112,112,14,1
pr_03,B42891,20,1,MASc PG 18 blocks,sa,112,112,14,1
sk_01,B45231,20,1,MASc PG 18 blocks,sa,112,112,14,1
sk_01,B55424,20,1,MASc PG 18 blocks,sa,112,112,14,1
sk_01,B68233,20,1,MASc PG 18 blocks,sa,112,112,14,1
sk_02,B53160,20,1,MASc PG 18 blocks,sa,112,112,14,1
sk_02,B55424,20,1,MASc PG 18 blocks,sa,112,112,14,1
sk_02,B68233,20,1,MASc PG 18 blocks,sa,112,112,14,1
sk_03,B109915,20,1,MASc PG 18 blocks,sa,112,112,14,1
sk_03,B44010,20,1,MASc PG 18 blocks,sa,112,112,14,1
sk_03,B68233,20,1,MASc PG 18 blocks,sa,112,112,14,1
fb_01,B107189,21,1,MASc PG 18 blocks,sa,112,112,14,1
fb_01,B108060,21,1,MASc PG 18 blocks,sa,112,112,14,1
fb_01,B108124,21,1,MASc PG 18 blocks,sa,112,112,14,1
fb_02,B107189,21,1,MASc PG 18 blocks,sa,112,112,14,1
fb_02,B55424,21,1,MASc PG 18 blocks,sa,112,112,14,1
fb_02,B68233,21,1,MASc PG 18 blocks,sa,112,112,14,1
fb_03,B109340,21,1,MASc PG 18 blocks,sa,112,112,14,1
fb_03,B111480,21,1,MASc PG 18 blocks,sa,112,112,14,1
fb_03,B111480,21,1,MASc PG 18 blocks,sa,112,112,14,1
ld_01,B109915,21,1,MASc PG 18 blocks,sa,112,112,14,1
ld_01,B109915,21,1,MASc PG 18 blocks,sa,112,112,14,1
ld_02,B109915,21,1,MASc PG 18 blocks,sa,112,112,14,1
ld_02,B110288,21,1,MASc PG 18 blocks,sa,112,112,14,1
ld_03,B109915,21,1,MASc PG 18 blocks,sa,112,112,14,1
pr_01,B44010,21,1,MASc PG 18 blocks,sa,112,112,14,1
pr_01,B55424,21,1,MASc PG 18 blocks,sa,112,112,14,1
pr_01,B68233,21,1,MASc PG 18 blocks,sa,112,112,14,1
pr_02,B53160,21,1,MASc PG 18 blocks,sa,112,112,14,1
pr_02,B68233,21,1,MASc PG 18 blocks,sa,112,112,14,1
pr_03,B45231,21,1,MASc PG 18 blocks,sa,112,112,14,1
pr_03,B55424,21,1,MASc PG 18 blocks,sa,112,112,14,1
sk_01,B65573,21,1,MASc PG 18 blocks,sa,112,112,14,1
sk_01,B68233,21,1,MASc PG 18 blocks,sa,112,112,14,1
sk_01,B68233,21,1,MASc PG 18 blocks,sa,112,112,14,1
sk_02,B109915,21,1,MASc PG 18 blocks,sa,112,112,14,1
sk_02,B65573,21,1,MASc PG 18 blocks,sa,112,112,14,1
sk_02,B68233,21,1,MASc PG 18 blocks,sa,112,112,14,1
sk_03,B109915,21,1,MASc PG 18 blocks,sa,112,112,14,1
sk_03,B55424,21,1,MASc PG 18 blocks,sa,112,112,14,1
sk_03,B68233,21,1,MASc PG 18 blocks,sa,112,112,14,1
fb_01,B108339,22,1,MASc PG 18 blocks,sa,112,112,14,1
fb_01,B109517,22,1,MASc PG 18 blocks,sa,112,112,14,1
fb_01,B68233,22,1,MASc PG 18 blocks,sa,112,112,14,1
fb_02,B109915,22,1,MASc PG 18 blocks,sa,112,112,14,1
fb_02,B110288,22,1,MASc PG 18 blocks,sa,112,112,14,1
fb_02,B110471,22,1,MASc PG 18 blocks,sa,112,112,14,1
fb_03,B109340,22,1,MASc PG 18 blocks,sa,112,112,14,1
fb_03,B111480,22,1,MASc PG 18 blocks,sa,112,112,14,1
fb_03,B111480,22,1,MASc PG 18 blocks,sa,112,112,14,1
ld_01,B45231,22,1,MASc PG 18 blocks,sa,112,112,14,1
ld_01,B68233,22,1,MASc PG 18 blocks,sa,112,112,14,1
ld_02,B68233,22,1,MASc PG 18 blocks,sa,112,112,14,1
ld_03,B55424,22,1,MASc PG 18 blocks,sa,112,112,14,1
pr_01,B109915,22,1,MASc PG 18 blocks,sa,112,112,14,1
pr_01,B65573,22,1,MASc PG 18 blocks,sa,112,112,14,1
pr_02,B55424,22,1,MASc PG 18 blocks,sa,112,112,14,1
pr_02,B68233,22,1,MASc PG 18 blocks,sa,112,112,14,1
pr_03,B68233,22,1,MASc PG 18 blocks,sa,112,112,14,1
sk_01,B107189,22,1,MASc PG 18 blocks,sa,112,112,14,1
sk_01,B108060,22,1,MASc PG 18 blocks,sa,112,112,14,1
sk_01,B108124,22,1,MASc PG 18 blocks,sa,112,112,14,1
sk_02,B107189,22,1,MASc PG 18 blocks,sa,112,112,14,1
sk_02,B108060,22,1,MASc PG 18 blocks,sa,112,112,14,1
sk_02,B55424,22,1,MASc PG 18 blocks,sa,112,112,14,1
sk_03,B107189,22,1,MASc PG 18 blocks,sa,112,112,14,1
sk_03,B108124,22,1,MASc PG 18 blocks,sa,112,112,14,1
sk_03,B55424,22,1,MASc PG 18 blocks,sa,112,112,14,1
fb_01,B107189,23,1,MASc PG 18 blocks,sa,112,112,14,1
fb_01,B109915,23,1,MASc PG 18 blocks,sa,112,112,14,1
fb_01,B110288,23,1,MASc PG 18 blocks,sa,112,112,14,1
fb_02,B110471,23,1,MASc PG 18 blocks,sa,112,112,14,1
fb_02,B55424,23,1,MASc PG 18 blocks,sa,112,112,14,1
fb_02,B68233,23,1,MASc PG 18 blocks,sa,112,112,14,1
fb_03,B109340,23,1,MASc PG 18 blocks,sa,112,112,14,1
fb_03,B109340,23,1,MASc PG 18 blocks,sa,112,112,14,1
fb_03,B109340,23,1,MASc PG 18 blocks,sa,112,112,14,1
ld_01,B109915,23,1,MASc PG 18 blocks,sa,112,112,14,1
ld_01,B55424,23,1,MASc PG 18 blocks,sa,112,112,14,1
ld_02,B65573,23,1,MASc PG 18 blocks,sa,112,112,14,1
ld_02,B68233,23,1,MASc PG 18 blocks,sa,112,112,14,1
ld_03,B68233,23,1,MASc PG 18 blocks,sa,112,112,14,1
pr_01,B107189,23,1,MASc PG 18 blocks,sa,112,112,14,1
pr_01,B108124,23,1,MASc PG 18 blocks,sa,112,112,14,1
pr_01,B55424,23,1,MASc PG 18 blocks,sa,112,112,14,1
pr_02,B107189,23,1,MASc PG 18 blocks,sa,112,112,14,1
pr_02,B108060,23,1,MASc PG 18 blocks,sa,112,112,14,1
pr_02,B55424,23,1,MASc PG 18 blocks,sa,112,112,14,1
pr_03,B108060,23,1,MASc PG 18 blocks,sa,112,112,14,1
pr_03,B55424,23,1,MASc PG 18 blocks,sa,112,112,14,1
sk_01,B109517,23,1,MASc PG 18 blocks,sa,112,112,14,1
sk_01,B68233,23,1,MASc PG 18 blocks,sa,112,112,14,1
sk_01,B68233,23,1,MASc PG 18 blocks,sa,112,112,14,1
sk_02,B108339,23,1,MASc PG 18 blocks,sa,112,112,14,1
sk_02,B109517,23,1,MASc PG 18 blocks,sa,112,112,14,1
sk_02,B109915,23,1,MASc PG 18 blocks,sa,112,112,14,1
sk_03,B108339,23,1,MASc PG 18 blocks,sa,112,112,14,1
sk_03,B109915,23,1,MASc PG 18 blocks,sa,112,112,14,1
sk_03,B68233,23,1,MASc PG 18 blocks,sa,112,112,14,1
fb_01,B109340,24,1,MASc PG 18 blocks,sa,112,112,14,1
fb_01,B111410,24,1,MASc PG 18 blocks,sa,112,112,14,1
fb_01,B42891,24,1,MASc PG 18 blocks,sa,112,112,14,1
fb_02,B109915,24,1,MASc PG 18 blocks,sa,112,112,14,1
fb_02,B110288,24,1,MASc PG 18 blocks,sa,112,112,14,1
fb_02,B110471,24,1,MASc PG 18 blocks,sa,112,112,14,1
fb_03,B109340,24,1,MASc PG 18 blocks,sa,112,112,14,1
fb_03,B109340,24,1,MASc PG 18 blocks,sa,112,112,14,1
fb_03,B109340,24,1,MASc PG 18 blocks,sa,112,112,14,1
ld_01,B107189,24,1,MASc PG 18 blocks,sa,112,112,14,1
ld_01,B108060,24,1,MASc PG 18 blocks,sa,112,112,14,1
ld_02,B55424,24,1,MASc PG 18 blocks,sa,112,112,14,1
ld_02,B55424,24,1,MASc PG 18 blocks,sa,112,112,14,1
ld_03,B108060,24,1,MASc PG 18 blocks,sa,112,112,14,1
ld_03,B108124,24,1,MASc PG 18 blocks,sa,112,112,14,1
pr_01,B108339,24,1,MASc PG 18 blocks,sa,112,112,14,1
pr_01,B109517,24,1,MASc PG 18 blocks,sa,112,112,14,1
pr_01,B68233,24,1,MASc PG 18 blocks,sa,112,112,14,1
pr_02,B109517,24,1,MASc PG 18 blocks,sa,112,112,14,1
pr_02,B68233,24,1,MASc PG 18 blocks,sa,112,112,14,1
pr_03,B108339,24,1,MASc PG 18 blocks,sa,112,112,14,1
pr_03,B109915,24,1,MASc PG 18 blocks,sa,112,112,14,1
sk_01,B109915,24,1,MASc PG 18 blocks,sa,112,112,14,1
sk_01,B55424,24,1,MASc PG 18 blocks,sa,112,112,14,1
sk_01,B68233,24,1,MASc PG 18 blocks,sa,112,112,14,1
sk_02,B107189,24,1,MASc PG 18 blocks,sa,112,112,14,1
sk_02,B109915,24,1,MASc PG 18 blocks,sa,112,112,14,1
sk_02,B68233,24,1,MASc PG 18 blocks,sa,112,112,14,1
sk_03,B107189,24,1,MASc PG 18 blocks,sa,112,112,14,1
sk_03,B68233,24,1,MASc PG 18 blocks,sa,112,112,14,1
sk_03,B68233,24,1,MASc PG 18 blocks,sa,112,112,14,1
fb_01,B44010,25,1,MASc PG 18 blocks,sa,112,112,14,1
fb_01,B45231,25,1,MASc PG 18 blocks,sa,112,112,14,1
fb_01,B53160,25,1,MASc PG 18 blocks,sa,112,112,14,1
fb_02,B107189,25,1,MASc PG 18 blocks,sa,112,112,14,1
fb_02,B109915,25,1,MASc PG 18 blocks,sa,112,112,14,1
fb_02,B68233,25,1,MASc PG 18 blocks,sa,112,112,14,1
fb_03,B109340,25,1,MASc PG 18 blocks,sa,112,112,14,1
fb_03,B109340,25,1,MASc PG 18 blocks,sa,112,112,14,1
fb_03,B109340,25,1,MASc PG 18 blocks,sa,112,112,14,1
ld_01,B108339,25,1,MASc PG 18 blocks,sa,112,112,14,1
ld_01,B109915,25,1,MASc PG 18 blocks,sa,112,112,14,1
ld_02,B109517,25,1,MASc PG 18 blocks,sa,112,112,14,1
ld_02,B68233,25,1,MASc PG 18 blocks,sa,112,112,14,1
ld_03,B109517,25,1,MASc PG 18 blocks,sa,112,112,14,1
ld_03,B68233,25,1,MASc PG 18 blocks,sa,112,112,14,1
pr_01,B107189,25,1,MASc PG 18 blocks,sa,112,112,14,1
pr_01,B107189,25,1,MASc PG 18 blocks,sa,112,112,14,1
pr_01,B68233,25,1,MASc PG 18 blocks,sa,112,112,14,1
pr_02,B109915,25,1,MASc PG 18 blocks,sa,112,112,14,1
pr_02,B68233,25,1,MASc PG 18 blocks,sa,112,112,14,1
pr_03,B109915,25,1,MASc PG 18 blocks,sa,112,112,14,1
pr_03,B55424,25,1,MASc PG 18 blocks,sa,112,112,14,1
sk_01,B109915,25,1,MASc PG 18 blocks,sa,112,112,14,1
sk_01,B42891,25,1,MASc PG 18 blocks,sa,112,112,14,1
sk_01,B68233,25,1,MASc PG 18 blocks,sa,112,112,14,1
sk_02,B109915,25,1,MASc PG 18 blocks,sa,112,112,14,1
sk_02,B109915,25,1,MASc PG 18 blocks,sa,112,112,14,1
sk_02,B68233,25,1,MASc PG 18 blocks,sa,112,112,14,1
sk_03,B109915,25,1,MASc PG 18 blocks,sa,112,112,14,1
sk_03,B109915,25,1,MASc PG 18 blocks,sa,112,112,14,1
sk_03,B68233,25,1,MASc PG 18 blocks,sa,112,112,14,1
fb_01,B55424,26,1,MASc PG 18 blocks,sa,112,112,14,1
fb_01,B65573,26,1,MASc PG 18 blocks,sa,112,112,14,1
fb_01,B68233,26,1,MASc PG 18 blocks,sa,112,112,14,1
fb_02,B110288,26,1,MASc PG 18 blocks,sa,112,112,14,1
fb_02,B110471,26,1,MASc PG 18 blocks,sa,112,112,14,1
fb_02,B68233,26,1,MASc PG 18 blocks,sa,112,112,14,1
fb_03,B109340,26,1,MASc PG 18 blocks,sa,112,112,14,1
fb_03,B109340,26,1,MASc PG 18 blocks,sa,112,112,14,1
fb_03,B109340,26,1,MASc PG 18 blocks,sa,112,112,14,1
ld_01,B109915,26,1,MASc PG 18 blocks,sa,112,112,14,1
ld_01,B109915,26,1,MASc PG 18 blocks,sa,112,112,14,1
ld_01,B68233,26,1,MASc PG 18 blocks,sa,112,112,14,1
ld_02,B107189,26,1,MASc PG 18 blocks,sa,112,112,14,1
ld_02,B107189,26,1,MASc PG 18 blocks,sa,112,112,14,1
ld_02,B109915,26,1,MASc PG 18 blocks,sa,112,112,14,1
ld_03,B55424,26,1,MASc PG 18 blocks,sa,112,112,14,1
ld_03,B68233,26,1,MASc PG 18 blocks,sa,112,112,14,1
ld_03,B68233,26,1,MASc PG 18 blocks,sa,112,112,14,1
pr_01,B109915,26,1,MASc PG 18 blocks,sa,112,112,14,1
pr_01,B68233,26,1,MASc PG 18 blocks,sa,112,112,14,1
pr_02,B109915,26,1,MASc PG 18 blocks,sa,112,112,14,1
pr_02,B42891,26,1,MASc PG 18 blocks,sa,112,112,14,1
pr_03,B42891,26,1,MASc PG 18 blocks,sa,112,112,14,1
pr_03,B68233,26,1,MASc PG 18 blocks,sa,112,112,14,1
sk_01,B107189,26,1,MASc PG 18 blocks,sa,112,112,14,1
sk_01,B44010,26,1,MASc PG 18 blocks,sa,112,112,14,1
sk_01,B53160,26,1,MASc PG 18 blocks,sa,112,112,14,1
sk_02,B107189,26,1,MASc PG 18 blocks,sa,112,112,14,1
sk_02,B45231,26,1,MASc PG 18 blocks,sa,112,112,14,1
sk_02,B68233,26,1,MASc PG 18 blocks,sa,112,112,14,1
sk_03,B44010,26,1,MASc PG 18 blocks,sa,112,112,14,1
sk_03,B68233,26,1,MASc PG 18 blocks,sa,112,112,14,1
sk_03,B68233,26,1,MASc PG 18 blocks,sa,112,112,14,1
fb_01,B107189,27,1,MASc PG 18 blocks,sa,112,112,14,1
fb_01,B108060,27,1,MASc PG 18 blocks,sa,112,112,14,1
fb_01,B108124,27,1,MASc PG 18 blocks,sa,112,112,14,1
fb_02,B107189,27,1,MASc PG 18 blocks,sa,112,112,14,1
fb_02,B109915,27,1,MASc PG 18 blocks,sa,112,112,14,1
fb_02,B110288,27,1,MASc PG 18 blocks,sa,112,112,14,1
fb_03,B109340,27,1,MASc PG 18 blocks,sa,112,112,14,1
fb_03,B109340,27,1,MASc PG 18 blocks,sa,112,112,14,1
fb_03,B109915,27,1,MASc PG 18 blocks,sa,112,112,14,1
ld_01,B109915,27,1,MASc PG 18 blocks,sa,112,112,14,1
ld_01,B68233,27,1,MASc PG 18 blocks,sa,112,112,14,1
ld_02,B109915,27,1,MASc PG 18 blocks,sa,112,112,14,1
ld_02,B42891,27,1,MASc PG 18 blocks,sa,112,112,14,1
ld_03,B42891,27,1,MASc PG 18 blocks,sa,112,112,14,1
ld_03,B68233,27,1,MASc PG 18 blocks,sa,112,112,14,1
pr_01,B44010,27,1,MASc PG 18 blocks,sa,112,112,14,1
pr_01,B44010,27,1,MASc PG 18 blocks,sa,112,112,14,1
pr_01,B68233,27,1,MASc PG 18 blocks,sa,112,112,14,1
pr_02,B107189,27,1,MASc PG 18 blocks,sa,112,112,14,1
pr_02,B53160,27,1,MASc PG 18 blocks,sa,112,112,14,1
pr_02,B68233,27,1,MASc PG 18 blocks,sa,112,112,14,1
pr_03,B107189,27,1,MASc PG 18 blocks,sa,112,112,14,1
pr_03,B45231,27,1,MASc PG 18 blocks,sa,112,112,14,1
pr_03,B53160,27,1,MASc PG 18 blocks,sa,112,112,14,1
sk_01,B55424,27,1,MASc PG 18 blocks,sa,112,112,14,1
sk_01,B55424,27,1,MASc PG 18 blocks,sa,112,112,14,1
sk_01,B65573,27,1,MASc PG 18 blocks,sa,112,112,14,1
sk_02,B65573,27,1,MASc PG 18 blocks,sa,112,112,14,1
sk_02,B68233,27,1,MASc PG 18 blocks,sa,112,112,14,1
sk_02,B68233,27,1,MASc PG 18 blocks,sa,112,112,14,1
sk_03,B68233,27,1,MASc PG 18 blocks,sa,112,112,14,1
sk_03,B68233,27,1,MASc PG 18 blocks,sa,112,112,14,1
sk_03,B68233,27,1,MASc PG 18 blocks,sa,112,112,14,1
fb_01,B109517,28,1,MASc PG 18 blocks,sa,112,112,14,1
fb_01,B109915,28,1,MASc PG 18 blocks,sa,112,112,14,1
fb_01,B110471,28,1,MASc PG 18 blocks,sa,112,112,14,1
fb_02,B107189,28,1,MASc PG 18 blocks,sa,112,112,14,1
fb_02,B108339,28,1,MASc PG 18 blocks,sa,112,112,14,1
fb_02,B68233,28,1,MASc PG 18 blocks,sa,112,112,14,1
fb_03,B109915,28,1,MASc PG 18 blocks,sa,112,112,14,1
fb_03,B109915,28,1,MASc PG 18 blocks,sa,112,112,14,1
fb_03,B109915,28,1,MASc PG 18 blocks,sa,112,112,14,1
ld_01,B44010,28,1,MASc PG 18 blocks,sa,112,112,14,1
ld_01,B53160,28,1,MASc PG 18 blocks,sa,112,112,14,1
ld_01,B68233,28,1,MASc PG 18 blocks,sa,112,112,14,1
ld_02,B44010,28,1,MASc PG 18 blocks,sa,112,112,14,1
ld_02,B45231,28,1,MASc PG 18 blocks,sa,112,112,14,1
ld_02,B68233,28,1,MASc PG 18 blocks,sa,112,112,14,1
ld_03,B107189,28,1,MASc PG 18 blocks,sa,112,112,14,1
ld_03,B53160,28,1,MASc PG 18 blocks,sa,112,112,14,1
pr_01,B55424,28,1,MASc PG 18 blocks,sa,112,112,14,1
pr_01,B65573,28,1,MASc PG 18 blocks,sa,112,112,14,1
pr_01,B68233,28,1,MASc PG 18 blocks,sa,112,112,14,1
pr_02,B55424,28,1,MASc PG 18 blocks,sa,112,112,14,1
pr_02,B65573,28,1,MASc PG 18 blocks,sa,112,112,14,1
pr_03,B55424,28,1,MASc PG 18 blocks,sa,112,112,14,1
pr_03,B68233,28,1,MASc PG 18 blocks,sa,112,112,14,1
sk_01,B107189,28,1,MASc PG 18 blocks,sa,112,112,14,1
sk_01,B108060,28,1,MASc PG 18 blocks,sa,112,112,14,1
sk_01,B109915,28,1,MASc PG 18 blocks,sa,112,112,14,1
sk_02,B107189,28,1,MASc PG 18 blocks,sa,112,112,14,1
sk_02,B108124,28,1,MASc PG 18 blocks,sa,112,112,14,1
sk_02,B68233,28,1,MASc PG 18 blocks,sa,112,112,14,1
sk_03,B108124,28,1,MASc PG 18 blocks,sa,112,112,14,1
sk_03,B108124,28,1,MASc PG 18 blocks,sa,112,112,14,1
sk_03,B68233,28,1,MASc PG 18 blocks,sa,112,112,14,1
fb_01,B107189,29,1,MASc PG 18 blocks,sa,112,112,14,1
fb_01,B108124,29,1,MASc PG 18 blocks,sa,112,112,14,1
fb_01,B109915,29,1,MASc PG 18 blocks,sa,112,112,14,1
fb_02,B68233,29,1,MASc PG 18 blocks,sa,112,112,14,1
fb_02,B68233,29,1,MASc PG 18 blocks,sa,112,112,14,1
fb_02,B68233,29,1,MASc PG 18 blocks,sa,112,112,14,1
fb_03,B109915,29,1,MASc PG 18 blocks,sa,112,112,14,1
fb_03,B111480,29,1,MASc PG 18 blocks,sa,112,112,14,1
fb_03,B55424,29,1,MASc PG 18 blocks,sa,112,112,14,1
fb_01,B108339,30,1,MASc PG 18 blocks,sa,112,112,14,1
fb_01,B109340,30,1,MASc PG 18 blocks,sa,112,112,14,1
fb_01,B111480,30,1,MASc PG 18 blocks,sa,112,112,14,1
fb_02,B108339,30,1,MASc PG 18 blocks,sa,112,112,14,1
fb_02,B109915,30,1,MASc PG 18 blocks,sa,112,112,14,1
fb_02,B109915,30,1,MASc PG 18 blocks,sa,112,112,14,1
fb_03,B109517,30,1,MASc PG 18 blocks,sa,112,112,14,1
fb_03,B110288,30,1,MASc PG 18 blocks,sa,112,112,14,1
fb_03,B111480,30,1,MASc PG 18 blocks,sa,112,112,14,1
sk_01,B107189,30,1,MASc PG 18 blocks,sa,112,112,14,1
sk_01,B108124,30,1,MASc PG 18 blocks,sa,112,112,14,1
sk_01,B68233,30,1,MASc PG 18 blocks,sa,112,112,14,1
sk_02,B108124,30,1,MASc PG 18 blocks,sa,112,112,14,1
sk_02,B68233,30,1,MASc PG 18 blocks,sa,112,112,14,1
sk_02,B68233,30,1,MASc PG 18 blocks,sa,112,112,14,1
sk_03,B55424,30,1,MASc PG 18 blocks,sa,112,112,14,1
sk_03,B68233,30,1,MASc PG 18 blocks,sa,112,112,14,1
sk_03,B68233,30,1,MASc PG 18 blocks,sa,112,112,14,1
fb_01,B109915,31,1,MASc PG 18 blocks,sa,112,112,14,1
fb_01,B110471,31,1,MASc PG 18 blocks,sa,112,112,14,1
fb_01,B111480,31,1,MASc PG 18 blocks,sa,112,112,14,1
fb_02,B110288,31,1,MASc PG 18 blocks,sa,112,112,14,1
fb_02,B110471,31,1,MASc PG 18 blocks,sa,112,112,14,1
fb_02,B111410,31,1,MASc PG 18 blocks,sa,112,112,14,1
fb_03,B110288,31,1,MASc PG 18 blocks,sa,112,112,14,1
fb_03,B111480,31,1,MASc PG 18 blocks,sa,112,112,14,1
fb_03,B111480,31,1,MASc PG 18 blocks,sa,112,112,14,1
pr_01,B68233,31,1,MASc PG 18 blocks,sa,112,112,14,1
pr_01,B68233,31,1,MASc PG 18 blocks,sa,112,112,14,1
pr_02,B108124,31,1,MASc PG 18 blocks,sa,112,112,14,1
pr_03,B55424,31,1,MASc PG 18 blocks,sa,112,112,14,1
sk_01,B109517,31,1,MASc PG 18 blocks,sa,112,112,14,1
sk_01,B109915,31,1,MASc PG 18 blocks,sa,112,112,14,1
sk_01,B109915,31,1,MASc PG 18 blocks,sa,112,112,14,1
sk_02,B109915,31,1,MASc PG 18 blocks,sa,112,112,14,1
sk_02,B109915,31,1,MASc PG 18 blocks,sa,112,112,14,1
sk_02,B109915,31,1,MASc PG 18 blocks,sa,112,112,14,1
sk_03,B108339,31,1,MASc PG 18 blocks,sa,112,112,14,1
sk_03,B109340,31,1,MASc PG 18 blocks,sa,112,112,14,1
sk_03,B111480,31,1,MASc PG 18 blocks,sa,112,112,14,1
fb_01,B111410,32,1,MASc PG 18 blocks,sa,112,112,14,1
fb_01,B42891,32,1,MASc PG 18 blocks,sa,112,112,14,1
fb_01,B42891,32,1,MASc PG 18 blocks,sa,112,112,14,1
fb_02,B111480,32,1,MASc PG 18 blocks,sa,112,112,14,1
fb_02,B55424,32,1,MASc PG 18 blocks,sa,112,112,14,1
fb_02,B68233,32,1,MASc PG 18 blocks,sa,112,112,14,1
fb_03,B111480,32,1,MASc PG 18 blocks,sa,112,112,14,1
fb_03,B111480,32,1,MASc PG 18 blocks,sa,112,112,14,1
fb_03,B111480,32,1,MASc PG 18 blocks,sa,112,112,14,1
ld_01,B68233,32,1,MASc PG 18 blocks,sa,112,112,14,1
ld_02,B68233,32,1,MASc PG 18 blocks,sa,112,112,14,1
ld_03,B108124,32,1,MASc PG 18 blocks,sa,112,112,14,1
pr_01,B109915,32,1,MASc PG 18 blocks,sa,112,112,14,1
pr_02,B109915,32,1,MASc PG 18 blocks,sa,112,112,14,1
sk_01,B109915,32,1,MASc PG 18 blocks,sa,112,112,14,1
sk_01,B109915,32,1,MASc PG 18 blocks,sa,112,112,14,1
sk_01,B110288,32,1,MASc PG 18 blocks,sa,112,112,14,1
sk_02,B109915,32,1,MASc PG 18 blocks,sa,112,112,14,1
sk_02,B110288,32,1,MASc PG 18 blocks,sa,112,112,14,1
sk_02,B110288,32,1,MASc PG 18 blocks,sa,112,112,14,1
sk_03,B108339,32,1,MASc PG 18 blocks,sa,112,112,14,1
sk_03,B109915,32,1,MASc PG 18 blocks,sa,112,112,14,1
sk_03,B110288,32,1,MASc PG 18 blocks,sa,112,112,14,1
fb_01,B44010,33,1,MASc PG 18 blocks,sa,112,112,14,1
fb_01,B45231,33,1,MASc PG 18 blocks,sa,112,112,14,1
fb_01,B53160,33,1,MASc PG 18 blocks,sa,112,112,14,1
fb_02,B107189,33,1,MASc PG 18 blocks,sa,112,112,14,1
fb_02,B108339,33,1,MASc PG 18 blocks,sa,112,112,14,1
fb_02,B68233,33,1,MASc PG 18 blocks,sa,112,112,14,1
fb_03,B111480,33,1,MASc PG 18 blocks,sa,112,112,14,1
fb_03,B111480,33,1,MASc PG 18 blocks,sa,112,112,14,1
fb_03,B111480,33,1,MASc PG 18 blocks,sa,112,112,14,1
ld_01,B109915,33,1,MASc PG 18 blocks,sa,112,112,14,1
ld_02,B109915,33,1,MASc PG 18 blocks,sa,112,112,14,1
pr_01,B109915,33,1,MASc PG 18 blocks,sa,112,112,14,1
pr_01,B110288,33,1,MASc PG 18 blocks,sa,112,112,14,1
pr_02,B109915,33,1,MASc PG 18 blocks,sa,112,112,14,1
pr_02,B109915,33,1,MASc PG 18 blocks,sa,112,112,14,1
pr_03,B108339,33,1,MASc PG 18 blocks,sa,112,112,14,1
pr_03,B110288,33,1,MASc PG 18 blocks,sa,112,112,14,1
sk_01,B110471,33,1,MASc PG 18 blocks,sa,112,112,14,1
sk_01,B42891,33,1,MASc PG 18 blocks,sa,112,112,14,1
sk_01,B68233,33,1,MASc PG 18 blocks,sa,112,112,14,1
sk_02,B110288,33,1,MASc PG 18 blocks,sa,112,112,14,1
sk_02,B110471,33,1,MASc PG 18 blocks,sa,112,112,14,1
sk_02,B42891,33,1,MASc PG 18 blocks,sa,112,112,14,1
sk_03,B109915,33,1,MASc PG 18 blocks,sa,112,112,14,1
sk_03,B110288,33,1,MASc PG 18 blocks,sa,112,112,14,1
sk_03,B55424,33,1,MASc PG 18 blocks,sa,112,112,14,1
fb_01,B55424,34,1,MASc PG 18 blocks,sa,112,112,14,1
fb_01,B65573,34,1,MASc PG 18 blocks,sa,112,112,14,1
fb_01,B68233,34,1,MASc PG 18 blocks,sa,112,112,14,1
fb_02,B109915,34,1,MASc PG 18 blocks,sa,112,112,14,1
fb_02,B110288,34,1,MASc PG 18 blocks,sa,112,112,14,1
fb_02,B111480,34,1,MASc PG 18 blocks,sa,112,112,14,1
fb_03,B111480,34,1,MASc PG 18 blocks,sa,112,112,14,1
fb_03,B111480,34,1,MASc PG 18 blocks,sa,112,112,14,1
fb_03,B42891,34,1,MASc PG 18 blocks,sa,112,112,14,1
ld_01,B109915,34,1,MASc PG 18 blocks,sa,112,112,14,1
ld_01,B109915,34,1,MASc PG 18 blocks,sa,112,112,14,1
ld_02,B109915,34,1,MASc PG 18 blocks,sa,112,112,14,1
ld_02,B110288,34,1,MASc PG 18 blocks,sa,112,112,14,1
ld_03,B110288,34,1,MASc PG 18 blocks,sa,112,112,14,1
pr_01,B110288,34,1,MASc PG 18 blocks,sa,112,112,14,1
pr_01,B42891,34,1,MASc PG 18 blocks,sa,112,112,14,1
pr_01,B42891,34,1,MASc PG 18 blocks,sa,112,112,14,1
pr_02,B110471,34,1,MASc PG 18 blocks,sa,112,112,14,1
pr_02,B68233,34,1,MASc PG 18 blocks,sa,112,112,14,1
pr_03,B42891,34,1,MASc PG 18 blocks,sa,112,112,14,1
pr_03,B55424,34,1,MASc PG 18 blocks,sa,112,112,14,1
sk_01,B107189,34,1,MASc PG 18 blocks,sa,112,112,14,1
sk_01,B108339,34,1,MASc PG 18 blocks,sa,112,112,14,1
sk_01,B45231,34,1,MASc PG 18 blocks,sa,112,112,14,1
sk_02,B108339,34,1,MASc PG 18 blocks,sa,112,112,14,1
sk_02,B53160,34,1,MASc PG 18 blocks,sa,112,112,14,1
sk_02,B68233,34,1,MASc PG 18 blocks,sa,112,112,14,1
sk_03,B107189,34,1,MASc PG 18 blocks,sa,112,112,14,1
sk_03,B108339,34,1,MASc PG 18 blocks,sa,112,112,14,1
sk_03,B44010,34,1,MASc PG 18 blocks,sa,112,112,14,1
fb_01,B107189,35,1,MASc PG 18 blocks,sa,112,112,14,1
fb_01,B108060,35,1,MASc PG 18 blocks,sa,112,112,14,1
fb_01,B108124,35,1,MASc PG 18 blocks,sa,112,112,14,1
fb_02,B109340,35,1,MASc PG 18 blocks,sa,112,112,14,1
fb_02,B109340,35,1,MASc PG 18 blocks,sa,112,112,14,1
fb_02,B110471,35,1,MASc PG 18 blocks,sa,112,112,14,1
fb_03,B109340,35,1,MASc PG 18 blocks,sa,112,112,14,1
fb_03,B109340,35,1,MASc PG 18 blocks,sa,112,112,14,1
fb_03,B111410,35,1,MASc PG 18 blocks,sa,112,112,14,1
ld_01,B110288,35,1,MASc PG 18 blocks,sa,112,112,14,1
ld_01,B42891,35,1,MASc PG 18 blocks,sa,112,112,14,1
ld_02,B110471,35,1,MASc PG 18 blocks,sa,112,112,14,1
ld_02,B55424,35,1,MASc PG 18 blocks,sa,112,112,14,1
ld_03,B42891,35,1,MASc PG 18 blocks,sa,112,112,14,1
ld_03,B68233,35,1,MASc PG 18 blocks,sa,112,112,14,1
pr_01,B107189,35,1,MASc PG 18 blocks,sa,112,112,14,1
pr_01,B108339,35,1,MASc PG 18 blocks,sa,112,112,14,1
pr_01,B45231,35,1,MASc PG 18 blocks,sa,112,112,14,1
pr_02,B108339,35,1,MASc PG 18 blocks,sa,112,112,14,1
pr_02,B44010,35,1,MASc PG 18 blocks,sa,112,112,14,1
pr_02,B53160,35,1,MASc PG 18 blocks,sa,112,112,14,1
pr_03,B107189,35,1,MASc PG 18 blocks,sa,112,112,14,1
pr_03,B108339,35,1,MASc PG 18 blocks,sa,112,112,14,1
sk_01,B109915,35,1,MASc PG 18 blocks,sa,112,112,14,1
sk_01,B55424,35,1,MASc PG 18 blocks,sa,112,112,14,1
sk_01,B68233,35,1,MASc PG 18 blocks,sa,112,112,14,1
sk_02,B109915,35,1,MASc PG 18 blocks,sa,112,112,14,1
sk_02,B109915,35,1,MASc PG 18 blocks,sa,112,112,14,1
sk_02,B65573,35,1,MASc PG 18 blocks,sa,112,112,14,1
sk_03,B65573,35,1,MASc PG 18 blocks,sa,112,112,14,1
sk_03,B68233,35,1,MASc PG 18 blocks,sa,112,112,14,1
sk_03,B68233,35,1,MASc PG 18 blocks,sa,112,112,14,1
fb_01,B108339,36,1,MASc PG 18 blocks,sa,112,112,14,1
fb_01,B109340,36,1,MASc PG 18 blocks,sa,112,112,14,1
fb_01,B109517,36,1,MASc PG 18 blocks,sa,112,112,14,1
fb_02,B109915,36,1,MASc PG 18 blocks,sa,112,112,14,1
fb_02,B55424,36,1,MASc PG 18 blocks,sa,112,112,14,1
fb_02,B68233,36,1,MASc PG 18 blocks,sa,112,112,14,1
fb_03,B109340,36,1,MASc PG 18 blocks,sa,112,112,14,1
fb_03,B109340,36,1,MASc PG 18 blocks,sa,112,112,14,1
fb_03,B110288,36,1,MASc PG 18 blocks,sa,112,112,14,1
ld_01,B107189,36,1,MASc PG 18 blocks,sa,112,112,14,1
ld_01,B45231,36,1,MASc PG 18 blocks,sa,112,112,14,1
ld_02,B108339,36,1,MASc PG 18 blocks,sa,112,112,14,1
ld_03,B108339,36,1,MASc PG 18 blocks,sa,112,112,14,1
pr_01,B109915,36,1,MASc PG 18 blocks,sa,112,112,14,1
pr_01,B65573,36,1,MASc PG 18 blocks,sa,112,112,14,1
pr_02,B109915,36,1,MASc PG 18 blocks,sa,112,112,14,1
pr_02,B68233,36,1,MASc PG 18 blocks,sa,112,112,14,1
pr_03,B55424,36,1,MASc PG 18 blocks,sa,112,112,14,1
pr_03,B68233,36,1,MASc PG 18 blocks,sa,112,112,14,1
sk_01,B108060,36,1,MASc PG 18 blocks,sa,112,112,14,1
sk_01,B108124,36,1,MASc PG 18 blocks,sa,112,112,14,1
sk_01,B68233,36,1,MASc PG 18 blocks,sa,112,112,14,1
sk_02,B107189,36,1,MASc PG 18 blocks,sa,112,112,14,1
sk_02,B108124,36,1,MASc PG 18 blocks,sa,112,112,14,1
sk_02,B109915,36,1,MASc PG 18 blocks,sa,112,112,14,1
sk_03,B109915,36,1,MASc PG 18 blocks,sa,112,112,14,1
sk_03,B42891,36,1,MASc PG 18 blocks,sa,112,112,14,1
sk_03,B68233,36,1,MASc PG 18 blocks,sa,112,112,14,1
fb_01,B109915,37,1,MASc PG 18 blocks,sa,112,112,14,1
fb_01,B111480,37,1,MASc PG 18 blocks,sa,112,112,14,1
fb_01,B111480,37,1,MASc PG 18 blocks,sa,112,112,14,1
fb_02,B107189,37,1,MASc PG 18 blocks,sa,112,112,14,1
fb_02,B108339,37,1,MASc PG 18 blocks,sa,112,112,14,1
fb_02,B109340,37,1,MASc PG 18 blocks,sa,112,112,14,1
fb_03,B108339,37,1,MASc PG 18 blocks,sa,112,112,14,1
fb_03,B109340,37,1,MASc PG 18 blocks,sa,112,112,14,1
fb_03,B109340,37,1,MASc PG 18 blocks,sa,112,112,14,1
ld_01,B109915,37,1,MASc PG 18 blocks,sa,112,112,14,1
ld_01,B68233,37,1,MASc PG 18 blocks,sa,112,112,14,1
ld_02,B65573,37,1,MASc PG 18 blocks,sa,112,112,14,1
ld_02,B68233,37,1,MASc PG 18 blocks,sa,112,112,14,1
ld_03,B109915,37,1,MASc PG 18 blocks,sa,112,112,14,1
pr_01,B108124,37,1,MASc PG 18 blocks,sa,112,112,14,1
pr_01,B108124,37,1,MASc PG 18 blocks,sa,112,112,14,1
pr_01,B42891,37,1,MASc PG 18 blocks,sa,112,112,14,1
pr_02,B108060,37,1,MASc PG 18 blocks,sa,112,112,14,1
pr_02,B68233,37,1,MASc PG 18 blocks,sa,112,112,14,1
pr_03,B107189,37,1,MASc PG 18 blocks,sa,112,112,14,1
pr_03,B109915,37,1,MASc PG 18 blocks,sa,112,112,14,1
sk_01,B109517,37,1,MASc PG 18 blocks,sa,112,112,14,1
sk_01,B55424,37,1,MASc PG 18 blocks,sa,112,112,14,1
sk_01,B68233,37,1,MASc PG 18 blocks,sa,112,112,14,1
sk_02,B108339,37,1,MASc PG 18 blocks,sa,112,112,14,1
sk_02,B109517,37,1,MASc PG 18 blocks,sa,112,112,14,1
sk_02,B68233,37,1,MASc PG 18 blocks,sa,112,112,14,1
sk_03,B108124,37,1,MASc PG 18 blocks,sa,112,112,14,1
sk_03,B108339,37,1,MASc PG 18 blocks,sa,112,112,14,1
sk_03,B55424,37,1,MASc PG 18 blocks,sa,112,112,14,1
fb_01,B109340,38,1,MASc PG 18 blocks,sa,112,112,14,1
fb_01,B111410,38,1,MASc PG 18 blocks,sa,112,112,14,1
fb_01,B42891,38,1,MASc PG 18 blocks,sa,112,112,14,1
fb_02,B109340,38,1,MASc PG 18 blocks,sa,112,112,14,1
fb_02,B109915,38,1,MASc PG 18 blocks,sa,112,112,14,1
fb_02,B110288,38,1,MASc PG 18 blocks,sa,112,112,14,1
fb_03,B108124,38,1,MASc PG 18 blocks,sa,112,112,14,1
fb_03,B109340,38,1,MASc PG 18 blocks,sa,112,112,14,1
fb_03,B111480,38,1,MASc PG 18 blocks,sa,112,112,14,1
ld_01,B108124,38,1,MASc PG 18 blocks,sa,112,112,14,1
ld_01,B109915,38,1,MASc PG 18 blocks,sa,112,112,14,1
ld_02,B107189,38,1,MASc PG 18 blocks,sa,112,112,14,1
ld_02,B68233,38,1,MASc PG 18 blocks,sa,112,112,14,1
ld_03,B108124,38,1,MASc PG 18 blocks,sa,112,112,14,1
pr_01,B108339,38,1,MASc PG 18 blocks,sa,112,112,14,1
pr_01,B55424,38,1,MASc PG 18 blocks,sa,112,112,14,1
pr_01,B68233,38,1,MASc PG 18 blocks,sa,112,112,14,1
pr_02,B108124,38,1,MASc PG 18 blocks,sa,112,112,14,1
pr_02,B108339,38,1,MASc PG 18 blocks,sa,112,112,14,1
pr_02,B109517,38,1,MASc PG 18 blocks,sa,112,112,14,1
pr_03,B109517,38,1,MASc PG 18 blocks,sa,112,112,14,1
pr_03,B55424,38,1,MASc PG 18 blocks,sa,112,112,14,1
pr_03,B55424,38,1,MASc PG 18 blocks,sa,112,112,14,1
sk_01,B107189,38,1,MASc PG 18 blocks,sa,112,112,14,1
sk_01,B108339,38,1,MASc PG 18 blocks,sa,112,112,14,1
sk_01,B109915,38,1,MASc PG 18 blocks,sa,112,112,14,1
sk_02,B109915,38,1,MASc PG 18 blocks,sa,112,112,14,1
sk_02,B109915,38,1,MASc PG 18 blocks,sa,112,112,14,1
sk_02,B109915,38,1,MASc PG 18 blocks,sa,112,112,14,1
sk_03,B107189,38,1,MASc PG 18 blocks,sa,112,112,14,1
sk_03,B108339,38,1,MASc PG 18 blocks,sa,112,112,14,1
sk_03,B68233,38,1,MASc PG 18 blocks,sa,112,112,14,1
fb_01,B44010,39,1,MASc PG 18 blocks,sa,112,112,14,1
fb_01,B45231,39,1,MASc PG 18 blocks,sa,112,112,14,1
fb_01,B53160,39,1,MASc PG 18 blocks,sa,112,112,14,1
fb_02,B111410,39,1,MASc PG 18 blocks,sa,112,112,14,1
fb_02,B111480,39,1,MASc PG 18 blocks,sa,112,112,14,1
fb_02,B55424,39,1,MASc PG 18 blocks,sa,112,112,14,1
fb_03,B109340,39,1,MASc PG 18 blocks,sa,112,112,14,1
fb_03,B109340,39,1,MASc PG 18 blocks,sa,112,112,14,1
fb_03,B109915,39,1,MASc PG 18 blocks,sa,112,112,14,1
ld_01,B108339,39,1,MASc PG 18 blocks,sa,112,112,14,1
ld_01,B108339,39,1,MASc PG 18 blocks,sa,112,112,14,1
ld_01,B68233,39,1,MASc PG 18 blocks,sa,112,112,14,1
ld_02,B108124,39,1,MASc PG 18 blocks,sa,112,112,14,1
ld_02,B109517,39,1,MASc PG 18 blocks,sa,112,112,14,1
ld_02,B55424,39,1,MASc PG 18 blocks,sa,112,112,14,1
ld_03,B109517,39,1,MASc PG 18 blocks,sa,112,112,14,1
ld_03,B55424,39,1,MASc PG 18 blocks,sa,112,112,14,1
pr_01,B107189,39,1,MASc PG 18 blocks,sa,112,112,14,1
pr_01,B108339,39,1,MASc PG 18 blocks,sa,112,112,14,1
pr_01,B68233,39,1,MASc PG 18 blocks,sa,112,112,14,1
pr_02,B108339,39,1,MASc PG 18 blocks,sa,112,112,14,1
pr_02,B109915,39,1,MASc PG 18 blocks,sa,112,112,14,1
pr_03,B107189,39,1,MASc PG 18 blocks,sa,112,112,14,1
pr_03,B109915,39,1,MASc PG 18 blocks,sa,112,112,14,1
sk_01,B109915,39,1,MASc PG 18 blocks,sa,112,112,14,1
sk_01,B109915,39,1,MASc PG 18 blocks,sa,112,112,14,1
sk_01,B110288,39,1,MASc PG 18 blocks,sa,112,112,14,1
sk_02,B109915,39,1,MASc PG 18 blocks,sa,112,112,14,1
sk_02,B109915,39,1,MASc PG 18 blocks,sa,112,112,14,1
sk_02,B110288,39,1,MASc PG 18 blocks,sa,112,112,14,1
sk_03,B109915,39,1,MASc PG 18 blocks,sa,112,112,14,1
sk_03,B110288,39,1,MASc PG 18 blocks,sa,112,112,14,1
sk_03,B42891,39,1,MASc PG 18 blocks,sa,112,112,14,1
fb_01,B55424,40,1,MASc PG 18 blocks,sa,112,112,14,1
fb_01,B65573,40,1,MASc PG 18 blocks,sa,112,112,14,1
fb_01,B68233,40,1,MASc PG 18 blocks,sa,112,112,14,1
fb_02,B107189,40,1,MASc PG 18 blocks,sa,112,112,14,1
fb_02,B108339,40,1,MASc PG 18 blocks,sa,112,112,14,1
fb_02,B68233,40,1,MASc PG 18 blocks,sa,112,112,14,1
fb_03,B109915,40,1,MASc PG 18 blocks,sa,112,112,14,1
fb_03,B109915,40,1,MASc PG 18 blocks,sa,112,112,14,1
fb_03,B109915,40,1,MASc PG 18 blocks,sa,112,112,14,1
ld_01,B108339,40,1,MASc PG 18 blocks,sa,112,112,14,1
ld_01,B109915,40,1,MASc PG 18 blocks,sa,112,112,14,1
ld_01,B68233,40,1,MASc PG 18 blocks,sa,112,112,14,1
ld_02,B109915,40,1,MASc PG 18 blocks,sa,112,112,14,1
ld_02,B109915,40,1,MASc PG 18 blocks,sa,112,112,14,1
ld_03,B107189,40,1,MASc PG 18 blocks,sa,112,112,14,1
ld_03,B68233,40,1,MASc PG 18 blocks,sa,112,112,14,1
pr_01,B109915,40,1,MASc PG 18 blocks,sa,112,112,14,1
pr_01,B110288,40,1,MASc PG 18 blocks,sa,112,112,14,1
pr_02,B109915,40,1,MASc PG 18 blocks,sa,112,112,14,1
pr_02,B42891,40,1,MASc PG 18 blocks,sa,112,112,14,1
pr_03,B109915,40,1,MASc PG 18 blocks,sa,112,112,14,1
pr_03,B42891,40,1,MASc PG 18 blocks,sa,112,112,14,1
sk_01,B44010,40,1,MASc PG 18 blocks,sa,112,112,14,1
sk_01,B45231,40,1,MASc PG 18 blocks,sa,112,112,14,1
sk_01,B55424,40,1,MASc PG 18 blocks,sa,112,112,14,1
sk_02,B109915,40,1,MASc PG 18 blocks,sa,112,112,14,1
sk_02,B109915,40,1,MASc PG 18 blocks,sa,112,112,14,1
sk_02,B109915,40,1,MASc PG 18 blocks,sa,112,112,14,1
sk_03,B108124,40,1,MASc PG 18 blocks,sa,112,112,14,1
sk_03,B44010,40,1,MASc PG 18 blocks,sa,112,112,14,1
sk_03,B53160,40,1,MASc PG 18 blocks,sa,112,112,14,1
fb_01,B107189,41,1,MASc PG 18 blocks,sa,112,112,14,1
fb_01,B108060,41,1,MASc PG 18 blocks,sa,112,112,14,1
fb_01,B108124,41,1,MASc PG 18 blocks,sa,112,112,14,1
fb_02,B109340,41,1,MASc PG 18 blocks,sa,112,112,14,1
fb_02,B109915,41,1,MASc PG 18 blocks,sa,112,112,14,1
fb_02,B110471,41,1,MASc PG 18 blocks,sa,112,112,14,1
fb_03,B109915,41,1,MASc PG 18 blocks,sa,112,112,14,1
fb_03,B109915,41,1,MASc PG 18 blocks,sa,112,112,14,1
fb_03,B109915,41,1,MASc PG 18 blocks,sa,112,112,14,1
ld_01,B109915,41,1,MASc PG 18 blocks,sa,112,112,14,1
ld_01,B109915,41,1,MASc PG 18 blocks,sa,112,112,14,1
ld_02,B109915,41,1,MASc PG 18 blocks,sa,112,112,14,1
ld_02,B42891,41,1,MASc PG 18 blocks,sa,112,112,14,1
ld_03,B110288,41,1,MASc PG 18 blocks,sa,112,112,14,1
ld_03,B42891,41,1,MASc PG 18 blocks,sa,112,112,14,1
pr_01,B109915,41,1,MASc PG 18 blocks,sa,112,112,14,1
pr_01,B44010,41,1,MASc PG 18 blocks,sa,112,112,14,1
pr_01,B53160,41,1,MASc PG 18 blocks,sa,112,112,14,1
pr_02,B109915,41,1,MASc PG 18 blocks,sa,112,112,14,1
pr_02,B44010,41,1,MASc PG 18 blocks,sa,112,112,14,1
pr_02,B55424,41,1,MASc PG 18 blocks,sa,112,112,14,1
pr_03,B45231,41,1,MASc PG 18 blocks,sa,112,112,14,1
pr_03,B53160,41,1,MASc PG 18 blocks,sa,112,112,14,1
sk_01,B107189,41,1,MASc PG 18 blocks,sa,112,112,14,1
sk_01,B108339,41,1,MASc PG 18 blocks,sa,112,112,14,1
sk_01,B65573,41,1,MASc PG 18 blocks,sa,112,112,14,1
sk_02,B109915,41,1,MASc PG 18 blocks,sa,112,112,14,1
sk_02,B109915,41,1,MASc PG 18 blocks,sa,112,112,14,1
sk_02,B65573,41,1,MASc PG 18 blocks,sa,112,112,14,1
sk_03,B107189,41,1,MASc PG 18 blocks,sa,112,112,14,1
sk_03,B108339,41,1,MASc PG 18 blocks,sa,112,112,14,1
sk_03,B55424,41,1,MASc PG 18 blocks,sa,112,112,14,1
fb_01,B108339,42,1,MASc PG 18 blocks,sa,112,112,14,1
fb_01,B109517,42,1,MASc PG 18 blocks,sa,112,112,14,1
fb_01,B109915,42,1,MASc PG 18 blocks,sa,112,112,14,1
fb_02,B108060,42,1,MASc PG 18 blocks,sa,112,112,14,1
fb_02,B111410,42,1,MASc PG 18 blocks,sa,112,112,14,1
fb_02,B55424,42,1,MASc PG 18 blocks,sa,112,112,14,1
fb_03,B109915,42,1,MASc PG 18 blocks,sa,112,112,14,1
fb_03,B109915,42,1,MASc PG 18 blocks,sa,112,112,14,1
fb_03,B109915,42,1,MASc PG 18 blocks,sa,112,112,14,1
ld_01,B44010,42,1,MASc PG 18 blocks,sa,112,112,14,1
ld_01,B53160,42,1,MASc PG 18 blocks,sa,112,112,14,1
ld_01,B55424,42,1,MASc PG 18 blocks,sa,112,112,14,1
ld_02,B109915,42,1,MASc PG 18 blocks,sa,112,112,14,1
ld_02,B44010,42,1,MASc PG 18 blocks,sa,112,112,14,1
ld_02,B45231,42,1,MASc PG 18 blocks,sa,112,112,14,1
ld_03,B109915,42,1,MASc PG 18 blocks,sa,112,112,14,1
ld_03,B53160,42,1,MASc PG 18 blocks,sa,112,112,14,1
pr_01,B107189,42,1,MASc PG 18 blocks,sa,112,112,14,1
pr_01,B55424,42,1,MASc PG 18 blocks,sa,112,112,14,1
pr_01,B65573,42,1,MASc PG 18 blocks,sa,112,112,14,1
pr_02,B108339,42,1,MASc PG 18 blocks,sa,112,112,14,1
pr_02,B65573,42,1,MASc PG 18 blocks,sa,112,112,14,1
pr_03,B108339,42,1,MASc PG 18 blocks,sa,112,112,14,1
pr_03,B109915,42,1,MASc PG 18 blocks,sa,112,112,14,1
sk_01,B108060,42,1,MASc PG 18 blocks,sa,112,112,14,1
sk_01,B108124,42,1,MASc PG 18 blocks,sa,112,112,14,1
sk_01,B108124,42,1,MASc PG 18 blocks,sa,112,112,14,1
sk_02,B107189,42,1,MASc PG 18 blocks,sa,112,112,14,1
sk_02,B109915,42,1,MASc PG 18 blocks,sa,112,112,14,1
sk_02,B68233,42,1,MASc PG 18 blocks,sa,112,112,14,1
sk_03,B107189,42,1,MASc PG 18 blocks,sa,112,112,14,1
sk_03,B108060,42,1,MASc PG 18 blocks,sa,112,112,14,1
sk_03,B108124,42,1,MASc PG 18 blocks,sa,112,112,14,1
fb_01,B107189,43,1,MASc PG 18 blocks,sa,112,112,14,1
fb_01,B108060,43,1,MASc PG 18 blocks,sa,112,112,14,1
fb_01,B108124,43,1,MASc PG 18 blocks,sa,112,112,14,1
fb_02,B107189,43,1,MASc PG 18 blocks,sa,112,112,14,1
fb_02,B108339,43,1,MASc PG 18 blocks,sa,112,112,14,1
fb_02,B110288,43,1,MASc PG 18 blocks,sa,112,112,14,1
fb_03,B108339,43,1,MASc PG 18 blocks,sa,112,112,14,1
fb_03,B109915,43,1,MASc PG 18 blocks,sa,112,112,14,1
fb_03,B109915,43,1,MASc PG 18 blocks,sa,112,112,14,1
fb_01,B108339,44,1,MASc PG 18 blocks,sa,112,112,14,1
fb_01,B109340,44,1,MASc PG 18 blocks,sa,112,112,14,1
fb_01,B109517,44,1,MASc PG 18 blocks,sa,112,112,14,1
fb_02,B109915,44,1,MASc PG 18 blocks,sa,112,112,14,1
fb_02,B110471,44,1,MASc PG 18 blocks,sa,112,112,14,1
fb_02,B44010,44,1,MASc PG 18 blocks,sa,112,112,14,1
fb_03,B109915,44,1,MASc PG 18 blocks,sa,112,112,14,1
fb_03,B109915,44,1,MASc PG 18 blocks,sa,112,112,14,1
fb_03,B44010,44,1,MASc PG 18 blocks,sa,112,112,14,1
sk_01,B107189,44,1,MASc PG 18 blocks,sa,112,112,14,1
sk_01,B108060,44,1,MASc PG 18 blocks,sa,112,112,14,1
sk_01,B108339,44,1,MASc PG 18 blocks,sa,112,112,14,1
sk_02,B108124,44,1,MASc PG 18 blocks,sa,112,112,14,1
sk_02,B108339,44,1,MASc PG 18 blocks,sa,112,112,14,1
sk_02,B109915,44,1,MASc PG 18 blocks,sa,112,112,14,1
sk_03,B108124,44,1,MASc PG 18 blocks,sa,112,112,14,1
sk_03,B108339,44,1,MASc PG 18 blocks,sa,112,112,14,1
sk_03,B109915,44,1,MASc PG 18 blocks,sa,112,112,14,1
fb_01,B109915,45,1,MASc PG 18 blocks,sa,112,112,14,1
fb_01,B110288,45,1,MASc PG 18 blocks,sa,112,112,14,1
fb_01,B110471,45,1,MASc PG 18 blocks,sa,112,112,14,1
fb_02,B111410,45,1,MASc PG 18 blocks,sa,112,112,14,1
fb_02,B111480,45,1,MASc PG 18 blocks,sa,112,112,14,1
fb_02,B42891,45,1,MASc PG 18 blocks,sa,112,112,14,1
fb_03,B109915,45,1,MASc PG 18 blocks,sa,112,112,14,1
fb_03,B109915,45,1,MASc PG 18 blocks,sa,112,112,14,1
fb_03,B109915,45,1,MASc PG 18 blocks,sa,112,112,14,1
pr_01,B108339,45,1,MASc PG 18 blocks,sa,112,112,14,1
pr_01,B109915,45,1,MASc PG 18 blocks,sa,112,112,14,1
pr_02,B108124,45,1,MASc PG 18 blocks,sa,112,112,14,1
pr_02,B108339,45,1,MASc PG 18 blocks,sa,112,112,14,1
pr_03,B108060,45,1,MASc PG 18 blocks,sa,112,112,14,1
sk_01,B108339,45,1,MASc PG 18 blocks,sa,112,112,14,1
sk_01,B109517,45,1,MASc PG 18 blocks,sa,112,112,14,1
sk_01,B109915,45,1,MASc PG 18 blocks,sa,112,112,14,1
sk_02,B109915,45,1,MASc PG 18 blocks,sa,112,112,14,1
sk_02,B110288,45,1,MASc PG 18 blocks,sa,112,112,14,1
sk_02,B110288,45,1,MASc PG 18 blocks,sa,112,112,14,1
sk_03,B108339,45,1,MASc PG 18 blocks,sa,112,112,14,1
sk_03,B44010,45,1,MASc PG 18 blocks,sa,112,112,14,1
sk_03,B44010,45,1,MASc PG 18 blocks,sa,112,112,14,1
fb_01,B111410,46,1,MASc PG 18 blocks,sa,112,112,14,1
fb_01,B111480,46,1,MASc PG 18 blocks,sa,112,112,14,1
fb_01,B42891,46,1,MASc PG 18 blocks,sa,112,112,14,1
fb_02,B107189,46,1,MASc PG 18 blocks,sa,112,112,14,1
fb_02,B44010,46,1,MASc PG 18 blocks,sa,112,112,14,1
fb_02,B68233,46,1,MASc PG 18 blocks,sa,112,112,14,1
fb_03,B109915,46,1,MASc PG 18 blocks,sa,112,112,14,1
fb_03,B109915,46,1,MASc PG 18 blocks,sa,112,112,14,1
fb_03,B109915,46,1,MASc PG 18 blocks,sa,112,112,14,1
ld_01,B109915,46,1,MASc PG 18 blocks,sa,112,112,14,1
ld_02,B108124,46,1,MASc PG 18 blocks,sa,112,112,14,1
ld_03,B108339,46,1,MASc PG 18 blocks,sa,112,112,14,1
pr_01,B108339,46,1,MASc PG 18 blocks,sa,112,112,14,1
pr_01,B110288,46,1,MASc PG 18 blocks,sa,112,112,14,1
pr_02,B108339,46,1,MASc PG 18 blocks,sa,112,112,14,1
pr_02,B109915,46,1,MASc PG 18 blocks,sa,112,112,14,1
pr_03,B44010,46,1,MASc PG 18 blocks,sa,112,112,14,1
pr_03,B44010,46,1,MASc PG 18 blocks,sa,112,112,14,1
sk_01,B109915,46,1,MASc PG 18 blocks,sa,112,112,14,1
sk_01,B109915,46,1,MASc PG 18 blocks,sa,112,112,14,1
sk_01,B42891,46,1,MASc PG 18 blocks,sa,112,112,14,1
sk_02,B107189,46,1,MASc PG 18 blocks,sa,112,112,14,1
sk_02,B109915,46,1,MASc PG 18 blocks,sa,112,112,14,1
sk_02,B110288,46,1,MASc PG 18 blocks,sa,112,112,14,1
sk_03,B107189,46,1,MASc PG 18 blocks,sa,112,112,14,1
sk_03,B109915,46,1,MASc PG 18 blocks,sa,112,112,14,1
sk_03,B44010,46,1,MASc PG 18 blocks,sa,112,112,14,1
fb_01,B44010,47,1,MASc PG 18 blocks,sa,112,112,14,1
fb_01,B45231,47,1,MASc PG 18 blocks,sa,112,112,14,1
fb_01,B53160,47,1,MASc PG 18 blocks,sa,112,112,14,1
fb_02,B108339,47,1,MASc PG 18 blocks,sa,112,112,14,1
fb_02,B109340,47,1,MASc PG 18 blocks,sa,112,112,14,1
fb_02,B109915,47,1,MASc PG 18 blocks,sa,112,112,14,1
fb_03,B109915,47,1,MASc PG 18 blocks,sa,112,112,14,1
fb_03,B109915,47,1,MASc PG 18 blocks,sa,112,112,14,1
fb_03,B109915,47,1,MASc PG 18 blocks,sa,112,112,14,1
ld_01,B109915,47,1,MASc PG 18 blocks,sa,112,112,14,1
ld_01,B44010,47,1,MASc PG 18 blocks,sa,112,112,14,1
ld_02,B110288,47,1,MASc PG 18 blocks,sa,112,112,14,1
ld_03,B108339,47,1,MASc PG 18 blocks,sa,112,112,14,1
pr_01,B109915,47,1,MASc PG 18 blocks,sa,112,112,14,1
pr_01,B42891,47,1,MASc PG 18 blocks,sa,112,112,14,1
pr_02,B107189,47,1,MASc PG 18 blocks,sa,112,112,14,1
pr_02,B109915,47,1,MASc PG 18 blocks,sa,112,112,14,1
pr_03,B107189,47,1,MASc PG 18 blocks,sa,112,112,14,1
pr_03,B44010,47,1,MASc PG 18 blocks,sa,112,112,14,1
sk_01,B107189,47,1,MASc PG 18 blocks,sa,112,112,14,1
sk_01,B42891,47,1,MASc PG 18 blocks,sa,112,112,14,1
sk_01,B44010,47,1,MASc PG 18 blocks,sa,112,112,14,1
sk_02,B109915,47,1,MASc PG 18 blocks,sa,112,112,14,1
sk_02,B110288,47,1,MASc PG 18 blocks,sa,112,112,14,1
sk_02,B110288,47,1,MASc PG 18 blocks,sa,112,112,14,1
sk_03,B107189,47,1,MASc PG 18 blocks,sa,112,112,14,1
sk_03,B109915,47,1,MASc PG 18 blocks,sa,112,112,14,1
sk_03,B68233,47,1,MASc PG 18 blocks,sa,112,112,14,1
fb_01,B55424,48,1,MASc PG 18 blocks,sa,112,112,14,1
fb_01,B65573,48,1,MASc PG 18 blocks,sa,112,112,14,1
fb_01,B68233,48,1,MASc PG 18 blocks,sa,112,112,14,1
fb_02,B110288,48,1,MASc PG 18 blocks,sa,112,112,14,1
fb_02,B110471,48,1,MASc PG 18 blocks,sa,112,112,14,1
fb_02,B111410,48,1,MASc PG 18 blocks,sa,112,112,14,1
fb_03,B109915,48,1,MASc PG 18 blocks,sa,112,112,14,1
fb_03,B109915,48,1,MASc PG 18 blocks,sa,112,112,14,1
fb_03,B109915,48,1,MASc PG 18 blocks,sa,112,112,14,1
ld_01,B107189,48,1,MASc PG 18 blocks,sa,112,112,14,1
ld_01,B109915,48,1,MASc PG 18 blocks,sa,112,112,14,1
ld_02,B109915,48,1,MASc PG 18 blocks,sa,112,112,14,1
ld_03,B44010,48,1,MASc PG 18 blocks,sa,112,112,14,1
pr_01,B107189,48,1,MASc PG 18 blocks,sa,112,112,14,1
pr_01,B110288,48,1,MASc PG 18 blocks,sa,112,112,14,1
pr_01,B42891,48,1,MASc PG 18 blocks,sa,112,112,14,1
pr_02,B109915,48,1,MASc PG 18 blocks,sa,112,112,14,1
pr_02,B44010,48,1,MASc PG 18 blocks,sa,112,112,14,1
pr_03,B107189,48,1,MASc PG 18 blocks,sa,112,112,14,1
pr_03,B42891,48,1,MASc PG 18 blocks,sa,112,112,14,1
sk_01,B108339,48,1,MASc PG 18 blocks,sa,112,112,14,1
sk_01,B44010,48,1,MASc PG 18 blocks,sa,112,112,14,1
sk_01,B45231,48,1,MASc PG 18 blocks,sa,112,112,14,1
sk_02,B109915,48,1,MASc PG 18 blocks,sa,112,112,14,1
sk_02,B110288,48,1,MASc PG 18 blocks,sa,112,112,14,1
sk_02,B53160,48,1,MASc PG 18 blocks,sa,112,112,14,1
sk_03,B109915,48,1,MASc PG 18 blocks,sa,112,112,14,1
sk_03,B109915,48,1,MASc PG 18 blocks,sa,112,112,14,1
sk_03,B44010,48,1,MASc PG 18 blocks,sa,112,112,14,1
fb_01,B107189,49,1,MASc PG 18 blocks,sa,112,112,14,1
fb_01,B108124,49,1,MASc PG 18 blocks,sa,112,112,14,1
fb_01,B111480,49,1,MASc PG 18 blocks,sa,112,112,14,1
fb_02,B111480,49,1,MASc PG 18 blocks,sa,112,112,14,1
fb_02,B42891,49,1,MASc PG 18 blocks,sa,112,112,14,1
fb_02,B55424,49,1,MASc PG 18 blocks,sa,112,112,14,1
fb_03,B109915,49,1,MASc PG 18 blocks,sa,112,112,14,1
fb_03,B109915,49,1,MASc PG 18 blocks,sa,112,112,14,1
fb_03,B109915,49,1,MASc PG 18 blocks,sa,112,112,14,1
ld_01,B107189,49,1,MASc PG 18 blocks,sa,112,112,14,1
ld_01,B109915,49,1,MASc PG 18 blocks,sa,112,112,14,1
ld_01,B44010,49,1,MASc PG 18 blocks,sa,112,112,14,1
ld_02,B107189,49,1,MASc PG 18 blocks,sa,112,112,14,1
ld_02,B42891,49,1,MASc PG 18 blocks,sa,112,112,14,1
ld_03,B110288,49,1,MASc PG 18 blocks,sa,112,112,14,1
ld_03,B42891,49,1,MASc PG 18 blocks,sa,112,112,14,1
pr_01,B108339,49,1,MASc PG 18 blocks,sa,112,112,14,1
pr_01,B110288,49,1,MASc PG 18 blocks,sa,112,112,14,1
pr_01,B44010,49,1,MASc PG 18 blocks,sa,112,112,14,1
pr_02,B109915,49,1,MASc PG 18 blocks,sa,112,112,14,1
pr_02,B109915,49,1,MASc PG 18 blocks,sa,112,112,14,1
pr_02,B44010,49,1,MASc PG 18 blocks,sa,112,112,14,1
pr_03,B45231,49,1,MASc PG 18 blocks,sa,112,112,14,1
pr_03,B53160,49,1,MASc PG 18 blocks,sa,112,112,14,1
sk_01,B108339,49,1,MASc PG 18 blocks,sa,112,112,14,1
sk_01,B65573,49,1,MASc PG 18 blocks,sa,112,112,14,1
sk_01,B65573,49,1,MASc PG 18 blocks,sa,112,112,14,1
sk_02,B109915,49,1,MASc PG 18 blocks,sa,112,112,14,1
sk_02,B110288,49,1,MASc PG 18 blocks,sa,112,112,14,1
sk_02,B110288,49,1,MASc PG 18 blocks,sa,112,112,14,1
sk_03,B109915,49,1,MASc PG 18 blocks,sa,112,112,14,1
sk_03,B109915,49,1,MASc PG 18 blocks,sa,112,112,14,1
sk_03,B55424,49,1,MASc PG 18 blocks,sa,112,112,14,1
fb_01,B108339,50,1,MASc PG 18 blocks,sa,112,112,14,1
fb_01,B109340,50,1,MASc PG 18 blocks,sa,112,112,14,1
fb_01,B109517,50,1,MASc PG 18 blocks,sa,112,112,14,1
fb_02,B107189,50,1,MASc PG 18 blocks,sa,112,112,14,1
fb_02,B108339,50,1,MASc PG 18 blocks,sa,112,112,14,1
fb_02,B68233,50,1,MASc PG 18 blocks,sa,112,112,14,1
fb_03,B110288,50,1,MASc PG 18 blocks,sa,112,112,14,1
fb_03,B111480,50,1,MASc PG 18 blocks,sa,112,112,14,1
fb_03,B111480,50,1,MASc PG 18 blocks,sa,112,112,14,1
ld_01,B109915,50,1,MASc PG 18 blocks,sa,112,112,14,1
ld_01,B110288,50,1,MASc PG 18 blocks,sa,112,112,14,1
ld_01,B45231,50,1,MASc PG 18 blocks,sa,112,112,14,1
ld_02,B109915,50,1,MASc PG 18 blocks,sa,112,112,14,1
ld_02,B44010,50,1,MASc PG 18 blocks,sa,112,112,14,1
ld_03,B108339,50,1,MASc PG 18 blocks,sa,112,112,14,1
ld_03,B44010,50,1,MASc PG 18 blocks,sa,112,112,14,1
pr_01,B108339,50,1,MASc PG 18 blocks,sa,112,112,14,1
pr_01,B65573,50,1,MASc PG 18 blocks,sa,112,112,14,1
pr_02,B110288,50,1,MASc PG 18 blocks,sa,112,112,14,1
pr_02,B55424,50,1,MASc PG 18 blocks,sa,112,112,14,1
pr_03,B109915,50,1,MASc PG 18 blocks,sa,112,112,14,1
sk_01,B108124,50,1,MASc PG 18 blocks,sa,112,112,14,1
sk_01,B108124,50,1,MASc PG 18 blocks,sa,112,112,14,1
sk_01,B42891,50,1,MASc PG 18 blocks,sa,112,112,14,1
sk_02,B109915,50,1,MASc PG 18 blocks,sa,112,112,14,1
sk_02,B109915,50,1,MASc PG 18 blocks,sa,112,112,14,1
sk_02,B110288,50,1,MASc PG 18 blocks,sa,112,112,14,1
sk_03,B109915,50,1,MASc PG 18 blocks,sa,112,112,14,1
sk_03,B109915,50,1,MASc PG 18 blocks,sa,112,112,14,1
sk_03,B109915,50,1,MASc PG 18 blocks,sa,112,112,14,1
fb_01,B110288,51,1,MASc PG 18 blocks,sa,112,112,14,1
fb_01,B110471,51,1,MASc PG 18 blocks,sa,112,112,14,1
fb_01,B55424,51,1,MASc PG 18 blocks,sa,112,112,14,1
fb_02,B109915,51,1,MASc PG 18 blocks,sa,112,112,14,1
fb_02,B109915,51,1,MASc PG 18 blocks,sa,112,112,14,1
fb_02,B111480,51,1,MASc PG 18 blocks,sa,112,112,14,1
fb_03,B111480,51,1,MASc PG 18 blocks,sa,112,112,14,1
fb_03,B111480,51,1,MASc PG 18 blocks,sa,112,112,14,1
fb_03,B111480,51,1,MASc PG 18 blocks,sa,112,112,14,1
ld_01,B109915,51,1,MASc PG 18 blocks,sa,112,112,14,1
ld_01,B65573,51,1,MASc PG 18 blocks,sa,112,112,14,1
ld_02,B110288,51,1,MASc PG 18 blocks,sa,112,112,14,1
ld_03,B108339,51,1,MASc PG 18 blocks,sa,112,112,14,1
pr_01,B109915,51,1,MASc PG 18 blocks,sa,112,112,14,1
pr_01,B109915,51,1,MASc PG 18 blocks,sa,112,112,14,1
pr_02,B109915,51,1,MASc PG 18 blocks,sa,112,112,14,1
pr_02,B42891,51,1,MASc PG 18 blocks,sa,112,112,14,1
pr_03,B108124,51,1,MASc PG 18 blocks,sa,112,112,14,1
pr_03,B108124,51,1,MASc PG 18 blocks,sa,112,112,14,1
sk_01,B109517,51,1,MASc PG 18 blocks,sa,112,112,14,1
sk_01,B109517,51,1,MASc PG 18 blocks,sa,112,112,14,1
sk_01,B55424,51,1,MASc PG 18 blocks,sa,112,112,14,1
sk_02,B109915,51,1,MASc PG 18 blocks,sa,112,112,14,1
sk_02,B110288,51,1,MASc PG 18 blocks,sa,112,112,14,1
sk_02,B110288,51,1,MASc PG 18 blocks,sa,112,112,14,1
sk_03,B108124,51,1,MASc PG 18 blocks,sa,112,112,14,1
sk_03,B109915,51,1,MASc PG 18 blocks,sa,112,112,14,1
sk_03,B109915,51,1,MASc PG 18 blocks,sa,112,112,14,1
fb_01,B111410,52,1,MASc PG 18 blocks,sa,112,112,14,1
fb_01,B111480,52,1,MASc PG 18 blocks,sa,112,112,14,1
fb_01,B42891,52,1,MASc PG 18 blocks,sa,112,112,14,1
fb_02,B110471,52,1,MASc PG 18 blocks,sa,112,112,14,1
fb_02,B111410,52,1,MASc PG 18 blocks,sa,112,112,14,1
fb_02,B111480,52,1,MASc PG 18 blocks,sa,112,112,14,1
fb_03,B111480,52,1,MASc PG 18 blocks,sa,112,112,14,1
fb_03,B111480,52,1,MASc PG 18 blocks,sa,112,112,14,1
fb_03,B111480,52,1,MASc PG 18 blocks,sa,112,112,14,1
ld_01,B108124,52,1,MASc PG 18 blocks,sa,112,112,14,1
ld_01,B109915,52,1,MASc PG 18 blocks,sa,112,112,14,1
ld_02,B109915,52,1,MASc PG 18 blocks,sa,112,112,14,1
ld_02,B109915,52,1,MASc PG 18 blocks,sa,112,112,14,1
ld_03,B108124,52,1,MASc PG 18 blocks,sa,112,112,14,1
ld_03,B109915,52,1,MASc PG 18 blocks,sa,112,112,14,1
pr_01,B108124,52,1,MASc PG 18 blocks,sa,112,112,14,1
pr_01,B109517,52,1,MASc PG 18 blocks,sa,112,112,14,1
pr_01,B109915,52,1,MASc PG 18 blocks,sa,112,112,14,1
pr_02,B109517,52,1,MASc PG 18 blocks,sa,112,112,14,1
pr_02,B110288,52,1,MASc PG 18 blocks,sa,112,112,14,1
pr_03,B109915,52,1,MASc PG 18 blocks,sa,112,112,14,1
pr_03,B55424,52,1,MASc PG 18 blocks,sa,112,112,14,1
sk_01,B108339,52,1,MASc PG 18 blocks,sa,112,112,14,1
sk_01,B55424,52,1,MASc PG 18 blocks,sa,112,112,14,1
sk_01,B55424,52,1,MASc PG 18 blocks,sa,112,112,14,1
sk_02,B109915,52,1,MASc PG 18 blocks,sa,112,112,14,1
sk_02,B109915,52,1,MASc PG 18 blocks,sa,112,112,14,1
sk_02,B110288,52,1,MASc PG 18 blocks,sa,112,112,14,1
sk_03,B109915,52,1,MASc PG 18 blocks,sa,112,112,14,1
sk_03,B109915,52,1,MASc PG 18 blocks,sa,112,112,14,1
sk_03,B109915,52,1,MASc PG 18 blocks,sa,112,112,14,1
fb_01,B110288,53,1,MASc PG 18 blocks,sa,112,112,14,1
fb_01,B45231,53,1,MASc PG 18 blocks,sa,112,112,14,1
fb_01,B53160,53,1,MASc PG 18 blocks,sa,112,112,14,1
fb_02,B42891,53,1,MASc PG 18 blocks,sa,112,112,14,1
fb_02,B55424,53,1,MASc PG 18 blocks,sa,112,112,14,1
fb_02,B68233,53,1,MASc PG 18 blocks,sa,112,112,14,1
fb_03,B111480,53,1,MASc PG 18 blocks,sa,112,112,14,1
fb_03,B111480,53,1,MASc PG 18 blocks,sa,112,112,14,1
fb_03,B111480,53,1,MASc PG 18 blocks,sa,112,112,14,1
ld_01,B108124,53,1,MASc PG 18 blocks,sa,112,112,14,1
ld_01,B109915,53,1,MASc PG 18 blocks,sa,112,112,14,1
ld_01,B110288,53,1,MASc PG 18 blocks,sa,112,112,14,1
ld_02,B109517,53,1,MASc PG 18 blocks,sa,112,112,14,1
ld_02,B109915,53,1,MASc PG 18 blocks,sa,112,112,14,1
ld_03,B109517,53,1,MASc PG 18 blocks,sa,112,112,14,1
ld_03,B55424,53,1,MASc PG 18 blocks,sa,112,112,14,1
pr_01,B109915,53,1,MASc PG 18 blocks,sa,112,112,14,1
pr_01,B110288,53,1,MASc PG 18 blocks,sa,112,112,14,1
pr_01,B55424,53,1,MASc PG 18 blocks,sa,112,112,14,1
pr_02,B108339,53,1,MASc PG 18 blocks,sa,112,112,14,1
pr_02,B109915,53,1,MASc PG 18 blocks,sa,112,112,14,1
pr_03,B109915,53,1,MASc PG 18 blocks,sa,112,112,14,1
pr_03,B55424,53,1,MASc PG 18 blocks,sa,112,112,14,1
sk_01,B108339,53,1,MASc PG 18 blocks,sa,112,112,14,1
sk_01,B108339,53,1,MASc PG 18 blocks,sa,112,112,14,1
sk_01,B42891,53,1,MASc PG 18 blocks,sa,112,112,14,1
sk_02,B109915,53,1,MASc PG 18 blocks,sa,112,112,14,1
sk_02,B110288,53,1,MASc PG 18 blocks,sa,112,112,14,1
sk_02,B110288,53,1,MASc PG 18 blocks,sa,112,112,14,1
sk_03,B109915,53,1,MASc PG 18 blocks,sa,112,112,14,1
sk_03,B109915,53,1,MASc PG 18 blocks,sa,112,112,14,1
sk_03,B109915,53,1,MASc PG 18 blocks,sa,112,112,14,1
fb_01,B55424,54,1,MASc PG 18 blocks,sa,112,112,14,1
fb_01,B65573,54,1,MASc PG 18 blocks,sa,112,112,14,1
fb_01,B68233,54,1,MASc PG 18 blocks,sa,112,112,14,1
fb_02,B107189,54,1,MASc PG 18 blocks,sa,112,112,14,1
fb_02,B108339,54,1,MASc PG 18 blocks,sa,112,112,14,1
fb_02,B109340,54,1,MASc PG 18 blocks,sa,112,112,14,1
fb_03,B109340,54,1,MASc PG 18 blocks,sa,112,112,14,1
fb_03,B111480,54,1,MASc PG 18 blocks,sa,112,112,14,1
fb_03,B111480,54,1,MASc PG 18 blocks,sa,112,112,14,1
ld_01,B109915,54,1,MASc PG 18 blocks,sa,112,112,14,1
ld_01,B109915,54,1,MASc PG 18 blocks,sa,112,112,14,1
ld_02,B109915,54,1,MASc PG 18 blocks,sa,112,112,14,1
ld_02,B55424,54,1,MASc PG 18 blocks,sa,112,112,14,1
ld_03,B110288,54,1,MASc PG 18 blocks,sa,112,112,14,1
pr_01,B108339,54,1,MASc PG 18 blocks,sa,112,112,14,1
pr_01,B110288,54,1,MASc PG 18 blocks,sa,112,112,14,1
pr_01,B42891,54,1,MASc PG 18 blocks,sa,112,112,14,1
pr_02,B108339,54,1,MASc PG 18 blocks,sa,112,112,14,1
pr_02,B109915,54,1,MASc PG 18 blocks,sa,112,112,14,1
pr_03,B109915,54,1,MASc PG 18 blocks,sa,112,112,14,1
pr_03,B42891,54,1,MASc PG 18 blocks,sa,112,112,14,1
sk_01,B42891,54,1,MASc PG 18 blocks,sa,112,112,14,1
sk_01,B45231,54,1,MASc PG 18 blocks,sa,112,112,14,1
sk_01,B55424,54,1,MASc PG 18 blocks,sa,112,112,14,1
sk_02,B109915,54,1,MASc PG 18 blocks,sa,112,112,14,1
sk_02,B109915,54,1,MASc PG 18 blocks,sa,112,112,14,1
sk_02,B53160,54,1,MASc PG 18 blocks,sa,112,112,14,1
sk_03,B109915,54,1,MASc PG 18 blocks,sa,112,112,14,1
sk_03,B109915,54,1,MASc PG 18 blocks,sa,112,112,14,1
sk_03,B109915,54,1,MASc PG 18 blocks,sa,112,112,14,1
fb_01,B107189,55,1,MASc PG 18 blocks,sa,112,112,14,1
fb_01,B108060,55,1,MASc PG 18 blocks,sa,112,112,14,1
fb_01,B108124,55,1,MASc PG 18 blocks,sa,112,112,14,1
fb_02,B109915,55,1,MASc PG 18 blocks,sa,112,112,14,1
fb_02,B110288,55,1,MASc PG 18 blocks,sa,112,112,14,1
fb_02,B110471,55,1,MASc PG 18 blocks,sa,112,112,14,1
fb_03,B109340,55,1,MASc PG 18 blocks,sa,112,112,14,1
fb_03,B109340,55,1,MASc PG 18 blocks,sa,112,112,14,1
fb_03,B109915,55,1,MASc PG 18 blocks,sa,112,112,14,1
ld_01,B109915,55,1,MASc PG 18 blocks,sa,112,112,14,1
ld_01,B109915,55,1,MASc PG 18 blocks,sa,112,112,14,1
ld_01,B42891,55,1,MASc PG 18 blocks,sa,112,112,14,1
ld_02,B108339,55,1,MASc PG 18 blocks,sa,112,112,14,1
ld_02,B109915,55,1,MASc PG 18 blocks,sa,112,112,14,1
ld_02,B42891,55,1,MASc PG 18 blocks,sa,112,112,14,1
ld_03,B108339,55,1,MASc PG 18 blocks,sa,112,112,14,1
ld_03,B110288,55,1,MASc PG 18 blocks,sa,112,112,14,1
ld_03,B110288,55,1,MASc PG 18 blocks,sa,112,112,14,1
pr_01,B109915,55,1,MASc PG 18 blocks,sa,112,112,14,1
pr_01,B109915,55,1,MASc PG 18 blocks,sa,112,112,14,1
pr_01,B53160,55,1,MASc PG 18 blocks,sa,112,112,14,1
pr_02,B109915,55,1,MASc PG 18 blocks,sa,112,112,14,1
pr_02,B53160,55,1,MASc PG 18 blocks,sa,112,112,14,1
pr_02,B55424,55,1,MASc PG 18 blocks,sa,112,112,14,1
pr_03,B42891,55,1,MASc PG 18 blocks,sa,112,112,14,1
pr_03,B45231,55,1,MASc PG 18 blocks,sa,112,112,14,1
pr_03,B55424,55,1,MASc PG 18 blocks,sa,112,112,14,1
sk_01,B55424,55,1,MASc PG 18 blocks,sa,112,112,14,1
sk_01,B55424,55,1,MASc PG 18 blocks,sa,112,112,14,1
sk_01,B65573,55,1,MASc PG 18 blocks,sa,112,112,14,1
sk_02,B108339,55,1,MASc PG 18 blocks,sa,112,112,14,1
sk_02,B109915,55,1,MASc PG 18 blocks,sa,112,112,14,1
sk_02,B65573,55,1,MASc PG 18 blocks,sa,112,112,14,1
sk_03,B109340,55,1,MASc PG 18 blocks,sa,112,112,14,1
sk_03,B109915,55,1,MASc PG 18 blocks,sa,112,112,14,1
sk_03,B109915,55,1,MASc PG 18 blocks,sa,112,112,14,1
fb_01,B108339,56,1,MASc PG 18 blocks,sa,112,112,14,1
fb_01,B109340,56,1,MASc PG 18 blocks,sa,112,112,14,1
fb_01,B109517,56,1,MASc PG 18 blocks,sa,112,112,14,1
fb_02,B109340,56,1,MASc PG 18 blocks,sa,112,112,14,1
fb_02,B111410,56,1,MASc PG 18 blocks,sa,112,112,14,1
fb_02,B42891,56,1,MASc PG 18 blocks,sa,112,112,14,1
fb_03,B109340,56,1,MASc PG 18 blocks,sa,112,112,14,1
fb_03,B109340,56,1,MASc PG 18 blocks,sa,112,112,14,1
fb_03,B111480,56,1,MASc PG 18 blocks,sa,112,112,14,1
ld_01,B109915,56,1,MASc PG 18 blocks,sa,112,112,14,1
ld_01,B45231,56,1,MASc PG 18 blocks,sa,112,112,14,1
ld_01,B55424,56,1,MASc PG 18 blocks,sa,112,112,14,1
ld_02,B109915,56,1,MASc PG 18 blocks,sa,112,112,14,1
ld_02,B53160,56,1,MASc PG 18 blocks,sa,112,112,14,1
ld_03,B109915,56,1,MASc PG 18 blocks,sa,112,112,14,1
ld_03,B53160,56,1,MASc PG 18 blocks,sa,112,112,14,1
pr_01,B108339,56,1,MASc PG 18 blocks,sa,112,112,14,1
pr_01,B65573,56,1,MASc PG 18 blocks,sa,112,112,14,1
pr_02,B55424,56,1,MASc PG 18 blocks,sa,112,112,14,1
pr_02,B65573,56,1,MASc PG 18 blocks,sa,112,112,14,1
pr_03,B109915,56,1,MASc PG 18 blocks,sa,112,112,14,1
pr_03,B55424,56,1,MASc PG 18 blocks,sa,112,112,14,1
sk_01,B108060,56,1,MASc PG 18 blocks,sa,112,112,14,1
sk_01,B108124,56,1,MASc PG 18 blocks,sa,112,112,14,1
sk_01,B108124,56,1,MASc PG 18 blocks,sa,112,112,14,1
sk_02,B109915,56,1,MASc PG 18 blocks,sa,112,112,14,1
sk_02,B109915,56,1,MASc PG 18 blocks,sa,112,112,14,1
sk_02,B110288,56,1,MASc PG 18 blocks,sa,112,112,14,1
sk_03,B108060,56,1,MASc PG 18 blocks,sa,112,112,14,1
sk_03,B109915,56,1,MASc PG 18 blocks,sa,112,112,14,1
sk_03,B109915,56,1,MASc PG 18 blocks,sa,112,112,14,1
fb_01,B107189,57,1,MASc PG 18 blocks,sa,112,112,14,1
fb_01,B108060,57,1,MASc PG 18 blocks,sa,112,112,14,1
fb_01,B108124,57,1,MASc PG 18 blocks,sa,112,112,14,1
fb_02,B107189,57,1,MASc PG 18 blocks,sa,112,112,14,1
fb_02,B108060,57,1,MASc PG 18 blocks,sa,112,112,14,1
fb_02,B42891,57,1,MASc PG 18 blocks,sa,112,112,14,1
fb_03,B110288,57,1,MASc PG 18 blocks,sa,112,112,14,1
fb_03,B110471,57,1,MASc PG 18 blocks,sa,112,112,14,1
fb_03,B110471,57,1,MASc PG 18 blocks,sa,112,112,14,1
fb_01,B107189,58,1,MASc PG 18 blocks,sa,112,112,14,1
fb_01,B108339,58,1,MASc PG 18 blocks,sa,112,112,14,1
fb_01,B109517,58,1,MASc PG 18 blocks,sa,112,112,14,1
fb_02,B107189,58,1,MASc PG 18 blocks,sa,112,112,14,1
fb_02,B55424,58,1,MASc PG 18 blocks,sa,112,112,14,1
fb_02,B68233,58,1,MASc PG 18 blocks,sa,112,112,14,1
fb_03,B109915,58,1,MASc PG 18 blocks,sa,112,112,14,1
fb_03,B111480,58,1,MASc PG 18 blocks,sa,112,112,14,1
fb_03,B68233,58,1,MASc PG 18 blocks,sa,112,112,14,1
sk_01,B107189,58,1,MASc PG 18 blocks,sa,112,112,14,1
sk_01,B108124,58,1,MASc PG 18 blocks,sa,112,112,14,1
sk_01,B42891,58,1,MASc PG 18 blocks,sa,112,112,14,1
sk_02,B108060,58,1,MASc PG 18 blocks,sa,112,112,14,1
sk_02,B108060,58,1,MASc PG 18 blocks,sa,112,112,14,1
sk_02,B110471,58,1,MASc PG 18 blocks,sa,112,112,14,1
sk_03,B108060,58,1,MASc PG 18 blocks,sa,112,112,14,1
sk_03,B108124,58,1,MASc PG 18 blocks,sa,112,112,14,1
sk_03,B110471,58,1,MASc PG 18 blocks,sa,112,112,14,1
fb_01,B109915,59,1,MASc PG 18 blocks,sa,112,112,14,1
fb_01,B110288,59,1,MASc PG 18 blocks,sa,112,112,14,1
fb_01,B110471,59,1,MASc PG 18 blocks,sa,112,112,14,1
fb_02,B108060,59,1,MASc PG 18 blocks,sa,112,112,14,1
fb_02,B108339,59,1,MASc PG 18 blocks,sa,112,112,14,1
fb_02,B109340,59,1,MASc PG 18 blocks,sa,112,112,14,1
fb_03,B110288,59,1,MASc PG 18 blocks,sa,112,112,14,1
fb_03,B110471,59,1,MASc PG 18 blocks,sa,112,112,14,1
fb_03,B68233,59,1,MASc PG 18 blocks,sa,112,112,14,1
pr_01,B110471,59,1,MASc PG 18 blocks,sa,112,112,14,1
pr_01,B42891,59,1,MASc PG 18 blocks,sa,112,112,14,1
pr_02,B108060,59,1,MASc PG 18 blocks,sa,112,112,14,1
pr_02,B108124,59,1,MASc PG 18 blocks,sa,112,112,14,1
pr_03,B108060,59,1,MASc PG 18 blocks,sa,112,112,14,1
pr_03,B108060,59,1,MASc PG 18 blocks,sa,112,112,14,1
sk_01,B107189,59,1,MASc PG 18 blocks,sa,112,112,14,1
sk_01,B108339,59,1,MASc PG 18 blocks,sa,112,112,14,1
sk_01,B109517,59,1,MASc PG 18 blocks,sa,112,112,14,1
sk_02,B107189,59,1,MASc PG 18 blocks,sa,112,112,14,1
sk_02,B110471,59,1,MASc PG 18 blocks,sa,112,112,14,1
sk_02,B68233,59,1,MASc PG 18 blocks,sa,112,112,14,1
sk_03,B107189,59,1,MASc PG 18 blocks,sa,112,112,14,1
sk_03,B55424,59,1,MASc PG 18 blocks,sa,112,112,14,1
sk_03,B68233,59,1,MASc PG 18 blocks,sa,112,112,14,1
fb_01,B110471,60,1,MASc PG 18 blocks,sa,112,112,14,1
fb_01,B111410,60,1,MASc PG 18 blocks,sa,112,112,14,1
fb_01,B111480,60,1,MASc PG 18 blocks,sa,112,112,14,1
fb_02,B109915,60,1,MASc PG 18 blocks,sa,112,112,14,1
fb_02,B110288,60,1,MASc PG 18 blocks,sa,112,112,14,1
fb_02,B42891,60,1,MASc PG 18 blocks,sa,112,112,14,1
fb_03,B107189,60,1,MASc PG 18 blocks,sa,112,112,14,1
fb_03,B109915,60,1,MASc PG 18 blocks,sa,112,112,14,1
fb_03,B110288,60,1,MASc PG 18 blocks,sa,112,112,14,1
ld_01,B108060,60,1,MASc PG 18 blocks,sa,112,112,14,1
ld_01,B110471,60,1,MASc PG 18 blocks,sa,112,112,14,1
ld_02,B108124,60,1,MASc PG 18 blocks,sa,112,112,14,1
ld_03,B108060,60,1,MASc PG 18 blocks,sa,112,112,14,1
pr_01,B107189,60,1,MASc PG 18 blocks,sa,112,112,14,1
pr_01,B68233,60,1,MASc PG 18 blocks,sa,112,112,14,1
pr_02,B107189,60,1,MASc PG 18 blocks,sa,112,112,14,1
pr_02,B107189,60,1,MASc PG 18 blocks,sa,112,112,14,1
pr_03,B55424,60,1,MASc PG 18 blocks,sa,112,112,14,1
sk_01,B108060,60,1,MASc PG 18 blocks,sa,112,112,14,1
sk_01,B108339,60,1,MASc PG 18 blocks,sa,112,112,14,1
sk_01,B108339,60,1,MASc PG 18 blocks,sa,112,112,14,1
sk_02,B110288,60,1,MASc PG 18 blocks,sa,112,112,14,1
sk_02,B110471,60,1,MASc PG 18 blocks,sa,112,112,14,1
sk_02,B68233,60,1,MASc PG 18 blocks,sa,112,112,14,1
sk_03,B109915,60,1,MASc PG 18 blocks,sa,112,112,14,1
sk_03,B110288,60,1,MASc PG 18 blocks,sa,112,112,14,1
sk_03,B110471,60,1,MASc PG 18 blocks,sa,112,112,14,1
fb_01,B44010,61,1,MASc PG 18 blocks,sa,112,112,14,1
fb_01,B45231,61,1,MASc PG 18 blocks,sa,112,112,14,1
fb_01,B53160,61,1,MASc PG 18 blocks,sa,112,112,14,1
fb_02,B111410,61,1,MASc PG 18 blocks,sa,112,112,14,1
fb_02,B111480,61,1,MASc PG 18 blocks,sa,112,112,14,1
fb_02,B42891,61,1,MASc PG 18 blocks,sa,112,112,14,1
fb_03,B107189,61,1,MASc PG 18 blocks,sa,112,112,14,1
fb_03,B110471,61,1,MASc PG 18 blocks,sa,112,112,14,1
fb_03,B110471,61,1,MASc PG 18 blocks,sa,112,112,14,1
ld_01,B68233,61,1,MASc PG 18 blocks,sa,112,112,14,1
ld_02,B107189,61,1,MASc PG 18 blocks,sa,112,112,14,1
ld_03,B107189,61,1,MASc PG 18 blocks,sa,112,112,14,1
pr_01,B108339,61,1,MASc PG 18 blocks,sa,112,112,14,1
pr_01,B110288,61,1,MASc PG 18 blocks,sa,112,112,14,1
pr_02,B108339,61,1,MASc PG 18 blocks,sa,112,112,14,1
pr_02,B110471,61,1,MASc PG 18 blocks,sa,112,112,14,1
pr_03,B108060,61,1,MASc PG 18 blocks,sa,112,112,14,1
sk_01,B107189,61,1,MASc PG 18 blocks,sa,112,112,14,1
sk_01,B110288,61,1,MASc PG 18 blocks,sa,112,112,14,1
sk_01,B42891,61,1,MASc PG 18 blocks,sa,112,112,14,1
sk_02,B110288,61,1,MASc PG 18 blocks,sa,112,112,14,1
sk_02,B110471,61,1,MASc PG 18 blocks,sa,112,112,14,1
sk_02,B68233,61,1,MASc PG 18 blocks,sa,112,112,14,1
sk_03,B107189,61,1,MASc PG 18 blocks,sa,112,112,14,1
sk_03,B109915,61,1,MASc PG 18 blocks,sa,112,112,14,1
sk_03,B68233,61,1,MASc PG 18 blocks,sa,112,112,14,1
fb_01,B55424,62,1,MASc PG 18 blocks,sa,112,112,14,1
fb_01,B65573,62,1,MASc PG 18 blocks,sa,112,112,14,1
fb_01,B68233,62,1,MASc PG 18 blocks,sa,112,112,14,1
fb_02,B111480,62,1,MASc PG 18 blocks,sa,112,112,14,1
fb_02,B44010,62,1,MASc PG 18 blocks,sa,112,112,14,1
fb_02,B68233,62,1,MASc PG 18 blocks,sa,112,112,14,1
fb_03,B109915,62,1,MASc PG 18 blocks,sa,112,112,14,1
fb_03,B110288,62,1,MASc PG 18 blocks,sa,112,112,14,1
fb_03,B110471,62,1,MASc PG 18 blocks,sa,112,112,14,1
ld_01,B108060,62,1,MASc PG 18 blocks,sa,112,112,14,1
ld_01,B110288,62,1,MASc PG 18 blocks,sa,112,112,14,1
ld_02,B110471,62,1,MASc PG 18 blocks,sa,112,112,14,1
ld_03,B108339,62,1,MASc PG 18 blocks,sa,112,112,14,1
pr_01,B107189,62,1,MASc PG 18 blocks,sa,112,112,14,1
pr_01,B110288,62,1,MASc PG 18 blocks,sa,112,112,14,1
pr_01,B42891,62,1,MASc PG 18 blocks,sa,112,112,14,1
pr_02,B110471,62,1,MASc PG 18 blocks,sa,112,112,14,1
pr_02,B42891,62,1,MASc PG 18 blocks,sa,112,112,14,1
pr_02,B68233,62,1,MASc PG 18 blocks,sa,112,112,14,1
pr_03,B107189,62,1,MASc PG 18 blocks,sa,112,112,14,1
pr_03,B109915,62,1,MASc PG 18 blocks,sa,112,112,14,1
sk_01,B110288,62,1,MASc PG 18 blocks,sa,112,112,14,1
sk_01,B42891,62,1,MASc PG 18 blocks,sa,112,112,14,1
sk_01,B45231,62,1,MASc PG 18 blocks,sa,112,112,14,1
sk_02,B110471,62,1,MASc PG 18 blocks,sa,112,112,14,1
sk_02,B44010,62,1,MASc PG 18 blocks,sa,112,112,14,1
sk_02,B68233,62,1,MASc PG 18 blocks,sa,112,112,14,1
sk_03,B109915,62,1,MASc PG 18 blocks,sa,112,112,14,1
sk_03,B53160,62,1,MASc PG 18 blocks,sa,112,112,14,1
sk_03,B68233,62,1,MASc PG 18 blocks,sa,112,112,14,1
fb_01,B107189,63,1,MASc PG 18 blocks,sa,112,112,14,1
fb_01,B108060,63,1,MASc PG 18 blocks,sa,112,112,14,1
fb_01,B108124,63,1,MASc PG 18 blocks,sa,112,112,14,1
fb_02,B107189,63,1,MASc PG 18 blocks,sa,112,112,14,1
fb_02,B108339,63,1,MASc PG 18 blocks,sa,112,112,14,1
fb_02,B111480,63,1,MASc PG 18 blocks,sa,112,112,14,1
fb_03,B107189,63,1,MASc PG 18 blocks,sa,112,112,14,1
fb_03,B109915,63,1,MASc PG 18 blocks,sa,112,112,14,1
fb_03,B68233,63,1,MASc PG 18 blocks,sa,112,112,14,1
ld_01,B109915,63,1,MASc PG 18 blocks,sa,112,112,14,1
ld_01,B110471,63,1,MASc PG 18 blocks,sa,112,112,14,1
ld_01,B42891,63,1,MASc PG 18 blocks,sa,112,112,14,1
ld_02,B107189,63,1,MASc PG 18 blocks,sa,112,112,14,1
ld_02,B110288,63,1,MASc PG 18 blocks,sa,112,112,14,1
ld_03,B42891,63,1,MASc PG 18 blocks,sa,112,112,14,1
ld_03,B68233,63,1,MASc PG 18 blocks,sa,112,112,14,1
pr_01,B53160,63,1,MASc PG 18 blocks,sa,112,112,14,1
pr_01,B68233,63,1,MASc PG 18 blocks,sa,112,112,14,1
pr_02,B42891,63,1,MASc PG 18 blocks,sa,112,112,14,1
pr_02,B45231,63,1,MASc PG 18 blocks,sa,112,112,14,1
pr_03,B110471,63,1,MASc PG 18 blocks,sa,112,112,14,1
pr_03,B44010,63,1,MASc PG 18 blocks,sa,112,112,14,1
sk_01,B44010,63,1,MASc PG 18 blocks,sa,112,112,14,1
sk_01,B65573,63,1,MASc PG 18 blocks,sa,112,112,14,1
sk_01,B65573,63,1,MASc PG 18 blocks,sa,112,112,14,1
sk_02,B110288,63,1,MASc PG 18 blocks,sa,112,112,14,1
sk_02,B110471,63,1,MASc PG 18 blocks,sa,112,112,14,1
sk_02,B68233,63,1,MASc PG 18 blocks,sa,112,112,14,1
sk_03,B110288,63,1,MASc PG 18 blocks,sa,112,112,14,1
sk_03,B110471,63,1,MASc PG 18 blocks,sa,112,112,14,1
sk_03,B68233,63,1,MASc PG 18 blocks,sa,112,112,14,1
fb_01,B108124,64,1,MASc PG 18 blocks,sa,112,112,14,1
fb_01,B108339,64,1,MASc PG 18 blocks,sa,112,112,14,1
fb_01,B109517,64,1,MASc PG 18 blocks,sa,112,112,14,1
fb_02,B109915,64,1,MASc PG 18 blocks,sa,112,112,14,1
fb_02,B110288,64,1,MASc PG 18 blocks,sa,112,112,14,1
fb_02,B110471,64,1,MASc PG 18 blocks,sa,112,112,14,1
fb_03,B110288,64,1,MASc PG 18 blocks,sa,112,112,14,1
fb_03,B110471,64,1,MASc PG 18 blocks,sa,112,112,14,1
fb_03,B68233,64,1,MASc PG 18 blocks,sa,112,112,14,1
ld_01,B68233,64,1,MASc PG 18 blocks,sa,112,112,14,1
ld_02,B110471,64,1,MASc PG 18 blocks,sa,112,112,14,1
ld_03,B45231,64,1,MASc PG 18 blocks,sa,112,112,14,1
pr_01,B65573,64,1,MASc PG 18 blocks,sa,112,112,14,1
pr_01,B68233,64,1,MASc PG 18 blocks,sa,112,112,14,1
pr_02,B110471,64,1,MASc PG 18 blocks,sa,112,112,14,1
pr_02,B68233,64,1,MASc PG 18 blocks,sa,112,112,14,1
pr_03,B110288,64,1,MASc PG 18 blocks,sa,112,112,14,1
pr_03,B44010,64,1,MASc PG 18 blocks,sa,112,112,14,1
sk_01,B108060,64,1,MASc PG 18 blocks,sa,112,112,14,1
sk_01,B108339,64,1,MASc PG 18 blocks,sa,112,112,14,1
sk_01,B44010,64,1,MASc PG 18 blocks,sa,112,112,14,1
sk_02,B110288,64,1,MASc PG 18 blocks,sa,112,112,14,1
sk_02,B110471,64,1,MASc PG 18 blocks,sa,112,112,14,1
sk_02,B68233,64,1,MASc PG 18 blocks,sa,112,112,14,1
sk_03,B109915,64,1,MASc PG 18 blocks,sa,112,112,14,1
sk_03,B110288,64,1,MASc PG 18 blocks,sa,112,112,14,1
sk_03,B110471,64,1,MASc PG 18 blocks,sa,112,112,14,1
fb_01,B109915,65,1,MASc PG 18 blocks,sa,112,112,14,1
fb_01,B110288,65,1,MASc PG 18 blocks,sa,112,112,14,1
fb_01,B110471,65,1,MASc PG 18 blocks,sa,112,112,14,1
fb_02,B111410,65,1,MASc PG 18 blocks,sa,112,112,14,1
fb_02,B111480,65,1,MASc PG 18 blocks,sa,112,112,14,1
fb_02,B42891,65,1,MASc PG 18 blocks,sa,112,112,14,1
fb_03,B107189,65,1,MASc PG 18 blocks,sa,112,112,14,1
fb_03,B109915,65,1,MASc PG 18 blocks,sa,112,112,14,1
fb_03,B110288,65,1,MASc PG 18 blocks,sa,112,112,14,1
ld_01,B110288,65,1,MASc PG 18 blocks,sa,112,112,14,1
ld_01,B110471,65,1,MASc PG 18 blocks,sa,112,112,14,1
ld_02,B65573,65,1,MASc PG 18 blocks,sa,112,112,14,1
ld_02,B68233,65,1,MASc PG 18 blocks,sa,112,112,14,1
ld_03,B44010,65,1,MASc PG 18 blocks,sa,112,112,14,1
ld_03,B68233,65,1,MASc PG 18 blocks,sa,112,112,14,1
pr_01,B110288,65,1,MASc PG 18 blocks,sa,112,112,14,1
pr_01,B44010,65,1,MASc PG 18 blocks,sa,112,112,14,1
pr_02,B108060,65,1,MASc PG 18 blocks,sa,112,112,14,1
pr_02,B109915,65,1,MASc PG 18 blocks,sa,112,112,14,1
pr_03,B108339,65,1,MASc PG 18 blocks,sa,112,112,14,1
pr_03,B110471,65,1,MASc PG 18 blocks,sa,112,112,14,1
sk_01,B108124,65,1,MASc PG 18 blocks,sa,112,112,14,1
sk_01,B109517,65,1,MASc PG 18 blocks,sa,112,112,14,1
sk_01,B109517,65,1,MASc PG 18 blocks,sa,112,112,14,1
sk_02,B110288,65,1,MASc PG 18 blocks,sa,112,112,14,1
sk_02,B110471,65,1,MASc PG 18 blocks,sa,112,112,14,1
sk_02,B110471,65,1,MASc PG 18 blocks,sa,112,112,14,1
sk_03,B108124,65,1,MASc PG 18 blocks,sa,112,112,14,1
sk_03,B109915,65,1,MASc PG 18 blocks,sa,112,112,14,1
sk_03,B68233,65,1,MASc PG 18 blocks,sa,112,112,14,1
fb_01,B111410,66,1,MASc PG 18 blocks,sa,112,112,14,1
fb_01,B111480,66,1,MASc PG 18 blocks,sa,112,112,14,1
fb_01,B42891,66,1,MASc PG 18 blocks,sa,112,112,14,1
fb_02,B44010,66,1,MASc PG 18 blocks,sa,112,112,14,1
fb_02,B55424,66,1,MASc PG 18 blocks,sa,112,112,14,1
fb_02,B68233,66,1,MASc PG 18 blocks,sa,112,112,14,1
fb_03,B110471,66,1,MASc PG 18 blocks,sa,112,112,14,1
fb_03,B111480,66,1,MASc PG 18 blocks,sa,112,112,14,1
fb_03,B68233,66,1,MASc PG 18 blocks,sa,112,112,14,1
ld_01,B108339,66,1,MASc PG 18 blocks,sa,112,112,14,1
ld_01,B109915,66,1,MASc PG 18 blocks,sa,112,112,14,1
ld_02,B110288,66,1,MASc PG 18 blocks,sa,112,112,14,1
ld_02,B44010,66,1,MASc PG 18 blocks,sa,112,112,14,1
ld_03,B110471,66,1,MASc PG 18 blocks,sa,112,112,14,1
pr_01,B108124,66,1,MASc PG 18 blocks,sa,112,112,14,1
pr_01,B108124,66,1,MASc PG 18 blocks,sa,112,112,14,1
pr_01,B68233,66,1,MASc PG 18 blocks,sa,112,112,14,1
pr_02,B109517,66,1,MASc PG 18 blocks,sa,112,112,14,1
pr_02,B110288,66,1,MASc PG 18 blocks,sa,112,112,14,1
pr_03,B109517,66,1,MASc PG 18 blocks,sa,112,112,14,1
pr_03,B110471,66,1,MASc PG 18 blocks,sa,112,112,14,1
sk_01,B42891,66,1,MASc PG 18 blocks,sa,112,112,14,1
sk_01,B55424,66,1,MASc PG 18 blocks,sa,112,112,14,1
sk_01,B55424,66,1,MASc PG 18 blocks,sa,112,112,14,1
sk_02,B110288,66,1,MASc PG 18 blocks,sa,112,112,14,1
sk_02,B110471,66,1,MASc PG 18 blocks,sa,112,112,14,1
sk_02,B68233,66,1,MASc PG 18 blocks,sa,112,112,14,1
sk_03,B108124,66,1,MASc PG 18 blocks,sa,112,112,14,1
sk_03,B108124,66,1,MASc PG 18 blocks,sa,112,112,14,1
sk_03,B109915,66,1,MASc PG 18 blocks,sa,112,112,14,1
fb_01,B44010,67,1,MASc PG 18 blocks,sa,112,112,14,1
fb_01,B45231,67,1,MASc PG 18 blocks,sa,112,112,14,1
fb_01,B53160,67,1,MASc PG 18 blocks,sa,112,112,14,1
fb_02,B107189,67,1,MASc PG 18 blocks,sa,112,112,14,1
fb_02,B108339,67,1,MASc PG 18 blocks,sa,112,112,14,1
fb_02,B42891,67,1,MASc PG 18 blocks,sa,112,112,14,1
fb_03,B107189,67,1,MASc PG 18 blocks,sa,112,112,14,1
fb_03,B110288,67,1,MASc PG 18 blocks,sa,112,112,14,1
fb_03,B110471,67,1,MASc PG 18 blocks,sa,112,112,14,1
ld_01,B108124,67,1,MASc PG 18 blocks,sa,112,112,14,1
ld_01,B109517,67,1,MASc PG 18 blocks,sa,112,112,14,1
ld_01,B68233,67,1,MASc PG 18 blocks,sa,112,112,14,1
ld_02,B109517,67,1,MASc PG 18 blocks,sa,112,112,14,1
ld_02,B110288,67,1,MASc PG 18 blocks,sa,112,112,14,1
ld_03,B108124,67,1,MASc PG 18 blocks,sa,112,112,14,1
ld_03,B110471,67,1,MASc PG 18 blocks,sa,112,112,14,1
pr_01,B109915,67,1,MASc PG 18 blocks,sa,112,112,14,1
pr_01,B42891,67,1,MASc PG 18 blocks,sa,112,112,14,1
pr_01,B55424,67,1,MASc PG 18 blocks,sa,112,112,14,1
pr_02,B108124,67,1,MASc PG 18 blocks,sa,112,112,14,1
pr_02,B110471,67,1,MASc PG 18 blocks,sa,112,112,14,1
pr_03,B42891,67,1,MASc PG 18 blocks,sa,112,112,14,1
pr_03,B55424,67,1,MASc PG 18 blocks,sa,112,112,14,1
sk_01,B42891,67,1,MASc PG 18 blocks,sa,112,112,14,1
sk_01,B44010,67,1,MASc PG 18 blocks,sa,112,112,14,1
sk_01,B44010,67,1,MASc PG 18 blocks,sa,112,112,14,1
sk_02,B110288,67,1,MASc PG 18 blocks,sa,112,112,14,1
sk_02,B110471,67,1,MASc PG 18 blocks,sa,112,112,14,1
sk_02,B68233,67,1,MASc PG 18 blocks,sa,112,112,14,1
sk_03,B110288,67,1,MASc PG 18 blocks,sa,112,112,14,1
sk_03,B110471,67,1,MASc PG 18 blocks,sa,112,112,14,1
sk_03,B68233,67,1,MASc PG 18 blocks,sa,112,112,14,1
fb_01,B55424,68,1,MASc PG 18 blocks,sa,112,112,14,1
fb_01,B65573,68,1,MASc PG 18 blocks,sa,112,112,14,1
fb_01,B68233,68,1,MASc PG 18 blocks,sa,112,112,14,1
fb_02,B109915,68,1,MASc PG 18 blocks,sa,112,112,14,1
fb_02,B110288,68,1,MASc PG 18 blocks,sa,112,112,14,1
fb_02,B110471,68,1,MASc PG 18 blocks,sa,112,112,14,1
fb_03,B107189,68,1,MASc PG 18 blocks,sa,112,112,14,1
fb_03,B109915,68,1,MASc PG 18 blocks,sa,112,112,14,1
fb_03,B68233,68,1,MASc PG 18 blocks,sa,112,112,14,1
ld_01,B109915,68,1,MASc PG 18 blocks,sa,112,112,14,1
ld_01,B42891,68,1,MASc PG 18 blocks,sa,112,112,14,1
ld_02,B108124,68,1,MASc PG 18 blocks,sa,112,112,14,1
ld_02,B110471,68,1,MASc PG 18 blocks,sa,112,112,14,1
ld_03,B42891,68,1,MASc PG 18 blocks,sa,112,112,14,1
ld_03,B55424,68,1,MASc PG 18 blocks,sa,112,112,14,1
pr_01,B110288,68,1,MASc PG 18 blocks,sa,112,112,14,1
pr_01,B44010,68,1,MASc PG 18 blocks,sa,112,112,14,1
pr_02,B44010,68,1,MASc PG 18 blocks,sa,112,112,14,1
pr_02,B68233,68,1,MASc PG 18 blocks,sa,112,112,14,1
pr_03,B110471,68,1,MASc PG 18 blocks,sa,112,112,14,1
pr_03,B42891,68,1,MASc PG 18 blocks,sa,112,112,14,1
sk_01,B44010,68,1,MASc PG 18 blocks,sa,112,112,14,1
sk_01,B45231,68,1,MASc PG 18 blocks,sa,112,112,14,1
sk_01,B53160,68,1,MASc PG 18 blocks,sa,112,112,14,1
sk_02,B110288,68,1,MASc PG 18 blocks,sa,112,112,14,1
sk_02,B110471,68,1,MASc PG 18 blocks,sa,112,112,14,1
sk_02,B68233,68,1,MASc PG 18 blocks,sa,112,112,14,1
sk_03,B109915,68,1,MASc PG 18 blocks,sa,112,112,14,1
sk_03,B110288,68,1,MASc PG 18 blocks,sa,112,112,14,1
sk_03,B110471,68,1,MASc PG 18 blocks,sa,112,112,14,1
fb_01,B107189,69,1,MASc PG 18 blocks,sa,112,112,14,1
fb_01,B108060,69,1,MASc PG 18 blocks,sa,112,112,14,1
fb_01,B108124,69,1,MASc PG 18 blocks,sa,112,112,14,1
fb_02,B110471,69,1,MASc PG 18 blocks,sa,112,112,14,1
fb_02,B111410,69,1,MASc PG 18 blocks,sa,112,112,14,1
fb_02,B42891,69,1,MASc PG 18 blocks,sa,112,112,14,1
fb_03,B107189,69,1,MASc PG 18 blocks,sa,112,112,14,1
fb_03,B110288,69,1,MASc PG 18 blocks,sa,112,112,14,1
fb_03,B111480,69,1,MASc PG 18 blocks,sa,112,112,14,1
ld_01,B110288,69,1,MASc PG 18 blocks,sa,112,112,14,1
ld_01,B44010,69,1,MASc PG 18 blocks,sa,112,112,14,1
ld_02,B44010,69,1,MASc PG 18 blocks,sa,112,112,14,1
ld_02,B68233,69,1,MASc PG 18 blocks,sa,112,112,14,1
ld_03,B110471,69,1,MASc PG 18 blocks,sa,112,112,14,1
pr_01,B110288,69,1,MASc PG 18 blocks,sa,112,112,14,1
pr_01,B110471,69,1,MASc PG 18 blocks,sa,112,112,14,1
pr_01,B53160,69,1,MASc PG 18 blocks,sa,112,112,14,1
pr_02,B44010,69,1,MASc PG 18 blocks,sa,112,112,14,1
pr_02,B68233,69,1,MASc PG 18 blocks,sa,112,112,14,1
pr_03,B45231,69,1,MASc PG 18 blocks,sa,112,112,14,1
pr_03,B53160,69,1,MASc PG 18 blocks,sa,112,112,14,1
sk_01,B55424,69,1,MASc PG 18 blocks,sa,112,112,14,1
sk_01,B65573,69,1,MASc PG 18 blocks,sa,112,112,14,1
sk_01,B65573,69,1,MASc PG 18 blocks,sa,112,112,14,1
sk_02,B110288,69,1,MASc PG 18 blocks,sa,112,112,14,1
sk_02,B110471,69,1,MASc PG 18 blocks,sa,112,112,14,1
sk_02,B68233,69,1,MASc PG 18 blocks,sa,112,112,14,1
sk_03,B109915,69,1,MASc PG 18 blocks,sa,112,112,14,1
sk_03,B110288,69,1,MASc PG 18 blocks,sa,112,112,14,1
sk_03,B68233,69,1,MASc PG 18 blocks,sa,112,112,14,1
fb_01,B108339,70,1,MASc PG 18 blocks,sa,112,112,14,1
fb_01,B109340,70,1,MASc PG 18 blocks,sa,112,112,14,1
fb_01,B109517,70,1,MASc PG 18 blocks,sa,112,112,14,1
fb_02,B44010,70,1,MASc PG 18 blocks,sa,112,112,14,1
fb_02,B55424,70,1,MASc PG 18 blocks,sa,112,112,14,1
fb_02,B68233,70,1,MASc PG 18 blocks,sa,112,112,14,1
fb_03,B107189,70,1,MASc PG 18 blocks,sa,112,112,14,1
fb_03,B109915,70,1,MASc PG 18 blocks,sa,112,112,14,1
fb_03,B110288,70,1,MASc PG 18 blocks,sa,112,112,14,1
ld_01,B110288,70,1,MASc PG 18 blocks,sa,112,112,14,1
ld_01,B44010,70,1,MASc PG 18 blocks,sa,112,112,14,1
ld_01,B45231,70,1,MASc PG 18 blocks,sa,112,112,14,1
ld_02,B110288,70,1,MASc PG 18 blocks,sa,112,112,14,1
ld_02,B53160,70,1,MASc PG 18 blocks,sa,112,112,14,1
ld_02,B68233,70,1,MASc PG 18 blocks,sa,112,112,14,1
ld_03,B110471,70,1,MASc PG 18 blocks,sa,112,112,14,1
ld_03,B53160,70,1,MASc PG 18 blocks,sa,112,112,14,1
ld_03,B68233,70,1,MASc PG 18 blocks,sa,112,112,14,1
pr_01,B55424,70,1,MASc PG 18 blocks,sa,112,112,14,1
pr_01,B65573,70,1,MASc PG 18 blocks,sa,112,112,14,1
pr_01,B65573,70,1,MASc PG 18 blocks,sa,112,112,14,1
pr_02,B110288,70,1,MASc PG 18 blocks,sa,112,112,14,1
pr_02,B110471,70,1,MASc PG 18 blocks,sa,112,112,14,1
pr_02,B68233,70,1,MASc PG 18 blocks,sa,112,112,14,1
pr_03,B109915,70,1,MASc PG 18 blocks,sa,112,112,14,1
pr_03,B110288,70,1,MASc PG 18 blocks,sa,112,112,14,1
sk_01,B108060,70,1,MASc PG 18 blocks,sa,112,112,14,1
sk_01,B42891,70,1,MASc PG 18 blocks,sa,112,112,14,1
sk_01,B42891,70,1,MASc PG 18 blocks,sa,112,112,14,1
sk_02,B110288,70,1,MASc PG 18 blocks,sa,112,112,14,1
sk_02,B110471,70,1,MASc PG 18 blocks,sa,112,112,14,1
sk_02,B68233,70,1,MASc PG 18 blocks,sa,112,112,14,1
sk_03,B109915,70,1,MASc PG 18 blocks,sa,112,112,14,1
sk_03,B110471,70,1,MASc PG 18 blocks,sa,112,112,14,1
sk_03,B68233,70,1,MASc PG 18 blocks,sa,112,112,14,1
fb_01,B108060,71,1,MASc PG 18 blocks,sa,112,112,14,1
fb_01,B108124,71,1,MASc PG 18 blocks,sa,112,112,14,1
fb_01,B55424,71,1,MASc PG 18 blocks,sa,112,112,14,1
fb_02,B111480,71,1,MASc PG 18 blocks,sa,112,112,14,1
fb_02,B42891,71,1,MASc PG 18 blocks,sa,112,112,14,1
fb_02,B44010,71,1,MASc PG 18 blocks,sa,112,112,14,1
fb_03,B107189,71,1,MASc PG 18 blocks,sa,112,112,14,1
fb_03,B55424,71,1,MASc PG 18 blocks,sa,112,112,14,1
fb_03,B68233,71,1,MASc PG 18 blocks,sa,112,112,14,1
fb_01,B108339,72,1,MASc PG 18 blocks,sa,112,112,14,1
fb_01,B109340,72,1,MASc PG 18 blocks,sa,112,112,14,1
fb_01,B109517,72,1,MASc PG 18 blocks,sa,112,112,14,1
fb_02,B107189,72,1,MASc PG 18 blocks,sa,112,112,14,1
fb_02,B110471,72,1,MASc PG 18 blocks,sa,112,112,14,1
fb_02,B68233,72,1,MASc PG 18 blocks,sa,112,112,14,1
fb_03,B108339,72,1,MASc PG 18 blocks,sa,112,112,14,1
fb_03,B109915,72,1,MASc PG 18 blocks,sa,112,112,14,1
fb_03,B109915,72,1,MASc PG 18 blocks,sa,112,112,14,1
sk_01,B107189,72,1,MASc PG 18 blocks,sa,112,112,14,1
sk_01,B108124,72,1,MASc PG 18 blocks,sa,112,112,14,1
sk_01,B42891,72,1,MASc PG 18 blocks,sa,112,112,14,1
sk_02,B108124,72,1,MASc PG 18 blocks,sa,112,112,14,1
sk_02,B111480,72,1,MASc PG 18 blocks,sa,112,112,14,1
sk_02,B44010,72,1,MASc PG 18 blocks,sa,112,112,14,1
sk_03,B108060,72,1,MASc PG 18 blocks,sa,112,112,14,1
sk_03,B111480,72,1,MASc PG 18 blocks,sa,112,112,14,1
sk_03,B55424,72,1,MASc PG 18 blocks,sa,112,112,14,1
fb_01,B109915,73,1,MASc PG 18 blocks,sa,112,112,14,1
fb_01,B110288,73,1,MASc PG 18 blocks,sa,112,112,14,1
fb_01,B110471,73,1,MASc PG 18 blocks,sa,112,112,14,1
fb_02,B108060,73,1,MASc PG 18 blocks,sa,112,112,14,1
fb_02,B108124,73,1,MASc PG 18 blocks,sa,112,112,14,1
fb_02,B108339,73,1,MASc PG 18 blocks,sa,112,112,14,1
fb_03,B107189,73,1,MASc PG 18 blocks,sa,112,112,14,1
fb_03,B110288,73,1,MASc PG 18 blocks,sa,112,112,14,1
fb_03,B111480,73,1,MASc PG 18 blocks,sa,112,112,14,1
pr_01,B108124,73,1,MASc PG 18 blocks,sa,112,112,14,1
pr_01,B42891,73,1,MASc PG 18 blocks,sa,112,112,14,1
pr_02,B44010,73,1,MASc PG 18 blocks,sa,112,112,14,1
pr_02,B55424,73,1,MASc PG 18 blocks,sa,112,112,14,1
pr_03,B108060,73,1,MASc PG 18 blocks,sa,112,112,14,1
sk_01,B109517,73,1,MASc PG 18 blocks,sa,112,112,14,1
sk_01,B55424,73,1,MASc PG 18 blocks,sa,112,112,14,1
sk_01,B55424,73,1,MASc PG 18 blocks,sa,112,112,14,1
sk_02,B109340,73,1,MASc PG 18 blocks,sa,112,112,14,1
sk_02,B109915,73,1,MASc PG 18 blocks,sa,112,112,14,1
sk_02,B68233,73,1,MASc PG 18 blocks,sa,112,112,14,1
sk_03,B109340,73,1,MASc PG 18 blocks,sa,112,112,14,1
sk_03,B109915,73,1,MASc PG 18 blocks,sa,112,112,14,1
sk_03,B68233,73,1,MASc PG 18 blocks,sa,112,112,14,1
fb_01,B109915,74,1,MASc PG 18 blocks,sa,112,112,14,1
fb_01,B111480,74,1,MASc PG 18 blocks,sa,112,112,14,1
fb_01,B42891,74,1,MASc PG 18 blocks,sa,112,112,14,1
fb_02,B109915,74,1,MASc PG 18 blocks,sa,112,112,14,1
fb_02,B109915,74,1,MASc PG 18 blocks,sa,112,112,14,1
fb_02,B110288,74,1,MASc PG 18 blocks,sa,112,112,14,1
fb_03,B42891,74,1,MASc PG 18 blocks,sa,112,112,14,1
fb_03,B55424,74,1,MASc PG 18 blocks,sa,112,112,14,1
fb_03,B68233,74,1,MASc PG 18 blocks,sa,112,112,14,1
ld_01,B108124,74,1,MASc PG 18 blocks,sa,112,112,14,1
pr_01,B109915,74,1,MASc PG 18 blocks,sa,112,112,14,1
pr_01,B68233,74,1,MASc PG 18 blocks,sa,112,112,14,1
pr_02,B55424,74,1,MASc PG 18 blocks,sa,112,112,14,1
pr_03,B55424,74,1,MASc PG 18 blocks,sa,112,112,14,1
sk_01,B108060,74,1,MASc PG 18 blocks,sa,112,112,14,1
sk_01,B108060,74,1,MASc PG 18 blocks,sa,112,112,14,1
sk_01,B108124,74,1,MASc PG 18 blocks,sa,112,112,14,1
sk_02,B110288,74,1,MASc PG 18 blocks,sa,112,112,14,1
sk_02,B110471,74,1,MASc PG 18 blocks,sa,112,112,14,1
sk_02,B111480,74,1,MASc PG 18 blocks,sa,112,112,14,1
sk_03,B110288,74,1,MASc PG 18 blocks,sa,112,112,14,1
sk_03,B110471,74,1,MASc PG 18 blocks,sa,112,112,14,1
sk_03,B111480,74,1,MASc PG 18 blocks,sa,112,112,14,1
fb_01,B44010,75,1,MASc PG 18 blocks,sa,112,112,14,1
fb_01,B45231,75,1,MASc PG 18 blocks,sa,112,112,14,1
fb_01,B53160,75,1,MASc PG 18 blocks,sa,112,112,14,1
fb_02,B109340,75,1,MASc PG 18 blocks,sa,112,112,14,1
fb_02,B110471,75,1,MASc PG 18 blocks,sa,112,112,14,1
fb_02,B111410,75,1,MASc PG 18 blocks,sa,112,112,14,1
fb_03,B108339,75,1,MASc PG 18 blocks,sa,112,112,14,1
fb_03,B111480,75,1,MASc PG 18 blocks,sa,112,112,14,1
fb_03,B68233,75,1,MASc PG 18 blocks,sa,112,112,14,1
ld_01,B109915,75,1,MASc PG 18 blocks,sa,112,112,14,1
ld_02,B68233,75,1,MASc PG 18 blocks,sa,112,112,14,1
ld_03,B55424,75,1,MASc PG 18 blocks,sa,112,112,14,1
pr_01,B108124,75,1,MASc PG 18 blocks,sa,112,112,14,1
pr_01,B111480,75,1,MASc PG 18 blocks,sa,112,112,14,1
pr_02,B108060,75,1,MASc PG 18 blocks,sa,112,112,14,1
pr_02,B110288,75,1,MASc PG 18 blocks,sa,112,112,14,1
pr_03,B108060,75,1,MASc PG 18 blocks,sa,112,112,14,1
pr_03,B110471,75,1,MASc PG 18 blocks,sa,112,112,14,1
sk_01,B108124,75,1,MASc PG 18 blocks,sa,112,112,14,1
sk_01,B42891,75,1,MASc PG 18 blocks,sa,112,112,14,1
sk_01,B55424,75,1,MASc PG 18 blocks,sa,112,112,14,1
sk_02,B108124,75,1,MASc PG 18 blocks,sa,112,112,14,1
sk_02,B109340,75,1,MASc PG 18 blocks,sa,112,112,14,1
sk_02,B109915,75,1,MASc PG 18 blocks,sa,112,112,14,1
sk_03,B109340,75,1,MASc PG 18 blocks,sa,112,112,14,1
sk_03,B109915,75,1,MASc PG 18 blocks,sa,112,112,14,1
sk_03,B42891,75,1,MASc PG 18 blocks,sa,112,112,14,1
fb_01,B55424,76,1,MASc PG 18 blocks,sa,112,112,14,1
fb_01,B65573,76,1,MASc PG 18 blocks,sa,112,112,14,1
fb_01,B68233,76,1,MASc PG 18 blocks,sa,112,112,14,1
fb_02,B42891,76,1,MASc PG 18 blocks,sa,112,112,14,1
fb_02,B44010,76,1,MASc PG 18 blocks,sa,112,112,14,1
fb_02,B45231,76,1,MASc PG 18 blocks,sa,112,112,14,1
fb_03,B109340,76,1,MASc PG 18 blocks,sa,112,112,14,1
fb_03,B109340,76,1,MASc PG 18 blocks,sa,112,112,14,1
fb_03,B109915,76,1,MASc PG 18 blocks,sa,112,112,14,1
ld_01,B108124,76,1,MASc PG 18 blocks,sa,112,112,14,1
ld_01,B110288,76,1,MASc PG 18 blocks,sa,112,112,14,1
ld_02,B108060,76,1,MASc PG 18 blocks,sa,112,112,14,1
ld_02,B111480,76,1,MASc PG 18 blocks,sa,112,112,14,1
ld_03,B108060,76,1,MASc PG 18 blocks,sa,112,112,14,1
ld_03,B110471,76,1,MASc PG 18 blocks,sa,112,112,14,1
pr_01,B108124,76,1,MASc PG 18 blocks,sa,112,112,14,1
pr_01,B109340,76,1,MASc PG 18 blocks,sa,112,112,14,1
pr_01,B42891,76,1,MASc PG 18 blocks,sa,112,112,14,1
pr_02,B109915,76,1,MASc PG 18 blocks,sa,112,112,14,1
pr_02,B42891,76,1,MASc PG 18 blocks,sa,112,112,14,1
pr_02,B55424,76,1,MASc PG 18 blocks,sa,112,112,14,1
pr_03,B108124,76,1,MASc PG 18 blocks,sa,112,112,14,1
pr_03,B42891,76,1,MASc PG 18 blocks,sa,112,112,14,1
sk_01,B44010,76,1,MASc PG 18 blocks,sa,112,112,14,1
sk_01,B45231,76,1,MASc PG 18 blocks,sa,112,112,14,1
sk_01,B53160,76,1,MASc PG 18 blocks,sa,112,112,14,1
sk_02,B110288,76,1,MASc PG 18 blocks,sa,112,112,14,1
sk_02,B110471,76,1,MASc PG 18 blocks,sa,112,112,14,1
sk_02,B111480,76,1,MASc PG 18 blocks,sa,112,112,14,1
sk_03,B110288,76,1,MASc PG 18 blocks,sa,112,112,14,1
sk_03,B110471,76,1,MASc PG 18 blocks,sa,112,112,14,1
sk_03,B111480,76,1,MASc PG 18 blocks,sa,112,112,14,1
fb_01,B108060,77,1,MASc PG 18 blocks,sa,112,112,14,1
fb_01,B108124,77,1,MASc PG 18 blocks,sa,112,112,14,1
fb_01,B111480,77,1,MASc PG 18 blocks,sa,112,112,14,1
fb_02,B107189,77,1,MASc PG 18 blocks,sa,112,112,14,1
fb_02,B108060,77,1,MASc PG 18 blocks,sa,112,112,14,1
fb_02,B42891,77,1,MASc PG 18 blocks,sa,112,112,14,1
fb_03,B109915,77,1,MASc PG 18 blocks,sa,112,112,14,1
fb_03,B110471,77,1,MASc PG 18 blocks,sa,112,112,14,1
fb_03,B111410,77,1,MASc PG 18 blocks,sa,112,112,14,1
ld_01,B109915,77,1,MASc PG 18 blocks,sa,112,112,14,1
ld_01,B42891,77,1,MASc PG 18 blocks,sa,112,112,14,1
ld_01,B42891,77,1,MASc PG 18 blocks,sa,112,112,14,1
ld_02,B108124,77,1,MASc PG 18 blocks,sa,112,112,14,1
ld_02,B109340,77,1,MASc PG 18 blocks,sa,112,112,14,1
ld_03,B108124,77,1,MASc PG 18 blocks,sa,112,112,14,1
ld_03,B55424,77,1,MASc PG 18 blocks,sa,112,112,14,1
pr_01,B110471,77,1,MASc PG 18 blocks,sa,112,112,14,1
pr_01,B111480,77,1,MASc PG 18 blocks,sa,112,112,14,1
pr_02,B110288,77,1,MASc PG 18 blocks,sa,112,112,14,1
pr_02,B44010,77,1,MASc PG 18 blocks,sa,112,112,14,1
pr_03,B45231,77,1,MASc PG 18 blocks,sa,112,112,14,1
pr_03,B53160,77,1,MASc PG 18 blocks,sa,112,112,14,1
sk_01,B42891,77,1,MASc PG 18 blocks,sa,112,112,14,1
sk_01,B44010,77,1,MASc PG 18 blocks,sa,112,112,14,1
sk_01,B65573,77,1,MASc PG 18 blocks,sa,112,112,14,1
sk_02,B109340,77,1,MASc PG 18 blocks,sa,112,112,14,1
sk_02,B109915,77,1,MASc PG 18 blocks,sa,112,112,14,1
sk_02,B68233,77,1,MASc PG 18 blocks,sa,112,112,14,1
sk_03,B109340,77,1,MASc PG 18 blocks,sa,112,112,14,1
sk_03,B44010,77,1,MASc PG 18 blocks,sa,112,112,14,1
sk_03,B65573,77,1,MASc PG 18 blocks,sa,112,112,14,1
fb_01,B108339,78,1,MASc PG 18 blocks,sa,112,112,14,1
fb_01,B109517,78,1,MASc PG 18 blocks,sa,112,112,14,1
fb_01,B53160,78,1,MASc PG 18 blocks,sa,112,112,14,1
fb_02,B108124,78,1,MASc PG 18 blocks,sa,112,112,14,1
fb_02,B108339,78,1,MASc PG 18 blocks,sa,112,112,14,1
fb_02,B109340,78,1,MASc PG 18 blocks,sa,112,112,14,1
fb_03,B42891,78,1,MASc PG 18 blocks,sa,112,112,14,1
fb_03,B55424,78,1,MASc PG 18 blocks,sa,112,112,14,1
fb_03,B68233,78,1,MASc PG 18 blocks,sa,112,112,14,1
ld_01,B110288,78,1,MASc PG 18 blocks,sa,112,112,14,1
ld_01,B44010,78,1,MASc PG 18 blocks,sa,112,112,14,1
ld_02,B110471,78,1,MASc PG 18 blocks,sa,112,112,14,1
ld_02,B45231,78,1,MASc PG 18 blocks,sa,112,112,14,1
ld_03,B111480,78,1,MASc PG 18 blocks,sa,112,112,14,1
pr_01,B109340,78,1,MASc PG 18 blocks,sa,112,112,14,1
pr_01,B44010,78,1,MASc PG 18 blocks,sa,112,112,14,1
pr_02,B42891,78,1,MASc PG 18 blocks,sa,112,112,14,1
pr_02,B65573,78,1,MASc PG 18 blocks,sa,112,112,14,1
pr_03,B42891,78,1,MASc PG 18 blocks,sa,112,112,14,1
pr_03,B44010,78,1,MASc PG 18 blocks,sa,112,112,14,1
sk_01,B108060,78,1,MASc PG 18 blocks,sa,112,112,14,1
sk_01,B108060,78,1,MASc PG 18 blocks,sa,112,112,14,1
sk_01,B42891,78,1,MASc PG 18 blocks,sa,112,112,14,1
sk_02,B110471,78,1,MASc PG 18 blocks,sa,112,112,14,1
sk_02,B111480,78,1,MASc PG 18 blocks,sa,112,112,14,1
sk_02,B44010,78,1,MASc PG 18 blocks,sa,112,112,14,1
sk_03,B110288,78,1,MASc PG 18 blocks,sa,112,112,14,1
sk_03,B110471,78,1,MASc PG 18 blocks,sa,112,112,14,1
sk_03,B111480,78,1,MASc PG 18 blocks,sa,112,112,14,1
fb_01,B109915,79,1,MASc PG 18 blocks,sa,112,112,14,1
fb_01,B109915,79,1,MASc PG 18 blocks,sa,112,112,14,1
fb_01,B111480,79,1,MASc PG 18 blocks,sa,112,112,14,1
fb_02,B109915,79,1,MASc PG 18 blocks,sa,112,112,14,1
fb_02,B110288,79,1,MASc PG 18 blocks,sa,112,112,14,1
fb_02,B110471,79,1,MASc PG 18 blocks,sa,112,112,14,1
fb_03,B107189,79,1,MASc PG 18 blocks,sa,112,112,14,1
fb_03,B107189,79,1,MASc PG 18 blocks,sa,112,112,14,1
fb_03,B109340,79,1,MASc PG 18 blocks,sa,112,112,14,1
ld_01,B109340,79,1,MASc PG 18 blocks,sa,112,112,14,1
ld_01,B44010,79,1,MASc PG 18 blocks,sa,112,112,14,1
ld_02,B42891,79,1,MASc PG 18 blocks,sa,112,112,14,1
ld_02,B44010,79,1,MASc PG 18 blocks,sa,112,112,14,1
ld_03,B42891,79,1,MASc PG 18 blocks,sa,112,112,14,1
ld_03,B65573,79,1,MASc PG 18 blocks,sa,112,112,14,1
pr_01,B108060,79,1,MASc PG 18 blocks,sa,112,112,14,1
pr_01,B111480,79,1,MASc PG 18 blocks,sa,112,112,14,1
pr_02,B108060,79,1,MASc PG 18 blocks,sa,112,112,14,1
pr_02,B110471,79,1,MASc PG 18 blocks,sa,112,112,14,1
pr_03,B42891,79,1,MASc PG 18 blocks,sa,112,112,14,1
pr_03,B44010,79,1,MASc PG 18 blocks,sa,112,112,14,1
sk_01,B109517,79,1,MASc PG 18 blocks,sa,112,112,14,1
sk_01,B109517,79,1,MASc PG 18 blocks,sa,112,112,14,1
sk_01,B42891,79,1,MASc PG 18 blocks,sa,112,112,14,1
sk_02,B107189,79,1,MASc PG 18 blocks,sa,112,112,14,1
sk_02,B108060,79,1,MASc PG 18 blocks,sa,112,112,14,1
sk_02,B68233,79,1,MASc PG 18 blocks,sa,112,112,14,1
sk_03,B109340,79,1,MASc PG 18 blocks,sa,112,112,14,1
sk_03,B109915,79,1,MASc PG 18 blocks,sa,112,112,14,1
sk_03,B68233,79,1,MASc PG 18 blocks,sa,112,112,14,1
fb_01,B110471,80,1,MASc PG 18 blocks,sa,112,112,14,1
fb_01,B111410,80,1,MASc PG 18 blocks,sa,112,112,14,1
fb_01,B111480,80,1,MASc PG 18 blocks,sa,112,112,14,1
fb_02,B111410,80,1,MASc PG 18 blocks,sa,112,112,14,1
fb_02,B111480,80,1,MASc PG 18 blocks,sa,112,112,14,1
fb_02,B42891,80,1,MASc PG 18 blocks,sa,112,112,14,1
fb_03,B107189,80,1,MASc PG 18 blocks,sa,112,112,14,1
fb_03,B109915,80,1,MASc PG 18 blocks,sa,112,112,14,1
fb_03,B42891,80,1,MASc PG 18 blocks,sa,112,112,14,1
ld_01,B110471,80,1,MASc PG 18 blocks,sa,112,112,14,1
ld_01,B44010,80,1,MASc PG 18 blocks,sa,112,112,14,1
ld_02,B108060,80,1,MASc PG 18 blocks,sa,112,112,14,1
ld_02,B111480,80,1,MASc PG 18 blocks,sa,112,112,14,1
ld_03,B111480,80,1,MASc PG 18 blocks,sa,112,112,14,1
pr_01,B107189,80,1,MASc PG 18 blocks,sa,112,112,14,1
pr_01,B108060,80,1,MASc PG 18 blocks,sa,112,112,14,1
pr_01,B109340,80,1,MASc PG 18 blocks,sa,112,112,14,1
pr_02,B109517,80,1,MASc PG 18 blocks,sa,112,112,14,1
pr_02,B109517,80,1,MASc PG 18 blocks,sa,112,112,14,1
pr_02,B68233,80,1,MASc PG 18 blocks,sa,112,112,14,1
pr_03,B109915,80,1,MASc PG 18 blocks,sa,112,112,14,1
pr_03,B42891,80,1,MASc PG 18 blocks,sa,112,112,14,1
pr_03,B42891,80,1,MASc PG 18 blocks,sa,112,112,14,1
sk_01,B108124,80,1,MASc PG 18 blocks,sa,112,112,14,1
sk_01,B108124,80,1,MASc PG 18 blocks,sa,112,112,14,1
sk_01,B45231,80,1,MASc PG 18 blocks,sa,112,112,14,1
sk_02,B110288,80,1,MASc PG 18 blocks,sa,112,112,14,1
sk_02,B110471,80,1,MASc PG 18 blocks,sa,112,112,14,1
sk_02,B111480,80,1,MASc PG 18 blocks,sa,112,112,14,1
sk_03,B110288,80,1,MASc PG 18 blocks,sa,112,112,14,1
sk_03,B110471,80,1,MASc PG 18 blocks,sa,112,112,14,1
sk_03,B111480,80,1,MASc PG 18 blocks,sa,112,112,14,1
fb_01,B44010,81,1,MASc PG 18 blocks,sa,112,112,14,1
fb_01,B45231,81,1,MASc PG 18 blocks,sa,112,112,14,1
fb_01,B53160,81,1,MASc PG 18 blocks,sa,112,112,14,1
fb_02,B44010,81,1,MASc PG 18 blocks,sa,112,112,14,1
fb_02,B55424,81,1,MASc PG 18 blocks,sa,112,112,14,1
fb_02,B68233,81,1,MASc PG 18 blocks,sa,112,112,14,1
fb_03,B110471,81,1,MASc PG 18 blocks,sa,112,112,14,1
fb_03,B111410,81,1,MASc PG 18 blocks,sa,112,112,14,1
fb_03,B42891,81,1,MASc PG 18 blocks,sa,112,112,14,1
ld_01,B109915,81,1,MASc PG 18 blocks,sa,112,112,14,1
ld_01,B42891,81,1,MASc PG 18 blocks,sa,112,112,14,1
ld_01,B68233,81,1,MASc PG 18 blocks,sa,112,112,14,1
ld_02,B108060,81,1,MASc PG 18 blocks,sa,112,112,14,1
ld_02,B109340,81,1,MASc PG 18 blocks,sa,112,112,14,1
ld_02,B42891,81,1,MASc PG 18 blocks,sa,112,112,14,1
ld_03,B109340,81,1,MASc PG 18 blocks,sa,112,112,14,1
ld_03,B109517,81,1,MASc PG 18 blocks,sa,112,112,14,1
ld_03,B109517,81,1,MASc PG 18 blocks,sa,112,112,14,1
pr_01,B108124,81,1,MASc PG 18 blocks,sa,112,112,14,1
pr_01,B111480,81,1,MASc PG 18 blocks,sa,112,112,14,1
pr_02,B110288,81,1,MASc PG 18 blocks,sa,112,112,14,1
pr_02,B45231,81,1,MASc PG 18 blocks,sa,112,112,14,1
pr_03,B110471,81,1,MASc PG 18 blocks,sa,112,112,14,1
sk_01,B108124,81,1,MASc PG 18 blocks,sa,112,112,14,1
sk_01,B109340,81,1,MASc PG 18 blocks,sa,112,112,14,1
sk_01,B42891,81,1,MASc PG 18 blocks,sa,112,112,14,1
sk_02,B109915,81,1,MASc PG 18 blocks,sa,112,112,14,1
sk_02,B110288,81,1,MASc PG 18 blocks,sa,112,112,14,1
sk_02,B68233,81,1,MASc PG 18 blocks,sa,112,112,14,1
sk_03,B109340,81,1,MASc PG 18 blocks,sa,112,112,14,1
sk_03,B109915,81,1,MASc PG 18 blocks,sa,112,112,14,1
sk_03,B68233,81,1,MASc PG 18 blocks,sa,112,112,14,1
fb_01,B55424,82,1,MASc PG 18 blocks,sa,112,112,14,1
fb_01,B65573,82,1,MASc PG 18 blocks,sa,112,112,14,1
fb_01,B68233,82,1,MASc PG 18 blocks,sa,112,112,14,1
fb_02,B107189,82,1,MASc PG 18 blocks,sa,112,112,14,1
fb_02,B108060,82,1,MASc PG 18 blocks,sa,112,112,14,1
fb_02,B108124,82,1,MASc PG 18 blocks,sa,112,112,14,1
fb_03,B107189,82,1,MASc PG 18 blocks,sa,112,112,14,1
fb_03,B108339,82,1,MASc PG 18 blocks,sa,112,112,14,1
fb_03,B68233,82,1,MASc PG 18 blocks,sa,112,112,14,1
ld_01,B108124,82,1,MASc PG 18 blocks,sa,112,112,14,1
ld_01,B110288,82,1,MASc PG 18 blocks,sa,112,112,14,1
ld_02,B110471,82,1,MASc PG 18 blocks,sa,112,112,14,1
ld_02,B45231,82,1,MASc PG 18 blocks,sa,112,112,14,1
ld_03,B111480,82,1,MASc PG 18 blocks,sa,112,112,14,1
pr_01,B110288,82,1,MASc PG 18 blocks,sa,112,112,14,1
pr_01,B42891,82,1,MASc PG 18 blocks,sa,112,112,14,1
pr_02,B108124,82,1,MASc PG 18 blocks,sa,112,112,14,1
pr_02,B68233,82,1,MASc PG 18 blocks,sa,112,112,14,1
pr_03,B109915,82,1,MASc PG 18 blocks,sa,112,112,14,1
sk_01,B109915,82,1,MASc PG 18 blocks,sa,112,112,14,1
sk_01,B110288,82,1,MASc PG 18 blocks,sa,112,112,14,1
sk_01,B53160,82,1,MASc PG 18 blocks,sa,112,112,14,1
sk_02,B110288,82,1,MASc PG 18 blocks,sa,112,112,14,1
sk_02,B110471,82,1,MASc PG 18 blocks,sa,112,112,14,1
sk_02,B111480,82,1,MASc PG 18 blocks,sa,112,112,14,1
sk_03,B110471,82,1,MASc PG 18 blocks,sa,112,112,14,1
sk_03,B111480,82,1,MASc PG 18 blocks,sa,112,112,14,1
sk_03,B45231,82,1,MASc PG 18 blocks,sa,112,112,14,1
fb_01,B108060,83,1,MASc PG 18 blocks,sa,112,112,14,1
fb_01,B108124,83,1,MASc PG 18 blocks,sa,112,112,14,1
fb_01,B111480,83,1,MASc PG 18 blocks,sa,112,112,14,1
fb_02,B107189,83,1,MASc PG 18 blocks,sa,112,112,14,1
fb_02,B109915,83,1,MASc PG 18 blocks,sa,112,112,14,1
fb_02,B109915,83,1,MASc PG 18 blocks,sa,112,112,14,1
fb_03,B109340,83,1,MASc PG 18 blocks,sa,112,112,14,1
fb_03,B110288,83,1,MASc PG 18 blocks,sa,112,112,14,1
fb_03,B110471,83,1,MASc PG 18 blocks,sa,112,112,14,1
ld_01,B108124,83,1,MASc PG 18 blocks,sa,112,112,14,1
ld_01,B109915,83,1,MASc PG 18 blocks,sa,112,112,14,1
ld_02,B110288,83,1,MASc PG 18 blocks,sa,112,112,14,1
ld_03,B68233,83,1,MASc PG 18 blocks,sa,112,112,14,1
pr_01,B110471,83,1,MASc PG 18 blocks,sa,112,112,14,1
pr_01,B111480,83,1,MASc PG 18 blocks,sa,112,112,14,1
pr_01,B53160,83,1,MASc PG 18 blocks,sa,112,112,14,1
pr_02,B109915,83,1,MASc PG 18 blocks,sa,112,112,14,1
pr_02,B110288,83,1,MASc PG 18 blocks,sa,112,112,14,1
pr_02,B45231,83,1,MASc PG 18 blocks,sa,112,112,14,1
pr_03,B45231,83,1,MASc PG 18 blocks,sa,112,112,14,1
pr_03,B53160,83,1,MASc PG 18 blocks,sa,112,112,14,1
sk_01,B44010,83,1,MASc PG 18 blocks,sa,112,112,14,1
sk_01,B45231,83,1,MASc PG 18 blocks,sa,112,112,14,1
sk_01,B65573,83,1,MASc PG 18 blocks,sa,112,112,14,1
sk_02,B109340,83,1,MASc PG 18 blocks,sa,112,112,14,1
sk_02,B53160,83,1,MASc PG 18 blocks,sa,112,112,14,1
sk_02,B68233,83,1,MASc PG 18 blocks,sa,112,112,14,1
sk_03,B42891,83,1,MASc PG 18 blocks,sa,112,112,14,1
sk_03,B44010,83,1,MASc PG 18 blocks,sa,112,112,14,1
sk_03,B68233,83,1,MASc PG 18 blocks,sa,112,112,14,1
fb_01,B108339,84,1,MASc PG 18 blocks,sa,112,112,14,1
fb_01,B109340,84,1,MASc PG 18 blocks,sa,112,112,14,1
fb_01,B109517,84,1,MASc PG 18 blocks,sa,112,112,14,1
fb_02,B110288,84,1,MASc PG 18 blocks,sa,112,112,14,1
fb_02,B110288,84,1,MASc PG 18 blocks,sa,112,112,14,1
fb_02,B111410,84,1,MASc PG 18 blocks,sa,112,112,14,1
fb_03,B111410,84,1,MASc PG 18 blocks,sa,112,112,14,1
fb_03,B55424,84,1,MASc PG 18 blocks,sa,112,112,14,1
fb_03,B68233,84,1,MASc PG 18 blocks,sa,112,112,14,1
ld_01,B109915,84,1,MASc PG 18 blocks,sa,112,112,14,1
ld_01,B110288,84,1,MASc PG 18 blocks,sa,112,112,14,1
ld_01,B45231,84,1,MASc PG 18 blocks,sa,112,112,14,1
ld_02,B110471,84,1,MASc PG 18 blocks,sa,112,112,14,1
ld_02,B45231,84,1,MASc PG 18 blocks,sa,112,112,14,1
ld_02,B53160,84,1,MASc PG 18 blocks,sa,112,112,14,1
ld_03,B111480,84,1,MASc PG 18 blocks,sa,112,112,14,1
ld_03,B53160,84,1,MASc PG 18 blocks,sa,112,112,14,1
pr_01,B42891,84,1,MASc PG 18 blocks,sa,112,112,14,1
pr_01,B44010,84,1,MASc PG 18 blocks,sa,112,112,14,1
pr_01,B65573,84,1,MASc PG 18 blocks,sa,112,112,14,1
pr_02,B44010,84,1,MASc PG 18 blocks,sa,112,112,14,1
pr_02,B53160,84,1,MASc PG 18 blocks,sa,112,112,14,1
pr_02,B68233,84,1,MASc PG 18 blocks,sa,112,112,14,1
pr_03,B42891,84,1,MASc PG 18 blocks,sa,112,112,14,1
pr_03,B45231,84,1,MASc PG 18 blocks,sa,112,112,14,1
pr_03,B53160,84,1,MASc PG 18 blocks,sa,112,112,14,1
sk_01,B108124,84,1,MASc PG 18 blocks,sa,112,112,14,1
sk_01,B110471,84,1,MASc PG 18 blocks,sa,112,112,14,1
sk_01,B44010,84,1,MASc PG 18 blocks,sa,112,112,14,1
sk_02,B108060,84,1,MASc PG 18 blocks,sa,112,112,14,1
sk_02,B110288,84,1,MASc PG 18 blocks,sa,112,112,14,1
sk_02,B111480,84,1,MASc PG 18 blocks,sa,112,112,14,1
sk_03,B108060,84,1,MASc PG 18 blocks,sa,112,112,14,1
sk_03,B108124,84,1,MASc PG 18 blocks,sa,112,112,14,1
sk_03,B111480,84,1,MASc PG 18 blocks,sa,112,112,14,1
fb_01,B107189,85,1,MASc PG 18 blocks,sa,112,112,14,1
fb_01,B108060,85,1,MASc PG 18 blocks,sa,112,112,14,1
fb_01,B44010,85,1,MASc PG 18 blocks,sa,112,112,14,1
fb_02,B53160,85,1,MASc PG 18 blocks,sa,112,112,14,1
fb_02,B55424,85,1,MASc PG 18 blocks,sa,112,112,14,1
fb_02,B68233,85,1,MASc PG 18 blocks,sa,112,112,14,1
fb_03,B108124,85,1,MASc PG 18 blocks,sa,112,112,14,1
fb_03,B111480,85,1,MASc PG 18 blocks,sa,112,112,14,1
fb_03,B42891,85,1,MASc PG 18 blocks,sa,112,112,14,1
fb_01,B109340,86,1,MASc PG 18 blocks,sa,112,112,14,1
fb_01,B109517,86,1,MASc PG 18 blocks,sa,112,112,14,1
fb_01,B110471,86,1,MASc PG 18 blocks,sa,112,112,14,1
fb_02,B108124,86,1,MASc PG 18 blocks,sa,112,112,14,1
fb_02,B108124,86,1,MASc PG 18 blocks,sa,112,112,14,1
fb_02,B109915,86,1,MASc PG 18 blocks,sa,112,112,14,1
fb_03,B107189,86,1,MASc PG 18 blocks,sa,112,112,14,1
fb_03,B55424,86,1,MASc PG 18 blocks,sa,112,112,14,1
fb_03,B68233,86,1,MASc PG 18 blocks,sa,112,112,14,1
sk_01,B107189,86,1,MASc PG 18 blocks,sa,112,112,14,1
sk_01,B108124,86,1,MASc PG 18 blocks,sa,112,112,14,1
sk_01,B53160,86,1,MASc PG 18 blocks,sa,112,112,14,1
sk_02,B108124,86,1,MASc PG 18 blocks,sa,112,112,14,1
sk_02,B44010,86,1,MASc PG 18 blocks,sa,112,112,14,1
sk_02,B68233,86,1,MASc PG 18 blocks,sa,112,112,14,1
sk_03,B108060,86,1,MASc PG 18 blocks,sa,112,112,14,1
sk_03,B42891,86,1,MASc PG 18 blocks,sa,112,112,14,1
sk_03,B55424,86,1,MASc PG 18 blocks,sa,112,112,14,1
fb_01,B110288,87,1,MASc PG 18 blocks,sa,112,112,14,1
fb_01,B110471,87,1,MASc PG 18 blocks,sa,112,112,14,1
fb_01,B111480,87,1,MASc PG 18 blocks,sa,112,112,14,1
fb_02,B108339,87,1,MASc PG 18 blocks,sa,112,112,14,1
fb_02,B109340,87,1,MASc PG 18 blocks,sa,112,112,14,1
fb_02,B111480,87,1,MASc PG 18 blocks,sa,112,112,14,1
fb_03,B108060,87,1,MASc PG 18 blocks,sa,112,112,14,1
fb_03,B108339,87,1,MASc PG 18 blocks,sa,112,112,14,1
fb_03,B44010,87,1,MASc PG 18 blocks,sa,112,112,14,1
pr_01,B108124,87,1,MASc PG 18 blocks,sa,112,112,14,1
pr_01,B53160,87,1,MASc PG 18 blocks,sa,112,112,14,1
pr_02,B42891,87,1,MASc PG 18 blocks,sa,112,112,14,1
pr_02,B44010,87,1,MASc PG 18 blocks,sa,112,112,14,1
pr_03,B108060,87,1,MASc PG 18 blocks,sa,112,112,14,1
pr_03,B55424,87,1,MASc PG 18 blocks,sa,112,112,14,1
sk_01,B108124,87,1,MASc PG 18 blocks,sa,112,112,14,1
sk_01,B108124,87,1,MASc PG 18 blocks,sa,112,112,14,1
sk_01,B109517,87,1,MASc PG 18 blocks,sa,112,112,14,1
sk_02,B108124,87,1,MASc PG 18 blocks,sa,112,112,14,1
sk_02,B108124,87,1,MASc PG 18 blocks,sa,112,112,14,1
sk_02,B55424,87,1,MASc PG 18 blocks,sa,112,112,14,1
sk_03,B107189,87,1,MASc PG 18 blocks,sa,112,112,14,1
sk_03,B109340,87,1,MASc PG 18 blocks,sa,112,112,14,1
sk_03,B111480,87,1,MASc PG 18 blocks,sa,112,112,14,1
fb_01,B109915,88,1,MASc PG 18 blocks,sa,112,112,14,1
fb_01,B111410,88,1,MASc PG 18 blocks,sa,112,112,14,1
fb_01,B111480,88,1,MASc PG 18 blocks,sa,112,112,14,1
fb_02,B110288,88,1,MASc PG 18 blocks,sa,112,112,14,1
fb_02,B110471,88,1,MASc PG 18 blocks,sa,112,112,14,1
fb_02,B42891,88,1,MASc PG 18 blocks,sa,112,112,14,1
fb_03,B109915,88,1,MASc PG 18 blocks,sa,112,112,14,1
fb_03,B110288,88,1,MASc PG 18 blocks,sa,112,112,14,1
fb_03,B110471,88,1,MASc PG 18 blocks,sa,112,112,14,1
ld_01,B108124,88,1,MASc PG 18 blocks,sa,112,112,14,1
pr_01,B108124,88,1,MASc PG 18 blocks,sa,112,112,14,1
pr_01,B55424,88,1,MASc PG 18 blocks,sa,112,112,14,1
pr_02,B107189,88,1,MASc PG 18 blocks,sa,112,112,14,1
pr_02,B108124,88,1,MASc PG 18 blocks,sa,112,112,14,1
pr_03,B108124,88,1,MASc PG 18 blocks,sa,112,112,14,1
sk_01,B108060,88,1,MASc PG 18 blocks,sa,112,112,14,1
sk_01,B108339,88,1,MASc PG 18 blocks,sa,112,112,14,1
sk_01,B55424,88,1,MASc PG 18 blocks,sa,112,112,14,1
sk_02,B108339,88,1,MASc PG 18 blocks,sa,112,112,14,1
sk_02,B110471,88,1,MASc PG 18 blocks,sa,112,112,14,1
sk_02,B111480,88,1,MASc PG 18 blocks,sa,112,112,14,1
sk_03,B107189,88,1,MASc PG 18 blocks,sa,112,112,14,1
sk_03,B108339,88,1,MASc PG 18 blocks,sa,112,112,14,1
sk_03,B68233,88,1,MASc PG 18 blocks,sa,112,112,14,1
fb_01,B109915,89,1,MASc PG 18 blocks,sa,112,112,14,1
fb_01,B45231,89,1,MASc PG 18 blocks,sa,112,112,14,1
fb_01,B53160,89,1,MASc PG 18 blocks,sa,112,112,14,1
fb_02,B109915,89,1,MASc PG 18 blocks,sa,112,112,14,1
fb_02,B42891,89,1,MASc PG 18 blocks,sa,112,112,14,1
fb_02,B44010,89,1,MASc PG 18 blocks,sa,112,112,14,1
fb_03,B107189,89,1,MASc PG 18 blocks,sa,112,112,14,1
fb_03,B109915,89,1,MASc PG 18 blocks,sa,112,112,14,1
fb_03,B42891,89,1,MASc PG 18 blocks,sa,112,112,14,1
ld_01,B108124,89,1,MASc PG 18 blocks,sa,112,112,14,1
ld_01,B55424,89,1,MASc PG 18 blocks,sa,112,112,14,1
ld_02,B108124,89,1,MASc PG 18 blocks,sa,112,112,14,1
ld_03,B108124,89,1,MASc PG 18 blocks,sa,112,112,14,1
pr_01,B108339,89,1,MASc PG 18 blocks,sa,112,112,14,1
pr_01,B68233,89,1,MASc PG 18 blocks,sa,112,112,14,1
pr_02,B108060,89,1,MASc PG 18 blocks,sa,112,112,14,1
pr_02,B108339,89,1,MASc PG 18 blocks,sa,112,112,14,1
pr_03,B107189,89,1,MASc PG 18 blocks,sa,112,112,14,1
pr_03,B55424,89,1,MASc PG 18 blocks,sa,112,112,14,1
sk_01,B42891,89,1,MASc PG 18 blocks,sa,112,112,14,1
sk_01,B44010,89,1,MASc PG 18 blocks,sa,112,112,14,1
sk_01,B44010,89,1,MASc PG 18 blocks,sa,112,112,14,1
sk_02,B108124,89,1,MASc PG 18 blocks,sa,112,112,14,1
sk_02,B68233,89,1,MASc PG 18 blocks,sa,112,112,14,1
sk_02,B68233,89,1,MASc PG 18 blocks,sa,112,112,14,1
sk_03,B109340,89,1,MASc PG 18 blocks,sa,112,112,14,1
sk_03,B109915,89,1,MASc PG 18 blocks,sa,112,112,14,1
sk_03,B110288,89,1,MASc PG 18 blocks,sa,112,112,14,1
fb_01,B55424,90,1,MASc PG 18 blocks,sa,112,112,14,1
fb_01,B65573,90,1,MASc PG 18 blocks,sa,112,112,14,1
fb_01,B68233,90,1,MASc PG 18 blocks,sa,112,112,14,1
fb_02,B108060,90,1,MASc PG 18 blocks,sa,112,112,14,1
fb_02,B53160,90,1,MASc PG 18 blocks,sa,112,112,14,1
fb_02,B68233,90,1,MASc PG 18 blocks,sa,112,112,14,1
fb_03,B111480,90,1,MASc PG 18 blocks,sa,112,112,14,1
fb_03,B44010,90,1,MASc PG 18 blocks,sa,112,112,14,1
fb_03,B55424,90,1,MASc PG 18 blocks,sa,112,112,14,1
ld_01,B108060,90,1,MASc PG 18 blocks,sa,112,112,14,1
ld_01,B68233,90,1,MASc PG 18 blocks,sa,112,112,14,1
ld_02,B107189,90,1,MASc PG 18 blocks,sa,112,112,14,1
ld_03,B108339,90,1,MASc PG 18 blocks,sa,112,112,14,1
pr_01,B44010,90,1,MASc PG 18 blocks,sa,112,112,14,1
pr_01,B68233,90,1,MASc PG 18 blocks,sa,112,112,14,1
pr_02,B108124,90,1,MASc PG 18 blocks,sa,112,112,14,1
pr_02,B42891,90,1,MASc PG 18 blocks,sa,112,112,14,1
pr_03,B42891,90,1,MASc PG 18 blocks,sa,112,112,14,1
pr_03,B44010,90,1,MASc PG 18 blocks,sa,112,112,14,1
sk_01,B42891,90,1,MASc PG 18 blocks,sa,112,112,14,1
sk_01,B45231,90,1,MASc PG 18 blocks,sa,112,112,14,1
sk_01,B53160,90,1,MASc PG 18 blocks,sa,112,112,14,1
sk_02,B109340,90,1,MASc PG 18 blocks,sa,112,112,14,1
sk_02,B109915,90,1,MASc PG 18 blocks,sa,112,112,14,1
sk_02,B110288,90,1,MASc PG 18 blocks,sa,112,112,14,1
sk_03,B110471,90,1,MASc PG 18 blocks,sa,112,112,14,1
sk_03,B111410,90,1,MASc PG 18 blocks,sa,112,112,14,1
sk_03,B111480,90,1,MASc PG 18 blocks,sa,112,112,14,1
fb_01,B107189,91,1,MASc PG 18 blocks,sa,112,112,14,1
fb_01,B108060,91,1,MASc PG 18 blocks,sa,112,112,14,1
fb_01,B108124,91,1,MASc PG 18 blocks,sa,112,112,14,1
fb_02,B107189,91,1,MASc PG 18 blocks,sa,112,112,14,1
fb_02,B108060,91,1,MASc PG 18 blocks,sa,112,112,14,1
fb_02,B109915,91,1,MASc PG 18 blocks,sa,112,112,14,1
fb_03,B111480,91,1,MASc PG 18 blocks,sa,112,112,14,1
fb_03,B111480,91,1,MASc PG 18 blocks,sa,112,112,14,1
fb_03,B45231,91,1,MASc PG 18 blocks,sa,112,112,14,1
ld_01,B42891,91,1,MASc PG 18 blocks,sa,112,112,14,1
ld_01,B68233,91,1,MASc PG 18 blocks,sa,112,112,14,1
ld_02,B108124,91,1,MASc PG 18 blocks,sa,112,112,14,1
ld_02,B42891,91,1,MASc PG 18 blocks,sa,112,112,14,1
ld_03,B44010,91,1,MASc PG 18 blocks,sa,112,112,14,1
ld_03,B44010,91,1,MASc PG 18 blocks,sa,112,112,14,1
pr_01,B109340,91,1,MASc PG 18 blocks,sa,112,112,14,1
pr_01,B110288,91,1,MASc PG 18 blocks,sa,112,112,14,1
pr_01,B53160,91,1,MASc PG 18 blocks,sa,112,112,14,1
pr_02,B111480,91,1,MASc PG 18 blocks,sa,112,112,14,1
pr_02,B45231,91,1,MASc PG 18 blocks,sa,112,112,14,1
pr_02,B53160,91,1,MASc PG 18 blocks,sa,112,112,14,1
pr_03,B109915,91,1,MASc PG 18 blocks,sa,112,112,14,1
pr_03,B110471,91,1,MASc PG 18 blocks,sa,112,112,14,1
pr_03,B42891,91,1,MASc PG 18 blocks,sa,112,112,14,1
sk_01,B42891,91,1,MASc PG 18 blocks,sa,112,112,14,1
sk_01,B53160,91,1,MASc PG 18 blocks,sa,112,112,14,1
sk_01,B65573,91,1,MASc PG 18 blocks,sa,112,112,14,1
sk_02,B110471,91,1,MASc PG 18 blocks,sa,112,112,14,1
sk_02,B111410,91,1,MASc PG 18 blocks,sa,112,112,14,1
sk_02,B111480,91,1,MASc PG 18 blocks,sa,112,112,14,1
sk_03,B44010,91,1,MASc PG 18 blocks,sa,112,112,14,1
sk_03,B65573,91,1,MASc PG 18 blocks,sa,112,112,14,1
sk_03,B68233,91,1,MASc PG 18 blocks,sa,112,112,14,1
fb_01,B109517,92,1,MASc PG 18 blocks,sa,112,112,14,1
fb_01,B109915,92,1,MASc PG 18 blocks,sa,112,112,14,1
fb_01,B109915,92,1,MASc PG 18 blocks,sa,112,112,14,1
fb_02,B108124,92,1,MASc PG 18 blocks,sa,112,112,14,1
fb_02,B108339,92,1,MASc PG 18 blocks,sa,112,112,14,1
fb_02,B109915,92,1,MASc PG 18 blocks,sa,112,112,14,1
fb_03,B108339,92,1,MASc PG 18 blocks,sa,112,112,14,1
fb_03,B110288,92,1,MASc PG 18 blocks,sa,112,112,14,1
fb_03,B110471,92,1,MASc PG 18 blocks,sa,112,112,14,1
ld_01,B110471,92,1,MASc PG 18 blocks,sa,112,112,14,1
ld_01,B53160,92,1,MASc PG 18 blocks,sa,112,112,14,1
ld_01,B53160,92,1,MASc PG 18 blocks,sa,112,112,14,1
ld_02,B109915,92,1,MASc PG 18 blocks,sa,112,112,14,1
ld_02,B111480,92,1,MASc PG 18 blocks,sa,112,112,14,1
ld_02,B45231,92,1,MASc PG 18 blocks,sa,112,112,14,1
ld_03,B109340,92,1,MASc PG 18 blocks,sa,112,112,14,1
ld_03,B110288,92,1,MASc PG 18 blocks,sa,112,112,14,1
pr_01,B42891,92,1,MASc PG 18 blocks,sa,112,112,14,1
pr_01,B53160,92,1,MASc PG 18 blocks,sa,112,112,14,1
pr_01,B65573,92,1,MASc PG 18 blocks,sa,112,112,14,1
pr_02,B44010,92,1,MASc PG 18 blocks,sa,112,112,14,1
pr_02,B53160,92,1,MASc PG 18 blocks,sa,112,112,14,1
pr_03,B111410,92,1,MASc PG 18 blocks,sa,112,112,14,1
pr_03,B42891,92,1,MASc PG 18 blocks,sa,112,112,14,1
sk_01,B44010,92,1,MASc PG 18 blocks,sa,112,112,14,1
sk_01,B44010,92,1,MASc PG 18 blocks,sa,112,112,14,1
sk_01,B45231,92,1,MASc PG 18 blocks,sa,112,112,14,1
sk_02,B107189,92,1,MASc PG 18 blocks,sa,112,112,14,1
sk_02,B110471,92,1,MASc PG 18 blocks,sa,112,112,14,1
sk_02,B68233,92,1,MASc PG 18 blocks,sa,112,112,14,1
sk_03,B109915,92,1,MASc PG 18 blocks,sa,112,112,14,1
sk_03,B110288,92,1,MASc PG 18 blocks,sa,112,112,14,1
sk_03,B111480,92,1,MASc PG 18 blocks,sa,112,112,14,1
fb_01,B110288,93,1,MASc PG 18 blocks,sa,112,112,14,1
fb_01,B111480,93,1,MASc PG 18 blocks,sa,112,112,14,1
fb_01,B45231,93,1,MASc PG 18 blocks,sa,112,112,14,1
fb_02,B110471,93,1,MASc PG 18 blocks,sa,112,112,14,1
fb_02,B111410,93,1,MASc PG 18 blocks,sa,112,112,14,1
fb_02,B111480,93,1,MASc PG 18 blocks,sa,112,112,14,1
fb_03,B109915,93,1,MASc PG 18 blocks,sa,112,112,14,1
fb_03,B109915,93,1,MASc PG 18 blocks,sa,112,112,14,1
fb_03,B42891,93,1,MASc PG 18 blocks,sa,112,112,14,1
ld_01,B42891,93,1,MASc PG 18 blocks,sa,112,112,14,1
ld_01,B65573,93,1,MASc PG 18 blocks,sa,112,112,14,1
ld_02,B44010,93,1,MASc PG 18 blocks,sa,112,112,14,1
ld_02,B53160,93,1,MASc PG 18 blocks,sa,112,112,14,1
ld_03,B42891,93,1,MASc PG 18 blocks,sa,112,112,14,1
pr_01,B107189,93,1,MASc PG 18 blocks,sa,112,112,14,1
pr_01,B111480,93,1,MASc PG 18 blocks,sa,112,112,14,1
pr_01,B45231,93,1,MASc PG 18 blocks,sa,112,112,14,1
pr_02,B110471,93,1,MASc PG 18 blocks,sa,112,112,14,1
pr_02,B44010,93,1,MASc PG 18 blocks,sa,112,112,14,1
pr_03,B44010,93,1,MASc PG 18 blocks,sa,112,112,14,1
pr_03,B68233,93,1,MASc PG 18 blocks,sa,112,112,14,1
sk_01,B109517,93,1,MASc PG 18 blocks,sa,112,112,14,1
sk_01,B109517,93,1,MASc PG 18 blocks,sa,112,112,14,1
sk_01,B44010,93,1,MASc PG 18 blocks,sa,112,112,14,1
sk_02,B109340,93,1,MASc PG 18 blocks,sa,112,112,14,1
sk_02,B109915,93,1,MASc PG 18 blocks,sa,112,112,14,1
sk_02,B110288,93,1,MASc PG 18 blocks,sa,112,112,14,1
sk_03,B110471,93,1,MASc PG 18 blocks,sa,112,112,14,1
sk_03,B111410,93,1,MASc PG 18 blocks,sa,112,112,14,1
sk_03,B111480,93,1,MASc PG 18 blocks,sa,112,112,14,1
fb_01,B109915,94,1,MASc PG 18 blocks,sa,112,112,14,1
fb_01,B111410,94,1,MASc PG 18 blocks,sa,112,112,14,1
fb_01,B111480,94,1,MASc PG 18 blocks,sa,112,112,14,1
fb_02,B111480,94,1,MASc PG 18 blocks,sa,112,112,14,1
fb_02,B42891,94,1,MASc PG 18 blocks,sa,112,112,14,1
fb_02,B44010,94,1,MASc PG 18 blocks,sa,112,112,14,1
fb_03,B109915,94,1,MASc PG 18 blocks,sa,112,112,14,1
fb_03,B111480,94,1,MASc PG 18 blocks,sa,112,112,14,1
fb_03,B44010,94,1,MASc PG 18 blocks,sa,112,112,14,1
ld_01,B111480,94,1,MASc PG 18 blocks,sa,112,112,14,1
ld_01,B44010,94,1,MASc PG 18 blocks,sa,112,112,14,1
ld_01,B45231,94,1,MASc PG 18 blocks,sa,112,112,14,1
ld_02,B107189,94,1,MASc PG 18 blocks,sa,112,112,14,1
ld_02,B110471,94,1,MASc PG 18 blocks,sa,112,112,14,1
ld_03,B44010,94,1,MASc PG 18 blocks,sa,112,112,14,1
ld_03,B68233,94,1,MASc PG 18 blocks,sa,112,112,14,1
pr_01,B109517,94,1,MASc PG 18 blocks,sa,112,112,14,1
pr_01,B110288,94,1,MASc PG 18 blocks,sa,112,112,14,1
pr_02,B109915,94,1,MASc PG 18 blocks,sa,112,112,14,1
pr_02,B44010,94,1,MASc PG 18 blocks,sa,112,112,14,1
pr_03,B109517,94,1,MASc PG 18 blocks,sa,112,112,14,1
sk_01,B108060,94,1,MASc PG 18 blocks,sa,112,112,14,1
sk_01,B42891,94,1,MASc PG 18 blocks,sa,112,112,14,1
sk_01,B55424,94,1,MASc PG 18 blocks,sa,112,112,14,1
sk_02,B110471,94,1,MASc PG 18 blocks,sa,112,112,14,1
sk_02,B111410,94,1,MASc PG 18 blocks,sa,112,112,14,1
sk_02,B111480,94,1,MASc PG 18 blocks,sa,112,112,14,1
sk_03,B107189,94,1,MASc PG 18 blocks,sa,112,112,14,1
sk_03,B108124,94,1,MASc PG 18 blocks,sa,112,112,14,1
sk_03,B68233,94,1,MASc PG 18 blocks,sa,112,112,14,1
fb_01,B111480,95,1,MASc PG 18 blocks,sa,112,112,14,1
fb_01,B44010,95,1,MASc PG 18 blocks,sa,112,112,14,1
fb_01,B53160,95,1,MASc PG 18 blocks,sa,112,112,14,1
fb_02,B109915,95,1,MASc PG 18 blocks,sa,112,112,14,1
fb_02,B45231,95,1,MASc PG 18 blocks,sa,112,112,14,1
fb_02,B53160,95,1,MASc PG 18 blocks,sa,112,112,14,1
fb_03,B107189,95,1,MASc PG 18 blocks,sa,112,112,14,1
fb_03,B108339,95,1,MASc PG 18 blocks,sa,112,112,14,1
fb_03,B109340,95,1,MASc PG 18 blocks,sa,112,112,14,1
ld_01,B109915,95,1,MASc PG 18 blocks,sa,112,112,14,1
ld_01,B44010,95,1,MASc PG 18 blocks,sa,112,112,14,1
ld_02,B109517,95,1,MASc PG 18 blocks,sa,112,112,14,1
ld_02,B110288,95,1,MASc PG 18 blocks,sa,112,112,14,1
ld_03,B109517,95,1,MASc PG 18 blocks,sa,112,112,14,1
pr_01,B110471,95,1,MASc PG 18 blocks,sa,112,112,14,1
pr_01,B111480,95,1,MASc PG 18 blocks,sa,112,112,14,1
pr_01,B55424,95,1,MASc PG 18 blocks,sa,112,112,14,1
pr_02,B107189,95,1,MASc PG 18 blocks,sa,112,112,14,1
pr_02,B108124,95,1,MASc PG 18 blocks,sa,112,112,14,1
pr_02,B42891,95,1,MASc PG 18 blocks,sa,112,112,14,1
pr_03,B108060,95,1,MASc PG 18 blocks,sa,112,112,14,1
pr_03,B111410,95,1,MASc PG 18 blocks,sa,112,112,14,1
sk_01,B108339,95,1,MASc PG 18 blocks,sa,112,112,14,1
sk_01,B42891,95,1,MASc PG 18 blocks,sa,112,112,14,1
sk_01,B44010,95,1,MASc PG 18 blocks,sa,112,112,14,1
sk_02,B107189,95,1,MASc PG 18 blocks,sa,112,112,14,1
sk_02,B108124,95,1,MASc PG 18 blocks,sa,112,112,14,1
sk_02,B68233,95,1,MASc PG 18 blocks,sa,112,112,14,1
sk_03,B109340,95,1,MASc PG 18 blocks,sa,112,112,14,1
sk_03,B109915,95,1,MASc PG 18 blocks,sa,112,112,14,1
sk_03,B110288,95,1,MASc PG 18 blocks,sa,112,112,14,1
fb_01,B109915,96,1,MASc PG 18 blocks,sa,112,112,14,1
fb_01,B65573,96,1,MASc PG 18 blocks,sa,112,112,14,1
fb_01,B68233,96,1,MASc PG 18 blocks,sa,112,112,14,1
fb_02,B107189,96,1,MASc PG 18 blocks,sa,112,112,14,1
fb_02,B109517,96,1,MASc PG 18 blocks,sa,112,112,14,1
fb_02,B110288,96,1,MASc PG 18 blocks,sa,112,112,14,1
fb_03,B109915,96,1,MASc PG 18 blocks,sa,112,112,14,1
fb_03,B110288,96,1,MASc PG 18 blocks,sa,112,112,14,1
fb_03,B42891,96,1,MASc PG 18 blocks,sa,112,112,14,1
ld_01,B107189,96,1,MASc PG 18 blocks,sa,112,112,14,1
ld_01,B111480,96,1,MASc PG 18 blocks,sa,112,112,14,1
ld_01,B55424,96,1,MASc PG 18 blocks,sa,112,112,14,1
ld_02,B108060,96,1,MASc PG 18 blocks,sa,112,112,14,1
ld_02,B108124,96,1,MASc PG 18 blocks,sa,112,112,14,1
ld_02,B111410,96,1,MASc PG 18 blocks,sa,112,112,14,1
ld_03,B110471,96,1,MASc PG 18 blocks,sa,112,112,14,1
ld_03,B111480,96,1,MASc PG 18 blocks,sa,112,112,14,1
pr_01,B108124,96,1,MASc PG 18 blocks,sa,112,112,14,1
pr_01,B108339,96,1,MASc PG 18 blocks,sa,112,112,14,1
pr_01,B68233,96,1,MASc PG 18 blocks,sa,112,112,14,1
pr_02,B109340,96,1,MASc PG 18 blocks,sa,112,112,14,1
pr_02,B42891,96,1,MASc PG 18 blocks,sa,112,112,14,1
pr_02,B44010,96,1,MASc PG 18 blocks,sa,112,112,14,1
pr_03,B107189,96,1,MASc PG 18 blocks,sa,112,112,14,1
pr_03,B42891,96,1,MASc PG 18 blocks,sa,112,112,14,1
sk_01,B45231,96,1,MASc PG 18 blocks,sa,112,112,14,1
sk_01,B53160,96,1,MASc PG 18 blocks,sa,112,112,14,1
sk_01,B53160,96,1,MASc PG 18 blocks,sa,112,112,14,1
sk_02,B109340,96,1,MASc PG 18 blocks,sa,112,112,14,1
sk_02,B109915,96,1,MASc PG 18 blocks,sa,112,112,14,1
sk_02,B110288,96,1,MASc PG 18 blocks,sa,112,112,14,1
sk_03,B110471,96,1,MASc PG 18 blocks,sa,112,112,14,1
sk_03,B111410,96,1,MASc PG 18 blocks,sa,112,112,14,1
sk_03,B111480,96,1,MASc PG 18 blocks,sa,112,112,14,1
fb_01,B107189,97,1,MASc PG 18 blocks,sa,112,112,14,1
fb_01,B108124,97,1,MASc PG 18 blocks,sa,112,112,14,1
fb_01,B109915,97,1,MASc PG 18 blocks,sa,112,112,14,1
fb_02,B108339,97,1,MASc PG 18 blocks,sa,112,112,14,1
fb_02,B109915,97,1,MASc PG 18 blocks,sa,112,112,14,1
fb_02,B110288,97,1,MASc PG 18 blocks,sa,112,112,14,1
fb_03,B109915,97,1,MASc PG 18 blocks,sa,112,112,14,1
fb_03,B109915,97,1,MASc PG 18 blocks,sa,112,112,14,1
fb_03,B111410,97,1,MASc PG 18 blocks,sa,112,112,14,1
ld_01,B108339,97,1,MASc PG 18 blocks,sa,112,112,14,1
ld_01,B42891,97,1,MASc PG 18 blocks,sa,112,112,14,1
ld_01,B44010,97,1,MASc PG 18 blocks,sa,112,112,14,1
ld_02,B108124,97,1,MASc PG 18 blocks,sa,112,112,14,1
ld_02,B68233,97,1,MASc PG 18 blocks,sa,112,112,14,1
ld_03,B109340,97,1,MASc PG 18 blocks,sa,112,112,14,1
ld_03,B42891,97,1,MASc PG 18 blocks,sa,112,112,14,1
pr_01,B109915,97,1,MASc PG 18 blocks,sa,112,112,14,1
pr_01,B110471,97,1,MASc PG 18 blocks,sa,112,112,14,1
pr_01,B53160,97,1,MASc PG 18 blocks,sa,112,112,14,1
pr_02,B110288,97,1,MASc PG 18 blocks,sa,112,112,14,1
pr_02,B111410,97,1,MASc PG 18 blocks,sa,112,112,14,1
pr_02,B53160,97,1,MASc PG 18 blocks,sa,112,112,14,1
pr_03,B45231,97,1,MASc PG 18 blocks,sa,112,112,14,1
pr_03,B45231,97,1,MASc PG 18 blocks,sa,112,112,14,1
pr_03,B53160,97,1,MASc PG 18 blocks,sa,112,112,14,1
sk_01,B44010,97,1,MASc PG 18 blocks,sa,112,112,14,1
sk_01,B65573,97,1,MASc PG 18 blocks,sa,112,112,14,1
sk_01,B65573,97,1,MASc PG 18 blocks,sa,112,112,14,1
sk_02,B110471,97,1,MASc PG 18 blocks,sa,112,112,14,1
sk_02,B111410,97,1,MASc PG 18 blocks,sa,112,112,14,1
sk_02,B111480,97,1,MASc PG 18 blocks,sa,112,112,14,1
sk_03,B107189,97,1,MASc PG 18 blocks,sa,112,112,14,1
sk_03,B108124,97,1,MASc PG 18 blocks,sa,112,112,14,1
sk_03,B68233,97,1,MASc PG 18 blocks,sa,112,112,14,1
fb_01,B109340,98,1,MASc PG 18 blocks,sa,112,112,14,1
fb_01,B109517,98,1,MASc PG 18 blocks,sa,112,112,14,1
fb_01,B111480,98,1,MASc PG 18 blocks,sa,112,112,14,1
fb_02,B109915,98,1,MASc PG 18 blocks,sa,112,112,14,1
fb_02,B110288,98,1,MASc PG 18 blocks,sa,112,112,14,1
fb_02,B110471,98,1,MASc PG 18 blocks,sa,112,112,14,1
fb_03,B44010,98,1,MASc PG 18 blocks,sa,112,112,14,1
fb_03,B55424,98,1,MASc PG 18 blocks,sa,112,112,14,1
fb_03,B68233,98,1,MASc PG 18 blocks,sa,112,112,14,1
ld_01,B109915,98,1,MASc PG 18 blocks,sa,112,112,14,1
ld_01,B110471,98,1,MASc PG 18 blocks,sa,112,112,14,1
ld_01,B53160,98,1,MASc PG 18 blocks,sa,112,112,14,1
ld_02,B110288,98,1,MASc PG 18 blocks,sa,112,112,14,1
ld_02,B45231,98,1,MASc PG 18 blocks,sa,112,112,14,1
ld_02,B53160,98,1,MASc PG 18 blocks,sa,112,112,14,1
ld_03,B111410,98,1,MASc PG 18 blocks,sa,112,112,14,1
ld_03,B45231,98,1,MASc PG 18 blocks,sa,112,112,14,1
pr_01,B108124,98,1,MASc PG 18 blocks,sa,112,112,14,1
pr_01,B65573,98,1,MASc PG 18 blocks,sa,112,112,14,1
pr_02,B44010,98,1,MASc PG 18 blocks,sa,112,112,14,1
pr_02,B65573,98,1,MASc PG 18 blocks,sa,112,112,14,1
pr_03,B107189,98,1,MASc PG 18 blocks,sa,112,112,14,1
pr_03,B68233,98,1,MASc PG 18 blocks,sa,112,112,14,1
sk_01,B44010,98,1,MASc PG 18 blocks,sa,112,112,14,1
sk_01,B44010,98,1,MASc PG 18 blocks,sa,112,112,14,1
sk_01,B45231,98,1,MASc PG 18 blocks,sa,112,112,14,1
sk_02,B107189,98,1,MASc PG 18 blocks,sa,112,112,14,1
sk_02,B108124,98,1,MASc PG 18 blocks,sa,112,112,14,1
sk_02,B68233,98,1,MASc PG 18 blocks,sa,112,112,14,1
sk_03,B109340,98,1,MASc PG 18 blocks,sa,112,112,14,1
sk_03,B109915,98,1,MASc PG 18 blocks,sa,112,112,14,1
sk_03,B110288,98,1,MASc PG 18 blocks,sa,112,112,14,1
fb_01,B107189,99,1,MASc PG 18 blocks,sa,112,112,14,1
fb_01,B108060,99,1,MASc PG 18 blocks,sa,112,112,14,1
fb_01,B108124,99,1,MASc PG 18 blocks,sa,112,112,14,1
fb_02,B109915,99,1,MASc PG 18 blocks,sa,112,112,14,1
fb_02,B110288,99,1,MASc PG 18 blocks,sa,112,112,14,1
fb_02,B110471,99,1,MASc PG 18 blocks,sa,112,112,14,1
fb_03,B111480,99,1,MASc PG 18 blocks,sa,112,112,14,1
fb_03,B55424,99,1,MASc PG 18 blocks,sa,112,112,14,1
fb_03,B68233,99,1,MASc PG 18 blocks,sa,112,112,14,1
fb_01,B108339,100,1,MASc PG 18 blocks,sa,112,112,14,1
fb_01,B109915,100,1,MASc PG 18 blocks,sa,112,112,14,1
fb_01,B109915,100,1,MASc PG 18 blocks,sa,112,112,14,1
fb_02,B111410,100,1,MASc PG 18 blocks,sa,112,112,14,1
fb_02,B111480,100,1,MASc PG 18 blocks,sa,112,112,14,1
fb_02,B42891,100,1,MASc PG 18 blocks,sa,112,112,14,1
fb_03,B107189,100,1,MASc PG 18 blocks,sa,112,112,14,1
fb_03,B108124,100,1,MASc PG 18 blocks,sa,112,112,14,1
fb_03,B109915,100,1,MASc PG 18 blocks,sa,112,112,14,1
sk_01,B108124,100,1,MASc PG 18 blocks,sa,112,112,14,1
sk_01,B55424,100,1,MASc PG 18 blocks,sa,112,112,14,1
sk_01,B68233,100,1,MASc PG 18 blocks,sa,112,112,14,1
sk_02,B108060,100,1,MASc PG 18 blocks,sa,112,112,14,1
sk_02,B110288,100,1,MASc PG 18 blocks,sa,112,112,14,1
sk_02,B68233,100,1,MASc PG 18 blocks,sa,112,112,14,1
sk_03,B107189,100,1,MASc PG 18 blocks,sa,112,112,14,1
sk_03,B110471,100,1,MASc PG 18 blocks,sa,112,112,14,1
sk_03,B68233,100,1,MASc PG 18 blocks,sa,112,112,14,1
fb_01,B109915,101,1,MASc PG 18 blocks,sa,112,112,14,1
fb_01,B110471,101,1,MASc PG 18 blocks,sa,112,112,14,1
fb_01,B111480,101,1,MASc PG 18 blocks,sa,112,112,14,1
fb_02,B109915,101,1,MASc PG 18 blocks,sa,112,112,14,1
fb_02,B44010,101,1,MASc PG 18 blocks,sa,112,112,14,1
fb_02,B53160,101,1,MASc PG 18 blocks,sa,112,112,14,1
fb_03,B108339,101,1,MASc PG 18 blocks,sa,112,112,14,1
fb_03,B109340,101,1,MASc PG 18 blocks,sa,112,112,14,1
fb_03,B44010,101,1,MASc PG 18 blocks,sa,112,112,14,1
pr_01,B68233,101,1,MASc PG 18 blocks,sa,112,112,14,1
pr_02,B108060,101,1,MASc PG 18 blocks,sa,112,112,14,1
pr_03,B55424,101,1,MASc PG 18 blocks,sa,112,112,14,1
sk_01,B108124,101,1,MASc PG 18 blocks,sa,112,112,14,1
sk_01,B108339,101,1,MASc PG 18 blocks,sa,112,112,14,1
sk_01,B42891,101,1,MASc PG 18 blocks,sa,112,112,14,1
sk_02,B110471,101,1,MASc PG 18 blocks,sa,112,112,14,1
sk_02,B111410,101,1,MASc PG 18 blocks,sa,112,112,14,1
sk_02,B111480,101,1,MASc PG 18 blocks,sa,112,112,14,1
sk_03,B108124,101,1,MASc PG 18 blocks,sa,112,112,14,1
sk_03,B108124,101,1,MASc PG 18 blocks,sa,112,112,14,1
sk_03,B109915,101,1,MASc PG 18 blocks,sa,112,112,14,1
fb_01,B109915,102,1,MASc PG 18 blocks,sa,112,112,14,1
fb_01,B109915,102,1,MASc PG 18 blocks,sa,112,112,14,1
fb_01,B42891,102,1,MASc PG 18 blocks,sa,112,112,14,1
fb_02,B55424,102,1,MASc PG 18 blocks,sa,112,112,14,1
fb_02,B65573,102,1,MASc PG 18 blocks,sa,112,112,14,1
fb_02,B68233,102,1,MASc PG 18 blocks,sa,112,112,14,1
fb_03,B110471,102,1,MASc PG 18 blocks,sa,112,112,14,1
fb_03,B111480,102,1,MASc PG 18 blocks,sa,112,112,14,1
fb_03,B45231,102,1,MASc PG 18 blocks,sa,112,112,14,1
ld_01,B68233,102,1,MASc PG 18 blocks,sa,112,112,14,1
pr_01,B108124,102,1,MASc PG 18 blocks,sa,112,112,14,1
pr_01,B110471,102,1,MASc PG 18 blocks,sa,112,112,14,1
pr_02,B108124,102,1,MASc PG 18 blocks,sa,112,112,14,1
pr_02,B42891,102,1,MASc PG 18 blocks,sa,112,112,14,1
pr_03,B108124,102,1,MASc PG 18 blocks,sa,112,112,14,1
sk_01,B108339,102,1,MASc PG 18 blocks,sa,112,112,14,1
sk_01,B44010,102,1,MASc PG 18 blocks,sa,112,112,14,1
sk_01,B53160,102,1,MASc PG 18 blocks,sa,112,112,14,1
sk_02,B107189,102,1,MASc PG 18 blocks,sa,112,112,14,1
sk_02,B108124,102,1,MASc PG 18 blocks,sa,112,112,14,1
sk_02,B109340,102,1,MASc PG 18 blocks,sa,112,112,14,1
sk_03,B107189,102,1,MASc PG 18 blocks,sa,112,112,14,1
sk_03,B108339,102,1,MASc PG 18 blocks,sa,112,112,14,1
sk_03,B44010,102,1,MASc PG 18 blocks,sa,112,112,14,1
fb_01,B111480,103,1,MASc PG 18 blocks,sa,112,112,14,1
fb_01,B45231,103,1,MASc PG 18 blocks,sa,112,112,14,1
fb_01,B53160,103,1,MASc PG 18 blocks,sa,112,112,14,1
fb_02,B107189,103,1,MASc PG 18 blocks,sa,112,112,14,1
fb_02,B108060,103,1,MASc PG 18 blocks,sa,112,112,14,1
fb_02,B111480,103,1,MASc PG 18 blocks,sa,112,112,14,1
fb_03,B109915,103,1,MASc PG 18 blocks,sa,112,112,14,1
fb_03,B42891,103,1,MASc PG 18 blocks,sa,112,112,14,1
fb_03,B44010,103,1,MASc PG 18 blocks,sa,112,112,14,1
ld_01,B108124,103,1,MASc PG 18 blocks,sa,112,112,14,1
ld_01,B110471,103,1,MASc PG 18 blocks,sa,112,112,14,1
ld_02,B108124,103,1,MASc PG 18 blocks,sa,112,112,14,1
ld_03,B108124,103,1,MASc PG 18 blocks,sa,112,112,14,1
pr_01,B107189,103,1,MASc PG 18 blocks,sa,112,112,14,1
pr_01,B44010,103,1,MASc PG 18 blocks,sa,112,112,14,1
pr_01,B53160,103,1,MASc PG 18 blocks,sa,112,112,14,1
pr_02,B107189,103,1,MASc PG 18 blocks,sa,112,112,14,1
pr_02,B108339,103,1,MASc PG 18 blocks,sa,112,112,14,1
pr_02,B44010,103,1,MASc PG 18 blocks,sa,112,112,14,1
pr_03,B108124,103,1,MASc PG 18 blocks,sa,112,112,14,1
pr_03,B108339,103,1,MASc PG 18 blocks,sa,112,112,14,1
sk_01,B42891,103,1,MASc PG 18 blocks,sa,112,112,14,1
sk_01,B65573,103,1,MASc PG 18 blocks,sa,112,112,14,1
sk_01,B68233,103,1,MASc PG 18 blocks,sa,112,112,14,1
sk_02,B55424,103,1,MASc PG 18 blocks,sa,112,112,14,1
sk_02,B68233,103,1,MASc PG 18 blocks,sa,112,112,14,1
sk_02,B68233,103,1,MASc PG 18 blocks,sa,112,112,14,1
sk_03,B109915,103,1,MASc PG 18 blocks,sa,112,112,14,1
sk_03,B55424,103,1,MASc PG 18 blocks,sa,112,112,14,1
sk_03,B65573,103,1,MASc PG 18 blocks,sa,112,112,14,1
fb_01,B55424,104,1,MASc PG 18 blocks,sa,112,112,14,1
fb_01,B55424,104,1,MASc PG 18 blocks,sa,112,112,14,1
fb_01,B68233,104,1,MASc PG 18 blocks,sa,112,112,14,1
fb_02,B109915,104,1,MASc PG 18 blocks,sa,112,112,14,1
fb_02,B111480,104,1,MASc PG 18 blocks,sa,112,112,14,1
fb_02,B42891,104,1,MASc PG 18 blocks,sa,112,112,14,1
fb_03,B53160,104,1,MASc PG 18 blocks,sa,112,112,14,1
fb_03,B65573,104,1,MASc PG 18 blocks,sa,112,112,14,1
fb_03,B68233,104,1,MASc PG 18 blocks,sa,112,112,14,1
ld_01,B107189,104,1,MASc PG 18 blocks,sa,112,112,14,1
ld_01,B108124,104,1,MASc PG 18 blocks,sa,112,112,14,1
ld_02,B44010,104,1,MASc PG 18 blocks,sa,112,112,14,1
ld_03,B108339,104,1,MASc PG 18 blocks,sa,112,112,14,1
pr_01,B109915,104,1,MASc PG 18 blocks,sa,112,112,14,1
pr_01,B55424,104,1,MASc PG 18 blocks,sa,112,112,14,1
pr_01,B65573,104,1,MASc PG 18 blocks,sa,112,112,14,1
pr_02,B42891,104,1,MASc PG 18 blocks,sa,112,112,14,1
pr_02,B55424,104,1,MASc PG 18 blocks,sa,112,112,14,1
pr_02,B68233,104,1,MASc PG 18 blocks,sa,112,112,14,1
pr_03,B42891,104,1,MASc PG 18 blocks,sa,112,112,14,1
pr_03,B68233,104,1,MASc PG 18 blocks,sa,112,112,14,1
sk_01,B44010,104,1,MASc PG 18 blocks,sa,112,112,14,1
sk_01,B44010,104,1,MASc PG 18 blocks,sa,112,112,14,1
sk_01,B45231,104,1,MASc PG 18 blocks,sa,112,112,14,1
sk_02,B108060,104,1,MASc PG 18 blocks,sa,112,112,14,1
sk_02,B42891,104,1,MASc PG 18 blocks,sa,112,112,14,1
sk_02,B45231,104,1,MASc PG 18 blocks,sa,112,112,14,1
sk_03,B110288,104,1,MASc PG 18 blocks,sa,112,112,14,1
sk_03,B110471,104,1,MASc PG 18 blocks,sa,112,112,14,1
sk_03,B111410,104,1,MASc PG 18 blocks,sa,112,112,14,1
fb_01,B111410,105,1,MASc PG 18 blocks,sa,112,112,14,1
fb_01,B111480,105,1,MASc PG 18 blocks,sa,112,112,14,1
fb_01,B111480,105,1,MASc PG 18 blocks,sa,112,112,14,1
fb_02,B108124,105,1,MASc PG 18 blocks,sa,112,112,14,1
fb_02,B110288,105,1,MASc PG 18 blocks,sa,112,112,14,1
fb_02,B110471,105,1,MASc PG 18 blocks,sa,112,112,14,1
fb_03,B107189,105,1,MASc PG 18 blocks,sa,112,112,14,1
fb_03,B108060,105,1,MASc PG 18 blocks,sa,112,112,14,1
fb_03,B108124,105,1,MASc PG 18 blocks,sa,112,112,14,1
ld_01,B109915,105,1,MASc PG 18 blocks,sa,112,112,14,1
ld_01,B65573,105,1,MASc PG 18 blocks,sa,112,112,14,1
ld_01,B68233,105,1,MASc PG 18 blocks,sa,112,112,14,1
ld_02,B55424,105,1,MASc PG 18 blocks,sa,112,112,14,1
ld_02,B68233,105,1,MASc PG 18 blocks,sa,112,112,14,1
ld_03,B42891,105,1,MASc PG 18 blocks,sa,112,112,14,1
ld_03,B42891,105,1,MASc PG 18 blocks,sa,112,112,14,1
pr_01,B108060,105,1,MASc PG 18 blocks,sa,112,112,14,1
pr_01,B110288,105,1,MASc PG 18 blocks,sa,112,112,14,1
pr_01,B44010,105,1,MASc PG 18 blocks,sa,112,112,14,1
pr_02,B44010,105,1,MASc PG 18 blocks,sa,112,112,14,1
pr_02,B45231,105,1,MASc PG 18 blocks,sa,112,112,14,1
pr_02,B45231,105,1,MASc PG 18 blocks,sa,112,112,14,1
pr_03,B111410,105,1,MASc PG 18 blocks,sa,112,112,14,1
pr_03,B42891,105,1,MASc PG 18 blocks,sa,112,112,14,1
sk_01,B42891,105,1,MASc PG 18 blocks,sa,112,112,14,1
sk_01,B53160,105,1,MASc PG 18 blocks,sa,112,112,14,1
sk_01,B65573,105,1,MASc PG 18 blocks,sa,112,112,14,1
sk_02,B110471,105,1,MASc PG 18 blocks,sa,112,112,14,1
sk_02,B111410,105,1,MASc PG 18 blocks,sa,112,112,14,1
sk_02,B111480,105,1,MASc PG 18 blocks,sa,112,112,14,1
sk_03,B110288,105,1,MASc PG 18 blocks,sa,112,112,14,1
sk_03,B53160,105,1,MASc PG 18 blocks,sa,112,112,14,1
sk_03,B65573,105,1,MASc PG 18 blocks,sa,112,112,14,1
fb_01,B109915,106,1,MASc PG 18 blocks,sa,112,112,14,1
fb_01,B109915,106,1,MASc PG 18 blocks,sa,112,112,14,1
fb_01,B110471,106,1,MASc PG 18 blocks,sa,112,112,14,1
fb_02,B107189,106,1,MASc PG 18 blocks,sa,112,112,14,1
fb_02,B108339,106,1,MASc PG 18 blocks,sa,112,112,14,1
fb_02,B42891,106,1,MASc PG 18 blocks,sa,112,112,14,1
fb_03,B108339,106,1,MASc PG 18 blocks,sa,112,112,14,1
fb_03,B109517,106,1,MASc PG 18 blocks,sa,112,112,14,1
fb_03,B109915,106,1,MASc PG 18 blocks,sa,112,112,14,1
ld_01,B108060,106,1,MASc PG 18 blocks,sa,112,112,14,1
ld_01,B110288,106,1,MASc PG 18 blocks,sa,112,112,14,1
ld_02,B44010,106,1,MASc PG 18 blocks,sa,112,112,14,1
ld_02,B45231,106,1,MASc PG 18 blocks,sa,112,112,14,1
ld_03,B44010,106,1,MASc PG 18 blocks,sa,112,112,14,1
ld_03,B45231,106,1,MASc PG 18 blocks,sa,112,112,14,1
pr_01,B53160,106,1,MASc PG 18 blocks,sa,112,112,14,1
pr_01,B53160,106,1,MASc PG 18 blocks,sa,112,112,14,1
pr_01,B65573,106,1,MASc PG 18 blocks,sa,112,112,14,1
pr_02,B42891,106,1,MASc PG 18 blocks,sa,112,112,14,1
pr_02,B53160,106,1,MASc PG 18 blocks,sa,112,112,14,1
pr_02,B65573,106,1,MASc PG 18 blocks,sa,112,112,14,1
pr_03,B110471,106,1,MASc PG 18 blocks,sa,112,112,14,1
pr_03,B42891,106,1,MASc PG 18 blocks,sa,112,112,14,1
pr_03,B53160,106,1,MASc PG 18 blocks,sa,112,112,14,1
sk_01,B108060,106,1,MASc PG 18 blocks,sa,112,112,14,1
sk_01,B108124,106,1,MASc PG 18 blocks,sa,112,112,14,1
sk_01,B109340,106,1,MASc PG 18 blocks,sa,112,112,14,1
sk_02,B108124,106,1,MASc PG 18 blocks,sa,112,112,14,1
sk_02,B108124,106,1,MASc PG 18 blocks,sa,112,112,14,1
sk_02,B111480,106,1,MASc PG 18 blocks,sa,112,112,14,1
sk_03,B55424,106,1,MASc PG 18 blocks,sa,112,112,14,1
sk_03,B68233,106,1,MASc PG 18 blocks,sa,112,112,14,1
sk_03,B68233,106,1,MASc PG 18 blocks,sa,112,112,14,1
fb_01,B110288,107,1,MASc PG 18 blocks,sa,112,112,14,1
fb_01,B111480,107,1,MASc PG 18 blocks,sa,112,112,14,1
fb_01,B111480,107,1,MASc PG 18 blocks,sa,112,112,14,1
fb_02,B109915,107,1,MASc PG 18 blocks,sa,112,112,14,1
fb_02,B44010,107,1,MASc PG 18 blocks,sa,112,112,14,1
fb_02,B45231,107,1,MASc PG 18 blocks,sa,112,112,14,1
fb_03,B110288,107,1,MASc PG 18 blocks,sa,112,112,14,1
fb_03,B110288,107,1,MASc PG 18 blocks,sa,112,112,14,1
fb_03,B111410,107,1,MASc PG 18 blocks,sa,112,112,14,1
ld_01,B110471,107,1,MASc PG 18 blocks,sa,112,112,14,1
ld_01,B42891,107,1,MASc PG 18 blocks,sa,112,112,14,1
ld_01,B53160,107,1,MASc PG 18 blocks,sa,112,112,14,1
ld_02,B42891,107,1,MASc PG 18 blocks,sa,112,112,14,1
ld_02,B65573,107,1,MASc PG 18 blocks,sa,112,112,14,1
ld_02,B65573,107,1,MASc PG 18 blocks,sa,112,112,14,1
ld_03,B53160,107,1,MASc PG 18 blocks,sa,112,112,14,1
ld_03,B53160,107,1,MASc PG 18 blocks,sa,112,112,14,1
ld_03,B65573,107,1,MASc PG 18 blocks,sa,112,112,14,1
pr_01,B108060,107,1,MASc PG 18 blocks,sa,112,112,14,1
pr_01,B108124,107,1,MASc PG 18 blocks,sa,112,112,14,1
pr_02,B108124,107,1,MASc PG 18 blocks,sa,112,112,14,1
pr_02,B68233,107,1,MASc PG 18 blocks,sa,112,112,14,1
pr_03,B111480,107,1,MASc PG 18 blocks,sa,112,112,14,1
pr_03,B55424,107,1,MASc PG 18 blocks,sa,112,112,14,1
sk_01,B108124,107,1,MASc PG 18 blocks,sa,112,112,14,1
sk_01,B108124,107,1,MASc PG 18 blocks,sa,112,112,14,1
sk_01,B109517,107,1,MASc PG 18 blocks,sa,112,112,14,1
sk_02,B107189,107,1,MASc PG 18 blocks,sa,112,112,14,1
sk_02,B107189,107,1,MASc PG 18 blocks,sa,112,112,14,1
sk_02,B55424,107,1,MASc PG 18 blocks,sa,112,112,14,1
sk_03,B108339,107,1,MASc PG 18 blocks,sa,112,112,14,1
sk_03,B109340,107,1,MASc PG 18 blocks,sa,112,112,14,1
sk_03,B42891,107,1,MASc PG 18 blocks,sa,112,112,14,1
fb_01,B109915,108,1,MASc PG 18 blocks,sa,112,112,14,1
fb_01,B111410,108,1,MASc PG 18 blocks,sa,112,112,14,1
fb_01,B42891,108,1,MASc PG 18 blocks,sa,112,112,14,1
fb_02,B55424,108,1,MASc PG 18 blocks,sa,112,112,14,1
fb_02,B65573,108,1,MASc PG 18 blocks,sa,112,112,14,1
fb_02,B68233,108,1,MASc PG 18 blocks,sa,112,112,14,1
fb_03,B111480,108,1,MASc PG 18 blocks,sa,112,112,14,1
fb_03,B42891,108,1,MASc PG 18 blocks,sa,112,112,14,1
fb_03,B65573,108,1,MASc PG 18 blocks,sa,112,112,14,1
ld_01,B108060,108,1,MASc PG 18 blocks,sa,112,112,14,1
ld_01,B68233,108,1,MASc PG 18 blocks,sa,112,112,14,1
ld_02,B108124,108,1,MASc PG 18 blocks,sa,112,112,14,1
ld_02,B111480,108,1,MASc PG 18 blocks,sa,112,112,14,1
ld_03,B108124,108,1,MASc PG 18 blocks,sa,112,112,14,1
ld_03,B55424,108,1,MASc PG 18 blocks,sa,112,112,14,1
pr_01,B107189,108,1,MASc PG 18 blocks,sa,112,112,14,1
pr_01,B108339,108,1,MASc PG 18 blocks,sa,112,112,14,1
pr_01,B109340,108,1,MASc PG 18 blocks,sa,112,112,14,1
pr_02,B108124,108,1,MASc PG 18 blocks,sa,112,112,14,1
pr_02,B108124,108,1,MASc PG 18 blocks,sa,112,112,14,1
pr_02,B55424,108,1,MASc PG 18 blocks,sa,112,112,14,1
pr_03,B107189,108,1,MASc PG 18 blocks,sa,112,112,14,1
pr_03,B42891,108,1,MASc PG 18 blocks,sa,112,112,14,1
pr_03,B55424,108,1,MASc PG 18 blocks,sa,112,112,14,1
sk_01,B44010,108,1,MASc PG 18 blocks,sa,112,112,14,1
sk_01,B45231,108,1,MASc PG 18 blocks,sa,112,112,14,1
sk_01,B55424,108,1,MASc PG 18 blocks,sa,112,112,14,1
sk_02,B108339,108,1,MASc PG 18 blocks,sa,112,112,14,1
sk_02,B108339,108,1,MASc PG 18 blocks,sa,112,112,14,1
sk_02,B44010,108,1,MASc PG 18 blocks,sa,112,112,14,1
sk_03,B110288,108,1,MASc PG 18 blocks,sa,112,112,14,1
sk_03,B110471,108,1,MASc PG 18 blocks,sa,112,112,14,1
sk_03,B45231,108,1,MASc PG 18 blocks,sa,112,112,14,1
fb_01,B44010,109,1,MASc PG 18 blocks,sa,112,112,14,1
fb_01,B53160,109,1,MASc PG 18 blocks,sa,112,112,14,1
fb_01,B55424,109,1,MASc PG 18 blocks,sa,112,112,14,1
fb_02,B107189,109,1,MASc PG 18 blocks,sa,112,112,14,1
fb_02,B109915,109,1,MASc PG 18 blocks,sa,112,112,14,1
fb_02,B111480,109,1,MASc PG 18 blocks,sa,112,112,14,1
fb_03,B108060,109,1,MASc PG 18 blocks,sa,112,112,14,1
fb_03,B111480,109,1,MASc PG 18 blocks,sa,112,112,14,1
fb_03,B45231,109,1,MASc PG 18 blocks,sa,112,112,14,1
ld_01,B108124,109,1,MASc PG 18 blocks,sa,112,112,14,1
ld_01,B108339,109,1,MASc PG 18 blocks,sa,112,112,14,1
ld_01,B109340,109,1,MASc PG 18 blocks,sa,112,112,14,1
ld_02,B107189,109,1,MASc PG 18 blocks,sa,112,112,14,1
ld_02,B108124,109,1,MASc PG 18 blocks,sa,112,112,14,1
ld_03,B107189,109,1,MASc PG 18 blocks,sa,112,112,14,1
ld_03,B55424,109,1,MASc PG 18 blocks,sa,112,112,14,1
pr_01,B110288,109,1,MASc PG 18 blocks,sa,112,112,14,1
pr_01,B44010,109,1,MASc PG 18 blocks,sa,112,112,14,1
pr_01,B55424,109,1,MASc PG 18 blocks,sa,112,112,14,1
pr_02,B108339,109,1,MASc PG 18 blocks,sa,112,112,14,1
pr_02,B108339,109,1,MASc PG 18 blocks,sa,112,112,14,1
pr_02,B45231,109,1,MASc PG 18 blocks,sa,112,112,14,1
pr_03,B44010,109,1,MASc PG 18 blocks,sa,112,112,14,1
pr_03,B45231,109,1,MASc PG 18 blocks,sa,112,112,14,1
pr_03,B45231,109,1,MASc PG 18 blocks,sa,112,112,14,1
sk_01,B42891,109,1,MASc PG 18 blocks,sa,112,112,14,1
sk_01,B42891,109,1,MASc PG 18 blocks,sa,112,112,14,1
sk_01,B65573,109,1,MASc PG 18 blocks,sa,112,112,14,1
sk_02,B109915,109,1,MASc PG 18 blocks,sa,112,112,14,1
sk_02,B110471,109,1,MASc PG 18 blocks,sa,112,112,14,1
sk_02,B42891,109,1,MASc PG 18 blocks,sa,112,112,14,1
sk_03,B108339,109,1,MASc PG 18 blocks,sa,112,112,14,1
sk_03,B109915,109,1,MASc PG 18 blocks,sa,112,112,14,1
sk_03,B111410,109,1,MASc PG 18 blocks,sa,112,112,14,1
fb_01,B111480,110,1,MASc PG 18 blocks,sa,112,112,14,1
fb_01,B55424,110,1,MASc PG 18 blocks,sa,112,112,14,1
fb_01,B68233,110,1,MASc PG 18 blocks,sa,112,112,14,1
fb_02,B108339,110,1,MASc PG 18 blocks,sa,112,112,14,1
fb_02,B109340,110,1,MASc PG 18 blocks,sa,112,112,14,1
fb_02,B111480,110,1,MASc PG 18 blocks,sa,112,112,14,1
fb_03,B107189,110,1,MASc PG 18 blocks,sa,112,112,14,1
fb_03,B109915,110,1,MASc PG 18 blocks,sa,112,112,14,1
fb_03,B111410,110,1,MASc PG 18 blocks,sa,112,112,14,1
ld_01,B110288,110,1,MASc PG 18 blocks,sa,112,112,14,1
ld_01,B44010,110,1,MASc PG 18 blocks,sa,112,112,14,1
ld_01,B45231,110,1,MASc PG 18 blocks,sa,112,112,14,1
ld_02,B44010,110,1,MASc PG 18 blocks,sa,112,112,14,1
ld_02,B45231,110,1,MASc PG 18 blocks,sa,112,112,14,1
ld_02,B55424,110,1,MASc PG 18 blocks,sa,112,112,14,1
ld_03,B108339,110,1,MASc PG 18 blocks,sa,112,112,14,1
ld_03,B45231,110,1,MASc PG 18 blocks,sa,112,112,14,1
pr_01,B108339,110,1,MASc PG 18 blocks,sa,112,112,14,1
pr_01,B110471,110,1,MASc PG 18 blocks,sa,112,112,14,1
pr_01,B42891,110,1,MASc PG 18 blocks,sa,112,112,14,1
pr_02,B109915,110,1,MASc PG 18 blocks,sa,112,112,14,1
pr_02,B111410,110,1,MASc PG 18 blocks,sa,112,112,14,1
pr_02,B42891,110,1,MASc PG 18 blocks,sa,112,112,14,1
pr_03,B42891,110,1,MASc PG 18 blocks,sa,112,112,14,1
pr_03,B42891,110,1,MASc PG 18 blocks,sa,112,112,14,1
pr_03,B42891,110,1,MASc PG 18 blocks,sa,112,112,14,1
sk_01,B45231,110,1,MASc PG 18 blocks,sa,112,112,14,1
sk_01,B53160,110,1,MASc PG 18 blocks,sa,112,112,14,1
sk_01,B55424,110,1,MASc PG 18 blocks,sa,112,112,14,1
sk_02,B110471,110,1,MASc PG 18 blocks,sa,112,112,14,1
sk_02,B111410,110,1,MASc PG 18 blocks,sa,112,112,14,1
sk_02,B65573,110,1,MASc PG 18 blocks,sa,112,112,14,1
sk_03,B44010,110,1,MASc PG 18 blocks,sa,112,112,14,1
sk_03,B44010,110,1,MASc PG 18 blocks,sa,112,112,14,1
sk_03,B65573,110,1,MASc PG 18 blocks,sa,112,112,14,1
fb_01,B108339,111,1,MASc PG 18 blocks,sa,112,112,14,1
fb_01,B109915,111,1,MASc PG 18 blocks,sa,112,112,14,1
fb_01,B111480,111,1,MASc PG 18 blocks,sa,112,112,14,1
fb_02,B110288,111,1,MASc PG 18 blocks,sa,112,112,14,1
fb_02,B111410,111,1,MASc PG 18 blocks,sa,112,112,14,1
fb_02,B111480,111,1,MASc PG 18 blocks,sa,112,112,14,1
fb_03,B108339,111,1,MASc PG 18 blocks,sa,112,112,14,1
fb_03,B109915,111,1,MASc PG 18 blocks,sa,112,112,14,1
fb_03,B109915,111,1,MASc PG 18 blocks,sa,112,112,14,1
ld_01,B108339,111,1,MASc PG 18 blocks,sa,112,112,14,1
ld_01,B109915,111,1,MASc PG 18 blocks,sa,112,112,14,1
ld_01,B42891,111,1,MASc PG 18 blocks,sa,112,112,14,1
ld_02,B110471,111,1,MASc PG 18 blocks,sa,112,112,14,1
ld_02,B42891,111,1,MASc PG 18 blocks,sa,112,112,14,1
ld_02,B42891,111,1,MASc PG 18 blocks,sa,112,112,14,1
ld_03,B111410,111,1,MASc PG 18 blocks,sa,112,112,14,1
ld_03,B42891,111,1,MASc PG 18 blocks,sa,112,112,14,1
pr_01,B111410,111,1,MASc PG 18 blocks,sa,112,112,14,1
pr_01,B45231,111,1,MASc PG 18 blocks,sa,112,112,14,1
pr_01,B55424,111,1,MASc PG 18 blocks,sa,112,112,14,1
pr_02,B44010,111,1,MASc PG 18 blocks,sa,112,112,14,1
pr_02,B45231,111,1,MASc PG 18 blocks,sa,112,112,14,1
pr_02,B65573,111,1,MASc PG 18 blocks,sa,112,112,14,1
pr_03,B110471,111,1,MASc PG 18 blocks,sa,112,112,14,1
pr_03,B53160,111,1,MASc PG 18 blocks,sa,112,112,14,1
pr_03,B65573,111,1,MASc PG 18 blocks,sa,112,112,14,1
sk_01,B108060,111,1,MASc PG 18 blocks,sa,112,112,14,1
sk_01,B108060,111,1,MASc PG 18 blocks,sa,112,112,14,1
sk_01,B55424,111,1,MASc PG 18 blocks,sa,112,112,14,1
sk_02,B108060,111,1,MASc PG 18 blocks,sa,112,112,14,1
sk_02,B55424,111,1,MASc PG 18 blocks,sa,112,112,14,1
sk_02,B68233,111,1,MASc PG 18 blocks,sa,112,112,14,1
sk_03,B107189,111,1,MASc PG 18 blocks,sa,112,112,14,1
sk_03,B109915,111,1,MASc PG 18 blocks,sa,112,112,14,1
sk_03,B55424,111,1,MASc PG 18 blocks,sa,112,112,14,1
fb_01,B108339,112,1,MASc PG 18 blocks,sa,112,112,14,1
fb_01,B109915,112,1,MASc PG 18 blocks,sa,112,112,14,1
fb_01,B109915,112,1,MASc PG 18 blocks,sa,112,112,14,1
fb_02,B107189,112,1,MASc PG 18 blocks,sa,112,112,14,1
fb_02,B108124,112,1,MASc PG 18 blocks,sa,112,112,14,1
fb_02,B55424,112,1,MASc PG 18 blocks,sa,112,112,14,1
fb_03,B110288,112,1,MASc PG 18 blocks,sa,112,112,14,1
fb_03,B110471,112,1,MASc PG 18 blocks,sa,112,112,14,1
fb_03,B111480,112,1,MASc PG 18 blocks,sa,112,112,14,1
ld_01,B44010,112,1,MASc PG 18 blocks,sa,112,112,14,1
ld_01,B55424,112,1,MASc PG 18 blocks,sa,112,112,14,1
ld_01,B65573,112,1,MASc PG 18 blocks,sa,112,112,14,1
ld_02,B110471,112,1,MASc PG 18 blocks,sa,112,112,14,1
ld_02,B45231,112,1,MASc PG 18 blocks,sa,112,112,14,1
ld_02,B53160,112,1,MASc PG 18 blocks,sa,112,112,14,1
ld_03,B111410,112,1,MASc PG 18 blocks,sa,112,112,14,1
ld_03,B45231,112,1,MASc PG 18 blocks,sa,112,112,14,1
ld_03,B65573,112,1,MASc PG 18 blocks,sa,112,112,14,1
pr_01,B107189,112,1,MASc PG 18 blocks,sa,112,112,14,1
pr_01,B53160,112,1,MASc PG 18 blocks,sa,112,112,14,1
pr_01,B68233,112,1,MASc PG 18 blocks,sa,112,112,14,1
pr_02,B108060,112,1,MASc PG 18 blocks,sa,112,112,14,1
pr_02,B44010,112,1,MASc PG 18 blocks,sa,112,112,14,1
pr_02,B65573,112,1,MASc PG 18 blocks,sa,112,112,14,1
pr_03,B108060,112,1,MASc PG 18 blocks,sa,112,112,14,1
pr_03,B108060,112,1,MASc PG 18 blocks,sa,112,112,14,1
pr_03,B55424,112,1,MASc PG 18 blocks,sa,112,112,14,1
sk_01,B68233,112,1,MASc PG 18 blocks,sa,112,112,14,1
sk_01,B68233,112,1,MASc PG 18 blocks,sa,112,112,14,1
sk_01,B68233,112,1,MASc PG 18 blocks,sa,112,112,14,1
sk_02,B107189,112,1,MASc PG 18 blocks,sa,112,112,14,1
sk_02,B107189,112,1,MASc PG 18 blocks,sa,112,112,14,1
sk_02,B108339,112,1,MASc PG 18 blocks,sa,112,112,14,1
sk_03,B108339,112,1,MASc PG 18 blocks,sa,112,112,14,1
sk_03,B108339,112,1,MASc PG 18 blocks,sa,112,112,14,1
sk_03,B110288,112,1,MASc PG 18 blocks,sa,112,112,14,1
