machine_id,block_id,day,assigned,scenario,solver,master_days,subproblem_days,lock_days,start_day
fb_01,B107189,1,1,MASc PG 40 blocks,sa,56,56,7,1
fb_01,B108060,1,1,MASc PG 40 blocks,sa,56,56,7,1
fb_01,B108124,1,1,MASc PG 40 blocks,sa,56,56,7,1
fb_02,B126492,1,1,MASc PG 40 blocks,sa,56,56,7,1
fb_02,B126589,1,1,MASc PG 40 blocks,sa,56,56,7,1
fb_02,B126869,1,1,MASc PG 40 blocks,sa,56,56,7,1
fb_03,B120266,1,1,MASc PG 40 blocks,sa,56,56,7,1
fb_03,B121928,1,1,MASc PG 40 blocks,sa,56,56,7,1
fb_03,B126413,1,1,MASc PG 40 blocks,sa,56,56,7,1
fb_04,B108339,1,1,MASc PG 40 blocks,sa,56,56,7,1
fb_04,B110471,1,1,MASc PG 40 blocks,sa,56,56,7,1
fb_04,B45231,1,1,MASc PG 40 blocks,sa,56,56,7,1
fb_05,B110288,1,1,MASc PG 40 blocks,sa,56,56,7,1
fb_05,B113324,1,1,MASc PG 40 blocks,sa,56,56,7,1
fb_05,B145584,1,1,MASc PG 40 blocks,sa,56,56,7,1
fb_06,B109915,1,1,MASc PG 40 blocks,sa,56,56,7,1
fb_06,B127158,1,1,MASc PG 40 blocks,sa,56,56,7,1
fb_06,B145584,1,1,MASc PG 40 blocks,sa,56,56,7,1
fb_01,B108339,2,1,MASc PG 40 blocks,sa,56,56,7,1
fb_01,B109340,2,1,MASc PG 40 blocks,sa,56,56,7,1
fb_01,B109517,2,1,MASc PG 40 blocks,sa,56,56,7,1
fb_02,B121154,2,1,MASc PG 40 blocks,sa,56,56,7,1
fb_02,B127158,2,1,MASc PG 40 blocks,sa,56,56,7,1
fb_02,B145584,2,1,MASc PG 40 blocks,sa,56,56,7,1
fb_03,B126589,2,1,MASc PG 40 blocks,sa,56,56,7,1
fb_03,B126869,2,1,MASc PG 40 blocks,sa,56,56,7,1
fb_03,B127158,2,1,MASc PG 40 blocks,sa,56,56,7,1
fb_04,B110288,2,1,MASc PG 40 blocks,sa,56,56,7,1
fb_04,B110471,2,1,MASc PG 40 blocks,sa,56,56,7,1
fb_04,B111410,2,1,MASc PG 40 blocks,sa,56,56,7,1
fb_05,B120266,2,1,MASc PG 40 blocks,sa,56,56,7,1
fb_05,B126413,2,1,MASc PG 40 blocks,sa,56,56,7,1
fb_05,B126589,2,1,MASc PG 40 blocks,sa,56,56,7,1
fb_06,B109915,2,1,MASc PG 40 blocks,sa,56,56,7,1
fb_06,B110288,2,1,MASc PG 40 blocks,sa,56,56,7,1
fb_06,B120266,2,1,MASc PG 40 blocks,sa,56,56,7,1
sk_01,B108060,2,1,MASc PG 40 blocks,sa,56,56,7,1
sk_01,B110288,2,1,MASc PG 40 blocks,sa,56,56,7,1
sk_01,B127158,2,1,MASc PG 40 blocks,sa,56,56,7,1
sk_02,B113324,2,1,MASc PG 40 blocks,sa,56,56,7,1
sk_02,B126589,2,1,MASc PG 40 blocks,sa,56,56,7,1
sk_02,B126869,2,1,MASc PG 40 blocks,sa,56,56,7,1
sk_03,B110471,2,1,MASc PG 40 blocks,sa,56,56,7,1
sk_03,B113324,2,1,MASc PG 40 blocks,sa,56,56,7,1
sk_03,B45231,2,1,MASc PG 40 blocks,sa,56,56,7,1
sk_04,B108124,2,1,MASc PG 40 blocks,sa,56,56,7,1
sk_04,B108339,2,1,MASc PG 40 blocks,sa,56,56,7,1
sk_04,B110288,2,1,MASc PG 40 blocks,sa,56,56,7,1
sk_05,B108124,2,1,MASc PG 40 blocks,sa,56,56,7,1
sk_05,B127158,2,1,MASc PG 40 blocks,sa,56,56,7,1
sk_05,B145584,2,1,MASc PG 40 blocks,sa,56,56,7,1
sk_06,B107189,2,1,MASc PG 40 blocks,sa,56,56,7,1
sk_06,B113324,2,1,MASc PG 40 blocks,sa,56,56,7,1
sk_06,B126589,2,1,MASc PG 40 blocks,sa,56,56,7,1
fb_01,B109915,3,1,MASc PG 40 blocks,sa,56,56,7,1
fb_01,B110288,3,1,MASc PG 40 blocks,sa,56,56,7,1
fb_01,B110471,3,1,MASc PG 40 blocks,sa,56,56,7,1
fb_02,B42891,3,1,MASc PG 40 blocks,sa,56,56,7,1
fb_02,B44010,3,1,MASc PG 40 blocks,sa,56,56,7,1
fb_02,B53160,3,1,MASc PG 40 blocks,sa,56,56,7,1
fb_03,B145584,3,1,MASc PG 40 blocks,sa,56,56,7,1
fb_03,B42891,3,1,MASc PG 40 blocks,sa,56,56,7,1
fb_03,B44010,3,1,MASc PG 40 blocks,sa,56,56,7,1
fb_04,B107189,3,1,MASc PG 40 blocks,sa,56,56,7,1
fb_04,B112990,3,1,MASc PG 40 blocks,sa,56,56,7,1
fb_04,B120266,3,1,MASc PG 40 blocks,sa,56,56,7,1
fb_05,B126869,3,1,MASc PG 40 blocks,sa,56,56,7,1
fb_05,B127158,3,1,MASc PG 40 blocks,sa,56,56,7,1
fb_05,B145584,3,1,MASc PG 40 blocks,sa,56,56,7,1
fb_06,B109915,3,1,MASc PG 40 blocks,sa,56,56,7,1
fb_06,B126589,3,1,MASc PG 40 blocks,sa,56,56,7,1
fb_06,B127158,3,1,MASc PG 40 blocks,sa,56,56,7,1
pr_01,B108060,3,1,MASc PG 40 blocks,sa,56,56,7,1
pr_01,B110288,3,1,MASc PG 40 blocks,sa,56,56,7,1
pr_02,B113324,3,1,MASc PG 40 blocks,sa,56,56,7,1
pr_03,B45231,3,1,MASc PG 40 blocks,sa,56,56,7,1
pr_04,B108124,3,1,MASc PG 40 blocks,sa,56,56,7,1
pr_05,B127158,3,1,MASc PG 40 blocks,sa,56,56,7,1
pr_06,B126589,3,1,MASc PG 40 blocks,sa,56,56,7,1
sk_01,B108339,3,1,MASc PG 40 blocks,sa,56,56,7,1
sk_01,B109517,3,1,MASc PG 40 blocks,sa,56,56,7,1
sk_01,B127158,3,1,MASc PG 40 blocks,sa,56,56,7,1
sk_02,B110288,3,1,MASc PG 40 blocks,sa,56,56,7,1
sk_02,B127158,3,1,MASc PG 40 blocks,sa,56,56,7,1
sk_02,B145584,3,1,MASc PG 40 blocks,sa,56,56,7,1
sk_03,B120266,3,1,MASc PG 40 blocks,sa,56,56,7,1
sk_03,B126589,3,1,MASc PG 40 blocks,sa,56,56,7,1
sk_03,B126869,3,1,MASc PG 40 blocks,sa,56,56,7,1
sk_04,B108339,3,1,MASc PG 40 blocks,sa,56,56,7,1
sk_04,B110471,3,1,MASc PG 40 blocks,sa,56,56,7,1
sk_04,B120266,3,1,MASc PG 40 blocks,sa,56,56,7,1
sk_05,B109915,3,1,MASc PG 40 blocks,sa,56,56,7,1
sk_05,B110288,3,1,MASc PG 40 blocks,sa,56,56,7,1
sk_05,B110471,3,1,MASc PG 40 blocks,sa,56,56,7,1
sk_06,B110471,3,1,MASc PG 40 blocks,sa,56,56,7,1
sk_06,B127158,3,1,MASc PG 40 blocks,sa,56,56,7,1
sk_06,B127158,3,1,MASc PG 40 blocks,sa,56,56,7,1
fb_01,B111410,4,1,MASc PG 40 blocks,sa,56,56,7,1
fb_01,B111480,4,1,MASc PG 40 blocks,sa,56,56,7,1
fb_01,B111867,4,1,MASc PG 40 blocks,sa,56,56,7,1
fb_02,B107189,4,1,MASc PG 40 blocks,sa,56,56,7,1
fb_02,B121154,4,1,MASc PG 40 blocks,sa,56,56,7,1
fb_02,B55424,4,1,MASc PG 40 blocks,sa,56,56,7,1
fb_03,B110288,4,1,MASc PG 40 blocks,sa,56,56,7,1
fb_03,B55424,4,1,MASc PG 40 blocks,sa,56,56,7,1
fb_03,B68233,4,1,MASc PG 40 blocks,sa,56,56,7,1
fb_04,B113324,4,1,MASc PG 40 blocks,sa,56,56,7,1
fb_04,B114477,4,1,MASc PG 40 blocks,sa,56,56,7,1
fb_04,B120266,4,1,MASc PG 40 blocks,sa,56,56,7,1
fb_05,B107189,4,1,MASc PG 40 blocks,sa,56,56,7,1
fb_05,B109915,4,1,MASc PG 40 blocks,sa,56,56,7,1
fb_05,B68233,4,1,MASc PG 40 blocks,sa,56,56,7,1
fb_06,B109915,4,1,MASc PG 40 blocks,sa,56,56,7,1
fb_06,B110288,4,1,MASc PG 40 blocks,sa,56,56,7,1
fb_06,B120266,4,1,MASc PG 40 blocks,sa,56,56,7,1
ld_01,B110288,4,1,MASc PG 40 blocks,sa,56,56,7,1
ld_02,B113324,4,1,MASc PG 40 blocks,sa,56,56,7,1
ld_03,B108124,4,1,MASc PG 40 blocks,sa,56,56,7,1
ld_04,B45231,4,1,MASc PG 40 blocks,sa,56,56,7,1
pr_01,B110288,4,1,MASc PG 40 blocks,sa,56,56,7,1
pr_01,B127158,4,1,MASc PG 40 blocks,sa,56,56,7,1
pr_02,B108339,4,1,MASc PG 40 blocks,sa,56,56,7,1
pr_02,B126869,4,1,MASc PG 40 blocks,sa,56,56,7,1
pr_03,B110471,4,1,MASc PG 40 blocks,sa,56,56,7,1
pr_03,B126589,4,1,MASc PG 40 blocks,sa,56,56,7,1
pr_04,B108339,4,1,MASc PG 40 blocks,sa,56,56,7,1
pr_04,B110471,4,1,MASc PG 40 blocks,sa,56,56,7,1
pr_05,B120266,4,1,MASc PG 40 blocks,sa,56,56,7,1
pr_05,B127158,4,1,MASc PG 40 blocks,sa,56,56,7,1
pr_06,B127158,4,1,MASc PG 40 blocks,sa,56,56,7,1
pr_06,B145584,4,1,MASc PG 40 blocks,sa,56,56,7,1
sk_01,B110288,4,1,MASc PG 40 blocks,sa,56,56,7,1
sk_01,B42891,4,1,MASc PG 40 blocks,sa,56,56,7,1
sk_01,B53160,4,1,MASc PG 40 blocks,sa,56,56,7,1
sk_02,B126869,4,1,MASc PG 40 blocks,sa,56,56,7,1
sk_02,B44010,4,1,MASc PG 40 blocks,sa,56,56,7,1
sk_02,B44010,4,1,MASc PG 40 blocks,sa,56,56,7,1
sk_03,B127158,4,1,MASc PG 40 blocks,sa,56,56,7,1
sk_03,B145584,4,1,MASc PG 40 blocks,sa,56,56,7,1
sk_03,B44010,4,1,MASc PG 40 blocks,sa,56,56,7,1
sk_04,B126589,4,1,MASc PG 40 blocks,sa,56,56,7,1
sk_04,B126869,4,1,MASc PG 40 blocks,sa,56,56,7,1
sk_04,B127158,4,1,MASc PG 40 blocks,sa,56,56,7,1
sk_05,B120266,4,1,MASc PG 40 blocks,sa,56,56,7,1
sk_05,B126589,4,1,MASc PG 40 blocks,sa,56,56,7,1
sk_05,B42891,4,1,MASc PG 40 blocks,sa,56,56,7,1
sk_06,B109915,4,1,MASc PG 40 blocks,sa,56,56,7,1
sk_06,B110288,4,1,MASc PG 40 blocks,sa,56,56,7,1
sk_06,B127158,4,1,MASc PG 40 blocks,sa,56,56,7,1
fb_01,B112038,5,1,MASc PG 40 blocks,sa,56,56,7,1
fb_01,B112990,5,1,MASc PG 40 blocks,sa,56,56,7,1
fb_01,B113324,5,1,MASc PG 40 blocks,sa,56,56,7,1
fb_02,B108060,5,1,MASc PG 40 blocks,sa,56,56,7,1
fb_02,B108124,5,1,MASc PG 40 blocks,sa,56,56,7,1
fb_02,B108339,5,1,MASc PG 40 blocks,sa,56,56,7,1
fb_03,B108060,5,1,MASc PG 40 blocks,sa,56,56,7,1
fb_03,B108339,5,1,MASc PG 40 blocks,sa,56,56,7,1
fb_03,B109340,5,1,MASc PG 40 blocks,sa,56,56,7,1
fb_04,B126413,5,1,MASc PG 40 blocks,sa,56,56,7,1
fb_04,B126869,5,1,MASc PG 40 blocks,sa,56,56,7,1
fb_04,B145584,5,1,MASc PG 40 blocks,sa,56,56,7,1
fb_05,B110288,5,1,MASc PG 40 blocks,sa,56,56,7,1
fb_05,B110471,5,1,MASc PG 40 blocks,sa,56,56,7,1
fb_05,B113324,5,1,MASc PG 40 blocks,sa,56,56,7,1
fb_06,B126589,5,1,MASc PG 40 blocks,sa,56,56,7,1
fb_06,B127158,5,1,MASc PG 40 blocks,sa,56,56,7,1
fb_06,B145584,5,1,MASc PG 40 blocks,sa,56,56,7,1
ld_01,B110471,5,1,MASc PG 40 blocks,sa,56,56,7,1
ld_01,B127158,5,1,MASc PG 40 blocks,sa,56,56,7,1
ld_02,B108339,5,1,MASc PG 40 blocks,sa,56,56,7,1
ld_02,B110288,5,1,MASc PG 40 blocks,sa,56,56,7,1
ld_03,B126869,5,1,MASc PG 40 blocks,sa,56,56,7,1
ld_03,B127158,5,1,MASc PG 40 blocks,sa,56,56,7,1
ld_04,B127158,5,1,MASc PG 40 blocks,sa,56,56,7,1
ld_05,B126589,5,1,MASc PG 40 blocks,sa,56,56,7,1
ld_06,B110471,5,1,MASc PG 40 blocks,sa,56,56,7,1
pr_01,B110288,5,1,MASc PG 40 blocks,sa,56,56,7,1
pr_01,B127158,5,1,MASc PG 40 blocks,sa,56,56,7,1
pr_01,B44010,5,1,MASc PG 40 blocks,sa,56,56,7,1
pr_02,B126589,5,1,MASc PG 40 blocks,sa,56,56,7,1
pr_02,B126869,5,1,MASc PG 40 blocks,sa,56,56,7,1
pr_02,B42891,5,1,MASc PG 40 blocks,sa,56,56,7,1
pr_03,B127158,5,1,MASc PG 40 blocks,sa,56,56,7,1
pr_03,B44010,5,1,MASc PG 40 blocks,sa,56,56,7,1
pr_04,B109915,5,1,MASc PG 40 blocks,sa,56,56,7,1
pr_04,B53160,5,1,MASc PG 40 blocks,sa,56,56,7,1
pr_05,B145584,5,1,MASc PG 40 blocks,sa,56,56,7,1
pr_05,B42891,5,1,MASc PG 40 blocks,sa,56,56,7,1
pr_06,B42891,5,1,MASc PG 40 blocks,sa,56,56,7,1
pr_06,B44010,5,1,MASc PG 40 blocks,sa,56,56,7,1
sk_01,B55424,5,1,MASc PG 40 blocks,sa,56,56,7,1
sk_01,B55424,5,1,MASc PG 40 blocks,sa,56,56,7,1
sk_01,B68233,5,1,MASc PG 40 blocks,sa,56,56,7,1
sk_02,B113324,5,1,MASc PG 40 blocks,sa,56,56,7,1
sk_02,B113324,5,1,MASc PG 40 blocks,sa,56,56,7,1
sk_02,B126869,5,1,MASc PG 40 blocks,sa,56,56,7,1
sk_03,B109915,5,1,MASc PG 40 blocks,sa,56,56,7,1
sk_03,B110288,5,1,MASc PG 40 blocks,sa,56,56,7,1
sk_03,B110471,5,1,MASc PG 40 blocks,sa,56,56,7,1
sk_04,B109915,5,1,MASc PG 40 blocks,sa,56,56,7,1
sk_04,B145584,5,1,MASc PG 40 blocks,sa,56,56,7,1
sk_04,B68233,5,1,MASc PG 40 blocks,sa,56,56,7,1
sk_05,B127158,5,1,MASc PG 40 blocks,sa,56,56,7,1
sk_05,B145584,5,1,MASc PG 40 blocks,sa,56,56,7,1
sk_05,B68233,5,1,MASc PG 40 blocks,sa,56,56,7,1
sk_06,B120266,5,1,MASc PG 40 blocks,sa,56,56,7,1
sk_06,B126589,5,1,MASc PG 40 blocks,sa,56,56,7,1
sk_06,B127158,5,1,MASc PG 40 blocks,sa,56,56,7,1
fb_01,B114477,6,1,MASc PG 40 blocks,sa,56,56,7,1
fb_01,B114861,6,1,MASc PG 40 blocks,sa,56,56,7,1
fb_01,B120266,6,1,MASc PG 40 blocks,sa,56,56,7,1
fb_02,B109340,6,1,MASc PG 40 blocks,sa,56,56,7,1
fb_02,B109915,6,1,MASc PG 40 blocks,sa,56,56,7,1
fb_02,B110288,6,1,MASc PG 40 blocks,sa,56,56,7,1
fb_03,B109915,6,1,MASc PG 40 blocks,sa,56,56,7,1
fb_03,B110288,6,1,MASc PG 40 blocks,sa,56,56,7,1
fb_03,B110471,6,1,MASc PG 40 blocks,sa,56,56,7,1
fb_04,B127158,6,1,MASc PG 40 blocks,sa,56,56,7,1
fb_04,B127158,6,1,MASc PG 40 blocks,sa,56,56,7,1
fb_04,B42891,6,1,MASc PG 40 blocks,sa,56,56,7,1
fb_05,B120266,6,1,MASc PG 40 blocks,sa,56,56,7,1
fb_05,B126413,6,1,MASc PG 40 blocks,sa,56,56,7,1
fb_05,B126589,6,1,MASc PG 40 blocks,sa,56,56,7,1
fb_06,B109915,6,1,MASc PG 40 blocks,sa,56,56,7,1
fb_06,B110288,6,1,MASc PG 40 blocks,sa,56,56,7,1
fb_06,B120266,6,1,MASc PG 40 blocks,sa,56,56,7,1
ld_01,B127158,6,1,MASc PG 40 blocks,sa,56,56,7,1
ld_01,B145584,6,1,MASc PG 40 blocks,sa,56,56,7,1
ld_02,B126589,6,1,MASc PG 40 blocks,sa,56,56,7,1
ld_02,B44010,6,1,MASc PG 40 blocks,sa,56,56,7,1
ld_03,B110288,6,1,MASc PG 40 blocks,sa,56,56,7,1
ld_03,B42891,6,1,MASc PG 40 blocks,sa,56,56,7,1
ld_04,B109915,6,1,MASc PG 40 blocks,sa,56,56,7,1
ld_04,B44010,6,1,MASc PG 40 blocks,sa,56,56,7,1
ld_05,B126869,6,1,MASc PG 40 blocks,sa,56,56,7,1
ld_06,B42891,6,1,MASc PG 40 blocks,sa,56,56,7,1
pr_01,B127158,6,1,MASc PG 40 blocks,sa,56,56,7,1
pr_01,B68233,6,1,MASc PG 40 blocks,sa,56,56,7,1
pr_02,B109915,6,1,MASc PG 40 blocks,sa,56,56,7,1
pr_02,B127158,6,1,MASc PG 40 blocks,sa,56,56,7,1
pr_03,B113324,6,1,MASc PG 40 blocks,sa,56,56,7,1
pr_03,B55424,6,1,MASc PG 40 blocks,sa,56,56,7,1
pr_04,B120266,6,1,MASc PG 40 blocks,sa,56,56,7,1
pr_04,B55424,6,1,MASc PG 40 blocks,sa,56,56,7,1
pr_05,B145584,6,1,MASc PG 40 blocks,sa,56,56,7,1
pr_06,B126589,6,1,MASc PG 40 blocks,sa,56,56,7,1
sk_01,B108060,6,1,MASc PG 40 blocks,sa,56,56,7,1
sk_01,B108060,6,1,MASc PG 40 blocks,sa,56,56,7,1
sk_01,B108124,6,1,MASc PG 40 blocks,sa,56,56,7,1
sk_02,B108124,6,1,MASc PG 40 blocks,sa,56,56,7,1
sk_02,B110471,6,1,MASc PG 40 blocks,sa,56,56,7,1
sk_02,B68233,6,1,MASc PG 40 blocks,sa,56,56,7,1
sk_03,B111867,6,1,MASc PG 40 blocks,sa,56,56,7,1
sk_03,B113324,6,1,MASc PG 40 blocks,sa,56,56,7,1
sk_03,B120266,6,1,MASc PG 40 blocks,sa,56,56,7,1
sk_04,B110288,6,1,MASc PG 40 blocks,sa,56,56,7,1
sk_04,B110471,6,1,MASc PG 40 blocks,sa,56,56,7,1
sk_04,B113324,6,1,MASc PG 40 blocks,sa,56,56,7,1
sk_05,B108060,6,1,MASc PG 40 blocks,sa,56,56,7,1
sk_05,B108124,6,1,MASc PG 40 blocks,sa,56,56,7,1
sk_05,B126589,6,1,MASc PG 40 blocks,sa,56,56,7,1
sk_06,B109915,6,1,MASc PG 40 blocks,sa,56,56,7,1
sk_06,B145584,6,1,MASc PG 40 blocks,sa,56,56,7,1
sk_06,B68233,6,1,MASc PG 40 blocks,sa,56,56,7,1
fb_01,B111480,7,1,MASc PG 40 blocks,sa,56,56,7,1
fb_01,B111867,7,1,MASc PG 40 blocks,sa,56,56,7,1
fb_01,B121928,7,1,MASc PG 40 blocks,sa,56,56,7,1
fb_02,B110471,7,1,MASc PG 40 blocks,sa,56,56,7,1
fb_02,B111410,7,1,MASc PG 40 blocks,sa,56,56,7,1
fb_02,B111480,7,1,MASc PG 40 blocks,sa,56,56,7,1
fb_03,B111410,7,1,MASc PG 40 blocks,sa,56,56,7,1
fb_03,B111480,7,1,MASc PG 40 blocks,sa,56,56,7,1
fb_03,B112038,7,1,MASc PG 40 blocks,sa,56,56,7,1
fb_04,B107189,7,1,MASc PG 40 blocks,sa,56,56,7,1
fb_04,B55424,7,1,MASc PG 40 blocks,sa,56,56,7,1
fb_04,B68233,7,1,MASc PG 40 blocks,sa,56,56,7,1
fb_05,B126869,7,1,MASc PG 40 blocks,sa,56,56,7,1
fb_05,B127158,7,1,MASc PG 40 blocks,sa,56,56,7,1
fb_05,B145584,7,1,MASc PG 40 blocks,sa,56,56,7,1
fb_06,B126589,7,1,MASc PG 40 blocks,sa,56,56,7,1
fb_06,B127158,7,1,MASc PG 40 blocks,sa,56,56,7,1
fb_06,B145584,7,1,MASc PG 40 blocks,sa,56,56,7,1
ld_01,B113324,7,1,MASc PG 40 blocks,sa,56,56,7,1
ld_01,B127158,7,1,MASc PG 40 blocks,sa,56,56,7,1
ld_02,B127158,7,1,MASc PG 40 blocks,sa,56,56,7,1
ld_02,B68233,7,1,MASc PG 40 blocks,sa,56,56,7,1
ld_03,B126589,7,1,MASc PG 40 blocks,sa,56,56,7,1
ld_03,B55424,7,1,MASc PG 40 blocks,sa,56,56,7,1
ld_04,B109915,7,1,MASc PG 40 blocks,sa,56,56,7,1
ld_05,B120266,7,1,MASc PG 40 blocks,sa,56,56,7,1
ld_06,B145584,7,1,MASc PG 40 blocks,sa,56,56,7,1
pr_01,B108124,7,1,MASc PG 40 blocks,sa,56,56,7,1
pr_01,B108124,7,1,MASc PG 40 blocks,sa,56,56,7,1
pr_01,B110288,7,1,MASc PG 40 blocks,sa,56,56,7,1
pr_02,B108124,7,1,MASc PG 40 blocks,sa,56,56,7,1
pr_02,B126589,7,1,MASc PG 40 blocks,sa,56,56,7,1
pr_02,B68233,7,1,MASc PG 40 blocks,sa,56,56,7,1
pr_03,B108060,7,1,MASc PG 40 blocks,sa,56,56,7,1
pr_03,B110471,7,1,MASc PG 40 blocks,sa,56,56,7,1
pr_03,B113324,7,1,MASc PG 40 blocks,sa,56,56,7,1
pr_04,B108060,7,1,MASc PG 40 blocks,sa,56,56,7,1
pr_04,B110471,7,1,MASc PG 40 blocks,sa,56,56,7,1
pr_05,B108060,7,1,MASc PG 40 blocks,sa,56,56,7,1
pr_05,B145584,7,1,MASc PG 40 blocks,sa,56,56,7,1
pr_06,B113324,7,1,MASc PG 40 blocks,sa,56,56,7,1
pr_06,B120266,7,1,MASc PG 40 blocks,sa,56,56,7,1
sk_01,B111867,7,1,MASc PG 40 blocks,sa,56,56,7,1
sk_01,B42891,7,1,MASc PG 40 blocks,sa,56,56,7,1
sk_01,B55424,7,1,MASc PG 40 blocks,sa,56,56,7,1
sk_02,B111867,7,1,MASc PG 40 blocks,sa,56,56,7,1
sk_02,B113324,7,1,MASc PG 40 blocks,sa,56,56,7,1
sk_02,B126869,7,1,MASc PG 40 blocks,sa,56,56,7,1
sk_03,B108339,7,1,MASc PG 40 blocks,sa,56,56,7,1
sk_03,B111867,7,1,MASc PG 40 blocks,sa,56,56,7,1
sk_03,B126869,7,1,MASc PG 40 blocks,sa,56,56,7,1
sk_04,B120266,7,1,MASc PG 40 blocks,sa,56,56,7,1
sk_04,B126589,7,1,MASc PG 40 blocks,sa,56,56,7,1
sk_04,B126869,7,1,MASc PG 40 blocks,sa,56,56,7,1
sk_05,B113324,7,1,MASc PG 40 blocks,sa,56,56,7,1
sk_05,B120266,7,1,MASc PG 40 blocks,sa,56,56,7,1
sk_05,B126589,7,1,MASc PG 40 blocks,sa,56,56,7,1
sk_06,B110288,7,1,MASc PG 40 blocks,sa,56,56,7,1
sk_06,B113324,7,1,MASc PG 40 blocks,sa,56,56,7,1
sk_06,B120266,7,1,MASc PG 40 blocks,sa,56,56,7,1
fb_01,B107189,8,1,MASc PG 40 blocks,sa,56,56,7,1
fb_01,B108060,8,1,MASc PG 40 blocks,sa,56,56,7,1
fb_01,B113324,8,1,MASc PG 40 blocks,sa,56,56,7,1
fb_02,B108060,8,1,MASc PG 40 blocks,sa,56,56,7,1
fb_02,B126869,8,1,MASc PG 40 blocks,sa,56,56,7,1
fb_02,B68233,8,1,MASc PG 40 blocks,sa,56,56,7,1
fb_03,B108124,8,1,MASc PG 40 blocks,sa,56,56,7,1
fb_03,B121154,8,1,MASc PG 40 blocks,sa,56,56,7,1
fb_03,B121154,8,1,MASc PG 40 blocks,sa,56,56,7,1
fb_04,B108339,8,1,MASc PG 40 blocks,sa,56,56,7,1
fb_04,B109340,8,1,MASc PG 40 blocks,sa,56,56,7,1
fb_04,B109915,8,1,MASc PG 40 blocks,sa,56,56,7,1
fb_05,B112038,8,1,MASc PG 40 blocks,sa,56,56,7,1
fb_05,B112990,8,1,MASc PG 40 blocks,sa,56,56,7,1
fb_05,B113324,8,1,MASc PG 40 blocks,sa,56,56,7,1
fb_06,B126589,8,1,MASc PG 40 blocks,sa,56,56,7,1
fb_06,B127158,8,1,MASc PG 40 blocks,sa,56,56,7,1
fb_06,B145584,8,1,MASc PG 40 blocks,sa,56,56,7,1
fb_01,B108339,9,1,MASc PG 40 blocks,sa,56,56,7,1
fb_01,B109340,9,1,MASc PG 40 blocks,sa,56,56,7,1
fb_01,B109517,9,1,MASc PG 40 blocks,sa,56,56,7,1
fb_02,B108124,9,1,MASc PG 40 blocks,sa,56,56,7,1
fb_02,B108339,9,1,MASc PG 40 blocks,sa,56,56,7,1
fb_02,B109340,9,1,MASc PG 40 blocks,sa,56,56,7,1
fb_03,B108060,9,1,MASc PG 40 blocks,sa,56,56,7,1
fb_03,B109340,9,1,MASc PG 40 blocks,sa,56,56,7,1
fb_03,B109915,9,1,MASc PG 40 blocks,sa,56,56,7,1
fb_04,B110288,9,1,MASc PG 40 blocks,sa,56,56,7,1
fb_04,B110471,9,1,MASc PG 40 blocks,sa,56,56,7,1
fb_04,B111410,9,1,MASc PG 40 blocks,sa,56,56,7,1
fb_05,B114477,9,1,MASc PG 40 blocks,sa,56,56,7,1
fb_05,B120266,9,1,MASc PG 40 blocks,sa,56,56,7,1
fb_05,B126413,9,1,MASc PG 40 blocks,sa,56,56,7,1
fb_06,B107189,9,1,MASc PG 40 blocks,sa,56,56,7,1
fb_06,B109915,9,1,MASc PG 40 blocks,sa,56,56,7,1
fb_06,B68233,9,1,MASc PG 40 blocks,sa,56,56,7,1
sk_01,B107189,9,1,MASc PG 40 blocks,sa,56,56,7,1
sk_01,B108060,9,1,MASc PG 40 blocks,sa,56,56,7,1
sk_01,B108124,9,1,MASc PG 40 blocks,sa,56,56,7,1
sk_02,B108060,9,1,MASc PG 40 blocks,sa,56,56,7,1
sk_02,B109340,9,1,MASc PG 40 blocks,sa,56,56,7,1
sk_02,B68233,9,1,MASc PG 40 blocks,sa,56,56,7,1
sk_03,B108060,9,1,MASc PG 40 blocks,sa,56,56,7,1
sk_03,B68233,9,1,MASc PG 40 blocks,sa,56,56,7,1
sk_03,B68233,9,1,MASc PG 40 blocks,sa,56,56,7,1
sk_04,B108124,9,1,MASc PG 40 blocks,sa,56,56,7,1
sk_04,B112990,9,1,MASc PG 40 blocks,sa,56,56,7,1
sk_04,B113324,9,1,MASc PG 40 blocks,sa,56,56,7,1
sk_05,B108339,9,1,MASc PG 40 blocks,sa,56,56,7,1
sk_05,B126589,9,1,MASc PG 40 blocks,sa,56,56,7,1
sk_05,B127158,9,1,MASc PG 40 blocks,sa,56,56,7,1
sk_06,B109340,9,1,MASc PG 40 blocks,sa,56,56,7,1
sk_06,B109915,9,1,MASc PG 40 blocks,sa,56,56,7,1
sk_06,B127158,9,1,MASc PG 40 blocks,sa,56,56,7,1
fb_01,B109915,10,1,MASc PG 40 blocks,sa,56,56,7,1
fb_01,B110288,10,1,MASc PG 40 blocks,sa,56,56,7,1
fb_01,B110471,10,1,MASc PG 40 blocks,sa,56,56,7,1
fb_02,B109915,10,1,MASc PG 40 blocks,sa,56,56,7,1
fb_02,B110288,10,1,MASc PG 40 blocks,sa,56,56,7,1
fb_02,B110471,10,1,MASc PG 40 blocks,sa,56,56,7,1
fb_03,B110471,10,1,MASc PG 40 blocks,sa,56,56,7,1
fb_03,B111410,10,1,MASc PG 40 blocks,sa,56,56,7,1
fb_03,B111480,10,1,MASc PG 40 blocks,sa,56,56,7,1
fb_04,B111480,10,1,MASc PG 40 blocks,sa,56,56,7,1
fb_04,B112038,10,1,MASc PG 40 blocks,sa,56,56,7,1
fb_04,B112990,10,1,MASc PG 40 blocks,sa,56,56,7,1
fb_05,B126589,10,1,MASc PG 40 blocks,sa,56,56,7,1
fb_05,B126869,10,1,MASc PG 40 blocks,sa,56,56,7,1
fb_05,B127158,10,1,MASc PG 40 blocks,sa,56,56,7,1
fb_06,B110288,10,1,MASc PG 40 blocks,sa,56,56,7,1
fb_06,B110471,10,1,MASc PG 40 blocks,sa,56,56,7,1
fb_06,B113324,10,1,MASc PG 40 blocks,sa,56,56,7,1
pr_01,B68233,10,1,MASc PG 40 blocks,sa,56,56,7,1
pr_02,B108124,10,1,MASc PG 40 blocks,sa,56,56,7,1
pr_03,B108060,10,1,MASc PG 40 blocks,sa,56,56,7,1
pr_04,B108060,10,1,MASc PG 40 blocks,sa,56,56,7,1
pr_05,B127158,10,1,MASc PG 40 blocks,sa,56,56,7,1
pr_06,B108060,10,1,MASc PG 40 blocks,sa,56,56,7,1
sk_01,B108339,10,1,MASc PG 40 blocks,sa,56,56,7,1
sk_01,B108339,10,1,MASc PG 40 blocks,sa,56,56,7,1
sk_01,B109517,10,1,MASc PG 40 blocks,sa,56,56,7,1
sk_02,B108339,10,1,MASc PG 40 blocks,sa,56,56,7,1
sk_02,B110471,10,1,MASc PG 40 blocks,sa,56,56,7,1
sk_02,B112990,10,1,MASc PG 40 blocks,sa,56,56,7,1
sk_03,B107189,10,1,MASc PG 40 blocks,sa,56,56,7,1
sk_03,B108124,10,1,MASc PG 40 blocks,sa,56,56,7,1
sk_03,B108124,10,1,MASc PG 40 blocks,sa,56,56,7,1
sk_04,B107189,10,1,MASc PG 40 blocks,sa,56,56,7,1
sk_04,B120266,10,1,MASc PG 40 blocks,sa,56,56,7,1
sk_04,B126589,10,1,MASc PG 40 blocks,sa,56,56,7,1
sk_05,B109340,10,1,MASc PG 40 blocks,sa,56,56,7,1
sk_05,B145584,10,1,MASc PG 40 blocks,sa,56,56,7,1
sk_05,B68233,10,1,MASc PG 40 blocks,sa,56,56,7,1
sk_06,B108060,10,1,MASc PG 40 blocks,sa,56,56,7,1
sk_06,B108124,10,1,MASc PG 40 blocks,sa,56,56,7,1
sk_06,B113324,10,1,MASc PG 40 blocks,sa,56,56,7,1
fb_01,B111867,11,1,MASc PG 40 blocks,sa,56,56,7,1
fb_01,B111867,11,1,MASc PG 40 blocks,sa,56,56,7,1
fb_01,B127158,11,1,MASc PG 40 blocks,sa,56,56,7,1
fb_02,B111410,11,1,MASc PG 40 blocks,sa,56,56,7,1
fb_02,B111480,11,1,MASc PG 40 blocks,sa,56,56,7,1
fb_02,B112038,11,1,MASc PG 40 blocks,sa,56,56,7,1
fb_03,B112038,11,1,MASc PG 40 blocks,sa,56,56,7,1
fb_03,B112990,11,1,MASc PG 40 blocks,sa,56,56,7,1
fb_03,B113324,11,1,MASc PG 40 blocks,sa,56,56,7,1
fb_04,B113324,11,1,MASc PG 40 blocks,sa,56,56,7,1
fb_04,B114477,11,1,MASc PG 40 blocks,sa,56,56,7,1
fb_04,B120266,11,1,MASc PG 40 blocks,sa,56,56,7,1
fb_05,B145584,11,1,MASc PG 40 blocks,sa,56,56,7,1
fb_05,B55424,11,1,MASc PG 40 blocks,sa,56,56,7,1
fb_05,B68233,11,1,MASc PG 40 blocks,sa,56,56,7,1
fb_06,B120266,11,1,MASc PG 40 blocks,sa,56,56,7,1
fb_06,B126589,11,1,MASc PG 40 blocks,sa,56,56,7,1
fb_06,B127158,11,1,MASc PG 40 blocks,sa,56,56,7,1
ld_01,B68233,11,1,MASc PG 40 blocks,sa,56,56,7,1
ld_02,B108124,11,1,MASc PG 40 blocks,sa,56,56,7,1
ld_03,B108060,11,1,MASc PG 40 blocks,sa,56,56,7,1
ld_04,B108060,11,1,MASc PG 40 blocks,sa,56,56,7,1
pr_01,B108339,11,1,MASc PG 40 blocks,sa,56,56,7,1
pr_01,B108339,11,1,MASc PG 40 blocks,sa,56,56,7,1
pr_01,B112990,11,1,MASc PG 40 blocks,sa,56,56,7,1
pr_02,B108124,11,1,MASc PG 40 blocks,sa,56,56,7,1
pr_02,B109340,11,1,MASc PG 40 blocks,sa,56,56,7,1
pr_02,B113324,11,1,MASc PG 40 blocks,sa,56,56,7,1
pr_03,B108124,11,1,MASc PG 40 blocks,sa,56,56,7,1
pr_03,B68233,11,1,MASc PG 40 blocks,sa,56,56,7,1
pr_04,B108060,11,1,MASc PG 40 blocks,sa,56,56,7,1
pr_04,B108124,11,1,MASc PG 40 blocks,sa,56,56,7,1
pr_05,B107189,11,1,MASc PG 40 blocks,sa,56,56,7,1
pr_05,B126589,11,1,MASc PG 40 blocks,sa,56,56,7,1
pr_06,B107189,11,1,MASc PG 40 blocks,sa,56,56,7,1
pr_06,B108339,11,1,MASc PG 40 blocks,sa,56,56,7,1
sk_01,B108339,11,1,MASc PG 40 blocks,sa,56,56,7,1
sk_01,B127158,11,1,MASc PG 40 blocks,sa,56,56,7,1
sk_01,B68233,11,1,MASc PG 40 blocks,sa,56,56,7,1
sk_02,B113324,11,1,MASc PG 40 blocks,sa,56,56,7,1
sk_02,B126869,11,1,MASc PG 40 blocks,sa,56,56,7,1
sk_02,B127158,11,1,MASc PG 40 blocks,sa,56,56,7,1
sk_03,B126869,11,1,MASc PG 40 blocks,sa,56,56,7,1
sk_03,B127158,11,1,MASc PG 40 blocks,sa,56,56,7,1
sk_03,B68233,11,1,MASc PG 40 blocks,sa,56,56,7,1
sk_04,B111410,11,1,MASc PG 40 blocks,sa,56,56,7,1
sk_04,B126589,11,1,MASc PG 40 blocks,sa,56,56,7,1
sk_04,B145584,11,1,MASc PG 40 blocks,sa,56,56,7,1
sk_05,B109915,11,1,MASc PG 40 blocks,sa,56,56,7,1
sk_05,B110288,11,1,MASc PG 40 blocks,sa,56,56,7,1
sk_05,B110471,11,1,MASc PG 40 blocks,sa,56,56,7,1
sk_06,B120266,11,1,MASc PG 40 blocks,sa,56,56,7,1
sk_06,B126589,11,1,MASc PG 40 blocks,sa,56,56,7,1
sk_06,B126869,11,1,MASc PG 40 blocks,sa,56,56,7,1
fb_01,B112038,12,1,MASc PG 40 blocks,sa,56,56,7,1
fb_01,B112990,12,1,MASc PG 40 blocks,sa,56,56,7,1
fb_01,B113324,12,1,MASc PG 40 blocks,sa,56,56,7,1
fb_02,B112990,12,1,MASc PG 40 blocks,sa,56,56,7,1
fb_02,B113324,12,1,MASc PG 40 blocks,sa,56,56,7,1
fb_02,B114477,12,1,MASc PG 40 blocks,sa,56,56,7,1
fb_03,B114477,12,1,MASc PG 40 blocks,sa,56,56,7,1
fb_03,B120266,12,1,MASc PG 40 blocks,sa,56,56,7,1
fb_03,B127158,12,1,MASc PG 40 blocks,sa,56,56,7,1
fb_04,B126413,12,1,MASc PG 40 blocks,sa,56,56,7,1
fb_04,B126589,12,1,MASc PG 40 blocks,sa,56,56,7,1
fb_04,B126869,12,1,MASc PG 40 blocks,sa,56,56,7,1
fb_05,B107189,12,1,MASc PG 40 blocks,sa,56,56,7,1
fb_05,B108339,12,1,MASc PG 40 blocks,sa,56,56,7,1
fb_05,B109915,12,1,MASc PG 40 blocks,sa,56,56,7,1
fb_06,B107189,12,1,MASc PG 40 blocks,sa,56,56,7,1
fb_06,B145584,12,1,MASc PG 40 blocks,sa,56,56,7,1
fb_06,B68233,12,1,MASc PG 40 blocks,sa,56,56,7,1
ld_01,B107189,12,1,MASc PG 40 blocks,sa,56,56,7,1
ld_01,B113324,12,1,MASc PG 40 blocks,sa,56,56,7,1
ld_02,B108124,12,1,MASc PG 40 blocks,sa,56,56,7,1
ld_02,B68233,12,1,MASc PG 40 blocks,sa,56,56,7,1
ld_03,B108124,12,1,MASc PG 40 blocks,sa,56,56,7,1
ld_03,B108124,12,1,MASc PG 40 blocks,sa,56,56,7,1
ld_04,B108060,12,1,MASc PG 40 blocks,sa,56,56,7,1
ld_04,B112990,12,1,MASc PG 40 blocks,sa,56,56,7,1
ld_05,B108339,12,1,MASc PG 40 blocks,sa,56,56,7,1
ld_05,B109340,12,1,MASc PG 40 blocks,sa,56,56,7,1
ld_06,B108339,12,1,MASc PG 40 blocks,sa,56,56,7,1
pr_01,B126589,12,1,MASc PG 40 blocks,sa,56,56,7,1
pr_01,B68233,12,1,MASc PG 40 blocks,sa,56,56,7,1
pr_02,B109915,12,1,MASc PG 40 blocks,sa,56,56,7,1
pr_02,B127158,12,1,MASc PG 40 blocks,sa,56,56,7,1
pr_03,B126869,12,1,MASc PG 40 blocks,sa,56,56,7,1
pr_03,B127158,12,1,MASc PG 40 blocks,sa,56,56,7,1
pr_04,B108339,12,1,MASc PG 40 blocks,sa,56,56,7,1
pr_04,B110471,12,1,MASc PG 40 blocks,sa,56,56,7,1
pr_05,B120266,12,1,MASc PG 40 blocks,sa,56,56,7,1
pr_06,B145584,12,1,MASc PG 40 blocks,sa,56,56,7,1
sk_01,B111867,12,1,MASc PG 40 blocks,sa,56,56,7,1
sk_01,B111867,12,1,MASc PG 40 blocks,sa,56,56,7,1
sk_01,B111867,12,1,MASc PG 40 blocks,sa,56,56,7,1
sk_02,B109340,12,1,MASc PG 40 blocks,sa,56,56,7,1
sk_02,B110471,12,1,MASc PG 40 blocks,sa,56,56,7,1
sk_02,B111480,12,1,MASc PG 40 blocks,sa,56,56,7,1
sk_03,B109340,12,1,MASc PG 40 blocks,sa,56,56,7,1
sk_03,B110471,12,1,MASc PG 40 blocks,sa,56,56,7,1
sk_03,B111480,12,1,MASc PG 40 blocks,sa,56,56,7,1
sk_04,B109915,12,1,MASc PG 40 blocks,sa,56,56,7,1
sk_04,B110288,12,1,MASc PG 40 blocks,sa,56,56,7,1
sk_04,B55424,12,1,MASc PG 40 blocks,sa,56,56,7,1
sk_05,B111480,12,1,MASc PG 40 blocks,sa,56,56,7,1
sk_05,B112990,12,1,MASc PG 40 blocks,sa,56,56,7,1
sk_05,B113324,12,1,MASc PG 40 blocks,sa,56,56,7,1
sk_06,B127158,12,1,MASc PG 40 blocks,sa,56,56,7,1
sk_06,B145584,12,1,MASc PG 40 blocks,sa,56,56,7,1
sk_06,B68233,12,1,MASc PG 40 blocks,sa,56,56,7,1
fb_01,B114477,13,1,MASc PG 40 blocks,sa,56,56,7,1
fb_01,B114861,13,1,MASc PG 40 blocks,sa,56,56,7,1
fb_01,B120266,13,1,MASc PG 40 blocks,sa,56,56,7,1
fb_02,B120266,13,1,MASc PG 40 blocks,sa,56,56,7,1
fb_02,B121455,13,1,MASc PG 40 blocks,sa,56,56,7,1
fb_02,B121928,13,1,MASc PG 40 blocks,sa,56,56,7,1
fb_03,B121928,13,1,MASc PG 40 blocks,sa,56,56,7,1
fb_03,B126413,13,1,MASc PG 40 blocks,sa,56,56,7,1
fb_03,B126492,13,1,MASc PG 40 blocks,sa,56,56,7,1
fb_04,B127158,13,1,MASc PG 40 blocks,sa,56,56,7,1
fb_04,B145584,13,1,MASc PG 40 blocks,sa,56,56,7,1
fb_04,B42891,13,1,MASc PG 40 blocks,sa,56,56,7,1
fb_05,B110288,13,1,MASc PG 40 blocks,sa,56,56,7,1
fb_05,B110471,13,1,MASc PG 40 blocks,sa,56,56,7,1
fb_05,B112038,13,1,MASc PG 40 blocks,sa,56,56,7,1
fb_06,B109915,13,1,MASc PG 40 blocks,sa,56,56,7,1
fb_06,B110288,13,1,MASc PG 40 blocks,sa,56,56,7,1
fb_06,B110471,13,1,MASc PG 40 blocks,sa,56,56,7,1
ld_01,B110471,13,1,MASc PG 40 blocks,sa,56,56,7,1
ld_01,B126589,13,1,MASc PG 40 blocks,sa,56,56,7,1
ld_02,B109915,13,1,MASc PG 40 blocks,sa,56,56,7,1
ld_03,B68233,13,1,MASc PG 40 blocks,sa,56,56,7,1
ld_04,B127158,13,1,MASc PG 40 blocks,sa,56,56,7,1
ld_05,B126869,13,1,MASc PG 40 blocks,sa,56,56,7,1
ld_06,B127158,13,1,MASc PG 40 blocks,sa,56,56,7,1
pr_01,B109340,13,1,MASc PG 40 blocks,sa,56,56,7,1
pr_01,B145584,13,1,MASc PG 40 blocks,sa,56,56,7,1
pr_02,B111867,13,1,MASc PG 40 blocks,sa,56,56,7,1
pr_02,B55424,13,1,MASc PG 40 blocks,sa,56,56,7,1
pr_03,B110288,13,1,MASc PG 40 blocks,sa,56,56,7,1
pr_03,B127158,13,1,MASc PG 40 blocks,sa,56,56,7,1
pr_04,B111480,13,1,MASc PG 40 blocks,sa,56,56,7,1
pr_05,B110471,13,1,MASc PG 40 blocks,sa,56,56,7,1
pr_06,B113324,13,1,MASc PG 40 blocks,sa,56,56,7,1
sk_01,B108339,13,1,MASc PG 40 blocks,sa,56,56,7,1
sk_01,B108339,13,1,MASc PG 40 blocks,sa,56,56,7,1
sk_01,B111867,13,1,MASc PG 40 blocks,sa,56,56,7,1
sk_02,B107189,13,1,MASc PG 40 blocks,sa,56,56,7,1
sk_02,B112990,13,1,MASc PG 40 blocks,sa,56,56,7,1
sk_02,B113324,13,1,MASc PG 40 blocks,sa,56,56,7,1
sk_03,B112990,13,1,MASc PG 40 blocks,sa,56,56,7,1
sk_03,B113324,13,1,MASc PG 40 blocks,sa,56,56,7,1
sk_03,B126869,13,1,MASc PG 40 blocks,sa,56,56,7,1
sk_04,B110471,13,1,MASc PG 40 blocks,sa,56,56,7,1
sk_04,B111480,13,1,MASc PG 40 blocks,sa,56,56,7,1
sk_04,B112990,13,1,MASc PG 40 blocks,sa,56,56,7,1
sk_05,B107189,13,1,MASc PG 40 blocks,sa,56,56,7,1
sk_05,B120266,13,1,MASc PG 40 blocks,sa,56,56,7,1
sk_05,B126589,13,1,MASc PG 40 blocks,sa,56,56,7,1
sk_06,B109340,13,1,MASc PG 40 blocks,sa,56,56,7,1
sk_06,B109915,13,1,MASc PG 40 blocks,sa,56,56,7,1
sk_06,B110288,13,1,MASc PG 40 blocks,sa,56,56,7,1
fb_01,B111480,14,1,MASc PG 40 blocks,sa,56,56,7,1
fb_01,B121455,14,1,MASc PG 40 blocks,sa,56,56,7,1
fb_01,B121928,14,1,MASc PG 40 blocks,sa,56,56,7,1
fb_02,B124193,14,1,MASc PG 40 blocks,sa,56,56,7,1
fb_02,B124453,14,1,MASc PG 40 blocks,sa,56,56,7,1
fb_02,B126413,14,1,MASc PG 40 blocks,sa,56,56,7,1
fb_03,B126589,14,1,MASc PG 40 blocks,sa,56,56,7,1
fb_03,B126869,14,1,MASc PG 40 blocks,sa,56,56,7,1
fb_03,B127158,14,1,MASc PG 40 blocks,sa,56,56,7,1
fb_04,B107189,14,1,MASc PG 40 blocks,sa,56,56,7,1
fb_04,B55424,14,1,MASc PG 40 blocks,sa,56,56,7,1
fb_04,B68233,14,1,MASc PG 40 blocks,sa,56,56,7,1
fb_05,B112990,14,1,MASc PG 40 blocks,sa,56,56,7,1
fb_05,B113324,14,1,MASc PG 40 blocks,sa,56,56,7,1
fb_05,B114477,14,1,MASc PG 40 blocks,sa,56,56,7,1
fb_06,B113324,14,1,MASc PG 40 blocks,sa,56,56,7,1
fb_06,B120266,14,1,MASc PG 40 blocks,sa,56,56,7,1
fb_06,B126589,14,1,MASc PG 40 blocks,sa,56,56,7,1
ld_01,B110288,14,1,MASc PG 40 blocks,sa,56,56,7,1
ld_01,B111867,14,1,MASc PG 40 blocks,sa,56,56,7,1
ld_02,B113324,14,1,MASc PG 40 blocks,sa,56,56,7,1
ld_02,B145584,14,1,MASc PG 40 blocks,sa,56,56,7,1
ld_03,B127158,14,1,MASc PG 40 blocks,sa,56,56,7,1
ld_04,B110471,14,1,MASc PG 40 blocks,sa,56,56,7,1
ld_05,B111480,14,1,MASc PG 40 blocks,sa,56,56,7,1
ld_06,B109340,14,1,MASc PG 40 blocks,sa,56,56,7,1
pr_01,B108339,14,1,MASc PG 40 blocks,sa,56,56,7,1
pr_01,B109915,14,1,MASc PG 40 blocks,sa,56,56,7,1
pr_02,B108339,14,1,MASc PG 40 blocks,sa,56,56,7,1
pr_02,B126869,14,1,MASc PG 40 blocks,sa,56,56,7,1
pr_03,B107189,14,1,MASc PG 40 blocks,sa,56,56,7,1
pr_03,B112990,14,1,MASc PG 40 blocks,sa,56,56,7,1
pr_04,B112990,14,1,MASc PG 40 blocks,sa,56,56,7,1
pr_04,B126589,14,1,MASc PG 40 blocks,sa,56,56,7,1
pr_05,B113324,14,1,MASc PG 40 blocks,sa,56,56,7,1
pr_06,B107189,14,1,MASc PG 40 blocks,sa,56,56,7,1
sk_01,B107189,14,1,MASc PG 40 blocks,sa,56,56,7,1
sk_01,B114861,14,1,MASc PG 40 blocks,sa,56,56,7,1
sk_01,B42891,14,1,MASc PG 40 blocks,sa,56,56,7,1
sk_02,B109340,14,1,MASc PG 40 blocks,sa,56,56,7,1
sk_02,B110471,14,1,MASc PG 40 blocks,sa,56,56,7,1
sk_02,B68233,14,1,MASc PG 40 blocks,sa,56,56,7,1
sk_03,B109340,14,1,MASc PG 40 blocks,sa,56,56,7,1
sk_03,B110471,14,1,MASc PG 40 blocks,sa,56,56,7,1
sk_03,B68233,14,1,MASc PG 40 blocks,sa,56,56,7,1
sk_04,B113324,14,1,MASc PG 40 blocks,sa,56,56,7,1
sk_04,B120266,14,1,MASc PG 40 blocks,sa,56,56,7,1
sk_04,B126589,14,1,MASc PG 40 blocks,sa,56,56,7,1
sk_05,B127158,14,1,MASc PG 40 blocks,sa,56,56,7,1
sk_05,B145584,14,1,MASc PG 40 blocks,sa,56,56,7,1
sk_05,B68233,14,1,MASc PG 40 blocks,sa,56,56,7,1
sk_06,B110471,14,1,MASc PG 40 blocks,sa,56,56,7,1
sk_06,B111480,14,1,MASc PG 40 blocks,sa,56,56,7,1
sk_06,B113324,14,1,MASc PG 40 blocks,sa,56,56,7,1
fb_01,B107189,15,1,MASc PG 40 blocks,sa,56,56,7,1
fb_01,B108124,15,1,MASc PG 40 blocks,sa,56,56,7,1
fb_01,B127158,15,1,MASc PG 40 blocks,sa,56,56,7,1
fb_02,B112990,15,1,MASc PG 40 blocks,sa,56,56,7,1
fb_02,B126413,15,1,MASc PG 40 blocks,sa,56,56,7,1
fb_02,B145584,15,1,MASc PG 40 blocks,sa,56,56,7,1
fb_03,B120266,15,1,MASc PG 40 blocks,sa,56,56,7,1
fb_03,B121455,15,1,MASc PG 40 blocks,sa,56,56,7,1
fb_03,B126869,15,1,MASc PG 40 blocks,sa,56,56,7,1
fb_04,B111410,15,1,MASc PG 40 blocks,sa,56,56,7,1
fb_04,B111480,15,1,MASc PG 40 blocks,sa,56,56,7,1
fb_04,B126869,15,1,MASc PG 40 blocks,sa,56,56,7,1
fb_05,B108339,15,1,MASc PG 40 blocks,sa,56,56,7,1
fb_05,B109340,15,1,MASc PG 40 blocks,sa,56,56,7,1
fb_05,B109915,15,1,MASc PG 40 blocks,sa,56,56,7,1
fb_06,B107189,15,1,MASc PG 40 blocks,sa,56,56,7,1
fb_06,B113324,15,1,MASc PG 40 blocks,sa,56,56,7,1
fb_06,B68233,15,1,MASc PG 40 blocks,sa,56,56,7,1
fb_01,B109340,16,1,MASc PG 40 blocks,sa,56,56,7,1
fb_01,B109517,16,1,MASc PG 40 blocks,sa,56,56,7,1
fb_01,B109915,16,1,MASc PG 40 blocks,sa,56,56,7,1
fb_02,B120266,16,1,MASc PG 40 blocks,sa,56,56,7,1
fb_02,B121455,16,1,MASc PG 40 blocks,sa,56,56,7,1
fb_02,B121928,16,1,MASc PG 40 blocks,sa,56,56,7,1
fb_03,B121455,16,1,MASc PG 40 blocks,sa,56,56,7,1
fb_03,B124193,16,1,MASc PG 40 blocks,sa,56,56,7,1
fb_03,B126413,16,1,MASc PG 40 blocks,sa,56,56,7,1
fb_04,B112990,16,1,MASc PG 40 blocks,sa,56,56,7,1
fb_04,B113324,16,1,MASc PG 40 blocks,sa,56,56,7,1
fb_04,B114477,16,1,MASc PG 40 blocks,sa,56,56,7,1
fb_05,B109340,16,1,MASc PG 40 blocks,sa,56,56,7,1
fb_05,B110471,16,1,MASc PG 40 blocks,sa,56,56,7,1
fb_05,B111410,16,1,MASc PG 40 blocks,sa,56,56,7,1
fb_06,B108339,16,1,MASc PG 40 blocks,sa,56,56,7,1
fb_06,B110288,16,1,MASc PG 40 blocks,sa,56,56,7,1
fb_06,B110471,16,1,MASc PG 40 blocks,sa,56,56,7,1
sk_01,B107189,16,1,MASc PG 40 blocks,sa,56,56,7,1
sk_01,B108124,16,1,MASc PG 40 blocks,sa,56,56,7,1
sk_01,B68233,16,1,MASc PG 40 blocks,sa,56,56,7,1
sk_02,B108124,16,1,MASc PG 40 blocks,sa,56,56,7,1
sk_02,B127158,16,1,MASc PG 40 blocks,sa,56,56,7,1
sk_02,B68233,16,1,MASc PG 40 blocks,sa,56,56,7,1
sk_03,B108339,16,1,MASc PG 40 blocks,sa,56,56,7,1
sk_03,B111480,16,1,MASc PG 40 blocks,sa,56,56,7,1
sk_03,B112990,16,1,MASc PG 40 blocks,sa,56,56,7,1
sk_04,B107189,16,1,MASc PG 40 blocks,sa,56,56,7,1
sk_04,B109915,16,1,MASc PG 40 blocks,sa,56,56,7,1
sk_04,B68233,16,1,MASc PG 40 blocks,sa,56,56,7,1
sk_05,B109340,16,1,MASc PG 40 blocks,sa,56,56,7,1
sk_05,B109915,16,1,MASc PG 40 blocks,sa,56,56,7,1
sk_05,B109915,16,1,MASc PG 40 blocks,sa,56,56,7,1
sk_06,B107189,16,1,MASc PG 40 blocks,sa,56,56,7,1
sk_06,B120266,16,1,MASc PG 40 blocks,sa,56,56,7,1
sk_06,B120266,16,1,MASc PG 40 blocks,sa,56,56,7,1
fb_01,B109915,17,1,MASc PG 40 blocks,sa,56,56,7,1
fb_01,B110288,17,1,MASc PG 40 blocks,sa,56,56,7,1
fb_01,B110471,17,1,MASc PG 40 blocks,sa,56,56,7,1
fb_02,B124453,17,1,MASc PG 40 blocks,sa,56,56,7,1
fb_02,B126413,17,1,MASc PG 40 blocks,sa,56,56,7,1
fb_02,B127158,17,1,MASc PG 40 blocks,sa,56,56,7,1
fb_03,B121154,17,1,MASc PG 40 blocks,sa,56,56,7,1
fb_03,B126589,17,1,MASc PG 40 blocks,sa,56,56,7,1
fb_03,B126869,17,1,MASc PG 40 blocks,sa,56,56,7,1
fb_04,B120266,17,1,MASc PG 40 blocks,sa,56,56,7,1
fb_04,B121928,17,1,MASc PG 40 blocks,sa,56,56,7,1
fb_04,B126413,17,1,MASc PG 40 blocks,sa,56,56,7,1
fb_05,B111480,17,1,MASc PG 40 blocks,sa,56,56,7,1
fb_05,B112038,17,1,MASc PG 40 blocks,sa,56,56,7,1
fb_05,B112990,17,1,MASc PG 40 blocks,sa,56,56,7,1
fb_06,B112038,17,1,MASc PG 40 blocks,sa,56,56,7,1
fb_06,B113324,17,1,MASc PG 40 blocks,sa,56,56,7,1
fb_06,B120266,17,1,MASc PG 40 blocks,sa,56,56,7,1
pr_01,B120266,17,1,MASc PG 40 blocks,sa,56,56,7,1
pr_02,B109915,17,1,MASc PG 40 blocks,sa,56,56,7,1
pr_03,B68233,17,1,MASc PG 40 blocks,sa,56,56,7,1
pr_04,B108124,17,1,MASc PG 40 blocks,sa,56,56,7,1
pr_05,B107189,17,1,MASc PG 40 blocks,sa,56,56,7,1
pr_06,B107189,17,1,MASc PG 40 blocks,sa,56,56,7,1
sk_01,B109517,17,1,MASc PG 40 blocks,sa,56,56,7,1
sk_01,B120266,17,1,MASc PG 40 blocks,sa,56,56,7,1
sk_01,B127158,17,1,MASc PG 40 blocks,sa,56,56,7,1
sk_02,B109340,17,1,MASc PG 40 blocks,sa,56,56,7,1
sk_02,B109915,17,1,MASc PG 40 blocks,sa,56,56,7,1
sk_02,B110288,17,1,MASc PG 40 blocks,sa,56,56,7,1
sk_03,B109915,17,1,MASc PG 40 blocks,sa,56,56,7,1
sk_03,B113324,17,1,MASc PG 40 blocks,sa,56,56,7,1
sk_03,B120266,17,1,MASc PG 40 blocks,sa,56,56,7,1
sk_04,B108339,17,1,MASc PG 40 blocks,sa,56,56,7,1
sk_04,B109915,17,1,MASc PG 40 blocks,sa,56,56,7,1
sk_04,B110288,17,1,MASc PG 40 blocks,sa,56,56,7,1
sk_05,B110471,17,1,MASc PG 40 blocks,sa,56,56,7,1
sk_05,B111480,17,1,MASc PG 40 blocks,sa,56,56,7,1
sk_05,B112990,17,1,MASc PG 40 blocks,sa,56,56,7,1
sk_06,B108339,17,1,MASc PG 40 blocks,sa,56,56,7,1
sk_06,B109915,17,1,MASc PG 40 blocks,sa,56,56,7,1
sk_06,B120266,17,1,MASc PG 40 blocks,sa,56,56,7,1
fb_01,B111410,18,1,MASc PG 40 blocks,sa,56,56,7,1
fb_01,B111480,18,1,MASc PG 40 blocks,sa,56,56,7,1
fb_01,B111480,18,1,MASc PG 40 blocks,sa,56,56,7,1
fb_02,B121154,18,1,MASc PG 40 blocks,sa,56,56,7,1
fb_02,B126589,18,1,MASc PG 40 blocks,sa,56,56,7,1
fb_02,B126869,18,1,MASc PG 40 blocks,sa,56,56,7,1
fb_03,B145584,18,1,MASc PG 40 blocks,sa,56,56,7,1
fb_03,B42891,18,1,MASc PG 40 blocks,sa,56,56,7,1
fb_03,B44010,18,1,MASc PG 40 blocks,sa,56,56,7,1
fb_04,B111867,18,1,MASc PG 40 blocks,sa,56,56,7,1
fb_04,B126492,18,1,MASc PG 40 blocks,sa,56,56,7,1
fb_04,B126869,18,1,MASc PG 40 blocks,sa,56,56,7,1
fb_05,B113324,18,1,MASc PG 40 blocks,sa,56,56,7,1
fb_05,B114477,18,1,MASc PG 40 blocks,sa,56,56,7,1
fb_05,B120266,18,1,MASc PG 40 blocks,sa,56,56,7,1
fb_06,B111480,18,1,MASc PG 40 blocks,sa,56,56,7,1
fb_06,B111867,18,1,MASc PG 40 blocks,sa,56,56,7,1
fb_06,B126413,18,1,MASc PG 40 blocks,sa,56,56,7,1
ld_01,B109915,18,1,MASc PG 40 blocks,sa,56,56,7,1
ld_02,B68233,18,1,MASc PG 40 blocks,sa,56,56,7,1
ld_03,B107189,18,1,MASc PG 40 blocks,sa,56,56,7,1
ld_04,B108124,18,1,MASc PG 40 blocks,sa,56,56,7,1
pr_01,B108339,18,1,MASc PG 40 blocks,sa,56,56,7,1
pr_01,B110288,18,1,MASc PG 40 blocks,sa,56,56,7,1
pr_02,B109915,18,1,MASc PG 40 blocks,sa,56,56,7,1
pr_02,B127158,18,1,MASc PG 40 blocks,sa,56,56,7,1
pr_03,B108339,18,1,MASc PG 40 blocks,sa,56,56,7,1
pr_03,B109915,18,1,MASc PG 40 blocks,sa,56,56,7,1
pr_04,B112990,18,1,MASc PG 40 blocks,sa,56,56,7,1
pr_05,B120266,18,1,MASc PG 40 blocks,sa,56,56,7,1
pr_06,B120266,18,1,MASc PG 40 blocks,sa,56,56,7,1
sk_01,B109915,18,1,MASc PG 40 blocks,sa,56,56,7,1
sk_01,B127158,18,1,MASc PG 40 blocks,sa,56,56,7,1
sk_01,B127158,18,1,MASc PG 40 blocks,sa,56,56,7,1
sk_02,B110471,18,1,MASc PG 40 blocks,sa,56,56,7,1
sk_02,B111480,18,1,MASc PG 40 blocks,sa,56,56,7,1
sk_02,B112990,18,1,MASc PG 40 blocks,sa,56,56,7,1
sk_03,B109915,18,1,MASc PG 40 blocks,sa,56,56,7,1
sk_03,B126589,18,1,MASc PG 40 blocks,sa,56,56,7,1
sk_03,B126869,18,1,MASc PG 40 blocks,sa,56,56,7,1
sk_04,B109340,18,1,MASc PG 40 blocks,sa,56,56,7,1
sk_04,B109915,18,1,MASc PG 40 blocks,sa,56,56,7,1
sk_04,B110288,18,1,MASc PG 40 blocks,sa,56,56,7,1
sk_05,B113324,18,1,MASc PG 40 blocks,sa,56,56,7,1
sk_05,B120266,18,1,MASc PG 40 blocks,sa,56,56,7,1
sk_05,B126413,18,1,MASc PG 40 blocks,sa,56,56,7,1
sk_06,B109915,18,1,MASc PG 40 blocks,sa,56,56,7,1
sk_06,B120266,18,1,MASc PG 40 blocks,sa,56,56,7,1
sk_06,B127158,18,1,MASc PG 40 blocks,sa,56,56,7,1
fb_01,B112038,19,1,MASc PG 40 blocks,sa,56,56,7,1
fb_01,B112990,19,1,MASc PG 40 blocks,sa,56,56,7,1
fb_01,B127158,19,1,MASc PG 40 blocks,sa,56,56,7,1
fb_02,B112990,19,1,MASc PG 40 blocks,sa,56,56,7,1
fb_02,B127158,19,1,MASc PG 40 blocks,sa,56,56,7,1
fb_02,B145584,19,1,MASc PG 40 blocks,sa,56,56,7,1
fb_03,B107189,19,1,MASc PG 40 blocks,sa,56,56,7,1
fb_03,B55424,19,1,MASc PG 40 blocks,sa,56,56,7,1
fb_03,B68233,19,1,MASc PG 40 blocks,sa,56,56,7,1
fb_04,B127158,19,1,MASc PG 40 blocks,sa,56,56,7,1
fb_04,B145584,19,1,MASc PG 40 blocks,sa,56,56,7,1
fb_04,B42891,19,1,MASc PG 40 blocks,sa,56,56,7,1
fb_05,B126413,19,1,MASc PG 40 blocks,sa,56,56,7,1
fb_05,B126589,19,1,MASc PG 40 blocks,sa,56,56,7,1
fb_05,B127158,19,1,MASc PG 40 blocks,sa,56,56,7,1
fb_06,B111480,19,1,MASc PG 40 blocks,sa,56,56,7,1
fb_06,B145584,19,1,MASc PG 40 blocks,sa,56,56,7,1
fb_06,B55424,19,1,MASc PG 40 blocks,sa,56,56,7,1
ld_01,B108339,19,1,MASc PG 40 blocks,sa,56,56,7,1
ld_01,B109915,19,1,MASc PG 40 blocks,sa,56,56,7,1
ld_02,B109915,19,1,MASc PG 40 blocks,sa,56,56,7,1
ld_03,B120266,19,1,MASc PG 40 blocks,sa,56,56,7,1
ld_04,B120266,19,1,MASc PG 40 blocks,sa,56,56,7,1
ld_05,B110288,19,1,MASc PG 40 blocks,sa,56,56,7,1
ld_06,B112990,19,1,MASc PG 40 blocks,sa,56,56,7,1
pr_01,B111480,19,1,MASc PG 40 blocks,sa,56,56,7,1
pr_01,B113324,19,1,MASc PG 40 blocks,sa,56,56,7,1
pr_02,B109340,19,1,MASc PG 40 blocks,sa,56,56,7,1
pr_02,B109915,19,1,MASc PG 40 blocks,sa,56,56,7,1
pr_03,B109915,19,1,MASc PG 40 blocks,sa,56,56,7,1
pr_03,B127158,19,1,MASc PG 40 blocks,sa,56,56,7,1
pr_04,B120266,19,1,MASc PG 40 blocks,sa,56,56,7,1
pr_04,B127158,19,1,MASc PG 40 blocks,sa,56,56,7,1
pr_05,B109915,19,1,MASc PG 40 blocks,sa,56,56,7,1
pr_06,B110471,19,1,MASc PG 40 blocks,sa,56,56,7,1
sk_01,B111867,19,1,MASc PG 40 blocks,sa,56,56,7,1
sk_01,B111867,19,1,MASc PG 40 blocks,sa,56,56,7,1
sk_01,B42891,19,1,MASc PG 40 blocks,sa,56,56,7,1
sk_02,B113324,19,1,MASc PG 40 blocks,sa,56,56,7,1
sk_02,B120266,19,1,MASc PG 40 blocks,sa,56,56,7,1
sk_02,B126413,19,1,MASc PG 40 blocks,sa,56,56,7,1
sk_03,B111867,19,1,MASc PG 40 blocks,sa,56,56,7,1
sk_03,B111867,19,1,MASc PG 40 blocks,sa,56,56,7,1
sk_03,B145584,19,1,MASc PG 40 blocks,sa,56,56,7,1
sk_04,B110471,19,1,MASc PG 40 blocks,sa,56,56,7,1
sk_04,B111480,19,1,MASc PG 40 blocks,sa,56,56,7,1
sk_04,B112990,19,1,MASc PG 40 blocks,sa,56,56,7,1
sk_05,B111867,19,1,MASc PG 40 blocks,sa,56,56,7,1
sk_05,B126869,19,1,MASc PG 40 blocks,sa,56,56,7,1
sk_05,B44010,19,1,MASc PG 40 blocks,sa,56,56,7,1
sk_06,B109340,19,1,MASc PG 40 blocks,sa,56,56,7,1
sk_06,B110288,19,1,MASc PG 40 blocks,sa,56,56,7,1
sk_06,B111867,19,1,MASc PG 40 blocks,sa,56,56,7,1
fb_01,B114477,20,1,MASc PG 40 blocks,sa,56,56,7,1
fb_01,B114861,20,1,MASc PG 40 blocks,sa,56,56,7,1
fb_01,B120266,20,1,MASc PG 40 blocks,sa,56,56,7,1
fb_02,B42891,20,1,MASc PG 40 blocks,sa,56,56,7,1
fb_02,B44010,20,1,MASc PG 40 blocks,sa,56,56,7,1
fb_02,B45231,20,1,MASc PG 40 blocks,sa,56,56,7,1
fb_03,B108060,20,1,MASc PG 40 blocks,sa,56,56,7,1
fb_03,B108124,20,1,MASc PG 40 blocks,sa,56,56,7,1
fb_03,B127158,20,1,MASc PG 40 blocks,sa,56,56,7,1
fb_04,B126413,20,1,MASc PG 40 blocks,sa,56,56,7,1
fb_04,B44010,20,1,MASc PG 40 blocks,sa,56,56,7,1
fb_04,B68233,20,1,MASc PG 40 blocks,sa,56,56,7,1
fb_05,B127158,20,1,MASc PG 40 blocks,sa,56,56,7,1
fb_05,B145584,20,1,MASc PG 40 blocks,sa,56,56,7,1
fb_05,B42891,20,1,MASc PG 40 blocks,sa,56,56,7,1
fb_06,B107189,20,1,MASc PG 40 blocks,sa,56,56,7,1
fb_06,B109915,20,1,MASc PG 40 blocks,sa,56,56,7,1
fb_06,B126589,20,1,MASc PG 40 blocks,sa,56,56,7,1
ld_01,B109915,20,1,MASc PG 40 blocks,sa,56,56,7,1
ld_01,B127158,20,1,MASc PG 40 blocks,sa,56,56,7,1
ld_02,B109915,20,1,MASc PG 40 blocks,sa,56,56,7,1
ld_02,B109915,20,1,MASc PG 40 blocks,sa,56,56,7,1
ld_03,B111480,20,1,MASc PG 40 blocks,sa,56,56,7,1
ld_03,B120266,20,1,MASc PG 40 blocks,sa,56,56,7,1
ld_04,B109340,20,1,MASc PG 40 blocks,sa,56,56,7,1
ld_04,B127158,20,1,MASc PG 40 blocks,sa,56,56,7,1
ld_05,B113324,20,1,MASc PG 40 blocks,sa,56,56,7,1
ld_06,B110471,20,1,MASc PG 40 blocks,sa,56,56,7,1
pr_01,B111867,20,1,MASc PG 40 blocks,sa,56,56,7,1
pr_01,B126413,20,1,MASc PG 40 blocks,sa,56,56,7,1
pr_02,B111867,20,1,MASc PG 40 blocks,sa,56,56,7,1
pr_02,B112990,20,1,MASc PG 40 blocks,sa,56,56,7,1
pr_03,B126869,20,1,MASc PG 40 blocks,sa,56,56,7,1
pr_03,B42891,20,1,MASc PG 40 blocks,sa,56,56,7,1
pr_04,B44010,20,1,MASc PG 40 blocks,sa,56,56,7,1
pr_05,B120266,20,1,MASc PG 40 blocks,sa,56,56,7,1
pr_06,B110288,20,1,MASc PG 40 blocks,sa,56,56,7,1
sk_01,B42891,20,1,MASc PG 40 blocks,sa,56,56,7,1
sk_01,B55424,20,1,MASc PG 40 blocks,sa,56,56,7,1
sk_01,B55424,20,1,MASc PG 40 blocks,sa,56,56,7,1
sk_02,B126589,20,1,MASc PG 40 blocks,sa,56,56,7,1
sk_02,B126869,20,1,MASc PG 40 blocks,sa,56,56,7,1
sk_02,B127158,20,1,MASc PG 40 blocks,sa,56,56,7,1
sk_03,B109340,20,1,MASc PG 40 blocks,sa,56,56,7,1
sk_03,B110288,20,1,MASc PG 40 blocks,sa,56,56,7,1
sk_03,B55424,20,1,MASc PG 40 blocks,sa,56,56,7,1
sk_04,B113324,20,1,MASc PG 40 blocks,sa,56,56,7,1
sk_04,B120266,20,1,MASc PG 40 blocks,sa,56,56,7,1
sk_04,B126413,20,1,MASc PG 40 blocks,sa,56,56,7,1
sk_05,B107189,20,1,MASc PG 40 blocks,sa,56,56,7,1
sk_05,B145584,20,1,MASc PG 40 blocks,sa,56,56,7,1
sk_05,B68233,20,1,MASc PG 40 blocks,sa,56,56,7,1
sk_06,B110471,20,1,MASc PG 40 blocks,sa,56,56,7,1
sk_06,B111480,20,1,MASc PG 40 blocks,sa,56,56,7,1
sk_06,B112990,20,1,MASc PG 40 blocks,sa,56,56,7,1
fb_01,B121455,21,1,MASc PG 40 blocks,sa,56,56,7,1
fb_01,B121928,21,1,MASc PG 40 blocks,sa,56,56,7,1
fb_01,B126869,21,1,MASc PG 40 blocks,sa,56,56,7,1
fb_02,B111480,21,1,MASc PG 40 blocks,sa,56,56,7,1
fb_02,B53160,21,1,MASc PG 40 blocks,sa,56,56,7,1
fb_02,B55424,21,1,MASc PG 40 blocks,sa,56,56,7,1
fb_03,B109915,21,1,MASc PG 40 blocks,sa,56,56,7,1
fb_03,B110288,21,1,MASc PG 40 blocks,sa,56,56,7,1
fb_03,B121928,21,1,MASc PG 40 blocks,sa,56,56,7,1
fb_04,B107189,21,1,MASc PG 40 blocks,sa,56,56,7,1
fb_04,B108339,21,1,MASc PG 40 blocks,sa,56,56,7,1
fb_04,B109340,21,1,MASc PG 40 blocks,sa,56,56,7,1
fb_05,B107189,21,1,MASc PG 40 blocks,sa,56,56,7,1
fb_05,B55424,21,1,MASc PG 40 blocks,sa,56,56,7,1
fb_05,B68233,21,1,MASc PG 40 blocks,sa,56,56,7,1
fb_06,B110288,21,1,MASc PG 40 blocks,sa,56,56,7,1
fb_06,B110471,21,1,MASc PG 40 blocks,sa,56,56,7,1
fb_06,B113324,21,1,MASc PG 40 blocks,sa,56,56,7,1
ld_01,B111867,21,1,MASc PG 40 blocks,sa,56,56,7,1
ld_01,B111867,21,1,MASc PG 40 blocks,sa,56,56,7,1
ld_02,B120266,21,1,MASc PG 40 blocks,sa,56,56,7,1
ld_03,B110288,21,1,MASc PG 40 blocks,sa,56,56,7,1
ld_04,B126869,21,1,MASc PG 40 blocks,sa,56,56,7,1
ld_05,B112990,21,1,MASc PG 40 blocks,sa,56,56,7,1
ld_06,B111867,21,1,MASc PG 40 blocks,sa,56,56,7,1
pr_01,B109340,21,1,MASc PG 40 blocks,sa,56,56,7,1
pr_01,B126589,21,1,MASc PG 40 blocks,sa,56,56,7,1
pr_01,B55424,21,1,MASc PG 40 blocks,sa,56,56,7,1
pr_02,B111480,21,1,MASc PG 40 blocks,sa,56,56,7,1
pr_02,B126413,21,1,MASc PG 40 blocks,sa,56,56,7,1
pr_02,B42891,21,1,MASc PG 40 blocks,sa,56,56,7,1
pr_03,B127158,21,1,MASc PG 40 blocks,sa,56,56,7,1
pr_03,B55424,21,1,MASc PG 40 blocks,sa,56,56,7,1
pr_03,B68233,21,1,MASc PG 40 blocks,sa,56,56,7,1
pr_04,B107189,21,1,MASc PG 40 blocks,sa,56,56,7,1
pr_04,B110471,21,1,MASc PG 40 blocks,sa,56,56,7,1
pr_05,B113324,21,1,MASc PG 40 blocks,sa,56,56,7,1
pr_05,B42891,21,1,MASc PG 40 blocks,sa,56,56,7,1
pr_06,B145584,21,1,MASc PG 40 blocks,sa,56,56,7,1
pr_06,B55424,21,1,MASc PG 40 blocks,sa,56,56,7,1
sk_01,B42891,21,1,MASc PG 40 blocks,sa,56,56,7,1
sk_01,B42891,21,1,MASc PG 40 blocks,sa,56,56,7,1
sk_01,B45231,21,1,MASc PG 40 blocks,sa,56,56,7,1
sk_02,B107189,21,1,MASc PG 40 blocks,sa,56,56,7,1
sk_02,B145584,21,1,MASc PG 40 blocks,sa,56,56,7,1
sk_02,B68233,21,1,MASc PG 40 blocks,sa,56,56,7,1
sk_03,B110471,21,1,MASc PG 40 blocks,sa,56,56,7,1
sk_03,B112990,21,1,MASc PG 40 blocks,sa,56,56,7,1
sk_03,B126869,21,1,MASc PG 40 blocks,sa,56,56,7,1
sk_04,B111480,21,1,MASc PG 40 blocks,sa,56,56,7,1
sk_04,B126589,21,1,MASc PG 40 blocks,sa,56,56,7,1
sk_04,B68233,21,1,MASc PG 40 blocks,sa,56,56,7,1
sk_05,B109340,21,1,MASc PG 40 blocks,sa,56,56,7,1
sk_05,B109915,21,1,MASc PG 40 blocks,sa,56,56,7,1
sk_05,B110288,21,1,MASc PG 40 blocks,sa,56,56,7,1
sk_06,B113324,21,1,MASc PG 40 blocks,sa,56,56,7,1
sk_06,B120266,21,1,MASc PG 40 blocks,sa,56,56,7,1
sk_06,B126413,21,1,MASc PG 40 blocks,sa,56,56,7,1
fb_01,B107189,22,1,MASc PG 40 blocks,sa,56,56,7,1
fb_01,B108060,22,1,MASc PG 40 blocks,sa,56,56,7,1
fb_01,B127158,22,1,MASc PG 40 blocks,sa,56,56,7,1
fb_02,B113324,22,1,MASc PG 40 blocks,sa,56,56,7,1
fb_02,B145584,22,1,MASc PG 40 blocks,sa,56,56,7,1
fb_02,B42891,22,1,MASc PG 40 blocks,sa,56,56,7,1
fb_03,B108060,22,1,MASc PG 40 blocks,sa,56,56,7,1
fb_03,B108124,22,1,MASc PG 40 blocks,sa,56,56,7,1
fb_03,B108339,22,1,MASc PG 40 blocks,sa,56,56,7,1
fb_04,B113324,22,1,MASc PG 40 blocks,sa,56,56,7,1
fb_04,B42891,22,1,MASc PG 40 blocks,sa,56,56,7,1
fb_04,B44010,22,1,MASc PG 40 blocks,sa,56,56,7,1
fb_05,B109915,22,1,MASc PG 40 blocks,sa,56,56,7,1
fb_05,B112990,22,1,MASc PG 40 blocks,sa,56,56,7,1
fb_05,B127158,22,1,MASc PG 40 blocks,sa,56,56,7,1
fb_06,B108339,22,1,MASc PG 40 blocks,sa,56,56,7,1
fb_06,B110288,22,1,MASc PG 40 blocks,sa,56,56,7,1
fb_06,B145584,22,1,MASc PG 40 blocks,sa,56,56,7,1
fb_01,B108339,23,1,MASc PG 40 blocks,sa,56,56,7,1
fb_01,B109340,23,1,MASc PG 40 blocks,sa,56,56,7,1
fb_01,B111410,23,1,MASc PG 40 blocks,sa,56,56,7,1
fb_02,B44010,23,1,MASc PG 40 blocks,sa,56,56,7,1
fb_02,B45231,23,1,MASc PG 40 blocks,sa,56,56,7,1
fb_02,B53160,23,1,MASc PG 40 blocks,sa,56,56,7,1
fb_03,B109915,23,1,MASc PG 40 blocks,sa,56,56,7,1
fb_03,B110288,23,1,MASc PG 40 blocks,sa,56,56,7,1
fb_03,B121154,23,1,MASc PG 40 blocks,sa,56,56,7,1
fb_04,B107189,23,1,MASc PG 40 blocks,sa,56,56,7,1
fb_04,B126589,23,1,MASc PG 40 blocks,sa,56,56,7,1
fb_04,B68233,23,1,MASc PG 40 blocks,sa,56,56,7,1
fb_05,B109517,23,1,MASc PG 40 blocks,sa,56,56,7,1
fb_05,B110288,23,1,MASc PG 40 blocks,sa,56,56,7,1
fb_05,B127158,23,1,MASc PG 40 blocks,sa,56,56,7,1
fb_06,B110471,23,1,MASc PG 40 blocks,sa,56,56,7,1
fb_06,B111410,23,1,MASc PG 40 blocks,sa,56,56,7,1
fb_06,B121154,23,1,MASc PG 40 blocks,sa,56,56,7,1
sk_01,B108060,23,1,MASc PG 40 blocks,sa,56,56,7,1
sk_01,B108339,23,1,MASc PG 40 blocks,sa,56,56,7,1
sk_01,B42891,23,1,MASc PG 40 blocks,sa,56,56,7,1
sk_02,B108124,23,1,MASc PG 40 blocks,sa,56,56,7,1
sk_02,B127158,23,1,MASc PG 40 blocks,sa,56,56,7,1
sk_02,B42891,23,1,MASc PG 40 blocks,sa,56,56,7,1
sk_03,B107189,23,1,MASc PG 40 blocks,sa,56,56,7,1
sk_03,B127158,23,1,MASc PG 40 blocks,sa,56,56,7,1
sk_03,B44010,23,1,MASc PG 40 blocks,sa,56,56,7,1
sk_04,B108124,23,1,MASc PG 40 blocks,sa,56,56,7,1
sk_04,B109915,23,1,MASc PG 40 blocks,sa,56,56,7,1
sk_04,B127158,23,1,MASc PG 40 blocks,sa,56,56,7,1
sk_05,B108060,23,1,MASc PG 40 blocks,sa,56,56,7,1
sk_05,B108339,23,1,MASc PG 40 blocks,sa,56,56,7,1
sk_05,B127158,23,1,MASc PG 40 blocks,sa,56,56,7,1
sk_06,B108060,23,1,MASc PG 40 blocks,sa,56,56,7,1
sk_06,B108339,23,1,MASc PG 40 blocks,sa,56,56,7,1
sk_06,B145584,23,1,MASc PG 40 blocks,sa,56,56,7,1
fb_01,B109915,24,1,MASc PG 40 blocks,sa,56,56,7,1
fb_01,B110288,24,1,MASc PG 40 blocks,sa,56,56,7,1
fb_01,B110471,24,1,MASc PG 40 blocks,sa,56,56,7,1
fb_02,B55424,24,1,MASc PG 40 blocks,sa,56,56,7,1
fb_02,B65573,24,1,MASc PG 40 blocks,sa,56,56,7,1
fb_02,B68233,24,1,MASc PG 40 blocks,sa,56,56,7,1
fb_03,B111480,24,1,MASc PG 40 blocks,sa,56,56,7,1
fb_03,B111867,24,1,MASc PG 40 blocks,sa,56,56,7,1
fb_03,B112038,24,1,MASc PG 40 blocks,sa,56,56,7,1
fb_04,B108060,24,1,MASc PG 40 blocks,sa,56,56,7,1
fb_04,B108124,24,1,MASc PG 40 blocks,sa,56,56,7,1
fb_04,B108339,24,1,MASc PG 40 blocks,sa,56,56,7,1
fb_05,B111480,24,1,MASc PG 40 blocks,sa,56,56,7,1
fb_05,B112038,24,1,MASc PG 40 blocks,sa,56,56,7,1
fb_05,B112990,24,1,MASc PG 40 blocks,sa,56,56,7,1
fb_06,B111867,24,1,MASc PG 40 blocks,sa,56,56,7,1
fb_06,B126589,24,1,MASc PG 40 blocks,sa,56,56,7,1
fb_06,B126589,24,1,MASc PG 40 blocks,sa,56,56,7,1
pr_01,B108060,24,1,MASc PG 40 blocks,sa,56,56,7,1
pr_01,B108124,24,1,MASc PG 40 blocks,sa,56,56,7,1
pr_02,B108060,24,1,MASc PG 40 blocks,sa,56,56,7,1
pr_02,B44010,24,1,MASc PG 40 blocks,sa,56,56,7,1
pr_03,B108339,24,1,MASc PG 40 blocks,sa,56,56,7,1
pr_03,B127158,24,1,MASc PG 40 blocks,sa,56,56,7,1
pr_04,B108339,24,1,MASc PG 40 blocks,sa,56,56,7,1
pr_04,B42891,24,1,MASc PG 40 blocks,sa,56,56,7,1
pr_05,B127158,24,1,MASc PG 40 blocks,sa,56,56,7,1
pr_05,B42891,24,1,MASc PG 40 blocks,sa,56,56,7,1
pr_06,B108060,24,1,MASc PG 40 blocks,sa,56,56,7,1
pr_06,B42891,24,1,MASc PG 40 blocks,sa,56,56,7,1
sk_01,B107189,24,1,MASc PG 40 blocks,sa,56,56,7,1
sk_01,B44010,24,1,MASc PG 40 blocks,sa,56,56,7,1
sk_01,B53160,24,1,MASc PG 40 blocks,sa,56,56,7,1
sk_02,B107189,24,1,MASc PG 40 blocks,sa,56,56,7,1
sk_02,B109340,24,1,MASc PG 40 blocks,sa,56,56,7,1
sk_02,B68233,24,1,MASc PG 40 blocks,sa,56,56,7,1
sk_03,B109915,24,1,MASc PG 40 blocks,sa,56,56,7,1
sk_03,B110288,24,1,MASc PG 40 blocks,sa,56,56,7,1
sk_03,B110471,24,1,MASc PG 40 blocks,sa,56,56,7,1
sk_04,B109517,24,1,MASc PG 40 blocks,sa,56,56,7,1
sk_04,B111410,24,1,MASc PG 40 blocks,sa,56,56,7,1
sk_04,B68233,24,1,MASc PG 40 blocks,sa,56,56,7,1
sk_05,B108339,24,1,MASc PG 40 blocks,sa,56,56,7,1
sk_05,B45231,24,1,MASc PG 40 blocks,sa,56,56,7,1
sk_05,B68233,24,1,MASc PG 40 blocks,sa,56,56,7,1
sk_06,B108339,24,1,MASc PG 40 blocks,sa,56,56,7,1
sk_06,B127158,24,1,MASc PG 40 blocks,sa,56,56,7,1
sk_06,B44010,24,1,MASc PG 40 blocks,sa,56,56,7,1
fb_01,B107189,25,1,MASc PG 40 blocks,sa,56,56,7,1
fb_01,B111410,25,1,MASc PG 40 blocks,sa,56,56,7,1
fb_01,B127158,25,1,MASc PG 40 blocks,sa,56,56,7,1
fb_02,B107189,25,1,MASc PG 40 blocks,sa,56,56,7,1
fb_02,B108124,25,1,MASc PG 40 blocks,sa,56,56,7,1
fb_02,B109915,25,1,MASc PG 40 blocks,sa,56,56,7,1
fb_03,B112038,25,1,MASc PG 40 blocks,sa,56,56,7,1
fb_03,B126589,25,1,MASc PG 40 blocks,sa,56,56,7,1
fb_03,B145584,25,1,MASc PG 40 blocks,sa,56,56,7,1
fb_04,B108060,25,1,MASc PG 40 blocks,sa,56,56,7,1
fb_04,B110288,25,1,MASc PG 40 blocks,sa,56,56,7,1
fb_04,B126589,25,1,MASc PG 40 blocks,sa,56,56,7,1
fb_05,B113324,25,1,MASc PG 40 blocks,sa,56,56,7,1
fb_05,B114477,25,1,MASc PG 40 blocks,sa,56,56,7,1
fb_05,B120266,25,1,MASc PG 40 blocks,sa,56,56,7,1
fb_06,B111480,25,1,MASc PG 40 blocks,sa,56,56,7,1
fb_06,B114477,25,1,MASc PG 40 blocks,sa,56,56,7,1
fb_06,B120266,25,1,MASc PG 40 blocks,sa,56,56,7,1
ld_01,B108060,25,1,MASc PG 40 blocks,sa,56,56,7,1
ld_01,B127158,25,1,MASc PG 40 blocks,sa,56,56,7,1
ld_02,B42891,25,1,MASc PG 40 blocks,sa,56,56,7,1
ld_03,B42891,25,1,MASc PG 40 blocks,sa,56,56,7,1
ld_04,B108124,25,1,MASc PG 40 blocks,sa,56,56,7,1
ld_05,B108339,25,1,MASc PG 40 blocks,sa,56,56,7,1
ld_06,B108060,25,1,MASc PG 40 blocks,sa,56,56,7,1
pr_01,B108339,25,1,MASc PG 40 blocks,sa,56,56,7,1
pr_01,B109915,25,1,MASc PG 40 blocks,sa,56,56,7,1
pr_02,B107189,25,1,MASc PG 40 blocks,sa,56,56,7,1
pr_02,B45231,25,1,MASc PG 40 blocks,sa,56,56,7,1
pr_03,B107189,25,1,MASc PG 40 blocks,sa,56,56,7,1
pr_03,B68233,25,1,MASc PG 40 blocks,sa,56,56,7,1
pr_04,B44010,25,1,MASc PG 40 blocks,sa,56,56,7,1
pr_04,B53160,25,1,MASc PG 40 blocks,sa,56,56,7,1
pr_05,B108339,25,1,MASc PG 40 blocks,sa,56,56,7,1
pr_05,B44010,25,1,MASc PG 40 blocks,sa,56,56,7,1
pr_06,B127158,25,1,MASc PG 40 blocks,sa,56,56,7,1
sk_01,B108124,25,1,MASc PG 40 blocks,sa,56,56,7,1
sk_01,B108339,25,1,MASc PG 40 blocks,sa,56,56,7,1
sk_01,B65573,25,1,MASc PG 40 blocks,sa,56,56,7,1
sk_02,B109915,25,1,MASc PG 40 blocks,sa,56,56,7,1
sk_02,B110288,25,1,MASc PG 40 blocks,sa,56,56,7,1
sk_02,B110471,25,1,MASc PG 40 blocks,sa,56,56,7,1
sk_03,B111410,25,1,MASc PG 40 blocks,sa,56,56,7,1
sk_03,B111480,25,1,MASc PG 40 blocks,sa,56,56,7,1
sk_03,B112990,25,1,MASc PG 40 blocks,sa,56,56,7,1
sk_04,B108339,25,1,MASc PG 40 blocks,sa,56,56,7,1
sk_04,B55424,25,1,MASc PG 40 blocks,sa,56,56,7,1
sk_04,B65573,25,1,MASc PG 40 blocks,sa,56,56,7,1
sk_05,B108060,25,1,MASc PG 40 blocks,sa,56,56,7,1
sk_05,B112990,25,1,MASc PG 40 blocks,sa,56,56,7,1
sk_05,B68233,25,1,MASc PG 40 blocks,sa,56,56,7,1
sk_06,B108124,25,1,MASc PG 40 blocks,sa,56,56,7,1
sk_06,B111867,25,1,MASc PG 40 blocks,sa,56,56,7,1
sk_06,B68233,25,1,MASc PG 40 blocks,sa,56,56,7,1
fb_01,B126589,26,1,MASc PG 40 blocks,sa,56,56,7,1
fb_01,B127158,26,1,MASc PG 40 blocks,sa,56,56,7,1
fb_01,B127158,26,1,MASc PG 40 blocks,sa,56,56,7,1
fb_02,B109517,26,1,MASc PG 40 blocks,sa,56,56,7,1
fb_02,B111480,26,1,MASc PG 40 blocks,sa,56,56,7,1
fb_02,B126413,26,1,MASc PG 40 blocks,sa,56,56,7,1
fb_03,B108060,26,1,MASc PG 40 blocks,sa,56,56,7,1
fb_03,B114477,26,1,MASc PG 40 blocks,sa,56,56,7,1
fb_03,B127158,26,1,MASc PG 40 blocks,sa,56,56,7,1
fb_04,B110471,26,1,MASc PG 40 blocks,sa,56,56,7,1
fb_04,B111410,26,1,MASc PG 40 blocks,sa,56,56,7,1
fb_04,B111480,26,1,MASc PG 40 blocks,sa,56,56,7,1
fb_05,B108339,26,1,MASc PG 40 blocks,sa,56,56,7,1
fb_05,B126589,26,1,MASc PG 40 blocks,sa,56,56,7,1
fb_05,B126869,26,1,MASc PG 40 blocks,sa,56,56,7,1
fb_06,B126589,26,1,MASc PG 40 blocks,sa,56,56,7,1
fb_06,B126869,26,1,MASc PG 40 blocks,sa,56,56,7,1
fb_06,B127158,26,1,MASc PG 40 blocks,sa,56,56,7,1
ld_01,B109915,26,1,MASc PG 40 blocks,sa,56,56,7,1
ld_01,B45231,26,1,MASc PG 40 blocks,sa,56,56,7,1
ld_02,B127158,26,1,MASc PG 40 blocks,sa,56,56,7,1
ld_02,B68233,26,1,MASc PG 40 blocks,sa,56,56,7,1
ld_03,B108339,26,1,MASc PG 40 blocks,sa,56,56,7,1
ld_04,B107189,26,1,MASc PG 40 blocks,sa,56,56,7,1
ld_05,B44010,26,1,MASc PG 40 blocks,sa,56,56,7,1
ld_06,B44010,26,1,MASc PG 40 blocks,sa,56,56,7,1
pr_01,B112990,26,1,MASc PG 40 blocks,sa,56,56,7,1
pr_01,B65573,26,1,MASc PG 40 blocks,sa,56,56,7,1
pr_02,B108060,26,1,MASc PG 40 blocks,sa,56,56,7,1
pr_02,B110288,26,1,MASc PG 40 blocks,sa,56,56,7,1
pr_03,B108339,26,1,MASc PG 40 blocks,sa,56,56,7,1
pr_03,B68233,26,1,MASc PG 40 blocks,sa,56,56,7,1
pr_04,B108339,26,1,MASc PG 40 blocks,sa,56,56,7,1
pr_04,B110471,26,1,MASc PG 40 blocks,sa,56,56,7,1
pr_05,B108124,26,1,MASc PG 40 blocks,sa,56,56,7,1
pr_05,B55424,26,1,MASc PG 40 blocks,sa,56,56,7,1
pr_06,B108124,26,1,MASc PG 40 blocks,sa,56,56,7,1
pr_06,B111410,26,1,MASc PG 40 blocks,sa,56,56,7,1
sk_01,B108060,26,1,MASc PG 40 blocks,sa,56,56,7,1
sk_01,B108124,26,1,MASc PG 40 blocks,sa,56,56,7,1
sk_01,B111867,26,1,MASc PG 40 blocks,sa,56,56,7,1
sk_02,B111410,26,1,MASc PG 40 blocks,sa,56,56,7,1
sk_02,B111480,26,1,MASc PG 40 blocks,sa,56,56,7,1
sk_02,B112990,26,1,MASc PG 40 blocks,sa,56,56,7,1
sk_03,B107189,26,1,MASc PG 40 blocks,sa,56,56,7,1
sk_03,B111867,26,1,MASc PG 40 blocks,sa,56,56,7,1
sk_03,B120266,26,1,MASc PG 40 blocks,sa,56,56,7,1
sk_04,B108060,26,1,MASc PG 40 blocks,sa,56,56,7,1
sk_04,B108124,26,1,MASc PG 40 blocks,sa,56,56,7,1
sk_04,B111867,26,1,MASc PG 40 blocks,sa,56,56,7,1
sk_05,B108124,26,1,MASc PG 40 blocks,sa,56,56,7,1
sk_05,B145584,26,1,MASc PG 40 blocks,sa,56,56,7,1
sk_05,B68233,26,1,MASc PG 40 blocks,sa,56,56,7,1
sk_06,B109340,26,1,MASc PG 40 blocks,sa,56,56,7,1
sk_06,B109915,26,1,MASc PG 40 blocks,sa,56,56,7,1
sk_06,B113324,26,1,MASc PG 40 blocks,sa,56,56,7,1
fb_01,B110288,27,1,MASc PG 40 blocks,sa,56,56,7,1
fb_01,B111480,27,1,MASc PG 40 blocks,sa,56,56,7,1
fb_01,B120266,27,1,MASc PG 40 blocks,sa,56,56,7,1
fb_02,B109915,27,1,MASc PG 40 blocks,sa,56,56,7,1
fb_02,B110471,27,1,MASc PG 40 blocks,sa,56,56,7,1
fb_02,B111480,27,1,MASc PG 40 blocks,sa,56,56,7,1
fb_03,B121928,27,1,MASc PG 40 blocks,sa,56,56,7,1
fb_03,B124193,27,1,MASc PG 40 blocks,sa,56,56,7,1
fb_03,B126413,27,1,MASc PG 40 blocks,sa,56,56,7,1
fb_04,B112038,27,1,MASc PG 40 blocks,sa,56,56,7,1
fb_04,B112990,27,1,MASc PG 40 blocks,sa,56,56,7,1
fb_04,B113324,27,1,MASc PG 40 blocks,sa,56,56,7,1
fb_05,B127158,27,1,MASc PG 40 blocks,sa,56,56,7,1
fb_05,B145584,27,1,MASc PG 40 blocks,sa,56,56,7,1
fb_05,B42891,27,1,MASc PG 40 blocks,sa,56,56,7,1
fb_06,B127158,27,1,MASc PG 40 blocks,sa,56,56,7,1
fb_06,B127158,27,1,MASc PG 40 blocks,sa,56,56,7,1
fb_06,B145584,27,1,MASc PG 40 blocks,sa,56,56,7,1
ld_01,B108124,27,1,MASc PG 40 blocks,sa,56,56,7,1
ld_01,B110288,27,1,MASc PG 40 blocks,sa,56,56,7,1
ld_02,B65573,27,1,MASc PG 40 blocks,sa,56,56,7,1
ld_02,B68233,27,1,MASc PG 40 blocks,sa,56,56,7,1
ld_03,B108124,27,1,MASc PG 40 blocks,sa,56,56,7,1
ld_03,B110471,27,1,MASc PG 40 blocks,sa,56,56,7,1
ld_04,B108060,27,1,MASc PG 40 blocks,sa,56,56,7,1
ld_04,B112990,27,1,MASc PG 40 blocks,sa,56,56,7,1
ld_05,B108339,27,1,MASc PG 40 blocks,sa,56,56,7,1
ld_06,B108339,27,1,MASc PG 40 blocks,sa,56,56,7,1
pr_01,B108060,27,1,MASc PG 40 blocks,sa,56,56,7,1
pr_01,B111867,27,1,MASc PG 40 blocks,sa,56,56,7,1
pr_02,B108060,27,1,MASc PG 40 blocks,sa,56,56,7,1
pr_02,B68233,27,1,MASc PG 40 blocks,sa,56,56,7,1
pr_03,B107189,27,1,MASc PG 40 blocks,sa,56,56,7,1
pr_03,B108124,27,1,MASc PG 40 blocks,sa,56,56,7,1
pr_04,B109915,27,1,MASc PG 40 blocks,sa,56,56,7,1
pr_05,B108124,27,1,MASc PG 40 blocks,sa,56,56,7,1
pr_06,B145584,27,1,MASc PG 40 blocks,sa,56,56,7,1
sk_01,B108339,27,1,MASc PG 40 blocks,sa,56,56,7,1
sk_01,B109517,27,1,MASc PG 40 blocks,sa,56,56,7,1
sk_01,B127158,27,1,MASc PG 40 blocks,sa,56,56,7,1
sk_02,B109517,27,1,MASc PG 40 blocks,sa,56,56,7,1
sk_02,B120266,27,1,MASc PG 40 blocks,sa,56,56,7,1
sk_02,B126589,27,1,MASc PG 40 blocks,sa,56,56,7,1
sk_03,B126413,27,1,MASc PG 40 blocks,sa,56,56,7,1
sk_03,B126589,27,1,MASc PG 40 blocks,sa,56,56,7,1
sk_03,B126869,27,1,MASc PG 40 blocks,sa,56,56,7,1
sk_04,B108339,27,1,MASc PG 40 blocks,sa,56,56,7,1
sk_04,B111867,27,1,MASc PG 40 blocks,sa,56,56,7,1
sk_04,B126589,27,1,MASc PG 40 blocks,sa,56,56,7,1
sk_05,B107189,27,1,MASc PG 40 blocks,sa,56,56,7,1
sk_05,B109340,27,1,MASc PG 40 blocks,sa,56,56,7,1
sk_05,B109915,27,1,MASc PG 40 blocks,sa,56,56,7,1
sk_06,B110288,27,1,MASc PG 40 blocks,sa,56,56,7,1
sk_06,B110471,27,1,MASc PG 40 blocks,sa,56,56,7,1
sk_06,B111410,27,1,MASc PG 40 blocks,sa,56,56,7,1
fb_01,B121928,28,1,MASc PG 40 blocks,sa,56,56,7,1
fb_01,B127158,28,1,MASc PG 40 blocks,sa,56,56,7,1
fb_01,B127158,28,1,MASc PG 40 blocks,sa,56,56,7,1
fb_02,B111410,28,1,MASc PG 40 blocks,sa,56,56,7,1
fb_02,B111480,28,1,MASc PG 40 blocks,sa,56,56,7,1
fb_02,B127158,28,1,MASc PG 40 blocks,sa,56,56,7,1
fb_03,B111410,28,1,MASc PG 40 blocks,sa,56,56,7,1
fb_03,B112038,28,1,MASc PG 40 blocks,sa,56,56,7,1
fb_03,B126492,28,1,MASc PG 40 blocks,sa,56,56,7,1
fb_04,B120266,28,1,MASc PG 40 blocks,sa,56,56,7,1
fb_04,B126589,28,1,MASc PG 40 blocks,sa,56,56,7,1
fb_04,B42891,28,1,MASc PG 40 blocks,sa,56,56,7,1
fb_05,B107189,28,1,MASc PG 40 blocks,sa,56,56,7,1
fb_05,B55424,28,1,MASc PG 40 blocks,sa,56,56,7,1
fb_05,B68233,28,1,MASc PG 40 blocks,sa,56,56,7,1
fb_06,B107189,28,1,MASc PG 40 blocks,sa,56,56,7,1
fb_06,B55424,28,1,MASc PG 40 blocks,sa,56,56,7,1
fb_06,B68233,28,1,MASc PG 40 blocks,sa,56,56,7,1
ld_01,B109915,28,1,MASc PG 40 blocks,sa,56,56,7,1
ld_01,B111867,28,1,MASc PG 40 blocks,sa,56,56,7,1
ld_02,B68233,28,1,MASc PG 40 blocks,sa,56,56,7,1
ld_03,B108124,28,1,MASc PG 40 blocks,sa,56,56,7,1
ld_04,B108124,28,1,MASc PG 40 blocks,sa,56,56,7,1
ld_05,B107189,28,1,MASc PG 40 blocks,sa,56,56,7,1
ld_06,B108060,28,1,MASc PG 40 blocks,sa,56,56,7,1
pr_01,B108339,28,1,MASc PG 40 blocks,sa,56,56,7,1
pr_01,B109517,28,1,MASc PG 40 blocks,sa,56,56,7,1
pr_02,B108339,28,1,MASc PG 40 blocks,sa,56,56,7,1
pr_02,B109517,28,1,MASc PG 40 blocks,sa,56,56,7,1
pr_03,B109340,28,1,MASc PG 40 blocks,sa,56,56,7,1
pr_03,B111867,28,1,MASc PG 40 blocks,sa,56,56,7,1
pr_04,B111410,28,1,MASc PG 40 blocks,sa,56,56,7,1
pr_04,B127158,28,1,MASc PG 40 blocks,sa,56,56,7,1
pr_05,B120266,28,1,MASc PG 40 blocks,sa,56,56,7,1
pr_05,B126589,28,1,MASc PG 40 blocks,sa,56,56,7,1
pr_06,B107189,28,1,MASc PG 40 blocks,sa,56,56,7,1
pr_06,B126589,28,1,MASc PG 40 blocks,sa,56,56,7,1
sk_01,B108060,28,1,MASc PG 40 blocks,sa,56,56,7,1
sk_01,B108060,28,1,MASc PG 40 blocks,sa,56,56,7,1
sk_01,B42891,28,1,MASc PG 40 blocks,sa,56,56,7,1
sk_02,B126413,28,1,MASc PG 40 blocks,sa,56,56,7,1
sk_02,B126589,28,1,MASc PG 40 blocks,sa,56,56,7,1
sk_02,B126869,28,1,MASc PG 40 blocks,sa,56,56,7,1
sk_03,B127158,28,1,MASc PG 40 blocks,sa,56,56,7,1
sk_03,B127158,28,1,MASc PG 40 blocks,sa,56,56,7,1
sk_03,B145584,28,1,MASc PG 40 blocks,sa,56,56,7,1
sk_04,B109340,28,1,MASc PG 40 blocks,sa,56,56,7,1
sk_04,B109915,28,1,MASc PG 40 blocks,sa,56,56,7,1
sk_04,B111867,28,1,MASc PG 40 blocks,sa,56,56,7,1
sk_05,B110288,28,1,MASc PG 40 blocks,sa,56,56,7,1
sk_05,B110471,28,1,MASc PG 40 blocks,sa,56,56,7,1
sk_05,B111410,28,1,MASc PG 40 blocks,sa,56,56,7,1
sk_06,B111480,28,1,MASc PG 40 blocks,sa,56,56,7,1
sk_06,B112990,28,1,MASc PG 40 blocks,sa,56,56,7,1
sk_06,B113324,28,1,MASc PG 40 blocks,sa,56,56,7,1
fb_01,B108060,29,1,MASc PG 40 blocks,sa,56,56,7,1
fb_01,B108124,29,1,MASc PG 40 blocks,sa,56,56,7,1
fb_01,B126589,29,1,MASc PG 40 blocks,sa,56,56,7,1
fb_02,B108124,29,1,MASc PG 40 blocks,sa,56,56,7,1
fb_02,B110288,29,1,MASc PG 40 blocks,sa,56,56,7,1
fb_02,B110471,29,1,MASc PG 40 blocks,sa,56,56,7,1
fb_03,B126492,29,1,MASc PG 40 blocks,sa,56,56,7,1
fb_03,B126869,29,1,MASc PG 40 blocks,sa,56,56,7,1
fb_03,B45231,29,1,MASc PG 40 blocks,sa,56,56,7,1
fb_04,B120266,29,1,MASc PG 40 blocks,sa,56,56,7,1
fb_04,B121455,29,1,MASc PG 40 blocks,sa,56,56,7,1
fb_04,B121928,29,1,MASc PG 40 blocks,sa,56,56,7,1
fb_05,B108124,29,1,MASc PG 40 blocks,sa,56,56,7,1
fb_05,B109915,29,1,MASc PG 40 blocks,sa,56,56,7,1
fb_05,B127158,29,1,MASc PG 40 blocks,sa,56,56,7,1
fb_06,B108339,29,1,MASc PG 40 blocks,sa,56,56,7,1
fb_06,B109915,29,1,MASc PG 40 blocks,sa,56,56,7,1
fb_06,B127158,29,1,MASc PG 40 blocks,sa,56,56,7,1
fb_01,B108339,30,1,MASc PG 40 blocks,sa,56,56,7,1
fb_01,B111480,30,1,MASc PG 40 blocks,sa,56,56,7,1
fb_01,B126413,30,1,MASc PG 40 blocks,sa,56,56,7,1
fb_02,B111410,30,1,MASc PG 40 blocks,sa,56,56,7,1
fb_02,B112038,30,1,MASc PG 40 blocks,sa,56,56,7,1
fb_02,B121154,30,1,MASc PG 40 blocks,sa,56,56,7,1
fb_03,B126589,30,1,MASc PG 40 blocks,sa,56,56,7,1
fb_03,B127158,30,1,MASc PG 40 blocks,sa,56,56,7,1
fb_03,B145584,30,1,MASc PG 40 blocks,sa,56,56,7,1
fb_04,B109340,30,1,MASc PG 40 blocks,sa,56,56,7,1
fb_04,B126492,30,1,MASc PG 40 blocks,sa,56,56,7,1
fb_04,B127158,30,1,MASc PG 40 blocks,sa,56,56,7,1
fb_05,B126589,30,1,MASc PG 40 blocks,sa,56,56,7,1
fb_05,B126869,30,1,MASc PG 40 blocks,sa,56,56,7,1
fb_05,B127158,30,1,MASc PG 40 blocks,sa,56,56,7,1
fb_06,B110288,30,1,MASc PG 40 blocks,sa,56,56,7,1
fb_06,B110471,30,1,MASc PG 40 blocks,sa,56,56,7,1
fb_06,B127158,30,1,MASc PG 40 blocks,sa,56,56,7,1
sk_01,B108060,30,1,MASc PG 40 blocks,sa,56,56,7,1
sk_01,B108339,30,1,MASc PG 40 blocks,sa,56,56,7,1
sk_01,B109915,30,1,MASc PG 40 blocks,sa,56,56,7,1
sk_02,B108124,30,1,MASc PG 40 blocks,sa,56,56,7,1
sk_02,B108124,30,1,MASc PG 40 blocks,sa,56,56,7,1
sk_02,B109915,30,1,MASc PG 40 blocks,sa,56,56,7,1
sk_03,B126589,30,1,MASc PG 40 blocks,sa,56,56,7,1
sk_03,B126869,30,1,MASc PG 40 blocks,sa,56,56,7,1
sk_03,B45231,30,1,MASc PG 40 blocks,sa,56,56,7,1
sk_04,B120266,30,1,MASc PG 40 blocks,sa,56,56,7,1
sk_04,B121455,30,1,MASc PG 40 blocks,sa,56,56,7,1
sk_04,B121928,30,1,MASc PG 40 blocks,sa,56,56,7,1
sk_05,B108124,30,1,MASc PG 40 blocks,sa,56,56,7,1
sk_05,B108124,30,1,MASc PG 40 blocks,sa,56,56,7,1
sk_05,B126589,30,1,MASc PG 40 blocks,sa,56,56,7,1
sk_06,B109915,30,1,MASc PG 40 blocks,sa,56,56,7,1
sk_06,B110288,30,1,MASc PG 40 blocks,sa,56,56,7,1
sk_06,B110471,30,1,MASc PG 40 blocks,sa,56,56,7,1
fb_01,B109915,31,1,MASc PG 40 blocks,sa,56,56,7,1
fb_01,B110288,31,1,MASc PG 40 blocks,sa,56,56,7,1
fb_01,B110471,31,1,MASc PG 40 blocks,sa,56,56,7,1
fb_02,B113324,31,1,MASc PG 40 blocks,sa,56,56,7,1
fb_02,B114477,31,1,MASc PG 40 blocks,sa,56,56,7,1
fb_02,B121455,31,1,MASc PG 40 blocks,sa,56,56,7,1
fb_03,B42891,31,1,MASc PG 40 blocks,sa,56,56,7,1
fb_03,B44010,31,1,MASc PG 40 blocks,sa,56,56,7,1
fb_03,B53160,31,1,MASc PG 40 blocks,sa,56,56,7,1
fb_04,B126589,31,1,MASc PG 40 blocks,sa,56,56,7,1
fb_04,B126869,31,1,MASc PG 40 blocks,sa,56,56,7,1
fb_04,B127158,31,1,MASc PG 40 blocks,sa,56,56,7,1
fb_05,B145584,31,1,MASc PG 40 blocks,sa,56,56,7,1
fb_05,B42891,31,1,MASc PG 40 blocks,sa,56,56,7,1
fb_05,B44010,31,1,MASc PG 40 blocks,sa,56,56,7,1
fb_06,B112990,31,1,MASc PG 40 blocks,sa,56,56,7,1
fb_06,B126589,31,1,MASc PG 40 blocks,sa,56,56,7,1
fb_06,B127158,31,1,MASc PG 40 blocks,sa,56,56,7,1
pr_01,B108124,31,1,MASc PG 40 blocks,sa,56,56,7,1
pr_01,B109915,31,1,MASc PG 40 blocks,sa,56,56,7,1
pr_02,B108124,31,1,MASc PG 40 blocks,sa,56,56,7,1
pr_03,B126589,31,1,MASc PG 40 blocks,sa,56,56,7,1
pr_04,B108124,31,1,MASc PG 40 blocks,sa,56,56,7,1
pr_05,B108060,31,1,MASc PG 40 blocks,sa,56,56,7,1
pr_06,B45231,31,1,MASc PG 40 blocks,sa,56,56,7,1
sk_01,B108339,31,1,MASc PG 40 blocks,sa,56,56,7,1
sk_01,B127158,31,1,MASc PG 40 blocks,sa,56,56,7,1
sk_01,B127158,31,1,MASc PG 40 blocks,sa,56,56,7,1
sk_02,B108339,31,1,MASc PG 40 blocks,sa,56,56,7,1
sk_02,B109340,31,1,MASc PG 40 blocks,sa,56,56,7,1
sk_02,B127158,31,1,MASc PG 40 blocks,sa,56,56,7,1
sk_03,B108124,31,1,MASc PG 40 blocks,sa,56,56,7,1
sk_03,B126589,31,1,MASc PG 40 blocks,sa,56,56,7,1
sk_03,B145584,31,1,MASc PG 40 blocks,sa,56,56,7,1
sk_04,B126413,31,1,MASc PG 40 blocks,sa,56,56,7,1
sk_04,B126589,31,1,MASc PG 40 blocks,sa,56,56,7,1
sk_04,B126869,31,1,MASc PG 40 blocks,sa,56,56,7,1
sk_05,B120266,31,1,MASc PG 40 blocks,sa,56,56,7,1
sk_05,B121455,31,1,MASc PG 40 blocks,sa,56,56,7,1
sk_05,B127158,31,1,MASc PG 40 blocks,sa,56,56,7,1
sk_06,B111410,31,1,MASc PG 40 blocks,sa,56,56,7,1
sk_06,B111480,31,1,MASc PG 40 blocks,sa,56,56,7,1
sk_06,B112038,31,1,MASc PG 40 blocks,sa,56,56,7,1
fb_01,B111410,32,1,MASc PG 40 blocks,sa,56,56,7,1
fb_01,B112038,32,1,MASc PG 40 blocks,sa,56,56,7,1
fb_01,B44010,32,1,MASc PG 40 blocks,sa,56,56,7,1
fb_02,B112990,32,1,MASc PG 40 blocks,sa,56,56,7,1
fb_02,B121928,32,1,MASc PG 40 blocks,sa,56,56,7,1
fb_02,B127158,32,1,MASc PG 40 blocks,sa,56,56,7,1
fb_03,B120266,32,1,MASc PG 40 blocks,sa,56,56,7,1
fb_03,B55424,32,1,MASc PG 40 blocks,sa,56,56,7,1
fb_03,B68233,32,1,MASc PG 40 blocks,sa,56,56,7,1
fb_04,B111867,32,1,MASc PG 40 blocks,sa,56,56,7,1
fb_04,B145584,32,1,MASc PG 40 blocks,sa,56,56,7,1
fb_04,B42891,32,1,MASc PG 40 blocks,sa,56,56,7,1
fb_05,B107189,32,1,MASc PG 40 blocks,sa,56,56,7,1
fb_05,B55424,32,1,MASc PG 40 blocks,sa,56,56,7,1
fb_05,B68233,32,1,MASc PG 40 blocks,sa,56,56,7,1
fb_06,B107189,32,1,MASc PG 40 blocks,sa,56,56,7,1
fb_06,B113324,32,1,MASc PG 40 blocks,sa,56,56,7,1
fb_06,B127158,32,1,MASc PG 40 blocks,sa,56,56,7,1
ld_01,B109915,32,1,MASc PG 40 blocks,sa,56,56,7,1
ld_02,B108124,32,1,MASc PG 40 blocks,sa,56,56,7,1
ld_03,B108124,32,1,MASc PG 40 blocks,sa,56,56,7,1
ld_04,B108124,32,1,MASc PG 40 blocks,sa,56,56,7,1
ld_05,B45231,32,1,MASc PG 40 blocks,sa,56,56,7,1
pr_01,B108124,32,1,MASc PG 40 blocks,sa,56,56,7,1
pr_01,B121455,32,1,MASc PG 40 blocks,sa,56,56,7,1
pr_02,B108339,32,1,MASc PG 40 blocks,sa,56,56,7,1
pr_02,B126869,32,1,MASc PG 40 blocks,sa,56,56,7,1
pr_03,B108339,32,1,MASc PG 40 blocks,sa,56,56,7,1
pr_03,B120266,32,1,MASc PG 40 blocks,sa,56,56,7,1
pr_04,B126589,32,1,MASc PG 40 blocks,sa,56,56,7,1
pr_05,B127158,32,1,MASc PG 40 blocks,sa,56,56,7,1
pr_06,B127158,32,1,MASc PG 40 blocks,sa,56,56,7,1
sk_01,B126589,32,1,MASc PG 40 blocks,sa,56,56,7,1
sk_01,B44010,32,1,MASc PG 40 blocks,sa,56,56,7,1
sk_01,B44010,32,1,MASc PG 40 blocks,sa,56,56,7,1
sk_02,B109915,32,1,MASc PG 40 blocks,sa,56,56,7,1
sk_02,B110288,32,1,MASc PG 40 blocks,sa,56,56,7,1
sk_02,B110471,32,1,MASc PG 40 blocks,sa,56,56,7,1
sk_03,B126413,32,1,MASc PG 40 blocks,sa,56,56,7,1
sk_03,B127158,32,1,MASc PG 40 blocks,sa,56,56,7,1
sk_03,B42891,32,1,MASc PG 40 blocks,sa,56,56,7,1
sk_04,B127158,32,1,MASc PG 40 blocks,sa,56,56,7,1
sk_04,B145584,32,1,MASc PG 40 blocks,sa,56,56,7,1
sk_04,B42891,32,1,MASc PG 40 blocks,sa,56,56,7,1
sk_05,B121928,32,1,MASc PG 40 blocks,sa,56,56,7,1
sk_05,B126589,32,1,MASc PG 40 blocks,sa,56,56,7,1
sk_05,B44010,32,1,MASc PG 40 blocks,sa,56,56,7,1
sk_06,B112990,32,1,MASc PG 40 blocks,sa,56,56,7,1
sk_06,B113324,32,1,MASc PG 40 blocks,sa,56,56,7,1
sk_06,B126589,32,1,MASc PG 40 blocks,sa,56,56,7,1
fb_01,B112038,33,1,MASc PG 40 blocks,sa,56,56,7,1
fb_01,B112990,33,1,MASc PG 40 blocks,sa,56,56,7,1
fb_01,B113324,33,1,MASc PG 40 blocks,sa,56,56,7,1
fb_02,B110471,33,1,MASc PG 40 blocks,sa,56,56,7,1
fb_02,B124193,33,1,MASc PG 40 blocks,sa,56,56,7,1
fb_02,B124453,33,1,MASc PG 40 blocks,sa,56,56,7,1
fb_03,B108060,33,1,MASc PG 40 blocks,sa,56,56,7,1
fb_03,B108124,33,1,MASc PG 40 blocks,sa,56,56,7,1
fb_03,B127158,33,1,MASc PG 40 blocks,sa,56,56,7,1
fb_04,B107189,33,1,MASc PG 40 blocks,sa,56,56,7,1
fb_04,B55424,33,1,MASc PG 40 blocks,sa,56,56,7,1
fb_04,B68233,33,1,MASc PG 40 blocks,sa,56,56,7,1
fb_05,B108060,33,1,MASc PG 40 blocks,sa,56,56,7,1
fb_05,B108339,33,1,MASc PG 40 blocks,sa,56,56,7,1
fb_05,B121928,33,1,MASc PG 40 blocks,sa,56,56,7,1
fb_06,B126413,33,1,MASc PG 40 blocks,sa,56,56,7,1
fb_06,B126589,33,1,MASc PG 40 blocks,sa,56,56,7,1
fb_06,B126869,33,1,MASc PG 40 blocks,sa,56,56,7,1
ld_01,B127158,33,1,MASc PG 40 blocks,sa,56,56,7,1
ld_02,B126589,33,1,MASc PG 40 blocks,sa,56,56,7,1
ld_03,B126869,33,1,MASc PG 40 blocks,sa,56,56,7,1
ld_04,B108339,33,1,MASc PG 40 blocks,sa,56,56,7,1
ld_05,B121455,33,1,MASc PG 40 blocks,sa,56,56,7,1
ld_06,B108124,33,1,MASc PG 40 blocks,sa,56,56,7,1
pr_01,B110288,33,1,MASc PG 40 blocks,sa,56,56,7,1
pr_01,B126589,33,1,MASc PG 40 blocks,sa,56,56,7,1
pr_01,B44010,33,1,MASc PG 40 blocks,sa,56,56,7,1
pr_02,B110471,33,1,MASc PG 40 blocks,sa,56,56,7,1
pr_02,B145584,33,1,MASc PG 40 blocks,sa,56,56,7,1
pr_02,B42891,33,1,MASc PG 40 blocks,sa,56,56,7,1
pr_03,B109915,33,1,MASc PG 40 blocks,sa,56,56,7,1
pr_03,B126589,33,1,MASc PG 40 blocks,sa,56,56,7,1
pr_03,B42891,33,1,MASc PG 40 blocks,sa,56,56,7,1
pr_04,B121928,33,1,MASc PG 40 blocks,sa,56,56,7,1
pr_04,B126589,33,1,MASc PG 40 blocks,sa,56,56,7,1
pr_04,B127158,33,1,MASc PG 40 blocks,sa,56,56,7,1
pr_05,B127158,33,1,MASc PG 40 blocks,sa,56,56,7,1
pr_05,B42891,33,1,MASc PG 40 blocks,sa,56,56,7,1
pr_05,B44010,33,1,MASc PG 40 blocks,sa,56,56,7,1
pr_06,B126413,33,1,MASc PG 40 blocks,sa,56,56,7,1
pr_06,B44010,33,1,MASc PG 40 blocks,sa,56,56,7,1
sk_01,B42891,33,1,MASc PG 40 blocks,sa,56,56,7,1
sk_01,B44010,33,1,MASc PG 40 blocks,sa,56,56,7,1
sk_01,B55424,33,1,MASc PG 40 blocks,sa,56,56,7,1
sk_02,B111410,33,1,MASc PG 40 blocks,sa,56,56,7,1
sk_02,B111480,33,1,MASc PG 40 blocks,sa,56,56,7,1
sk_02,B112038,33,1,MASc PG 40 blocks,sa,56,56,7,1
sk_03,B109340,33,1,MASc PG 40 blocks,sa,56,56,7,1
sk_03,B109915,33,1,MASc PG 40 blocks,sa,56,56,7,1
sk_03,B110288,33,1,MASc PG 40 blocks,sa,56,56,7,1
sk_04,B107189,33,1,MASc PG 40 blocks,sa,56,56,7,1
sk_04,B55424,33,1,MASc PG 40 blocks,sa,56,56,7,1
sk_04,B68233,33,1,MASc PG 40 blocks,sa,56,56,7,1
sk_05,B126869,33,1,MASc PG 40 blocks,sa,56,56,7,1
sk_05,B145584,33,1,MASc PG 40 blocks,sa,56,56,7,1
sk_05,B53160,33,1,MASc PG 40 blocks,sa,56,56,7,1
sk_06,B108124,33,1,MASc PG 40 blocks,sa,56,56,7,1
sk_06,B121928,33,1,MASc PG 40 blocks,sa,56,56,7,1
sk_06,B126589,33,1,MASc PG 40 blocks,sa,56,56,7,1
fb_01,B111867,34,1,MASc PG 40 blocks,sa,56,56,7,1
fb_01,B114477,34,1,MASc PG 40 blocks,sa,56,56,7,1
fb_01,B120266,34,1,MASc PG 40 blocks,sa,56,56,7,1
fb_02,B124540,34,1,MASc PG 40 blocks,sa,56,56,7,1
fb_02,B126413,34,1,MASc PG 40 blocks,sa,56,56,7,1
fb_02,B126492,34,1,MASc PG 40 blocks,sa,56,56,7,1
fb_03,B109340,34,1,MASc PG 40 blocks,sa,56,56,7,1
fb_03,B109915,34,1,MASc PG 40 blocks,sa,56,56,7,1
fb_03,B110288,34,1,MASc PG 40 blocks,sa,56,56,7,1
fb_04,B108060,34,1,MASc PG 40 blocks,sa,56,56,7,1
fb_04,B108124,34,1,MASc PG 40 blocks,sa,56,56,7,1
fb_04,B108339,34,1,MASc PG 40 blocks,sa,56,56,7,1
fb_05,B109915,34,1,MASc PG 40 blocks,sa,56,56,7,1
fb_05,B110471,34,1,MASc PG 40 blocks,sa,56,56,7,1
fb_05,B121455,34,1,MASc PG 40 blocks,sa,56,56,7,1
fb_06,B121154,34,1,MASc PG 40 blocks,sa,56,56,7,1
fb_06,B145584,34,1,MASc PG 40 blocks,sa,56,56,7,1
fb_06,B42891,34,1,MASc PG 40 blocks,sa,56,56,7,1
ld_01,B121928,34,1,MASc PG 40 blocks,sa,56,56,7,1
ld_01,B127158,34,1,MASc PG 40 blocks,sa,56,56,7,1
ld_01,B44010,34,1,MASc PG 40 blocks,sa,56,56,7,1
ld_02,B127158,34,1,MASc PG 40 blocks,sa,56,56,7,1
ld_02,B42891,34,1,MASc PG 40 blocks,sa,56,56,7,1
ld_03,B126589,34,1,MASc PG 40 blocks,sa,56,56,7,1
ld_03,B44010,34,1,MASc PG 40 blocks,sa,56,56,7,1
ld_04,B109915,34,1,MASc PG 40 blocks,sa,56,56,7,1
ld_04,B126589,34,1,MASc PG 40 blocks,sa,56,56,7,1
ld_05,B110288,34,1,MASc PG 40 blocks,sa,56,56,7,1
ld_05,B126589,34,1,MASc PG 40 blocks,sa,56,56,7,1
ld_06,B110471,34,1,MASc PG 40 blocks,sa,56,56,7,1
ld_06,B42891,34,1,MASc PG 40 blocks,sa,56,56,7,1
pr_01,B111410,34,1,MASc PG 40 blocks,sa,56,56,7,1
pr_01,B55424,34,1,MASc PG 40 blocks,sa,56,56,7,1
pr_02,B112038,34,1,MASc PG 40 blocks,sa,56,56,7,1
pr_02,B44010,34,1,MASc PG 40 blocks,sa,56,56,7,1
pr_03,B145584,34,1,MASc PG 40 blocks,sa,56,56,7,1
pr_04,B53160,34,1,MASc PG 40 blocks,sa,56,56,7,1
pr_05,B42891,34,1,MASc PG 40 blocks,sa,56,56,7,1
pr_06,B55424,34,1,MASc PG 40 blocks,sa,56,56,7,1
sk_01,B108060,34,1,MASc PG 40 blocks,sa,56,56,7,1
sk_01,B108060,34,1,MASc PG 40 blocks,sa,56,56,7,1
sk_01,B108124,34,1,MASc PG 40 blocks,sa,56,56,7,1
sk_02,B112990,34,1,MASc PG 40 blocks,sa,56,56,7,1
sk_02,B113324,34,1,MASc PG 40 blocks,sa,56,56,7,1
sk_02,B120266,34,1,MASc PG 40 blocks,sa,56,56,7,1
sk_03,B110471,34,1,MASc PG 40 blocks,sa,56,56,7,1
sk_03,B111410,34,1,MASc PG 40 blocks,sa,56,56,7,1
sk_03,B111480,34,1,MASc PG 40 blocks,sa,56,56,7,1
sk_04,B109340,34,1,MASc PG 40 blocks,sa,56,56,7,1
sk_04,B109915,34,1,MASc PG 40 blocks,sa,56,56,7,1
sk_04,B44010,34,1,MASc PG 40 blocks,sa,56,56,7,1
sk_05,B107189,34,1,MASc PG 40 blocks,sa,56,56,7,1
sk_05,B55424,34,1,MASc PG 40 blocks,sa,56,56,7,1
sk_05,B68233,34,1,MASc PG 40 blocks,sa,56,56,7,1
sk_06,B108124,34,1,MASc PG 40 blocks,sa,56,56,7,1
sk_06,B126589,34,1,MASc PG 40 blocks,sa,56,56,7,1
sk_06,B126869,34,1,MASc PG 40 blocks,sa,56,56,7,1
fb_01,B111480,35,1,MASc PG 40 blocks,sa,56,56,7,1
fb_01,B111480,35,1,MASc PG 40 blocks,sa,56,56,7,1
fb_01,B127158,35,1,MASc PG 40 blocks,sa,56,56,7,1
fb_02,B126589,35,1,MASc PG 40 blocks,sa,56,56,7,1
fb_02,B127158,35,1,MASc PG 40 blocks,sa,56,56,7,1
fb_02,B127158,35,1,MASc PG 40 blocks,sa,56,56,7,1
fb_03,B110471,35,1,MASc PG 40 blocks,sa,56,56,7,1
fb_03,B111410,35,1,MASc PG 40 blocks,sa,56,56,7,1
fb_03,B111480,35,1,MASc PG 40 blocks,sa,56,56,7,1
fb_04,B109915,35,1,MASc PG 40 blocks,sa,56,56,7,1
fb_04,B110288,35,1,MASc PG 40 blocks,sa,56,56,7,1
fb_04,B127158,35,1,MASc PG 40 blocks,sa,56,56,7,1
fb_05,B111410,35,1,MASc PG 40 blocks,sa,56,56,7,1
fb_05,B112038,35,1,MASc PG 40 blocks,sa,56,56,7,1
fb_05,B121455,35,1,MASc PG 40 blocks,sa,56,56,7,1
fb_06,B107189,35,1,MASc PG 40 blocks,sa,56,56,7,1
fb_06,B55424,35,1,MASc PG 40 blocks,sa,56,56,7,1
fb_06,B68233,35,1,MASc PG 40 blocks,sa,56,56,7,1
ld_01,B145584,35,1,MASc PG 40 blocks,sa,56,56,7,1
ld_02,B55424,35,1,MASc PG 40 blocks,sa,56,56,7,1
ld_03,B44010,35,1,MASc PG 40 blocks,sa,56,56,7,1
pr_01,B109340,35,1,MASc PG 40 blocks,sa,56,56,7,1
pr_01,B113324,35,1,MASc PG 40 blocks,sa,56,56,7,1
pr_01,B55424,35,1,MASc PG 40 blocks,sa,56,56,7,1
pr_02,B108060,35,1,MASc PG 40 blocks,sa,56,56,7,1
pr_02,B108124,35,1,MASc PG 40 blocks,sa,56,56,7,1
pr_02,B111480,35,1,MASc PG 40 blocks,sa,56,56,7,1
pr_03,B108060,35,1,MASc PG 40 blocks,sa,56,56,7,1
pr_03,B126589,35,1,MASc PG 40 blocks,sa,56,56,7,1
pr_03,B68233,35,1,MASc PG 40 blocks,sa,56,56,7,1
pr_04,B108124,35,1,MASc PG 40 blocks,sa,56,56,7,1
pr_04,B109915,35,1,MASc PG 40 blocks,sa,56,56,7,1
pr_05,B126869,35,1,MASc PG 40 blocks,sa,56,56,7,1
pr_05,B44010,35,1,MASc PG 40 blocks,sa,56,56,7,1
pr_06,B107189,35,1,MASc PG 40 blocks,sa,56,56,7,1
pr_06,B112990,35,1,MASc PG 40 blocks,sa,56,56,7,1
sk_01,B108124,35,1,MASc PG 40 blocks,sa,56,56,7,1
sk_01,B108339,35,1,MASc PG 40 blocks,sa,56,56,7,1
sk_01,B42891,35,1,MASc PG 40 blocks,sa,56,56,7,1
sk_02,B121455,35,1,MASc PG 40 blocks,sa,56,56,7,1
sk_02,B121928,35,1,MASc PG 40 blocks,sa,56,56,7,1
sk_02,B126413,35,1,MASc PG 40 blocks,sa,56,56,7,1
sk_03,B112038,35,1,MASc PG 40 blocks,sa,56,56,7,1
sk_03,B112990,35,1,MASc PG 40 blocks,sa,56,56,7,1
sk_03,B113324,35,1,MASc PG 40 blocks,sa,56,56,7,1
sk_04,B110288,35,1,MASc PG 40 blocks,sa,56,56,7,1
sk_04,B110471,35,1,MASc PG 40 blocks,sa,56,56,7,1
sk_04,B111410,35,1,MASc PG 40 blocks,sa,56,56,7,1
sk_05,B108060,35,1,MASc PG 40 blocks,sa,56,56,7,1
sk_05,B109340,35,1,MASc PG 40 blocks,sa,56,56,7,1
sk_05,B109915,35,1,MASc PG 40 blocks,sa,56,56,7,1
sk_06,B108060,35,1,MASc PG 40 blocks,sa,56,56,7,1
sk_06,B145584,35,1,MASc PG 40 blocks,sa,56,56,7,1
sk_06,B68233,35,1,MASc PG 40 blocks,sa,56,56,7,1
fb_01,B107189,36,1,MASc PG 40 blocks,sa,56,56,7,1
fb_01,B108060,36,1,MASc PG 40 blocks,sa,56,56,7,1
fb_01,B108124,36,1,MASc PG 40 blocks,sa,56,56,7,1
fb_02,B124453,36,1,MASc PG 40 blocks,sa,56,56,7,1
fb_02,B126413,36,1,MASc PG 40 blocks,sa,56,56,7,1
fb_02,B126492,36,1,MASc PG 40 blocks,sa,56,56,7,1
fb_03,B112038,36,1,MASc PG 40 blocks,sa,56,56,7,1
fb_03,B113324,36,1,MASc PG 40 blocks,sa,56,56,7,1
fb_03,B114477,36,1,MASc PG 40 blocks,sa,56,56,7,1
fb_04,B112038,36,1,MASc PG 40 blocks,sa,56,56,7,1
fb_04,B112990,36,1,MASc PG 40 blocks,sa,56,56,7,1
fb_04,B113324,36,1,MASc PG 40 blocks,sa,56,56,7,1
fb_05,B120266,36,1,MASc PG 40 blocks,sa,56,56,7,1
fb_05,B121455,36,1,MASc PG 40 blocks,sa,56,56,7,1
fb_05,B121928,36,1,MASc PG 40 blocks,sa,56,56,7,1
fb_06,B121154,36,1,MASc PG 40 blocks,sa,56,56,7,1
fb_06,B145584,36,1,MASc PG 40 blocks,sa,56,56,7,1
fb_06,B42891,36,1,MASc PG 40 blocks,sa,56,56,7,1
fb_01,B108339,37,1,MASc PG 40 blocks,sa,56,56,7,1
fb_01,B109340,37,1,MASc PG 40 blocks,sa,56,56,7,1
fb_01,B109517,37,1,MASc PG 40 blocks,sa,56,56,7,1
fb_02,B126589,37,1,MASc PG 40 blocks,sa,56,56,7,1
fb_02,B126869,37,1,MASc PG 40 blocks,sa,56,56,7,1
fb_02,B127158,37,1,MASc PG 40 blocks,sa,56,56,7,1
fb_03,B120266,37,1,MASc PG 40 blocks,sa,56,56,7,1
fb_03,B121928,37,1,MASc PG 40 blocks,sa,56,56,7,1
fb_03,B126589,37,1,MASc PG 40 blocks,sa,56,56,7,1
fb_04,B120266,37,1,MASc PG 40 blocks,sa,56,56,7,1
fb_04,B121154,37,1,MASc PG 40 blocks,sa,56,56,7,1
fb_04,B121455,37,1,MASc PG 40 blocks,sa,56,56,7,1
fb_05,B111867,37,1,MASc PG 40 blocks,sa,56,56,7,1
fb_05,B124193,37,1,MASc PG 40 blocks,sa,56,56,7,1
fb_05,B126492,37,1,MASc PG 40 blocks,sa,56,56,7,1
fb_06,B111867,37,1,MASc PG 40 blocks,sa,56,56,7,1
fb_06,B55424,37,1,MASc PG 40 blocks,sa,56,56,7,1
fb_06,B68233,37,1,MASc PG 40 blocks,sa,56,56,7,1
sk_01,B107189,37,1,MASc PG 40 blocks,sa,56,56,7,1
sk_01,B145584,37,1,MASc PG 40 blocks,sa,56,56,7,1
sk_01,B42891,37,1,MASc PG 40 blocks,sa,56,56,7,1
sk_02,B108060,37,1,MASc PG 40 blocks,sa,56,56,7,1
sk_02,B121455,37,1,MASc PG 40 blocks,sa,56,56,7,1
sk_02,B121928,37,1,MASc PG 40 blocks,sa,56,56,7,1
sk_03,B108124,37,1,MASc PG 40 blocks,sa,56,56,7,1
sk_03,B113324,37,1,MASc PG 40 blocks,sa,56,56,7,1
sk_03,B120266,37,1,MASc PG 40 blocks,sa,56,56,7,1
sk_04,B113324,37,1,MASc PG 40 blocks,sa,56,56,7,1
sk_04,B121455,37,1,MASc PG 40 blocks,sa,56,56,7,1
sk_04,B121928,37,1,MASc PG 40 blocks,sa,56,56,7,1
sk_05,B108124,37,1,MASc PG 40 blocks,sa,56,56,7,1
sk_05,B113324,37,1,MASc PG 40 blocks,sa,56,56,7,1
sk_05,B120266,37,1,MASc PG 40 blocks,sa,56,56,7,1
sk_06,B121928,37,1,MASc PG 40 blocks,sa,56,56,7,1
sk_06,B126413,37,1,MASc PG 40 blocks,sa,56,56,7,1
sk_06,B145584,37,1,MASc PG 40 blocks,sa,56,56,7,1
fb_01,B109915,38,1,MASc PG 40 blocks,sa,56,56,7,1
fb_01,B110288,38,1,MASc PG 40 blocks,sa,56,56,7,1
fb_01,B110471,38,1,MASc PG 40 blocks,sa,56,56,7,1
fb_02,B127158,38,1,MASc PG 40 blocks,sa,56,56,7,1
fb_02,B145584,38,1,MASc PG 40 blocks,sa,56,56,7,1
fb_02,B42891,38,1,MASc PG 40 blocks,sa,56,56,7,1
fb_03,B111480,38,1,MASc PG 40 blocks,sa,56,56,7,1
fb_03,B124453,38,1,MASc PG 40 blocks,sa,56,56,7,1
fb_03,B127158,38,1,MASc PG 40 blocks,sa,56,56,7,1
fb_04,B111480,38,1,MASc PG 40 blocks,sa,56,56,7,1
fb_04,B124193,38,1,MASc PG 40 blocks,sa,56,56,7,1
fb_04,B124453,38,1,MASc PG 40 blocks,sa,56,56,7,1
fb_05,B109915,38,1,MASc PG 40 blocks,sa,56,56,7,1
fb_05,B126589,38,1,MASc PG 40 blocks,sa,56,56,7,1
fb_05,B127158,38,1,MASc PG 40 blocks,sa,56,56,7,1
fb_06,B108060,38,1,MASc PG 40 blocks,sa,56,56,7,1
fb_06,B108124,38,1,MASc PG 40 blocks,sa,56,56,7,1
fb_06,B120266,38,1,MASc PG 40 blocks,sa,56,56,7,1
pr_01,B108060,38,1,MASc PG 40 blocks,sa,56,56,7,1
pr_01,B121455,38,1,MASc PG 40 blocks,sa,56,56,7,1
pr_02,B121928,38,1,MASc PG 40 blocks,sa,56,56,7,1
pr_02,B42891,38,1,MASc PG 40 blocks,sa,56,56,7,1
pr_03,B113324,38,1,MASc PG 40 blocks,sa,56,56,7,1
pr_04,B108124,38,1,MASc PG 40 blocks,sa,56,56,7,1
pr_05,B120266,38,1,MASc PG 40 blocks,sa,56,56,7,1
pr_06,B145584,38,1,MASc PG 40 blocks,sa,56,56,7,1
sk_01,B109517,38,1,MASc PG 40 blocks,sa,56,56,7,1
sk_01,B126869,38,1,MASc PG 40 blocks,sa,56,56,7,1
sk_01,B68233,38,1,MASc PG 40 blocks,sa,56,56,7,1
sk_02,B111867,38,1,MASc PG 40 blocks,sa,56,56,7,1
sk_02,B124193,38,1,MASc PG 40 blocks,sa,56,56,7,1
sk_02,B68233,38,1,MASc PG 40 blocks,sa,56,56,7,1
sk_03,B111867,38,1,MASc PG 40 blocks,sa,56,56,7,1
sk_03,B127158,38,1,MASc PG 40 blocks,sa,56,56,7,1
sk_03,B55424,38,1,MASc PG 40 blocks,sa,56,56,7,1
sk_04,B124193,38,1,MASc PG 40 blocks,sa,56,56,7,1
sk_04,B126413,38,1,MASc PG 40 blocks,sa,56,56,7,1
sk_04,B126589,38,1,MASc PG 40 blocks,sa,56,56,7,1
sk_05,B108339,38,1,MASc PG 40 blocks,sa,56,56,7,1
sk_05,B111867,38,1,MASc PG 40 blocks,sa,56,56,7,1
sk_05,B68233,38,1,MASc PG 40 blocks,sa,56,56,7,1
sk_06,B111867,38,1,MASc PG 40 blocks,sa,56,56,7,1
sk_06,B120266,38,1,MASc PG 40 blocks,sa,56,56,7,1
sk_06,B126589,38,1,MASc PG 40 blocks,sa,56,56,7,1
fb_01,B111410,39,1,MASc PG 40 blocks,sa,56,56,7,1
fb_01,B111480,39,1,MASc PG 40 blocks,sa,56,56,7,1
fb_01,B111480,39,1,MASc PG 40 blocks,sa,56,56,7,1
fb_02,B44010,39,1,MASc PG 40 blocks,sa,56,56,7,1
fb_02,B45231,39,1,MASc PG 40 blocks,sa,56,56,7,1
fb_02,B53160,39,1,MASc PG 40 blocks,sa,56,56,7,1
fb_03,B108124,39,1,MASc PG 40 blocks,sa,56,56,7,1
fb_03,B126589,39,1,MASc PG 40 blocks,sa,56,56,7,1
fb_03,B127158,39,1,MASc PG 40 blocks,sa,56,56,7,1
fb_04,B126413,39,1,MASc PG 40 blocks,sa,56,56,7,1
fb_04,B126492,39,1,MASc PG 40 blocks,sa,56,56,7,1
fb_04,B126589,39,1,MASc PG 40 blocks,sa,56,56,7,1
fb_05,B145584,39,1,MASc PG 40 blocks,sa,56,56,7,1
fb_05,B42891,39,1,MASc PG 40 blocks,sa,56,56,7,1
fb_05,B44010,39,1,MASc PG 40 blocks,sa,56,56,7,1
fb_06,B109340,39,1,MASc PG 40 blocks,sa,56,56,7,1
fb_06,B110288,39,1,MASc PG 40 blocks,sa,56,56,7,1
fb_06,B111480,39,1,MASc PG 40 blocks,sa,56,56,7,1
ld_01,B113324,39,1,MASc PG 40 blocks,sa,56,56,7,1
ld_02,B121928,39,1,MASc PG 40 blocks,sa,56,56,7,1
ld_03,B121455,39,1,MASc PG 40 blocks,sa,56,56,7,1
ld_04,B108124,39,1,MASc PG 40 blocks,sa,56,56,7,1
pr_01,B111867,39,1,MASc PG 40 blocks,sa,56,56,7,1
pr_02,B68233,39,1,MASc PG 40 blocks,sa,56,56,7,1
pr_03,B126589,39,1,MASc PG 40 blocks,sa,56,56,7,1
pr_04,B126413,39,1,MASc PG 40 blocks,sa,56,56,7,1
pr_05,B55424,39,1,MASc PG 40 blocks,sa,56,56,7,1
sk_01,B108124,39,1,MASc PG 40 blocks,sa,56,56,7,1
sk_01,B111867,39,1,MASc PG 40 blocks,sa,56,56,7,1
sk_01,B42891,39,1,MASc PG 40 blocks,sa,56,56,7,1
sk_02,B111867,39,1,MASc PG 40 blocks,sa,56,56,7,1
sk_02,B126869,39,1,MASc PG 40 blocks,sa,56,56,7,1
sk_02,B127158,39,1,MASc PG 40 blocks,sa,56,56,7,1
sk_03,B108060,39,1,MASc PG 40 blocks,sa,56,56,7,1
sk_03,B108124,39,1,MASc PG 40 blocks,sa,56,56,7,1
sk_03,B127158,39,1,MASc PG 40 blocks,sa,56,56,7,1
sk_04,B126589,39,1,MASc PG 40 blocks,sa,56,56,7,1
sk_04,B127158,39,1,MASc PG 40 blocks,sa,56,56,7,1
sk_04,B145584,39,1,MASc PG 40 blocks,sa,56,56,7,1
sk_05,B108060,39,1,MASc PG 40 blocks,sa,56,56,7,1
sk_05,B112038,39,1,MASc PG 40 blocks,sa,56,56,7,1
sk_05,B112990,39,1,MASc PG 40 blocks,sa,56,56,7,1
sk_06,B108124,39,1,MASc PG 40 blocks,sa,56,56,7,1
sk_06,B127158,39,1,MASc PG 40 blocks,sa,56,56,7,1
sk_06,B145584,39,1,MASc PG 40 blocks,sa,56,56,7,1
fb_01,B112038,40,1,MASc PG 40 blocks,sa,56,56,7,1
fb_01,B112990,40,1,MASc PG 40 blocks,sa,56,56,7,1
fb_01,B113324,40,1,MASc PG 40 blocks,sa,56,56,7,1
fb_02,B55424,40,1,MASc PG 40 blocks,sa,56,56,7,1
fb_02,B65573,40,1,MASc PG 40 blocks,sa,56,56,7,1
fb_02,B68233,40,1,MASc PG 40 blocks,sa,56,56,7,1
fb_03,B127158,40,1,MASc PG 40 blocks,sa,56,56,7,1
fb_03,B129183,40,1,MASc PG 40 blocks,sa,56,56,7,1
fb_03,B145584,40,1,MASc PG 40 blocks,sa,56,56,7,1
fb_04,B126869,40,1,MASc PG 40 blocks,sa,56,56,7,1
fb_04,B145584,40,1,MASc PG 40 blocks,sa,56,56,7,1
fb_04,B145584,40,1,MASc PG 40 blocks,sa,56,56,7,1
fb_05,B107189,40,1,MASc PG 40 blocks,sa,56,56,7,1
fb_05,B126869,40,1,MASc PG 40 blocks,sa,56,56,7,1
fb_05,B55424,40,1,MASc PG 40 blocks,sa,56,56,7,1
fb_06,B107189,40,1,MASc PG 40 blocks,sa,56,56,7,1
fb_06,B113324,40,1,MASc PG 40 blocks,sa,56,56,7,1
fb_06,B127158,40,1,MASc PG 40 blocks,sa,56,56,7,1
ld_01,B68233,40,1,MASc PG 40 blocks,sa,56,56,7,1
ld_02,B111867,40,1,MASc PG 40 blocks,sa,56,56,7,1
pr_01,B111867,40,1,MASc PG 40 blocks,sa,56,56,7,1
pr_01,B127158,40,1,MASc PG 40 blocks,sa,56,56,7,1
pr_01,B127158,40,1,MASc PG 40 blocks,sa,56,56,7,1
pr_02,B108060,40,1,MASc PG 40 blocks,sa,56,56,7,1
pr_02,B108124,40,1,MASc PG 40 blocks,sa,56,56,7,1
pr_02,B42891,40,1,MASc PG 40 blocks,sa,56,56,7,1
pr_03,B108060,40,1,MASc PG 40 blocks,sa,56,56,7,1
pr_03,B126869,40,1,MASc PG 40 blocks,sa,56,56,7,1
pr_04,B108124,40,1,MASc PG 40 blocks,sa,56,56,7,1
pr_04,B145584,40,1,MASc PG 40 blocks,sa,56,56,7,1
pr_05,B108124,40,1,MASc PG 40 blocks,sa,56,56,7,1
pr_05,B126589,40,1,MASc PG 40 blocks,sa,56,56,7,1
pr_06,B127158,40,1,MASc PG 40 blocks,sa,56,56,7,1
pr_06,B42891,40,1,MASc PG 40 blocks,sa,56,56,7,1
sk_01,B111867,40,1,MASc PG 40 blocks,sa,56,56,7,1
sk_01,B42891,40,1,MASc PG 40 blocks,sa,56,56,7,1
sk_01,B44010,40,1,MASc PG 40 blocks,sa,56,56,7,1
sk_02,B127158,40,1,MASc PG 40 blocks,sa,56,56,7,1
sk_02,B44010,40,1,MASc PG 40 blocks,sa,56,56,7,1
sk_02,B44010,40,1,MASc PG 40 blocks,sa,56,56,7,1
sk_03,B112990,40,1,MASc PG 40 blocks,sa,56,56,7,1
sk_03,B113324,40,1,MASc PG 40 blocks,sa,56,56,7,1
sk_03,B127158,40,1,MASc PG 40 blocks,sa,56,56,7,1
sk_04,B111867,40,1,MASc PG 40 blocks,sa,56,56,7,1
sk_04,B126589,40,1,MASc PG 40 blocks,sa,56,56,7,1
sk_04,B45231,40,1,MASc PG 40 blocks,sa,56,56,7,1
sk_05,B109915,40,1,MASc PG 40 blocks,sa,56,56,7,1
sk_05,B113324,40,1,MASc PG 40 blocks,sa,56,56,7,1
sk_05,B120266,40,1,MASc PG 40 blocks,sa,56,56,7,1
sk_06,B111867,40,1,MASc PG 40 blocks,sa,56,56,7,1
sk_06,B126589,40,1,MASc PG 40 blocks,sa,56,56,7,1
sk_06,B53160,40,1,MASc PG 40 blocks,sa,56,56,7,1
fb_01,B111480,41,1,MASc PG 40 blocks,sa,56,56,7,1
fb_01,B127158,41,1,MASc PG 40 blocks,sa,56,56,7,1
fb_01,B127158,41,1,MASc PG 40 blocks,sa,56,56,7,1
fb_02,B107189,41,1,MASc PG 40 blocks,sa,56,56,7,1
fb_02,B111480,41,1,MASc PG 40 blocks,sa,56,56,7,1
fb_02,B126589,41,1,MASc PG 40 blocks,sa,56,56,7,1
fb_03,B42891,41,1,MASc PG 40 blocks,sa,56,56,7,1
fb_03,B44010,41,1,MASc PG 40 blocks,sa,56,56,7,1
fb_03,B45231,41,1,MASc PG 40 blocks,sa,56,56,7,1
fb_04,B42891,41,1,MASc PG 40 blocks,sa,56,56,7,1
fb_04,B44010,41,1,MASc PG 40 blocks,sa,56,56,7,1
fb_04,B53160,41,1,MASc PG 40 blocks,sa,56,56,7,1
fb_05,B108060,41,1,MASc PG 40 blocks,sa,56,56,7,1
fb_05,B108124,41,1,MASc PG 40 blocks,sa,56,56,7,1
fb_05,B108339,41,1,MASc PG 40 blocks,sa,56,56,7,1
fb_06,B112038,41,1,MASc PG 40 blocks,sa,56,56,7,1
fb_06,B126589,41,1,MASc PG 40 blocks,sa,56,56,7,1
fb_06,B55424,41,1,MASc PG 40 blocks,sa,56,56,7,1
ld_01,B108124,41,1,MASc PG 40 blocks,sa,56,56,7,1
ld_01,B127158,41,1,MASc PG 40 blocks,sa,56,56,7,1
ld_01,B42891,41,1,MASc PG 40 blocks,sa,56,56,7,1
ld_02,B111867,41,1,MASc PG 40 blocks,sa,56,56,7,1
ld_02,B127158,41,1,MASc PG 40 blocks,sa,56,56,7,1
ld_02,B42891,41,1,MASc PG 40 blocks,sa,56,56,7,1
ld_03,B108124,41,1,MASc PG 40 blocks,sa,56,56,7,1
ld_03,B126589,41,1,MASc PG 40 blocks,sa,56,56,7,1
ld_04,B108060,41,1,MASc PG 40 blocks,sa,56,56,7,1
ld_04,B108124,41,1,MASc PG 40 blocks,sa,56,56,7,1
ld_05,B108060,41,1,MASc PG 40 blocks,sa,56,56,7,1
ld_05,B145584,41,1,MASc PG 40 blocks,sa,56,56,7,1
ld_06,B111867,41,1,MASc PG 40 blocks,sa,56,56,7,1
ld_06,B126869,41,1,MASc PG 40 blocks,sa,56,56,7,1
pr_01,B111867,41,1,MASc PG 40 blocks,sa,56,56,7,1
pr_01,B113324,41,1,MASc PG 40 blocks,sa,56,56,7,1
pr_01,B127158,41,1,MASc PG 40 blocks,sa,56,56,7,1
pr_02,B111867,41,1,MASc PG 40 blocks,sa,56,56,7,1
pr_02,B42891,41,1,MASc PG 40 blocks,sa,56,56,7,1
pr_02,B44010,41,1,MASc PG 40 blocks,sa,56,56,7,1
pr_03,B112990,41,1,MASc PG 40 blocks,sa,56,56,7,1
pr_03,B120266,41,1,MASc PG 40 blocks,sa,56,56,7,1
pr_04,B126589,41,1,MASc PG 40 blocks,sa,56,56,7,1
pr_04,B45231,41,1,MASc PG 40 blocks,sa,56,56,7,1
pr_05,B44010,41,1,MASc PG 40 blocks,sa,56,56,7,1
pr_05,B53160,41,1,MASc PG 40 blocks,sa,56,56,7,1
pr_06,B127158,41,1,MASc PG 40 blocks,sa,56,56,7,1
pr_06,B44010,41,1,MASc PG 40 blocks,sa,56,56,7,1
sk_01,B107189,41,1,MASc PG 40 blocks,sa,56,56,7,1
sk_01,B55424,41,1,MASc PG 40 blocks,sa,56,56,7,1
sk_01,B65573,41,1,MASc PG 40 blocks,sa,56,56,7,1
sk_02,B107189,41,1,MASc PG 40 blocks,sa,56,56,7,1
sk_02,B107189,41,1,MASc PG 40 blocks,sa,56,56,7,1
sk_02,B121928,41,1,MASc PG 40 blocks,sa,56,56,7,1
sk_03,B121455,41,1,MASc PG 40 blocks,sa,56,56,7,1
sk_03,B65573,41,1,MASc PG 40 blocks,sa,56,56,7,1
sk_03,B68233,41,1,MASc PG 40 blocks,sa,56,56,7,1
sk_04,B107189,41,1,MASc PG 40 blocks,sa,56,56,7,1
sk_04,B109340,41,1,MASc PG 40 blocks,sa,56,56,7,1
sk_04,B55424,41,1,MASc PG 40 blocks,sa,56,56,7,1
sk_05,B121455,41,1,MASc PG 40 blocks,sa,56,56,7,1
sk_05,B121928,41,1,MASc PG 40 blocks,sa,56,56,7,1
sk_05,B124193,41,1,MASc PG 40 blocks,sa,56,56,7,1
sk_06,B109340,41,1,MASc PG 40 blocks,sa,56,56,7,1
sk_06,B109915,41,1,MASc PG 40 blocks,sa,56,56,7,1
sk_06,B55424,41,1,MASc PG 40 blocks,sa,56,56,7,1
fb_01,B111480,42,1,MASc PG 40 blocks,sa,56,56,7,1
fb_01,B111480,42,1,MASc PG 40 blocks,sa,56,56,7,1
fb_01,B121928,42,1,MASc PG 40 blocks,sa,56,56,7,1
fb_02,B109517,42,1,MASc PG 40 blocks,sa,56,56,7,1
fb_02,B111480,42,1,MASc PG 40 blocks,sa,56,56,7,1
fb_02,B111480,42,1,MASc PG 40 blocks,sa,56,56,7,1
fb_03,B53160,42,1,MASc PG 40 blocks,sa,56,56,7,1
fb_03,B55424,42,1,MASc PG 40 blocks,sa,56,56,7,1
fb_03,B65573,42,1,MASc PG 40 blocks,sa,56,56,7,1
fb_04,B107189,42,1,MASc PG 40 blocks,sa,56,56,7,1
fb_04,B55424,42,1,MASc PG 40 blocks,sa,56,56,7,1
fb_04,B68233,42,1,MASc PG 40 blocks,sa,56,56,7,1
fb_05,B109915,42,1,MASc PG 40 blocks,sa,56,56,7,1
fb_05,B110288,42,1,MASc PG 40 blocks,sa,56,56,7,1
fb_05,B126589,42,1,MASc PG 40 blocks,sa,56,56,7,1
fb_06,B114477,42,1,MASc PG 40 blocks,sa,56,56,7,1
fb_06,B120266,42,1,MASc PG 40 blocks,sa,56,56,7,1
fb_06,B126589,42,1,MASc PG 40 blocks,sa,56,56,7,1
ld_01,B111867,42,1,MASc PG 40 blocks,sa,56,56,7,1
ld_01,B111867,42,1,MASc PG 40 blocks,sa,56,56,7,1
ld_01,B120266,42,1,MASc PG 40 blocks,sa,56,56,7,1
ld_02,B127158,42,1,MASc PG 40 blocks,sa,56,56,7,1
ld_02,B45231,42,1,MASc PG 40 blocks,sa,56,56,7,1
ld_03,B112990,42,1,MASc PG 40 blocks,sa,56,56,7,1
ld_03,B113324,42,1,MASc PG 40 blocks,sa,56,56,7,1
ld_04,B126589,42,1,MASc PG 40 blocks,sa,56,56,7,1
ld_04,B44010,42,1,MASc PG 40 blocks,sa,56,56,7,1
ld_05,B111867,42,1,MASc PG 40 blocks,sa,56,56,7,1
ld_05,B127158,42,1,MASc PG 40 blocks,sa,56,56,7,1
ld_06,B111867,42,1,MASc PG 40 blocks,sa,56,56,7,1
ld_06,B44010,42,1,MASc PG 40 blocks,sa,56,56,7,1
pr_01,B124193,42,1,MASc PG 40 blocks,sa,56,56,7,1
pr_01,B55424,42,1,MASc PG 40 blocks,sa,56,56,7,1
pr_01,B68233,42,1,MASc PG 40 blocks,sa,56,56,7,1
pr_02,B107189,42,1,MASc PG 40 blocks,sa,56,56,7,1
pr_02,B121455,42,1,MASc PG 40 blocks,sa,56,56,7,1
pr_03,B107189,42,1,MASc PG 40 blocks,sa,56,56,7,1
pr_03,B65573,42,1,MASc PG 40 blocks,sa,56,56,7,1
pr_04,B109915,42,1,MASc PG 40 blocks,sa,56,56,7,1
pr_04,B121928,42,1,MASc PG 40 blocks,sa,56,56,7,1
pr_05,B107189,42,1,MASc PG 40 blocks,sa,56,56,7,1
pr_05,B55424,42,1,MASc PG 40 blocks,sa,56,56,7,1
pr_06,B107189,42,1,MASc PG 40 blocks,sa,56,56,7,1
pr_06,B55424,42,1,MASc PG 40 blocks,sa,56,56,7,1
sk_01,B111410,42,1,MASc PG 40 blocks,sa,56,56,7,1
sk_01,B126413,42,1,MASc PG 40 blocks,sa,56,56,7,1
sk_01,B45231,42,1,MASc PG 40 blocks,sa,56,56,7,1
sk_02,B109340,42,1,MASc PG 40 blocks,sa,56,56,7,1
sk_02,B110288,42,1,MASc PG 40 blocks,sa,56,56,7,1
sk_02,B53160,42,1,MASc PG 40 blocks,sa,56,56,7,1
sk_03,B124193,42,1,MASc PG 40 blocks,sa,56,56,7,1
sk_03,B126413,42,1,MASc PG 40 blocks,sa,56,56,7,1
sk_03,B126589,42,1,MASc PG 40 blocks,sa,56,56,7,1
sk_04,B109915,42,1,MASc PG 40 blocks,sa,56,56,7,1
sk_04,B110288,42,1,MASc PG 40 blocks,sa,56,56,7,1
sk_04,B110471,42,1,MASc PG 40 blocks,sa,56,56,7,1
sk_05,B126589,42,1,MASc PG 40 blocks,sa,56,56,7,1
sk_05,B126869,42,1,MASc PG 40 blocks,sa,56,56,7,1
sk_05,B42891,42,1,MASc PG 40 blocks,sa,56,56,7,1
sk_06,B110288,42,1,MASc PG 40 blocks,sa,56,56,7,1
sk_06,B110471,42,1,MASc PG 40 blocks,sa,56,56,7,1
sk_06,B42891,42,1,MASc PG 40 blocks,sa,56,56,7,1
fb_01,B107189,43,1,MASc PG 40 blocks,sa,56,56,7,1
fb_01,B108060,43,1,MASc PG 40 blocks,sa,56,56,7,1
fb_01,B108124,43,1,MASc PG 40 blocks,sa,56,56,7,1
fb_02,B108339,43,1,MASc PG 40 blocks,sa,56,56,7,1
fb_02,B109517,43,1,MASc PG 40 blocks,sa,56,56,7,1
fb_02,B120266,43,1,MASc PG 40 blocks,sa,56,56,7,1
fb_03,B110288,43,1,MASc PG 40 blocks,sa,56,56,7,1
fb_03,B110471,43,1,MASc PG 40 blocks,sa,56,56,7,1
fb_03,B111410,43,1,MASc PG 40 blocks,sa,56,56,7,1
fb_04,B113324,43,1,MASc PG 40 blocks,sa,56,56,7,1
fb_04,B114477,43,1,MASc PG 40 blocks,sa,56,56,7,1
fb_04,B53160,43,1,MASc PG 40 blocks,sa,56,56,7,1
fb_05,B126589,43,1,MASc PG 40 blocks,sa,56,56,7,1
fb_05,B126869,43,1,MASc PG 40 blocks,sa,56,56,7,1
fb_05,B127158,43,1,MASc PG 40 blocks,sa,56,56,7,1
fb_06,B108060,43,1,MASc PG 40 blocks,sa,56,56,7,1
fb_06,B126589,43,1,MASc PG 40 blocks,sa,56,56,7,1
fb_06,B145584,43,1,MASc PG 40 blocks,sa,56,56,7,1
fb_01,B108339,44,1,MASc PG 40 blocks,sa,56,56,7,1
fb_01,B109340,44,1,MASc PG 40 blocks,sa,56,56,7,1
fb_01,B109517,44,1,MASc PG 40 blocks,sa,56,56,7,1
fb_02,B108124,44,1,MASc PG 40 blocks,sa,56,56,7,1
fb_02,B109915,44,1,MASc PG 40 blocks,sa,56,56,7,1
fb_02,B110471,44,1,MASc PG 40 blocks,sa,56,56,7,1
fb_03,B111410,44,1,MASc PG 40 blocks,sa,56,56,7,1
fb_03,B112038,44,1,MASc PG 40 blocks,sa,56,56,7,1
fb_03,B121154,44,1,MASc PG 40 blocks,sa,56,56,7,1
fb_04,B120266,44,1,MASc PG 40 blocks,sa,56,56,7,1
fb_04,B121455,44,1,MASc PG 40 blocks,sa,56,56,7,1
fb_04,B121928,44,1,MASc PG 40 blocks,sa,56,56,7,1
fb_05,B108339,44,1,MASc PG 40 blocks,sa,56,56,7,1
fb_05,B127158,44,1,MASc PG 40 blocks,sa,56,56,7,1
fb_05,B129183,44,1,MASc PG 40 blocks,sa,56,56,7,1
fb_06,B109340,44,1,MASc PG 40 blocks,sa,56,56,7,1
fb_06,B111867,44,1,MASc PG 40 blocks,sa,56,56,7,1
fb_06,B111867,44,1,MASc PG 40 blocks,sa,56,56,7,1
sk_01,B109517,44,1,MASc PG 40 blocks,sa,56,56,7,1
sk_01,B110288,44,1,MASc PG 40 blocks,sa,56,56,7,1
sk_01,B110471,44,1,MASc PG 40 blocks,sa,56,56,7,1
sk_02,B108060,44,1,MASc PG 40 blocks,sa,56,56,7,1
sk_02,B113324,44,1,MASc PG 40 blocks,sa,56,56,7,1
sk_02,B114477,44,1,MASc PG 40 blocks,sa,56,56,7,1
sk_03,B108060,44,1,MASc PG 40 blocks,sa,56,56,7,1
sk_03,B108339,44,1,MASc PG 40 blocks,sa,56,56,7,1
sk_03,B127158,44,1,MASc PG 40 blocks,sa,56,56,7,1
sk_04,B108060,44,1,MASc PG 40 blocks,sa,56,56,7,1
sk_04,B126589,44,1,MASc PG 40 blocks,sa,56,56,7,1
sk_04,B53160,44,1,MASc PG 40 blocks,sa,56,56,7,1
sk_05,B107189,44,1,MASc PG 40 blocks,sa,56,56,7,1
sk_05,B108124,44,1,MASc PG 40 blocks,sa,56,56,7,1
sk_05,B126589,44,1,MASc PG 40 blocks,sa,56,56,7,1
sk_06,B108124,44,1,MASc PG 40 blocks,sa,56,56,7,1
sk_06,B126589,44,1,MASc PG 40 blocks,sa,56,56,7,1
sk_06,B127158,44,1,MASc PG 40 blocks,sa,56,56,7,1
fb_01,B109915,45,1,MASc PG 40 blocks,sa,56,56,7,1
fb_01,B110288,45,1,MASc PG 40 blocks,sa,56,56,7,1
fb_01,B110471,45,1,MASc PG 40 blocks,sa,56,56,7,1
fb_02,B111480,45,1,MASc PG 40 blocks,sa,56,56,7,1
fb_02,B111480,45,1,MASc PG 40 blocks,sa,56,56,7,1
fb_02,B127158,45,1,MASc PG 40 blocks,sa,56,56,7,1
fb_03,B111480,45,1,MASc PG 40 blocks,sa,56,56,7,1
fb_03,B112990,45,1,MASc PG 40 blocks,sa,56,56,7,1
fb_03,B114477,45,1,MASc PG 40 blocks,sa,56,56,7,1
fb_04,B124193,45,1,MASc PG 40 blocks,sa,56,56,7,1
fb_04,B126413,45,1,MASc PG 40 blocks,sa,56,56,7,1
fb_04,B44010,45,1,MASc PG 40 blocks,sa,56,56,7,1
fb_05,B42891,45,1,MASc PG 40 blocks,sa,56,56,7,1
fb_05,B44010,45,1,MASc PG 40 blocks,sa,56,56,7,1
fb_05,B53160,45,1,MASc PG 40 blocks,sa,56,56,7,1
fb_06,B110471,45,1,MASc PG 40 blocks,sa,56,56,7,1
fb_06,B111410,45,1,MASc PG 40 blocks,sa,56,56,7,1
fb_06,B111480,45,1,MASc PG 40 blocks,sa,56,56,7,1
pr_01,B108060,45,1,MASc PG 40 blocks,sa,56,56,7,1
pr_01,B108124,45,1,MASc PG 40 blocks,sa,56,56,7,1
pr_02,B126589,45,1,MASc PG 40 blocks,sa,56,56,7,1
pr_02,B53160,45,1,MASc PG 40 blocks,sa,56,56,7,1
pr_03,B126589,45,1,MASc PG 40 blocks,sa,56,56,7,1
pr_04,B127158,45,1,MASc PG 40 blocks,sa,56,56,7,1
pr_05,B108060,45,1,MASc PG 40 blocks,sa,56,56,7,1
pr_06,B108060,45,1,MASc PG 40 blocks,sa,56,56,7,1
sk_01,B108339,45,1,MASc PG 40 blocks,sa,56,56,7,1
sk_01,B109517,45,1,MASc PG 40 blocks,sa,56,56,7,1
sk_01,B127158,45,1,MASc PG 40 blocks,sa,56,56,7,1
sk_02,B109915,45,1,MASc PG 40 blocks,sa,56,56,7,1
sk_02,B120266,45,1,MASc PG 40 blocks,sa,56,56,7,1
sk_02,B121455,45,1,MASc PG 40 blocks,sa,56,56,7,1
sk_03,B109517,45,1,MASc PG 40 blocks,sa,56,56,7,1
sk_03,B109915,45,1,MASc PG 40 blocks,sa,56,56,7,1
sk_03,B127158,45,1,MASc PG 40 blocks,sa,56,56,7,1
sk_04,B108339,45,1,MASc PG 40 blocks,sa,56,56,7,1
sk_04,B111410,45,1,MASc PG 40 blocks,sa,56,56,7,1
sk_04,B112038,45,1,MASc PG 40 blocks,sa,56,56,7,1
sk_05,B108124,45,1,MASc PG 40 blocks,sa,56,56,7,1
sk_05,B108339,45,1,MASc PG 40 blocks,sa,56,56,7,1
sk_05,B126589,45,1,MASc PG 40 blocks,sa,56,56,7,1
sk_06,B108339,45,1,MASc PG 40 blocks,sa,56,56,7,1
sk_06,B109340,45,1,MASc PG 40 blocks,sa,56,56,7,1
sk_06,B127158,45,1,MASc PG 40 blocks,sa,56,56,7,1
fb_01,B111480,46,1,MASc PG 40 blocks,sa,56,56,7,1
fb_01,B124193,46,1,MASc PG 40 blocks,sa,56,56,7,1
fb_01,B44010,46,1,MASc PG 40 blocks,sa,56,56,7,1
fb_02,B110471,46,1,MASc PG 40 blocks,sa,56,56,7,1
fb_02,B112038,46,1,MASc PG 40 blocks,sa,56,56,7,1
fb_02,B44010,46,1,MASc PG 40 blocks,sa,56,56,7,1
fb_03,B120266,46,1,MASc PG 40 blocks,sa,56,56,7,1
fb_03,B121455,46,1,MASc PG 40 blocks,sa,56,56,7,1
fb_03,B55424,46,1,MASc PG 40 blocks,sa,56,56,7,1
fb_04,B111480,46,1,MASc PG 40 blocks,sa,56,56,7,1
fb_04,B114861,46,1,MASc PG 40 blocks,sa,56,56,7,1
fb_04,B126492,46,1,MASc PG 40 blocks,sa,56,56,7,1
fb_05,B107189,46,1,MASc PG 40 blocks,sa,56,56,7,1
fb_05,B108060,46,1,MASc PG 40 blocks,sa,56,56,7,1
fb_05,B68233,46,1,MASc PG 40 blocks,sa,56,56,7,1
fb_06,B112038,46,1,MASc PG 40 blocks,sa,56,56,7,1
fb_06,B112990,46,1,MASc PG 40 blocks,sa,56,56,7,1
fb_06,B113324,46,1,MASc PG 40 blocks,sa,56,56,7,1
ld_01,B108124,46,1,MASc PG 40 blocks,sa,56,56,7,1
ld_02,B126589,46,1,MASc PG 40 blocks,sa,56,56,7,1
ld_03,B108060,46,1,MASc PG 40 blocks,sa,56,56,7,1
ld_04,B108060,46,1,MASc PG 40 blocks,sa,56,56,7,1
pr_01,B108339,46,1,MASc PG 40 blocks,sa,56,56,7,1
pr_01,B109517,46,1,MASc PG 40 blocks,sa,56,56,7,1
pr_02,B109915,46,1,MASc PG 40 blocks,sa,56,56,7,1
pr_02,B127158,46,1,MASc PG 40 blocks,sa,56,56,7,1
pr_03,B109517,46,1,MASc PG 40 blocks,sa,56,56,7,1
pr_03,B127158,46,1,MASc PG 40 blocks,sa,56,56,7,1
pr_04,B108124,46,1,MASc PG 40 blocks,sa,56,56,7,1
pr_04,B108339,46,1,MASc PG 40 blocks,sa,56,56,7,1
pr_05,B108339,46,1,MASc PG 40 blocks,sa,56,56,7,1
pr_06,B108339,46,1,MASc PG 40 blocks,sa,56,56,7,1
sk_01,B111867,46,1,MASc PG 40 blocks,sa,56,56,7,1
sk_01,B111867,46,1,MASc PG 40 blocks,sa,56,56,7,1
sk_01,B53160,46,1,MASc PG 40 blocks,sa,56,56,7,1
sk_02,B124193,46,1,MASc PG 40 blocks,sa,56,56,7,1
sk_02,B126413,46,1,MASc PG 40 blocks,sa,56,56,7,1
sk_02,B44010,46,1,MASc PG 40 blocks,sa,56,56,7,1
sk_03,B129183,46,1,MASc PG 40 blocks,sa,56,56,7,1
sk_03,B42891,46,1,MASc PG 40 blocks,sa,56,56,7,1
sk_03,B44010,46,1,MASc PG 40 blocks,sa,56,56,7,1
sk_04,B112990,46,1,MASc PG 40 blocks,sa,56,56,7,1
sk_04,B113324,46,1,MASc PG 40 blocks,sa,56,56,7,1
sk_04,B114477,46,1,MASc PG 40 blocks,sa,56,56,7,1
sk_05,B111867,46,1,MASc PG 40 blocks,sa,56,56,7,1
sk_05,B145584,46,1,MASc PG 40 blocks,sa,56,56,7,1
sk_05,B44010,46,1,MASc PG 40 blocks,sa,56,56,7,1
sk_06,B109915,46,1,MASc PG 40 blocks,sa,56,56,7,1
sk_06,B110288,46,1,MASc PG 40 blocks,sa,56,56,7,1
sk_06,B110471,46,1,MASc PG 40 blocks,sa,56,56,7,1
fb_01,B112038,47,1,MASc PG 40 blocks,sa,56,56,7,1
fb_01,B112990,47,1,MASc PG 40 blocks,sa,56,56,7,1
fb_01,B127158,47,1,MASc PG 40 blocks,sa,56,56,7,1
fb_02,B114861,47,1,MASc PG 40 blocks,sa,56,56,7,1
fb_02,B120266,47,1,MASc PG 40 blocks,sa,56,56,7,1
fb_02,B127158,47,1,MASc PG 40 blocks,sa,56,56,7,1
fb_03,B123357,47,1,MASc PG 40 blocks,sa,56,56,7,1
fb_03,B124453,47,1,MASc PG 40 blocks,sa,56,56,7,1
fb_03,B126589,47,1,MASc PG 40 blocks,sa,56,56,7,1
fb_04,B111480,47,1,MASc PG 40 blocks,sa,56,56,7,1
fb_04,B129183,47,1,MASc PG 40 blocks,sa,56,56,7,1
fb_04,B145584,47,1,MASc PG 40 blocks,sa,56,56,7,1
fb_05,B108060,47,1,MASc PG 40 blocks,sa,56,56,7,1
fb_05,B108124,47,1,MASc PG 40 blocks,sa,56,56,7,1
fb_05,B108339,47,1,MASc PG 40 blocks,sa,56,56,7,1
fb_06,B114477,47,1,MASc PG 40 blocks,sa,56,56,7,1
fb_06,B121154,47,1,MASc PG 40 blocks,sa,56,56,7,1
fb_06,B127158,47,1,MASc PG 40 blocks,sa,56,56,7,1
ld_01,B108339,47,1,MASc PG 40 blocks,sa,56,56,7,1
ld_01,B127158,47,1,MASc PG 40 blocks,sa,56,56,7,1
ld_02,B108124,47,1,MASc PG 40 blocks,sa,56,56,7,1
ld_02,B108339,47,1,MASc PG 40 blocks,sa,56,56,7,1
ld_03,B109517,47,1,MASc PG 40 blocks,sa,56,56,7,1
ld_04,B109517,47,1,MASc PG 40 blocks,sa,56,56,7,1
ld_05,B127158,47,1,MASc PG 40 blocks,sa,56,56,7,1
ld_06,B109915,47,1,MASc PG 40 blocks,sa,56,56,7,1
pr_01,B111867,47,1,MASc PG 40 blocks,sa,56,56,7,1
pr_01,B114477,47,1,MASc PG 40 blocks,sa,56,56,7,1
pr_02,B110471,47,1,MASc PG 40 blocks,sa,56,56,7,1
pr_02,B53160,47,1,MASc PG 40 blocks,sa,56,56,7,1
pr_03,B113324,47,1,MASc PG 40 blocks,sa,56,56,7,1
pr_03,B42891,47,1,MASc PG 40 blocks,sa,56,56,7,1
pr_04,B110288,47,1,MASc PG 40 blocks,sa,56,56,7,1
pr_04,B53160,47,1,MASc PG 40 blocks,sa,56,56,7,1
pr_05,B44010,47,1,MASc PG 40 blocks,sa,56,56,7,1
pr_05,B44010,47,1,MASc PG 40 blocks,sa,56,56,7,1
pr_06,B44010,47,1,MASc PG 40 blocks,sa,56,56,7,1
sk_01,B107189,47,1,MASc PG 40 blocks,sa,56,56,7,1
sk_01,B111867,47,1,MASc PG 40 blocks,sa,56,56,7,1
sk_01,B44010,47,1,MASc PG 40 blocks,sa,56,56,7,1
sk_02,B126492,47,1,MASc PG 40 blocks,sa,56,56,7,1
sk_02,B126869,47,1,MASc PG 40 blocks,sa,56,56,7,1
sk_02,B44010,47,1,MASc PG 40 blocks,sa,56,56,7,1
sk_03,B109340,47,1,MASc PG 40 blocks,sa,56,56,7,1
sk_03,B111867,47,1,MASc PG 40 blocks,sa,56,56,7,1
sk_03,B44010,47,1,MASc PG 40 blocks,sa,56,56,7,1
sk_04,B120266,47,1,MASc PG 40 blocks,sa,56,56,7,1
sk_04,B121455,47,1,MASc PG 40 blocks,sa,56,56,7,1
sk_04,B121928,47,1,MASc PG 40 blocks,sa,56,56,7,1
sk_05,B107189,47,1,MASc PG 40 blocks,sa,56,56,7,1
sk_05,B111867,47,1,MASc PG 40 blocks,sa,56,56,7,1
sk_05,B44010,47,1,MASc PG 40 blocks,sa,56,56,7,1
sk_06,B111410,47,1,MASc PG 40 blocks,sa,56,56,7,1
sk_06,B111480,47,1,MASc PG 40 blocks,sa,56,56,7,1
sk_06,B112038,47,1,MASc PG 40 blocks,sa,56,56,7,1
fb_01,B114477,48,1,MASc PG 40 blocks,sa,56,56,7,1
fb_01,B120266,48,1,MASc PG 40 blocks,sa,56,56,7,1
fb_01,B127158,48,1,MASc PG 40 blocks,sa,56,56,7,1
fb_02,B121455,48,1,MASc PG 40 blocks,sa,56,56,7,1
fb_02,B126589,48,1,MASc PG 40 blocks,sa,56,56,7,1
fb_02,B127158,48,1,MASc PG 40 blocks,sa,56,56,7,1
fb_03,B126413,48,1,MASc PG 40 blocks,sa,56,56,7,1
fb_03,B126492,48,1,MASc PG 40 blocks,sa,56,56,7,1
fb_03,B42891,48,1,MASc PG 40 blocks,sa,56,56,7,1
fb_04,B124540,48,1,MASc PG 40 blocks,sa,56,56,7,1
fb_04,B127158,48,1,MASc PG 40 blocks,sa,56,56,7,1
fb_04,B45231,48,1,MASc PG 40 blocks,sa,56,56,7,1
fb_05,B109340,48,1,MASc PG 40 blocks,sa,56,56,7,1
fb_05,B111480,48,1,MASc PG 40 blocks,sa,56,56,7,1
fb_05,B112038,48,1,MASc PG 40 blocks,sa,56,56,7,1
fb_06,B111480,48,1,MASc PG 40 blocks,sa,56,56,7,1
fb_06,B121928,48,1,MASc PG 40 blocks,sa,56,56,7,1
fb_06,B126413,48,1,MASc PG 40 blocks,sa,56,56,7,1
ld_01,B111867,48,1,MASc PG 40 blocks,sa,56,56,7,1
ld_01,B53160,48,1,MASc PG 40 blocks,sa,56,56,7,1
ld_02,B113324,48,1,MASc PG 40 blocks,sa,56,56,7,1
ld_02,B44010,48,1,MASc PG 40 blocks,sa,56,56,7,1
ld_03,B110471,48,1,MASc PG 40 blocks,sa,56,56,7,1
ld_04,B110288,48,1,MASc PG 40 blocks,sa,56,56,7,1
ld_05,B44010,48,1,MASc PG 40 blocks,sa,56,56,7,1
ld_06,B53160,48,1,MASc PG 40 blocks,sa,56,56,7,1
pr_01,B111867,48,1,MASc PG 40 blocks,sa,56,56,7,1
pr_01,B44010,48,1,MASc PG 40 blocks,sa,56,56,7,1
pr_02,B107189,48,1,MASc PG 40 blocks,sa,56,56,7,1
pr_02,B121455,48,1,MASc PG 40 blocks,sa,56,56,7,1
pr_03,B107189,48,1,MASc PG 40 blocks,sa,56,56,7,1
pr_03,B111410,48,1,MASc PG 40 blocks,sa,56,56,7,1
pr_04,B44010,48,1,MASc PG 40 blocks,sa,56,56,7,1
pr_04,B44010,48,1,MASc PG 40 blocks,sa,56,56,7,1
pr_05,B112038,48,1,MASc PG 40 blocks,sa,56,56,7,1
pr_05,B44010,48,1,MASc PG 40 blocks,sa,56,56,7,1
pr_06,B120266,48,1,MASc PG 40 blocks,sa,56,56,7,1
pr_06,B126492,48,1,MASc PG 40 blocks,sa,56,56,7,1
sk_01,B108060,48,1,MASc PG 40 blocks,sa,56,56,7,1
sk_01,B108124,48,1,MASc PG 40 blocks,sa,56,56,7,1
sk_01,B108339,48,1,MASc PG 40 blocks,sa,56,56,7,1
sk_02,B126413,48,1,MASc PG 40 blocks,sa,56,56,7,1
sk_02,B127158,48,1,MASc PG 40 blocks,sa,56,56,7,1
sk_02,B129183,48,1,MASc PG 40 blocks,sa,56,56,7,1
sk_03,B108060,48,1,MASc PG 40 blocks,sa,56,56,7,1
sk_03,B109915,48,1,MASc PG 40 blocks,sa,56,56,7,1
sk_03,B110288,48,1,MASc PG 40 blocks,sa,56,56,7,1
sk_04,B121455,48,1,MASc PG 40 blocks,sa,56,56,7,1
sk_04,B124453,48,1,MASc PG 40 blocks,sa,56,56,7,1
sk_04,B145584,48,1,MASc PG 40 blocks,sa,56,56,7,1
sk_05,B108124,48,1,MASc PG 40 blocks,sa,56,56,7,1
sk_05,B110471,48,1,MASc PG 40 blocks,sa,56,56,7,1
sk_05,B68233,48,1,MASc PG 40 blocks,sa,56,56,7,1
sk_06,B112990,48,1,MASc PG 40 blocks,sa,56,56,7,1
sk_06,B113324,48,1,MASc PG 40 blocks,sa,56,56,7,1
sk_06,B114477,48,1,MASc PG 40 blocks,sa,56,56,7,1
fb_01,B127158,49,1,MASc PG 40 blocks,sa,56,56,7,1
fb_01,B127158,49,1,MASc PG 40 blocks,sa,56,56,7,1
fb_01,B53160,49,1,MASc PG 40 blocks,sa,56,56,7,1
fb_02,B111480,49,1,MASc PG 40 blocks,sa,56,56,7,1
fb_02,B127158,49,1,MASc PG 40 blocks,sa,56,56,7,1
fb_02,B45231,49,1,MASc PG 40 blocks,sa,56,56,7,1
fb_03,B112990,49,1,MASc PG 40 blocks,sa,56,56,7,1
fb_03,B124193,49,1,MASc PG 40 blocks,sa,56,56,7,1
fb_03,B126869,49,1,MASc PG 40 blocks,sa,56,56,7,1
fb_04,B53160,49,1,MASc PG 40 blocks,sa,56,56,7,1
fb_04,B55424,49,1,MASc PG 40 blocks,sa,56,56,7,1
fb_04,B65573,49,1,MASc PG 40 blocks,sa,56,56,7,1
fb_05,B109915,49,1,MASc PG 40 blocks,sa,56,56,7,1
fb_05,B111480,49,1,MASc PG 40 blocks,sa,56,56,7,1
fb_05,B68233,49,1,MASc PG 40 blocks,sa,56,56,7,1
fb_06,B121455,49,1,MASc PG 40 blocks,sa,56,56,7,1
fb_06,B126492,49,1,MASc PG 40 blocks,sa,56,56,7,1
fb_06,B44010,49,1,MASc PG 40 blocks,sa,56,56,7,1
ld_01,B107189,49,1,MASc PG 40 blocks,sa,56,56,7,1
ld_01,B111867,49,1,MASc PG 40 blocks,sa,56,56,7,1
ld_02,B121455,49,1,MASc PG 40 blocks,sa,56,56,7,1
ld_02,B44010,49,1,MASc PG 40 blocks,sa,56,56,7,1
ld_03,B44010,49,1,MASc PG 40 blocks,sa,56,56,7,1
ld_04,B44010,49,1,MASc PG 40 blocks,sa,56,56,7,1
ld_05,B44010,49,1,MASc PG 40 blocks,sa,56,56,7,1
ld_06,B111867,49,1,MASc PG 40 blocks,sa,56,56,7,1
pr_01,B108124,49,1,MASc PG 40 blocks,sa,56,56,7,1
pr_01,B127158,49,1,MASc PG 40 blocks,sa,56,56,7,1
pr_02,B108124,49,1,MASc PG 40 blocks,sa,56,56,7,1
pr_02,B109915,49,1,MASc PG 40 blocks,sa,56,56,7,1
pr_03,B112990,49,1,MASc PG 40 blocks,sa,56,56,7,1
pr_03,B114477,49,1,MASc PG 40 blocks,sa,56,56,7,1
pr_04,B108060,49,1,MASc PG 40 blocks,sa,56,56,7,1
pr_04,B145584,49,1,MASc PG 40 blocks,sa,56,56,7,1
pr_05,B108060,49,1,MASc PG 40 blocks,sa,56,56,7,1
pr_05,B108339,49,1,MASc PG 40 blocks,sa,56,56,7,1
pr_06,B126413,49,1,MASc PG 40 blocks,sa,56,56,7,1
sk_01,B111867,49,1,MASc PG 40 blocks,sa,56,56,7,1
sk_01,B111867,49,1,MASc PG 40 blocks,sa,56,56,7,1
sk_01,B45231,49,1,MASc PG 40 blocks,sa,56,56,7,1
sk_02,B111410,49,1,MASc PG 40 blocks,sa,56,56,7,1
sk_02,B114861,49,1,MASc PG 40 blocks,sa,56,56,7,1
sk_02,B42891,49,1,MASc PG 40 blocks,sa,56,56,7,1
sk_03,B108124,49,1,MASc PG 40 blocks,sa,56,56,7,1
sk_03,B111480,49,1,MASc PG 40 blocks,sa,56,56,7,1
sk_03,B112038,49,1,MASc PG 40 blocks,sa,56,56,7,1
sk_04,B108124,49,1,MASc PG 40 blocks,sa,56,56,7,1
sk_04,B114861,49,1,MASc PG 40 blocks,sa,56,56,7,1
sk_04,B126492,49,1,MASc PG 40 blocks,sa,56,56,7,1
sk_05,B109340,49,1,MASc PG 40 blocks,sa,56,56,7,1
sk_05,B111867,49,1,MASc PG 40 blocks,sa,56,56,7,1
sk_05,B114861,49,1,MASc PG 40 blocks,sa,56,56,7,1
sk_06,B120266,49,1,MASc PG 40 blocks,sa,56,56,7,1
sk_06,B121455,49,1,MASc PG 40 blocks,sa,56,56,7,1
sk_06,B121928,49,1,MASc PG 40 blocks,sa,56,56,7,1
fb_01,B107189,50,1,MASc PG 40 blocks,sa,56,56,7,1
fb_01,B109340,50,1,MASc PG 40 blocks,sa,56,56,7,1
fb_01,B111867,50,1,MASc PG 40 blocks,sa,56,56,7,1
fb_02,B110288,50,1,MASc PG 40 blocks,sa,56,56,7,1
fb_02,B124193,50,1,MASc PG 40 blocks,sa,56,56,7,1
fb_02,B45231,50,1,MASc PG 40 blocks,sa,56,56,7,1
fb_03,B108060,50,1,MASc PG 40 blocks,sa,56,56,7,1
fb_03,B126589,50,1,MASc PG 40 blocks,sa,56,56,7,1
fb_03,B42891,50,1,MASc PG 40 blocks,sa,56,56,7,1
fb_04,B126413,50,1,MASc PG 40 blocks,sa,56,56,7,1
fb_04,B126492,50,1,MASc PG 40 blocks,sa,56,56,7,1
fb_04,B53160,50,1,MASc PG 40 blocks,sa,56,56,7,1
fb_05,B111480,50,1,MASc PG 40 blocks,sa,56,56,7,1
fb_05,B127158,50,1,MASc PG 40 blocks,sa,56,56,7,1
fb_05,B55424,50,1,MASc PG 40 blocks,sa,56,56,7,1
fb_06,B129183,50,1,MASc PG 40 blocks,sa,56,56,7,1
fb_06,B145584,50,1,MASc PG 40 blocks,sa,56,56,7,1
fb_06,B42891,50,1,MASc PG 40 blocks,sa,56,56,7,1
fb_01,B108339,51,1,MASc PG 40 blocks,sa,56,56,7,1
fb_01,B109340,51,1,MASc PG 40 blocks,sa,56,56,7,1
fb_01,B109517,51,1,MASc PG 40 blocks,sa,56,56,7,1
fb_02,B121154,51,1,MASc PG 40 blocks,sa,56,56,7,1
fb_02,B126413,51,1,MASc PG 40 blocks,sa,56,56,7,1
fb_02,B126492,51,1,MASc PG 40 blocks,sa,56,56,7,1
fb_03,B109915,51,1,MASc PG 40 blocks,sa,56,56,7,1
fb_03,B121154,51,1,MASc PG 40 blocks,sa,56,56,7,1
fb_03,B126869,51,1,MASc PG 40 blocks,sa,56,56,7,1
fb_04,B110288,51,1,MASc PG 40 blocks,sa,56,56,7,1
fb_04,B111867,51,1,MASc PG 40 blocks,sa,56,56,7,1
fb_04,B127158,51,1,MASc PG 40 blocks,sa,56,56,7,1
fb_05,B111410,51,1,MASc PG 40 blocks,sa,56,56,7,1
fb_05,B111480,51,1,MASc PG 40 blocks,sa,56,56,7,1
fb_05,B127158,51,1,MASc PG 40 blocks,sa,56,56,7,1
fb_06,B111480,51,1,MASc PG 40 blocks,sa,56,56,7,1
fb_06,B124453,51,1,MASc PG 40 blocks,sa,56,56,7,1
fb_06,B45231,51,1,MASc PG 40 blocks,sa,56,56,7,1
sk_01,B110288,51,1,MASc PG 40 blocks,sa,56,56,7,1
sk_01,B42891,51,1,MASc PG 40 blocks,sa,56,56,7,1
sk_01,B42891,51,1,MASc PG 40 blocks,sa,56,56,7,1
sk_02,B126413,51,1,MASc PG 40 blocks,sa,56,56,7,1
sk_02,B126492,51,1,MASc PG 40 blocks,sa,56,56,7,1
sk_02,B45231,51,1,MASc PG 40 blocks,sa,56,56,7,1
sk_03,B110288,51,1,MASc PG 40 blocks,sa,56,56,7,1
sk_03,B126413,51,1,MASc PG 40 blocks,sa,56,56,7,1
sk_03,B55424,51,1,MASc PG 40 blocks,sa,56,56,7,1
sk_04,B108060,51,1,MASc PG 40 blocks,sa,56,56,7,1
sk_04,B111867,51,1,MASc PG 40 blocks,sa,56,56,7,1
sk_04,B127158,51,1,MASc PG 40 blocks,sa,56,56,7,1
sk_05,B111867,51,1,MASc PG 40 blocks,sa,56,56,7,1
sk_05,B127158,51,1,MASc PG 40 blocks,sa,56,56,7,1
sk_05,B145584,51,1,MASc PG 40 blocks,sa,56,56,7,1
sk_06,B109340,51,1,MASc PG 40 blocks,sa,56,56,7,1
sk_06,B111867,51,1,MASc PG 40 blocks,sa,56,56,7,1
sk_06,B145584,51,1,MASc PG 40 blocks,sa,56,56,7,1
fb_01,B110288,52,1,MASc PG 40 blocks,sa,56,56,7,1
fb_01,B123357,52,1,MASc PG 40 blocks,sa,56,56,7,1
fb_01,B127158,52,1,MASc PG 40 blocks,sa,56,56,7,1
fb_02,B111480,52,1,MASc PG 40 blocks,sa,56,56,7,1
fb_02,B145584,52,1,MASc PG 40 blocks,sa,56,56,7,1
fb_02,B55424,52,1,MASc PG 40 blocks,sa,56,56,7,1
fb_03,B111410,52,1,MASc PG 40 blocks,sa,56,56,7,1
fb_03,B111480,52,1,MASc PG 40 blocks,sa,56,56,7,1
fb_03,B68233,52,1,MASc PG 40 blocks,sa,56,56,7,1
fb_04,B109915,52,1,MASc PG 40 blocks,sa,56,56,7,1
fb_04,B126869,52,1,MASc PG 40 blocks,sa,56,56,7,1
fb_04,B42891,52,1,MASc PG 40 blocks,sa,56,56,7,1
fb_05,B112990,52,1,MASc PG 40 blocks,sa,56,56,7,1
fb_05,B113324,52,1,MASc PG 40 blocks,sa,56,56,7,1
fb_05,B114477,52,1,MASc PG 40 blocks,sa,56,56,7,1
fb_06,B126589,52,1,MASc PG 40 blocks,sa,56,56,7,1
fb_06,B65573,52,1,MASc PG 40 blocks,sa,56,56,7,1
fb_06,B68233,52,1,MASc PG 40 blocks,sa,56,56,7,1
pr_01,B108060,52,1,MASc PG 40 blocks,sa,56,56,7,1
pr_01,B111867,52,1,MASc PG 40 blocks,sa,56,56,7,1
pr_02,B110288,52,1,MASc PG 40 blocks,sa,56,56,7,1
pr_02,B126413,52,1,MASc PG 40 blocks,sa,56,56,7,1
pr_03,B145584,52,1,MASc PG 40 blocks,sa,56,56,7,1
pr_03,B42891,52,1,MASc PG 40 blocks,sa,56,56,7,1
pr_04,B42891,52,1,MASc PG 40 blocks,sa,56,56,7,1
pr_04,B45231,52,1,MASc PG 40 blocks,sa,56,56,7,1
pr_05,B42891,52,1,MASc PG 40 blocks,sa,56,56,7,1
pr_05,B55424,52,1,MASc PG 40 blocks,sa,56,56,7,1
pr_06,B126492,52,1,MASc PG 40 blocks,sa,56,56,7,1
pr_06,B127158,52,1,MASc PG 40 blocks,sa,56,56,7,1
sk_01,B109915,52,1,MASc PG 40 blocks,sa,56,56,7,1
sk_01,B127158,52,1,MASc PG 40 blocks,sa,56,56,7,1
sk_01,B45231,52,1,MASc PG 40 blocks,sa,56,56,7,1
sk_02,B126589,52,1,MASc PG 40 blocks,sa,56,56,7,1
sk_02,B126869,52,1,MASc PG 40 blocks,sa,56,56,7,1
sk_02,B127158,52,1,MASc PG 40 blocks,sa,56,56,7,1
sk_03,B109517,52,1,MASc PG 40 blocks,sa,56,56,7,1
sk_03,B109915,52,1,MASc PG 40 blocks,sa,56,56,7,1
sk_03,B127158,52,1,MASc PG 40 blocks,sa,56,56,7,1
sk_04,B107189,52,1,MASc PG 40 blocks,sa,56,56,7,1
sk_04,B111867,52,1,MASc PG 40 blocks,sa,56,56,7,1
sk_04,B127158,52,1,MASc PG 40 blocks,sa,56,56,7,1
sk_05,B108339,52,1,MASc PG 40 blocks,sa,56,56,7,1
sk_05,B124453,52,1,MASc PG 40 blocks,sa,56,56,7,1
sk_05,B126589,52,1,MASc PG 40 blocks,sa,56,56,7,1
sk_06,B109915,52,1,MASc PG 40 blocks,sa,56,56,7,1
sk_06,B110288,52,1,MASc PG 40 blocks,sa,56,56,7,1
sk_06,B110288,52,1,MASc PG 40 blocks,sa,56,56,7,1
fb_01,B111480,53,1,MASc PG 40 blocks,sa,56,56,7,1
fb_01,B114477,53,1,MASc PG 40 blocks,sa,56,56,7,1
fb_01,B53160,53,1,MASc PG 40 blocks,sa,56,56,7,1
fb_02,B107189,53,1,MASc PG 40 blocks,sa,56,56,7,1
fb_02,B110471,53,1,MASc PG 40 blocks,sa,56,56,7,1
fb_02,B42891,53,1,MASc PG 40 blocks,sa,56,56,7,1
fb_03,B113324,53,1,MASc PG 40 blocks,sa,56,56,7,1
fb_03,B127158,53,1,MASc PG 40 blocks,sa,56,56,7,1
fb_03,B53160,53,1,MASc PG 40 blocks,sa,56,56,7,1
fb_04,B111480,53,1,MASc PG 40 blocks,sa,56,56,7,1
fb_04,B44010,53,1,MASc PG 40 blocks,sa,56,56,7,1
fb_04,B45231,53,1,MASc PG 40 blocks,sa,56,56,7,1
fb_05,B110471,53,1,MASc PG 40 blocks,sa,56,56,7,1
fb_05,B121455,53,1,MASc PG 40 blocks,sa,56,56,7,1
fb_05,B121928,53,1,MASc PG 40 blocks,sa,56,56,7,1
fb_06,B108060,53,1,MASc PG 40 blocks,sa,56,56,7,1
fb_06,B108124,53,1,MASc PG 40 blocks,sa,56,56,7,1
fb_06,B129183,53,1,MASc PG 40 blocks,sa,56,56,7,1
ld_01,B110288,53,1,MASc PG 40 blocks,sa,56,56,7,1
ld_02,B42891,53,1,MASc PG 40 blocks,sa,56,56,7,1
ld_03,B42891,53,1,MASc PG 40 blocks,sa,56,56,7,1
ld_04,B45231,53,1,MASc PG 40 blocks,sa,56,56,7,1
ld_05,B111867,53,1,MASc PG 40 blocks,sa,56,56,7,1
pr_01,B110288,53,1,MASc PG 40 blocks,sa,56,56,7,1
pr_01,B127158,53,1,MASc PG 40 blocks,sa,56,56,7,1
pr_02,B127158,53,1,MASc PG 40 blocks,sa,56,56,7,1
pr_03,B109915,53,1,MASc PG 40 blocks,sa,56,56,7,1
pr_04,B45231,53,1,MASc PG 40 blocks,sa,56,56,7,1
pr_05,B126589,53,1,MASc PG 40 blocks,sa,56,56,7,1
pr_06,B127158,53,1,MASc PG 40 blocks,sa,56,56,7,1
sk_01,B126589,53,1,MASc PG 40 blocks,sa,56,56,7,1
sk_01,B42891,53,1,MASc PG 40 blocks,sa,56,56,7,1
sk_01,B65573,53,1,MASc PG 40 blocks,sa,56,56,7,1
sk_02,B129183,53,1,MASc PG 40 blocks,sa,56,56,7,1
sk_02,B145584,53,1,MASc PG 40 blocks,sa,56,56,7,1
sk_02,B55424,53,1,MASc PG 40 blocks,sa,56,56,7,1
sk_03,B111867,53,1,MASc PG 40 blocks,sa,56,56,7,1
sk_03,B113324,53,1,MASc PG 40 blocks,sa,56,56,7,1
sk_03,B114477,53,1,MASc PG 40 blocks,sa,56,56,7,1
sk_04,B126413,53,1,MASc PG 40 blocks,sa,56,56,7,1
sk_04,B126589,53,1,MASc PG 40 blocks,sa,56,56,7,1
sk_04,B126589,53,1,MASc PG 40 blocks,sa,56,56,7,1
sk_05,B126492,53,1,MASc PG 40 blocks,sa,56,56,7,1
sk_05,B65573,53,1,MASc PG 40 blocks,sa,56,56,7,1
sk_05,B68233,53,1,MASc PG 40 blocks,sa,56,56,7,1
sk_06,B111480,53,1,MASc PG 40 blocks,sa,56,56,7,1
sk_06,B111480,53,1,MASc PG 40 blocks,sa,56,56,7,1
sk_06,B111867,53,1,MASc PG 40 blocks,sa,56,56,7,1
fb_01,B111480,54,1,MASc PG 40 blocks,sa,56,56,7,1
fb_01,B127158,54,1,MASc PG 40 blocks,sa,56,56,7,1
fb_01,B129183,54,1,MASc PG 40 blocks,sa,56,56,7,1
fb_02,B44010,54,1,MASc PG 40 blocks,sa,56,56,7,1
fb_02,B45231,54,1,MASc PG 40 blocks,sa,56,56,7,1
fb_02,B53160,54,1,MASc PG 40 blocks,sa,56,56,7,1
fb_03,B111480,54,1,MASc PG 40 blocks,sa,56,56,7,1
fb_03,B120266,54,1,MASc PG 40 blocks,sa,56,56,7,1
fb_03,B126869,54,1,MASc PG 40 blocks,sa,56,56,7,1
fb_04,B109915,54,1,MASc PG 40 blocks,sa,56,56,7,1
fb_04,B127158,54,1,MASc PG 40 blocks,sa,56,56,7,1
fb_04,B68233,54,1,MASc PG 40 blocks,sa,56,56,7,1
fb_05,B111480,54,1,MASc PG 40 blocks,sa,56,56,7,1
fb_05,B124453,54,1,MASc PG 40 blocks,sa,56,56,7,1
fb_05,B44010,54,1,MASc PG 40 blocks,sa,56,56,7,1
fb_06,B111480,54,1,MASc PG 40 blocks,sa,56,56,7,1
fb_06,B127158,54,1,MASc PG 40 blocks,sa,56,56,7,1
fb_06,B65573,54,1,MASc PG 40 blocks,sa,56,56,7,1
ld_01,B127158,54,1,MASc PG 40 blocks,sa,56,56,7,1
ld_02,B127158,54,1,MASc PG 40 blocks,sa,56,56,7,1
ld_03,B127158,54,1,MASc PG 40 blocks,sa,56,56,7,1
ld_04,B109915,54,1,MASc PG 40 blocks,sa,56,56,7,1
ld_05,B110288,54,1,MASc PG 40 blocks,sa,56,56,7,1
ld_06,B45231,54,1,MASc PG 40 blocks,sa,56,56,7,1
pr_01,B111867,54,1,MASc PG 40 blocks,sa,56,56,7,1
pr_01,B55424,54,1,MASc PG 40 blocks,sa,56,56,7,1
pr_02,B126413,54,1,MASc PG 40 blocks,sa,56,56,7,1
pr_02,B65573,54,1,MASc PG 40 blocks,sa,56,56,7,1
pr_03,B126492,54,1,MASc PG 40 blocks,sa,56,56,7,1
pr_03,B145584,54,1,MASc PG 40 blocks,sa,56,56,7,1
pr_04,B126589,54,1,MASc PG 40 blocks,sa,56,56,7,1
pr_05,B126589,54,1,MASc PG 40 blocks,sa,56,56,7,1
pr_06,B42891,54,1,MASc PG 40 blocks,sa,56,56,7,1
sk_01,B108060,54,1,MASc PG 40 blocks,sa,56,56,7,1
sk_01,B108124,54,1,MASc PG 40 blocks,sa,56,56,7,1
sk_01,B113324,54,1,MASc PG 40 blocks,sa,56,56,7,1
sk_02,B108060,54,1,MASc PG 40 blocks,sa,56,56,7,1
sk_02,B108124,54,1,MASc PG 40 blocks,sa,56,56,7,1
sk_02,B126413,54,1,MASc PG 40 blocks,sa,56,56,7,1
sk_03,B121455,54,1,MASc PG 40 blocks,sa,56,56,7,1
sk_03,B121928,54,1,MASc PG 40 blocks,sa,56,56,7,1
sk_03,B45231,54,1,MASc PG 40 blocks,sa,56,56,7,1
sk_04,B109340,54,1,MASc PG 40 blocks,sa,56,56,7,1
sk_04,B126869,54,1,MASc PG 40 blocks,sa,56,56,7,1
sk_04,B53160,54,1,MASc PG 40 blocks,sa,56,56,7,1
sk_05,B111480,54,1,MASc PG 40 blocks,sa,56,56,7,1
sk_05,B112990,54,1,MASc PG 40 blocks,sa,56,56,7,1
sk_05,B42891,54,1,MASc PG 40 blocks,sa,56,56,7,1
sk_06,B109915,54,1,MASc PG 40 blocks,sa,56,56,7,1
sk_06,B112990,54,1,MASc PG 40 blocks,sa,56,56,7,1
sk_06,B53160,54,1,MASc PG 40 blocks,sa,56,56,7,1
fb_01,B111480,55,1,MASc PG 40 blocks,sa,56,56,7,1
fb_01,B121928,55,1,MASc PG 40 blocks,sa,56,56,7,1
fb_01,B127158,55,1,MASc PG 40 blocks,sa,56,56,7,1
fb_02,B126869,55,1,MASc PG 40 blocks,sa,56,56,7,1
fb_02,B127158,55,1,MASc PG 40 blocks,sa,56,56,7,1
fb_02,B68233,55,1,MASc PG 40 blocks,sa,56,56,7,1
fb_03,B111480,55,1,MASc PG 40 blocks,sa,56,56,7,1
fb_03,B121455,55,1,MASc PG 40 blocks,sa,56,56,7,1
fb_03,B126492,55,1,MASc PG 40 blocks,sa,56,56,7,1
fb_04,B107189,55,1,MASc PG 40 blocks,sa,56,56,7,1
fb_04,B108124,55,1,MASc PG 40 blocks,sa,56,56,7,1
fb_04,B111480,55,1,MASc PG 40 blocks,sa,56,56,7,1
fb_05,B110288,55,1,MASc PG 40 blocks,sa,56,56,7,1
fb_05,B111480,55,1,MASc PG 40 blocks,sa,56,56,7,1
fb_05,B124540,55,1,MASc PG 40 blocks,sa,56,56,7,1
fb_06,B111480,55,1,MASc PG 40 blocks,sa,56,56,7,1
fb_06,B127158,55,1,MASc PG 40 blocks,sa,56,56,7,1
fb_06,B127158,55,1,MASc PG 40 blocks,sa,56,56,7,1
ld_01,B126492,55,1,MASc PG 40 blocks,sa,56,56,7,1
ld_01,B126589,55,1,MASc PG 40 blocks,sa,56,56,7,1
ld_02,B126589,55,1,MASc PG 40 blocks,sa,56,56,7,1
ld_02,B65573,55,1,MASc PG 40 blocks,sa,56,56,7,1
ld_03,B111867,55,1,MASc PG 40 blocks,sa,56,56,7,1
ld_03,B145584,55,1,MASc PG 40 blocks,sa,56,56,7,1
ld_04,B126413,55,1,MASc PG 40 blocks,sa,56,56,7,1
ld_05,B111867,55,1,MASc PG 40 blocks,sa,56,56,7,1
ld_06,B55424,55,1,MASc PG 40 blocks,sa,56,56,7,1
pr_01,B108060,55,1,MASc PG 40 blocks,sa,56,56,7,1
pr_01,B111480,55,1,MASc PG 40 blocks,sa,56,56,7,1
pr_01,B45231,55,1,MASc PG 40 blocks,sa,56,56,7,1
pr_02,B108124,55,1,MASc PG 40 blocks,sa,56,56,7,1
pr_02,B109915,55,1,MASc PG 40 blocks,sa,56,56,7,1
pr_02,B45231,55,1,MASc PG 40 blocks,sa,56,56,7,1
pr_03,B42891,55,1,MASc PG 40 blocks,sa,56,56,7,1
pr_03,B53160,55,1,MASc PG 40 blocks,sa,56,56,7,1
pr_03,B53160,55,1,MASc PG 40 blocks,sa,56,56,7,1
pr_04,B108060,55,1,MASc PG 40 blocks,sa,56,56,7,1
pr_04,B126869,55,1,MASc PG 40 blocks,sa,56,56,7,1
pr_04,B53160,55,1,MASc PG 40 blocks,sa,56,56,7,1
pr_05,B112990,55,1,MASc PG 40 blocks,sa,56,56,7,1
pr_05,B42891,55,1,MASc PG 40 blocks,sa,56,56,7,1
pr_06,B113324,55,1,MASc PG 40 blocks,sa,56,56,7,1
pr_06,B126413,55,1,MASc PG 40 blocks,sa,56,56,7,1
sk_01,B45231,55,1,MASc PG 40 blocks,sa,56,56,7,1
sk_01,B45231,55,1,MASc PG 40 blocks,sa,56,56,7,1
sk_01,B65573,55,1,MASc PG 40 blocks,sa,56,56,7,1
sk_02,B107189,55,1,MASc PG 40 blocks,sa,56,56,7,1
sk_02,B145584,55,1,MASc PG 40 blocks,sa,56,56,7,1
sk_02,B65573,55,1,MASc PG 40 blocks,sa,56,56,7,1
sk_03,B120266,55,1,MASc PG 40 blocks,sa,56,56,7,1
sk_03,B124453,55,1,MASc PG 40 blocks,sa,56,56,7,1
sk_03,B68233,55,1,MASc PG 40 blocks,sa,56,56,7,1
sk_04,B111410,55,1,MASc PG 40 blocks,sa,56,56,7,1
sk_04,B114477,55,1,MASc PG 40 blocks,sa,56,56,7,1
sk_04,B44010,55,1,MASc PG 40 blocks,sa,56,56,7,1
sk_05,B111867,55,1,MASc PG 40 blocks,sa,56,56,7,1
sk_05,B127158,55,1,MASc PG 40 blocks,sa,56,56,7,1
sk_05,B44010,55,1,MASc PG 40 blocks,sa,56,56,7,1
sk_06,B109915,55,1,MASc PG 40 blocks,sa,56,56,7,1
sk_06,B124453,55,1,MASc PG 40 blocks,sa,56,56,7,1
sk_06,B44010,55,1,MASc PG 40 blocks,sa,56,56,7,1
fb_01,B111480,56,1,MASc PG 40 blocks,sa,56,56,7,1
fb_01,B121455,56,1,MASc PG 40 blocks,sa,56,56,7,1
fb_01,B127158,56,1,MASc PG 40 blocks,sa,56,56,7,1
fb_02,B107189,56,1,MASc PG 40 blocks,sa,56,56,7,1
fb_02,B127158,56,1,MASc PG 40 blocks,sa,56,56,7,1
fb_02,B68233,56,1,MASc PG 40 blocks,sa,56,56,7,1
fb_03,B109915,56,1,MASc PG 40 blocks,sa,56,56,7,1
fb_03,B111480,56,1,MASc PG 40 blocks,sa,56,56,7,1
fb_03,B126413,56,1,MASc PG 40 blocks,sa,56,56,7,1
fb_04,B127158,56,1,MASc PG 40 blocks,sa,56,56,7,1
fb_04,B127158,56,1,MASc PG 40 blocks,sa,56,56,7,1
fb_04,B42891,56,1,MASc PG 40 blocks,sa,56,56,7,1
fb_05,B110288,56,1,MASc PG 40 blocks,sa,56,56,7,1
fb_05,B111480,56,1,MASc PG 40 blocks,sa,56,56,7,1
fb_05,B113324,56,1,MASc PG 40 blocks,sa,56,56,7,1
fb_06,B111480,56,1,MASc PG 40 blocks,sa,56,56,7,1
fb_06,B126492,56,1,MASc PG 40 blocks,sa,56,56,7,1
fb_06,B126492,56,1,MASc PG 40 blocks,sa,56,56,7,1
ld_01,B109915,56,1,MASc PG 40 blocks,sa,56,56,7,1
ld_01,B42891,56,1,MASc PG 40 blocks,sa,56,56,7,1
ld_01,B53160,56,1,MASc PG 40 blocks,sa,56,56,7,1
ld_02,B113324,56,1,MASc PG 40 blocks,sa,56,56,7,1
ld_02,B45231,56,1,MASc PG 40 blocks,sa,56,56,7,1
ld_02,B53160,56,1,MASc PG 40 blocks,sa,56,56,7,1
ld_03,B108060,56,1,MASc PG 40 blocks,sa,56,56,7,1
ld_03,B126869,56,1,MASc PG 40 blocks,sa,56,56,7,1
ld_03,B45231,56,1,MASc PG 40 blocks,sa,56,56,7,1
ld_04,B111480,56,1,MASc PG 40 blocks,sa,56,56,7,1
ld_04,B42891,56,1,MASc PG 40 blocks,sa,56,56,7,1
ld_05,B108124,56,1,MASc PG 40 blocks,sa,56,56,7,1
ld_05,B126413,56,1,MASc PG 40 blocks,sa,56,56,7,1
ld_06,B108060,56,1,MASc PG 40 blocks,sa,56,56,7,1
ld_06,B112990,56,1,MASc PG 40 blocks,sa,56,56,7,1
pr_01,B111867,56,1,MASc PG 40 blocks,sa,56,56,7,1
pr_01,B127158,56,1,MASc PG 40 blocks,sa,56,56,7,1
pr_01,B45231,56,1,MASc PG 40 blocks,sa,56,56,7,1
pr_02,B44010,56,1,MASc PG 40 blocks,sa,56,56,7,1
pr_02,B44010,56,1,MASc PG 40 blocks,sa,56,56,7,1
pr_02,B65573,56,1,MASc PG 40 blocks,sa,56,56,7,1
pr_03,B45231,56,1,MASc PG 40 blocks,sa,56,56,7,1
pr_03,B65573,56,1,MASc PG 40 blocks,sa,56,56,7,1
pr_04,B114477,56,1,MASc PG 40 blocks,sa,56,56,7,1
pr_04,B124453,56,1,MASc PG 40 blocks,sa,56,56,7,1
pr_05,B44010,56,1,MASc PG 40 blocks,sa,56,56,7,1
pr_05,B45231,56,1,MASc PG 40 blocks,sa,56,56,7,1
pr_06,B107189,56,1,MASc PG 40 blocks,sa,56,56,7,1
pr_06,B68233,56,1,MASc PG 40 blocks,sa,56,56,7,1
sk_01,B108124,56,1,MASc PG 40 blocks,sa,56,56,7,1
sk_01,B44010,56,1,MASc PG 40 blocks,sa,56,56,7,1
sk_01,B44010,56,1,MASc PG 40 blocks,sa,56,56,7,1
sk_02,B108124,56,1,MASc PG 40 blocks,sa,56,56,7,1
sk_02,B53160,56,1,MASc PG 40 blocks,sa,56,56,7,1
sk_02,B55424,56,1,MASc PG 40 blocks,sa,56,56,7,1
sk_03,B111867,56,1,MASc PG 40 blocks,sa,56,56,7,1
sk_03,B126413,56,1,MASc PG 40 blocks,sa,56,56,7,1
sk_03,B126492,56,1,MASc PG 40 blocks,sa,56,56,7,1
sk_04,B107189,56,1,MASc PG 40 blocks,sa,56,56,7,1
sk_04,B108124,56,1,MASc PG 40 blocks,sa,56,56,7,1
sk_04,B110288,56,1,MASc PG 40 blocks,sa,56,56,7,1
sk_05,B107189,56,1,MASc PG 40 blocks,sa,56,56,7,1
sk_05,B111867,56,1,MASc PG 40 blocks,sa,56,56,7,1
sk_05,B53160,56,1,MASc PG 40 blocks,sa,56,56,7,1
sk_06,B121928,56,1,MASc PG 40 blocks,sa,56,56,7,1
sk_06,B126492,56,1,MASc PG 40 blocks,sa,56,56,7,1
sk_06,B68233,56,1,MASc PG 40 blocks,sa,56,56,7,1
