machine_id,block_id,day,assigned,scenario,solver,master_days,subproblem_days,lock_days,start_day
fb_01,B107189,1,1,MASc PG 40 blocks,sa,112,112,1,1
fb_01,B126413,1,1,MASc PG 40 blocks,sa,112,112,1,1
fb_01,B127158,1,1,MASc PG 40 blocks,sa,112,112,1,1
fb_02,B120266,1,1,MASc PG 40 blocks,sa,112,112,1,1
fb_02,B126589,1,1,MASc PG 40 blocks,sa,112,112,1,1
fb_02,B145584,1,1,MASc PG 40 blocks,sa,112,112,1,1
fb_03,B110288,1,1,MASc PG 40 blocks,sa,112,112,1,1
fb_03,B113324,1,1,MASc PG 40 blocks,sa,112,112,1,1
fb_03,B126869,1,1,MASc PG 40 blocks,sa,112,112,1,1
fb_04,B109915,1,1,MASc PG 40 blocks,sa,112,112,1,1
fb_04,B127158,1,1,MASc PG 40 blocks,sa,112,112,1,1
fb_04,B145584,1,1,MASc PG 40 blocks,sa,112,112,1,1
fb_05,B117387,1,1,MASc PG 40 blocks,sa,112,112,1,1
fb_05,B117387,1,1,MASc PG 40 blocks,sa,112,112,1,1
fb_05,B42891,1,1,MASc PG 40 blocks,sa,112,112,1,1
fb_06,B111867,1,1,MASc PG 40 blocks,sa,112,112,1,1
fb_06,B113324,1,1,MASc PG 40 blocks,sa,112,112,1,1
fb_06,B117387,1,1,MASc PG 40 blocks,sa,112,112,1,1
fb_01,B107189,2,1,MASc PG 40 blocks,sa,112,112,1,1
fb_01,B108060,2,1,MASc PG 40 blocks,sa,112,112,1,1
fb_01,B108124,2,1,MASc PG 40 blocks,sa,112,112,1,1
fb_02,B114477,2,1,MASc PG 40 blocks,sa,112,112,1,1
fb_02,B120266,2,1,MASc PG 40 blocks,sa,112,112,1,1
fb_02,B120266,2,1,MASc PG 40 blocks,sa,112,112,1,1
fb_03,B108339,2,1,MASc PG 40 blocks,sa,112,112,1,1
fb_03,B127158,2,1,MASc PG 40 blocks,sa,112,112,1,1
fb_03,B145584,2,1,MASc PG 40 blocks,sa,112,112,1,1
fb_04,B109915,2,1,MASc PG 40 blocks,sa,112,112,1,1
fb_04,B126589,2,1,MASc PG 40 blocks,sa,112,112,1,1
fb_04,B127158,2,1,MASc PG 40 blocks,sa,112,112,1,1
fb_05,B117387,2,1,MASc PG 40 blocks,sa,112,112,1,1
fb_05,B117387,2,1,MASc PG 40 blocks,sa,112,112,1,1
fb_05,B145584,2,1,MASc PG 40 blocks,sa,112,112,1,1
fb_06,B117387,2,1,MASc PG 40 blocks,sa,112,112,1,1
fb_06,B123357,2,1,MASc PG 40 blocks,sa,112,112,1,1
fb_06,B126589,2,1,MASc PG 40 blocks,sa,112,112,1,1
fb_01,B107189,3,1,MASc PG 40 blocks,sa,112,112,1,1
fb_01,B108060,3,1,MASc PG 40 blocks,sa,112,112,1,1
fb_01,B108124,3,1,MASc PG 40 blocks,sa,112,112,1,1
fb_02,B107189,3,1,MASc PG 40 blocks,sa,112,112,1,1
fb_02,B112990,3,1,MASc PG 40 blocks,sa,112,112,1,1
fb_02,B126589,3,1,MASc PG 40 blocks,sa,112,112,1,1
fb_03,B110471,3,1,MASc PG 40 blocks,sa,112,112,1,1
fb_03,B126589,3,1,MASc PG 40 blocks,sa,112,112,1,1
fb_03,B126589,3,1,MASc PG 40 blocks,sa,112,112,1,1
fb_04,B114477,3,1,MASc PG 40 blocks,sa,112,112,1,1
fb_04,B126589,3,1,MASc PG 40 blocks,sa,112,112,1,1
fb_04,B127158,3,1,MASc PG 40 blocks,sa,112,112,1,1
fb_05,B110288,3,1,MASc PG 40 blocks,sa,112,112,1,1
fb_05,B117387,3,1,MASc PG 40 blocks,sa,112,112,1,1
fb_05,B117387,3,1,MASc PG 40 blocks,sa,112,112,1,1
fb_06,B126589,3,1,MASc PG 40 blocks,sa,112,112,1,1
fb_06,B145584,3,1,MASc PG 40 blocks,sa,112,112,1,1
fb_06,B145584,3,1,MASc PG 40 blocks,sa,112,112,1,1
fb_01,B107189,4,1,MASc PG 40 blocks,sa,112,112,1,1
fb_01,B145584,4,1,MASc PG 40 blocks,sa,112,112,1,1
fb_01,B55424,4,1,MASc PG 40 blocks,sa,112,112,1,1
fb_02,B110471,4,1,MASc PG 40 blocks,sa,112,112,1,1
fb_02,B111480,4,1,MASc PG 40 blocks,sa,112,112,1,1
fb_02,B42891,4,1,MASc PG 40 blocks,sa,112,112,1,1
fb_03,B126869,4,1,MASc PG 40 blocks,sa,112,112,1,1
fb_03,B127158,4,1,MASc PG 40 blocks,sa,112,112,1,1
fb_03,B145584,4,1,MASc PG 40 blocks,sa,112,112,1,1
fb_04,B109915,4,1,MASc PG 40 blocks,sa,112,112,1,1
fb_04,B127158,4,1,MASc PG 40 blocks,sa,112,112,1,1
fb_04,B145584,4,1,MASc PG 40 blocks,sa,112,112,1,1
fb_05,B117387,4,1,MASc PG 40 blocks,sa,112,112,1,1
fb_05,B117387,4,1,MASc PG 40 blocks,sa,112,112,1,1
fb_05,B126589,4,1,MASc PG 40 blocks,sa,112,112,1,1
fb_06,B117387,4,1,MASc PG 40 blocks,sa,112,112,1,1
fb_06,B121154,4,1,MASc PG 40 blocks,sa,112,112,1,1
fb_06,B121928,4,1,MASc PG 40 blocks,sa,112,112,1,1
fb_01,B107189,5,1,MASc PG 40 blocks,sa,112,112,1,1
fb_01,B108124,5,1,MASc PG 40 blocks,sa,112,112,1,1
fb_01,B127158,5,1,MASc PG 40 blocks,sa,112,112,1,1
fb_02,B109915,5,1,MASc PG 40 blocks,sa,112,112,1,1
fb_02,B109915,5,1,MASc PG 40 blocks,sa,112,112,1,1
fb_02,B110288,5,1,MASc PG 40 blocks,sa,112,112,1,1
fb_03,B108339,5,1,MASc PG 40 blocks,sa,112,112,1,1
fb_03,B113324,5,1,MASc PG 40 blocks,sa,112,112,1,1
fb_03,B124453,5,1,MASc PG 40 blocks,sa,112,112,1,1
fb_04,B107189,5,1,MASc PG 40 blocks,sa,112,112,1,1
fb_04,B109915,5,1,MASc PG 40 blocks,sa,112,112,1,1
fb_04,B145584,5,1,MASc PG 40 blocks,sa,112,112,1,1
fb_05,B107189,5,1,MASc PG 40 blocks,sa,112,112,1,1
fb_05,B107189,5,1,MASc PG 40 blocks,sa,112,112,1,1
fb_05,B127158,5,1,MASc PG 40 blocks,sa,112,112,1,1
fb_06,B109915,5,1,MASc PG 40 blocks,sa,112,112,1,1
fb_06,B110288,5,1,MASc PG 40 blocks,sa,112,112,1,1
fb_06,B117387,5,1,MASc PG 40 blocks,sa,112,112,1,1
fb_01,B107189,6,1,MASc PG 40 blocks,sa,112,112,1,1
fb_01,B108124,6,1,MASc PG 40 blocks,sa,112,112,1,1
fb_01,B126589,6,1,MASc PG 40 blocks,sa,112,112,1,1
fb_02,B108060,6,1,MASc PG 40 blocks,sa,112,112,1,1
fb_02,B108124,6,1,MASc PG 40 blocks,sa,112,112,1,1
fb_02,B108339,6,1,MASc PG 40 blocks,sa,112,112,1,1
fb_03,B126589,6,1,MASc PG 40 blocks,sa,112,112,1,1
fb_03,B145584,6,1,MASc PG 40 blocks,sa,112,112,1,1
fb_03,B55424,6,1,MASc PG 40 blocks,sa,112,112,1,1
fb_04,B109915,6,1,MASc PG 40 blocks,sa,112,112,1,1
fb_04,B120266,6,1,MASc PG 40 blocks,sa,112,112,1,1
fb_04,B126589,6,1,MASc PG 40 blocks,sa,112,112,1,1
fb_05,B110288,6,1,MASc PG 40 blocks,sa,112,112,1,1
fb_05,B117387,6,1,MASc PG 40 blocks,sa,112,112,1,1
fb_05,B117387,6,1,MASc PG 40 blocks,sa,112,112,1,1
fb_06,B117387,6,1,MASc PG 40 blocks,sa,112,112,1,1
fb_06,B121154,6,1,MASc PG 40 blocks,sa,112,112,1,1
fb_06,B127158,6,1,MASc PG 40 blocks,sa,112,112,1,1
fb_01,B107189,7,1,MASc PG 40 blocks,sa,112,112,1,1
fb_01,B107189,7,1,MASc PG 40 blocks,sa,112,112,1,1
fb_01,B108060,7,1,MASc PG 40 blocks,sa,112,112,1,1
fb_02,B126589,7,1,MASc PG 40 blocks,sa,112,112,1,1
fb_02,B55424,7,1,MASc PG 40 blocks,sa,112,112,1,1
fb_02,B68233,7,1,MASc PG 40 blocks,sa,112,112,1,1
fb_03,B108339,7,1,MASc PG 40 blocks,sa,112,112,1,1
fb_03,B126413,7,1,MASc PG 40 blocks,sa,112,112,1,1
fb_03,B145584,7,1,MASc PG 40 blocks,sa,112,112,1,1
fb_04,B120266,7,1,MASc PG 40 blocks,sa,112,112,1,1
fb_04,B126589,7,1,MASc PG 40 blocks,sa,112,112,1,1
fb_04,B127158,7,1,MASc PG 40 blocks,sa,112,112,1,1
fb_05,B117387,7,1,MASc PG 40 blocks,sa,112,112,1,1
fb_05,B117387,7,1,MASc PG 40 blocks,sa,112,112,1,1
fb_05,B120266,7,1,MASc PG 40 blocks,sa,112,112,1,1
fb_06,B111867,7,1,MASc PG 40 blocks,sa,112,112,1,1
fb_06,B117387,7,1,MASc PG 40 blocks,sa,112,112,1,1
fb_06,B145584,7,1,MASc PG 40 blocks,sa,112,112,1,1
fb_01,B107189,8,1,MASc PG 40 blocks,sa,112,112,1,1
fb_01,B108060,8,1,MASc PG 40 blocks,sa,112,112,1,1
fb_01,B108124,8,1,MASc PG 40 blocks,sa,112,112,1,1
fb_02,B110288,8,1,MASc PG 40 blocks,sa,112,112,1,1
fb_02,B127158,8,1,MASc PG 40 blocks,sa,112,112,1,1
fb_02,B44010,8,1,MASc PG 40 blocks,sa,112,112,1,1
fb_03,B127158,8,1,MASc PG 40 blocks,sa,112,112,1,1
fb_03,B55424,8,1,MASc PG 40 blocks,sa,112,112,1,1
fb_03,B68233,8,1,MASc PG 40 blocks,sa,112,112,1,1
fb_04,B126589,8,1,MASc PG 40 blocks,sa,112,112,1,1
fb_04,B127158,8,1,MASc PG 40 blocks,sa,112,112,1,1
fb_04,B145584,8,1,MASc PG 40 blocks,sa,112,112,1,1
fb_05,B120266,8,1,MASc PG 40 blocks,sa,112,112,1,1
fb_05,B120266,8,1,MASc PG 40 blocks,sa,112,112,1,1
fb_05,B126589,8,1,MASc PG 40 blocks,sa,112,112,1,1
fb_06,B127158,8,1,MASc PG 40 blocks,sa,112,112,1,1
fb_06,B127158,8,1,MASc PG 40 blocks,sa,112,112,1,1
fb_06,B127158,8,1,MASc PG 40 blocks,sa,112,112,1,1
fb_01,B107189,9,1,MASc PG 40 blocks,sa,112,112,1,1
fb_01,B107189,9,1,MASc PG 40 blocks,sa,112,112,1,1
fb_01,B108339,9,1,MASc PG 40 blocks,sa,112,112,1,1
fb_02,B121154,9,1,MASc PG 40 blocks,sa,112,112,1,1
fb_02,B126589,9,1,MASc PG 40 blocks,sa,112,112,1,1
fb_02,B127158,9,1,MASc PG 40 blocks,sa,112,112,1,1
fb_03,B120266,9,1,MASc PG 40 blocks,sa,112,112,1,1
fb_03,B126413,9,1,MASc PG 40 blocks,sa,112,112,1,1
fb_03,B126589,9,1,MASc PG 40 blocks,sa,112,112,1,1
fb_04,B109915,9,1,MASc PG 40 blocks,sa,112,112,1,1
fb_04,B127158,9,1,MASc PG 40 blocks,sa,112,112,1,1
fb_04,B145584,9,1,MASc PG 40 blocks,sa,112,112,1,1
fb_05,B111867,9,1,MASc PG 40 blocks,sa,112,112,1,1
fb_05,B117387,9,1,MASc PG 40 blocks,sa,112,112,1,1
fb_05,B145584,9,1,MASc PG 40 blocks,sa,112,112,1,1
fb_06,B117387,9,1,MASc PG 40 blocks,sa,112,112,1,1
fb_06,B120266,9,1,MASc PG 40 blocks,sa,112,112,1,1
fb_06,B126413,9,1,MASc PG 40 blocks,sa,112,112,1,1
fb_01,B107189,10,1,MASc PG 40 blocks,sa,112,112,1,1
fb_01,B112038,10,1,MASc PG 40 blocks,sa,112,112,1,1
fb_01,B127158,10,1,MASc PG 40 blocks,sa,112,112,1,1
fb_02,B126413,10,1,MASc PG 40 blocks,sa,112,112,1,1
fb_02,B126413,10,1,MASc PG 40 blocks,sa,112,112,1,1
fb_02,B126492,10,1,MASc PG 40 blocks,sa,112,112,1,1
fb_03,B109915,10,1,MASc PG 40 blocks,sa,112,112,1,1
fb_03,B126589,10,1,MASc PG 40 blocks,sa,112,112,1,1
fb_03,B126869,10,1,MASc PG 40 blocks,sa,112,112,1,1
fb_04,B109915,10,1,MASc PG 40 blocks,sa,112,112,1,1
fb_04,B120266,10,1,MASc PG 40 blocks,sa,112,112,1,1
fb_04,B145584,10,1,MASc PG 40 blocks,sa,112,112,1,1
fb_05,B107189,10,1,MASc PG 40 blocks,sa,112,112,1,1
fb_05,B117387,10,1,MASc PG 40 blocks,sa,112,112,1,1
fb_05,B117387,10,1,MASc PG 40 blocks,sa,112,112,1,1
fb_06,B117387,10,1,MASc PG 40 blocks,sa,112,112,1,1
fb_06,B126413,10,1,MASc PG 40 blocks,sa,112,112,1,1
fb_06,B145584,10,1,MASc PG 40 blocks,sa,112,112,1,1
fb_01,B107189,11,1,MASc PG 40 blocks,sa,112,112,1,1
fb_01,B108124,11,1,MASc PG 40 blocks,sa,112,112,1,1
fb_01,B127158,11,1,MASc PG 40 blocks,sa,112,112,1,1
fb_02,B121455,11,1,MASc PG 40 blocks,sa,112,112,1,1
fb_02,B126492,11,1,MASc PG 40 blocks,sa,112,112,1,1
fb_02,B127158,11,1,MASc PG 40 blocks,sa,112,112,1,1
fb_03,B126589,11,1,MASc PG 40 blocks,sa,112,112,1,1
fb_03,B126869,11,1,MASc PG 40 blocks,sa,112,112,1,1
fb_03,B145584,11,1,MASc PG 40 blocks,sa,112,112,1,1
fb_04,B109915,11,1,MASc PG 40 blocks,sa,112,112,1,1
fb_04,B120266,11,1,MASc PG 40 blocks,sa,112,112,1,1
fb_04,B126589,11,1,MASc PG 40 blocks,sa,112,112,1,1
fb_05,B117387,11,1,MASc PG 40 blocks,sa,112,112,1,1
fb_05,B117387,11,1,MASc PG 40 blocks,sa,112,112,1,1
fb_05,B145584,11,1,MASc PG 40 blocks,sa,112,112,1,1
fb_06,B110288,11,1,MASc PG 40 blocks,sa,112,112,1,1
fb_06,B117387,11,1,MASc PG 40 blocks,sa,112,112,1,1
fb_06,B121154,11,1,MASc PG 40 blocks,sa,112,112,1,1
fb_01,B107189,12,1,MASc PG 40 blocks,sa,112,112,1,1
fb_01,B120266,12,1,MASc PG 40 blocks,sa,112,112,1,1
fb_01,B53160,12,1,MASc PG 40 blocks,sa,112,112,1,1
fb_02,B112038,12,1,MASc PG 40 blocks,sa,112,112,1,1
fb_02,B113324,12,1,MASc PG 40 blocks,sa,112,112,1,1
fb_02,B42891,12,1,MASc PG 40 blocks,sa,112,112,1,1
fb_03,B109915,12,1,MASc PG 40 blocks,sa,112,112,1,1
fb_03,B112990,12,1,MASc PG 40 blocks,sa,112,112,1,1
fb_03,B114477,12,1,MASc PG 40 blocks,sa,112,112,1,1
fb_04,B120266,12,1,MASc PG 40 blocks,sa,112,112,1,1
fb_04,B127158,12,1,MASc PG 40 blocks,sa,112,112,1,1
fb_04,B127158,12,1,MASc PG 40 blocks,sa,112,112,1,1
fb_05,B108339,12,1,MASc PG 40 blocks,sa,112,112,1,1
fb_05,B117387,12,1,MASc PG 40 blocks,sa,112,112,1,1
fb_05,B126589,12,1,MASc PG 40 blocks,sa,112,112,1,1
fb_06,B111867,12,1,MASc PG 40 blocks,sa,112,112,1,1
fb_06,B117387,12,1,MASc PG 40 blocks,sa,112,112,1,1
fb_06,B127158,12,1,MASc PG 40 blocks,sa,112,112,1,1
fb_01,B107189,13,1,MASc PG 40 blocks,sa,112,112,1,1
fb_01,B126589,13,1,MASc PG 40 blocks,sa,112,112,1,1
fb_01,B127158,13,1,MASc PG 40 blocks,sa,112,112,1,1
fb_02,B111480,13,1,MASc PG 40 blocks,sa,112,112,1,1
fb_02,B126492,13,1,MASc PG 40 blocks,sa,112,112,1,1
fb_02,B145584,13,1,MASc PG 40 blocks,sa,112,112,1,1
fb_03,B107189,13,1,MASc PG 40 blocks,sa,112,112,1,1
fb_03,B108339,13,1,MASc PG 40 blocks,sa,112,112,1,1
fb_03,B126589,13,1,MASc PG 40 blocks,sa,112,112,1,1
fb_04,B127158,13,1,MASc PG 40 blocks,sa,112,112,1,1
fb_04,B127158,13,1,MASc PG 40 blocks,sa,112,112,1,1
fb_04,B145584,13,1,MASc PG 40 blocks,sa,112,112,1,1
fb_05,B117387,13,1,MASc PG 40 blocks,sa,112,112,1,1
fb_05,B117387,13,1,MASc PG 40 blocks,sa,112,112,1,1
fb_05,B121154,13,1,MASc PG 40 blocks,sa,112,112,1,1
fb_06,B111867,13,1,MASc PG 40 blocks,sa,112,112,1,1
fb_06,B117387,13,1,MASc PG 40 blocks,sa,112,112,1,1
fb_06,B55424,13,1,MASc PG 40 blocks,sa,112,112,1,1
fb_01,B107189,14,1,MASc PG 40 blocks,sa,112,112,1,1
fb_01,B108060,14,1,MASc PG 40 blocks,sa,112,112,1,1
fb_01,B126589,14,1,MASc PG 40 blocks,sa,112,112,1,1
fb_02,B109915,14,1,MASc PG 40 blocks,sa,112,112,1,1
fb_02,B126869,14,1,MASc PG 40 blocks,sa,112,112,1,1
fb_02,B55424,14,1,MASc PG 40 blocks,sa,112,112,1,1
fb_03,B126589,14,1,MASc PG 40 blocks,sa,112,112,1,1
fb_03,B127158,14,1,MASc PG 40 blocks,sa,112,112,1,1
fb_03,B53160,14,1,MASc PG 40 blocks,sa,112,112,1,1
fb_04,B109915,14,1,MASc PG 40 blocks,sa,112,112,1,1
fb_04,B126589,14,1,MASc PG 40 blocks,sa,112,112,1,1
fb_04,B127158,14,1,MASc PG 40 blocks,sa,112,112,1,1
fb_05,B117387,14,1,MASc PG 40 blocks,sa,112,112,1,1
fb_05,B117387,14,1,MASc PG 40 blocks,sa,112,112,1,1
fb_05,B121154,14,1,MASc PG 40 blocks,sa,112,112,1,1
fb_06,B111867,14,1,MASc PG 40 blocks,sa,112,112,1,1
fb_06,B117387,14,1,MASc PG 40 blocks,sa,112,112,1,1
fb_06,B120266,14,1,MASc PG 40 blocks,sa,112,112,1,1
fb_01,B107189,15,1,MASc PG 40 blocks,sa,112,112,1,1
fb_01,B108060,15,1,MASc PG 40 blocks,sa,112,112,1,1
fb_01,B126589,15,1,MASc PG 40 blocks,sa,112,112,1,1
fb_02,B108124,15,1,MASc PG 40 blocks,sa,112,112,1,1
fb_02,B127158,15,1,MASc PG 40 blocks,sa,112,112,1,1
fb_02,B145584,15,1,MASc PG 40 blocks,sa,112,112,1,1
fb_03,B112038,15,1,MASc PG 40 blocks,sa,112,112,1,1
fb_03,B112990,15,1,MASc PG 40 blocks,sa,112,112,1,1
fb_03,B126589,15,1,MASc PG 40 blocks,sa,112,112,1,1
fb_04,B108339,15,1,MASc PG 40 blocks,sa,112,112,1,1
fb_04,B120266,15,1,MASc PG 40 blocks,sa,112,112,1,1
fb_04,B127158,15,1,MASc PG 40 blocks,sa,112,112,1,1
fb_05,B117387,15,1,MASc PG 40 blocks,sa,112,112,1,1
fb_05,B117387,15,1,MASc PG 40 blocks,sa,112,112,1,1
fb_05,B121154,15,1,MASc PG 40 blocks,sa,112,112,1,1
fb_06,B117387,15,1,MASc PG 40 blocks,sa,112,112,1,1
fb_06,B127158,15,1,MASc PG 40 blocks,sa,112,112,1,1
fb_06,B145584,15,1,MASc PG 40 blocks,sa,112,112,1,1
fb_01,B107189,16,1,MASc PG 40 blocks,sa,112,112,1,1
fb_01,B145584,16,1,MASc PG 40 blocks,sa,112,112,1,1
fb_01,B145584,16,1,MASc PG 40 blocks,sa,112,112,1,1
fb_02,B107189,16,1,MASc PG 40 blocks,sa,112,112,1,1
fb_02,B53160,16,1,MASc PG 40 blocks,sa,112,112,1,1
fb_02,B68233,16,1,MASc PG 40 blocks,sa,112,112,1,1
fb_03,B107189,16,1,MASc PG 40 blocks,sa,112,112,1,1
fb_03,B107189,16,1,MASc PG 40 blocks,sa,112,112,1,1
fb_03,B68233,16,1,MASc PG 40 blocks,sa,112,112,1,1
fb_04,B109915,16,1,MASc PG 40 blocks,sa,112,112,1,1
fb_04,B120266,16,1,MASc PG 40 blocks,sa,112,112,1,1
fb_04,B145584,16,1,MASc PG 40 blocks,sa,112,112,1,1
fb_05,B117387,16,1,MASc PG 40 blocks,sa,112,112,1,1
fb_05,B117387,16,1,MASc PG 40 blocks,sa,112,112,1,1
fb_05,B121154,16,1,MASc PG 40 blocks,sa,112,112,1,1
fb_06,B126589,16,1,MASc PG 40 blocks,sa,112,112,1,1
fb_06,B126589,16,1,MASc PG 40 blocks,sa,112,112,1,1
fb_06,B126589,16,1,MASc PG 40 blocks,sa,112,112,1,1
fb_01,B107189,17,1,MASc PG 40 blocks,sa,112,112,1,1
fb_01,B108060,17,1,MASc PG 40 blocks,sa,112,112,1,1
fb_01,B127158,17,1,MASc PG 40 blocks,sa,112,112,1,1
fb_02,B126589,17,1,MASc PG 40 blocks,sa,112,112,1,1
fb_02,B127158,17,1,MASc PG 40 blocks,sa,112,112,1,1
fb_02,B42891,17,1,MASc PG 40 blocks,sa,112,112,1,1
fb_03,B107189,17,1,MASc PG 40 blocks,sa,112,112,1,1
fb_03,B126413,17,1,MASc PG 40 blocks,sa,112,112,1,1
fb_03,B126589,17,1,MASc PG 40 blocks,sa,112,112,1,1
fb_04,B121154,17,1,MASc PG 40 blocks,sa,112,112,1,1
fb_04,B126589,17,1,MASc PG 40 blocks,sa,112,112,1,1
fb_04,B127158,17,1,MASc PG 40 blocks,sa,112,112,1,1
fb_05,B117387,17,1,MASc PG 40 blocks,sa,112,112,1,1
fb_05,B117387,17,1,MASc PG 40 blocks,sa,112,112,1,1
fb_05,B121154,17,1,MASc PG 40 blocks,sa,112,112,1,1
fb_06,B108060,17,1,MASc PG 40 blocks,sa,112,112,1,1
fb_06,B117387,17,1,MASc PG 40 blocks,sa,112,112,1,1
fb_06,B145584,17,1,MASc PG 40 blocks,sa,112,112,1,1
fb_01,B107189,18,1,MASc PG 40 blocks,sa,112,112,1,1
fb_01,B108124,18,1,MASc PG 40 blocks,sa,112,112,1,1
fb_01,B114477,18,1,MASc PG 40 blocks,sa,112,112,1,1
fb_02,B126589,18,1,MASc PG 40 blocks,sa,112,112,1,1
fb_02,B126589,18,1,MASc PG 40 blocks,sa,112,112,1,1
fb_02,B127158,18,1,MASc PG 40 blocks,sa,112,112,1,1
fb_03,B112038,18,1,MASc PG 40 blocks,sa,112,112,1,1
fb_03,B112990,18,1,MASc PG 40 blocks,sa,112,112,1,1
fb_03,B127158,18,1,MASc PG 40 blocks,sa,112,112,1,1
fb_04,B109915,18,1,MASc PG 40 blocks,sa,112,112,1,1
fb_04,B110288,18,1,MASc PG 40 blocks,sa,112,112,1,1
fb_04,B120266,18,1,MASc PG 40 blocks,sa,112,112,1,1
fb_05,B121154,18,1,MASc PG 40 blocks,sa,112,112,1,1
fb_05,B127158,18,1,MASc PG 40 blocks,sa,112,112,1,1
fb_05,B127158,18,1,MASc PG 40 blocks,sa,112,112,1,1
fb_06,B117387,18,1,MASc PG 40 blocks,sa,112,112,1,1
fb_06,B127158,18,1,MASc PG 40 blocks,sa,112,112,1,1
fb_06,B127158,18,1,MASc PG 40 blocks,sa,112,112,1,1
fb_01,B107189,19,1,MASc PG 40 blocks,sa,112,112,1,1
fb_01,B108060,19,1,MASc PG 40 blocks,sa,112,112,1,1
fb_01,B108124,19,1,MASc PG 40 blocks,sa,112,112,1,1
fb_02,B121928,19,1,MASc PG 40 blocks,sa,112,112,1,1
fb_02,B126413,19,1,MASc PG 40 blocks,sa,112,112,1,1
fb_02,B126492,19,1,MASc PG 40 blocks,sa,112,112,1,1
fb_03,B107189,19,1,MASc PG 40 blocks,sa,112,112,1,1
fb_03,B108339,19,1,MASc PG 40 blocks,sa,112,112,1,1
fb_03,B68233,19,1,MASc PG 40 blocks,sa,112,112,1,1
fb_04,B126589,19,1,MASc PG 40 blocks,sa,112,112,1,1
fb_04,B127158,19,1,MASc PG 40 blocks,sa,112,112,1,1
fb_04,B145584,19,1,MASc PG 40 blocks,sa,112,112,1,1
fb_05,B117387,19,1,MASc PG 40 blocks,sa,112,112,1,1
fb_05,B117387,19,1,MASc PG 40 blocks,sa,112,112,1,1
fb_05,B121154,19,1,MASc PG 40 blocks,sa,112,112,1,1
fb_06,B117387,19,1,MASc PG 40 blocks,sa,112,112,1,1
fb_06,B121154,19,1,MASc PG 40 blocks,sa,112,112,1,1
fb_06,B126589,19,1,MASc PG 40 blocks,sa,112,112,1,1
fb_01,B107189,20,1,MASc PG 40 blocks,sa,112,112,1,1
fb_01,B108060,20,1,MASc PG 40 blocks,sa,112,112,1,1
fb_01,B108124,20,1,MASc PG 40 blocks,sa,112,112,1,1
fb_02,B107189,20,1,MASc PG 40 blocks,sa,112,112,1,1
fb_02,B120266,20,1,MASc PG 40 blocks,sa,112,112,1,1
fb_02,B145584,20,1,MASc PG 40 blocks,sa,112,112,1,1
fb_03,B126589,20,1,MASc PG 40 blocks,sa,112,112,1,1
fb_03,B127158,20,1,MASc PG 40 blocks,sa,112,112,1,1
fb_03,B145584,20,1,MASc PG 40 blocks,sa,112,112,1,1
fb_04,B109915,20,1,MASc PG 40 blocks,sa,112,112,1,1
fb_04,B110288,20,1,MASc PG 40 blocks,sa,112,112,1,1
fb_04,B127158,20,1,MASc PG 40 blocks,sa,112,112,1,1
fb_05,B127158,20,1,MASc PG 40 blocks,sa,112,112,1,1
fb_05,B127158,20,1,MASc PG 40 blocks,sa,112,112,1,1
fb_05,B127158,20,1,MASc PG 40 blocks,sa,112,112,1,1
fb_06,B117387,20,1,MASc PG 40 blocks,sa,112,112,1,1
fb_06,B117387,20,1,MASc PG 40 blocks,sa,112,112,1,1
fb_06,B117387,20,1,MASc PG 40 blocks,sa,112,112,1,1
fb_01,B107189,21,1,MASc PG 40 blocks,sa,112,112,1,1
fb_01,B126589,21,1,MASc PG 40 blocks,sa,112,112,1,1
fb_01,B42891,21,1,MASc PG 40 blocks,sa,112,112,1,1
fb_02,B126589,21,1,MASc PG 40 blocks,sa,112,112,1,1
fb_02,B127158,21,1,MASc PG 40 blocks,sa,112,112,1,1
fb_02,B127158,21,1,MASc PG 40 blocks,sa,112,112,1,1
fb_03,B112038,21,1,MASc PG 40 blocks,sa,112,112,1,1
fb_03,B112990,21,1,MASc PG 40 blocks,sa,112,112,1,1
fb_03,B127158,21,1,MASc PG 40 blocks,sa,112,112,1,1
fb_04,B126589,21,1,MASc PG 40 blocks,sa,112,112,1,1
fb_04,B127158,21,1,MASc PG 40 blocks,sa,112,112,1,1
fb_04,B145584,21,1,MASc PG 40 blocks,sa,112,112,1,1
fb_05,B121154,21,1,MASc PG 40 blocks,sa,112,112,1,1
fb_05,B127158,21,1,MASc PG 40 blocks,sa,112,112,1,1
fb_05,B127158,21,1,MASc PG 40 blocks,sa,112,112,1,1
fb_06,B117387,21,1,MASc PG 40 blocks,sa,112,112,1,1
fb_06,B117387,21,1,MASc PG 40 blocks,sa,112,112,1,1
fb_06,B117387,21,1,MASc PG 40 blocks,sa,112,112,1,1
fb_01,B107189,22,1,MASc PG 40 blocks,sa,112,112,1,1
fb_01,B108060,22,1,MASc PG 40 blocks,sa,112,112,1,1
fb_01,B108124,22,1,MASc PG 40 blocks,sa,112,112,1,1
fb_02,B109915,22,1,MASc PG 40 blocks,sa,112,112,1,1
fb_02,B110471,22,1,MASc PG 40 blocks,sa,112,112,1,1
fb_02,B120266,22,1,MASc PG 40 blocks,sa,112,112,1,1
fb_03,B108339,22,1,MASc PG 40 blocks,sa,112,112,1,1
fb_03,B109915,22,1,MASc PG 40 blocks,sa,112,112,1,1
fb_03,B145584,22,1,MASc PG 40 blocks,sa,112,112,1,1
fb_04,B113324,22,1,MASc PG 40 blocks,sa,112,112,1,1
fb_04,B120266,22,1,MASc PG 40 blocks,sa,112,112,1,1
fb_04,B126589,22,1,MASc PG 40 blocks,sa,112,112,1,1
fb_05,B127158,22,1,MASc PG 40 blocks,sa,112,112,1,1
fb_05,B127158,22,1,MASc PG 40 blocks,sa,112,112,1,1
fb_05,B127158,22,1,MASc PG 40 blocks,sa,112,112,1,1
fb_06,B117387,22,1,MASc PG 40 blocks,sa,112,112,1,1
fb_06,B117387,22,1,MASc PG 40 blocks,sa,112,112,1,1
fb_06,B42891,22,1,MASc PG 40 blocks,sa,112,112,1,1
fb_01,B107189,23,1,MASc PG 40 blocks,sa,112,112,1,1
fb_01,B108060,23,1,MASc PG 40 blocks,sa,112,112,1,1
fb_01,B108124,23,1,MASc PG 40 blocks,sa,112,112,1,1
fb_02,B109915,23,1,MASc PG 40 blocks,sa,112,112,1,1
fb_02,B110288,23,1,MASc PG 40 blocks,sa,112,112,1,1
fb_02,B120266,23,1,MASc PG 40 blocks,sa,112,112,1,1
fb_03,B120266,23,1,MASc PG 40 blocks,sa,112,112,1,1
fb_03,B127158,23,1,MASc PG 40 blocks,sa,112,112,1,1
fb_03,B145584,23,1,MASc PG 40 blocks,sa,112,112,1,1
fb_04,B126589,23,1,MASc PG 40 blocks,sa,112,112,1,1
fb_04,B127158,23,1,MASc PG 40 blocks,sa,112,112,1,1
fb_04,B145584,23,1,MASc PG 40 blocks,sa,112,112,1,1
fb_05,B126589,23,1,MASc PG 40 blocks,sa,112,112,1,1
fb_05,B127158,23,1,MASc PG 40 blocks,sa,112,112,1,1
fb_05,B127158,23,1,MASc PG 40 blocks,sa,112,112,1,1
fb_06,B107189,23,1,MASc PG 40 blocks,sa,112,112,1,1
fb_06,B117387,23,1,MASc PG 40 blocks,sa,112,112,1,1
fb_06,B117387,23,1,MASc PG 40 blocks,sa,112,112,1,1
fb_01,B107189,24,1,MASc PG 40 blocks,sa,112,112,1,1
fb_01,B108124,24,1,MASc PG 40 blocks,sa,112,112,1,1
fb_01,B145584,24,1,MASc PG 40 blocks,sa,112,112,1,1
fb_02,B108060,24,1,MASc PG 40 blocks,sa,112,112,1,1
fb_02,B108339,24,1,MASc PG 40 blocks,sa,112,112,1,1
fb_02,B126589,24,1,MASc PG 40 blocks,sa,112,112,1,1
fb_03,B113324,24,1,MASc PG 40 blocks,sa,112,112,1,1
fb_03,B114477,24,1,MASc PG 40 blocks,sa,112,112,1,1
fb_03,B120266,24,1,MASc PG 40 blocks,sa,112,112,1,1
fb_04,B110288,24,1,MASc PG 40 blocks,sa,112,112,1,1
fb_04,B120266,24,1,MASc PG 40 blocks,sa,112,112,1,1
fb_04,B126589,24,1,MASc PG 40 blocks,sa,112,112,1,1
fb_05,B126589,24,1,MASc PG 40 blocks,sa,112,112,1,1
fb_05,B126589,24,1,MASc PG 40 blocks,sa,112,112,1,1
fb_05,B127158,24,1,MASc PG 40 blocks,sa,112,112,1,1
fb_06,B107189,24,1,MASc PG 40 blocks,sa,112,112,1,1
fb_06,B117387,24,1,MASc PG 40 blocks,sa,112,112,1,1
fb_06,B117387,24,1,MASc PG 40 blocks,sa,112,112,1,1
fb_01,B107189,25,1,MASc PG 40 blocks,sa,112,112,1,1
fb_01,B108124,25,1,MASc PG 40 blocks,sa,112,112,1,1
fb_01,B126589,25,1,MASc PG 40 blocks,sa,112,112,1,1
fb_02,B108339,25,1,MASc PG 40 blocks,sa,112,112,1,1
fb_02,B126589,25,1,MASc PG 40 blocks,sa,112,112,1,1
fb_02,B55424,25,1,MASc PG 40 blocks,sa,112,112,1,1
fb_03,B110288,25,1,MASc PG 40 blocks,sa,112,112,1,1
fb_03,B110471,25,1,MASc PG 40 blocks,sa,112,112,1,1
fb_03,B120266,25,1,MASc PG 40 blocks,sa,112,112,1,1
fb_04,B107189,25,1,MASc PG 40 blocks,sa,112,112,1,1
fb_04,B109915,25,1,MASc PG 40 blocks,sa,112,112,1,1
fb_04,B44010,25,1,MASc PG 40 blocks,sa,112,112,1,1
fb_05,B126589,25,1,MASc PG 40 blocks,sa,112,112,1,1
fb_05,B145584,25,1,MASc PG 40 blocks,sa,112,112,1,1
fb_05,B55424,25,1,MASc PG 40 blocks,sa,112,112,1,1
fb_06,B117387,25,1,MASc PG 40 blocks,sa,112,112,1,1
fb_06,B117387,25,1,MASc PG 40 blocks,sa,112,112,1,1
fb_06,B127158,25,1,MASc PG 40 blocks,sa,112,112,1,1
fb_01,B107189,26,1,MASc PG 40 blocks,sa,112,112,1,1
fb_01,B108124,26,1,MASc PG 40 blocks,sa,112,112,1,1
fb_01,B68233,26,1,MASc PG 40 blocks,sa,112,112,1,1
fb_02,B114477,26,1,MASc PG 40 blocks,sa,112,112,1,1
fb_02,B42891,26,1,MASc PG 40 blocks,sa,112,112,1,1
fb_02,B44010,26,1,MASc PG 40 blocks,sa,112,112,1,1
fb_03,B107189,26,1,MASc PG 40 blocks,sa,112,112,1,1
fb_03,B108339,26,1,MASc PG 40 blocks,sa,112,112,1,1
fb_03,B42891,26,1,MASc PG 40 blocks,sa,112,112,1,1
fb_04,B107189,26,1,MASc PG 40 blocks,sa,112,112,1,1
fb_04,B109915,26,1,MASc PG 40 blocks,sa,112,112,1,1
fb_04,B145584,26,1,MASc PG 40 blocks,sa,112,112,1,1
fb_05,B126589,26,1,MASc PG 40 blocks,sa,112,112,1,1
fb_05,B126589,26,1,MASc PG 40 blocks,sa,112,112,1,1
fb_05,B127158,26,1,MASc PG 40 blocks,sa,112,112,1,1
fb_06,B117387,26,1,MASc PG 40 blocks,sa,112,112,1,1
fb_06,B117387,26,1,MASc PG 40 blocks,sa,112,112,1,1
fb_06,B120266,26,1,MASc PG 40 blocks,sa,112,112,1,1
fb_01,B107189,27,1,MASc PG 40 blocks,sa,112,112,1,1
fb_01,B108060,27,1,MASc PG 40 blocks,sa,112,112,1,1
fb_01,B108124,27,1,MASc PG 40 blocks,sa,112,112,1,1
fb_02,B120266,27,1,MASc PG 40 blocks,sa,112,112,1,1
fb_02,B126589,27,1,MASc PG 40 blocks,sa,112,112,1,1
fb_02,B127158,27,1,MASc PG 40 blocks,sa,112,112,1,1
fb_03,B126413,27,1,MASc PG 40 blocks,sa,112,112,1,1
fb_03,B126589,27,1,MASc PG 40 blocks,sa,112,112,1,1
fb_03,B126869,27,1,MASc PG 40 blocks,sa,112,112,1,1
fb_04,B107189,27,1,MASc PG 40 blocks,sa,112,112,1,1
fb_04,B127158,27,1,MASc PG 40 blocks,sa,112,112,1,1
fb_04,B145584,27,1,MASc PG 40 blocks,sa,112,112,1,1
fb_05,B126589,27,1,MASc PG 40 blocks,sa,112,112,1,1
fb_05,B126589,27,1,MASc PG 40 blocks,sa,112,112,1,1
fb_05,B127158,27,1,MASc PG 40 blocks,sa,112,112,1,1
fb_06,B117387,27,1,MASc PG 40 blocks,sa,112,112,1,1
fb_06,B117387,27,1,MASc PG 40 blocks,sa,112,112,1,1
fb_06,B117387,27,1,MASc PG 40 blocks,sa,112,112,1,1
fb_01,B108124,28,1,MASc PG 40 blocks,sa,112,112,1,1
fb_01,B108339,28,1,MASc PG 40 blocks,sa,112,112,1,1
fb_01,B109915,28,1,MASc PG 40 blocks,sa,112,112,1,1
fb_02,B124193,28,1,MASc PG 40 blocks,sa,112,112,1,1
fb_02,B126413,28,1,MASc PG 40 blocks,sa,112,112,1,1
fb_02,B126492,28,1,MASc PG 40 blocks,sa,112,112,1,1
fb_03,B112038,28,1,MASc PG 40 blocks,sa,112,112,1,1
fb_03,B112990,28,1,MASc PG 40 blocks,sa,112,112,1,1
fb_03,B55424,28,1,MASc PG 40 blocks,sa,112,112,1,1
fb_04,B126589,28,1,MASc PG 40 blocks,sa,112,112,1,1
fb_04,B127158,28,1,MASc PG 40 blocks,sa,112,112,1,1
fb_04,B145584,28,1,MASc PG 40 blocks,sa,112,112,1,1
fb_05,B126589,28,1,MASc PG 40 blocks,sa,112,112,1,1
fb_05,B127158,28,1,MASc PG 40 blocks,sa,112,112,1,1
fb_05,B127158,28,1,MASc PG 40 blocks,sa,112,112,1,1
fb_06,B117387,28,1,MASc PG 40 blocks,sa,112,112,1,1
fb_06,B117387,28,1,MASc PG 40 blocks,sa,112,112,1,1
fb_06,B117387,28,1,MASc PG 40 blocks,sa,112,112,1,1
fb_01,B107189,29,1,MASc PG 40 blocks,sa,112,112,1,1
fb_01,B108124,29,1,MASc PG 40 blocks,sa,112,112,1,1
fb_01,B110288,29,1,MASc PG 40 blocks,sa,112,112,1,1
fb_02,B120266,29,1,MASc PG 40 blocks,sa,112,112,1,1
fb_02,B121928,29,1,MASc PG 40 blocks,sa,112,112,1,1
fb_02,B126589,29,1,MASc PG 40 blocks,sa,112,112,1,1
fb_03,B108339,29,1,MASc PG 40 blocks,sa,112,112,1,1
fb_03,B109340,29,1,MASc PG 40 blocks,sa,112,112,1,1
fb_03,B109915,29,1,MASc PG 40 blocks,sa,112,112,1,1
fb_04,B127158,29,1,MASc PG 40 blocks,sa,112,112,1,1
fb_04,B145584,29,1,MASc PG 40 blocks,sa,112,112,1,1
fb_04,B68233,29,1,MASc PG 40 blocks,sa,112,112,1,1
fb_05,B109915,29,1,MASc PG 40 blocks,sa,112,112,1,1
fb_05,B126589,29,1,MASc PG 40 blocks,sa,112,112,1,1
fb_05,B127158,29,1,MASc PG 40 blocks,sa,112,112,1,1
fb_06,B117387,29,1,MASc PG 40 blocks,sa,112,112,1,1
fb_06,B117387,29,1,MASc PG 40 blocks,sa,112,112,1,1
fb_06,B68233,29,1,MASc PG 40 blocks,sa,112,112,1,1
fb_01,B107189,30,1,MASc PG 40 blocks,sa,112,112,1,1
fb_01,B108060,30,1,MASc PG 40 blocks,sa,112,112,1,1
fb_01,B108124,30,1,MASc PG 40 blocks,sa,112,112,1,1
fb_02,B112990,30,1,MASc PG 40 blocks,sa,112,112,1,1
fb_02,B113324,30,1,MASc PG 40 blocks,sa,112,112,1,1
fb_02,B114477,30,1,MASc PG 40 blocks,sa,112,112,1,1
fb_03,B127158,30,1,MASc PG 40 blocks,sa,112,112,1,1
fb_03,B145584,30,1,MASc PG 40 blocks,sa,112,112,1,1
fb_03,B42891,30,1,MASc PG 40 blocks,sa,112,112,1,1
fb_04,B107189,30,1,MASc PG 40 blocks,sa,112,112,1,1
fb_04,B108339,30,1,MASc PG 40 blocks,sa,112,112,1,1
fb_04,B145584,30,1,MASc PG 40 blocks,sa,112,112,1,1
fb_05,B109915,30,1,MASc PG 40 blocks,sa,112,112,1,1
fb_05,B127158,30,1,MASc PG 40 blocks,sa,112,112,1,1
fb_05,B145584,30,1,MASc PG 40 blocks,sa,112,112,1,1
fb_06,B117387,30,1,MASc PG 40 blocks,sa,112,112,1,1
fb_06,B117387,30,1,MASc PG 40 blocks,sa,112,112,1,1
fb_06,B117387,30,1,MASc PG 40 blocks,sa,112,112,1,1
fb_01,B107189,31,1,MASc PG 40 blocks,sa,112,112,1,1
fb_01,B108060,31,1,MASc PG 40 blocks,sa,112,112,1,1
fb_01,B108124,31,1,MASc PG 40 blocks,sa,112,112,1,1
fb_02,B107189,31,1,MASc PG 40 blocks,sa,112,112,1,1
fb_02,B112038,31,1,MASc PG 40 blocks,sa,112,112,1,1
fb_02,B127158,31,1,MASc PG 40 blocks,sa,112,112,1,1
fb_03,B113324,31,1,MASc PG 40 blocks,sa,112,112,1,1
fb_03,B114477,31,1,MASc PG 40 blocks,sa,112,112,1,1
fb_03,B120266,31,1,MASc PG 40 blocks,sa,112,112,1,1
fb_04,B107189,31,1,MASc PG 40 blocks,sa,112,112,1,1
fb_04,B109915,31,1,MASc PG 40 blocks,sa,112,112,1,1
fb_04,B68233,31,1,MASc PG 40 blocks,sa,112,112,1,1
fb_05,B110288,31,1,MASc PG 40 blocks,sa,112,112,1,1
fb_05,B126589,31,1,MASc PG 40 blocks,sa,112,112,1,1
fb_05,B127158,31,1,MASc PG 40 blocks,sa,112,112,1,1
fb_06,B117387,31,1,MASc PG 40 blocks,sa,112,112,1,1
fb_06,B117387,31,1,MASc PG 40 blocks,sa,112,112,1,1
fb_06,B117387,31,1,MASc PG 40 blocks,sa,112,112,1,1
fb_01,B107189,32,1,MASc PG 40 blocks,sa,112,112,1,1
fb_01,B108060,32,1,MASc PG 40 blocks,sa,112,112,1,1
fb_01,B108124,32,1,MASc PG 40 blocks,sa,112,112,1,1
fb_02,B109915,32,1,MASc PG 40 blocks,sa,112,112,1,1
fb_02,B110288,32,1,MASc PG 40 blocks,sa,112,112,1,1
fb_02,B110471,32,1,MASc PG 40 blocks,sa,112,112,1,1
fb_03,B108339,32,1,MASc PG 40 blocks,sa,112,112,1,1
fb_03,B126589,32,1,MASc PG 40 blocks,sa,112,112,1,1
fb_03,B127158,32,1,MASc PG 40 blocks,sa,112,112,1,1
fb_04,B110288,32,1,MASc PG 40 blocks,sa,112,112,1,1
fb_04,B110288,32,1,MASc PG 40 blocks,sa,112,112,1,1
fb_04,B110471,32,1,MASc PG 40 blocks,sa,112,112,1,1
fb_05,B120266,32,1,MASc PG 40 blocks,sa,112,112,1,1
fb_05,B145584,32,1,MASc PG 40 blocks,sa,112,112,1,1
fb_05,B68233,32,1,MASc PG 40 blocks,sa,112,112,1,1
fb_06,B117387,32,1,MASc PG 40 blocks,sa,112,112,1,1
fb_06,B117387,32,1,MASc PG 40 blocks,sa,112,112,1,1
fb_06,B127158,32,1,MASc PG 40 blocks,sa,112,112,1,1
fb_01,B107189,33,1,MASc PG 40 blocks,sa,112,112,1,1
fb_01,B108060,33,1,MASc PG 40 blocks,sa,112,112,1,1
fb_01,B108124,33,1,MASc PG 40 blocks,sa,112,112,1,1
fb_02,B108124,33,1,MASc PG 40 blocks,sa,112,112,1,1
fb_02,B108339,33,1,MASc PG 40 blocks,sa,112,112,1,1
fb_02,B42891,33,1,MASc PG 40 blocks,sa,112,112,1,1
fb_03,B107189,33,1,MASc PG 40 blocks,sa,112,112,1,1
fb_03,B55424,33,1,MASc PG 40 blocks,sa,112,112,1,1
fb_03,B68233,33,1,MASc PG 40 blocks,sa,112,112,1,1
fb_04,B110471,33,1,MASc PG 40 blocks,sa,112,112,1,1
fb_04,B113324,33,1,MASc PG 40 blocks,sa,112,112,1,1
fb_04,B68233,33,1,MASc PG 40 blocks,sa,112,112,1,1
fb_05,B126589,33,1,MASc PG 40 blocks,sa,112,112,1,1
fb_05,B127158,33,1,MASc PG 40 blocks,sa,112,112,1,1
fb_05,B145584,33,1,MASc PG 40 blocks,sa,112,112,1,1
fb_06,B117387,33,1,MASc PG 40 blocks,sa,112,112,1,1
fb_06,B127158,33,1,MASc PG 40 blocks,sa,112,112,1,1
fb_06,B42891,33,1,MASc PG 40 blocks,sa,112,112,1,1
fb_01,B108060,34,1,MASc PG 40 blocks,sa,112,112,1,1
fb_01,B108124,34,1,MASc PG 40 blocks,sa,112,112,1,1
fb_01,B121154,34,1,MASc PG 40 blocks,sa,112,112,1,1
fb_02,B107189,34,1,MASc PG 40 blocks,sa,112,112,1,1
fb_02,B108060,34,1,MASc PG 40 blocks,sa,112,112,1,1
fb_02,B68233,34,1,MASc PG 40 blocks,sa,112,112,1,1
fb_03,B126413,34,1,MASc PG 40 blocks,sa,112,112,1,1
fb_03,B126589,34,1,MASc PG 40 blocks,sa,112,112,1,1
fb_03,B126869,34,1,MASc PG 40 blocks,sa,112,112,1,1
fb_04,B120266,34,1,MASc PG 40 blocks,sa,112,112,1,1
fb_04,B126413,34,1,MASc PG 40 blocks,sa,112,112,1,1
fb_04,B126589,34,1,MASc PG 40 blocks,sa,112,112,1,1
fb_05,B120266,34,1,MASc PG 40 blocks,sa,112,112,1,1
fb_05,B120266,34,1,MASc PG 40 blocks,sa,112,112,1,1
fb_05,B126589,34,1,MASc PG 40 blocks,sa,112,112,1,1
fb_06,B117387,34,1,MASc PG 40 blocks,sa,112,112,1,1
fb_06,B117387,34,1,MASc PG 40 blocks,sa,112,112,1,1
fb_06,B117387,34,1,MASc PG 40 blocks,sa,112,112,1,1
fb_01,B107189,35,1,MASc PG 40 blocks,sa,112,112,1,1
fb_01,B108060,35,1,MASc PG 40 blocks,sa,112,112,1,1
fb_01,B108124,35,1,MASc PG 40 blocks,sa,112,112,1,1
fb_02,B145584,35,1,MASc PG 40 blocks,sa,112,112,1,1
fb_02,B53160,35,1,MASc PG 40 blocks,sa,112,112,1,1
fb_02,B55424,35,1,MASc PG 40 blocks,sa,112,112,1,1
fb_03,B111480,35,1,MASc PG 40 blocks,sa,112,112,1,1
fb_03,B112038,35,1,MASc PG 40 blocks,sa,112,112,1,1
fb_03,B112990,35,1,MASc PG 40 blocks,sa,112,112,1,1
fb_04,B127158,35,1,MASc PG 40 blocks,sa,112,112,1,1
fb_04,B127158,35,1,MASc PG 40 blocks,sa,112,112,1,1
fb_04,B145584,35,1,MASc PG 40 blocks,sa,112,112,1,1
fb_05,B107189,35,1,MASc PG 40 blocks,sa,112,112,1,1
fb_05,B127158,35,1,MASc PG 40 blocks,sa,112,112,1,1
fb_05,B127158,35,1,MASc PG 40 blocks,sa,112,112,1,1
fb_06,B117387,35,1,MASc PG 40 blocks,sa,112,112,1,1
fb_06,B117387,35,1,MASc PG 40 blocks,sa,112,112,1,1
fb_06,B117387,35,1,MASc PG 40 blocks,sa,112,112,1,1
fb_01,B107189,36,1,MASc PG 40 blocks,sa,112,112,1,1
fb_01,B108060,36,1,MASc PG 40 blocks,sa,112,112,1,1
fb_01,B108124,36,1,MASc PG 40 blocks,sa,112,112,1,1
fb_02,B127158,36,1,MASc PG 40 blocks,sa,112,112,1,1
fb_02,B42891,36,1,MASc PG 40 blocks,sa,112,112,1,1
fb_02,B44010,36,1,MASc PG 40 blocks,sa,112,112,1,1
fb_03,B108339,36,1,MASc PG 40 blocks,sa,112,112,1,1
fb_03,B126589,36,1,MASc PG 40 blocks,sa,112,112,1,1
fb_03,B68233,36,1,MASc PG 40 blocks,sa,112,112,1,1
fb_04,B107189,36,1,MASc PG 40 blocks,sa,112,112,1,1
fb_04,B109915,36,1,MASc PG 40 blocks,sa,112,112,1,1
fb_04,B120266,36,1,MASc PG 40 blocks,sa,112,112,1,1
fb_05,B120266,36,1,MASc PG 40 blocks,sa,112,112,1,1
fb_05,B126589,36,1,MASc PG 40 blocks,sa,112,112,1,1
fb_05,B127158,36,1,MASc PG 40 blocks,sa,112,112,1,1
fb_06,B117387,36,1,MASc PG 40 blocks,sa,112,112,1,1
fb_06,B117387,36,1,MASc PG 40 blocks,sa,112,112,1,1
fb_06,B117387,36,1,MASc PG 40 blocks,sa,112,112,1,1
fb_01,B107189,37,1,MASc PG 40 blocks,sa,112,112,1,1
fb_01,B108060,37,1,MASc PG 40 blocks,sa,112,112,1,1
fb_01,B126589,37,1,MASc PG 40 blocks,sa,112,112,1,1
fb_02,B126492,37,1,MASc PG 40 blocks,sa,112,112,1,1
fb_02,B126589,37,1,MASc PG 40 blocks,sa,112,112,1,1
fb_02,B126869,37,1,MASc PG 40 blocks,sa,112,112,1,1
fb_03,B127158,37,1,MASc PG 40 blocks,sa,112,112,1,1
fb_03,B145584,37,1,MASc PG 40 blocks,sa,112,112,1,1
fb_03,B42891,37,1,MASc PG 40 blocks,sa,112,112,1,1
fb_04,B110288,37,1,MASc PG 40 blocks,sa,112,112,1,1
fb_04,B110471,37,1,MASc PG 40 blocks,sa,112,112,1,1
fb_04,B113324,37,1,MASc PG 40 blocks,sa,112,112,1,1
fb_05,B109915,37,1,MASc PG 40 blocks,sa,112,112,1,1
fb_05,B120266,37,1,MASc PG 40 blocks,sa,112,112,1,1
fb_05,B45231,37,1,MASc PG 40 blocks,sa,112,112,1,1
fb_06,B117387,37,1,MASc PG 40 blocks,sa,112,112,1,1
fb_06,B117387,37,1,MASc PG 40 blocks,sa,112,112,1,1
fb_06,B117387,37,1,MASc PG 40 blocks,sa,112,112,1,1
fb_01,B107189,38,1,MASc PG 40 blocks,sa,112,112,1,1
fb_01,B108060,38,1,MASc PG 40 blocks,sa,112,112,1,1
fb_01,B68233,38,1,MASc PG 40 blocks,sa,112,112,1,1
fb_02,B110288,38,1,MASc PG 40 blocks,sa,112,112,1,1
fb_02,B117387,38,1,MASc PG 40 blocks,sa,112,112,1,1
fb_02,B127158,38,1,MASc PG 40 blocks,sa,112,112,1,1
fb_03,B113324,38,1,MASc PG 40 blocks,sa,112,112,1,1
fb_03,B114477,38,1,MASc PG 40 blocks,sa,112,112,1,1
fb_03,B120266,38,1,MASc PG 40 blocks,sa,112,112,1,1
fb_04,B120266,38,1,MASc PG 40 blocks,sa,112,112,1,1
fb_04,B120266,38,1,MASc PG 40 blocks,sa,112,112,1,1
fb_04,B126589,38,1,MASc PG 40 blocks,sa,112,112,1,1
fb_05,B126589,38,1,MASc PG 40 blocks,sa,112,112,1,1
fb_05,B127158,38,1,MASc PG 40 blocks,sa,112,112,1,1
fb_05,B145584,38,1,MASc PG 40 blocks,sa,112,112,1,1
fb_06,B117387,38,1,MASc PG 40 blocks,sa,112,112,1,1
fb_06,B126589,38,1,MASc PG 40 blocks,sa,112,112,1,1
fb_06,B127158,38,1,MASc PG 40 blocks,sa,112,112,1,1
fb_01,B107189,39,1,MASc PG 40 blocks,sa,112,112,1,1
fb_01,B108060,39,1,MASc PG 40 blocks,sa,112,112,1,1
fb_01,B108124,39,1,MASc PG 40 blocks,sa,112,112,1,1
fb_02,B114477,39,1,MASc PG 40 blocks,sa,112,112,1,1
fb_02,B120266,39,1,MASc PG 40 blocks,sa,112,112,1,1
fb_02,B120266,39,1,MASc PG 40 blocks,sa,112,112,1,1
fb_03,B110471,39,1,MASc PG 40 blocks,sa,112,112,1,1
fb_03,B111410,39,1,MASc PG 40 blocks,sa,112,112,1,1
fb_03,B127158,39,1,MASc PG 40 blocks,sa,112,112,1,1
fb_04,B126869,39,1,MASc PG 40 blocks,sa,112,112,1,1
fb_04,B127158,39,1,MASc PG 40 blocks,sa,112,112,1,1
fb_04,B145584,39,1,MASc PG 40 blocks,sa,112,112,1,1
fb_05,B109915,39,1,MASc PG 40 blocks,sa,112,112,1,1
fb_05,B120266,39,1,MASc PG 40 blocks,sa,112,112,1,1
fb_05,B126589,39,1,MASc PG 40 blocks,sa,112,112,1,1
fb_06,B127158,39,1,MASc PG 40 blocks,sa,112,112,1,1
fb_06,B127158,39,1,MASc PG 40 blocks,sa,112,112,1,1
fb_06,B127158,39,1,MASc PG 40 blocks,sa,112,112,1,1
fb_01,B107189,40,1,MASc PG 40 blocks,sa,112,112,1,1
fb_01,B108060,40,1,MASc PG 40 blocks,sa,112,112,1,1
fb_01,B108124,40,1,MASc PG 40 blocks,sa,112,112,1,1
fb_02,B108339,40,1,MASc PG 40 blocks,sa,112,112,1,1
fb_02,B112990,40,1,MASc PG 40 blocks,sa,112,112,1,1
fb_02,B145584,40,1,MASc PG 40 blocks,sa,112,112,1,1
fb_03,B107189,40,1,MASc PG 40 blocks,sa,112,112,1,1
fb_03,B55424,40,1,MASc PG 40 blocks,sa,112,112,1,1
fb_03,B68233,40,1,MASc PG 40 blocks,sa,112,112,1,1
fb_04,B107189,40,1,MASc PG 40 blocks,sa,112,112,1,1
fb_04,B109915,40,1,MASc PG 40 blocks,sa,112,112,1,1
fb_04,B68233,40,1,MASc PG 40 blocks,sa,112,112,1,1
fb_05,B109915,40,1,MASc PG 40 blocks,sa,112,112,1,1
fb_05,B127158,40,1,MASc PG 40 blocks,sa,112,112,1,1
fb_05,B145584,40,1,MASc PG 40 blocks,sa,112,112,1,1
fb_06,B127158,40,1,MASc PG 40 blocks,sa,112,112,1,1
fb_06,B127158,40,1,MASc PG 40 blocks,sa,112,112,1,1
fb_06,B145584,40,1,MASc PG 40 blocks,sa,112,112,1,1
fb_01,B107189,41,1,MASc PG 40 blocks,sa,112,112,1,1
fb_01,B108060,41,1,MASc PG 40 blocks,sa,112,112,1,1
fb_01,B121154,41,1,MASc PG 40 blocks,sa,112,112,1,1
fb_02,B110288,41,1,MASc PG 40 blocks,sa,112,112,1,1
fb_02,B111410,41,1,MASc PG 40 blocks,sa,112,112,1,1
fb_02,B68233,41,1,MASc PG 40 blocks,sa,112,112,1,1
fb_03,B126413,41,1,MASc PG 40 blocks,sa,112,112,1,1
fb_03,B126589,41,1,MASc PG 40 blocks,sa,112,112,1,1
fb_03,B126869,41,1,MASc PG 40 blocks,sa,112,112,1,1
fb_04,B110288,41,1,MASc PG 40 blocks,sa,112,112,1,1
fb_04,B110471,41,1,MASc PG 40 blocks,sa,112,112,1,1
fb_04,B113324,41,1,MASc PG 40 blocks,sa,112,112,1,1
fb_05,B127158,41,1,MASc PG 40 blocks,sa,112,112,1,1
fb_05,B145584,41,1,MASc PG 40 blocks,sa,112,112,1,1
fb_05,B145584,41,1,MASc PG 40 blocks,sa,112,112,1,1
fb_06,B109915,41,1,MASc PG 40 blocks,sa,112,112,1,1
fb_06,B127158,41,1,MASc PG 40 blocks,sa,112,112,1,1
fb_06,B55424,41,1,MASc PG 40 blocks,sa,112,112,1,1
fb_01,B107189,42,1,MASc PG 40 blocks,sa,112,112,1,1
fb_01,B108060,42,1,MASc PG 40 blocks,sa,112,112,1,1
fb_01,B126589,42,1,MASc PG 40 blocks,sa,112,112,1,1
fb_02,B109340,42,1,MASc PG 40 blocks,sa,112,112,1,1
fb_02,B109915,42,1,MASc PG 40 blocks,sa,112,112,1,1
fb_02,B109915,42,1,MASc PG 40 blocks,sa,112,112,1,1
fb_03,B108339,42,1,MASc PG 40 blocks,sa,112,112,1,1
fb_03,B112038,42,1,MASc PG 40 blocks,sa,112,112,1,1
fb_03,B120266,42,1,MASc PG 40 blocks,sa,112,112,1,1
fb_04,B113324,42,1,MASc PG 40 blocks,sa,112,112,1,1
fb_04,B126589,42,1,MASc PG 40 blocks,sa,112,112,1,1
fb_04,B145584,42,1,MASc PG 40 blocks,sa,112,112,1,1
fb_05,B126589,42,1,MASc PG 40 blocks,sa,112,112,1,1
fb_05,B127158,42,1,MASc PG 40 blocks,sa,112,112,1,1
fb_05,B145584,42,1,MASc PG 40 blocks,sa,112,112,1,1
fb_06,B126589,42,1,MASc PG 40 blocks,sa,112,112,1,1
fb_06,B127158,42,1,MASc PG 40 blocks,sa,112,112,1,1
fb_06,B127158,42,1,MASc PG 40 blocks,sa,112,112,1,1
fb_01,B107189,43,1,MASc PG 40 blocks,sa,112,112,1,1
fb_01,B110471,43,1,MASc PG 40 blocks,sa,112,112,1,1
fb_01,B127158,43,1,MASc PG 40 blocks,sa,112,112,1,1
fb_02,B108060,43,1,MASc PG 40 blocks,sa,112,112,1,1
fb_02,B108124,43,1,MASc PG 40 blocks,sa,112,112,1,1
fb_02,B108339,43,1,MASc PG 40 blocks,sa,112,112,1,1
fb_03,B108339,43,1,MASc PG 40 blocks,sa,112,112,1,1
fb_03,B109915,43,1,MASc PG 40 blocks,sa,112,112,1,1
fb_03,B121154,43,1,MASc PG 40 blocks,sa,112,112,1,1
fb_04,B107189,43,1,MASc PG 40 blocks,sa,112,112,1,1
fb_04,B55424,43,1,MASc PG 40 blocks,sa,112,112,1,1
fb_04,B68233,43,1,MASc PG 40 blocks,sa,112,112,1,1
fb_05,B108060,43,1,MASc PG 40 blocks,sa,112,112,1,1
fb_05,B126589,43,1,MASc PG 40 blocks,sa,112,112,1,1
fb_05,B145584,43,1,MASc PG 40 blocks,sa,112,112,1,1
fb_06,B108339,43,1,MASc PG 40 blocks,sa,112,112,1,1
fb_06,B126589,43,1,MASc PG 40 blocks,sa,112,112,1,1
fb_06,B126589,43,1,MASc PG 40 blocks,sa,112,112,1,1
fb_01,B107189,44,1,MASc PG 40 blocks,sa,112,112,1,1
fb_01,B108060,44,1,MASc PG 40 blocks,sa,112,112,1,1
fb_01,B108124,44,1,MASc PG 40 blocks,sa,112,112,1,1
fb_02,B107189,44,1,MASc PG 40 blocks,sa,112,112,1,1
fb_02,B55424,44,1,MASc PG 40 blocks,sa,112,112,1,1
fb_02,B68233,44,1,MASc PG 40 blocks,sa,112,112,1,1
fb_03,B120266,44,1,MASc PG 40 blocks,sa,112,112,1,1
fb_03,B145584,44,1,MASc PG 40 blocks,sa,112,112,1,1
fb_03,B42891,44,1,MASc PG 40 blocks,sa,112,112,1,1
fb_04,B112038,44,1,MASc PG 40 blocks,sa,112,112,1,1
fb_04,B112990,44,1,MASc PG 40 blocks,sa,112,112,1,1
fb_04,B113324,44,1,MASc PG 40 blocks,sa,112,112,1,1
fb_05,B126589,44,1,MASc PG 40 blocks,sa,112,112,1,1
fb_05,B127158,44,1,MASc PG 40 blocks,sa,112,112,1,1
fb_05,B145584,44,1,MASc PG 40 blocks,sa,112,112,1,1
fb_06,B126589,44,1,MASc PG 40 blocks,sa,112,112,1,1
fb_06,B127158,44,1,MASc PG 40 blocks,sa,112,112,1,1
fb_06,B127158,44,1,MASc PG 40 blocks,sa,112,112,1,1
fb_01,B107189,45,1,MASc PG 40 blocks,sa,112,112,1,1
fb_01,B108060,45,1,MASc PG 40 blocks,sa,112,112,1,1
fb_01,B108124,45,1,MASc PG 40 blocks,sa,112,112,1,1
fb_02,B42891,45,1,MASc PG 40 blocks,sa,112,112,1,1
fb_02,B44010,45,1,MASc PG 40 blocks,sa,112,112,1,1
fb_02,B53160,45,1,MASc PG 40 blocks,sa,112,112,1,1
fb_03,B111410,45,1,MASc PG 40 blocks,sa,112,112,1,1
fb_03,B120266,45,1,MASc PG 40 blocks,sa,112,112,1,1
fb_03,B126492,45,1,MASc PG 40 blocks,sa,112,112,1,1
fb_04,B112038,45,1,MASc PG 40 blocks,sa,112,112,1,1
fb_04,B145584,45,1,MASc PG 40 blocks,sa,112,112,1,1
fb_04,B145584,45,1,MASc PG 40 blocks,sa,112,112,1,1
fb_05,B126589,45,1,MASc PG 40 blocks,sa,112,112,1,1
fb_05,B127158,45,1,MASc PG 40 blocks,sa,112,112,1,1
fb_05,B145584,45,1,MASc PG 40 blocks,sa,112,112,1,1
fb_06,B121154,45,1,MASc PG 40 blocks,sa,112,112,1,1
fb_06,B126589,45,1,MASc PG 40 blocks,sa,112,112,1,1
fb_06,B126589,45,1,MASc PG 40 blocks,sa,112,112,1,1
fb_01,B107189,46,1,MASc PG 40 blocks,sa,112,112,1,1
fb_01,B108060,46,1,MASc PG 40 blocks,sa,112,112,1,1
fb_01,B108124,46,1,MASc PG 40 blocks,sa,112,112,1,1
fb_02,B126869,46,1,MASc PG 40 blocks,sa,112,112,1,1
fb_02,B127158,46,1,MASc PG 40 blocks,sa,112,112,1,1
fb_02,B145584,46,1,MASc PG 40 blocks,sa,112,112,1,1
fb_03,B110471,46,1,MASc PG 40 blocks,sa,112,112,1,1
fb_03,B111410,46,1,MASc PG 40 blocks,sa,112,112,1,1
fb_03,B55424,46,1,MASc PG 40 blocks,sa,112,112,1,1
fb_04,B110288,46,1,MASc PG 40 blocks,sa,112,112,1,1
fb_04,B112038,46,1,MASc PG 40 blocks,sa,112,112,1,1
fb_04,B127158,46,1,MASc PG 40 blocks,sa,112,112,1,1
fb_05,B107189,46,1,MASc PG 40 blocks,sa,112,112,1,1
fb_05,B127158,46,1,MASc PG 40 blocks,sa,112,112,1,1
fb_05,B145584,46,1,MASc PG 40 blocks,sa,112,112,1,1
fb_06,B109915,46,1,MASc PG 40 blocks,sa,112,112,1,1
fb_06,B126589,46,1,MASc PG 40 blocks,sa,112,112,1,1
fb_06,B127158,46,1,MASc PG 40 blocks,sa,112,112,1,1
fb_01,B107189,47,1,MASc PG 40 blocks,sa,112,112,1,1
fb_01,B108060,47,1,MASc PG 40 blocks,sa,112,112,1,1
fb_01,B108124,47,1,MASc PG 40 blocks,sa,112,112,1,1
fb_02,B126413,47,1,MASc PG 40 blocks,sa,112,112,1,1
fb_02,B126492,47,1,MASc PG 40 blocks,sa,112,112,1,1
fb_02,B126589,47,1,MASc PG 40 blocks,sa,112,112,1,1
fb_03,B107189,47,1,MASc PG 40 blocks,sa,112,112,1,1
fb_03,B108339,47,1,MASc PG 40 blocks,sa,112,112,1,1
fb_03,B109340,47,1,MASc PG 40 blocks,sa,112,112,1,1
fb_04,B126589,47,1,MASc PG 40 blocks,sa,112,112,1,1
fb_04,B126869,47,1,MASc PG 40 blocks,sa,112,112,1,1
fb_04,B127158,47,1,MASc PG 40 blocks,sa,112,112,1,1
fb_05,B109915,47,1,MASc PG 40 blocks,sa,112,112,1,1
fb_05,B110288,47,1,MASc PG 40 blocks,sa,112,112,1,1
fb_05,B121154,47,1,MASc PG 40 blocks,sa,112,112,1,1
fb_06,B126589,47,1,MASc PG 40 blocks,sa,112,112,1,1
fb_06,B127158,47,1,MASc PG 40 blocks,sa,112,112,1,1
fb_06,B145584,47,1,MASc PG 40 blocks,sa,112,112,1,1
fb_01,B107189,48,1,MASc PG 40 blocks,sa,112,112,1,1
fb_01,B108060,48,1,MASc PG 40 blocks,sa,112,112,1,1
fb_01,B68233,48,1,MASc PG 40 blocks,sa,112,112,1,1
fb_02,B121154,48,1,MASc PG 40 blocks,sa,112,112,1,1
fb_02,B121928,48,1,MASc PG 40 blocks,sa,112,112,1,1
fb_02,B124453,48,1,MASc PG 40 blocks,sa,112,112,1,1
fb_03,B127158,48,1,MASc PG 40 blocks,sa,112,112,1,1
fb_03,B145584,48,1,MASc PG 40 blocks,sa,112,112,1,1
fb_03,B42891,48,1,MASc PG 40 blocks,sa,112,112,1,1
fb_04,B109915,48,1,MASc PG 40 blocks,sa,112,112,1,1
fb_04,B110288,48,1,MASc PG 40 blocks,sa,112,112,1,1
fb_04,B110471,48,1,MASc PG 40 blocks,sa,112,112,1,1
fb_05,B108060,48,1,MASc PG 40 blocks,sa,112,112,1,1
fb_05,B120266,48,1,MASc PG 40 blocks,sa,112,112,1,1
fb_05,B127158,48,1,MASc PG 40 blocks,sa,112,112,1,1
fb_06,B126589,48,1,MASc PG 40 blocks,sa,112,112,1,1
fb_06,B127158,48,1,MASc PG 40 blocks,sa,112,112,1,1
fb_06,B145584,48,1,MASc PG 40 blocks,sa,112,112,1,1
fb_01,B107189,49,1,MASc PG 40 blocks,sa,112,112,1,1
fb_01,B108060,49,1,MASc PG 40 blocks,sa,112,112,1,1
fb_01,B108124,49,1,MASc PG 40 blocks,sa,112,112,1,1
fb_02,B108339,49,1,MASc PG 40 blocks,sa,112,112,1,1
fb_02,B114477,49,1,MASc PG 40 blocks,sa,112,112,1,1
fb_02,B145584,49,1,MASc PG 40 blocks,sa,112,112,1,1
fb_03,B120266,49,1,MASc PG 40 blocks,sa,112,112,1,1
fb_03,B121928,49,1,MASc PG 40 blocks,sa,112,112,1,1
fb_03,B126413,49,1,MASc PG 40 blocks,sa,112,112,1,1
fb_04,B126413,49,1,MASc PG 40 blocks,sa,112,112,1,1
fb_04,B126589,49,1,MASc PG 40 blocks,sa,112,112,1,1
fb_04,B126869,49,1,MASc PG 40 blocks,sa,112,112,1,1
fb_05,B107189,49,1,MASc PG 40 blocks,sa,112,112,1,1
fb_05,B109915,49,1,MASc PG 40 blocks,sa,112,112,1,1
fb_05,B68233,49,1,MASc PG 40 blocks,sa,112,112,1,1
fb_06,B126589,49,1,MASc PG 40 blocks,sa,112,112,1,1
fb_06,B127158,49,1,MASc PG 40 blocks,sa,112,112,1,1
fb_06,B145584,49,1,MASc PG 40 blocks,sa,112,112,1,1
fb_01,B108060,50,1,MASc PG 40 blocks,sa,112,112,1,1
fb_01,B108124,50,1,MASc PG 40 blocks,sa,112,112,1,1
fb_01,B109915,50,1,MASc PG 40 blocks,sa,112,112,1,1
fb_02,B112990,50,1,MASc PG 40 blocks,sa,112,112,1,1
fb_02,B113324,50,1,MASc PG 40 blocks,sa,112,112,1,1
fb_02,B120266,50,1,MASc PG 40 blocks,sa,112,112,1,1
fb_03,B111410,50,1,MASc PG 40 blocks,sa,112,112,1,1
fb_03,B111480,50,1,MASc PG 40 blocks,sa,112,112,1,1
fb_03,B112038,50,1,MASc PG 40 blocks,sa,112,112,1,1
fb_04,B110288,50,1,MASc PG 40 blocks,sa,112,112,1,1
fb_04,B110471,50,1,MASc PG 40 blocks,sa,112,112,1,1
fb_04,B45231,50,1,MASc PG 40 blocks,sa,112,112,1,1
fb_05,B126589,50,1,MASc PG 40 blocks,sa,112,112,1,1
fb_05,B127158,50,1,MASc PG 40 blocks,sa,112,112,1,1
fb_05,B68233,50,1,MASc PG 40 blocks,sa,112,112,1,1
fb_06,B126589,50,1,MASc PG 40 blocks,sa,112,112,1,1
fb_06,B127158,50,1,MASc PG 40 blocks,sa,112,112,1,1
fb_06,B145584,50,1,MASc PG 40 blocks,sa,112,112,1,1
fb_01,B107189,51,1,MASc PG 40 blocks,sa,112,112,1,1
fb_01,B108060,51,1,MASc PG 40 blocks,sa,112,112,1,1
fb_01,B108124,51,1,MASc PG 40 blocks,sa,112,112,1,1
fb_02,B111410,51,1,MASc PG 40 blocks,sa,112,112,1,1
fb_02,B127158,51,1,MASc PG 40 blocks,sa,112,112,1,1
fb_02,B145584,51,1,MASc PG 40 blocks,sa,112,112,1,1
fb_03,B107189,51,1,MASc PG 40 blocks,sa,112,112,1,1
fb_03,B108339,51,1,MASc PG 40 blocks,sa,112,112,1,1
fb_03,B45231,51,1,MASc PG 40 blocks,sa,112,112,1,1
fb_04,B126589,51,1,MASc PG 40 blocks,sa,112,112,1,1
fb_04,B126589,51,1,MASc PG 40 blocks,sa,112,112,1,1
fb_04,B126869,51,1,MASc PG 40 blocks,sa,112,112,1,1
fb_05,B110471,51,1,MASc PG 40 blocks,sa,112,112,1,1
fb_05,B120266,51,1,MASc PG 40 blocks,sa,112,112,1,1
fb_05,B126589,51,1,MASc PG 40 blocks,sa,112,112,1,1
fb_06,B108060,51,1,MASc PG 40 blocks,sa,112,112,1,1
fb_06,B127158,51,1,MASc PG 40 blocks,sa,112,112,1,1
fb_06,B145584,51,1,MASc PG 40 blocks,sa,112,112,1,1
fb_01,B107189,52,1,MASc PG 40 blocks,sa,112,112,1,1
fb_01,B108060,52,1,MASc PG 40 blocks,sa,112,112,1,1
fb_01,B108124,52,1,MASc PG 40 blocks,sa,112,112,1,1
fb_02,B109915,52,1,MASc PG 40 blocks,sa,112,112,1,1
fb_02,B110288,52,1,MASc PG 40 blocks,sa,112,112,1,1
fb_02,B127158,52,1,MASc PG 40 blocks,sa,112,112,1,1
fb_03,B127158,52,1,MASc PG 40 blocks,sa,112,112,1,1
fb_03,B145584,52,1,MASc PG 40 blocks,sa,112,112,1,1
fb_03,B42891,52,1,MASc PG 40 blocks,sa,112,112,1,1
fb_04,B108060,52,1,MASc PG 40 blocks,sa,112,112,1,1
fb_04,B110471,52,1,MASc PG 40 blocks,sa,112,112,1,1
fb_04,B111410,52,1,MASc PG 40 blocks,sa,112,112,1,1
fb_05,B113324,52,1,MASc PG 40 blocks,sa,112,112,1,1
fb_05,B120266,52,1,MASc PG 40 blocks,sa,112,112,1,1
fb_05,B126413,52,1,MASc PG 40 blocks,sa,112,112,1,1
fb_06,B126589,52,1,MASc PG 40 blocks,sa,112,112,1,1
fb_06,B145584,52,1,MASc PG 40 blocks,sa,112,112,1,1
fb_06,B42891,52,1,MASc PG 40 blocks,sa,112,112,1,1
fb_01,B107189,53,1,MASc PG 40 blocks,sa,112,112,1,1
fb_01,B108124,53,1,MASc PG 40 blocks,sa,112,112,1,1
fb_01,B110288,53,1,MASc PG 40 blocks,sa,112,112,1,1
fb_02,B108060,53,1,MASc PG 40 blocks,sa,112,112,1,1
fb_02,B108124,53,1,MASc PG 40 blocks,sa,112,112,1,1
fb_02,B108339,53,1,MASc PG 40 blocks,sa,112,112,1,1
fb_03,B110288,53,1,MASc PG 40 blocks,sa,112,112,1,1
fb_03,B110288,53,1,MASc PG 40 blocks,sa,112,112,1,1
fb_03,B126413,53,1,MASc PG 40 blocks,sa,112,112,1,1
fb_04,B126589,53,1,MASc PG 40 blocks,sa,112,112,1,1
fb_04,B127158,53,1,MASc PG 40 blocks,sa,112,112,1,1
fb_04,B42891,53,1,MASc PG 40 blocks,sa,112,112,1,1
fb_05,B110471,53,1,MASc PG 40 blocks,sa,112,112,1,1
fb_05,B113324,53,1,MASc PG 40 blocks,sa,112,112,1,1
fb_05,B120266,53,1,MASc PG 40 blocks,sa,112,112,1,1
fb_06,B120266,53,1,MASc PG 40 blocks,sa,112,112,1,1
fb_06,B145584,53,1,MASc PG 40 blocks,sa,112,112,1,1
fb_06,B44010,53,1,MASc PG 40 blocks,sa,112,112,1,1
fb_01,B107189,54,1,MASc PG 40 blocks,sa,112,112,1,1
fb_01,B108060,54,1,MASc PG 40 blocks,sa,112,112,1,1
fb_01,B108124,54,1,MASc PG 40 blocks,sa,112,112,1,1
fb_02,B107189,54,1,MASc PG 40 blocks,sa,112,112,1,1
fb_02,B55424,54,1,MASc PG 40 blocks,sa,112,112,1,1
fb_02,B68233,54,1,MASc PG 40 blocks,sa,112,112,1,1
fb_03,B111410,54,1,MASc PG 40 blocks,sa,112,112,1,1
fb_03,B111480,54,1,MASc PG 40 blocks,sa,112,112,1,1
fb_03,B112038,54,1,MASc PG 40 blocks,sa,112,112,1,1
fb_04,B110288,54,1,MASc PG 40 blocks,sa,112,112,1,1
fb_04,B111480,54,1,MASc PG 40 blocks,sa,112,112,1,1
fb_04,B112038,54,1,MASc PG 40 blocks,sa,112,112,1,1
fb_05,B110471,54,1,MASc PG 40 blocks,sa,112,112,1,1
fb_05,B113324,54,1,MASc PG 40 blocks,sa,112,112,1,1
fb_05,B127158,54,1,MASc PG 40 blocks,sa,112,112,1,1
fb_06,B126589,54,1,MASc PG 40 blocks,sa,112,112,1,1
fb_06,B127158,54,1,MASc PG 40 blocks,sa,112,112,1,1
fb_06,B145584,54,1,MASc PG 40 blocks,sa,112,112,1,1
fb_01,B107189,55,1,MASc PG 40 blocks,sa,112,112,1,1
fb_01,B108124,55,1,MASc PG 40 blocks,sa,112,112,1,1
fb_01,B110288,55,1,MASc PG 40 blocks,sa,112,112,1,1
fb_02,B42891,55,1,MASc PG 40 blocks,sa,112,112,1,1
fb_02,B44010,55,1,MASc PG 40 blocks,sa,112,112,1,1
fb_02,B53160,55,1,MASc PG 40 blocks,sa,112,112,1,1
fb_03,B108060,55,1,MASc PG 40 blocks,sa,112,112,1,1
fb_03,B108339,55,1,MASc PG 40 blocks,sa,112,112,1,1
fb_03,B68233,55,1,MASc PG 40 blocks,sa,112,112,1,1
fb_04,B107189,55,1,MASc PG 40 blocks,sa,112,112,1,1
fb_04,B55424,55,1,MASc PG 40 blocks,sa,112,112,1,1
fb_04,B68233,55,1,MASc PG 40 blocks,sa,112,112,1,1
fb_05,B110471,55,1,MASc PG 40 blocks,sa,112,112,1,1
fb_05,B127158,55,1,MASc PG 40 blocks,sa,112,112,1,1
fb_05,B68233,55,1,MASc PG 40 blocks,sa,112,112,1,1
fb_06,B126589,55,1,MASc PG 40 blocks,sa,112,112,1,1
fb_06,B145584,55,1,MASc PG 40 blocks,sa,112,112,1,1
fb_06,B145584,55,1,MASc PG 40 blocks,sa,112,112,1,1
fb_01,B108060,56,1,MASc PG 40 blocks,sa,112,112,1,1
fb_01,B108124,56,1,MASc PG 40 blocks,sa,112,112,1,1
fb_01,B126589,56,1,MASc PG 40 blocks,sa,112,112,1,1
fb_02,B127158,56,1,MASc PG 40 blocks,sa,112,112,1,1
fb_02,B127158,56,1,MASc PG 40 blocks,sa,112,112,1,1
fb_02,B145584,56,1,MASc PG 40 blocks,sa,112,112,1,1
fb_03,B127158,56,1,MASc PG 40 blocks,sa,112,112,1,1
fb_03,B42891,56,1,MASc PG 40 blocks,sa,112,112,1,1
fb_03,B44010,56,1,MASc PG 40 blocks,sa,112,112,1,1
fb_04,B113324,56,1,MASc PG 40 blocks,sa,112,112,1,1
fb_04,B114477,56,1,MASc PG 40 blocks,sa,112,112,1,1
fb_04,B120266,56,1,MASc PG 40 blocks,sa,112,112,1,1
fb_05,B110471,56,1,MASc PG 40 blocks,sa,112,112,1,1
fb_05,B113324,56,1,MASc PG 40 blocks,sa,112,112,1,1
fb_05,B145584,56,1,MASc PG 40 blocks,sa,112,112,1,1
fb_06,B109915,56,1,MASc PG 40 blocks,sa,112,112,1,1
fb_06,B110288,56,1,MASc PG 40 blocks,sa,112,112,1,1
fb_06,B120266,56,1,MASc PG 40 blocks,sa,112,112,1,1
fb_01,B107189,57,1,MASc PG 40 blocks,sa,112,112,1,1
fb_01,B108060,57,1,MASc PG 40 blocks,sa,112,112,1,1
fb_01,B108124,57,1,MASc PG 40 blocks,sa,112,112,1,1
fb_02,B126492,57,1,MASc PG 40 blocks,sa,112,112,1,1
fb_02,B126589,57,1,MASc PG 40 blocks,sa,112,112,1,1
fb_02,B126869,57,1,MASc PG 40 blocks,sa,112,112,1,1
fb_03,B120266,57,1,MASc PG 40 blocks,sa,112,112,1,1
fb_03,B121928,57,1,MASc PG 40 blocks,sa,112,112,1,1
fb_03,B126413,57,1,MASc PG 40 blocks,sa,112,112,1,1
fb_04,B108339,57,1,MASc PG 40 blocks,sa,112,112,1,1
fb_04,B110471,57,1,MASc PG 40 blocks,sa,112,112,1,1
fb_04,B45231,57,1,MASc PG 40 blocks,sa,112,112,1,1
fb_05,B110288,57,1,MASc PG 40 blocks,sa,112,112,1,1
fb_05,B113324,57,1,MASc PG 40 blocks,sa,112,112,1,1
fb_05,B145584,57,1,MASc PG 40 blocks,sa,112,112,1,1
fb_06,B109915,57,1,MASc PG 40 blocks,sa,112,112,1,1
fb_06,B127158,57,1,MASc PG 40 blocks,sa,112,112,1,1
fb_06,B145584,57,1,MASc PG 40 blocks,sa,112,112,1,1
fb_01,B107189,58,1,MASc PG 40 blocks,sa,112,112,1,1
fb_01,B108060,58,1,MASc PG 40 blocks,sa,112,112,1,1
fb_01,B108124,58,1,MASc PG 40 blocks,sa,112,112,1,1
fb_02,B109915,58,1,MASc PG 40 blocks,sa,112,112,1,1
fb_02,B113324,58,1,MASc PG 40 blocks,sa,112,112,1,1
fb_02,B124193,58,1,MASc PG 40 blocks,sa,112,112,1,1
fb_03,B110288,58,1,MASc PG 40 blocks,sa,112,112,1,1
fb_03,B112038,58,1,MASc PG 40 blocks,sa,112,112,1,1
fb_03,B113324,58,1,MASc PG 40 blocks,sa,112,112,1,1
fb_04,B113324,58,1,MASc PG 40 blocks,sa,112,112,1,1
fb_04,B126589,58,1,MASc PG 40 blocks,sa,112,112,1,1
fb_04,B126869,58,1,MASc PG 40 blocks,sa,112,112,1,1
fb_05,B110288,58,1,MASc PG 40 blocks,sa,112,112,1,1
fb_05,B110471,58,1,MASc PG 40 blocks,sa,112,112,1,1
fb_05,B113324,58,1,MASc PG 40 blocks,sa,112,112,1,1
fb_06,B109915,58,1,MASc PG 40 blocks,sa,112,112,1,1
fb_06,B110288,58,1,MASc PG 40 blocks,sa,112,112,1,1
fb_06,B120266,58,1,MASc PG 40 blocks,sa,112,112,1,1
fb_01,B107189,59,1,MASc PG 40 blocks,sa,112,112,1,1
fb_01,B108060,59,1,MASc PG 40 blocks,sa,112,112,1,1
fb_01,B127158,59,1,MASc PG 40 blocks,sa,112,112,1,1
fb_02,B110288,59,1,MASc PG 40 blocks,sa,112,112,1,1
fb_02,B120266,59,1,MASc PG 40 blocks,sa,112,112,1,1
fb_02,B42891,59,1,MASc PG 40 blocks,sa,112,112,1,1
fb_03,B109340,59,1,MASc PG 40 blocks,sa,112,112,1,1
fb_03,B109915,59,1,MASc PG 40 blocks,sa,112,112,1,1
fb_03,B145584,59,1,MASc PG 40 blocks,sa,112,112,1,1
fb_04,B110471,59,1,MASc PG 40 blocks,sa,112,112,1,1
fb_04,B111410,59,1,MASc PG 40 blocks,sa,112,112,1,1
fb_04,B68233,59,1,MASc PG 40 blocks,sa,112,112,1,1
fb_05,B113324,59,1,MASc PG 40 blocks,sa,112,112,1,1
fb_05,B120266,59,1,MASc PG 40 blocks,sa,112,112,1,1
fb_05,B121154,59,1,MASc PG 40 blocks,sa,112,112,1,1
fb_06,B121154,59,1,MASc PG 40 blocks,sa,112,112,1,1
fb_06,B126589,59,1,MASc PG 40 blocks,sa,112,112,1,1
fb_06,B145584,59,1,MASc PG 40 blocks,sa,112,112,1,1
fb_01,B107189,60,1,MASc PG 40 blocks,sa,112,112,1,1
fb_01,B108124,60,1,MASc PG 40 blocks,sa,112,112,1,1
fb_01,B127158,60,1,MASc PG 40 blocks,sa,112,112,1,1
fb_02,B109915,60,1,MASc PG 40 blocks,sa,112,112,1,1
fb_02,B55424,60,1,MASc PG 40 blocks,sa,112,112,1,1
fb_02,B68233,60,1,MASc PG 40 blocks,sa,112,112,1,1
fb_03,B107189,60,1,MASc PG 40 blocks,sa,112,112,1,1
fb_03,B55424,60,1,MASc PG 40 blocks,sa,112,112,1,1
fb_03,B68233,60,1,MASc PG 40 blocks,sa,112,112,1,1
fb_04,B145584,60,1,MASc PG 40 blocks,sa,112,112,1,1
fb_04,B42891,60,1,MASc PG 40 blocks,sa,112,112,1,1
fb_04,B65573,60,1,MASc PG 40 blocks,sa,112,112,1,1
fb_05,B110471,60,1,MASc PG 40 blocks,sa,112,112,1,1
fb_05,B113324,60,1,MASc PG 40 blocks,sa,112,112,1,1
fb_05,B120266,60,1,MASc PG 40 blocks,sa,112,112,1,1
fb_06,B120266,60,1,MASc PG 40 blocks,sa,112,112,1,1
fb_06,B127158,60,1,MASc PG 40 blocks,sa,112,112,1,1
fb_06,B42891,60,1,MASc PG 40 blocks,sa,112,112,1,1
fb_01,B107189,61,1,MASc PG 40 blocks,sa,112,112,1,1
fb_01,B108060,61,1,MASc PG 40 blocks,sa,112,112,1,1
fb_01,B108124,61,1,MASc PG 40 blocks,sa,112,112,1,1
fb_02,B111480,61,1,MASc PG 40 blocks,sa,112,112,1,1
fb_02,B112038,61,1,MASc PG 40 blocks,sa,112,112,1,1
fb_02,B126589,61,1,MASc PG 40 blocks,sa,112,112,1,1
fb_03,B126869,61,1,MASc PG 40 blocks,sa,112,112,1,1
fb_03,B127158,61,1,MASc PG 40 blocks,sa,112,112,1,1
fb_03,B127158,61,1,MASc PG 40 blocks,sa,112,112,1,1
fb_04,B111480,61,1,MASc PG 40 blocks,sa,112,112,1,1
fb_04,B111480,61,1,MASc PG 40 blocks,sa,112,112,1,1
fb_04,B112990,61,1,MASc PG 40 blocks,sa,112,112,1,1
fb_05,B120266,61,1,MASc PG 40 blocks,sa,112,112,1,1
fb_05,B126589,61,1,MASc PG 40 blocks,sa,112,112,1,1
fb_05,B126589,61,1,MASc PG 40 blocks,sa,112,112,1,1
fb_06,B109915,61,1,MASc PG 40 blocks,sa,112,112,1,1
fb_06,B126869,61,1,MASc PG 40 blocks,sa,112,112,1,1
fb_06,B127158,61,1,MASc PG 40 blocks,sa,112,112,1,1
fb_01,B107189,62,1,MASc PG 40 blocks,sa,112,112,1,1
fb_01,B108060,62,1,MASc PG 40 blocks,sa,112,112,1,1
fb_01,B127158,62,1,MASc PG 40 blocks,sa,112,112,1,1
fb_02,B110288,62,1,MASc PG 40 blocks,sa,112,112,1,1
fb_02,B110471,62,1,MASc PG 40 blocks,sa,112,112,1,1
fb_02,B45231,62,1,MASc PG 40 blocks,sa,112,112,1,1
fb_03,B114477,62,1,MASc PG 40 blocks,sa,112,112,1,1
fb_03,B120266,62,1,MASc PG 40 blocks,sa,112,112,1,1
fb_03,B65573,62,1,MASc PG 40 blocks,sa,112,112,1,1
fb_04,B107189,62,1,MASc PG 40 blocks,sa,112,112,1,1
fb_04,B55424,62,1,MASc PG 40 blocks,sa,112,112,1,1
fb_04,B68233,62,1,MASc PG 40 blocks,sa,112,112,1,1
fb_05,B110288,62,1,MASc PG 40 blocks,sa,112,112,1,1
fb_05,B126869,62,1,MASc PG 40 blocks,sa,112,112,1,1
fb_05,B68233,62,1,MASc PG 40 blocks,sa,112,112,1,1
fb_06,B108060,62,1,MASc PG 40 blocks,sa,112,112,1,1
fb_06,B126589,62,1,MASc PG 40 blocks,sa,112,112,1,1
fb_06,B145584,62,1,MASc PG 40 blocks,sa,112,112,1,1
fb_01,B107189,63,1,MASc PG 40 blocks,sa,112,112,1,1
fb_01,B108060,63,1,MASc PG 40 blocks,sa,112,112,1,1
fb_01,B108124,63,1,MASc PG 40 blocks,sa,112,112,1,1
fb_02,B108124,63,1,MASc PG 40 blocks,sa,112,112,1,1
fb_02,B108339,63,1,MASc PG 40 blocks,sa,112,112,1,1
fb_02,B109340,63,1,MASc PG 40 blocks,sa,112,112,1,1
fb_03,B111410,63,1,MASc PG 40 blocks,sa,112,112,1,1
fb_03,B111480,63,1,MASc PG 40 blocks,sa,112,112,1,1
fb_03,B120266,63,1,MASc PG 40 blocks,sa,112,112,1,1
fb_04,B109915,63,1,MASc PG 40 blocks,sa,112,112,1,1
fb_04,B113324,63,1,MASc PG 40 blocks,sa,112,112,1,1
fb_04,B114477,63,1,MASc PG 40 blocks,sa,112,112,1,1
fb_05,B108339,63,1,MASc PG 40 blocks,sa,112,112,1,1
fb_05,B109915,63,1,MASc PG 40 blocks,sa,112,112,1,1
fb_05,B126589,63,1,MASc PG 40 blocks,sa,112,112,1,1
fb_06,B110471,63,1,MASc PG 40 blocks,sa,112,112,1,1
fb_06,B110471,63,1,MASc PG 40 blocks,sa,112,112,1,1
fb_06,B120266,63,1,MASc PG 40 blocks,sa,112,112,1,1
fb_01,B107189,64,1,MASc PG 40 blocks,sa,112,112,1,1
fb_01,B108060,64,1,MASc PG 40 blocks,sa,112,112,1,1
fb_01,B113324,64,1,MASc PG 40 blocks,sa,112,112,1,1
fb_02,B108060,64,1,MASc PG 40 blocks,sa,112,112,1,1
fb_02,B126869,64,1,MASc PG 40 blocks,sa,112,112,1,1
fb_02,B68233,64,1,MASc PG 40 blocks,sa,112,112,1,1
fb_03,B108124,64,1,MASc PG 40 blocks,sa,112,112,1,1
fb_03,B121154,64,1,MASc PG 40 blocks,sa,112,112,1,1
fb_03,B121154,64,1,MASc PG 40 blocks,sa,112,112,1,1
fb_04,B108339,64,1,MASc PG 40 blocks,sa,112,112,1,1
fb_04,B109340,64,1,MASc PG 40 blocks,sa,112,112,1,1
fb_04,B109915,64,1,MASc PG 40 blocks,sa,112,112,1,1
fb_05,B112038,64,1,MASc PG 40 blocks,sa,112,112,1,1
fb_05,B112990,64,1,MASc PG 40 blocks,sa,112,112,1,1
fb_05,B113324,64,1,MASc PG 40 blocks,sa,112,112,1,1
fb_06,B126589,64,1,MASc PG 40 blocks,sa,112,112,1,1
fb_06,B127158,64,1,MASc PG 40 blocks,sa,112,112,1,1
fb_06,B145584,64,1,MASc PG 40 blocks,sa,112,112,1,1
fb_01,B108060,65,1,MASc PG 40 blocks,sa,112,112,1,1
fb_01,B108124,65,1,MASc PG 40 blocks,sa,112,112,1,1
fb_01,B45231,65,1,MASc PG 40 blocks,sa,112,112,1,1
fb_02,B127158,65,1,MASc PG 40 blocks,sa,112,112,1,1
fb_02,B53160,65,1,MASc PG 40 blocks,sa,112,112,1,1
fb_02,B65573,65,1,MASc PG 40 blocks,sa,112,112,1,1
fb_03,B126869,65,1,MASc PG 40 blocks,sa,112,112,1,1
fb_03,B42891,65,1,MASc PG 40 blocks,sa,112,112,1,1
fb_03,B53160,65,1,MASc PG 40 blocks,sa,112,112,1,1
fb_04,B126413,65,1,MASc PG 40 blocks,sa,112,112,1,1
fb_04,B126589,65,1,MASc PG 40 blocks,sa,112,112,1,1
fb_04,B44010,65,1,MASc PG 40 blocks,sa,112,112,1,1
fb_05,B126413,65,1,MASc PG 40 blocks,sa,112,112,1,1
fb_05,B126589,65,1,MASc PG 40 blocks,sa,112,112,1,1
fb_05,B126869,65,1,MASc PG 40 blocks,sa,112,112,1,1
fb_06,B113324,65,1,MASc PG 40 blocks,sa,112,112,1,1
fb_06,B120266,65,1,MASc PG 40 blocks,sa,112,112,1,1
fb_06,B145584,65,1,MASc PG 40 blocks,sa,112,112,1,1
fb_01,B107189,66,1,MASc PG 40 blocks,sa,112,112,1,1
fb_01,B108124,66,1,MASc PG 40 blocks,sa,112,112,1,1
fb_01,B109915,66,1,MASc PG 40 blocks,sa,112,112,1,1
fb_02,B42891,66,1,MASc PG 40 blocks,sa,112,112,1,1
fb_02,B44010,66,1,MASc PG 40 blocks,sa,112,112,1,1
fb_02,B45231,66,1,MASc PG 40 blocks,sa,112,112,1,1
fb_03,B121928,66,1,MASc PG 40 blocks,sa,112,112,1,1
fb_03,B126492,66,1,MASc PG 40 blocks,sa,112,112,1,1
fb_03,B42891,66,1,MASc PG 40 blocks,sa,112,112,1,1
fb_04,B110288,66,1,MASc PG 40 blocks,sa,112,112,1,1
fb_04,B110471,66,1,MASc PG 40 blocks,sa,112,112,1,1
fb_04,B145584,66,1,MASc PG 40 blocks,sa,112,112,1,1
fb_05,B107189,66,1,MASc PG 40 blocks,sa,112,112,1,1
fb_05,B108339,66,1,MASc PG 40 blocks,sa,112,112,1,1
fb_05,B109340,66,1,MASc PG 40 blocks,sa,112,112,1,1
fb_06,B109517,66,1,MASc PG 40 blocks,sa,112,112,1,1
fb_06,B126869,66,1,MASc PG 40 blocks,sa,112,112,1,1
fb_06,B68233,66,1,MASc PG 40 blocks,sa,112,112,1,1
fb_01,B108060,67,1,MASc PG 40 blocks,sa,112,112,1,1
fb_01,B108124,67,1,MASc PG 40 blocks,sa,112,112,1,1
fb_01,B109340,67,1,MASc PG 40 blocks,sa,112,112,1,1
fb_02,B110471,67,1,MASc PG 40 blocks,sa,112,112,1,1
fb_02,B127158,67,1,MASc PG 40 blocks,sa,112,112,1,1
fb_02,B127158,67,1,MASc PG 40 blocks,sa,112,112,1,1
fb_03,B112038,67,1,MASc PG 40 blocks,sa,112,112,1,1
fb_03,B112990,67,1,MASc PG 40 blocks,sa,112,112,1,1
fb_03,B113324,67,1,MASc PG 40 blocks,sa,112,112,1,1
fb_04,B145584,67,1,MASc PG 40 blocks,sa,112,112,1,1
fb_04,B42891,67,1,MASc PG 40 blocks,sa,112,112,1,1
fb_04,B44010,67,1,MASc PG 40 blocks,sa,112,112,1,1
fb_05,B111480,67,1,MASc PG 40 blocks,sa,112,112,1,1
fb_05,B112038,67,1,MASc PG 40 blocks,sa,112,112,1,1
fb_05,B112990,67,1,MASc PG 40 blocks,sa,112,112,1,1
fb_06,B126869,67,1,MASc PG 40 blocks,sa,112,112,1,1
fb_06,B145584,67,1,MASc PG 40 blocks,sa,112,112,1,1
fb_06,B145584,67,1,MASc PG 40 blocks,sa,112,112,1,1
fb_01,B107189,68,1,MASc PG 40 blocks,sa,112,112,1,1
fb_01,B108060,68,1,MASc PG 40 blocks,sa,112,112,1,1
fb_01,B108124,68,1,MASc PG 40 blocks,sa,112,112,1,1
fb_02,B112990,68,1,MASc PG 40 blocks,sa,112,112,1,1
fb_02,B126589,68,1,MASc PG 40 blocks,sa,112,112,1,1
fb_02,B126869,68,1,MASc PG 40 blocks,sa,112,112,1,1
fb_03,B109340,68,1,MASc PG 40 blocks,sa,112,112,1,1
fb_03,B109915,68,1,MASc PG 40 blocks,sa,112,112,1,1
fb_03,B110288,68,1,MASc PG 40 blocks,sa,112,112,1,1
fb_04,B112990,68,1,MASc PG 40 blocks,sa,112,112,1,1
fb_04,B113324,68,1,MASc PG 40 blocks,sa,112,112,1,1
fb_04,B114477,68,1,MASc PG 40 blocks,sa,112,112,1,1
fb_05,B127158,68,1,MASc PG 40 blocks,sa,112,112,1,1
fb_05,B145584,68,1,MASc PG 40 blocks,sa,112,112,1,1
fb_05,B42891,68,1,MASc PG 40 blocks,sa,112,112,1,1
fb_06,B126869,68,1,MASc PG 40 blocks,sa,112,112,1,1
fb_06,B127158,68,1,MASc PG 40 blocks,sa,112,112,1,1
fb_06,B55424,68,1,MASc PG 40 blocks,sa,112,112,1,1
fb_01,B107189,69,1,MASc PG 40 blocks,sa,112,112,1,1
fb_01,B108060,69,1,MASc PG 40 blocks,sa,112,112,1,1
fb_01,B108060,69,1,MASc PG 40 blocks,sa,112,112,1,1
fb_02,B121154,69,1,MASc PG 40 blocks,sa,112,112,1,1
fb_02,B126413,69,1,MASc PG 40 blocks,sa,112,112,1,1
fb_02,B126589,69,1,MASc PG 40 blocks,sa,112,112,1,1
fb_03,B107189,69,1,MASc PG 40 blocks,sa,112,112,1,1
fb_03,B55424,69,1,MASc PG 40 blocks,sa,112,112,1,1
fb_03,B68233,69,1,MASc PG 40 blocks,sa,112,112,1,1
fb_04,B107189,69,1,MASc PG 40 blocks,sa,112,112,1,1
fb_04,B108339,69,1,MASc PG 40 blocks,sa,112,112,1,1
fb_04,B109340,69,1,MASc PG 40 blocks,sa,112,112,1,1
fb_05,B108339,69,1,MASc PG 40 blocks,sa,112,112,1,1
fb_05,B110288,69,1,MASc PG 40 blocks,sa,112,112,1,1
fb_05,B42891,69,1,MASc PG 40 blocks,sa,112,112,1,1
fb_06,B110288,69,1,MASc PG 40 blocks,sa,112,112,1,1
fb_06,B110288,69,1,MASc PG 40 blocks,sa,112,112,1,1
fb_06,B113324,69,1,MASc PG 40 blocks,sa,112,112,1,1
fb_01,B107189,70,1,MASc PG 40 blocks,sa,112,112,1,1
fb_01,B108060,70,1,MASc PG 40 blocks,sa,112,112,1,1
fb_01,B108124,70,1,MASc PG 40 blocks,sa,112,112,1,1
fb_02,B110288,70,1,MASc PG 40 blocks,sa,112,112,1,1
fb_02,B110471,70,1,MASc PG 40 blocks,sa,112,112,1,1
fb_02,B127158,70,1,MASc PG 40 blocks,sa,112,112,1,1
fb_03,B120266,70,1,MASc PG 40 blocks,sa,112,112,1,1
fb_03,B126589,70,1,MASc PG 40 blocks,sa,112,112,1,1
fb_03,B145584,70,1,MASc PG 40 blocks,sa,112,112,1,1
fb_04,B126492,70,1,MASc PG 40 blocks,sa,112,112,1,1
fb_04,B126589,70,1,MASc PG 40 blocks,sa,112,112,1,1
fb_04,B44010,70,1,MASc PG 40 blocks,sa,112,112,1,1
fb_05,B110288,70,1,MASc PG 40 blocks,sa,112,112,1,1
fb_05,B126413,70,1,MASc PG 40 blocks,sa,112,112,1,1
fb_05,B126869,70,1,MASc PG 40 blocks,sa,112,112,1,1
fb_06,B107189,70,1,MASc PG 40 blocks,sa,112,112,1,1
fb_06,B109915,70,1,MASc PG 40 blocks,sa,112,112,1,1
fb_06,B121154,70,1,MASc PG 40 blocks,sa,112,112,1,1
fb_01,B107189,71,1,MASc PG 40 blocks,sa,112,112,1,1
fb_01,B108124,71,1,MASc PG 40 blocks,sa,112,112,1,1
fb_01,B127158,71,1,MASc PG 40 blocks,sa,112,112,1,1
fb_02,B112990,71,1,MASc PG 40 blocks,sa,112,112,1,1
fb_02,B126413,71,1,MASc PG 40 blocks,sa,112,112,1,1
fb_02,B145584,71,1,MASc PG 40 blocks,sa,112,112,1,1
fb_03,B120266,71,1,MASc PG 40 blocks,sa,112,112,1,1
fb_03,B121455,71,1,MASc PG 40 blocks,sa,112,112,1,1
fb_03,B126869,71,1,MASc PG 40 blocks,sa,112,112,1,1
fb_04,B111410,71,1,MASc PG 40 blocks,sa,112,112,1,1
fb_04,B111480,71,1,MASc PG 40 blocks,sa,112,112,1,1
fb_04,B126869,71,1,MASc PG 40 blocks,sa,112,112,1,1
fb_05,B108339,71,1,MASc PG 40 blocks,sa,112,112,1,1
fb_05,B109340,71,1,MASc PG 40 blocks,sa,112,112,1,1
fb_05,B109915,71,1,MASc PG 40 blocks,sa,112,112,1,1
fb_06,B107189,71,1,MASc PG 40 blocks,sa,112,112,1,1
fb_06,B113324,71,1,MASc PG 40 blocks,sa,112,112,1,1
fb_06,B68233,71,1,MASc PG 40 blocks,sa,112,112,1,1
fb_01,B107189,72,1,MASc PG 40 blocks,sa,112,112,1,1
fb_01,B108060,72,1,MASc PG 40 blocks,sa,112,112,1,1
fb_01,B108124,72,1,MASc PG 40 blocks,sa,112,112,1,1
fb_02,B109915,72,1,MASc PG 40 blocks,sa,112,112,1,1
fb_02,B111410,72,1,MASc PG 40 blocks,sa,112,112,1,1
fb_02,B127158,72,1,MASc PG 40 blocks,sa,112,112,1,1
fb_03,B110471,72,1,MASc PG 40 blocks,sa,112,112,1,1
fb_03,B111480,72,1,MASc PG 40 blocks,sa,112,112,1,1
fb_03,B112038,72,1,MASc PG 40 blocks,sa,112,112,1,1
fb_04,B44010,72,1,MASc PG 40 blocks,sa,112,112,1,1
fb_04,B55424,72,1,MASc PG 40 blocks,sa,112,112,1,1
fb_04,B68233,72,1,MASc PG 40 blocks,sa,112,112,1,1
fb_05,B110288,72,1,MASc PG 40 blocks,sa,112,112,1,1
fb_05,B113324,72,1,MASc PG 40 blocks,sa,112,112,1,1
fb_05,B120266,72,1,MASc PG 40 blocks,sa,112,112,1,1
fb_06,B107189,72,1,MASc PG 40 blocks,sa,112,112,1,1
fb_06,B55424,72,1,MASc PG 40 blocks,sa,112,112,1,1
fb_06,B68233,72,1,MASc PG 40 blocks,sa,112,112,1,1
fb_01,B107189,73,1,MASc PG 40 blocks,sa,112,112,1,1
fb_01,B108060,73,1,MASc PG 40 blocks,sa,112,112,1,1
fb_01,B55424,73,1,MASc PG 40 blocks,sa,112,112,1,1
fb_02,B110471,73,1,MASc PG 40 blocks,sa,112,112,1,1
fb_02,B120266,73,1,MASc PG 40 blocks,sa,112,112,1,1
fb_02,B121154,73,1,MASc PG 40 blocks,sa,112,112,1,1
fb_03,B107189,73,1,MASc PG 40 blocks,sa,112,112,1,1
fb_03,B108124,73,1,MASc PG 40 blocks,sa,112,112,1,1
fb_03,B108339,73,1,MASc PG 40 blocks,sa,112,112,1,1
fb_04,B120266,73,1,MASc PG 40 blocks,sa,112,112,1,1
fb_04,B121928,73,1,MASc PG 40 blocks,sa,112,112,1,1
fb_04,B126413,73,1,MASc PG 40 blocks,sa,112,112,1,1
fb_05,B107189,73,1,MASc PG 40 blocks,sa,112,112,1,1
fb_05,B121154,73,1,MASc PG 40 blocks,sa,112,112,1,1
fb_05,B68233,73,1,MASc PG 40 blocks,sa,112,112,1,1
fb_06,B107189,73,1,MASc PG 40 blocks,sa,112,112,1,1
fb_06,B109915,73,1,MASc PG 40 blocks,sa,112,112,1,1
fb_06,B45231,73,1,MASc PG 40 blocks,sa,112,112,1,1
fb_01,B107189,74,1,MASc PG 40 blocks,sa,112,112,1,1
fb_01,B108060,74,1,MASc PG 40 blocks,sa,112,112,1,1
fb_01,B108124,74,1,MASc PG 40 blocks,sa,112,112,1,1
fb_02,B108339,74,1,MASc PG 40 blocks,sa,112,112,1,1
fb_02,B109340,74,1,MASc PG 40 blocks,sa,112,112,1,1
fb_02,B109517,74,1,MASc PG 40 blocks,sa,112,112,1,1
fb_03,B112990,74,1,MASc PG 40 blocks,sa,112,112,1,1
fb_03,B44010,74,1,MASc PG 40 blocks,sa,112,112,1,1
fb_03,B55424,74,1,MASc PG 40 blocks,sa,112,112,1,1
fb_04,B108339,74,1,MASc PG 40 blocks,sa,112,112,1,1
fb_04,B109915,74,1,MASc PG 40 blocks,sa,112,112,1,1
fb_04,B110471,74,1,MASc PG 40 blocks,sa,112,112,1,1
fb_05,B111480,74,1,MASc PG 40 blocks,sa,112,112,1,1
fb_05,B112038,74,1,MASc PG 40 blocks,sa,112,112,1,1
fb_05,B127158,74,1,MASc PG 40 blocks,sa,112,112,1,1
fb_06,B109915,74,1,MASc PG 40 blocks,sa,112,112,1,1
fb_06,B110288,74,1,MASc PG 40 blocks,sa,112,112,1,1
fb_06,B129183,74,1,MASc PG 40 blocks,sa,112,112,1,1
fb_01,B107189,75,1,MASc PG 40 blocks,sa,112,112,1,1
fb_01,B108060,75,1,MASc PG 40 blocks,sa,112,112,1,1
fb_01,B108124,75,1,MASc PG 40 blocks,sa,112,112,1,1
fb_02,B107189,75,1,MASc PG 40 blocks,sa,112,112,1,1
fb_02,B108124,75,1,MASc PG 40 blocks,sa,112,112,1,1
fb_02,B68233,75,1,MASc PG 40 blocks,sa,112,112,1,1
fb_03,B126492,75,1,MASc PG 40 blocks,sa,112,112,1,1
fb_03,B126589,75,1,MASc PG 40 blocks,sa,112,112,1,1
fb_03,B126869,75,1,MASc PG 40 blocks,sa,112,112,1,1
fb_04,B145584,75,1,MASc PG 40 blocks,sa,112,112,1,1
fb_04,B42891,75,1,MASc PG 40 blocks,sa,112,112,1,1
fb_04,B44010,75,1,MASc PG 40 blocks,sa,112,112,1,1
fb_05,B127158,75,1,MASc PG 40 blocks,sa,112,112,1,1
fb_05,B145584,75,1,MASc PG 40 blocks,sa,112,112,1,1
fb_05,B42891,75,1,MASc PG 40 blocks,sa,112,112,1,1
fb_06,B111410,75,1,MASc PG 40 blocks,sa,112,112,1,1
fb_06,B112038,75,1,MASc PG 40 blocks,sa,112,112,1,1
fb_06,B112990,75,1,MASc PG 40 blocks,sa,112,112,1,1
fb_01,B107189,76,1,MASc PG 40 blocks,sa,112,112,1,1
fb_01,B108060,76,1,MASc PG 40 blocks,sa,112,112,1,1
fb_01,B68233,76,1,MASc PG 40 blocks,sa,112,112,1,1
fb_02,B127158,76,1,MASc PG 40 blocks,sa,112,112,1,1
fb_02,B55424,76,1,MASc PG 40 blocks,sa,112,112,1,1
fb_02,B68233,76,1,MASc PG 40 blocks,sa,112,112,1,1
fb_03,B114477,76,1,MASc PG 40 blocks,sa,112,112,1,1
fb_03,B121455,76,1,MASc PG 40 blocks,sa,112,112,1,1
fb_03,B126413,76,1,MASc PG 40 blocks,sa,112,112,1,1
fb_04,B120266,76,1,MASc PG 40 blocks,sa,112,112,1,1
fb_04,B127158,76,1,MASc PG 40 blocks,sa,112,112,1,1
fb_04,B53160,76,1,MASc PG 40 blocks,sa,112,112,1,1
fb_05,B109915,76,1,MASc PG 40 blocks,sa,112,112,1,1
fb_05,B126589,76,1,MASc PG 40 blocks,sa,112,112,1,1
fb_05,B127158,76,1,MASc PG 40 blocks,sa,112,112,1,1
fb_06,B113324,76,1,MASc PG 40 blocks,sa,112,112,1,1
fb_06,B114477,76,1,MASc PG 40 blocks,sa,112,112,1,1
fb_06,B120266,76,1,MASc PG 40 blocks,sa,112,112,1,1
fb_01,B107189,77,1,MASc PG 40 blocks,sa,112,112,1,1
fb_01,B108060,77,1,MASc PG 40 blocks,sa,112,112,1,1
fb_01,B127158,77,1,MASc PG 40 blocks,sa,112,112,1,1
fb_02,B112990,77,1,MASc PG 40 blocks,sa,112,112,1,1
fb_02,B44010,77,1,MASc PG 40 blocks,sa,112,112,1,1
fb_02,B53160,77,1,MASc PG 40 blocks,sa,112,112,1,1
fb_03,B110471,77,1,MASc PG 40 blocks,sa,112,112,1,1
fb_03,B111410,77,1,MASc PG 40 blocks,sa,112,112,1,1
fb_03,B127158,77,1,MASc PG 40 blocks,sa,112,112,1,1
fb_04,B109340,77,1,MASc PG 40 blocks,sa,112,112,1,1
fb_04,B109915,77,1,MASc PG 40 blocks,sa,112,112,1,1
fb_04,B121154,77,1,MASc PG 40 blocks,sa,112,112,1,1
fb_05,B109340,77,1,MASc PG 40 blocks,sa,112,112,1,1
fb_05,B126589,77,1,MASc PG 40 blocks,sa,112,112,1,1
fb_05,B126589,77,1,MASc PG 40 blocks,sa,112,112,1,1
fb_06,B126869,77,1,MASc PG 40 blocks,sa,112,112,1,1
fb_06,B127158,77,1,MASc PG 40 blocks,sa,112,112,1,1
fb_06,B145584,77,1,MASc PG 40 blocks,sa,112,112,1,1
fb_01,B107189,78,1,MASc PG 40 blocks,sa,112,112,1,1
fb_01,B108060,78,1,MASc PG 40 blocks,sa,112,112,1,1
fb_01,B127158,78,1,MASc PG 40 blocks,sa,112,112,1,1
fb_02,B113324,78,1,MASc PG 40 blocks,sa,112,112,1,1
fb_02,B145584,78,1,MASc PG 40 blocks,sa,112,112,1,1
fb_02,B42891,78,1,MASc PG 40 blocks,sa,112,112,1,1
fb_03,B108060,78,1,MASc PG 40 blocks,sa,112,112,1,1
fb_03,B108124,78,1,MASc PG 40 blocks,sa,112,112,1,1
fb_03,B108339,78,1,MASc PG 40 blocks,sa,112,112,1,1
fb_04,B113324,78,1,MASc PG 40 blocks,sa,112,112,1,1
fb_04,B42891,78,1,MASc PG 40 blocks,sa,112,112,1,1
fb_04,B44010,78,1,MASc PG 40 blocks,sa,112,112,1,1
fb_05,B109915,78,1,MASc PG 40 blocks,sa,112,112,1,1
fb_05,B112990,78,1,MASc PG 40 blocks,sa,112,112,1,1
fb_05,B127158,78,1,MASc PG 40 blocks,sa,112,112,1,1
fb_06,B108339,78,1,MASc PG 40 blocks,sa,112,112,1,1
fb_06,B110288,78,1,MASc PG 40 blocks,sa,112,112,1,1
fb_06,B145584,78,1,MASc PG 40 blocks,sa,112,112,1,1
fb_01,B107189,79,1,MASc PG 40 blocks,sa,112,112,1,1
fb_01,B108060,79,1,MASc PG 40 blocks,sa,112,112,1,1
fb_01,B108124,79,1,MASc PG 40 blocks,sa,112,112,1,1
fb_02,B126589,79,1,MASc PG 40 blocks,sa,112,112,1,1
fb_02,B126869,79,1,MASc PG 40 blocks,sa,112,112,1,1
fb_02,B127158,79,1,MASc PG 40 blocks,sa,112,112,1,1
fb_03,B42891,79,1,MASc PG 40 blocks,sa,112,112,1,1
fb_03,B44010,79,1,MASc PG 40 blocks,sa,112,112,1,1
fb_03,B53160,79,1,MASc PG 40 blocks,sa,112,112,1,1
fb_04,B121455,79,1,MASc PG 40 blocks,sa,112,112,1,1
fb_04,B126413,79,1,MASc PG 40 blocks,sa,112,112,1,1
fb_04,B68233,79,1,MASc PG 40 blocks,sa,112,112,1,1
fb_05,B120266,79,1,MASc PG 40 blocks,sa,112,112,1,1
fb_05,B126492,79,1,MASc PG 40 blocks,sa,112,112,1,1
fb_05,B127158,79,1,MASc PG 40 blocks,sa,112,112,1,1
fb_06,B111480,79,1,MASc PG 40 blocks,sa,112,112,1,1
fb_06,B112990,79,1,MASc PG 40 blocks,sa,112,112,1,1
fb_06,B121455,79,1,MASc PG 40 blocks,sa,112,112,1,1
fb_01,B107189,80,1,MASc PG 40 blocks,sa,112,112,1,1
fb_01,B108060,80,1,MASc PG 40 blocks,sa,112,112,1,1
fb_01,B108124,80,1,MASc PG 40 blocks,sa,112,112,1,1
fb_02,B124540,80,1,MASc PG 40 blocks,sa,112,112,1,1
fb_02,B126413,80,1,MASc PG 40 blocks,sa,112,112,1,1
fb_02,B42891,80,1,MASc PG 40 blocks,sa,112,112,1,1
fb_03,B113324,80,1,MASc PG 40 blocks,sa,112,112,1,1
fb_03,B126492,80,1,MASc PG 40 blocks,sa,112,112,1,1
fb_03,B55424,80,1,MASc PG 40 blocks,sa,112,112,1,1
fb_04,B109915,80,1,MASc PG 40 blocks,sa,112,112,1,1
fb_04,B109915,80,1,MASc PG 40 blocks,sa,112,112,1,1
fb_04,B112990,80,1,MASc PG 40 blocks,sa,112,112,1,1
fb_05,B108339,80,1,MASc PG 40 blocks,sa,112,112,1,1
fb_05,B109340,80,1,MASc PG 40 blocks,sa,112,112,1,1
fb_05,B68233,80,1,MASc PG 40 blocks,sa,112,112,1,1
fb_06,B126589,80,1,MASc PG 40 blocks,sa,112,112,1,1
fb_06,B126869,80,1,MASc PG 40 blocks,sa,112,112,1,1
fb_06,B127158,80,1,MASc PG 40 blocks,sa,112,112,1,1
fb_01,B108060,81,1,MASc PG 40 blocks,sa,112,112,1,1
fb_01,B108124,81,1,MASc PG 40 blocks,sa,112,112,1,1
fb_01,B126869,81,1,MASc PG 40 blocks,sa,112,112,1,1
fb_02,B109915,81,1,MASc PG 40 blocks,sa,112,112,1,1
fb_02,B121455,81,1,MASc PG 40 blocks,sa,112,112,1,1
fb_02,B127158,81,1,MASc PG 40 blocks,sa,112,112,1,1
fb_03,B114477,81,1,MASc PG 40 blocks,sa,112,112,1,1
fb_03,B121455,81,1,MASc PG 40 blocks,sa,112,112,1,1
fb_03,B42891,81,1,MASc PG 40 blocks,sa,112,112,1,1
fb_04,B145584,81,1,MASc PG 40 blocks,sa,112,112,1,1
fb_04,B42891,81,1,MASc PG 40 blocks,sa,112,112,1,1
fb_04,B44010,81,1,MASc PG 40 blocks,sa,112,112,1,1
fb_05,B120266,81,1,MASc PG 40 blocks,sa,112,112,1,1
fb_05,B121928,81,1,MASc PG 40 blocks,sa,112,112,1,1
fb_05,B126413,81,1,MASc PG 40 blocks,sa,112,112,1,1
fb_06,B107189,81,1,MASc PG 40 blocks,sa,112,112,1,1
fb_06,B111410,81,1,MASc PG 40 blocks,sa,112,112,1,1
fb_06,B68233,81,1,MASc PG 40 blocks,sa,112,112,1,1
fb_01,B107189,82,1,MASc PG 40 blocks,sa,112,112,1,1
fb_01,B108060,82,1,MASc PG 40 blocks,sa,112,112,1,1
fb_01,B108124,82,1,MASc PG 40 blocks,sa,112,112,1,1
fb_02,B120266,82,1,MASc PG 40 blocks,sa,112,112,1,1
fb_02,B121928,82,1,MASc PG 40 blocks,sa,112,112,1,1
fb_02,B127158,82,1,MASc PG 40 blocks,sa,112,112,1,1
fb_03,B111410,82,1,MASc PG 40 blocks,sa,112,112,1,1
fb_03,B111410,82,1,MASc PG 40 blocks,sa,112,112,1,1
fb_03,B111480,82,1,MASc PG 40 blocks,sa,112,112,1,1
fb_04,B114477,82,1,MASc PG 40 blocks,sa,112,112,1,1
fb_04,B120266,82,1,MASc PG 40 blocks,sa,112,112,1,1
fb_04,B121455,82,1,MASc PG 40 blocks,sa,112,112,1,1
fb_05,B107189,82,1,MASc PG 40 blocks,sa,112,112,1,1
fb_05,B108339,82,1,MASc PG 40 blocks,sa,112,112,1,1
fb_05,B126589,82,1,MASc PG 40 blocks,sa,112,112,1,1
fb_06,B110288,82,1,MASc PG 40 blocks,sa,112,112,1,1
fb_06,B110471,82,1,MASc PG 40 blocks,sa,112,112,1,1
fb_06,B111410,82,1,MASc PG 40 blocks,sa,112,112,1,1
fb_01,B107189,83,1,MASc PG 40 blocks,sa,112,112,1,1
fb_01,B110471,83,1,MASc PG 40 blocks,sa,112,112,1,1
fb_01,B126869,83,1,MASc PG 40 blocks,sa,112,112,1,1
fb_02,B112990,83,1,MASc PG 40 blocks,sa,112,112,1,1
fb_02,B113324,83,1,MASc PG 40 blocks,sa,112,112,1,1
fb_02,B114477,83,1,MASc PG 40 blocks,sa,112,112,1,1
fb_03,B108060,83,1,MASc PG 40 blocks,sa,112,112,1,1
fb_03,B108124,83,1,MASc PG 40 blocks,sa,112,112,1,1
fb_03,B108339,83,1,MASc PG 40 blocks,sa,112,112,1,1
fb_04,B109340,83,1,MASc PG 40 blocks,sa,112,112,1,1
fb_04,B109915,83,1,MASc PG 40 blocks,sa,112,112,1,1
fb_04,B110288,83,1,MASc PG 40 blocks,sa,112,112,1,1
fb_05,B120266,83,1,MASc PG 40 blocks,sa,112,112,1,1
fb_05,B121928,83,1,MASc PG 40 blocks,sa,112,112,1,1
fb_05,B127158,83,1,MASc PG 40 blocks,sa,112,112,1,1
fb_06,B113324,83,1,MASc PG 40 blocks,sa,112,112,1,1
fb_06,B114477,83,1,MASc PG 40 blocks,sa,112,112,1,1
fb_06,B120266,83,1,MASc PG 40 blocks,sa,112,112,1,1
fb_01,B107189,84,1,MASc PG 40 blocks,sa,112,112,1,1
fb_01,B108060,84,1,MASc PG 40 blocks,sa,112,112,1,1
fb_01,B108124,84,1,MASc PG 40 blocks,sa,112,112,1,1
fb_02,B110288,84,1,MASc PG 40 blocks,sa,112,112,1,1
fb_02,B111480,84,1,MASc PG 40 blocks,sa,112,112,1,1
fb_02,B112038,84,1,MASc PG 40 blocks,sa,112,112,1,1
fb_03,B42891,84,1,MASc PG 40 blocks,sa,112,112,1,1
fb_03,B44010,84,1,MASc PG 40 blocks,sa,112,112,1,1
fb_03,B53160,84,1,MASc PG 40 blocks,sa,112,112,1,1
fb_04,B145584,84,1,MASc PG 40 blocks,sa,112,112,1,1
fb_04,B44010,84,1,MASc PG 40 blocks,sa,112,112,1,1
fb_04,B53160,84,1,MASc PG 40 blocks,sa,112,112,1,1
fb_05,B108060,84,1,MASc PG 40 blocks,sa,112,112,1,1
fb_05,B108339,84,1,MASc PG 40 blocks,sa,112,112,1,1
fb_05,B109340,84,1,MASc PG 40 blocks,sa,112,112,1,1
fb_06,B127158,84,1,MASc PG 40 blocks,sa,112,112,1,1
fb_06,B145584,84,1,MASc PG 40 blocks,sa,112,112,1,1
fb_06,B42891,84,1,MASc PG 40 blocks,sa,112,112,1,1
fb_01,B108060,85,1,MASc PG 40 blocks,sa,112,112,1,1
fb_01,B108124,85,1,MASc PG 40 blocks,sa,112,112,1,1
fb_01,B126589,85,1,MASc PG 40 blocks,sa,112,112,1,1
fb_02,B108124,85,1,MASc PG 40 blocks,sa,112,112,1,1
fb_02,B110288,85,1,MASc PG 40 blocks,sa,112,112,1,1
fb_02,B110471,85,1,MASc PG 40 blocks,sa,112,112,1,1
fb_03,B126492,85,1,MASc PG 40 blocks,sa,112,112,1,1
fb_03,B126869,85,1,MASc PG 40 blocks,sa,112,112,1,1
fb_03,B45231,85,1,MASc PG 40 blocks,sa,112,112,1,1
fb_04,B120266,85,1,MASc PG 40 blocks,sa,112,112,1,1
fb_04,B121455,85,1,MASc PG 40 blocks,sa,112,112,1,1
fb_04,B121928,85,1,MASc PG 40 blocks,sa,112,112,1,1
fb_05,B108124,85,1,MASc PG 40 blocks,sa,112,112,1,1
fb_05,B109915,85,1,MASc PG 40 blocks,sa,112,112,1,1
fb_05,B127158,85,1,MASc PG 40 blocks,sa,112,112,1,1
fb_06,B108339,85,1,MASc PG 40 blocks,sa,112,112,1,1
fb_06,B109915,85,1,MASc PG 40 blocks,sa,112,112,1,1
fb_06,B127158,85,1,MASc PG 40 blocks,sa,112,112,1,1
fb_01,B108060,86,1,MASc PG 40 blocks,sa,112,112,1,1
fb_01,B108339,86,1,MASc PG 40 blocks,sa,112,112,1,1
fb_01,B112990,86,1,MASc PG 40 blocks,sa,112,112,1,1
fb_02,B108339,86,1,MASc PG 40 blocks,sa,112,112,1,1
fb_02,B109340,86,1,MASc PG 40 blocks,sa,112,112,1,1
fb_02,B109517,86,1,MASc PG 40 blocks,sa,112,112,1,1
fb_03,B120266,86,1,MASc PG 40 blocks,sa,112,112,1,1
fb_03,B121455,86,1,MASc PG 40 blocks,sa,112,112,1,1
fb_03,B121928,86,1,MASc PG 40 blocks,sa,112,112,1,1
fb_04,B109915,86,1,MASc PG 40 blocks,sa,112,112,1,1
fb_04,B110288,86,1,MASc PG 40 blocks,sa,112,112,1,1
fb_04,B55424,86,1,MASc PG 40 blocks,sa,112,112,1,1
fb_05,B108124,86,1,MASc PG 40 blocks,sa,112,112,1,1
fb_05,B121154,86,1,MASc PG 40 blocks,sa,112,112,1,1
fb_05,B126589,86,1,MASc PG 40 blocks,sa,112,112,1,1
fb_06,B113324,86,1,MASc PG 40 blocks,sa,112,112,1,1
fb_06,B121154,86,1,MASc PG 40 blocks,sa,112,112,1,1
fb_06,B123357,86,1,MASc PG 40 blocks,sa,112,112,1,1
fb_01,B107189,87,1,MASc PG 40 blocks,sa,112,112,1,1
fb_01,B108060,87,1,MASc PG 40 blocks,sa,112,112,1,1
fb_01,B108124,87,1,MASc PG 40 blocks,sa,112,112,1,1
fb_02,B108060,87,1,MASc PG 40 blocks,sa,112,112,1,1
fb_02,B108124,87,1,MASc PG 40 blocks,sa,112,112,1,1
fb_02,B127158,87,1,MASc PG 40 blocks,sa,112,112,1,1
fb_03,B109340,87,1,MASc PG 40 blocks,sa,112,112,1,1
fb_03,B112038,87,1,MASc PG 40 blocks,sa,112,112,1,1
fb_03,B55424,87,1,MASc PG 40 blocks,sa,112,112,1,1
fb_04,B44010,87,1,MASc PG 40 blocks,sa,112,112,1,1
fb_04,B53160,87,1,MASc PG 40 blocks,sa,112,112,1,1
fb_04,B55424,87,1,MASc PG 40 blocks,sa,112,112,1,1
fb_05,B111480,87,1,MASc PG 40 blocks,sa,112,112,1,1
fb_05,B121154,87,1,MASc PG 40 blocks,sa,112,112,1,1
fb_05,B126869,87,1,MASc PG 40 blocks,sa,112,112,1,1
fb_06,B107189,87,1,MASc PG 40 blocks,sa,112,112,1,1
fb_06,B107189,87,1,MASc PG 40 blocks,sa,112,112,1,1
fb_06,B44010,87,1,MASc PG 40 blocks,sa,112,112,1,1
fb_01,B107189,88,1,MASc PG 40 blocks,sa,112,112,1,1
fb_01,B108060,88,1,MASc PG 40 blocks,sa,112,112,1,1
fb_01,B108124,88,1,MASc PG 40 blocks,sa,112,112,1,1
fb_02,B113324,88,1,MASc PG 40 blocks,sa,112,112,1,1
fb_02,B55424,88,1,MASc PG 40 blocks,sa,112,112,1,1
fb_02,B68233,88,1,MASc PG 40 blocks,sa,112,112,1,1
fb_03,B108124,88,1,MASc PG 40 blocks,sa,112,112,1,1
fb_03,B108339,88,1,MASc PG 40 blocks,sa,112,112,1,1
fb_03,B109340,88,1,MASc PG 40 blocks,sa,112,112,1,1
fb_04,B121928,88,1,MASc PG 40 blocks,sa,112,112,1,1
fb_04,B124193,88,1,MASc PG 40 blocks,sa,112,112,1,1
fb_04,B126413,88,1,MASc PG 40 blocks,sa,112,112,1,1
fb_05,B110471,88,1,MASc PG 40 blocks,sa,112,112,1,1
fb_05,B114477,88,1,MASc PG 40 blocks,sa,112,112,1,1
fb_05,B127158,88,1,MASc PG 40 blocks,sa,112,112,1,1
fb_06,B108124,88,1,MASc PG 40 blocks,sa,112,112,1,1
fb_06,B110288,88,1,MASc PG 40 blocks,sa,112,112,1,1
fb_06,B55424,88,1,MASc PG 40 blocks,sa,112,112,1,1
fb_01,B107189,89,1,MASc PG 40 blocks,sa,112,112,1,1
fb_01,B108060,89,1,MASc PG 40 blocks,sa,112,112,1,1
fb_01,B108124,89,1,MASc PG 40 blocks,sa,112,112,1,1
fb_02,B44010,89,1,MASc PG 40 blocks,sa,112,112,1,1
fb_02,B45231,89,1,MASc PG 40 blocks,sa,112,112,1,1
fb_02,B53160,89,1,MASc PG 40 blocks,sa,112,112,1,1
fb_03,B53160,89,1,MASc PG 40 blocks,sa,112,112,1,1
fb_03,B55424,89,1,MASc PG 40 blocks,sa,112,112,1,1
fb_03,B65573,89,1,MASc PG 40 blocks,sa,112,112,1,1
fb_04,B109517,89,1,MASc PG 40 blocks,sa,112,112,1,1
fb_04,B110471,89,1,MASc PG 40 blocks,sa,112,112,1,1
fb_04,B111410,89,1,MASc PG 40 blocks,sa,112,112,1,1
fb_05,B145584,89,1,MASc PG 40 blocks,sa,112,112,1,1
fb_05,B42891,89,1,MASc PG 40 blocks,sa,112,112,1,1
fb_05,B44010,89,1,MASc PG 40 blocks,sa,112,112,1,1
fb_06,B109340,89,1,MASc PG 40 blocks,sa,112,112,1,1
fb_06,B120266,89,1,MASc PG 40 blocks,sa,112,112,1,1
fb_06,B126413,89,1,MASc PG 40 blocks,sa,112,112,1,1
fb_01,B107189,90,1,MASc PG 40 blocks,sa,112,112,1,1
fb_01,B108060,90,1,MASc PG 40 blocks,sa,112,112,1,1
fb_01,B108124,90,1,MASc PG 40 blocks,sa,112,112,1,1
fb_02,B121154,90,1,MASc PG 40 blocks,sa,112,112,1,1
fb_02,B129183,90,1,MASc PG 40 blocks,sa,112,112,1,1
fb_02,B42891,90,1,MASc PG 40 blocks,sa,112,112,1,1
fb_03,B120266,90,1,MASc PG 40 blocks,sa,112,112,1,1
fb_03,B127158,90,1,MASc PG 40 blocks,sa,112,112,1,1
fb_03,B145584,90,1,MASc PG 40 blocks,sa,112,112,1,1
fb_04,B107189,90,1,MASc PG 40 blocks,sa,112,112,1,1
fb_04,B109915,90,1,MASc PG 40 blocks,sa,112,112,1,1
fb_04,B55424,90,1,MASc PG 40 blocks,sa,112,112,1,1
fb_05,B112990,90,1,MASc PG 40 blocks,sa,112,112,1,1
fb_05,B113324,90,1,MASc PG 40 blocks,sa,112,112,1,1
fb_05,B68233,90,1,MASc PG 40 blocks,sa,112,112,1,1
fb_06,B108060,90,1,MASc PG 40 blocks,sa,112,112,1,1
fb_06,B55424,90,1,MASc PG 40 blocks,sa,112,112,1,1
fb_06,B68233,90,1,MASc PG 40 blocks,sa,112,112,1,1
fb_01,B108060,91,1,MASc PG 40 blocks,sa,112,112,1,1
fb_01,B108124,91,1,MASc PG 40 blocks,sa,112,112,1,1
fb_01,B121154,91,1,MASc PG 40 blocks,sa,112,112,1,1
fb_02,B121928,91,1,MASc PG 40 blocks,sa,112,112,1,1
fb_02,B126869,91,1,MASc PG 40 blocks,sa,112,112,1,1
fb_02,B127158,91,1,MASc PG 40 blocks,sa,112,112,1,1
fb_03,B124193,91,1,MASc PG 40 blocks,sa,112,112,1,1
fb_03,B124453,91,1,MASc PG 40 blocks,sa,112,112,1,1
fb_03,B126413,91,1,MASc PG 40 blocks,sa,112,112,1,1
fb_04,B108124,91,1,MASc PG 40 blocks,sa,112,112,1,1
fb_04,B121154,91,1,MASc PG 40 blocks,sa,112,112,1,1
fb_04,B126589,91,1,MASc PG 40 blocks,sa,112,112,1,1
fb_05,B107189,91,1,MASc PG 40 blocks,sa,112,112,1,1
fb_05,B55424,91,1,MASc PG 40 blocks,sa,112,112,1,1
fb_05,B68233,91,1,MASc PG 40 blocks,sa,112,112,1,1
fb_06,B112038,91,1,MASc PG 40 blocks,sa,112,112,1,1
fb_06,B112990,91,1,MASc PG 40 blocks,sa,112,112,1,1
fb_06,B113324,91,1,MASc PG 40 blocks,sa,112,112,1,1
fb_01,B107189,92,1,MASc PG 40 blocks,sa,112,112,1,1
fb_01,B108060,92,1,MASc PG 40 blocks,sa,112,112,1,1
fb_01,B108124,92,1,MASc PG 40 blocks,sa,112,112,1,1
fb_02,B124453,92,1,MASc PG 40 blocks,sa,112,112,1,1
fb_02,B126413,92,1,MASc PG 40 blocks,sa,112,112,1,1
fb_02,B126492,92,1,MASc PG 40 blocks,sa,112,112,1,1
fb_03,B112038,92,1,MASc PG 40 blocks,sa,112,112,1,1
fb_03,B113324,92,1,MASc PG 40 blocks,sa,112,112,1,1
fb_03,B114477,92,1,MASc PG 40 blocks,sa,112,112,1,1
fb_04,B112038,92,1,MASc PG 40 blocks,sa,112,112,1,1
fb_04,B112990,92,1,MASc PG 40 blocks,sa,112,112,1,1
fb_04,B113324,92,1,MASc PG 40 blocks,sa,112,112,1,1
fb_05,B120266,92,1,MASc PG 40 blocks,sa,112,112,1,1
fb_05,B121455,92,1,MASc PG 40 blocks,sa,112,112,1,1
fb_05,B121928,92,1,MASc PG 40 blocks,sa,112,112,1,1
fb_06,B121154,92,1,MASc PG 40 blocks,sa,112,112,1,1
fb_06,B145584,92,1,MASc PG 40 blocks,sa,112,112,1,1
fb_06,B42891,92,1,MASc PG 40 blocks,sa,112,112,1,1
fb_01,B107189,93,1,MASc PG 40 blocks,sa,112,112,1,1
fb_01,B108060,93,1,MASc PG 40 blocks,sa,112,112,1,1
fb_01,B109340,93,1,MASc PG 40 blocks,sa,112,112,1,1
fb_02,B121455,93,1,MASc PG 40 blocks,sa,112,112,1,1
fb_02,B124193,93,1,MASc PG 40 blocks,sa,112,112,1,1
fb_02,B42891,93,1,MASc PG 40 blocks,sa,112,112,1,1
fb_03,B109915,93,1,MASc PG 40 blocks,sa,112,112,1,1
fb_03,B110471,93,1,MASc PG 40 blocks,sa,112,112,1,1
fb_03,B110471,93,1,MASc PG 40 blocks,sa,112,112,1,1
fb_04,B108060,93,1,MASc PG 40 blocks,sa,112,112,1,1
fb_04,B108124,93,1,MASc PG 40 blocks,sa,112,112,1,1
fb_04,B129183,93,1,MASc PG 40 blocks,sa,112,112,1,1
fb_05,B108124,93,1,MASc PG 40 blocks,sa,112,112,1,1
fb_05,B108339,93,1,MASc PG 40 blocks,sa,112,112,1,1
fb_05,B109340,93,1,MASc PG 40 blocks,sa,112,112,1,1
fb_06,B110471,93,1,MASc PG 40 blocks,sa,112,112,1,1
fb_06,B113324,93,1,MASc PG 40 blocks,sa,112,112,1,1
fb_06,B121154,93,1,MASc PG 40 blocks,sa,112,112,1,1
fb_01,B107189,94,1,MASc PG 40 blocks,sa,112,112,1,1
fb_01,B108060,94,1,MASc PG 40 blocks,sa,112,112,1,1
fb_01,B108124,94,1,MASc PG 40 blocks,sa,112,112,1,1
fb_02,B121455,94,1,MASc PG 40 blocks,sa,112,112,1,1
fb_02,B121928,94,1,MASc PG 40 blocks,sa,112,112,1,1
fb_02,B126413,94,1,MASc PG 40 blocks,sa,112,112,1,1
fb_03,B108060,94,1,MASc PG 40 blocks,sa,112,112,1,1
fb_03,B108124,94,1,MASc PG 40 blocks,sa,112,112,1,1
fb_03,B42891,94,1,MASc PG 40 blocks,sa,112,112,1,1
fb_04,B110471,94,1,MASc PG 40 blocks,sa,112,112,1,1
fb_04,B127158,94,1,MASc PG 40 blocks,sa,112,112,1,1
fb_04,B145584,94,1,MASc PG 40 blocks,sa,112,112,1,1
fb_05,B126589,94,1,MASc PG 40 blocks,sa,112,112,1,1
fb_05,B126869,94,1,MASc PG 40 blocks,sa,112,112,1,1
fb_05,B126869,94,1,MASc PG 40 blocks,sa,112,112,1,1
fb_06,B126589,94,1,MASc PG 40 blocks,sa,112,112,1,1
fb_06,B127158,94,1,MASc PG 40 blocks,sa,112,112,1,1
fb_06,B42891,94,1,MASc PG 40 blocks,sa,112,112,1,1
fb_01,B107189,95,1,MASc PG 40 blocks,sa,112,112,1,1
fb_01,B108060,95,1,MASc PG 40 blocks,sa,112,112,1,1
fb_01,B113324,95,1,MASc PG 40 blocks,sa,112,112,1,1
fb_02,B114861,95,1,MASc PG 40 blocks,sa,112,112,1,1
fb_02,B53160,95,1,MASc PG 40 blocks,sa,112,112,1,1
fb_02,B55424,95,1,MASc PG 40 blocks,sa,112,112,1,1
fb_03,B120266,95,1,MASc PG 40 blocks,sa,112,112,1,1
fb_03,B44010,95,1,MASc PG 40 blocks,sa,112,112,1,1
fb_03,B45231,95,1,MASc PG 40 blocks,sa,112,112,1,1
fb_04,B109340,95,1,MASc PG 40 blocks,sa,112,112,1,1
fb_04,B110288,95,1,MASc PG 40 blocks,sa,112,112,1,1
fb_04,B127158,95,1,MASc PG 40 blocks,sa,112,112,1,1
fb_05,B110471,95,1,MASc PG 40 blocks,sa,112,112,1,1
fb_05,B111410,95,1,MASc PG 40 blocks,sa,112,112,1,1
fb_05,B127158,95,1,MASc PG 40 blocks,sa,112,112,1,1
fb_06,B108124,95,1,MASc PG 40 blocks,sa,112,112,1,1
fb_06,B109340,95,1,MASc PG 40 blocks,sa,112,112,1,1
fb_06,B109915,95,1,MASc PG 40 blocks,sa,112,112,1,1
fb_01,B107189,96,1,MASc PG 40 blocks,sa,112,112,1,1
fb_01,B108060,96,1,MASc PG 40 blocks,sa,112,112,1,1
fb_01,B108124,96,1,MASc PG 40 blocks,sa,112,112,1,1
fb_02,B113324,96,1,MASc PG 40 blocks,sa,112,112,1,1
fb_02,B126589,96,1,MASc PG 40 blocks,sa,112,112,1,1
fb_02,B129183,96,1,MASc PG 40 blocks,sa,112,112,1,1
fb_03,B126869,96,1,MASc PG 40 blocks,sa,112,112,1,1
fb_03,B126869,96,1,MASc PG 40 blocks,sa,112,112,1,1
fb_03,B127158,96,1,MASc PG 40 blocks,sa,112,112,1,1
fb_04,B109915,96,1,MASc PG 40 blocks,sa,112,112,1,1
fb_04,B110471,96,1,MASc PG 40 blocks,sa,112,112,1,1
fb_04,B121154,96,1,MASc PG 40 blocks,sa,112,112,1,1
fb_05,B127158,96,1,MASc PG 40 blocks,sa,112,112,1,1
fb_05,B42891,96,1,MASc PG 40 blocks,sa,112,112,1,1
fb_05,B53160,96,1,MASc PG 40 blocks,sa,112,112,1,1
fb_06,B121455,96,1,MASc PG 40 blocks,sa,112,112,1,1
fb_06,B126413,96,1,MASc PG 40 blocks,sa,112,112,1,1
fb_06,B126492,96,1,MASc PG 40 blocks,sa,112,112,1,1
fb_01,B108060,97,1,MASc PG 40 blocks,sa,112,112,1,1
fb_01,B108124,97,1,MASc PG 40 blocks,sa,112,112,1,1
fb_01,B126589,97,1,MASc PG 40 blocks,sa,112,112,1,1
fb_02,B111480,97,1,MASc PG 40 blocks,sa,112,112,1,1
fb_02,B113324,97,1,MASc PG 40 blocks,sa,112,112,1,1
fb_02,B124453,97,1,MASc PG 40 blocks,sa,112,112,1,1
fb_03,B108339,97,1,MASc PG 40 blocks,sa,112,112,1,1
fb_03,B109517,97,1,MASc PG 40 blocks,sa,112,112,1,1
fb_03,B127158,97,1,MASc PG 40 blocks,sa,112,112,1,1
fb_04,B45231,97,1,MASc PG 40 blocks,sa,112,112,1,1
fb_04,B55424,97,1,MASc PG 40 blocks,sa,112,112,1,1
fb_04,B65573,97,1,MASc PG 40 blocks,sa,112,112,1,1
fb_05,B114477,97,1,MASc PG 40 blocks,sa,112,112,1,1
fb_05,B120266,97,1,MASc PG 40 blocks,sa,112,112,1,1
fb_05,B126589,97,1,MASc PG 40 blocks,sa,112,112,1,1
fb_06,B107189,97,1,MASc PG 40 blocks,sa,112,112,1,1
fb_06,B109340,97,1,MASc PG 40 blocks,sa,112,112,1,1
fb_06,B110471,97,1,MASc PG 40 blocks,sa,112,112,1,1
fb_01,B108060,98,1,MASc PG 40 blocks,sa,112,112,1,1
fb_01,B109517,98,1,MASc PG 40 blocks,sa,112,112,1,1
fb_01,B114477,98,1,MASc PG 40 blocks,sa,112,112,1,1
fb_02,B110288,98,1,MASc PG 40 blocks,sa,112,112,1,1
fb_02,B110471,98,1,MASc PG 40 blocks,sa,112,112,1,1
fb_02,B55424,98,1,MASc PG 40 blocks,sa,112,112,1,1
fb_03,B108124,98,1,MASc PG 40 blocks,sa,112,112,1,1
fb_03,B113324,98,1,MASc PG 40 blocks,sa,112,112,1,1
fb_03,B124193,98,1,MASc PG 40 blocks,sa,112,112,1,1
fb_04,B108124,98,1,MASc PG 40 blocks,sa,112,112,1,1
fb_04,B126589,98,1,MASc PG 40 blocks,sa,112,112,1,1
fb_04,B45231,98,1,MASc PG 40 blocks,sa,112,112,1,1
fb_05,B108339,98,1,MASc PG 40 blocks,sa,112,112,1,1
fb_05,B121928,98,1,MASc PG 40 blocks,sa,112,112,1,1
fb_05,B45231,98,1,MASc PG 40 blocks,sa,112,112,1,1
fb_06,B108060,98,1,MASc PG 40 blocks,sa,112,112,1,1
fb_06,B112990,98,1,MASc PG 40 blocks,sa,112,112,1,1
fb_06,B126589,98,1,MASc PG 40 blocks,sa,112,112,1,1
fb_01,B107189,99,1,MASc PG 40 blocks,sa,112,112,1,1
fb_01,B108060,99,1,MASc PG 40 blocks,sa,112,112,1,1
fb_01,B108124,99,1,MASc PG 40 blocks,sa,112,112,1,1
fb_02,B108339,99,1,MASc PG 40 blocks,sa,112,112,1,1
fb_02,B109517,99,1,MASc PG 40 blocks,sa,112,112,1,1
fb_02,B120266,99,1,MASc PG 40 blocks,sa,112,112,1,1
fb_03,B110288,99,1,MASc PG 40 blocks,sa,112,112,1,1
fb_03,B110471,99,1,MASc PG 40 blocks,sa,112,112,1,1
fb_03,B111410,99,1,MASc PG 40 blocks,sa,112,112,1,1
fb_04,B113324,99,1,MASc PG 40 blocks,sa,112,112,1,1
fb_04,B114477,99,1,MASc PG 40 blocks,sa,112,112,1,1
fb_04,B53160,99,1,MASc PG 40 blocks,sa,112,112,1,1
fb_05,B126589,99,1,MASc PG 40 blocks,sa,112,112,1,1
fb_05,B126869,99,1,MASc PG 40 blocks,sa,112,112,1,1
fb_05,B127158,99,1,MASc PG 40 blocks,sa,112,112,1,1
fb_06,B108060,99,1,MASc PG 40 blocks,sa,112,112,1,1
fb_06,B126589,99,1,MASc PG 40 blocks,sa,112,112,1,1
fb_06,B145584,99,1,MASc PG 40 blocks,sa,112,112,1,1
fb_01,B107189,100,1,MASc PG 40 blocks,sa,112,112,1,1
fb_01,B108124,100,1,MASc PG 40 blocks,sa,112,112,1,1
fb_01,B53160,100,1,MASc PG 40 blocks,sa,112,112,1,1
fb_02,B107189,100,1,MASc PG 40 blocks,sa,112,112,1,1
fb_02,B108060,100,1,MASc PG 40 blocks,sa,112,112,1,1
fb_02,B42891,100,1,MASc PG 40 blocks,sa,112,112,1,1
fb_03,B111867,100,1,MASc PG 40 blocks,sa,112,112,1,1
fb_03,B127158,100,1,MASc PG 40 blocks,sa,112,112,1,1
fb_03,B55424,100,1,MASc PG 40 blocks,sa,112,112,1,1
fb_04,B108339,100,1,MASc PG 40 blocks,sa,112,112,1,1
fb_04,B109517,100,1,MASc PG 40 blocks,sa,112,112,1,1
fb_04,B113324,100,1,MASc PG 40 blocks,sa,112,112,1,1
fb_05,B111410,100,1,MASc PG 40 blocks,sa,112,112,1,1
fb_05,B112038,100,1,MASc PG 40 blocks,sa,112,112,1,1
fb_05,B127158,100,1,MASc PG 40 blocks,sa,112,112,1,1
fb_06,B124193,100,1,MASc PG 40 blocks,sa,112,112,1,1
fb_06,B44010,100,1,MASc PG 40 blocks,sa,112,112,1,1
fb_06,B44010,100,1,MASc PG 40 blocks,sa,112,112,1,1
fb_01,B107189,101,1,MASc PG 40 blocks,sa,112,112,1,1
fb_01,B108124,101,1,MASc PG 40 blocks,sa,112,112,1,1
fb_01,B127158,101,1,MASc PG 40 blocks,sa,112,112,1,1
fb_02,B127158,101,1,MASc PG 40 blocks,sa,112,112,1,1
fb_02,B55424,101,1,MASc PG 40 blocks,sa,112,112,1,1
fb_02,B68233,101,1,MASc PG 40 blocks,sa,112,112,1,1
fb_03,B44010,101,1,MASc PG 40 blocks,sa,112,112,1,1
fb_03,B44010,101,1,MASc PG 40 blocks,sa,112,112,1,1
fb_03,B44010,101,1,MASc PG 40 blocks,sa,112,112,1,1
fb_04,B109915,101,1,MASc PG 40 blocks,sa,112,112,1,1
fb_04,B44010,101,1,MASc PG 40 blocks,sa,112,112,1,1
fb_04,B45231,101,1,MASc PG 40 blocks,sa,112,112,1,1
fb_05,B108339,101,1,MASc PG 40 blocks,sa,112,112,1,1
fb_05,B111480,101,1,MASc PG 40 blocks,sa,112,112,1,1
fb_05,B53160,101,1,MASc PG 40 blocks,sa,112,112,1,1
fb_06,B108339,101,1,MASc PG 40 blocks,sa,112,112,1,1
fb_06,B112990,101,1,MASc PG 40 blocks,sa,112,112,1,1
fb_06,B53160,101,1,MASc PG 40 blocks,sa,112,112,1,1
fb_01,B108060,102,1,MASc PG 40 blocks,sa,112,112,1,1
fb_01,B108124,102,1,MASc PG 40 blocks,sa,112,112,1,1
fb_01,B108339,102,1,MASc PG 40 blocks,sa,112,112,1,1
fb_02,B44010,102,1,MASc PG 40 blocks,sa,112,112,1,1
fb_02,B45231,102,1,MASc PG 40 blocks,sa,112,112,1,1
fb_02,B53160,102,1,MASc PG 40 blocks,sa,112,112,1,1
fb_03,B126589,102,1,MASc PG 40 blocks,sa,112,112,1,1
fb_03,B126869,102,1,MASc PG 40 blocks,sa,112,112,1,1
fb_03,B127158,102,1,MASc PG 40 blocks,sa,112,112,1,1
fb_04,B121154,102,1,MASc PG 40 blocks,sa,112,112,1,1
fb_04,B126492,102,1,MASc PG 40 blocks,sa,112,112,1,1
fb_04,B127158,102,1,MASc PG 40 blocks,sa,112,112,1,1
fb_05,B124193,102,1,MASc PG 40 blocks,sa,112,112,1,1
fb_05,B124453,102,1,MASc PG 40 blocks,sa,112,112,1,1
fb_05,B126413,102,1,MASc PG 40 blocks,sa,112,112,1,1
fb_06,B124453,102,1,MASc PG 40 blocks,sa,112,112,1,1
fb_06,B126413,102,1,MASc PG 40 blocks,sa,112,112,1,1
fb_06,B127158,102,1,MASc PG 40 blocks,sa,112,112,1,1
fb_01,B108060,103,1,MASc PG 40 blocks,sa,112,112,1,1
fb_01,B108124,103,1,MASc PG 40 blocks,sa,112,112,1,1
fb_01,B112990,103,1,MASc PG 40 blocks,sa,112,112,1,1
fb_02,B113324,103,1,MASc PG 40 blocks,sa,112,112,1,1
fb_02,B121455,103,1,MASc PG 40 blocks,sa,112,112,1,1
fb_02,B126869,103,1,MASc PG 40 blocks,sa,112,112,1,1
fb_03,B108124,103,1,MASc PG 40 blocks,sa,112,112,1,1
fb_03,B124193,103,1,MASc PG 40 blocks,sa,112,112,1,1
fb_03,B124453,103,1,MASc PG 40 blocks,sa,112,112,1,1
fb_04,B107189,103,1,MASc PG 40 blocks,sa,112,112,1,1
fb_04,B45231,103,1,MASc PG 40 blocks,sa,112,112,1,1
fb_04,B53160,103,1,MASc PG 40 blocks,sa,112,112,1,1
fb_05,B109915,103,1,MASc PG 40 blocks,sa,112,112,1,1
fb_05,B111867,103,1,MASc PG 40 blocks,sa,112,112,1,1
fb_05,B42891,103,1,MASc PG 40 blocks,sa,112,112,1,1
fb_06,B108124,103,1,MASc PG 40 blocks,sa,112,112,1,1
fb_06,B108339,103,1,MASc PG 40 blocks,sa,112,112,1,1
fb_06,B44010,103,1,MASc PG 40 blocks,sa,112,112,1,1
fb_01,B107189,104,1,MASc PG 40 blocks,sa,112,112,1,1
fb_01,B108060,104,1,MASc PG 40 blocks,sa,112,112,1,1
fb_01,B108124,104,1,MASc PG 40 blocks,sa,112,112,1,1
fb_02,B126589,104,1,MASc PG 40 blocks,sa,112,112,1,1
fb_02,B127158,104,1,MASc PG 40 blocks,sa,112,112,1,1
fb_02,B45231,104,1,MASc PG 40 blocks,sa,112,112,1,1
fb_03,B108124,104,1,MASc PG 40 blocks,sa,112,112,1,1
fb_03,B114477,104,1,MASc PG 40 blocks,sa,112,112,1,1
fb_03,B120266,104,1,MASc PG 40 blocks,sa,112,112,1,1
fb_04,B107189,104,1,MASc PG 40 blocks,sa,112,112,1,1
fb_04,B108339,104,1,MASc PG 40 blocks,sa,112,112,1,1
fb_04,B109517,104,1,MASc PG 40 blocks,sa,112,112,1,1
fb_05,B44010,104,1,MASc PG 40 blocks,sa,112,112,1,1
fb_05,B45231,104,1,MASc PG 40 blocks,sa,112,112,1,1
fb_05,B53160,104,1,MASc PG 40 blocks,sa,112,112,1,1
fb_06,B126492,104,1,MASc PG 40 blocks,sa,112,112,1,1
fb_06,B126589,104,1,MASc PG 40 blocks,sa,112,112,1,1
fb_06,B127158,104,1,MASc PG 40 blocks,sa,112,112,1,1
fb_01,B107189,105,1,MASc PG 40 blocks,sa,112,112,1,1
fb_01,B108060,105,1,MASc PG 40 blocks,sa,112,112,1,1
fb_01,B108124,105,1,MASc PG 40 blocks,sa,112,112,1,1
fb_02,B108060,105,1,MASc PG 40 blocks,sa,112,112,1,1
fb_02,B111867,105,1,MASc PG 40 blocks,sa,112,112,1,1
fb_02,B126492,105,1,MASc PG 40 blocks,sa,112,112,1,1
fb_03,B111480,105,1,MASc PG 40 blocks,sa,112,112,1,1
fb_03,B111867,105,1,MASc PG 40 blocks,sa,112,112,1,1
fb_03,B127158,105,1,MASc PG 40 blocks,sa,112,112,1,1
fb_04,B44010,105,1,MASc PG 40 blocks,sa,112,112,1,1
fb_04,B45231,105,1,MASc PG 40 blocks,sa,112,112,1,1
fb_04,B53160,105,1,MASc PG 40 blocks,sa,112,112,1,1
fb_05,B109340,105,1,MASc PG 40 blocks,sa,112,112,1,1
fb_05,B124193,105,1,MASc PG 40 blocks,sa,112,112,1,1
fb_05,B124453,105,1,MASc PG 40 blocks,sa,112,112,1,1
fb_06,B109915,105,1,MASc PG 40 blocks,sa,112,112,1,1
fb_06,B110288,105,1,MASc PG 40 blocks,sa,112,112,1,1
fb_06,B110471,105,1,MASc PG 40 blocks,sa,112,112,1,1
fb_01,B107189,106,1,MASc PG 40 blocks,sa,112,112,1,1
fb_01,B109340,106,1,MASc PG 40 blocks,sa,112,112,1,1
fb_01,B111867,106,1,MASc PG 40 blocks,sa,112,112,1,1
fb_02,B110288,106,1,MASc PG 40 blocks,sa,112,112,1,1
fb_02,B124193,106,1,MASc PG 40 blocks,sa,112,112,1,1
fb_02,B45231,106,1,MASc PG 40 blocks,sa,112,112,1,1
fb_03,B108060,106,1,MASc PG 40 blocks,sa,112,112,1,1
fb_03,B126589,106,1,MASc PG 40 blocks,sa,112,112,1,1
fb_03,B42891,106,1,MASc PG 40 blocks,sa,112,112,1,1
fb_04,B126413,106,1,MASc PG 40 blocks,sa,112,112,1,1
fb_04,B126492,106,1,MASc PG 40 blocks,sa,112,112,1,1
fb_04,B53160,106,1,MASc PG 40 blocks,sa,112,112,1,1
fb_05,B111480,106,1,MASc PG 40 blocks,sa,112,112,1,1
fb_05,B127158,106,1,MASc PG 40 blocks,sa,112,112,1,1
fb_05,B55424,106,1,MASc PG 40 blocks,sa,112,112,1,1
fb_06,B129183,106,1,MASc PG 40 blocks,sa,112,112,1,1
fb_06,B145584,106,1,MASc PG 40 blocks,sa,112,112,1,1
fb_06,B42891,106,1,MASc PG 40 blocks,sa,112,112,1,1
fb_01,B107189,107,1,MASc PG 40 blocks,sa,112,112,1,1
fb_01,B108060,107,1,MASc PG 40 blocks,sa,112,112,1,1
fb_01,B108124,107,1,MASc PG 40 blocks,sa,112,112,1,1
fb_02,B121928,107,1,MASc PG 40 blocks,sa,112,112,1,1
fb_02,B65573,107,1,MASc PG 40 blocks,sa,112,112,1,1
fb_02,B68233,107,1,MASc PG 40 blocks,sa,112,112,1,1
fb_03,B114861,107,1,MASc PG 40 blocks,sa,112,112,1,1
fb_03,B127158,107,1,MASc PG 40 blocks,sa,112,112,1,1
fb_03,B55424,107,1,MASc PG 40 blocks,sa,112,112,1,1
fb_04,B109517,107,1,MASc PG 40 blocks,sa,112,112,1,1
fb_04,B120266,107,1,MASc PG 40 blocks,sa,112,112,1,1
fb_04,B45231,107,1,MASc PG 40 blocks,sa,112,112,1,1
fb_05,B114861,107,1,MASc PG 40 blocks,sa,112,112,1,1
fb_05,B129183,107,1,MASc PG 40 blocks,sa,112,112,1,1
fb_05,B44010,107,1,MASc PG 40 blocks,sa,112,112,1,1
fb_06,B107189,107,1,MASc PG 40 blocks,sa,112,112,1,1
fb_06,B120266,107,1,MASc PG 40 blocks,sa,112,112,1,1
fb_06,B124193,107,1,MASc PG 40 blocks,sa,112,112,1,1
fb_01,B108060,108,1,MASc PG 40 blocks,sa,112,112,1,1
fb_01,B127158,108,1,MASc PG 40 blocks,sa,112,112,1,1
fb_01,B127158,108,1,MASc PG 40 blocks,sa,112,112,1,1
fb_02,B108060,108,1,MASc PG 40 blocks,sa,112,112,1,1
fb_02,B109517,108,1,MASc PG 40 blocks,sa,112,112,1,1
fb_02,B120266,108,1,MASc PG 40 blocks,sa,112,112,1,1
fb_03,B111867,108,1,MASc PG 40 blocks,sa,112,112,1,1
fb_03,B129183,108,1,MASc PG 40 blocks,sa,112,112,1,1
fb_03,B65573,108,1,MASc PG 40 blocks,sa,112,112,1,1
fb_04,B109915,108,1,MASc PG 40 blocks,sa,112,112,1,1
fb_04,B110471,108,1,MASc PG 40 blocks,sa,112,112,1,1
fb_04,B121154,108,1,MASc PG 40 blocks,sa,112,112,1,1
fb_05,B107189,108,1,MASc PG 40 blocks,sa,112,112,1,1
fb_05,B109517,108,1,MASc PG 40 blocks,sa,112,112,1,1
fb_05,B112038,108,1,MASc PG 40 blocks,sa,112,112,1,1
fb_06,B108124,108,1,MASc PG 40 blocks,sa,112,112,1,1
fb_06,B65573,108,1,MASc PG 40 blocks,sa,112,112,1,1
fb_06,B68233,108,1,MASc PG 40 blocks,sa,112,112,1,1
fb_01,B108124,109,1,MASc PG 40 blocks,sa,112,112,1,1
fb_01,B109517,109,1,MASc PG 40 blocks,sa,112,112,1,1
fb_01,B111410,109,1,MASc PG 40 blocks,sa,112,112,1,1
fb_02,B112990,109,1,MASc PG 40 blocks,sa,112,112,1,1
fb_02,B127158,109,1,MASc PG 40 blocks,sa,112,112,1,1
fb_02,B65573,109,1,MASc PG 40 blocks,sa,112,112,1,1
fb_03,B108124,109,1,MASc PG 40 blocks,sa,112,112,1,1
fb_03,B111867,109,1,MASc PG 40 blocks,sa,112,112,1,1
fb_03,B55424,109,1,MASc PG 40 blocks,sa,112,112,1,1
fb_04,B112990,109,1,MASc PG 40 blocks,sa,112,112,1,1
fb_04,B127158,109,1,MASc PG 40 blocks,sa,112,112,1,1
fb_04,B68233,109,1,MASc PG 40 blocks,sa,112,112,1,1
fb_05,B108124,109,1,MASc PG 40 blocks,sa,112,112,1,1
fb_05,B108339,109,1,MASc PG 40 blocks,sa,112,112,1,1
fb_05,B112990,109,1,MASc PG 40 blocks,sa,112,112,1,1
fb_06,B111480,109,1,MASc PG 40 blocks,sa,112,112,1,1
fb_06,B111867,109,1,MASc PG 40 blocks,sa,112,112,1,1
fb_06,B65573,109,1,MASc PG 40 blocks,sa,112,112,1,1
fb_01,B107189,110,1,MASc PG 40 blocks,sa,112,112,1,1
fb_01,B108060,110,1,MASc PG 40 blocks,sa,112,112,1,1
fb_01,B108339,110,1,MASc PG 40 blocks,sa,112,112,1,1
fb_02,B111410,110,1,MASc PG 40 blocks,sa,112,112,1,1
fb_02,B111867,110,1,MASc PG 40 blocks,sa,112,112,1,1
fb_02,B111867,110,1,MASc PG 40 blocks,sa,112,112,1,1
fb_03,B121455,110,1,MASc PG 40 blocks,sa,112,112,1,1
fb_03,B121928,110,1,MASc PG 40 blocks,sa,112,112,1,1
fb_03,B127158,110,1,MASc PG 40 blocks,sa,112,112,1,1
fb_04,B121154,110,1,MASc PG 40 blocks,sa,112,112,1,1
fb_04,B126869,110,1,MASc PG 40 blocks,sa,112,112,1,1
fb_04,B127158,110,1,MASc PG 40 blocks,sa,112,112,1,1
fb_05,B55424,110,1,MASc PG 40 blocks,sa,112,112,1,1
fb_05,B65573,110,1,MASc PG 40 blocks,sa,112,112,1,1
fb_05,B68233,110,1,MASc PG 40 blocks,sa,112,112,1,1
fb_06,B110288,110,1,MASc PG 40 blocks,sa,112,112,1,1
fb_06,B110471,110,1,MASc PG 40 blocks,sa,112,112,1,1
fb_06,B121154,110,1,MASc PG 40 blocks,sa,112,112,1,1
fb_01,B107189,111,1,MASc PG 40 blocks,sa,112,112,1,1
fb_01,B108060,111,1,MASc PG 40 blocks,sa,112,112,1,1
fb_01,B108124,111,1,MASc PG 40 blocks,sa,112,112,1,1
fb_02,B109915,111,1,MASc PG 40 blocks,sa,112,112,1,1
fb_02,B110288,111,1,MASc PG 40 blocks,sa,112,112,1,1
fb_02,B110471,111,1,MASc PG 40 blocks,sa,112,112,1,1
fb_03,B108124,111,1,MASc PG 40 blocks,sa,112,112,1,1
fb_03,B112038,111,1,MASc PG 40 blocks,sa,112,112,1,1
fb_03,B112990,111,1,MASc PG 40 blocks,sa,112,112,1,1
fb_04,B121154,111,1,MASc PG 40 blocks,sa,112,112,1,1
fb_04,B121455,111,1,MASc PG 40 blocks,sa,112,112,1,1
fb_04,B121928,111,1,MASc PG 40 blocks,sa,112,112,1,1
fb_05,B124540,111,1,MASc PG 40 blocks,sa,112,112,1,1
fb_05,B126413,111,1,MASc PG 40 blocks,sa,112,112,1,1
fb_05,B126492,111,1,MASc PG 40 blocks,sa,112,112,1,1
fb_06,B129183,111,1,MASc PG 40 blocks,sa,112,112,1,1
fb_06,B145584,111,1,MASc PG 40 blocks,sa,112,112,1,1
fb_06,B42891,111,1,MASc PG 40 blocks,sa,112,112,1,1
fb_01,B107189,112,1,MASc PG 40 blocks,sa,112,112,1,1
fb_01,B108060,112,1,MASc PG 40 blocks,sa,112,112,1,1
fb_01,B108124,112,1,MASc PG 40 blocks,sa,112,112,1,1
fb_02,B108339,112,1,MASc PG 40 blocks,sa,112,112,1,1
fb_02,B109340,112,1,MASc PG 40 blocks,sa,112,112,1,1
fb_02,B109517,112,1,MASc PG 40 blocks,sa,112,112,1,1
fb_03,B109915,112,1,MASc PG 40 blocks,sa,112,112,1,1
fb_03,B110288,112,1,MASc PG 40 blocks,sa,112,112,1,1
fb_03,B110471,112,1,MASc PG 40 blocks,sa,112,112,1,1
fb_04,B111410,112,1,MASc PG 40 blocks,sa,112,112,1,1
fb_04,B111480,112,1,MASc PG 40 blocks,sa,112,112,1,1
fb_04,B111867,112,1,MASc PG 40 blocks,sa,112,112,1,1
fb_05,B112038,112,1,MASc PG 40 blocks,sa,112,112,1,1
fb_05,B112990,112,1,MASc PG 40 blocks,sa,112,112,1,1
fb_05,B113324,112,1,MASc PG 40 blocks,sa,112,112,1,1
fb_06,B114477,112,1,MASc PG 40 blocks,sa,112,112,1,1
fb_06,B114861,112,1,MASc PG 40 blocks,sa,112,112,1,1
fb_06,B120266,112,1,MASc PG 40 blocks,sa,112,112,1,1
