machine_id,block_id,day,assigned,scenario,solver,master_days,subproblem_days,lock_days,start_day
fb_01,B107189,1,1,MASc PG 40 blocks,sa,112,112,14,1
fb_01,B126413,1,1,MASc PG 40 blocks,sa,112,112,14,1
fb_01,B127158,1,1,MASc PG 40 blocks,sa,112,112,14,1
fb_02,B120266,1,1,MASc PG 40 blocks,sa,112,112,14,1
fb_02,B126589,1,1,MASc PG 40 blocks,sa,112,112,14,1
fb_02,B145584,1,1,MASc PG 40 blocks,sa,112,112,14,1
fb_03,B110288,1,1,MASc PG 40 blocks,sa,112,112,14,1
fb_03,B113324,1,1,MASc PG 40 blocks,sa,112,112,14,1
fb_03,B126869,1,1,MASc PG 40 blocks,sa,112,112,14,1
fb_04,B109915,1,1,MASc PG 40 blocks,sa,112,112,14,1
fb_04,B127158,1,1,MASc PG 40 blocks,sa,112,112,14,1
fb_04,B145584,1,1,MASc PG 40 blocks,sa,112,112,14,1
fb_05,B117387,1,1,MASc PG 40 blocks,sa,112,112,14,1
fb_05,B117387,1,1,MASc PG 40 blocks,sa,112,112,14,1
fb_05,B42891,1,1,MASc PG 40 blocks,sa,112,112,14,1
fb_06,B111867,1,1,MASc PG 40 blocks,sa,112,112,14,1
fb_06,B113324,1,1,MASc PG 40 blocks,sa,112,112,14,1
fb_06,B117387,1,1,MASc PG 40 blocks,sa,112,112,14,1
fb_01,B108339,2,1,MASc PG 40 blocks,sa,112,112,14,1
fb_01,B109340,2,1,MASc PG 40 blocks,sa,112,112,14,1
fb_01,B109517,2,1,MASc PG 40 blocks,sa,112,112,14,1
fb_02,B126589,2,1,MASc PG 40 blocks,sa,112,112,14,1
fb_02,B126869,2,1,MASc PG 40 blocks,sa,112,112,14,1
fb_02,B127158,2,1,MASc PG 40 blocks,sa,112,112,14,1
fb_03,B120266,2,1,MASc PG 40 blocks,sa,112,112,14,1
fb_03,B126413,2,1,MASc PG 40 blocks,sa,112,112,14,1
fb_03,B126589,2,1,MASc PG 40 blocks,sa,112,112,14,1
fb_04,B126589,2,1,MASc PG 40 blocks,sa,112,112,14,1
fb_04,B127158,2,1,MASc PG 40 blocks,sa,112,112,14,1
fb_04,B127158,2,1,MASc PG 40 blocks,sa,112,112,14,1
fb_05,B111480,2,1,MASc PG 40 blocks,sa,112,112,14,1
fb_05,B111480,2,1,MASc PG 40 blocks,sa,112,112,14,1
fb_05,B111867,2,1,MASc PG 40 blocks,sa,112,112,14,1
fb_06,B111480,2,1,MASc PG 40 blocks,sa,112,112,14,1
fb_06,B111480,2,1,MASc PG 40 blocks,sa,112,112,14,1
fb_06,B111480,2,1,MASc PG 40 blocks,sa,112,112,14,1
sk_01,B117387,2,1,MASc PG 40 blocks,sa,112,112,14,1
sk_01,B127158,2,1,MASc PG 40 blocks,sa,112,112,14,1
sk_01,B42891,2,1,MASc PG 40 blocks,sa,112,112,14,1
sk_02,B111867,2,1,MASc PG 40 blocks,sa,112,112,14,1
sk_02,B117387,2,1,MASc PG 40 blocks,sa,112,112,14,1
sk_02,B126589,2,1,MASc PG 40 blocks,sa,112,112,14,1
sk_03,B111867,2,1,MASc PG 40 blocks,sa,112,112,14,1
sk_03,B117387,2,1,MASc PG 40 blocks,sa,112,112,14,1
sk_03,B127158,2,1,MASc PG 40 blocks,sa,112,112,14,1
sk_04,B109915,2,1,MASc PG 40 blocks,sa,112,112,14,1
sk_04,B111867,2,1,MASc PG 40 blocks,sa,112,112,14,1
sk_04,B127158,2,1,MASc PG 40 blocks,sa,112,112,14,1
sk_05,B109915,2,1,MASc PG 40 blocks,sa,112,112,14,1
sk_05,B111867,2,1,MASc PG 40 blocks,sa,112,112,14,1
sk_05,B127158,2,1,MASc PG 40 blocks,sa,112,112,14,1
sk_06,B107189,2,1,MASc PG 40 blocks,sa,112,112,14,1
sk_06,B126589,2,1,MASc PG 40 blocks,sa,112,112,14,1
sk_06,B127158,2,1,MASc PG 40 blocks,sa,112,112,14,1
fb_01,B109915,3,1,MASc PG 40 blocks,sa,112,112,14,1
fb_01,B110288,3,1,MASc PG 40 blocks,sa,112,112,14,1
fb_01,B110471,3,1,MASc PG 40 blocks,sa,112,112,14,1
fb_02,B121154,3,1,MASc PG 40 blocks,sa,112,112,14,1
fb_02,B145584,3,1,MASc PG 40 blocks,sa,112,112,14,1
fb_02,B44010,3,1,MASc PG 40 blocks,sa,112,112,14,1
fb_03,B111480,3,1,MASc PG 40 blocks,sa,112,112,14,1
fb_03,B126869,3,1,MASc PG 40 blocks,sa,112,112,14,1
fb_03,B145584,3,1,MASc PG 40 blocks,sa,112,112,14,1
fb_04,B126589,3,1,MASc PG 40 blocks,sa,112,112,14,1
fb_04,B126589,3,1,MASc PG 40 blocks,sa,112,112,14,1
fb_04,B127158,3,1,MASc PG 40 blocks,sa,112,112,14,1
fb_05,B111480,3,1,MASc PG 40 blocks,sa,112,112,14,1
fb_05,B111480,3,1,MASc PG 40 blocks,sa,112,112,14,1
fb_05,B121154,3,1,MASc PG 40 blocks,sa,112,112,14,1
fb_06,B111480,3,1,MASc PG 40 blocks,sa,112,112,14,1
fb_06,B111480,3,1,MASc PG 40 blocks,sa,112,112,14,1
fb_06,B111480,3,1,MASc PG 40 blocks,sa,112,112,14,1
pr_01,B111867,3,1,MASc PG 40 blocks,sa,112,112,14,1
pr_01,B127158,3,1,MASc PG 40 blocks,sa,112,112,14,1
pr_02,B109915,3,1,MASc PG 40 blocks,sa,112,112,14,1
pr_02,B117387,3,1,MASc PG 40 blocks,sa,112,112,14,1
pr_03,B126589,3,1,MASc PG 40 blocks,sa,112,112,14,1
pr_03,B42891,3,1,MASc PG 40 blocks,sa,112,112,14,1
pr_04,B117387,3,1,MASc PG 40 blocks,sa,112,112,14,1
pr_04,B127158,3,1,MASc PG 40 blocks,sa,112,112,14,1
pr_05,B127158,3,1,MASc PG 40 blocks,sa,112,112,14,1
pr_06,B117387,3,1,MASc PG 40 blocks,sa,112,112,14,1
sk_01,B108339,3,1,MASc PG 40 blocks,sa,112,112,14,1
sk_01,B109517,3,1,MASc PG 40 blocks,sa,112,112,14,1
sk_01,B127158,3,1,MASc PG 40 blocks,sa,112,112,14,1
sk_02,B111867,3,1,MASc PG 40 blocks,sa,112,112,14,1
sk_02,B127158,3,1,MASc PG 40 blocks,sa,112,112,14,1
sk_02,B127158,3,1,MASc PG 40 blocks,sa,112,112,14,1
sk_03,B111867,3,1,MASc PG 40 blocks,sa,112,112,14,1
sk_03,B126589,3,1,MASc PG 40 blocks,sa,112,112,14,1
sk_03,B127158,3,1,MASc PG 40 blocks,sa,112,112,14,1
sk_04,B111867,3,1,MASc PG 40 blocks,sa,112,112,14,1
sk_04,B127158,3,1,MASc PG 40 blocks,sa,112,112,14,1
sk_04,B127158,3,1,MASc PG 40 blocks,sa,112,112,14,1
sk_05,B109915,3,1,MASc PG 40 blocks,sa,112,112,14,1
sk_05,B111867,3,1,MASc PG 40 blocks,sa,112,112,14,1
sk_05,B127158,3,1,MASc PG 40 blocks,sa,112,112,14,1
sk_06,B111867,3,1,MASc PG 40 blocks,sa,112,112,14,1
sk_06,B120266,3,1,MASc PG 40 blocks,sa,112,112,14,1
sk_06,B126589,3,1,MASc PG 40 blocks,sa,112,112,14,1
fb_01,B111410,4,1,MASc PG 40 blocks,sa,112,112,14,1
fb_01,B111480,4,1,MASc PG 40 blocks,sa,112,112,14,1
fb_01,B111480,4,1,MASc PG 40 blocks,sa,112,112,14,1
fb_02,B107189,4,1,MASc PG 40 blocks,sa,112,112,14,1
fb_02,B55424,4,1,MASc PG 40 blocks,sa,112,112,14,1
fb_02,B68233,4,1,MASc PG 40 blocks,sa,112,112,14,1
fb_03,B107189,4,1,MASc PG 40 blocks,sa,112,112,14,1
fb_03,B109915,4,1,MASc PG 40 blocks,sa,112,112,14,1
fb_03,B68233,4,1,MASc PG 40 blocks,sa,112,112,14,1
fb_04,B111480,4,1,MASc PG 40 blocks,sa,112,112,14,1
fb_04,B127158,4,1,MASc PG 40 blocks,sa,112,112,14,1
fb_04,B127158,4,1,MASc PG 40 blocks,sa,112,112,14,1
fb_05,B111480,4,1,MASc PG 40 blocks,sa,112,112,14,1
fb_05,B111480,4,1,MASc PG 40 blocks,sa,112,112,14,1
fb_05,B111480,4,1,MASc PG 40 blocks,sa,112,112,14,1
fb_06,B107189,4,1,MASc PG 40 blocks,sa,112,112,14,1
fb_06,B111480,4,1,MASc PG 40 blocks,sa,112,112,14,1
fb_06,B111480,4,1,MASc PG 40 blocks,sa,112,112,14,1
ld_01,B109915,4,1,MASc PG 40 blocks,sa,112,112,14,1
ld_02,B127158,4,1,MASc PG 40 blocks,sa,112,112,14,1
ld_03,B127158,4,1,MASc PG 40 blocks,sa,112,112,14,1
ld_04,B111867,4,1,MASc PG 40 blocks,sa,112,112,14,1
ld_05,B117387,4,1,MASc PG 40 blocks,sa,112,112,14,1
ld_06,B117387,4,1,MASc PG 40 blocks,sa,112,112,14,1
pr_01,B111867,4,1,MASc PG 40 blocks,sa,112,112,14,1
pr_01,B127158,4,1,MASc PG 40 blocks,sa,112,112,14,1
pr_02,B111867,4,1,MASc PG 40 blocks,sa,112,112,14,1
pr_02,B127158,4,1,MASc PG 40 blocks,sa,112,112,14,1
pr_03,B111867,4,1,MASc PG 40 blocks,sa,112,112,14,1
pr_03,B127158,4,1,MASc PG 40 blocks,sa,112,112,14,1
pr_04,B126589,4,1,MASc PG 40 blocks,sa,112,112,14,1
pr_05,B127158,4,1,MASc PG 40 blocks,sa,112,112,14,1
pr_06,B127158,4,1,MASc PG 40 blocks,sa,112,112,14,1
sk_01,B126589,4,1,MASc PG 40 blocks,sa,112,112,14,1
sk_01,B126589,4,1,MASc PG 40 blocks,sa,112,112,14,1
sk_01,B44010,4,1,MASc PG 40 blocks,sa,112,112,14,1
sk_02,B126589,4,1,MASc PG 40 blocks,sa,112,112,14,1
sk_02,B126589,4,1,MASc PG 40 blocks,sa,112,112,14,1
sk_02,B127158,4,1,MASc PG 40 blocks,sa,112,112,14,1
sk_03,B109915,4,1,MASc PG 40 blocks,sa,112,112,14,1
sk_03,B126589,4,1,MASc PG 40 blocks,sa,112,112,14,1
sk_03,B127158,4,1,MASc PG 40 blocks,sa,112,112,14,1
sk_04,B126589,4,1,MASc PG 40 blocks,sa,112,112,14,1
sk_04,B126589,4,1,MASc PG 40 blocks,sa,112,112,14,1
sk_04,B126589,4,1,MASc PG 40 blocks,sa,112,112,14,1
sk_05,B126589,4,1,MASc PG 40 blocks,sa,112,112,14,1
sk_05,B126589,4,1,MASc PG 40 blocks,sa,112,112,14,1
sk_05,B126589,4,1,MASc PG 40 blocks,sa,112,112,14,1
sk_06,B109915,4,1,MASc PG 40 blocks,sa,112,112,14,1
sk_06,B126589,4,1,MASc PG 40 blocks,sa,112,112,14,1
sk_06,B127158,4,1,MASc PG 40 blocks,sa,112,112,14,1
fb_01,B112038,5,1,MASc PG 40 blocks,sa,112,112,14,1
fb_01,B112990,5,1,MASc PG 40 blocks,sa,112,112,14,1
fb_01,B113324,5,1,MASc PG 40 blocks,sa,112,112,14,1
fb_02,B108060,5,1,MASc PG 40 blocks,sa,112,112,14,1
fb_02,B108339,5,1,MASc PG 40 blocks,sa,112,112,14,1
fb_02,B109340,5,1,MASc PG 40 blocks,sa,112,112,14,1
fb_03,B110288,5,1,MASc PG 40 blocks,sa,112,112,14,1
fb_03,B110471,5,1,MASc PG 40 blocks,sa,112,112,14,1
fb_03,B113324,5,1,MASc PG 40 blocks,sa,112,112,14,1
fb_04,B126589,5,1,MASc PG 40 blocks,sa,112,112,14,1
fb_04,B126589,5,1,MASc PG 40 blocks,sa,112,112,14,1
fb_04,B127158,5,1,MASc PG 40 blocks,sa,112,112,14,1
fb_05,B124193,5,1,MASc PG 40 blocks,sa,112,112,14,1
fb_05,B124193,5,1,MASc PG 40 blocks,sa,112,112,14,1
fb_05,B124193,5,1,MASc PG 40 blocks,sa,112,112,14,1
fb_06,B124193,5,1,MASc PG 40 blocks,sa,112,112,14,1
fb_06,B124193,5,1,MASc PG 40 blocks,sa,112,112,14,1
fb_06,B124193,5,1,MASc PG 40 blocks,sa,112,112,14,1
ld_01,B111867,5,1,MASc PG 40 blocks,sa,112,112,14,1
ld_01,B127158,5,1,MASc PG 40 blocks,sa,112,112,14,1
ld_02,B111867,5,1,MASc PG 40 blocks,sa,112,112,14,1
ld_02,B127158,5,1,MASc PG 40 blocks,sa,112,112,14,1
ld_03,B111867,5,1,MASc PG 40 blocks,sa,112,112,14,1
ld_03,B127158,5,1,MASc PG 40 blocks,sa,112,112,14,1
ld_04,B111867,5,1,MASc PG 40 blocks,sa,112,112,14,1
ld_04,B127158,5,1,MASc PG 40 blocks,sa,112,112,14,1
ld_05,B111867,5,1,MASc PG 40 blocks,sa,112,112,14,1
ld_05,B126589,5,1,MASc PG 40 blocks,sa,112,112,14,1
ld_06,B111867,5,1,MASc PG 40 blocks,sa,112,112,14,1
pr_01,B109915,5,1,MASc PG 40 blocks,sa,112,112,14,1
pr_01,B126589,5,1,MASc PG 40 blocks,sa,112,112,14,1
pr_01,B127158,5,1,MASc PG 40 blocks,sa,112,112,14,1
pr_02,B126589,5,1,MASc PG 40 blocks,sa,112,112,14,1
pr_02,B127158,5,1,MASc PG 40 blocks,sa,112,112,14,1
pr_02,B44010,5,1,MASc PG 40 blocks,sa,112,112,14,1
pr_03,B126589,5,1,MASc PG 40 blocks,sa,112,112,14,1
pr_03,B126589,5,1,MASc PG 40 blocks,sa,112,112,14,1
pr_04,B126589,5,1,MASc PG 40 blocks,sa,112,112,14,1
pr_04,B126589,5,1,MASc PG 40 blocks,sa,112,112,14,1
pr_05,B126589,5,1,MASc PG 40 blocks,sa,112,112,14,1
pr_05,B126589,5,1,MASc PG 40 blocks,sa,112,112,14,1
pr_06,B126589,5,1,MASc PG 40 blocks,sa,112,112,14,1
pr_06,B127158,5,1,MASc PG 40 blocks,sa,112,112,14,1
sk_01,B127158,5,1,MASc PG 40 blocks,sa,112,112,14,1
sk_01,B55424,5,1,MASc PG 40 blocks,sa,112,112,14,1
sk_01,B68233,5,1,MASc PG 40 blocks,sa,112,112,14,1
sk_02,B107189,5,1,MASc PG 40 blocks,sa,112,112,14,1
sk_02,B127158,5,1,MASc PG 40 blocks,sa,112,112,14,1
sk_02,B68233,5,1,MASc PG 40 blocks,sa,112,112,14,1
sk_03,B107189,5,1,MASc PG 40 blocks,sa,112,112,14,1
sk_03,B107189,5,1,MASc PG 40 blocks,sa,112,112,14,1
sk_03,B68233,5,1,MASc PG 40 blocks,sa,112,112,14,1
sk_04,B107189,5,1,MASc PG 40 blocks,sa,112,112,14,1
sk_04,B127158,5,1,MASc PG 40 blocks,sa,112,112,14,1
sk_04,B68233,5,1,MASc PG 40 blocks,sa,112,112,14,1
sk_05,B107189,5,1,MASc PG 40 blocks,sa,112,112,14,1
sk_05,B109915,5,1,MASc PG 40 blocks,sa,112,112,14,1
sk_05,B68233,5,1,MASc PG 40 blocks,sa,112,112,14,1
sk_06,B109915,5,1,MASc PG 40 blocks,sa,112,112,14,1
sk_06,B127158,5,1,MASc PG 40 blocks,sa,112,112,14,1
sk_06,B68233,5,1,MASc PG 40 blocks,sa,112,112,14,1
fb_01,B114477,6,1,MASc PG 40 blocks,sa,112,112,14,1
fb_01,B114861,6,1,MASc PG 40 blocks,sa,112,112,14,1
fb_01,B120266,6,1,MASc PG 40 blocks,sa,112,112,14,1
fb_02,B109915,6,1,MASc PG 40 blocks,sa,112,112,14,1
fb_02,B110288,6,1,MASc PG 40 blocks,sa,112,112,14,1
fb_02,B110471,6,1,MASc PG 40 blocks,sa,112,112,14,1
fb_03,B120266,6,1,MASc PG 40 blocks,sa,112,112,14,1
fb_03,B126413,6,1,MASc PG 40 blocks,sa,112,112,14,1
fb_03,B126589,6,1,MASc PG 40 blocks,sa,112,112,14,1
fb_04,B126589,6,1,MASc PG 40 blocks,sa,112,112,14,1
fb_04,B127158,6,1,MASc PG 40 blocks,sa,112,112,14,1
fb_04,B127158,6,1,MASc PG 40 blocks,sa,112,112,14,1
fb_05,B124193,6,1,MASc PG 40 blocks,sa,112,112,14,1
fb_05,B129183,6,1,MASc PG 40 blocks,sa,112,112,14,1
fb_05,B129183,6,1,MASc PG 40 blocks,sa,112,112,14,1
fb_06,B129183,6,1,MASc PG 40 blocks,sa,112,112,14,1
fb_06,B129183,6,1,MASc PG 40 blocks,sa,112,112,14,1
fb_06,B129183,6,1,MASc PG 40 blocks,sa,112,112,14,1
ld_01,B126589,6,1,MASc PG 40 blocks,sa,112,112,14,1
ld_01,B127158,6,1,MASc PG 40 blocks,sa,112,112,14,1
ld_02,B126589,6,1,MASc PG 40 blocks,sa,112,112,14,1
ld_02,B126589,6,1,MASc PG 40 blocks,sa,112,112,14,1
ld_03,B126589,6,1,MASc PG 40 blocks,sa,112,112,14,1
ld_03,B127158,6,1,MASc PG 40 blocks,sa,112,112,14,1
ld_04,B126589,6,1,MASc PG 40 blocks,sa,112,112,14,1
ld_04,B127158,6,1,MASc PG 40 blocks,sa,112,112,14,1
ld_05,B109915,6,1,MASc PG 40 blocks,sa,112,112,14,1
ld_05,B126589,6,1,MASc PG 40 blocks,sa,112,112,14,1
ld_06,B126589,6,1,MASc PG 40 blocks,sa,112,112,14,1
ld_06,B126589,6,1,MASc PG 40 blocks,sa,112,112,14,1
pr_01,B107189,6,1,MASc PG 40 blocks,sa,112,112,14,1
pr_01,B127158,6,1,MASc PG 40 blocks,sa,112,112,14,1
pr_01,B68233,6,1,MASc PG 40 blocks,sa,112,112,14,1
pr_02,B107189,6,1,MASc PG 40 blocks,sa,112,112,14,1
pr_02,B68233,6,1,MASc PG 40 blocks,sa,112,112,14,1
pr_03,B107189,6,1,MASc PG 40 blocks,sa,112,112,14,1
pr_03,B68233,6,1,MASc PG 40 blocks,sa,112,112,14,1
pr_04,B107189,6,1,MASc PG 40 blocks,sa,112,112,14,1
pr_04,B109915,6,1,MASc PG 40 blocks,sa,112,112,14,1
pr_05,B107189,6,1,MASc PG 40 blocks,sa,112,112,14,1
pr_05,B127158,6,1,MASc PG 40 blocks,sa,112,112,14,1
pr_06,B127158,6,1,MASc PG 40 blocks,sa,112,112,14,1
pr_06,B55424,6,1,MASc PG 40 blocks,sa,112,112,14,1
sk_01,B108060,6,1,MASc PG 40 blocks,sa,112,112,14,1
sk_01,B109915,6,1,MASc PG 40 blocks,sa,112,112,14,1
sk_01,B109915,6,1,MASc PG 40 blocks,sa,112,112,14,1
sk_02,B108339,6,1,MASc PG 40 blocks,sa,112,112,14,1
sk_02,B126589,6,1,MASc PG 40 blocks,sa,112,112,14,1
sk_02,B126589,6,1,MASc PG 40 blocks,sa,112,112,14,1
sk_03,B108339,6,1,MASc PG 40 blocks,sa,112,112,14,1
sk_03,B109915,6,1,MASc PG 40 blocks,sa,112,112,14,1
sk_03,B120266,6,1,MASc PG 40 blocks,sa,112,112,14,1
sk_04,B109915,6,1,MASc PG 40 blocks,sa,112,112,14,1
sk_04,B127158,6,1,MASc PG 40 blocks,sa,112,112,14,1
sk_04,B127158,6,1,MASc PG 40 blocks,sa,112,112,14,1
sk_05,B120266,6,1,MASc PG 40 blocks,sa,112,112,14,1
sk_05,B126589,6,1,MASc PG 40 blocks,sa,112,112,14,1
sk_05,B127158,6,1,MASc PG 40 blocks,sa,112,112,14,1
sk_06,B120266,6,1,MASc PG 40 blocks,sa,112,112,14,1
sk_06,B126589,6,1,MASc PG 40 blocks,sa,112,112,14,1
sk_06,B126589,6,1,MASc PG 40 blocks,sa,112,112,14,1
fb_01,B109340,7,1,MASc PG 40 blocks,sa,112,112,14,1
fb_01,B121455,7,1,MASc PG 40 blocks,sa,112,112,14,1
fb_01,B126413,7,1,MASc PG 40 blocks,sa,112,112,14,1
fb_02,B109340,7,1,MASc PG 40 blocks,sa,112,112,14,1
fb_02,B111410,7,1,MASc PG 40 blocks,sa,112,112,14,1
fb_02,B112038,7,1,MASc PG 40 blocks,sa,112,112,14,1
fb_03,B126869,7,1,MASc PG 40 blocks,sa,112,112,14,1
fb_03,B127158,7,1,MASc PG 40 blocks,sa,112,112,14,1
fb_03,B145584,7,1,MASc PG 40 blocks,sa,112,112,14,1
fb_04,B126589,7,1,MASc PG 40 blocks,sa,112,112,14,1
fb_04,B126589,7,1,MASc PG 40 blocks,sa,112,112,14,1
fb_04,B127158,7,1,MASc PG 40 blocks,sa,112,112,14,1
fb_05,B109340,7,1,MASc PG 40 blocks,sa,112,112,14,1
fb_05,B109340,7,1,MASc PG 40 blocks,sa,112,112,14,1
fb_05,B126589,7,1,MASc PG 40 blocks,sa,112,112,14,1
fb_06,B109340,7,1,MASc PG 40 blocks,sa,112,112,14,1
fb_06,B109340,7,1,MASc PG 40 blocks,sa,112,112,14,1
fb_06,B111480,7,1,MASc PG 40 blocks,sa,112,112,14,1
ld_01,B107189,7,1,MASc PG 40 blocks,sa,112,112,14,1
ld_01,B127158,7,1,MASc PG 40 blocks,sa,112,112,14,1
ld_02,B107189,7,1,MASc PG 40 blocks,sa,112,112,14,1
ld_02,B127158,7,1,MASc PG 40 blocks,sa,112,112,14,1
ld_03,B107189,7,1,MASc PG 40 blocks,sa,112,112,14,1
ld_03,B109915,7,1,MASc PG 40 blocks,sa,112,112,14,1
ld_04,B68233,7,1,MASc PG 40 blocks,sa,112,112,14,1
ld_05,B68233,7,1,MASc PG 40 blocks,sa,112,112,14,1
ld_06,B68233,7,1,MASc PG 40 blocks,sa,112,112,14,1
pr_01,B109915,7,1,MASc PG 40 blocks,sa,112,112,14,1
pr_01,B126589,7,1,MASc PG 40 blocks,sa,112,112,14,1
pr_01,B127158,7,1,MASc PG 40 blocks,sa,112,112,14,1
pr_02,B109915,7,1,MASc PG 40 blocks,sa,112,112,14,1
pr_02,B126589,7,1,MASc PG 40 blocks,sa,112,112,14,1
pr_02,B127158,7,1,MASc PG 40 blocks,sa,112,112,14,1
pr_03,B108060,7,1,MASc PG 40 blocks,sa,112,112,14,1
pr_03,B120266,7,1,MASc PG 40 blocks,sa,112,112,14,1
pr_04,B109915,7,1,MASc PG 40 blocks,sa,112,112,14,1
pr_04,B126589,7,1,MASc PG 40 blocks,sa,112,112,14,1
pr_05,B108339,7,1,MASc PG 40 blocks,sa,112,112,14,1
pr_05,B120266,7,1,MASc PG 40 blocks,sa,112,112,14,1
pr_06,B108339,7,1,MASc PG 40 blocks,sa,112,112,14,1
pr_06,B126589,7,1,MASc PG 40 blocks,sa,112,112,14,1
sk_01,B114861,7,1,MASc PG 40 blocks,sa,112,112,14,1
sk_01,B126589,7,1,MASc PG 40 blocks,sa,112,112,14,1
sk_01,B127158,7,1,MASc PG 40 blocks,sa,112,112,14,1
sk_02,B109915,7,1,MASc PG 40 blocks,sa,112,112,14,1
sk_02,B109915,7,1,MASc PG 40 blocks,sa,112,112,14,1
sk_02,B114861,7,1,MASc PG 40 blocks,sa,112,112,14,1
sk_03,B109915,7,1,MASc PG 40 blocks,sa,112,112,14,1
sk_03,B126589,7,1,MASc PG 40 blocks,sa,112,112,14,1
sk_03,B127158,7,1,MASc PG 40 blocks,sa,112,112,14,1
sk_04,B109915,7,1,MASc PG 40 blocks,sa,112,112,14,1
sk_04,B126589,7,1,MASc PG 40 blocks,sa,112,112,14,1
sk_04,B127158,7,1,MASc PG 40 blocks,sa,112,112,14,1
sk_05,B126589,7,1,MASc PG 40 blocks,sa,112,112,14,1
sk_05,B126589,7,1,MASc PG 40 blocks,sa,112,112,14,1
sk_05,B127158,7,1,MASc PG 40 blocks,sa,112,112,14,1
sk_06,B120266,7,1,MASc PG 40 blocks,sa,112,112,14,1
sk_06,B126589,7,1,MASc PG 40 blocks,sa,112,112,14,1
sk_06,B127158,7,1,MASc PG 40 blocks,sa,112,112,14,1
fb_01,B109340,8,1,MASc PG 40 blocks,sa,112,112,14,1
fb_01,B120266,8,1,MASc PG 40 blocks,sa,112,112,14,1
fb_01,B124453,8,1,MASc PG 40 blocks,sa,112,112,14,1
fb_02,B112990,8,1,MASc PG 40 blocks,sa,112,112,14,1
fb_02,B113324,8,1,MASc PG 40 blocks,sa,112,112,14,1
fb_02,B114477,8,1,MASc PG 40 blocks,sa,112,112,14,1
fb_03,B107189,8,1,MASc PG 40 blocks,sa,112,112,14,1
fb_03,B109915,8,1,MASc PG 40 blocks,sa,112,112,14,1
fb_03,B68233,8,1,MASc PG 40 blocks,sa,112,112,14,1
fb_04,B126589,8,1,MASc PG 40 blocks,sa,112,112,14,1
fb_04,B127158,8,1,MASc PG 40 blocks,sa,112,112,14,1
fb_04,B127158,8,1,MASc PG 40 blocks,sa,112,112,14,1
fb_05,B109340,8,1,MASc PG 40 blocks,sa,112,112,14,1
fb_05,B109340,8,1,MASc PG 40 blocks,sa,112,112,14,1
fb_05,B123357,8,1,MASc PG 40 blocks,sa,112,112,14,1
fb_06,B109340,8,1,MASc PG 40 blocks,sa,112,112,14,1
fb_06,B109340,8,1,MASc PG 40 blocks,sa,112,112,14,1
fb_06,B111480,8,1,MASc PG 40 blocks,sa,112,112,14,1
ld_01,B109915,8,1,MASc PG 40 blocks,sa,112,112,14,1
ld_01,B127158,8,1,MASc PG 40 blocks,sa,112,112,14,1
ld_02,B108339,8,1,MASc PG 40 blocks,sa,112,112,14,1
ld_02,B127158,8,1,MASc PG 40 blocks,sa,112,112,14,1
ld_03,B126589,8,1,MASc PG 40 blocks,sa,112,112,14,1
ld_03,B126589,8,1,MASc PG 40 blocks,sa,112,112,14,1
ld_04,B109915,8,1,MASc PG 40 blocks,sa,112,112,14,1
ld_04,B120266,8,1,MASc PG 40 blocks,sa,112,112,14,1
ld_05,B126589,8,1,MASc PG 40 blocks,sa,112,112,14,1
ld_06,B109915,8,1,MASc PG 40 blocks,sa,112,112,14,1
pr_01,B109915,8,1,MASc PG 40 blocks,sa,112,112,14,1
pr_01,B127158,8,1,MASc PG 40 blocks,sa,112,112,14,1
pr_02,B109915,8,1,MASc PG 40 blocks,sa,112,112,14,1
pr_02,B126589,8,1,MASc PG 40 blocks,sa,112,112,14,1
pr_03,B126589,8,1,MASc PG 40 blocks,sa,112,112,14,1
pr_03,B127158,8,1,MASc PG 40 blocks,sa,112,112,14,1
pr_04,B120266,8,1,MASc PG 40 blocks,sa,112,112,14,1
pr_04,B127158,8,1,MASc PG 40 blocks,sa,112,112,14,1
pr_05,B114861,8,1,MASc PG 40 blocks,sa,112,112,14,1
pr_05,B126589,8,1,MASc PG 40 blocks,sa,112,112,14,1
pr_06,B126589,8,1,MASc PG 40 blocks,sa,112,112,14,1
pr_06,B127158,8,1,MASc PG 40 blocks,sa,112,112,14,1
sk_01,B120266,8,1,MASc PG 40 blocks,sa,112,112,14,1
sk_01,B126589,8,1,MASc PG 40 blocks,sa,112,112,14,1
sk_01,B127158,8,1,MASc PG 40 blocks,sa,112,112,14,1
sk_02,B120266,8,1,MASc PG 40 blocks,sa,112,112,14,1
sk_02,B127158,8,1,MASc PG 40 blocks,sa,112,112,14,1
sk_02,B127158,8,1,MASc PG 40 blocks,sa,112,112,14,1
sk_03,B126589,8,1,MASc PG 40 blocks,sa,112,112,14,1
sk_03,B126589,8,1,MASc PG 40 blocks,sa,112,112,14,1
sk_03,B127158,8,1,MASc PG 40 blocks,sa,112,112,14,1
sk_04,B126589,8,1,MASc PG 40 blocks,sa,112,112,14,1
sk_04,B126589,8,1,MASc PG 40 blocks,sa,112,112,14,1
sk_04,B127158,8,1,MASc PG 40 blocks,sa,112,112,14,1
sk_05,B110288,8,1,MASc PG 40 blocks,sa,112,112,14,1
sk_05,B120266,8,1,MASc PG 40 blocks,sa,112,112,14,1
sk_05,B127158,8,1,MASc PG 40 blocks,sa,112,112,14,1
sk_06,B110288,8,1,MASc PG 40 blocks,sa,112,112,14,1
sk_06,B126589,8,1,MASc PG 40 blocks,sa,112,112,14,1
sk_06,B126589,8,1,MASc PG 40 blocks,sa,112,112,14,1
fb_01,B124540,9,1,MASc PG 40 blocks,sa,112,112,14,1
fb_01,B126413,9,1,MASc PG 40 blocks,sa,112,112,14,1
fb_01,B126492,9,1,MASc PG 40 blocks,sa,112,112,14,1
fb_02,B120266,9,1,MASc PG 40 blocks,sa,112,112,14,1
fb_02,B121928,9,1,MASc PG 40 blocks,sa,112,112,14,1
fb_02,B126413,9,1,MASc PG 40 blocks,sa,112,112,14,1
fb_03,B110288,9,1,MASc PG 40 blocks,sa,112,112,14,1
fb_03,B110471,9,1,MASc PG 40 blocks,sa,112,112,14,1
fb_03,B113324,9,1,MASc PG 40 blocks,sa,112,112,14,1
fb_04,B126589,9,1,MASc PG 40 blocks,sa,112,112,14,1
fb_04,B126589,9,1,MASc PG 40 blocks,sa,112,112,14,1
fb_04,B127158,9,1,MASc PG 40 blocks,sa,112,112,14,1
fb_05,B109340,9,1,MASc PG 40 blocks,sa,112,112,14,1
fb_05,B109340,9,1,MASc PG 40 blocks,sa,112,112,14,1
fb_05,B124453,9,1,MASc PG 40 blocks,sa,112,112,14,1
fb_06,B109340,9,1,MASc PG 40 blocks,sa,112,112,14,1
fb_06,B109340,9,1,MASc PG 40 blocks,sa,112,112,14,1
fb_06,B124453,9,1,MASc PG 40 blocks,sa,112,112,14,1
ld_01,B126589,9,1,MASc PG 40 blocks,sa,112,112,14,1
ld_01,B127158,9,1,MASc PG 40 blocks,sa,112,112,14,1
ld_02,B126589,9,1,MASc PG 40 blocks,sa,112,112,14,1
ld_02,B127158,9,1,MASc PG 40 blocks,sa,112,112,14,1
ld_03,B126589,9,1,MASc PG 40 blocks,sa,112,112,14,1
ld_03,B127158,9,1,MASc PG 40 blocks,sa,112,112,14,1
ld_04,B109915,9,1,MASc PG 40 blocks,sa,112,112,14,1
ld_04,B120266,9,1,MASc PG 40 blocks,sa,112,112,14,1
ld_05,B109915,9,1,MASc PG 40 blocks,sa,112,112,14,1
ld_06,B126589,9,1,MASc PG 40 blocks,sa,112,112,14,1
pr_01,B120266,9,1,MASc PG 40 blocks,sa,112,112,14,1
pr_01,B126589,9,1,MASc PG 40 blocks,sa,112,112,14,1
pr_02,B110288,9,1,MASc PG 40 blocks,sa,112,112,14,1
pr_02,B126589,9,1,MASc PG 40 blocks,sa,112,112,14,1
pr_03,B120266,9,1,MASc PG 40 blocks,sa,112,112,14,1
pr_03,B127158,9,1,MASc PG 40 blocks,sa,112,112,14,1
pr_04,B126589,9,1,MASc PG 40 blocks,sa,112,112,14,1
pr_04,B127158,9,1,MASc PG 40 blocks,sa,112,112,14,1
pr_05,B126589,9,1,MASc PG 40 blocks,sa,112,112,14,1
pr_05,B127158,9,1,MASc PG 40 blocks,sa,112,112,14,1
pr_06,B126589,9,1,MASc PG 40 blocks,sa,112,112,14,1
pr_06,B127158,9,1,MASc PG 40 blocks,sa,112,112,14,1
sk_01,B107189,9,1,MASc PG 40 blocks,sa,112,112,14,1
sk_01,B109915,9,1,MASc PG 40 blocks,sa,112,112,14,1
sk_01,B127158,9,1,MASc PG 40 blocks,sa,112,112,14,1
sk_02,B109915,9,1,MASc PG 40 blocks,sa,112,112,14,1
sk_02,B68233,9,1,MASc PG 40 blocks,sa,112,112,14,1
sk_02,B68233,9,1,MASc PG 40 blocks,sa,112,112,14,1
sk_03,B126589,9,1,MASc PG 40 blocks,sa,112,112,14,1
sk_03,B127158,9,1,MASc PG 40 blocks,sa,112,112,14,1
sk_03,B68233,9,1,MASc PG 40 blocks,sa,112,112,14,1
sk_04,B107189,9,1,MASc PG 40 blocks,sa,112,112,14,1
sk_04,B127158,9,1,MASc PG 40 blocks,sa,112,112,14,1
sk_04,B127158,9,1,MASc PG 40 blocks,sa,112,112,14,1
sk_05,B109915,9,1,MASc PG 40 blocks,sa,112,112,14,1
sk_05,B126589,9,1,MASc PG 40 blocks,sa,112,112,14,1
sk_05,B68233,9,1,MASc PG 40 blocks,sa,112,112,14,1
sk_06,B109915,9,1,MASc PG 40 blocks,sa,112,112,14,1
sk_06,B110288,9,1,MASc PG 40 blocks,sa,112,112,14,1
sk_06,B127158,9,1,MASc PG 40 blocks,sa,112,112,14,1
fb_01,B126589,10,1,MASc PG 40 blocks,sa,112,112,14,1
fb_01,B126869,10,1,MASc PG 40 blocks,sa,112,112,14,1
fb_01,B127158,10,1,MASc PG 40 blocks,sa,112,112,14,1
fb_02,B126492,10,1,MASc PG 40 blocks,sa,112,112,14,1
fb_02,B126589,10,1,MASc PG 40 blocks,sa,112,112,14,1
fb_02,B126869,10,1,MASc PG 40 blocks,sa,112,112,14,1
fb_03,B120266,10,1,MASc PG 40 blocks,sa,112,112,14,1
fb_03,B126413,10,1,MASc PG 40 blocks,sa,112,112,14,1
fb_03,B126589,10,1,MASc PG 40 blocks,sa,112,112,14,1
fb_04,B126589,10,1,MASc PG 40 blocks,sa,112,112,14,1
fb_04,B127158,10,1,MASc PG 40 blocks,sa,112,112,14,1
fb_04,B127158,10,1,MASc PG 40 blocks,sa,112,112,14,1
fb_05,B121455,10,1,MASc PG 40 blocks,sa,112,112,14,1
fb_05,B124453,10,1,MASc PG 40 blocks,sa,112,112,14,1
fb_05,B124453,10,1,MASc PG 40 blocks,sa,112,112,14,1
fb_06,B121455,10,1,MASc PG 40 blocks,sa,112,112,14,1
fb_06,B121455,10,1,MASc PG 40 blocks,sa,112,112,14,1
fb_06,B124453,10,1,MASc PG 40 blocks,sa,112,112,14,1
ld_01,B126589,10,1,MASc PG 40 blocks,sa,112,112,14,1
ld_01,B127158,10,1,MASc PG 40 blocks,sa,112,112,14,1
ld_02,B120266,10,1,MASc PG 40 blocks,sa,112,112,14,1
ld_02,B127158,10,1,MASc PG 40 blocks,sa,112,112,14,1
ld_03,B120266,10,1,MASc PG 40 blocks,sa,112,112,14,1
ld_03,B127158,10,1,MASc PG 40 blocks,sa,112,112,14,1
ld_04,B110288,10,1,MASc PG 40 blocks,sa,112,112,14,1
ld_04,B126589,10,1,MASc PG 40 blocks,sa,112,112,14,1
ld_05,B126589,10,1,MASc PG 40 blocks,sa,112,112,14,1
ld_06,B126589,10,1,MASc PG 40 blocks,sa,112,112,14,1
pr_01,B127158,10,1,MASc PG 40 blocks,sa,112,112,14,1
pr_01,B68233,10,1,MASc PG 40 blocks,sa,112,112,14,1
pr_02,B127158,10,1,MASc PG 40 blocks,sa,112,112,14,1
pr_02,B68233,10,1,MASc PG 40 blocks,sa,112,112,14,1
pr_03,B109915,10,1,MASc PG 40 blocks,sa,112,112,14,1
pr_03,B127158,10,1,MASc PG 40 blocks,sa,112,112,14,1
pr_04,B107189,10,1,MASc PG 40 blocks,sa,112,112,14,1
pr_04,B109915,10,1,MASc PG 40 blocks,sa,112,112,14,1
pr_05,B126589,10,1,MASc PG 40 blocks,sa,112,112,14,1
pr_05,B127158,10,1,MASc PG 40 blocks,sa,112,112,14,1
pr_06,B126589,10,1,MASc PG 40 blocks,sa,112,112,14,1
sk_01,B110288,10,1,MASc PG 40 blocks,sa,112,112,14,1
sk_01,B126589,10,1,MASc PG 40 blocks,sa,112,112,14,1
sk_01,B127158,10,1,MASc PG 40 blocks,sa,112,112,14,1
sk_02,B110288,10,1,MASc PG 40 blocks,sa,112,112,14,1
sk_02,B120266,10,1,MASc PG 40 blocks,sa,112,112,14,1
sk_02,B127158,10,1,MASc PG 40 blocks,sa,112,112,14,1
sk_03,B120266,10,1,MASc PG 40 blocks,sa,112,112,14,1
sk_03,B120266,10,1,MASc PG 40 blocks,sa,112,112,14,1
sk_03,B126589,10,1,MASc PG 40 blocks,sa,112,112,14,1
sk_04,B126589,10,1,MASc PG 40 blocks,sa,112,112,14,1
sk_04,B126589,10,1,MASc PG 40 blocks,sa,112,112,14,1
sk_04,B126589,10,1,MASc PG 40 blocks,sa,112,112,14,1
sk_05,B110288,10,1,MASc PG 40 blocks,sa,112,112,14,1
sk_05,B120266,10,1,MASc PG 40 blocks,sa,112,112,14,1
sk_05,B126589,10,1,MASc PG 40 blocks,sa,112,112,14,1
sk_06,B110288,10,1,MASc PG 40 blocks,sa,112,112,14,1
sk_06,B120266,10,1,MASc PG 40 blocks,sa,112,112,14,1
sk_06,B126589,10,1,MASc PG 40 blocks,sa,112,112,14,1
fb_01,B121455,11,1,MASc PG 40 blocks,sa,112,112,14,1
fb_01,B145584,11,1,MASc PG 40 blocks,sa,112,112,14,1
fb_01,B42891,11,1,MASc PG 40 blocks,sa,112,112,14,1
fb_02,B127158,11,1,MASc PG 40 blocks,sa,112,112,14,1
fb_02,B145584,11,1,MASc PG 40 blocks,sa,112,112,14,1
fb_02,B42891,11,1,MASc PG 40 blocks,sa,112,112,14,1
fb_03,B126869,11,1,MASc PG 40 blocks,sa,112,112,14,1
fb_03,B127158,11,1,MASc PG 40 blocks,sa,112,112,14,1
fb_03,B145584,11,1,MASc PG 40 blocks,sa,112,112,14,1
fb_04,B126589,11,1,MASc PG 40 blocks,sa,112,112,14,1
fb_04,B126589,11,1,MASc PG 40 blocks,sa,112,112,14,1
fb_04,B127158,11,1,MASc PG 40 blocks,sa,112,112,14,1
fb_05,B121455,11,1,MASc PG 40 blocks,sa,112,112,14,1
fb_05,B121455,11,1,MASc PG 40 blocks,sa,112,112,14,1
fb_05,B121455,11,1,MASc PG 40 blocks,sa,112,112,14,1
fb_06,B109340,11,1,MASc PG 40 blocks,sa,112,112,14,1
fb_06,B121455,11,1,MASc PG 40 blocks,sa,112,112,14,1
fb_06,B121455,11,1,MASc PG 40 blocks,sa,112,112,14,1
ld_01,B127158,11,1,MASc PG 40 blocks,sa,112,112,14,1
ld_01,B68233,11,1,MASc PG 40 blocks,sa,112,112,14,1
ld_02,B109915,11,1,MASc PG 40 blocks,sa,112,112,14,1
ld_02,B127158,11,1,MASc PG 40 blocks,sa,112,112,14,1
ld_03,B126589,11,1,MASc PG 40 blocks,sa,112,112,14,1
ld_03,B127158,11,1,MASc PG 40 blocks,sa,112,112,14,1
ld_04,B109915,11,1,MASc PG 40 blocks,sa,112,112,14,1
ld_04,B68233,11,1,MASc PG 40 blocks,sa,112,112,14,1
ld_05,B107189,11,1,MASc PG 40 blocks,sa,112,112,14,1
ld_05,B109915,11,1,MASc PG 40 blocks,sa,112,112,14,1
ld_06,B127158,11,1,MASc PG 40 blocks,sa,112,112,14,1
pr_01,B110288,11,1,MASc PG 40 blocks,sa,112,112,14,1
pr_01,B126589,11,1,MASc PG 40 blocks,sa,112,112,14,1
pr_02,B110288,11,1,MASc PG 40 blocks,sa,112,112,14,1
pr_02,B126589,11,1,MASc PG 40 blocks,sa,112,112,14,1
pr_03,B120266,11,1,MASc PG 40 blocks,sa,112,112,14,1
pr_03,B126589,11,1,MASc PG 40 blocks,sa,112,112,14,1
pr_04,B120266,11,1,MASc PG 40 blocks,sa,112,112,14,1
pr_04,B126589,11,1,MASc PG 40 blocks,sa,112,112,14,1
pr_05,B120266,11,1,MASc PG 40 blocks,sa,112,112,14,1
pr_05,B127158,11,1,MASc PG 40 blocks,sa,112,112,14,1
pr_06,B126589,11,1,MASc PG 40 blocks,sa,112,112,14,1
sk_01,B126589,11,1,MASc PG 40 blocks,sa,112,112,14,1
sk_01,B127158,11,1,MASc PG 40 blocks,sa,112,112,14,1
sk_01,B127158,11,1,MASc PG 40 blocks,sa,112,112,14,1
sk_02,B126589,11,1,MASc PG 40 blocks,sa,112,112,14,1
sk_02,B126589,11,1,MASc PG 40 blocks,sa,112,112,14,1
sk_02,B127158,11,1,MASc PG 40 blocks,sa,112,112,14,1
sk_03,B126589,11,1,MASc PG 40 blocks,sa,112,112,14,1
sk_03,B126589,11,1,MASc PG 40 blocks,sa,112,112,14,1
sk_03,B127158,11,1,MASc PG 40 blocks,sa,112,112,14,1
sk_04,B126589,11,1,MASc PG 40 blocks,sa,112,112,14,1
sk_04,B127158,11,1,MASc PG 40 blocks,sa,112,112,14,1
sk_04,B127158,11,1,MASc PG 40 blocks,sa,112,112,14,1
sk_05,B126589,11,1,MASc PG 40 blocks,sa,112,112,14,1
sk_05,B126589,11,1,MASc PG 40 blocks,sa,112,112,14,1
sk_05,B127158,11,1,MASc PG 40 blocks,sa,112,112,14,1
sk_06,B120266,11,1,MASc PG 40 blocks,sa,112,112,14,1
sk_06,B126589,11,1,MASc PG 40 blocks,sa,112,112,14,1
sk_06,B127158,11,1,MASc PG 40 blocks,sa,112,112,14,1
fb_01,B44010,12,1,MASc PG 40 blocks,sa,112,112,14,1
fb_01,B45231,12,1,MASc PG 40 blocks,sa,112,112,14,1
fb_01,B53160,12,1,MASc PG 40 blocks,sa,112,112,14,1
fb_02,B44010,12,1,MASc PG 40 blocks,sa,112,112,14,1
fb_02,B55424,12,1,MASc PG 40 blocks,sa,112,112,14,1
fb_02,B68233,12,1,MASc PG 40 blocks,sa,112,112,14,1
fb_03,B107189,12,1,MASc PG 40 blocks,sa,112,112,14,1
fb_03,B109915,12,1,MASc PG 40 blocks,sa,112,112,14,1
fb_03,B68233,12,1,MASc PG 40 blocks,sa,112,112,14,1
fb_04,B126589,12,1,MASc PG 40 blocks,sa,112,112,14,1
fb_04,B127158,12,1,MASc PG 40 blocks,sa,112,112,14,1
fb_04,B127158,12,1,MASc PG 40 blocks,sa,112,112,14,1
fb_05,B109915,12,1,MASc PG 40 blocks,sa,112,112,14,1
fb_05,B109915,12,1,MASc PG 40 blocks,sa,112,112,14,1
fb_05,B109915,12,1,MASc PG 40 blocks,sa,112,112,14,1
fb_06,B109915,12,1,MASc PG 40 blocks,sa,112,112,14,1
fb_06,B109915,12,1,MASc PG 40 blocks,sa,112,112,14,1
fb_06,B121455,12,1,MASc PG 40 blocks,sa,112,112,14,1
ld_01,B110288,12,1,MASc PG 40 blocks,sa,112,112,14,1
ld_01,B126589,12,1,MASc PG 40 blocks,sa,112,112,14,1
ld_02,B110288,12,1,MASc PG 40 blocks,sa,112,112,14,1
ld_02,B126589,12,1,MASc PG 40 blocks,sa,112,112,14,1
ld_03,B120266,12,1,MASc PG 40 blocks,sa,112,112,14,1
ld_03,B120266,12,1,MASc PG 40 blocks,sa,112,112,14,1
ld_04,B120266,12,1,MASc PG 40 blocks,sa,112,112,14,1
ld_04,B126589,12,1,MASc PG 40 blocks,sa,112,112,14,1
ld_05,B126589,12,1,MASc PG 40 blocks,sa,112,112,14,1
ld_06,B126589,12,1,MASc PG 40 blocks,sa,112,112,14,1
pr_01,B126589,12,1,MASc PG 40 blocks,sa,112,112,14,1
pr_01,B126589,12,1,MASc PG 40 blocks,sa,112,112,14,1
pr_01,B127158,12,1,MASc PG 40 blocks,sa,112,112,14,1
pr_02,B126589,12,1,MASc PG 40 blocks,sa,112,112,14,1
pr_02,B126589,12,1,MASc PG 40 blocks,sa,112,112,14,1
pr_02,B127158,12,1,MASc PG 40 blocks,sa,112,112,14,1
pr_03,B120266,12,1,MASc PG 40 blocks,sa,112,112,14,1
pr_03,B127158,12,1,MASc PG 40 blocks,sa,112,112,14,1
pr_04,B126589,12,1,MASc PG 40 blocks,sa,112,112,14,1
pr_04,B127158,12,1,MASc PG 40 blocks,sa,112,112,14,1
pr_05,B126589,12,1,MASc PG 40 blocks,sa,112,112,14,1
pr_05,B127158,12,1,MASc PG 40 blocks,sa,112,112,14,1
pr_06,B126589,12,1,MASc PG 40 blocks,sa,112,112,14,1
pr_06,B127158,12,1,MASc PG 40 blocks,sa,112,112,14,1
sk_01,B126589,12,1,MASc PG 40 blocks,sa,112,112,14,1
sk_01,B127158,12,1,MASc PG 40 blocks,sa,112,112,14,1
sk_01,B42891,12,1,MASc PG 40 blocks,sa,112,112,14,1
sk_02,B126589,12,1,MASc PG 40 blocks,sa,112,112,14,1
sk_02,B127158,12,1,MASc PG 40 blocks,sa,112,112,14,1
sk_02,B42891,12,1,MASc PG 40 blocks,sa,112,112,14,1
sk_03,B126589,12,1,MASc PG 40 blocks,sa,112,112,14,1
sk_03,B127158,12,1,MASc PG 40 blocks,sa,112,112,14,1
sk_03,B127158,12,1,MASc PG 40 blocks,sa,112,112,14,1
sk_04,B126589,12,1,MASc PG 40 blocks,sa,112,112,14,1
sk_04,B126589,12,1,MASc PG 40 blocks,sa,112,112,14,1
sk_04,B127158,12,1,MASc PG 40 blocks,sa,112,112,14,1
sk_05,B120266,12,1,MASc PG 40 blocks,sa,112,112,14,1
sk_05,B126589,12,1,MASc PG 40 blocks,sa,112,112,14,1
sk_05,B127158,12,1,MASc PG 40 blocks,sa,112,112,14,1
sk_06,B120266,12,1,MASc PG 40 blocks,sa,112,112,14,1
sk_06,B126589,12,1,MASc PG 40 blocks,sa,112,112,14,1
sk_06,B127158,12,1,MASc PG 40 blocks,sa,112,112,14,1
fb_01,B127158,13,1,MASc PG 40 blocks,sa,112,112,14,1
fb_01,B55424,13,1,MASc PG 40 blocks,sa,112,112,14,1
fb_01,B68233,13,1,MASc PG 40 blocks,sa,112,112,14,1
fb_02,B107189,13,1,MASc PG 40 blocks,sa,112,112,14,1
fb_02,B108339,13,1,MASc PG 40 blocks,sa,112,112,14,1
fb_02,B109915,13,1,MASc PG 40 blocks,sa,112,112,14,1
fb_03,B110288,13,1,MASc PG 40 blocks,sa,112,112,14,1
fb_03,B110471,13,1,MASc PG 40 blocks,sa,112,112,14,1
fb_03,B113324,13,1,MASc PG 40 blocks,sa,112,112,14,1
fb_04,B126589,13,1,MASc PG 40 blocks,sa,112,112,14,1
fb_04,B126589,13,1,MASc PG 40 blocks,sa,112,112,14,1
fb_04,B127158,13,1,MASc PG 40 blocks,sa,112,112,14,1
fb_05,B109915,13,1,MASc PG 40 blocks,sa,112,112,14,1
fb_05,B109915,13,1,MASc PG 40 blocks,sa,112,112,14,1
fb_05,B109915,13,1,MASc PG 40 blocks,sa,112,112,14,1
fb_06,B109340,13,1,MASc PG 40 blocks,sa,112,112,14,1
fb_06,B109915,13,1,MASc PG 40 blocks,sa,112,112,14,1
fb_06,B109915,13,1,MASc PG 40 blocks,sa,112,112,14,1
ld_01,B126589,13,1,MASc PG 40 blocks,sa,112,112,14,1
ld_01,B127158,13,1,MASc PG 40 blocks,sa,112,112,14,1
ld_02,B126589,13,1,MASc PG 40 blocks,sa,112,112,14,1
ld_02,B127158,13,1,MASc PG 40 blocks,sa,112,112,14,1
ld_03,B126589,13,1,MASc PG 40 blocks,sa,112,112,14,1
ld_03,B127158,13,1,MASc PG 40 blocks,sa,112,112,14,1
ld_04,B126589,13,1,MASc PG 40 blocks,sa,112,112,14,1
ld_04,B127158,13,1,MASc PG 40 blocks,sa,112,112,14,1
ld_05,B126589,13,1,MASc PG 40 blocks,sa,112,112,14,1
ld_05,B127158,13,1,MASc PG 40 blocks,sa,112,112,14,1
ld_06,B120266,13,1,MASc PG 40 blocks,sa,112,112,14,1
ld_06,B126589,13,1,MASc PG 40 blocks,sa,112,112,14,1
pr_01,B120266,13,1,MASc PG 40 blocks,sa,112,112,14,1
pr_01,B126589,13,1,MASc PG 40 blocks,sa,112,112,14,1
pr_01,B42891,13,1,MASc PG 40 blocks,sa,112,112,14,1
pr_02,B126589,13,1,MASc PG 40 blocks,sa,112,112,14,1
pr_02,B127158,13,1,MASc PG 40 blocks,sa,112,112,14,1
pr_02,B42891,13,1,MASc PG 40 blocks,sa,112,112,14,1
pr_03,B126589,13,1,MASc PG 40 blocks,sa,112,112,14,1
pr_03,B127158,13,1,MASc PG 40 blocks,sa,112,112,14,1
pr_03,B127158,13,1,MASc PG 40 blocks,sa,112,112,14,1
pr_04,B126589,13,1,MASc PG 40 blocks,sa,112,112,14,1
pr_04,B127158,13,1,MASc PG 40 blocks,sa,112,112,14,1
pr_05,B126589,13,1,MASc PG 40 blocks,sa,112,112,14,1
pr_05,B127158,13,1,MASc PG 40 blocks,sa,112,112,14,1
pr_06,B127158,13,1,MASc PG 40 blocks,sa,112,112,14,1
pr_06,B42891,13,1,MASc PG 40 blocks,sa,112,112,14,1
sk_01,B44010,13,1,MASc PG 40 blocks,sa,112,112,14,1
sk_01,B45231,13,1,MASc PG 40 blocks,sa,112,112,14,1
sk_01,B68233,13,1,MASc PG 40 blocks,sa,112,112,14,1
sk_02,B107189,13,1,MASc PG 40 blocks,sa,112,112,14,1
sk_02,B55424,13,1,MASc PG 40 blocks,sa,112,112,14,1
sk_02,B68233,13,1,MASc PG 40 blocks,sa,112,112,14,1
sk_03,B53160,13,1,MASc PG 40 blocks,sa,112,112,14,1
sk_03,B55424,13,1,MASc PG 40 blocks,sa,112,112,14,1
sk_03,B68233,13,1,MASc PG 40 blocks,sa,112,112,14,1
sk_04,B107189,13,1,MASc PG 40 blocks,sa,112,112,14,1
sk_04,B44010,13,1,MASc PG 40 blocks,sa,112,112,14,1
sk_04,B68233,13,1,MASc PG 40 blocks,sa,112,112,14,1
sk_05,B127158,13,1,MASc PG 40 blocks,sa,112,112,14,1
sk_05,B44010,13,1,MASc PG 40 blocks,sa,112,112,14,1
sk_05,B68233,13,1,MASc PG 40 blocks,sa,112,112,14,1
sk_06,B127158,13,1,MASc PG 40 blocks,sa,112,112,14,1
sk_06,B44010,13,1,MASc PG 40 blocks,sa,112,112,14,1
sk_06,B68233,13,1,MASc PG 40 blocks,sa,112,112,14,1
fb_01,B107189,14,1,MASc PG 40 blocks,sa,112,112,14,1
fb_01,B108060,14,1,MASc PG 40 blocks,sa,112,112,14,1
fb_01,B108124,14,1,MASc PG 40 blocks,sa,112,112,14,1
fb_02,B109915,14,1,MASc PG 40 blocks,sa,112,112,14,1
fb_02,B110288,14,1,MASc PG 40 blocks,sa,112,112,14,1
fb_02,B110471,14,1,MASc PG 40 blocks,sa,112,112,14,1
fb_03,B120266,14,1,MASc PG 40 blocks,sa,112,112,14,1
fb_03,B126413,14,1,MASc PG 40 blocks,sa,112,112,14,1
fb_03,B126589,14,1,MASc PG 40 blocks,sa,112,112,14,1
fb_04,B126589,14,1,MASc PG 40 blocks,sa,112,112,14,1
fb_04,B127158,14,1,MASc PG 40 blocks,sa,112,112,14,1
fb_04,B127158,14,1,MASc PG 40 blocks,sa,112,112,14,1
fb_05,B109915,14,1,MASc PG 40 blocks,sa,112,112,14,1
fb_05,B109915,14,1,MASc PG 40 blocks,sa,112,112,14,1
fb_05,B109915,14,1,MASc PG 40 blocks,sa,112,112,14,1
fb_06,B109340,14,1,MASc PG 40 blocks,sa,112,112,14,1
fb_06,B109915,14,1,MASc PG 40 blocks,sa,112,112,14,1
fb_06,B109915,14,1,MASc PG 40 blocks,sa,112,112,14,1
ld_01,B126589,14,1,MASc PG 40 blocks,sa,112,112,14,1
ld_01,B127158,14,1,MASc PG 40 blocks,sa,112,112,14,1
ld_02,B126589,14,1,MASc PG 40 blocks,sa,112,112,14,1
ld_02,B127158,14,1,MASc PG 40 blocks,sa,112,112,14,1
ld_03,B126589,14,1,MASc PG 40 blocks,sa,112,112,14,1
ld_03,B127158,14,1,MASc PG 40 blocks,sa,112,112,14,1
ld_04,B120266,14,1,MASc PG 40 blocks,sa,112,112,14,1
ld_04,B127158,14,1,MASc PG 40 blocks,sa,112,112,14,1
ld_05,B127158,14,1,MASc PG 40 blocks,sa,112,112,14,1
ld_05,B42891,14,1,MASc PG 40 blocks,sa,112,112,14,1
ld_06,B126589,14,1,MASc PG 40 blocks,sa,112,112,14,1
ld_06,B42891,14,1,MASc PG 40 blocks,sa,112,112,14,1
pr_01,B44010,14,1,MASc PG 40 blocks,sa,112,112,14,1
pr_01,B55424,14,1,MASc PG 40 blocks,sa,112,112,14,1
pr_01,B68233,14,1,MASc PG 40 blocks,sa,112,112,14,1
pr_02,B55424,14,1,MASc PG 40 blocks,sa,112,112,14,1
pr_02,B68233,14,1,MASc PG 40 blocks,sa,112,112,14,1
pr_02,B68233,14,1,MASc PG 40 blocks,sa,112,112,14,1
pr_03,B107189,14,1,MASc PG 40 blocks,sa,112,112,14,1
pr_03,B44010,14,1,MASc PG 40 blocks,sa,112,112,14,1
pr_03,B68233,14,1,MASc PG 40 blocks,sa,112,112,14,1
pr_04,B127158,14,1,MASc PG 40 blocks,sa,112,112,14,1
pr_04,B45231,14,1,MASc PG 40 blocks,sa,112,112,14,1
pr_05,B107189,14,1,MASc PG 40 blocks,sa,112,112,14,1
pr_05,B44010,14,1,MASc PG 40 blocks,sa,112,112,14,1
pr_06,B44010,14,1,MASc PG 40 blocks,sa,112,112,14,1
pr_06,B53160,14,1,MASc PG 40 blocks,sa,112,112,14,1
sk_01,B127158,14,1,MASc PG 40 blocks,sa,112,112,14,1
sk_01,B55424,14,1,MASc PG 40 blocks,sa,112,112,14,1
sk_01,B68233,14,1,MASc PG 40 blocks,sa,112,112,14,1
sk_02,B107189,14,1,MASc PG 40 blocks,sa,112,112,14,1
sk_02,B127158,14,1,MASc PG 40 blocks,sa,112,112,14,1
sk_02,B68233,14,1,MASc PG 40 blocks,sa,112,112,14,1
sk_03,B108339,14,1,MASc PG 40 blocks,sa,112,112,14,1
sk_03,B127158,14,1,MASc PG 40 blocks,sa,112,112,14,1
sk_03,B68233,14,1,MASc PG 40 blocks,sa,112,112,14,1
sk_04,B108339,14,1,MASc PG 40 blocks,sa,112,112,14,1
sk_04,B127158,14,1,MASc PG 40 blocks,sa,112,112,14,1
sk_04,B127158,14,1,MASc PG 40 blocks,sa,112,112,14,1
sk_05,B107189,14,1,MASc PG 40 blocks,sa,112,112,14,1
sk_05,B127158,14,1,MASc PG 40 blocks,sa,112,112,14,1
sk_05,B127158,14,1,MASc PG 40 blocks,sa,112,112,14,1
sk_06,B127158,14,1,MASc PG 40 blocks,sa,112,112,14,1
sk_06,B127158,14,1,MASc PG 40 blocks,sa,112,112,14,1
sk_06,B68233,14,1,MASc PG 40 blocks,sa,112,112,14,1
fb_01,B107189,15,1,MASc PG 40 blocks,sa,112,112,14,1
fb_01,B108060,15,1,MASc PG 40 blocks,sa,112,112,14,1
fb_01,B126589,15,1,MASc PG 40 blocks,sa,112,112,14,1
fb_02,B108124,15,1,MASc PG 40 blocks,sa,112,112,14,1
fb_02,B127158,15,1,MASc PG 40 blocks,sa,112,112,14,1
fb_02,B145584,15,1,MASc PG 40 blocks,sa,112,112,14,1
fb_03,B112038,15,1,MASc PG 40 blocks,sa,112,112,14,1
fb_03,B112990,15,1,MASc PG 40 blocks,sa,112,112,14,1
fb_03,B126589,15,1,MASc PG 40 blocks,sa,112,112,14,1
fb_04,B108339,15,1,MASc PG 40 blocks,sa,112,112,14,1
fb_04,B120266,15,1,MASc PG 40 blocks,sa,112,112,14,1
fb_04,B127158,15,1,MASc PG 40 blocks,sa,112,112,14,1
fb_05,B117387,15,1,MASc PG 40 blocks,sa,112,112,14,1
fb_05,B117387,15,1,MASc PG 40 blocks,sa,112,112,14,1
fb_05,B121154,15,1,MASc PG 40 blocks,sa,112,112,14,1
fb_06,B117387,15,1,MASc PG 40 blocks,sa,112,112,14,1
fb_06,B127158,15,1,MASc PG 40 blocks,sa,112,112,14,1
fb_06,B145584,15,1,MASc PG 40 blocks,sa,112,112,14,1
fb_01,B108339,16,1,MASc PG 40 blocks,sa,112,112,14,1
fb_01,B109340,16,1,MASc PG 40 blocks,sa,112,112,14,1
fb_01,B109517,16,1,MASc PG 40 blocks,sa,112,112,14,1
fb_02,B109340,16,1,MASc PG 40 blocks,sa,112,112,14,1
fb_02,B109915,16,1,MASc PG 40 blocks,sa,112,112,14,1
fb_02,B110288,16,1,MASc PG 40 blocks,sa,112,112,14,1
fb_03,B114477,16,1,MASc PG 40 blocks,sa,112,112,14,1
fb_03,B120266,16,1,MASc PG 40 blocks,sa,112,112,14,1
fb_03,B68233,16,1,MASc PG 40 blocks,sa,112,112,14,1
fb_04,B126589,16,1,MASc PG 40 blocks,sa,112,112,14,1
fb_04,B127158,16,1,MASc PG 40 blocks,sa,112,112,14,1
fb_04,B145584,16,1,MASc PG 40 blocks,sa,112,112,14,1
fb_05,B111480,16,1,MASc PG 40 blocks,sa,112,112,14,1
fb_05,B111480,16,1,MASc PG 40 blocks,sa,112,112,14,1
fb_05,B111867,16,1,MASc PG 40 blocks,sa,112,112,14,1
fb_06,B107189,16,1,MASc PG 40 blocks,sa,112,112,14,1
fb_06,B111480,16,1,MASc PG 40 blocks,sa,112,112,14,1
fb_06,B111480,16,1,MASc PG 40 blocks,sa,112,112,14,1
sk_01,B108060,16,1,MASc PG 40 blocks,sa,112,112,14,1
sk_01,B117387,16,1,MASc PG 40 blocks,sa,112,112,14,1
sk_01,B127158,16,1,MASc PG 40 blocks,sa,112,112,14,1
sk_02,B108124,16,1,MASc PG 40 blocks,sa,112,112,14,1
sk_02,B117387,16,1,MASc PG 40 blocks,sa,112,112,14,1
sk_02,B127158,16,1,MASc PG 40 blocks,sa,112,112,14,1
sk_03,B108124,16,1,MASc PG 40 blocks,sa,112,112,14,1
sk_03,B127158,16,1,MASc PG 40 blocks,sa,112,112,14,1
sk_03,B127158,16,1,MASc PG 40 blocks,sa,112,112,14,1
sk_04,B108339,16,1,MASc PG 40 blocks,sa,112,112,14,1
sk_04,B126589,16,1,MASc PG 40 blocks,sa,112,112,14,1
sk_04,B127158,16,1,MASc PG 40 blocks,sa,112,112,14,1
sk_05,B107189,16,1,MASc PG 40 blocks,sa,112,112,14,1
sk_05,B126589,16,1,MASc PG 40 blocks,sa,112,112,14,1
sk_05,B127158,16,1,MASc PG 40 blocks,sa,112,112,14,1
sk_06,B117387,16,1,MASc PG 40 blocks,sa,112,112,14,1
sk_06,B126589,16,1,MASc PG 40 blocks,sa,112,112,14,1
sk_06,B127158,16,1,MASc PG 40 blocks,sa,112,112,14,1
fb_01,B109915,17,1,MASc PG 40 blocks,sa,112,112,14,1
fb_01,B110288,17,1,MASc PG 40 blocks,sa,112,112,14,1
fb_01,B110471,17,1,MASc PG 40 blocks,sa,112,112,14,1
fb_02,B110471,17,1,MASc PG 40 blocks,sa,112,112,14,1
fb_02,B111410,17,1,MASc PG 40 blocks,sa,112,112,14,1
fb_02,B111480,17,1,MASc PG 40 blocks,sa,112,112,14,1
fb_03,B113324,17,1,MASc PG 40 blocks,sa,112,112,14,1
fb_03,B126589,17,1,MASc PG 40 blocks,sa,112,112,14,1
fb_03,B127158,17,1,MASc PG 40 blocks,sa,112,112,14,1
fb_04,B111480,17,1,MASc PG 40 blocks,sa,112,112,14,1
fb_04,B120266,17,1,MASc PG 40 blocks,sa,112,112,14,1
fb_04,B127158,17,1,MASc PG 40 blocks,sa,112,112,14,1
fb_05,B111480,17,1,MASc PG 40 blocks,sa,112,112,14,1
fb_05,B111480,17,1,MASc PG 40 blocks,sa,112,112,14,1
fb_05,B111480,17,1,MASc PG 40 blocks,sa,112,112,14,1
fb_06,B111480,17,1,MASc PG 40 blocks,sa,112,112,14,1
fb_06,B121154,17,1,MASc PG 40 blocks,sa,112,112,14,1
fb_06,B127158,17,1,MASc PG 40 blocks,sa,112,112,14,1
pr_01,B108124,17,1,MASc PG 40 blocks,sa,112,112,14,1
pr_01,B127158,17,1,MASc PG 40 blocks,sa,112,112,14,1
pr_02,B117387,17,1,MASc PG 40 blocks,sa,112,112,14,1
pr_02,B127158,17,1,MASc PG 40 blocks,sa,112,112,14,1
pr_03,B117387,17,1,MASc PG 40 blocks,sa,112,112,14,1
pr_03,B126589,17,1,MASc PG 40 blocks,sa,112,112,14,1
pr_04,B126589,17,1,MASc PG 40 blocks,sa,112,112,14,1
pr_04,B127158,17,1,MASc PG 40 blocks,sa,112,112,14,1
pr_05,B127158,17,1,MASc PG 40 blocks,sa,112,112,14,1
pr_05,B127158,17,1,MASc PG 40 blocks,sa,112,112,14,1
pr_06,B108060,17,1,MASc PG 40 blocks,sa,112,112,14,1
pr_06,B117387,17,1,MASc PG 40 blocks,sa,112,112,14,1
sk_01,B109517,17,1,MASc PG 40 blocks,sa,112,112,14,1
sk_01,B109915,17,1,MASc PG 40 blocks,sa,112,112,14,1
sk_01,B111867,17,1,MASc PG 40 blocks,sa,112,112,14,1
sk_02,B108339,17,1,MASc PG 40 blocks,sa,112,112,14,1
sk_02,B109915,17,1,MASc PG 40 blocks,sa,112,112,14,1
sk_02,B111867,17,1,MASc PG 40 blocks,sa,112,112,14,1
sk_03,B126589,17,1,MASc PG 40 blocks,sa,112,112,14,1
sk_03,B126589,17,1,MASc PG 40 blocks,sa,112,112,14,1
sk_03,B127158,17,1,MASc PG 40 blocks,sa,112,112,14,1
sk_04,B111867,17,1,MASc PG 40 blocks,sa,112,112,14,1
sk_04,B126589,17,1,MASc PG 40 blocks,sa,112,112,14,1
sk_04,B127158,17,1,MASc PG 40 blocks,sa,112,112,14,1
sk_05,B108339,17,1,MASc PG 40 blocks,sa,112,112,14,1
sk_05,B111867,17,1,MASc PG 40 blocks,sa,112,112,14,1
sk_05,B120266,17,1,MASc PG 40 blocks,sa,112,112,14,1
sk_06,B109915,17,1,MASc PG 40 blocks,sa,112,112,14,1
sk_06,B120266,17,1,MASc PG 40 blocks,sa,112,112,14,1
sk_06,B126589,17,1,MASc PG 40 blocks,sa,112,112,14,1
fb_01,B111410,18,1,MASc PG 40 blocks,sa,112,112,14,1
fb_01,B111480,18,1,MASc PG 40 blocks,sa,112,112,14,1
fb_01,B111480,18,1,MASc PG 40 blocks,sa,112,112,14,1
fb_02,B111480,18,1,MASc PG 40 blocks,sa,112,112,14,1
fb_02,B112038,18,1,MASc PG 40 blocks,sa,112,112,14,1
fb_02,B112990,18,1,MASc PG 40 blocks,sa,112,112,14,1
fb_03,B145584,18,1,MASc PG 40 blocks,sa,112,112,14,1
fb_03,B55424,18,1,MASc PG 40 blocks,sa,112,112,14,1
fb_03,B68233,18,1,MASc PG 40 blocks,sa,112,112,14,1
fb_04,B109915,18,1,MASc PG 40 blocks,sa,112,112,14,1
fb_04,B127158,18,1,MASc PG 40 blocks,sa,112,112,14,1
fb_04,B145584,18,1,MASc PG 40 blocks,sa,112,112,14,1
fb_05,B111480,18,1,MASc PG 40 blocks,sa,112,112,14,1
fb_05,B111480,18,1,MASc PG 40 blocks,sa,112,112,14,1
fb_05,B111480,18,1,MASc PG 40 blocks,sa,112,112,14,1
fb_06,B111480,18,1,MASc PG 40 blocks,sa,112,112,14,1
fb_06,B111867,18,1,MASc PG 40 blocks,sa,112,112,14,1
fb_06,B124193,18,1,MASc PG 40 blocks,sa,112,112,14,1
ld_01,B108124,18,1,MASc PG 40 blocks,sa,112,112,14,1
ld_01,B126589,18,1,MASc PG 40 blocks,sa,112,112,14,1
ld_02,B117387,18,1,MASc PG 40 blocks,sa,112,112,14,1
ld_02,B127158,18,1,MASc PG 40 blocks,sa,112,112,14,1
ld_03,B127158,18,1,MASc PG 40 blocks,sa,112,112,14,1
ld_04,B127158,18,1,MASc PG 40 blocks,sa,112,112,14,1
ld_05,B127158,18,1,MASc PG 40 blocks,sa,112,112,14,1
ld_06,B117387,18,1,MASc PG 40 blocks,sa,112,112,14,1
pr_01,B108339,18,1,MASc PG 40 blocks,sa,112,112,14,1
pr_01,B111867,18,1,MASc PG 40 blocks,sa,112,112,14,1
pr_02,B108339,18,1,MASc PG 40 blocks,sa,112,112,14,1
pr_02,B109915,18,1,MASc PG 40 blocks,sa,112,112,14,1
pr_03,B120266,18,1,MASc PG 40 blocks,sa,112,112,14,1
pr_03,B127158,18,1,MASc PG 40 blocks,sa,112,112,14,1
pr_04,B126589,18,1,MASc PG 40 blocks,sa,112,112,14,1
pr_05,B126589,18,1,MASc PG 40 blocks,sa,112,112,14,1
pr_06,B126589,18,1,MASc PG 40 blocks,sa,112,112,14,1
sk_01,B109915,18,1,MASc PG 40 blocks,sa,112,112,14,1
sk_01,B126589,18,1,MASc PG 40 blocks,sa,112,112,14,1
sk_01,B127158,18,1,MASc PG 40 blocks,sa,112,112,14,1
sk_02,B109915,18,1,MASc PG 40 blocks,sa,112,112,14,1
sk_02,B126589,18,1,MASc PG 40 blocks,sa,112,112,14,1
sk_02,B127158,18,1,MASc PG 40 blocks,sa,112,112,14,1
sk_03,B107189,18,1,MASc PG 40 blocks,sa,112,112,14,1
sk_03,B127158,18,1,MASc PG 40 blocks,sa,112,112,14,1
sk_03,B127158,18,1,MASc PG 40 blocks,sa,112,112,14,1
sk_04,B109915,18,1,MASc PG 40 blocks,sa,112,112,14,1
sk_04,B126589,18,1,MASc PG 40 blocks,sa,112,112,14,1
sk_04,B68233,18,1,MASc PG 40 blocks,sa,112,112,14,1
sk_05,B107189,18,1,MASc PG 40 blocks,sa,112,112,14,1
sk_05,B120266,18,1,MASc PG 40 blocks,sa,112,112,14,1
sk_05,B127158,18,1,MASc PG 40 blocks,sa,112,112,14,1
sk_06,B120266,18,1,MASc PG 40 blocks,sa,112,112,14,1
sk_06,B68233,18,1,MASc PG 40 blocks,sa,112,112,14,1
sk_06,B68233,18,1,MASc PG 40 blocks,sa,112,112,14,1
fb_01,B112038,19,1,MASc PG 40 blocks,sa,112,112,14,1
fb_01,B112990,19,1,MASc PG 40 blocks,sa,112,112,14,1
fb_01,B113324,19,1,MASc PG 40 blocks,sa,112,112,14,1
fb_02,B114477,19,1,MASc PG 40 blocks,sa,112,112,14,1
fb_02,B120266,19,1,MASc PG 40 blocks,sa,112,112,14,1
fb_02,B124193,19,1,MASc PG 40 blocks,sa,112,112,14,1
fb_03,B107189,19,1,MASc PG 40 blocks,sa,112,112,14,1
fb_03,B108339,19,1,MASc PG 40 blocks,sa,112,112,14,1
fb_03,B109915,19,1,MASc PG 40 blocks,sa,112,112,14,1
fb_04,B120266,19,1,MASc PG 40 blocks,sa,112,112,14,1
fb_04,B126589,19,1,MASc PG 40 blocks,sa,112,112,14,1
fb_04,B127158,19,1,MASc PG 40 blocks,sa,112,112,14,1
fb_05,B121455,19,1,MASc PG 40 blocks,sa,112,112,14,1
fb_05,B124193,19,1,MASc PG 40 blocks,sa,112,112,14,1
fb_05,B124193,19,1,MASc PG 40 blocks,sa,112,112,14,1
fb_06,B124193,19,1,MASc PG 40 blocks,sa,112,112,14,1
fb_06,B124193,19,1,MASc PG 40 blocks,sa,112,112,14,1
fb_06,B124193,19,1,MASc PG 40 blocks,sa,112,112,14,1
ld_01,B126589,19,1,MASc PG 40 blocks,sa,112,112,14,1
ld_02,B126589,19,1,MASc PG 40 blocks,sa,112,112,14,1
ld_03,B108339,19,1,MASc PG 40 blocks,sa,112,112,14,1
ld_04,B126589,19,1,MASc PG 40 blocks,sa,112,112,14,1
ld_05,B111867,19,1,MASc PG 40 blocks,sa,112,112,14,1
ld_06,B109915,19,1,MASc PG 40 blocks,sa,112,112,14,1
pr_01,B109915,19,1,MASc PG 40 blocks,sa,112,112,14,1
pr_01,B109915,19,1,MASc PG 40 blocks,sa,112,112,14,1
pr_02,B120266,19,1,MASc PG 40 blocks,sa,112,112,14,1
pr_02,B127158,19,1,MASc PG 40 blocks,sa,112,112,14,1
pr_03,B126589,19,1,MASc PG 40 blocks,sa,112,112,14,1
pr_03,B127158,19,1,MASc PG 40 blocks,sa,112,112,14,1
pr_04,B126589,19,1,MASc PG 40 blocks,sa,112,112,14,1
pr_04,B127158,19,1,MASc PG 40 blocks,sa,112,112,14,1
pr_05,B107189,19,1,MASc PG 40 blocks,sa,112,112,14,1
pr_05,B68233,19,1,MASc PG 40 blocks,sa,112,112,14,1
pr_06,B107189,19,1,MASc PG 40 blocks,sa,112,112,14,1
pr_06,B127158,19,1,MASc PG 40 blocks,sa,112,112,14,1
sk_01,B120266,19,1,MASc PG 40 blocks,sa,112,112,14,1
sk_01,B127158,19,1,MASc PG 40 blocks,sa,112,112,14,1
sk_01,B55424,19,1,MASc PG 40 blocks,sa,112,112,14,1
sk_02,B109915,19,1,MASc PG 40 blocks,sa,112,112,14,1
sk_02,B109915,19,1,MASc PG 40 blocks,sa,112,112,14,1
sk_02,B120266,19,1,MASc PG 40 blocks,sa,112,112,14,1
sk_03,B109915,19,1,MASc PG 40 blocks,sa,112,112,14,1
sk_03,B110288,19,1,MASc PG 40 blocks,sa,112,112,14,1
sk_03,B68233,19,1,MASc PG 40 blocks,sa,112,112,14,1
sk_04,B110288,19,1,MASc PG 40 blocks,sa,112,112,14,1
sk_04,B68233,19,1,MASc PG 40 blocks,sa,112,112,14,1
sk_04,B68233,19,1,MASc PG 40 blocks,sa,112,112,14,1
sk_05,B109915,19,1,MASc PG 40 blocks,sa,112,112,14,1
sk_05,B111867,19,1,MASc PG 40 blocks,sa,112,112,14,1
sk_05,B120266,19,1,MASc PG 40 blocks,sa,112,112,14,1
sk_06,B111867,19,1,MASc PG 40 blocks,sa,112,112,14,1
sk_06,B127158,19,1,MASc PG 40 blocks,sa,112,112,14,1
sk_06,B127158,19,1,MASc PG 40 blocks,sa,112,112,14,1
fb_01,B114477,20,1,MASc PG 40 blocks,sa,112,112,14,1
fb_01,B114861,20,1,MASc PG 40 blocks,sa,112,112,14,1
fb_01,B120266,20,1,MASc PG 40 blocks,sa,112,112,14,1
fb_02,B121928,20,1,MASc PG 40 blocks,sa,112,112,14,1
fb_02,B126413,20,1,MASc PG 40 blocks,sa,112,112,14,1
fb_02,B126492,20,1,MASc PG 40 blocks,sa,112,112,14,1
fb_03,B110288,20,1,MASc PG 40 blocks,sa,112,112,14,1
fb_03,B110471,20,1,MASc PG 40 blocks,sa,112,112,14,1
fb_03,B112038,20,1,MASc PG 40 blocks,sa,112,112,14,1
fb_04,B109915,20,1,MASc PG 40 blocks,sa,112,112,14,1
fb_04,B120266,20,1,MASc PG 40 blocks,sa,112,112,14,1
fb_04,B145584,20,1,MASc PG 40 blocks,sa,112,112,14,1
fb_05,B124193,20,1,MASc PG 40 blocks,sa,112,112,14,1
fb_05,B129183,20,1,MASc PG 40 blocks,sa,112,112,14,1
fb_05,B129183,20,1,MASc PG 40 blocks,sa,112,112,14,1
fb_06,B129183,20,1,MASc PG 40 blocks,sa,112,112,14,1
fb_06,B129183,20,1,MASc PG 40 blocks,sa,112,112,14,1
fb_06,B129183,20,1,MASc PG 40 blocks,sa,112,112,14,1
ld_01,B109915,20,1,MASc PG 40 blocks,sa,112,112,14,1
ld_01,B127158,20,1,MASc PG 40 blocks,sa,112,112,14,1
ld_02,B120266,20,1,MASc PG 40 blocks,sa,112,112,14,1
ld_02,B126589,20,1,MASc PG 40 blocks,sa,112,112,14,1
ld_03,B127158,20,1,MASc PG 40 blocks,sa,112,112,14,1
ld_03,B68233,20,1,MASc PG 40 blocks,sa,112,112,14,1
ld_04,B107189,20,1,MASc PG 40 blocks,sa,112,112,14,1
ld_04,B127158,20,1,MASc PG 40 blocks,sa,112,112,14,1
ld_05,B127158,20,1,MASc PG 40 blocks,sa,112,112,14,1
ld_06,B109915,20,1,MASc PG 40 blocks,sa,112,112,14,1
pr_01,B120266,20,1,MASc PG 40 blocks,sa,112,112,14,1
pr_01,B68233,20,1,MASc PG 40 blocks,sa,112,112,14,1
pr_02,B109915,20,1,MASc PG 40 blocks,sa,112,112,14,1
pr_02,B127158,20,1,MASc PG 40 blocks,sa,112,112,14,1
pr_03,B109915,20,1,MASc PG 40 blocks,sa,112,112,14,1
pr_03,B110288,20,1,MASc PG 40 blocks,sa,112,112,14,1
pr_04,B120266,20,1,MASc PG 40 blocks,sa,112,112,14,1
pr_04,B55424,20,1,MASc PG 40 blocks,sa,112,112,14,1
pr_05,B111867,20,1,MASc PG 40 blocks,sa,112,112,14,1
pr_05,B127158,20,1,MASc PG 40 blocks,sa,112,112,14,1
pr_06,B68233,20,1,MASc PG 40 blocks,sa,112,112,14,1
sk_01,B108339,20,1,MASc PG 40 blocks,sa,112,112,14,1
sk_01,B109915,20,1,MASc PG 40 blocks,sa,112,112,14,1
sk_01,B121154,20,1,MASc PG 40 blocks,sa,112,112,14,1
sk_02,B109915,20,1,MASc PG 40 blocks,sa,112,112,14,1
sk_02,B111867,20,1,MASc PG 40 blocks,sa,112,112,14,1
sk_02,B126589,20,1,MASc PG 40 blocks,sa,112,112,14,1
sk_03,B109915,20,1,MASc PG 40 blocks,sa,112,112,14,1
sk_03,B111867,20,1,MASc PG 40 blocks,sa,112,112,14,1
sk_03,B126589,20,1,MASc PG 40 blocks,sa,112,112,14,1
sk_04,B107189,20,1,MASc PG 40 blocks,sa,112,112,14,1
sk_04,B108339,20,1,MASc PG 40 blocks,sa,112,112,14,1
sk_04,B127158,20,1,MASc PG 40 blocks,sa,112,112,14,1
sk_05,B111867,20,1,MASc PG 40 blocks,sa,112,112,14,1
sk_05,B120266,20,1,MASc PG 40 blocks,sa,112,112,14,1
sk_05,B127158,20,1,MASc PG 40 blocks,sa,112,112,14,1
sk_06,B107189,20,1,MASc PG 40 blocks,sa,112,112,14,1
sk_06,B126589,20,1,MASc PG 40 blocks,sa,112,112,14,1
sk_06,B127158,20,1,MASc PG 40 blocks,sa,112,112,14,1
fb_01,B121455,21,1,MASc PG 40 blocks,sa,112,112,14,1
fb_01,B121928,21,1,MASc PG 40 blocks,sa,112,112,14,1
fb_01,B127158,21,1,MASc PG 40 blocks,sa,112,112,14,1
fb_02,B126589,21,1,MASc PG 40 blocks,sa,112,112,14,1
fb_02,B126869,21,1,MASc PG 40 blocks,sa,112,112,14,1
fb_02,B127158,21,1,MASc PG 40 blocks,sa,112,112,14,1
fb_03,B112990,21,1,MASc PG 40 blocks,sa,112,112,14,1
fb_03,B113324,21,1,MASc PG 40 blocks,sa,112,112,14,1
fb_03,B114477,21,1,MASc PG 40 blocks,sa,112,112,14,1
fb_04,B126589,21,1,MASc PG 40 blocks,sa,112,112,14,1
fb_04,B127158,21,1,MASc PG 40 blocks,sa,112,112,14,1
fb_04,B145584,21,1,MASc PG 40 blocks,sa,112,112,14,1
fb_05,B109340,21,1,MASc PG 40 blocks,sa,112,112,14,1
fb_05,B109340,21,1,MASc PG 40 blocks,sa,112,112,14,1
fb_05,B112990,21,1,MASc PG 40 blocks,sa,112,112,14,1
fb_06,B109340,21,1,MASc PG 40 blocks,sa,112,112,14,1
fb_06,B109340,21,1,MASc PG 40 blocks,sa,112,112,14,1
fb_06,B109340,21,1,MASc PG 40 blocks,sa,112,112,14,1
ld_01,B110288,21,1,MASc PG 40 blocks,sa,112,112,14,1
ld_01,B127158,21,1,MASc PG 40 blocks,sa,112,112,14,1
ld_02,B109915,21,1,MASc PG 40 blocks,sa,112,112,14,1
ld_02,B68233,21,1,MASc PG 40 blocks,sa,112,112,14,1
ld_03,B109915,21,1,MASc PG 40 blocks,sa,112,112,14,1
ld_03,B111867,21,1,MASc PG 40 blocks,sa,112,112,14,1
ld_04,B111867,21,1,MASc PG 40 blocks,sa,112,112,14,1
ld_04,B68233,21,1,MASc PG 40 blocks,sa,112,112,14,1
ld_05,B120266,21,1,MASc PG 40 blocks,sa,112,112,14,1
ld_06,B120266,21,1,MASc PG 40 blocks,sa,112,112,14,1
pr_01,B120266,21,1,MASc PG 40 blocks,sa,112,112,14,1
pr_01,B126589,21,1,MASc PG 40 blocks,sa,112,112,14,1
pr_01,B127158,21,1,MASc PG 40 blocks,sa,112,112,14,1
pr_02,B107189,21,1,MASc PG 40 blocks,sa,112,112,14,1
pr_02,B111867,21,1,MASc PG 40 blocks,sa,112,112,14,1
pr_03,B107189,21,1,MASc PG 40 blocks,sa,112,112,14,1
pr_03,B111867,21,1,MASc PG 40 blocks,sa,112,112,14,1
pr_04,B108339,21,1,MASc PG 40 blocks,sa,112,112,14,1
pr_04,B109915,21,1,MASc PG 40 blocks,sa,112,112,14,1
pr_05,B108339,21,1,MASc PG 40 blocks,sa,112,112,14,1
pr_05,B109915,21,1,MASc PG 40 blocks,sa,112,112,14,1
pr_06,B126589,21,1,MASc PG 40 blocks,sa,112,112,14,1
pr_06,B127158,21,1,MASc PG 40 blocks,sa,112,112,14,1
sk_01,B110288,21,1,MASc PG 40 blocks,sa,112,112,14,1
sk_01,B114861,21,1,MASc PG 40 blocks,sa,112,112,14,1
sk_01,B120266,21,1,MASc PG 40 blocks,sa,112,112,14,1
sk_02,B109915,21,1,MASc PG 40 blocks,sa,112,112,14,1
sk_02,B110288,21,1,MASc PG 40 blocks,sa,112,112,14,1
sk_02,B120266,21,1,MASc PG 40 blocks,sa,112,112,14,1
sk_03,B109915,21,1,MASc PG 40 blocks,sa,112,112,14,1
sk_03,B114861,21,1,MASc PG 40 blocks,sa,112,112,14,1
sk_03,B120266,21,1,MASc PG 40 blocks,sa,112,112,14,1
sk_04,B109915,21,1,MASc PG 40 blocks,sa,112,112,14,1
sk_04,B109915,21,1,MASc PG 40 blocks,sa,112,112,14,1
sk_04,B120266,21,1,MASc PG 40 blocks,sa,112,112,14,1
sk_05,B109915,21,1,MASc PG 40 blocks,sa,112,112,14,1
sk_05,B109915,21,1,MASc PG 40 blocks,sa,112,112,14,1
sk_05,B127158,21,1,MASc PG 40 blocks,sa,112,112,14,1
sk_06,B110288,21,1,MASc PG 40 blocks,sa,112,112,14,1
sk_06,B120266,21,1,MASc PG 40 blocks,sa,112,112,14,1
sk_06,B127158,21,1,MASc PG 40 blocks,sa,112,112,14,1
fb_01,B120266,22,1,MASc PG 40 blocks,sa,112,112,14,1
fb_01,B123357,22,1,MASc PG 40 blocks,sa,112,112,14,1
fb_01,B124453,22,1,MASc PG 40 blocks,sa,112,112,14,1
fb_02,B145584,22,1,MASc PG 40 blocks,sa,112,112,14,1
fb_02,B42891,22,1,MASc PG 40 blocks,sa,112,112,14,1
fb_02,B44010,22,1,MASc PG 40 blocks,sa,112,112,14,1
fb_03,B120266,22,1,MASc PG 40 blocks,sa,112,112,14,1
fb_03,B126413,22,1,MASc PG 40 blocks,sa,112,112,14,1
fb_03,B126589,22,1,MASc PG 40 blocks,sa,112,112,14,1
fb_04,B109915,22,1,MASc PG 40 blocks,sa,112,112,14,1
fb_04,B120266,22,1,MASc PG 40 blocks,sa,112,112,14,1
fb_04,B126589,22,1,MASc PG 40 blocks,sa,112,112,14,1
fb_05,B109340,22,1,MASc PG 40 blocks,sa,112,112,14,1
fb_05,B109340,22,1,MASc PG 40 blocks,sa,112,112,14,1
fb_05,B109340,22,1,MASc PG 40 blocks,sa,112,112,14,1
fb_06,B109340,22,1,MASc PG 40 blocks,sa,112,112,14,1
fb_06,B109340,22,1,MASc PG 40 blocks,sa,112,112,14,1
fb_06,B109340,22,1,MASc PG 40 blocks,sa,112,112,14,1
ld_01,B111867,22,1,MASc PG 40 blocks,sa,112,112,14,1
ld_01,B120266,22,1,MASc PG 40 blocks,sa,112,112,14,1
ld_01,B127158,22,1,MASc PG 40 blocks,sa,112,112,14,1
ld_02,B108339,22,1,MASc PG 40 blocks,sa,112,112,14,1
ld_02,B111867,22,1,MASc PG 40 blocks,sa,112,112,14,1
ld_02,B127158,22,1,MASc PG 40 blocks,sa,112,112,14,1
ld_03,B107189,22,1,MASc PG 40 blocks,sa,112,112,14,1
ld_03,B126589,22,1,MASc PG 40 blocks,sa,112,112,14,1
ld_04,B107189,22,1,MASc PG 40 blocks,sa,112,112,14,1
ld_04,B126589,22,1,MASc PG 40 blocks,sa,112,112,14,1
ld_05,B109915,22,1,MASc PG 40 blocks,sa,112,112,14,1
ld_05,B111867,22,1,MASc PG 40 blocks,sa,112,112,14,1
ld_06,B109915,22,1,MASc PG 40 blocks,sa,112,112,14,1
ld_06,B111867,22,1,MASc PG 40 blocks,sa,112,112,14,1
pr_01,B110288,22,1,MASc PG 40 blocks,sa,112,112,14,1
pr_01,B120266,22,1,MASc PG 40 blocks,sa,112,112,14,1
pr_02,B109915,22,1,MASc PG 40 blocks,sa,112,112,14,1
pr_02,B127158,22,1,MASc PG 40 blocks,sa,112,112,14,1
pr_03,B109915,22,1,MASc PG 40 blocks,sa,112,112,14,1
pr_03,B114861,22,1,MASc PG 40 blocks,sa,112,112,14,1
pr_04,B120266,22,1,MASc PG 40 blocks,sa,112,112,14,1
pr_04,B127158,22,1,MASc PG 40 blocks,sa,112,112,14,1
pr_05,B109915,22,1,MASc PG 40 blocks,sa,112,112,14,1
pr_06,B120266,22,1,MASc PG 40 blocks,sa,112,112,14,1
sk_01,B126589,22,1,MASc PG 40 blocks,sa,112,112,14,1
sk_01,B127158,22,1,MASc PG 40 blocks,sa,112,112,14,1
sk_01,B145584,22,1,MASc PG 40 blocks,sa,112,112,14,1
sk_02,B126589,22,1,MASc PG 40 blocks,sa,112,112,14,1
sk_02,B126589,22,1,MASc PG 40 blocks,sa,112,112,14,1
sk_02,B145584,22,1,MASc PG 40 blocks,sa,112,112,14,1
sk_03,B110288,22,1,MASc PG 40 blocks,sa,112,112,14,1
sk_03,B127158,22,1,MASc PG 40 blocks,sa,112,112,14,1
sk_03,B127158,22,1,MASc PG 40 blocks,sa,112,112,14,1
sk_04,B110288,22,1,MASc PG 40 blocks,sa,112,112,14,1
sk_04,B127158,22,1,MASc PG 40 blocks,sa,112,112,14,1
sk_04,B127158,22,1,MASc PG 40 blocks,sa,112,112,14,1
sk_05,B126589,22,1,MASc PG 40 blocks,sa,112,112,14,1
sk_05,B127158,22,1,MASc PG 40 blocks,sa,112,112,14,1
sk_05,B127158,22,1,MASc PG 40 blocks,sa,112,112,14,1
sk_06,B126589,22,1,MASc PG 40 blocks,sa,112,112,14,1
sk_06,B127158,22,1,MASc PG 40 blocks,sa,112,112,14,1
sk_06,B145584,22,1,MASc PG 40 blocks,sa,112,112,14,1
fb_01,B124540,23,1,MASc PG 40 blocks,sa,112,112,14,1
fb_01,B126413,23,1,MASc PG 40 blocks,sa,112,112,14,1
fb_01,B126492,23,1,MASc PG 40 blocks,sa,112,112,14,1
fb_02,B107189,23,1,MASc PG 40 blocks,sa,112,112,14,1
fb_02,B126589,23,1,MASc PG 40 blocks,sa,112,112,14,1
fb_02,B55424,23,1,MASc PG 40 blocks,sa,112,112,14,1
fb_03,B126869,23,1,MASc PG 40 blocks,sa,112,112,14,1
fb_03,B127158,23,1,MASc PG 40 blocks,sa,112,112,14,1
fb_03,B145584,23,1,MASc PG 40 blocks,sa,112,112,14,1
fb_04,B107189,23,1,MASc PG 40 blocks,sa,112,112,14,1
fb_04,B109915,23,1,MASc PG 40 blocks,sa,112,112,14,1
fb_04,B145584,23,1,MASc PG 40 blocks,sa,112,112,14,1
fb_05,B109340,23,1,MASc PG 40 blocks,sa,112,112,14,1
fb_05,B109340,23,1,MASc PG 40 blocks,sa,112,112,14,1
fb_05,B109340,23,1,MASc PG 40 blocks,sa,112,112,14,1
fb_06,B109340,23,1,MASc PG 40 blocks,sa,112,112,14,1
fb_06,B109340,23,1,MASc PG 40 blocks,sa,112,112,14,1
fb_06,B109915,23,1,MASc PG 40 blocks,sa,112,112,14,1
ld_01,B120266,23,1,MASc PG 40 blocks,sa,112,112,14,1
ld_01,B127158,23,1,MASc PG 40 blocks,sa,112,112,14,1
ld_02,B110288,23,1,MASc PG 40 blocks,sa,112,112,14,1
ld_02,B127158,23,1,MASc PG 40 blocks,sa,112,112,14,1
ld_03,B109915,23,1,MASc PG 40 blocks,sa,112,112,14,1
ld_03,B109915,23,1,MASc PG 40 blocks,sa,112,112,14,1
ld_04,B109915,23,1,MASc PG 40 blocks,sa,112,112,14,1
ld_04,B120266,23,1,MASc PG 40 blocks,sa,112,112,14,1
ld_05,B120266,23,1,MASc PG 40 blocks,sa,112,112,14,1
ld_06,B109915,23,1,MASc PG 40 blocks,sa,112,112,14,1
pr_01,B127158,23,1,MASc PG 40 blocks,sa,112,112,14,1
pr_01,B127158,23,1,MASc PG 40 blocks,sa,112,112,14,1
pr_01,B145584,23,1,MASc PG 40 blocks,sa,112,112,14,1
pr_02,B126589,23,1,MASc PG 40 blocks,sa,112,112,14,1
pr_02,B145584,23,1,MASc PG 40 blocks,sa,112,112,14,1
pr_03,B110288,23,1,MASc PG 40 blocks,sa,112,112,14,1
pr_03,B127158,23,1,MASc PG 40 blocks,sa,112,112,14,1
pr_04,B126589,23,1,MASc PG 40 blocks,sa,112,112,14,1
pr_04,B127158,23,1,MASc PG 40 blocks,sa,112,112,14,1
pr_05,B126589,23,1,MASc PG 40 blocks,sa,112,112,14,1
pr_05,B127158,23,1,MASc PG 40 blocks,sa,112,112,14,1
pr_06,B126589,23,1,MASc PG 40 blocks,sa,112,112,14,1
pr_06,B127158,23,1,MASc PG 40 blocks,sa,112,112,14,1
sk_01,B120266,23,1,MASc PG 40 blocks,sa,112,112,14,1
sk_01,B126589,23,1,MASc PG 40 blocks,sa,112,112,14,1
sk_01,B42891,23,1,MASc PG 40 blocks,sa,112,112,14,1
sk_02,B109915,23,1,MASc PG 40 blocks,sa,112,112,14,1
sk_02,B120266,23,1,MASc PG 40 blocks,sa,112,112,14,1
sk_02,B126589,23,1,MASc PG 40 blocks,sa,112,112,14,1
sk_03,B109915,23,1,MASc PG 40 blocks,sa,112,112,14,1
sk_03,B109915,23,1,MASc PG 40 blocks,sa,112,112,14,1
sk_03,B126589,23,1,MASc PG 40 blocks,sa,112,112,14,1
sk_04,B109915,23,1,MASc PG 40 blocks,sa,112,112,14,1
sk_04,B126589,23,1,MASc PG 40 blocks,sa,112,112,14,1
sk_04,B145584,23,1,MASc PG 40 blocks,sa,112,112,14,1
sk_05,B120266,23,1,MASc PG 40 blocks,sa,112,112,14,1
sk_05,B126589,23,1,MASc PG 40 blocks,sa,112,112,14,1
sk_05,B44010,23,1,MASc PG 40 blocks,sa,112,112,14,1
sk_06,B120266,23,1,MASc PG 40 blocks,sa,112,112,14,1
sk_06,B120266,23,1,MASc PG 40 blocks,sa,112,112,14,1
sk_06,B126589,23,1,MASc PG 40 blocks,sa,112,112,14,1
fb_01,B108124,24,1,MASc PG 40 blocks,sa,112,112,14,1
fb_01,B126589,24,1,MASc PG 40 blocks,sa,112,112,14,1
fb_01,B127158,24,1,MASc PG 40 blocks,sa,112,112,14,1
fb_02,B108060,24,1,MASc PG 40 blocks,sa,112,112,14,1
fb_02,B108339,24,1,MASc PG 40 blocks,sa,112,112,14,1
fb_02,B126869,24,1,MASc PG 40 blocks,sa,112,112,14,1
fb_03,B107189,24,1,MASc PG 40 blocks,sa,112,112,14,1
fb_03,B55424,24,1,MASc PG 40 blocks,sa,112,112,14,1
fb_03,B68233,24,1,MASc PG 40 blocks,sa,112,112,14,1
fb_04,B120266,24,1,MASc PG 40 blocks,sa,112,112,14,1
fb_04,B126589,24,1,MASc PG 40 blocks,sa,112,112,14,1
fb_04,B127158,24,1,MASc PG 40 blocks,sa,112,112,14,1
fb_05,B121455,24,1,MASc PG 40 blocks,sa,112,112,14,1
fb_05,B124453,24,1,MASc PG 40 blocks,sa,112,112,14,1
fb_05,B124453,24,1,MASc PG 40 blocks,sa,112,112,14,1
fb_06,B121455,24,1,MASc PG 40 blocks,sa,112,112,14,1
fb_06,B124453,24,1,MASc PG 40 blocks,sa,112,112,14,1
fb_06,B124453,24,1,MASc PG 40 blocks,sa,112,112,14,1
ld_01,B126589,24,1,MASc PG 40 blocks,sa,112,112,14,1
ld_01,B127158,24,1,MASc PG 40 blocks,sa,112,112,14,1
ld_02,B110288,24,1,MASc PG 40 blocks,sa,112,112,14,1
ld_02,B127158,24,1,MASc PG 40 blocks,sa,112,112,14,1
ld_03,B127158,24,1,MASc PG 40 blocks,sa,112,112,14,1
ld_03,B145584,24,1,MASc PG 40 blocks,sa,112,112,14,1
ld_04,B126589,24,1,MASc PG 40 blocks,sa,112,112,14,1
ld_04,B127158,24,1,MASc PG 40 blocks,sa,112,112,14,1
ld_05,B127158,24,1,MASc PG 40 blocks,sa,112,112,14,1
ld_06,B126589,24,1,MASc PG 40 blocks,sa,112,112,14,1
pr_01,B109915,24,1,MASc PG 40 blocks,sa,112,112,14,1
pr_01,B126589,24,1,MASc PG 40 blocks,sa,112,112,14,1
pr_02,B109915,24,1,MASc PG 40 blocks,sa,112,112,14,1
pr_02,B126589,24,1,MASc PG 40 blocks,sa,112,112,14,1
pr_03,B126589,24,1,MASc PG 40 blocks,sa,112,112,14,1
pr_03,B44010,24,1,MASc PG 40 blocks,sa,112,112,14,1
pr_04,B120266,24,1,MASc PG 40 blocks,sa,112,112,14,1
pr_04,B126589,24,1,MASc PG 40 blocks,sa,112,112,14,1
pr_05,B120266,24,1,MASc PG 40 blocks,sa,112,112,14,1
pr_05,B42891,24,1,MASc PG 40 blocks,sa,112,112,14,1
pr_06,B120266,24,1,MASc PG 40 blocks,sa,112,112,14,1
sk_01,B107189,24,1,MASc PG 40 blocks,sa,112,112,14,1
sk_01,B109915,24,1,MASc PG 40 blocks,sa,112,112,14,1
sk_01,B55424,24,1,MASc PG 40 blocks,sa,112,112,14,1
sk_02,B109915,24,1,MASc PG 40 blocks,sa,112,112,14,1
sk_02,B109915,24,1,MASc PG 40 blocks,sa,112,112,14,1
sk_02,B109915,24,1,MASc PG 40 blocks,sa,112,112,14,1
sk_03,B120266,24,1,MASc PG 40 blocks,sa,112,112,14,1
sk_03,B126589,24,1,MASc PG 40 blocks,sa,112,112,14,1
sk_03,B127158,24,1,MASc PG 40 blocks,sa,112,112,14,1
sk_04,B110288,24,1,MASc PG 40 blocks,sa,112,112,14,1
sk_04,B127158,24,1,MASc PG 40 blocks,sa,112,112,14,1
sk_04,B127158,24,1,MASc PG 40 blocks,sa,112,112,14,1
sk_05,B107189,24,1,MASc PG 40 blocks,sa,112,112,14,1
sk_05,B145584,24,1,MASc PG 40 blocks,sa,112,112,14,1
sk_05,B55424,24,1,MASc PG 40 blocks,sa,112,112,14,1
sk_06,B107189,24,1,MASc PG 40 blocks,sa,112,112,14,1
sk_06,B109915,24,1,MASc PG 40 blocks,sa,112,112,14,1
sk_06,B145584,24,1,MASc PG 40 blocks,sa,112,112,14,1
fb_01,B112038,25,1,MASc PG 40 blocks,sa,112,112,14,1
fb_01,B145584,25,1,MASc PG 40 blocks,sa,112,112,14,1
fb_01,B42891,25,1,MASc PG 40 blocks,sa,112,112,14,1
fb_02,B109915,25,1,MASc PG 40 blocks,sa,112,112,14,1
fb_02,B110288,25,1,MASc PG 40 blocks,sa,112,112,14,1
fb_02,B121455,25,1,MASc PG 40 blocks,sa,112,112,14,1
fb_03,B109915,25,1,MASc PG 40 blocks,sa,112,112,14,1
fb_03,B110288,25,1,MASc PG 40 blocks,sa,112,112,14,1
fb_03,B110471,25,1,MASc PG 40 blocks,sa,112,112,14,1
fb_04,B109915,25,1,MASc PG 40 blocks,sa,112,112,14,1
fb_04,B120266,25,1,MASc PG 40 blocks,sa,112,112,14,1
fb_04,B145584,25,1,MASc PG 40 blocks,sa,112,112,14,1
fb_05,B109340,25,1,MASc PG 40 blocks,sa,112,112,14,1
fb_05,B121455,25,1,MASc PG 40 blocks,sa,112,112,14,1
fb_05,B121455,25,1,MASc PG 40 blocks,sa,112,112,14,1
fb_06,B109340,25,1,MASc PG 40 blocks,sa,112,112,14,1
fb_06,B109915,25,1,MASc PG 40 blocks,sa,112,112,14,1
fb_06,B121455,25,1,MASc PG 40 blocks,sa,112,112,14,1
ld_01,B109915,25,1,MASc PG 40 blocks,sa,112,112,14,1
ld_01,B126589,25,1,MASc PG 40 blocks,sa,112,112,14,1
ld_02,B120266,25,1,MASc PG 40 blocks,sa,112,112,14,1
ld_02,B126589,25,1,MASc PG 40 blocks,sa,112,112,14,1
ld_03,B120266,25,1,MASc PG 40 blocks,sa,112,112,14,1
ld_03,B126589,25,1,MASc PG 40 blocks,sa,112,112,14,1
ld_04,B126589,25,1,MASc PG 40 blocks,sa,112,112,14,1
ld_05,B109915,25,1,MASc PG 40 blocks,sa,112,112,14,1
ld_06,B120266,25,1,MASc PG 40 blocks,sa,112,112,14,1
pr_01,B107189,25,1,MASc PG 40 blocks,sa,112,112,14,1
pr_01,B109915,25,1,MASc PG 40 blocks,sa,112,112,14,1
pr_01,B126589,25,1,MASc PG 40 blocks,sa,112,112,14,1
pr_02,B110288,25,1,MASc PG 40 blocks,sa,112,112,14,1
pr_02,B120266,25,1,MASc PG 40 blocks,sa,112,112,14,1
pr_02,B55424,25,1,MASc PG 40 blocks,sa,112,112,14,1
pr_03,B107189,25,1,MASc PG 40 blocks,sa,112,112,14,1
pr_03,B145584,25,1,MASc PG 40 blocks,sa,112,112,14,1
pr_04,B109915,25,1,MASc PG 40 blocks,sa,112,112,14,1
pr_04,B145584,25,1,MASc PG 40 blocks,sa,112,112,14,1
pr_05,B109915,25,1,MASc PG 40 blocks,sa,112,112,14,1
pr_05,B55424,25,1,MASc PG 40 blocks,sa,112,112,14,1
pr_06,B127158,25,1,MASc PG 40 blocks,sa,112,112,14,1
pr_06,B127158,25,1,MASc PG 40 blocks,sa,112,112,14,1
sk_01,B108060,25,1,MASc PG 40 blocks,sa,112,112,14,1
sk_01,B108339,25,1,MASc PG 40 blocks,sa,112,112,14,1
sk_01,B68233,25,1,MASc PG 40 blocks,sa,112,112,14,1
sk_02,B108124,25,1,MASc PG 40 blocks,sa,112,112,14,1
sk_02,B126589,25,1,MASc PG 40 blocks,sa,112,112,14,1
sk_02,B68233,25,1,MASc PG 40 blocks,sa,112,112,14,1
sk_03,B126589,25,1,MASc PG 40 blocks,sa,112,112,14,1
sk_03,B126589,25,1,MASc PG 40 blocks,sa,112,112,14,1
sk_03,B127158,25,1,MASc PG 40 blocks,sa,112,112,14,1
sk_04,B126589,25,1,MASc PG 40 blocks,sa,112,112,14,1
sk_04,B126589,25,1,MASc PG 40 blocks,sa,112,112,14,1
sk_04,B127158,25,1,MASc PG 40 blocks,sa,112,112,14,1
sk_05,B108060,25,1,MASc PG 40 blocks,sa,112,112,14,1
sk_05,B108124,25,1,MASc PG 40 blocks,sa,112,112,14,1
sk_05,B108339,25,1,MASc PG 40 blocks,sa,112,112,14,1
sk_06,B107189,25,1,MASc PG 40 blocks,sa,112,112,14,1
sk_06,B107189,25,1,MASc PG 40 blocks,sa,112,112,14,1
sk_06,B55424,25,1,MASc PG 40 blocks,sa,112,112,14,1
fb_01,B44010,26,1,MASc PG 40 blocks,sa,112,112,14,1
fb_01,B45231,26,1,MASc PG 40 blocks,sa,112,112,14,1
fb_01,B53160,26,1,MASc PG 40 blocks,sa,112,112,14,1
fb_02,B110471,26,1,MASc PG 40 blocks,sa,112,112,14,1
fb_02,B111410,26,1,MASc PG 40 blocks,sa,112,112,14,1
fb_02,B120266,26,1,MASc PG 40 blocks,sa,112,112,14,1
fb_03,B112038,26,1,MASc PG 40 blocks,sa,112,112,14,1
fb_03,B112990,26,1,MASc PG 40 blocks,sa,112,112,14,1
fb_03,B113324,26,1,MASc PG 40 blocks,sa,112,112,14,1
fb_04,B126589,26,1,MASc PG 40 blocks,sa,112,112,14,1
fb_04,B127158,26,1,MASc PG 40 blocks,sa,112,112,14,1
fb_04,B145584,26,1,MASc PG 40 blocks,sa,112,112,14,1
fb_05,B109915,26,1,MASc PG 40 blocks,sa,112,112,14,1
fb_05,B109915,26,1,MASc PG 40 blocks,sa,112,112,14,1
fb_05,B109915,26,1,MASc PG 40 blocks,sa,112,112,14,1
fb_06,B109915,26,1,MASc PG 40 blocks,sa,112,112,14,1
fb_06,B109915,26,1,MASc PG 40 blocks,sa,112,112,14,1
fb_06,B109915,26,1,MASc PG 40 blocks,sa,112,112,14,1
ld_01,B127158,26,1,MASc PG 40 blocks,sa,112,112,14,1
ld_01,B145584,26,1,MASc PG 40 blocks,sa,112,112,14,1
ld_02,B107189,26,1,MASc PG 40 blocks,sa,112,112,14,1
ld_02,B55424,26,1,MASc PG 40 blocks,sa,112,112,14,1
ld_03,B110288,26,1,MASc PG 40 blocks,sa,112,112,14,1
ld_03,B126589,26,1,MASc PG 40 blocks,sa,112,112,14,1
ld_04,B109915,26,1,MASc PG 40 blocks,sa,112,112,14,1
ld_04,B120266,26,1,MASc PG 40 blocks,sa,112,112,14,1
ld_05,B109915,26,1,MASc PG 40 blocks,sa,112,112,14,1
ld_05,B145584,26,1,MASc PG 40 blocks,sa,112,112,14,1
ld_06,B109915,26,1,MASc PG 40 blocks,sa,112,112,14,1
pr_01,B108060,26,1,MASc PG 40 blocks,sa,112,112,14,1
pr_01,B127158,26,1,MASc PG 40 blocks,sa,112,112,14,1
pr_01,B68233,26,1,MASc PG 40 blocks,sa,112,112,14,1
pr_02,B108060,26,1,MASc PG 40 blocks,sa,112,112,14,1
pr_02,B108124,26,1,MASc PG 40 blocks,sa,112,112,14,1
pr_02,B127158,26,1,MASc PG 40 blocks,sa,112,112,14,1
pr_03,B107189,26,1,MASc PG 40 blocks,sa,112,112,14,1
pr_03,B107189,26,1,MASc PG 40 blocks,sa,112,112,14,1
pr_03,B108124,26,1,MASc PG 40 blocks,sa,112,112,14,1
pr_04,B108339,26,1,MASc PG 40 blocks,sa,112,112,14,1
pr_04,B126589,26,1,MASc PG 40 blocks,sa,112,112,14,1
pr_05,B108339,26,1,MASc PG 40 blocks,sa,112,112,14,1
pr_05,B126589,26,1,MASc PG 40 blocks,sa,112,112,14,1
pr_06,B126589,26,1,MASc PG 40 blocks,sa,112,112,14,1
pr_06,B55424,26,1,MASc PG 40 blocks,sa,112,112,14,1
sk_01,B109915,26,1,MASc PG 40 blocks,sa,112,112,14,1
sk_01,B126589,26,1,MASc PG 40 blocks,sa,112,112,14,1
sk_01,B42891,26,1,MASc PG 40 blocks,sa,112,112,14,1
sk_02,B109915,26,1,MASc PG 40 blocks,sa,112,112,14,1
sk_02,B127158,26,1,MASc PG 40 blocks,sa,112,112,14,1
sk_02,B68233,26,1,MASc PG 40 blocks,sa,112,112,14,1
sk_03,B109915,26,1,MASc PG 40 blocks,sa,112,112,14,1
sk_03,B126589,26,1,MASc PG 40 blocks,sa,112,112,14,1
sk_03,B127158,26,1,MASc PG 40 blocks,sa,112,112,14,1
sk_04,B109915,26,1,MASc PG 40 blocks,sa,112,112,14,1
sk_04,B109915,26,1,MASc PG 40 blocks,sa,112,112,14,1
sk_04,B127158,26,1,MASc PG 40 blocks,sa,112,112,14,1
sk_05,B108124,26,1,MASc PG 40 blocks,sa,112,112,14,1
sk_05,B109915,26,1,MASc PG 40 blocks,sa,112,112,14,1
sk_05,B120266,26,1,MASc PG 40 blocks,sa,112,112,14,1
sk_06,B109915,26,1,MASc PG 40 blocks,sa,112,112,14,1
sk_06,B120266,26,1,MASc PG 40 blocks,sa,112,112,14,1
sk_06,B68233,26,1,MASc PG 40 blocks,sa,112,112,14,1
fb_01,B55424,27,1,MASc PG 40 blocks,sa,112,112,14,1
fb_01,B65573,27,1,MASc PG 40 blocks,sa,112,112,14,1
fb_01,B68233,27,1,MASc PG 40 blocks,sa,112,112,14,1
fb_02,B112038,27,1,MASc PG 40 blocks,sa,112,112,14,1
fb_02,B112990,27,1,MASc PG 40 blocks,sa,112,112,14,1
fb_02,B113324,27,1,MASc PG 40 blocks,sa,112,112,14,1
fb_03,B120266,27,1,MASc PG 40 blocks,sa,112,112,14,1
fb_03,B126413,27,1,MASc PG 40 blocks,sa,112,112,14,1
fb_03,B126589,27,1,MASc PG 40 blocks,sa,112,112,14,1
fb_04,B120266,27,1,MASc PG 40 blocks,sa,112,112,14,1
fb_04,B126589,27,1,MASc PG 40 blocks,sa,112,112,14,1
fb_04,B126589,27,1,MASc PG 40 blocks,sa,112,112,14,1
fb_05,B109915,27,1,MASc PG 40 blocks,sa,112,112,14,1
fb_05,B109915,27,1,MASc PG 40 blocks,sa,112,112,14,1
fb_05,B109915,27,1,MASc PG 40 blocks,sa,112,112,14,1
fb_06,B109915,27,1,MASc PG 40 blocks,sa,112,112,14,1
fb_06,B109915,27,1,MASc PG 40 blocks,sa,112,112,14,1
fb_06,B121455,27,1,MASc PG 40 blocks,sa,112,112,14,1
ld_01,B107189,27,1,MASc PG 40 blocks,sa,112,112,14,1
ld_01,B127158,27,1,MASc PG 40 blocks,sa,112,112,14,1
ld_01,B55424,27,1,MASc PG 40 blocks,sa,112,112,14,1
ld_02,B108124,27,1,MASc PG 40 blocks,sa,112,112,14,1
ld_02,B108339,27,1,MASc PG 40 blocks,sa,112,112,14,1
ld_02,B108339,27,1,MASc PG 40 blocks,sa,112,112,14,1
ld_03,B108124,27,1,MASc PG 40 blocks,sa,112,112,14,1
ld_03,B127158,27,1,MASc PG 40 blocks,sa,112,112,14,1
ld_04,B108060,27,1,MASc PG 40 blocks,sa,112,112,14,1
ld_04,B126589,27,1,MASc PG 40 blocks,sa,112,112,14,1
ld_05,B108060,27,1,MASc PG 40 blocks,sa,112,112,14,1
ld_05,B126589,27,1,MASc PG 40 blocks,sa,112,112,14,1
ld_06,B107189,27,1,MASc PG 40 blocks,sa,112,112,14,1
ld_06,B68233,27,1,MASc PG 40 blocks,sa,112,112,14,1
pr_01,B120266,27,1,MASc PG 40 blocks,sa,112,112,14,1
pr_01,B127158,27,1,MASc PG 40 blocks,sa,112,112,14,1
pr_01,B68233,27,1,MASc PG 40 blocks,sa,112,112,14,1
pr_02,B109915,27,1,MASc PG 40 blocks,sa,112,112,14,1
pr_02,B126589,27,1,MASc PG 40 blocks,sa,112,112,14,1
pr_03,B109915,27,1,MASc PG 40 blocks,sa,112,112,14,1
pr_03,B127158,27,1,MASc PG 40 blocks,sa,112,112,14,1
pr_04,B109915,27,1,MASc PG 40 blocks,sa,112,112,14,1
pr_04,B42891,27,1,MASc PG 40 blocks,sa,112,112,14,1
pr_05,B109915,27,1,MASc PG 40 blocks,sa,112,112,14,1
pr_05,B42891,27,1,MASc PG 40 blocks,sa,112,112,14,1
pr_06,B108124,27,1,MASc PG 40 blocks,sa,112,112,14,1
pr_06,B126589,27,1,MASc PG 40 blocks,sa,112,112,14,1
sk_01,B109915,27,1,MASc PG 40 blocks,sa,112,112,14,1
sk_01,B127158,27,1,MASc PG 40 blocks,sa,112,112,14,1
sk_01,B45231,27,1,MASc PG 40 blocks,sa,112,112,14,1
sk_02,B109915,27,1,MASc PG 40 blocks,sa,112,112,14,1
sk_02,B126589,27,1,MASc PG 40 blocks,sa,112,112,14,1
sk_02,B53160,27,1,MASc PG 40 blocks,sa,112,112,14,1
sk_03,B109915,27,1,MASc PG 40 blocks,sa,112,112,14,1
sk_03,B126589,27,1,MASc PG 40 blocks,sa,112,112,14,1
sk_03,B126589,27,1,MASc PG 40 blocks,sa,112,112,14,1
sk_04,B109915,27,1,MASc PG 40 blocks,sa,112,112,14,1
sk_04,B109915,27,1,MASc PG 40 blocks,sa,112,112,14,1
sk_04,B44010,27,1,MASc PG 40 blocks,sa,112,112,14,1
sk_05,B109915,27,1,MASc PG 40 blocks,sa,112,112,14,1
sk_05,B109915,27,1,MASc PG 40 blocks,sa,112,112,14,1
sk_05,B44010,27,1,MASc PG 40 blocks,sa,112,112,14,1
sk_06,B109915,27,1,MASc PG 40 blocks,sa,112,112,14,1
sk_06,B109915,27,1,MASc PG 40 blocks,sa,112,112,14,1
sk_06,B127158,27,1,MASc PG 40 blocks,sa,112,112,14,1
fb_01,B107189,28,1,MASc PG 40 blocks,sa,112,112,14,1
fb_01,B108060,28,1,MASc PG 40 blocks,sa,112,112,14,1
fb_01,B108124,28,1,MASc PG 40 blocks,sa,112,112,14,1
fb_02,B109915,28,1,MASc PG 40 blocks,sa,112,112,14,1
fb_02,B120266,28,1,MASc PG 40 blocks,sa,112,112,14,1
fb_02,B65573,28,1,MASc PG 40 blocks,sa,112,112,14,1
fb_03,B126869,28,1,MASc PG 40 blocks,sa,112,112,14,1
fb_03,B127158,28,1,MASc PG 40 blocks,sa,112,112,14,1
fb_03,B145584,28,1,MASc PG 40 blocks,sa,112,112,14,1
fb_04,B109915,28,1,MASc PG 40 blocks,sa,112,112,14,1
fb_04,B127158,28,1,MASc PG 40 blocks,sa,112,112,14,1
fb_04,B145584,28,1,MASc PG 40 blocks,sa,112,112,14,1
fb_05,B109915,28,1,MASc PG 40 blocks,sa,112,112,14,1
fb_05,B109915,28,1,MASc PG 40 blocks,sa,112,112,14,1
fb_05,B121455,28,1,MASc PG 40 blocks,sa,112,112,14,1
fb_06,B109340,28,1,MASc PG 40 blocks,sa,112,112,14,1
fb_06,B109915,28,1,MASc PG 40 blocks,sa,112,112,14,1
fb_06,B109915,28,1,MASc PG 40 blocks,sa,112,112,14,1
ld_01,B109915,28,1,MASc PG 40 blocks,sa,112,112,14,1
ld_01,B127158,28,1,MASc PG 40 blocks,sa,112,112,14,1
ld_01,B68233,28,1,MASc PG 40 blocks,sa,112,112,14,1
ld_02,B109915,28,1,MASc PG 40 blocks,sa,112,112,14,1
ld_02,B127158,28,1,MASc PG 40 blocks,sa,112,112,14,1
ld_02,B42891,28,1,MASc PG 40 blocks,sa,112,112,14,1
ld_03,B126589,28,1,MASc PG 40 blocks,sa,112,112,14,1
ld_03,B42891,28,1,MASc PG 40 blocks,sa,112,112,14,1
ld_04,B120266,28,1,MASc PG 40 blocks,sa,112,112,14,1
ld_04,B126589,28,1,MASc PG 40 blocks,sa,112,112,14,1
ld_05,B109915,28,1,MASc PG 40 blocks,sa,112,112,14,1
ld_05,B109915,28,1,MASc PG 40 blocks,sa,112,112,14,1
ld_06,B108124,28,1,MASc PG 40 blocks,sa,112,112,14,1
ld_06,B109915,28,1,MASc PG 40 blocks,sa,112,112,14,1
pr_01,B109915,28,1,MASc PG 40 blocks,sa,112,112,14,1
pr_01,B44010,28,1,MASc PG 40 blocks,sa,112,112,14,1
pr_02,B109915,28,1,MASc PG 40 blocks,sa,112,112,14,1
pr_02,B44010,28,1,MASc PG 40 blocks,sa,112,112,14,1
pr_03,B109915,28,1,MASc PG 40 blocks,sa,112,112,14,1
pr_03,B109915,28,1,MASc PG 40 blocks,sa,112,112,14,1
pr_04,B126589,28,1,MASc PG 40 blocks,sa,112,112,14,1
pr_04,B127158,28,1,MASc PG 40 blocks,sa,112,112,14,1
pr_05,B109915,28,1,MASc PG 40 blocks,sa,112,112,14,1
pr_05,B126589,28,1,MASc PG 40 blocks,sa,112,112,14,1
pr_06,B45231,28,1,MASc PG 40 blocks,sa,112,112,14,1
pr_06,B53160,28,1,MASc PG 40 blocks,sa,112,112,14,1
sk_01,B126589,28,1,MASc PG 40 blocks,sa,112,112,14,1
sk_01,B65573,28,1,MASc PG 40 blocks,sa,112,112,14,1
sk_01,B68233,28,1,MASc PG 40 blocks,sa,112,112,14,1
sk_02,B126589,28,1,MASc PG 40 blocks,sa,112,112,14,1
sk_02,B126589,28,1,MASc PG 40 blocks,sa,112,112,14,1
sk_02,B68233,28,1,MASc PG 40 blocks,sa,112,112,14,1
sk_03,B126589,28,1,MASc PG 40 blocks,sa,112,112,14,1
sk_03,B126589,28,1,MASc PG 40 blocks,sa,112,112,14,1
sk_03,B126589,28,1,MASc PG 40 blocks,sa,112,112,14,1
sk_04,B109915,28,1,MASc PG 40 blocks,sa,112,112,14,1
sk_04,B126589,28,1,MASc PG 40 blocks,sa,112,112,14,1
sk_04,B55424,28,1,MASc PG 40 blocks,sa,112,112,14,1
sk_05,B109915,28,1,MASc PG 40 blocks,sa,112,112,14,1
sk_05,B55424,28,1,MASc PG 40 blocks,sa,112,112,14,1
sk_05,B65573,28,1,MASc PG 40 blocks,sa,112,112,14,1
sk_06,B109915,28,1,MASc PG 40 blocks,sa,112,112,14,1
sk_06,B126589,28,1,MASc PG 40 blocks,sa,112,112,14,1
sk_06,B68233,28,1,MASc PG 40 blocks,sa,112,112,14,1
fb_01,B107189,29,1,MASc PG 40 blocks,sa,112,112,14,1
fb_01,B108124,29,1,MASc PG 40 blocks,sa,112,112,14,1
fb_01,B110288,29,1,MASc PG 40 blocks,sa,112,112,14,1
fb_02,B120266,29,1,MASc PG 40 blocks,sa,112,112,14,1
fb_02,B121928,29,1,MASc PG 40 blocks,sa,112,112,14,1
fb_02,B126589,29,1,MASc PG 40 blocks,sa,112,112,14,1
fb_03,B108339,29,1,MASc PG 40 blocks,sa,112,112,14,1
fb_03,B109340,29,1,MASc PG 40 blocks,sa,112,112,14,1
fb_03,B109915,29,1,MASc PG 40 blocks,sa,112,112,14,1
fb_04,B127158,29,1,MASc PG 40 blocks,sa,112,112,14,1
fb_04,B145584,29,1,MASc PG 40 blocks,sa,112,112,14,1
fb_04,B68233,29,1,MASc PG 40 blocks,sa,112,112,14,1
fb_05,B109915,29,1,MASc PG 40 blocks,sa,112,112,14,1
fb_05,B126589,29,1,MASc PG 40 blocks,sa,112,112,14,1
fb_05,B127158,29,1,MASc PG 40 blocks,sa,112,112,14,1
fb_06,B117387,29,1,MASc PG 40 blocks,sa,112,112,14,1
fb_06,B117387,29,1,MASc PG 40 blocks,sa,112,112,14,1
fb_06,B68233,29,1,MASc PG 40 blocks,sa,112,112,14,1
fb_01,B108339,30,1,MASc PG 40 blocks,sa,112,112,14,1
fb_01,B109340,30,1,MASc PG 40 blocks,sa,112,112,14,1
fb_01,B109517,30,1,MASc PG 40 blocks,sa,112,112,14,1
fb_02,B124193,30,1,MASc PG 40 blocks,sa,112,112,14,1
fb_02,B126413,30,1,MASc PG 40 blocks,sa,112,112,14,1
fb_02,B126492,30,1,MASc PG 40 blocks,sa,112,112,14,1
fb_03,B110288,30,1,MASc PG 40 blocks,sa,112,112,14,1
fb_03,B110471,30,1,MASc PG 40 blocks,sa,112,112,14,1
fb_03,B111410,30,1,MASc PG 40 blocks,sa,112,112,14,1
fb_04,B107189,30,1,MASc PG 40 blocks,sa,112,112,14,1
fb_04,B109915,30,1,MASc PG 40 blocks,sa,112,112,14,1
fb_04,B110288,30,1,MASc PG 40 blocks,sa,112,112,14,1
fb_05,B126589,30,1,MASc PG 40 blocks,sa,112,112,14,1
fb_05,B127158,30,1,MASc PG 40 blocks,sa,112,112,14,1
fb_05,B127158,30,1,MASc PG 40 blocks,sa,112,112,14,1
fb_06,B111867,30,1,MASc PG 40 blocks,sa,112,112,14,1
fb_06,B121154,30,1,MASc PG 40 blocks,sa,112,112,14,1
fb_06,B121154,30,1,MASc PG 40 blocks,sa,112,112,14,1
sk_01,B107189,30,1,MASc PG 40 blocks,sa,112,112,14,1
sk_01,B108124,30,1,MASc PG 40 blocks,sa,112,112,14,1
sk_01,B68233,30,1,MASc PG 40 blocks,sa,112,112,14,1
sk_02,B108124,30,1,MASc PG 40 blocks,sa,112,112,14,1
sk_02,B109915,30,1,MASc PG 40 blocks,sa,112,112,14,1
sk_02,B117387,30,1,MASc PG 40 blocks,sa,112,112,14,1
sk_03,B117387,30,1,MASc PG 40 blocks,sa,112,112,14,1
sk_03,B126589,30,1,MASc PG 40 blocks,sa,112,112,14,1
sk_03,B68233,30,1,MASc PG 40 blocks,sa,112,112,14,1
sk_04,B126589,30,1,MASc PG 40 blocks,sa,112,112,14,1
sk_04,B127158,30,1,MASc PG 40 blocks,sa,112,112,14,1
sk_04,B68233,30,1,MASc PG 40 blocks,sa,112,112,14,1
sk_05,B108339,30,1,MASc PG 40 blocks,sa,112,112,14,1
sk_05,B127158,30,1,MASc PG 40 blocks,sa,112,112,14,1
sk_05,B127158,30,1,MASc PG 40 blocks,sa,112,112,14,1
sk_06,B127158,30,1,MASc PG 40 blocks,sa,112,112,14,1
sk_06,B68233,30,1,MASc PG 40 blocks,sa,112,112,14,1
sk_06,B68233,30,1,MASc PG 40 blocks,sa,112,112,14,1
fb_01,B109915,31,1,MASc PG 40 blocks,sa,112,112,14,1
fb_01,B110288,31,1,MASc PG 40 blocks,sa,112,112,14,1
fb_01,B110471,31,1,MASc PG 40 blocks,sa,112,112,14,1
fb_02,B126589,31,1,MASc PG 40 blocks,sa,112,112,14,1
fb_02,B126869,31,1,MASc PG 40 blocks,sa,112,112,14,1
fb_02,B127158,31,1,MASc PG 40 blocks,sa,112,112,14,1
fb_03,B111480,31,1,MASc PG 40 blocks,sa,112,112,14,1
fb_03,B112038,31,1,MASc PG 40 blocks,sa,112,112,14,1
fb_03,B112990,31,1,MASc PG 40 blocks,sa,112,112,14,1
fb_04,B110471,31,1,MASc PG 40 blocks,sa,112,112,14,1
fb_04,B113324,31,1,MASc PG 40 blocks,sa,112,112,14,1
fb_04,B120266,31,1,MASc PG 40 blocks,sa,112,112,14,1
fb_05,B126589,31,1,MASc PG 40 blocks,sa,112,112,14,1
fb_05,B126589,31,1,MASc PG 40 blocks,sa,112,112,14,1
fb_05,B127158,31,1,MASc PG 40 blocks,sa,112,112,14,1
fb_06,B111480,31,1,MASc PG 40 blocks,sa,112,112,14,1
fb_06,B111867,31,1,MASc PG 40 blocks,sa,112,112,14,1
fb_06,B117387,31,1,MASc PG 40 blocks,sa,112,112,14,1
pr_01,B117387,31,1,MASc PG 40 blocks,sa,112,112,14,1
pr_01,B68233,31,1,MASc PG 40 blocks,sa,112,112,14,1
pr_02,B108124,31,1,MASc PG 40 blocks,sa,112,112,14,1
pr_03,B68233,31,1,MASc PG 40 blocks,sa,112,112,14,1
pr_04,B126589,31,1,MASc PG 40 blocks,sa,112,112,14,1
pr_05,B127158,31,1,MASc PG 40 blocks,sa,112,112,14,1
pr_06,B127158,31,1,MASc PG 40 blocks,sa,112,112,14,1
sk_01,B108339,31,1,MASc PG 40 blocks,sa,112,112,14,1
sk_01,B109517,31,1,MASc PG 40 blocks,sa,112,112,14,1
sk_01,B111867,31,1,MASc PG 40 blocks,sa,112,112,14,1
sk_02,B109915,31,1,MASc PG 40 blocks,sa,112,112,14,1
sk_02,B109915,31,1,MASc PG 40 blocks,sa,112,112,14,1
sk_02,B110288,31,1,MASc PG 40 blocks,sa,112,112,14,1
sk_03,B109915,31,1,MASc PG 40 blocks,sa,112,112,14,1
sk_03,B111867,31,1,MASc PG 40 blocks,sa,112,112,14,1
sk_03,B126589,31,1,MASc PG 40 blocks,sa,112,112,14,1
sk_04,B126589,31,1,MASc PG 40 blocks,sa,112,112,14,1
sk_04,B127158,31,1,MASc PG 40 blocks,sa,112,112,14,1
sk_04,B127158,31,1,MASc PG 40 blocks,sa,112,112,14,1
sk_05,B108339,31,1,MASc PG 40 blocks,sa,112,112,14,1
sk_05,B111867,31,1,MASc PG 40 blocks,sa,112,112,14,1
sk_05,B127158,31,1,MASc PG 40 blocks,sa,112,112,14,1
sk_06,B107189,31,1,MASc PG 40 blocks,sa,112,112,14,1
sk_06,B111867,31,1,MASc PG 40 blocks,sa,112,112,14,1
sk_06,B127158,31,1,MASc PG 40 blocks,sa,112,112,14,1
fb_01,B111410,32,1,MASc PG 40 blocks,sa,112,112,14,1
fb_01,B111480,32,1,MASc PG 40 blocks,sa,112,112,14,1
fb_01,B111480,32,1,MASc PG 40 blocks,sa,112,112,14,1
fb_02,B145584,32,1,MASc PG 40 blocks,sa,112,112,14,1
fb_02,B42891,32,1,MASc PG 40 blocks,sa,112,112,14,1
fb_02,B44010,32,1,MASc PG 40 blocks,sa,112,112,14,1
fb_03,B113324,32,1,MASc PG 40 blocks,sa,112,112,14,1
fb_03,B114477,32,1,MASc PG 40 blocks,sa,112,112,14,1
fb_03,B120266,32,1,MASc PG 40 blocks,sa,112,112,14,1
fb_04,B126589,32,1,MASc PG 40 blocks,sa,112,112,14,1
fb_04,B127158,32,1,MASc PG 40 blocks,sa,112,112,14,1
fb_04,B145584,32,1,MASc PG 40 blocks,sa,112,112,14,1
fb_05,B126589,32,1,MASc PG 40 blocks,sa,112,112,14,1
fb_05,B127158,32,1,MASc PG 40 blocks,sa,112,112,14,1
fb_05,B127158,32,1,MASc PG 40 blocks,sa,112,112,14,1
fb_06,B111480,32,1,MASc PG 40 blocks,sa,112,112,14,1
fb_06,B111480,32,1,MASc PG 40 blocks,sa,112,112,14,1
fb_06,B111480,32,1,MASc PG 40 blocks,sa,112,112,14,1
ld_01,B127158,32,1,MASc PG 40 blocks,sa,112,112,14,1
ld_02,B68233,32,1,MASc PG 40 blocks,sa,112,112,14,1
ld_03,B108124,32,1,MASc PG 40 blocks,sa,112,112,14,1
ld_04,B68233,32,1,MASc PG 40 blocks,sa,112,112,14,1
pr_01,B111867,32,1,MASc PG 40 blocks,sa,112,112,14,1
pr_01,B127158,32,1,MASc PG 40 blocks,sa,112,112,14,1
pr_02,B107189,32,1,MASc PG 40 blocks,sa,112,112,14,1
pr_02,B109915,32,1,MASc PG 40 blocks,sa,112,112,14,1
pr_03,B108339,32,1,MASc PG 40 blocks,sa,112,112,14,1
pr_03,B109915,32,1,MASc PG 40 blocks,sa,112,112,14,1
pr_04,B108339,32,1,MASc PG 40 blocks,sa,112,112,14,1
pr_04,B126589,32,1,MASc PG 40 blocks,sa,112,112,14,1
pr_05,B127158,32,1,MASc PG 40 blocks,sa,112,112,14,1
pr_06,B127158,32,1,MASc PG 40 blocks,sa,112,112,14,1
sk_01,B111867,32,1,MASc PG 40 blocks,sa,112,112,14,1
sk_01,B111867,32,1,MASc PG 40 blocks,sa,112,112,14,1
sk_01,B127158,32,1,MASc PG 40 blocks,sa,112,112,14,1
sk_02,B109915,32,1,MASc PG 40 blocks,sa,112,112,14,1
sk_02,B110288,32,1,MASc PG 40 blocks,sa,112,112,14,1
sk_02,B110288,32,1,MASc PG 40 blocks,sa,112,112,14,1
sk_03,B109915,32,1,MASc PG 40 blocks,sa,112,112,14,1
sk_03,B126589,32,1,MASc PG 40 blocks,sa,112,112,14,1
sk_03,B126589,32,1,MASc PG 40 blocks,sa,112,112,14,1
sk_04,B111867,32,1,MASc PG 40 blocks,sa,112,112,14,1
sk_04,B126589,32,1,MASc PG 40 blocks,sa,112,112,14,1
sk_04,B127158,32,1,MASc PG 40 blocks,sa,112,112,14,1
sk_05,B111867,32,1,MASc PG 40 blocks,sa,112,112,14,1
sk_05,B111867,32,1,MASc PG 40 blocks,sa,112,112,14,1
sk_05,B68233,32,1,MASc PG 40 blocks,sa,112,112,14,1
sk_06,B107189,32,1,MASc PG 40 blocks,sa,112,112,14,1
sk_06,B117387,32,1,MASc PG 40 blocks,sa,112,112,14,1
sk_06,B127158,32,1,MASc PG 40 blocks,sa,112,112,14,1
fb_01,B112038,33,1,MASc PG 40 blocks,sa,112,112,14,1
fb_01,B112990,33,1,MASc PG 40 blocks,sa,112,112,14,1
fb_01,B113324,33,1,MASc PG 40 blocks,sa,112,112,14,1
fb_02,B107189,33,1,MASc PG 40 blocks,sa,112,112,14,1
fb_02,B55424,33,1,MASc PG 40 blocks,sa,112,112,14,1
fb_02,B68233,33,1,MASc PG 40 blocks,sa,112,112,14,1
fb_03,B126413,33,1,MASc PG 40 blocks,sa,112,112,14,1
fb_03,B126589,33,1,MASc PG 40 blocks,sa,112,112,14,1
fb_03,B126869,33,1,MASc PG 40 blocks,sa,112,112,14,1
fb_04,B107189,33,1,MASc PG 40 blocks,sa,112,112,14,1
fb_04,B109915,33,1,MASc PG 40 blocks,sa,112,112,14,1
fb_04,B110288,33,1,MASc PG 40 blocks,sa,112,112,14,1
fb_05,B126589,33,1,MASc PG 40 blocks,sa,112,112,14,1
fb_05,B126589,33,1,MASc PG 40 blocks,sa,112,112,14,1
fb_05,B127158,33,1,MASc PG 40 blocks,sa,112,112,14,1
fb_06,B111480,33,1,MASc PG 40 blocks,sa,112,112,14,1
fb_06,B111480,33,1,MASc PG 40 blocks,sa,112,112,14,1
fb_06,B111480,33,1,MASc PG 40 blocks,sa,112,112,14,1
ld_01,B109915,33,1,MASc PG 40 blocks,sa,112,112,14,1
ld_01,B127158,33,1,MASc PG 40 blocks,sa,112,112,14,1
ld_02,B111867,33,1,MASc PG 40 blocks,sa,112,112,14,1
ld_02,B127158,33,1,MASc PG 40 blocks,sa,112,112,14,1
ld_03,B127158,33,1,MASc PG 40 blocks,sa,112,112,14,1
ld_04,B126589,33,1,MASc PG 40 blocks,sa,112,112,14,1
ld_05,B109915,33,1,MASc PG 40 blocks,sa,112,112,14,1
ld_06,B108339,33,1,MASc PG 40 blocks,sa,112,112,14,1
pr_01,B107189,33,1,MASc PG 40 blocks,sa,112,112,14,1
pr_01,B109915,33,1,MASc PG 40 blocks,sa,112,112,14,1
pr_01,B111867,33,1,MASc PG 40 blocks,sa,112,112,14,1
pr_02,B111867,33,1,MASc PG 40 blocks,sa,112,112,14,1
pr_02,B117387,33,1,MASc PG 40 blocks,sa,112,112,14,1
pr_02,B126589,33,1,MASc PG 40 blocks,sa,112,112,14,1
pr_03,B110288,33,1,MASc PG 40 blocks,sa,112,112,14,1
pr_03,B117387,33,1,MASc PG 40 blocks,sa,112,112,14,1
pr_03,B126589,33,1,MASc PG 40 blocks,sa,112,112,14,1
pr_04,B111867,33,1,MASc PG 40 blocks,sa,112,112,14,1
pr_04,B127158,33,1,MASc PG 40 blocks,sa,112,112,14,1
pr_05,B126589,33,1,MASc PG 40 blocks,sa,112,112,14,1
pr_05,B127158,33,1,MASc PG 40 blocks,sa,112,112,14,1
pr_06,B127158,33,1,MASc PG 40 blocks,sa,112,112,14,1
pr_06,B68233,33,1,MASc PG 40 blocks,sa,112,112,14,1
sk_01,B127158,33,1,MASc PG 40 blocks,sa,112,112,14,1
sk_01,B127158,33,1,MASc PG 40 blocks,sa,112,112,14,1
sk_01,B42891,33,1,MASc PG 40 blocks,sa,112,112,14,1
sk_02,B109915,33,1,MASc PG 40 blocks,sa,112,112,14,1
sk_02,B109915,33,1,MASc PG 40 blocks,sa,112,112,14,1
sk_02,B110288,33,1,MASc PG 40 blocks,sa,112,112,14,1
sk_03,B109915,33,1,MASc PG 40 blocks,sa,112,112,14,1
sk_03,B109915,33,1,MASc PG 40 blocks,sa,112,112,14,1
sk_03,B126589,33,1,MASc PG 40 blocks,sa,112,112,14,1
sk_04,B127158,33,1,MASc PG 40 blocks,sa,112,112,14,1
sk_04,B127158,33,1,MASc PG 40 blocks,sa,112,112,14,1
sk_04,B127158,33,1,MASc PG 40 blocks,sa,112,112,14,1
sk_05,B126589,33,1,MASc PG 40 blocks,sa,112,112,14,1
sk_05,B127158,33,1,MASc PG 40 blocks,sa,112,112,14,1
sk_05,B127158,33,1,MASc PG 40 blocks,sa,112,112,14,1
sk_06,B127158,33,1,MASc PG 40 blocks,sa,112,112,14,1
sk_06,B127158,33,1,MASc PG 40 blocks,sa,112,112,14,1
sk_06,B44010,33,1,MASc PG 40 blocks,sa,112,112,14,1
fb_01,B114477,34,1,MASc PG 40 blocks,sa,112,112,14,1
fb_01,B114861,34,1,MASc PG 40 blocks,sa,112,112,14,1
fb_01,B120266,34,1,MASc PG 40 blocks,sa,112,112,14,1
fb_02,B108060,34,1,MASc PG 40 blocks,sa,112,112,14,1
fb_02,B108124,34,1,MASc PG 40 blocks,sa,112,112,14,1
fb_02,B108339,34,1,MASc PG 40 blocks,sa,112,112,14,1
fb_03,B127158,34,1,MASc PG 40 blocks,sa,112,112,14,1
fb_03,B145584,34,1,MASc PG 40 blocks,sa,112,112,14,1
fb_03,B42891,34,1,MASc PG 40 blocks,sa,112,112,14,1
fb_04,B113324,34,1,MASc PG 40 blocks,sa,112,112,14,1
fb_04,B120266,34,1,MASc PG 40 blocks,sa,112,112,14,1
fb_04,B126589,34,1,MASc PG 40 blocks,sa,112,112,14,1
fb_05,B126589,34,1,MASc PG 40 blocks,sa,112,112,14,1
fb_05,B127158,34,1,MASc PG 40 blocks,sa,112,112,14,1
fb_05,B127158,34,1,MASc PG 40 blocks,sa,112,112,14,1
fb_06,B111480,34,1,MASc PG 40 blocks,sa,112,112,14,1
fb_06,B111480,34,1,MASc PG 40 blocks,sa,112,112,14,1
fb_06,B111480,34,1,MASc PG 40 blocks,sa,112,112,14,1
ld_01,B111867,34,1,MASc PG 40 blocks,sa,112,112,14,1
ld_01,B111867,34,1,MASc PG 40 blocks,sa,112,112,14,1
ld_01,B127158,34,1,MASc PG 40 blocks,sa,112,112,14,1
ld_02,B110288,34,1,MASc PG 40 blocks,sa,112,112,14,1
ld_02,B117387,34,1,MASc PG 40 blocks,sa,112,112,14,1
ld_02,B127158,34,1,MASc PG 40 blocks,sa,112,112,14,1
ld_03,B111867,34,1,MASc PG 40 blocks,sa,112,112,14,1
ld_03,B126589,34,1,MASc PG 40 blocks,sa,112,112,14,1
ld_03,B68233,34,1,MASc PG 40 blocks,sa,112,112,14,1
ld_04,B107189,34,1,MASc PG 40 blocks,sa,112,112,14,1
ld_04,B117387,34,1,MASc PG 40 blocks,sa,112,112,14,1
ld_04,B126589,34,1,MASc PG 40 blocks,sa,112,112,14,1
ld_05,B111867,34,1,MASc PG 40 blocks,sa,112,112,14,1
ld_05,B111867,34,1,MASc PG 40 blocks,sa,112,112,14,1
ld_05,B126589,34,1,MASc PG 40 blocks,sa,112,112,14,1
ld_06,B109915,34,1,MASc PG 40 blocks,sa,112,112,14,1
ld_06,B111867,34,1,MASc PG 40 blocks,sa,112,112,14,1
pr_01,B110288,34,1,MASc PG 40 blocks,sa,112,112,14,1
pr_01,B127158,34,1,MASc PG 40 blocks,sa,112,112,14,1
pr_02,B109915,34,1,MASc PG 40 blocks,sa,112,112,14,1
pr_02,B127158,34,1,MASc PG 40 blocks,sa,112,112,14,1
pr_03,B109915,34,1,MASc PG 40 blocks,sa,112,112,14,1
pr_03,B127158,34,1,MASc PG 40 blocks,sa,112,112,14,1
pr_04,B127158,34,1,MASc PG 40 blocks,sa,112,112,14,1
pr_04,B44010,34,1,MASc PG 40 blocks,sa,112,112,14,1
pr_05,B126589,34,1,MASc PG 40 blocks,sa,112,112,14,1
pr_05,B127158,34,1,MASc PG 40 blocks,sa,112,112,14,1
pr_06,B127158,34,1,MASc PG 40 blocks,sa,112,112,14,1
pr_06,B42891,34,1,MASc PG 40 blocks,sa,112,112,14,1
sk_01,B107189,34,1,MASc PG 40 blocks,sa,112,112,14,1
sk_01,B55424,34,1,MASc PG 40 blocks,sa,112,112,14,1
sk_01,B68233,34,1,MASc PG 40 blocks,sa,112,112,14,1
sk_02,B109915,34,1,MASc PG 40 blocks,sa,112,112,14,1
sk_02,B110288,34,1,MASc PG 40 blocks,sa,112,112,14,1
sk_02,B110288,34,1,MASc PG 40 blocks,sa,112,112,14,1
sk_03,B109915,34,1,MASc PG 40 blocks,sa,112,112,14,1
sk_03,B126589,34,1,MASc PG 40 blocks,sa,112,112,14,1
sk_03,B126589,34,1,MASc PG 40 blocks,sa,112,112,14,1
sk_04,B126589,34,1,MASc PG 40 blocks,sa,112,112,14,1
sk_04,B127158,34,1,MASc PG 40 blocks,sa,112,112,14,1
sk_04,B68233,34,1,MASc PG 40 blocks,sa,112,112,14,1
sk_05,B107189,34,1,MASc PG 40 blocks,sa,112,112,14,1
sk_05,B127158,34,1,MASc PG 40 blocks,sa,112,112,14,1
sk_05,B127158,34,1,MASc PG 40 blocks,sa,112,112,14,1
sk_06,B107189,34,1,MASc PG 40 blocks,sa,112,112,14,1
sk_06,B68233,34,1,MASc PG 40 blocks,sa,112,112,14,1
sk_06,B68233,34,1,MASc PG 40 blocks,sa,112,112,14,1
fb_01,B111480,35,1,MASc PG 40 blocks,sa,112,112,14,1
fb_01,B121455,35,1,MASc PG 40 blocks,sa,112,112,14,1
fb_01,B121928,35,1,MASc PG 40 blocks,sa,112,112,14,1
fb_02,B109340,35,1,MASc PG 40 blocks,sa,112,112,14,1
fb_02,B109915,35,1,MASc PG 40 blocks,sa,112,112,14,1
fb_02,B110288,35,1,MASc PG 40 blocks,sa,112,112,14,1
fb_03,B107189,35,1,MASc PG 40 blocks,sa,112,112,14,1
fb_03,B55424,35,1,MASc PG 40 blocks,sa,112,112,14,1
fb_03,B68233,35,1,MASc PG 40 blocks,sa,112,112,14,1
fb_04,B107189,35,1,MASc PG 40 blocks,sa,112,112,14,1
fb_04,B127158,35,1,MASc PG 40 blocks,sa,112,112,14,1
fb_04,B145584,35,1,MASc PG 40 blocks,sa,112,112,14,1
fb_05,B126589,35,1,MASc PG 40 blocks,sa,112,112,14,1
fb_05,B126589,35,1,MASc PG 40 blocks,sa,112,112,14,1
fb_05,B127158,35,1,MASc PG 40 blocks,sa,112,112,14,1
fb_06,B111480,35,1,MASc PG 40 blocks,sa,112,112,14,1
fb_06,B111480,35,1,MASc PG 40 blocks,sa,112,112,14,1
fb_06,B127158,35,1,MASc PG 40 blocks,sa,112,112,14,1
ld_01,B126589,35,1,MASc PG 40 blocks,sa,112,112,14,1
ld_01,B127158,35,1,MASc PG 40 blocks,sa,112,112,14,1
ld_02,B109915,35,1,MASc PG 40 blocks,sa,112,112,14,1
ld_02,B127158,35,1,MASc PG 40 blocks,sa,112,112,14,1
ld_03,B109915,35,1,MASc PG 40 blocks,sa,112,112,14,1
ld_03,B127158,35,1,MASc PG 40 blocks,sa,112,112,14,1
ld_04,B127158,35,1,MASc PG 40 blocks,sa,112,112,14,1
ld_05,B127158,35,1,MASc PG 40 blocks,sa,112,112,14,1
ld_06,B110288,35,1,MASc PG 40 blocks,sa,112,112,14,1
pr_01,B107189,35,1,MASc PG 40 blocks,sa,112,112,14,1
pr_01,B110288,35,1,MASc PG 40 blocks,sa,112,112,14,1
pr_01,B127158,35,1,MASc PG 40 blocks,sa,112,112,14,1
pr_02,B127158,35,1,MASc PG 40 blocks,sa,112,112,14,1
pr_02,B68233,35,1,MASc PG 40 blocks,sa,112,112,14,1
pr_03,B107189,35,1,MASc PG 40 blocks,sa,112,112,14,1
pr_03,B68233,35,1,MASc PG 40 blocks,sa,112,112,14,1
pr_04,B107189,35,1,MASc PG 40 blocks,sa,112,112,14,1
pr_04,B109915,35,1,MASc PG 40 blocks,sa,112,112,14,1
pr_05,B126589,35,1,MASc PG 40 blocks,sa,112,112,14,1
pr_05,B127158,35,1,MASc PG 40 blocks,sa,112,112,14,1
pr_06,B126589,35,1,MASc PG 40 blocks,sa,112,112,14,1
pr_06,B55424,35,1,MASc PG 40 blocks,sa,112,112,14,1
sk_01,B108124,35,1,MASc PG 40 blocks,sa,112,112,14,1
sk_01,B108339,35,1,MASc PG 40 blocks,sa,112,112,14,1
sk_01,B126589,35,1,MASc PG 40 blocks,sa,112,112,14,1
sk_02,B109915,35,1,MASc PG 40 blocks,sa,112,112,14,1
sk_02,B109915,35,1,MASc PG 40 blocks,sa,112,112,14,1
sk_02,B110288,35,1,MASc PG 40 blocks,sa,112,112,14,1
sk_03,B109915,35,1,MASc PG 40 blocks,sa,112,112,14,1
sk_03,B109915,35,1,MASc PG 40 blocks,sa,112,112,14,1
sk_03,B126589,35,1,MASc PG 40 blocks,sa,112,112,14,1
sk_04,B108060,35,1,MASc PG 40 blocks,sa,112,112,14,1
sk_04,B126589,35,1,MASc PG 40 blocks,sa,112,112,14,1
sk_04,B127158,35,1,MASc PG 40 blocks,sa,112,112,14,1
sk_05,B108124,35,1,MASc PG 40 blocks,sa,112,112,14,1
sk_05,B108339,35,1,MASc PG 40 blocks,sa,112,112,14,1
sk_05,B127158,35,1,MASc PG 40 blocks,sa,112,112,14,1
sk_06,B108124,35,1,MASc PG 40 blocks,sa,112,112,14,1
sk_06,B114861,35,1,MASc PG 40 blocks,sa,112,112,14,1
sk_06,B127158,35,1,MASc PG 40 blocks,sa,112,112,14,1
fb_01,B123357,36,1,MASc PG 40 blocks,sa,112,112,14,1
fb_01,B124193,36,1,MASc PG 40 blocks,sa,112,112,14,1
fb_01,B124453,36,1,MASc PG 40 blocks,sa,112,112,14,1
fb_02,B110471,36,1,MASc PG 40 blocks,sa,112,112,14,1
fb_02,B111410,36,1,MASc PG 40 blocks,sa,112,112,14,1
fb_02,B111480,36,1,MASc PG 40 blocks,sa,112,112,14,1
fb_03,B108339,36,1,MASc PG 40 blocks,sa,112,112,14,1
fb_03,B109340,36,1,MASc PG 40 blocks,sa,112,112,14,1
fb_03,B109915,36,1,MASc PG 40 blocks,sa,112,112,14,1
fb_04,B109915,36,1,MASc PG 40 blocks,sa,112,112,14,1
fb_04,B110288,36,1,MASc PG 40 blocks,sa,112,112,14,1
fb_04,B113324,36,1,MASc PG 40 blocks,sa,112,112,14,1
fb_05,B126589,36,1,MASc PG 40 blocks,sa,112,112,14,1
fb_05,B127158,36,1,MASc PG 40 blocks,sa,112,112,14,1
fb_05,B127158,36,1,MASc PG 40 blocks,sa,112,112,14,1
fb_06,B111480,36,1,MASc PG 40 blocks,sa,112,112,14,1
fb_06,B111480,36,1,MASc PG 40 blocks,sa,112,112,14,1
fb_06,B124193,36,1,MASc PG 40 blocks,sa,112,112,14,1
ld_01,B109915,36,1,MASc PG 40 blocks,sa,112,112,14,1
ld_01,B127158,36,1,MASc PG 40 blocks,sa,112,112,14,1
ld_02,B127158,36,1,MASc PG 40 blocks,sa,112,112,14,1
ld_02,B68233,36,1,MASc PG 40 blocks,sa,112,112,14,1
ld_03,B107189,36,1,MASc PG 40 blocks,sa,112,112,14,1
ld_03,B127158,36,1,MASc PG 40 blocks,sa,112,112,14,1
ld_04,B107189,36,1,MASc PG 40 blocks,sa,112,112,14,1
ld_04,B126589,36,1,MASc PG 40 blocks,sa,112,112,14,1
ld_05,B110288,36,1,MASc PG 40 blocks,sa,112,112,14,1
ld_06,B68233,36,1,MASc PG 40 blocks,sa,112,112,14,1
pr_01,B109915,36,1,MASc PG 40 blocks,sa,112,112,14,1
pr_01,B126589,36,1,MASc PG 40 blocks,sa,112,112,14,1
pr_02,B109915,36,1,MASc PG 40 blocks,sa,112,112,14,1
pr_02,B127158,36,1,MASc PG 40 blocks,sa,112,112,14,1
pr_03,B108124,36,1,MASc PG 40 blocks,sa,112,112,14,1
pr_03,B127158,36,1,MASc PG 40 blocks,sa,112,112,14,1
pr_04,B108060,36,1,MASc PG 40 blocks,sa,112,112,14,1
pr_04,B108124,36,1,MASc PG 40 blocks,sa,112,112,14,1
pr_05,B108124,36,1,MASc PG 40 blocks,sa,112,112,14,1
pr_05,B108339,36,1,MASc PG 40 blocks,sa,112,112,14,1
pr_06,B108339,36,1,MASc PG 40 blocks,sa,112,112,14,1
pr_06,B126589,36,1,MASc PG 40 blocks,sa,112,112,14,1
sk_01,B107189,36,1,MASc PG 40 blocks,sa,112,112,14,1
sk_01,B107189,36,1,MASc PG 40 blocks,sa,112,112,14,1
sk_01,B55424,36,1,MASc PG 40 blocks,sa,112,112,14,1
sk_02,B107189,36,1,MASc PG 40 blocks,sa,112,112,14,1
sk_02,B110288,36,1,MASc PG 40 blocks,sa,112,112,14,1
sk_02,B110288,36,1,MASc PG 40 blocks,sa,112,112,14,1
sk_03,B109915,36,1,MASc PG 40 blocks,sa,112,112,14,1
sk_03,B126589,36,1,MASc PG 40 blocks,sa,112,112,14,1
sk_03,B126589,36,1,MASc PG 40 blocks,sa,112,112,14,1
sk_04,B126589,36,1,MASc PG 40 blocks,sa,112,112,14,1
sk_04,B126589,36,1,MASc PG 40 blocks,sa,112,112,14,1
sk_04,B127158,36,1,MASc PG 40 blocks,sa,112,112,14,1
sk_05,B114861,36,1,MASc PG 40 blocks,sa,112,112,14,1
sk_05,B127158,36,1,MASc PG 40 blocks,sa,112,112,14,1
sk_05,B55424,36,1,MASc PG 40 blocks,sa,112,112,14,1
sk_06,B127158,36,1,MASc PG 40 blocks,sa,112,112,14,1
sk_06,B42891,36,1,MASc PG 40 blocks,sa,112,112,14,1
sk_06,B68233,36,1,MASc PG 40 blocks,sa,112,112,14,1
fb_01,B124540,37,1,MASc PG 40 blocks,sa,112,112,14,1
fb_01,B126413,37,1,MASc PG 40 blocks,sa,112,112,14,1
fb_01,B126492,37,1,MASc PG 40 blocks,sa,112,112,14,1
fb_02,B112038,37,1,MASc PG 40 blocks,sa,112,112,14,1
fb_02,B112990,37,1,MASc PG 40 blocks,sa,112,112,14,1
fb_02,B113324,37,1,MASc PG 40 blocks,sa,112,112,14,1
fb_03,B110288,37,1,MASc PG 40 blocks,sa,112,112,14,1
fb_03,B110471,37,1,MASc PG 40 blocks,sa,112,112,14,1
fb_03,B111410,37,1,MASc PG 40 blocks,sa,112,112,14,1
fb_04,B120266,37,1,MASc PG 40 blocks,sa,112,112,14,1
fb_04,B126589,37,1,MASc PG 40 blocks,sa,112,112,14,1
fb_04,B127158,37,1,MASc PG 40 blocks,sa,112,112,14,1
fb_05,B126589,37,1,MASc PG 40 blocks,sa,112,112,14,1
fb_05,B126589,37,1,MASc PG 40 blocks,sa,112,112,14,1
fb_05,B127158,37,1,MASc PG 40 blocks,sa,112,112,14,1
fb_06,B124193,37,1,MASc PG 40 blocks,sa,112,112,14,1
fb_06,B124193,37,1,MASc PG 40 blocks,sa,112,112,14,1
fb_06,B124193,37,1,MASc PG 40 blocks,sa,112,112,14,1
ld_01,B108124,37,1,MASc PG 40 blocks,sa,112,112,14,1
ld_01,B127158,37,1,MASc PG 40 blocks,sa,112,112,14,1
ld_02,B108124,37,1,MASc PG 40 blocks,sa,112,112,14,1
ld_02,B126589,37,1,MASc PG 40 blocks,sa,112,112,14,1
ld_03,B108124,37,1,MASc PG 40 blocks,sa,112,112,14,1
ld_03,B126589,37,1,MASc PG 40 blocks,sa,112,112,14,1
ld_04,B109915,37,1,MASc PG 40 blocks,sa,112,112,14,1
ld_05,B109915,37,1,MASc PG 40 blocks,sa,112,112,14,1
ld_06,B108339,37,1,MASc PG 40 blocks,sa,112,112,14,1
pr_01,B110288,37,1,MASc PG 40 blocks,sa,112,112,14,1
pr_01,B127158,37,1,MASc PG 40 blocks,sa,112,112,14,1
pr_01,B55424,37,1,MASc PG 40 blocks,sa,112,112,14,1
pr_02,B107189,37,1,MASc PG 40 blocks,sa,112,112,14,1
pr_02,B42891,37,1,MASc PG 40 blocks,sa,112,112,14,1
pr_02,B68233,37,1,MASc PG 40 blocks,sa,112,112,14,1
pr_03,B126589,37,1,MASc PG 40 blocks,sa,112,112,14,1
pr_03,B127158,37,1,MASc PG 40 blocks,sa,112,112,14,1
pr_03,B42891,37,1,MASc PG 40 blocks,sa,112,112,14,1
pr_04,B107189,37,1,MASc PG 40 blocks,sa,112,112,14,1
pr_04,B109915,37,1,MASc PG 40 blocks,sa,112,112,14,1
pr_05,B114861,37,1,MASc PG 40 blocks,sa,112,112,14,1
pr_05,B126589,37,1,MASc PG 40 blocks,sa,112,112,14,1
pr_06,B126589,37,1,MASc PG 40 blocks,sa,112,112,14,1
pr_06,B55424,37,1,MASc PG 40 blocks,sa,112,112,14,1
sk_01,B108339,37,1,MASc PG 40 blocks,sa,112,112,14,1
sk_01,B127158,37,1,MASc PG 40 blocks,sa,112,112,14,1
sk_01,B68233,37,1,MASc PG 40 blocks,sa,112,112,14,1
sk_02,B109915,37,1,MASc PG 40 blocks,sa,112,112,14,1
sk_02,B109915,37,1,MASc PG 40 blocks,sa,112,112,14,1
sk_02,B110288,37,1,MASc PG 40 blocks,sa,112,112,14,1
sk_03,B109915,37,1,MASc PG 40 blocks,sa,112,112,14,1
sk_03,B109915,37,1,MASc PG 40 blocks,sa,112,112,14,1
sk_03,B126589,37,1,MASc PG 40 blocks,sa,112,112,14,1
sk_04,B127158,37,1,MASc PG 40 blocks,sa,112,112,14,1
sk_04,B127158,37,1,MASc PG 40 blocks,sa,112,112,14,1
sk_04,B68233,37,1,MASc PG 40 blocks,sa,112,112,14,1
sk_05,B127158,37,1,MASc PG 40 blocks,sa,112,112,14,1
sk_05,B127158,37,1,MASc PG 40 blocks,sa,112,112,14,1
sk_05,B127158,37,1,MASc PG 40 blocks,sa,112,112,14,1
sk_06,B107189,37,1,MASc PG 40 blocks,sa,112,112,14,1
sk_06,B108339,37,1,MASc PG 40 blocks,sa,112,112,14,1
sk_06,B127158,37,1,MASc PG 40 blocks,sa,112,112,14,1
fb_01,B126589,38,1,MASc PG 40 blocks,sa,112,112,14,1
fb_01,B126869,38,1,MASc PG 40 blocks,sa,112,112,14,1
fb_01,B127158,38,1,MASc PG 40 blocks,sa,112,112,14,1
fb_02,B114477,38,1,MASc PG 40 blocks,sa,112,112,14,1
fb_02,B120266,38,1,MASc PG 40 blocks,sa,112,112,14,1
fb_02,B121455,38,1,MASc PG 40 blocks,sa,112,112,14,1
fb_03,B124193,38,1,MASc PG 40 blocks,sa,112,112,14,1
fb_03,B127158,38,1,MASc PG 40 blocks,sa,112,112,14,1
fb_03,B145584,38,1,MASc PG 40 blocks,sa,112,112,14,1
fb_04,B107189,38,1,MASc PG 40 blocks,sa,112,112,14,1
fb_04,B109915,38,1,MASc PG 40 blocks,sa,112,112,14,1
fb_04,B145584,38,1,MASc PG 40 blocks,sa,112,112,14,1
fb_05,B126589,38,1,MASc PG 40 blocks,sa,112,112,14,1
fb_05,B127158,38,1,MASc PG 40 blocks,sa,112,112,14,1
fb_05,B127158,38,1,MASc PG 40 blocks,sa,112,112,14,1
fb_06,B124193,38,1,MASc PG 40 blocks,sa,112,112,14,1
fb_06,B129183,38,1,MASc PG 40 blocks,sa,112,112,14,1
fb_06,B129183,38,1,MASc PG 40 blocks,sa,112,112,14,1
ld_01,B107189,38,1,MASc PG 40 blocks,sa,112,112,14,1
ld_01,B127158,38,1,MASc PG 40 blocks,sa,112,112,14,1
ld_01,B42891,38,1,MASc PG 40 blocks,sa,112,112,14,1
ld_02,B110288,38,1,MASc PG 40 blocks,sa,112,112,14,1
ld_02,B127158,38,1,MASc PG 40 blocks,sa,112,112,14,1
ld_03,B126589,38,1,MASc PG 40 blocks,sa,112,112,14,1
ld_03,B68233,38,1,MASc PG 40 blocks,sa,112,112,14,1
ld_04,B126589,38,1,MASc PG 40 blocks,sa,112,112,14,1
ld_04,B55424,38,1,MASc PG 40 blocks,sa,112,112,14,1
ld_05,B107189,38,1,MASc PG 40 blocks,sa,112,112,14,1
ld_05,B109915,38,1,MASc PG 40 blocks,sa,112,112,14,1
ld_06,B109915,38,1,MASc PG 40 blocks,sa,112,112,14,1
ld_06,B42891,38,1,MASc PG 40 blocks,sa,112,112,14,1
pr_01,B107189,38,1,MASc PG 40 blocks,sa,112,112,14,1
pr_01,B110288,38,1,MASc PG 40 blocks,sa,112,112,14,1
pr_01,B127158,38,1,MASc PG 40 blocks,sa,112,112,14,1
pr_02,B109915,38,1,MASc PG 40 blocks,sa,112,112,14,1
pr_02,B127158,38,1,MASc PG 40 blocks,sa,112,112,14,1
pr_03,B109915,38,1,MASc PG 40 blocks,sa,112,112,14,1
pr_03,B127158,38,1,MASc PG 40 blocks,sa,112,112,14,1
pr_04,B108339,38,1,MASc PG 40 blocks,sa,112,112,14,1
pr_04,B68233,38,1,MASc PG 40 blocks,sa,112,112,14,1
pr_05,B108339,38,1,MASc PG 40 blocks,sa,112,112,14,1
pr_05,B126589,38,1,MASc PG 40 blocks,sa,112,112,14,1
pr_06,B127158,38,1,MASc PG 40 blocks,sa,112,112,14,1
pr_06,B127158,38,1,MASc PG 40 blocks,sa,112,112,14,1
sk_01,B126589,38,1,MASc PG 40 blocks,sa,112,112,14,1
sk_01,B127158,38,1,MASc PG 40 blocks,sa,112,112,14,1
sk_01,B127158,38,1,MASc PG 40 blocks,sa,112,112,14,1
sk_02,B110288,38,1,MASc PG 40 blocks,sa,112,112,14,1
sk_02,B110288,38,1,MASc PG 40 blocks,sa,112,112,14,1
sk_02,B110288,38,1,MASc PG 40 blocks,sa,112,112,14,1
sk_03,B109915,38,1,MASc PG 40 blocks,sa,112,112,14,1
sk_03,B126589,38,1,MASc PG 40 blocks,sa,112,112,14,1
sk_03,B127158,38,1,MASc PG 40 blocks,sa,112,112,14,1
sk_04,B126589,38,1,MASc PG 40 blocks,sa,112,112,14,1
sk_04,B127158,38,1,MASc PG 40 blocks,sa,112,112,14,1
sk_04,B127158,38,1,MASc PG 40 blocks,sa,112,112,14,1
sk_05,B127158,38,1,MASc PG 40 blocks,sa,112,112,14,1
sk_05,B127158,38,1,MASc PG 40 blocks,sa,112,112,14,1
sk_05,B127158,38,1,MASc PG 40 blocks,sa,112,112,14,1
sk_06,B127158,38,1,MASc PG 40 blocks,sa,112,112,14,1
sk_06,B127158,38,1,MASc PG 40 blocks,sa,112,112,14,1
sk_06,B127158,38,1,MASc PG 40 blocks,sa,112,112,14,1
fb_01,B129183,39,1,MASc PG 40 blocks,sa,112,112,14,1
fb_01,B145584,39,1,MASc PG 40 blocks,sa,112,112,14,1
fb_01,B42891,39,1,MASc PG 40 blocks,sa,112,112,14,1
fb_02,B121928,39,1,MASc PG 40 blocks,sa,112,112,14,1
fb_02,B126413,39,1,MASc PG 40 blocks,sa,112,112,14,1
fb_02,B126492,39,1,MASc PG 40 blocks,sa,112,112,14,1
fb_03,B113324,39,1,MASc PG 40 blocks,sa,112,112,14,1
fb_03,B114477,39,1,MASc PG 40 blocks,sa,112,112,14,1
fb_03,B120266,39,1,MASc PG 40 blocks,sa,112,112,14,1
fb_04,B110288,39,1,MASc PG 40 blocks,sa,112,112,14,1
fb_04,B113324,39,1,MASc PG 40 blocks,sa,112,112,14,1
fb_04,B120266,39,1,MASc PG 40 blocks,sa,112,112,14,1
fb_05,B126589,39,1,MASc PG 40 blocks,sa,112,112,14,1
fb_05,B126589,39,1,MASc PG 40 blocks,sa,112,112,14,1
fb_05,B127158,39,1,MASc PG 40 blocks,sa,112,112,14,1
fb_06,B109340,39,1,MASc PG 40 blocks,sa,112,112,14,1
fb_06,B129183,39,1,MASc PG 40 blocks,sa,112,112,14,1
fb_06,B129183,39,1,MASc PG 40 blocks,sa,112,112,14,1
ld_01,B110288,39,1,MASc PG 40 blocks,sa,112,112,14,1
ld_01,B127158,39,1,MASc PG 40 blocks,sa,112,112,14,1
ld_02,B127158,39,1,MASc PG 40 blocks,sa,112,112,14,1
ld_02,B68233,39,1,MASc PG 40 blocks,sa,112,112,14,1
ld_03,B108339,39,1,MASc PG 40 blocks,sa,112,112,14,1
ld_03,B127158,39,1,MASc PG 40 blocks,sa,112,112,14,1
ld_04,B108339,39,1,MASc PG 40 blocks,sa,112,112,14,1
ld_04,B127158,39,1,MASc PG 40 blocks,sa,112,112,14,1
ld_05,B109915,39,1,MASc PG 40 blocks,sa,112,112,14,1
ld_05,B126589,39,1,MASc PG 40 blocks,sa,112,112,14,1
ld_06,B107189,39,1,MASc PG 40 blocks,sa,112,112,14,1
ld_06,B109915,39,1,MASc PG 40 blocks,sa,112,112,14,1
pr_01,B110288,39,1,MASc PG 40 blocks,sa,112,112,14,1
pr_01,B127158,39,1,MASc PG 40 blocks,sa,112,112,14,1
pr_01,B127158,39,1,MASc PG 40 blocks,sa,112,112,14,1
pr_02,B109915,39,1,MASc PG 40 blocks,sa,112,112,14,1
pr_02,B127158,39,1,MASc PG 40 blocks,sa,112,112,14,1
pr_03,B126589,39,1,MASc PG 40 blocks,sa,112,112,14,1
pr_03,B127158,39,1,MASc PG 40 blocks,sa,112,112,14,1
pr_04,B126589,39,1,MASc PG 40 blocks,sa,112,112,14,1
pr_04,B127158,39,1,MASc PG 40 blocks,sa,112,112,14,1
pr_05,B127158,39,1,MASc PG 40 blocks,sa,112,112,14,1
pr_05,B127158,39,1,MASc PG 40 blocks,sa,112,112,14,1
pr_06,B127158,39,1,MASc PG 40 blocks,sa,112,112,14,1
pr_06,B127158,39,1,MASc PG 40 blocks,sa,112,112,14,1
sk_01,B107189,39,1,MASc PG 40 blocks,sa,112,112,14,1
sk_01,B127158,39,1,MASc PG 40 blocks,sa,112,112,14,1
sk_01,B127158,39,1,MASc PG 40 blocks,sa,112,112,14,1
sk_02,B109915,39,1,MASc PG 40 blocks,sa,112,112,14,1
sk_02,B109915,39,1,MASc PG 40 blocks,sa,112,112,14,1
sk_02,B110288,39,1,MASc PG 40 blocks,sa,112,112,14,1
sk_03,B109915,39,1,MASc PG 40 blocks,sa,112,112,14,1
sk_03,B109915,39,1,MASc PG 40 blocks,sa,112,112,14,1
sk_03,B126589,39,1,MASc PG 40 blocks,sa,112,112,14,1
sk_04,B126589,39,1,MASc PG 40 blocks,sa,112,112,14,1
sk_04,B127158,39,1,MASc PG 40 blocks,sa,112,112,14,1
sk_04,B127158,39,1,MASc PG 40 blocks,sa,112,112,14,1
sk_05,B127158,39,1,MASc PG 40 blocks,sa,112,112,14,1
sk_05,B127158,39,1,MASc PG 40 blocks,sa,112,112,14,1
sk_05,B127158,39,1,MASc PG 40 blocks,sa,112,112,14,1
sk_06,B107189,39,1,MASc PG 40 blocks,sa,112,112,14,1
sk_06,B126589,39,1,MASc PG 40 blocks,sa,112,112,14,1
sk_06,B127158,39,1,MASc PG 40 blocks,sa,112,112,14,1
fb_01,B44010,40,1,MASc PG 40 blocks,sa,112,112,14,1
fb_01,B45231,40,1,MASc PG 40 blocks,sa,112,112,14,1
fb_01,B53160,40,1,MASc PG 40 blocks,sa,112,112,14,1
fb_02,B126589,40,1,MASc PG 40 blocks,sa,112,112,14,1
fb_02,B126869,40,1,MASc PG 40 blocks,sa,112,112,14,1
fb_02,B127158,40,1,MASc PG 40 blocks,sa,112,112,14,1
fb_03,B126413,40,1,MASc PG 40 blocks,sa,112,112,14,1
fb_03,B126589,40,1,MASc PG 40 blocks,sa,112,112,14,1
fb_03,B126869,40,1,MASc PG 40 blocks,sa,112,112,14,1
fb_04,B126589,40,1,MASc PG 40 blocks,sa,112,112,14,1
fb_04,B127158,40,1,MASc PG 40 blocks,sa,112,112,14,1
fb_04,B145584,40,1,MASc PG 40 blocks,sa,112,112,14,1
fb_05,B126589,40,1,MASc PG 40 blocks,sa,112,112,14,1
fb_05,B127158,40,1,MASc PG 40 blocks,sa,112,112,14,1
fb_05,B127158,40,1,MASc PG 40 blocks,sa,112,112,14,1
fb_06,B109340,40,1,MASc PG 40 blocks,sa,112,112,14,1
fb_06,B109340,40,1,MASc PG 40 blocks,sa,112,112,14,1
fb_06,B109340,40,1,MASc PG 40 blocks,sa,112,112,14,1
ld_01,B110288,40,1,MASc PG 40 blocks,sa,112,112,14,1
ld_01,B127158,40,1,MASc PG 40 blocks,sa,112,112,14,1
ld_02,B127158,40,1,MASc PG 40 blocks,sa,112,112,14,1
ld_02,B127158,40,1,MASc PG 40 blocks,sa,112,112,14,1
ld_03,B126589,40,1,MASc PG 40 blocks,sa,112,112,14,1
ld_03,B127158,40,1,MASc PG 40 blocks,sa,112,112,14,1
ld_04,B109915,40,1,MASc PG 40 blocks,sa,112,112,14,1
ld_04,B127158,40,1,MASc PG 40 blocks,sa,112,112,14,1
ld_05,B126589,40,1,MASc PG 40 blocks,sa,112,112,14,1
ld_05,B127158,40,1,MASc PG 40 blocks,sa,112,112,14,1
ld_06,B127158,40,1,MASc PG 40 blocks,sa,112,112,14,1
pr_01,B109915,40,1,MASc PG 40 blocks,sa,112,112,14,1
pr_01,B127158,40,1,MASc PG 40 blocks,sa,112,112,14,1
pr_01,B127158,40,1,MASc PG 40 blocks,sa,112,112,14,1
pr_02,B109915,40,1,MASc PG 40 blocks,sa,112,112,14,1
pr_02,B127158,40,1,MASc PG 40 blocks,sa,112,112,14,1
pr_02,B127158,40,1,MASc PG 40 blocks,sa,112,112,14,1
pr_03,B110288,40,1,MASc PG 40 blocks,sa,112,112,14,1
pr_03,B127158,40,1,MASc PG 40 blocks,sa,112,112,14,1
pr_04,B107189,40,1,MASc PG 40 blocks,sa,112,112,14,1
pr_04,B126589,40,1,MASc PG 40 blocks,sa,112,112,14,1
pr_05,B107189,40,1,MASc PG 40 blocks,sa,112,112,14,1
pr_05,B126589,40,1,MASc PG 40 blocks,sa,112,112,14,1
pr_06,B126589,40,1,MASc PG 40 blocks,sa,112,112,14,1
pr_06,B127158,40,1,MASc PG 40 blocks,sa,112,112,14,1
sk_01,B126589,40,1,MASc PG 40 blocks,sa,112,112,14,1
sk_01,B127158,40,1,MASc PG 40 blocks,sa,112,112,14,1
sk_01,B42891,40,1,MASc PG 40 blocks,sa,112,112,14,1
sk_02,B110288,40,1,MASc PG 40 blocks,sa,112,112,14,1
sk_02,B110288,40,1,MASc PG 40 blocks,sa,112,112,14,1
sk_02,B127158,40,1,MASc PG 40 blocks,sa,112,112,14,1
sk_03,B109915,40,1,MASc PG 40 blocks,sa,112,112,14,1
sk_03,B126589,40,1,MASc PG 40 blocks,sa,112,112,14,1
sk_03,B127158,40,1,MASc PG 40 blocks,sa,112,112,14,1
sk_04,B126589,40,1,MASc PG 40 blocks,sa,112,112,14,1
sk_04,B127158,40,1,MASc PG 40 blocks,sa,112,112,14,1
sk_04,B127158,40,1,MASc PG 40 blocks,sa,112,112,14,1
sk_05,B126589,40,1,MASc PG 40 blocks,sa,112,112,14,1
sk_05,B127158,40,1,MASc PG 40 blocks,sa,112,112,14,1
sk_05,B127158,40,1,MASc PG 40 blocks,sa,112,112,14,1
sk_06,B126589,40,1,MASc PG 40 blocks,sa,112,112,14,1
sk_06,B126589,40,1,MASc PG 40 blocks,sa,112,112,14,1
sk_06,B127158,40,1,MASc PG 40 blocks,sa,112,112,14,1
fb_01,B55424,41,1,MASc PG 40 blocks,sa,112,112,14,1
fb_01,B65573,41,1,MASc PG 40 blocks,sa,112,112,14,1
fb_01,B68233,41,1,MASc PG 40 blocks,sa,112,112,14,1
fb_02,B145584,41,1,MASc PG 40 blocks,sa,112,112,14,1
fb_02,B42891,41,1,MASc PG 40 blocks,sa,112,112,14,1
fb_02,B44010,41,1,MASc PG 40 blocks,sa,112,112,14,1
fb_03,B127158,41,1,MASc PG 40 blocks,sa,112,112,14,1
fb_03,B145584,41,1,MASc PG 40 blocks,sa,112,112,14,1
fb_03,B42891,41,1,MASc PG 40 blocks,sa,112,112,14,1
fb_04,B107189,41,1,MASc PG 40 blocks,sa,112,112,14,1
fb_04,B109915,41,1,MASc PG 40 blocks,sa,112,112,14,1
fb_04,B110288,41,1,MASc PG 40 blocks,sa,112,112,14,1
fb_05,B126589,41,1,MASc PG 40 blocks,sa,112,112,14,1
fb_05,B126589,41,1,MASc PG 40 blocks,sa,112,112,14,1
fb_05,B127158,41,1,MASc PG 40 blocks,sa,112,112,14,1
fb_06,B109340,41,1,MASc PG 40 blocks,sa,112,112,14,1
fb_06,B109340,41,1,MASc PG 40 blocks,sa,112,112,14,1
fb_06,B111480,41,1,MASc PG 40 blocks,sa,112,112,14,1
ld_01,B110288,41,1,MASc PG 40 blocks,sa,112,112,14,1
ld_01,B126589,41,1,MASc PG 40 blocks,sa,112,112,14,1
ld_01,B127158,41,1,MASc PG 40 blocks,sa,112,112,14,1
ld_02,B126589,41,1,MASc PG 40 blocks,sa,112,112,14,1
ld_02,B127158,41,1,MASc PG 40 blocks,sa,112,112,14,1
ld_03,B107189,41,1,MASc PG 40 blocks,sa,112,112,14,1
ld_03,B127158,41,1,MASc PG 40 blocks,sa,112,112,14,1
ld_04,B110288,41,1,MASc PG 40 blocks,sa,112,112,14,1
ld_04,B127158,41,1,MASc PG 40 blocks,sa,112,112,14,1
ld_05,B109915,41,1,MASc PG 40 blocks,sa,112,112,14,1
ld_05,B127158,41,1,MASc PG 40 blocks,sa,112,112,14,1
ld_06,B109915,41,1,MASc PG 40 blocks,sa,112,112,14,1
ld_06,B126589,41,1,MASc PG 40 blocks,sa,112,112,14,1
pr_01,B110288,41,1,MASc PG 40 blocks,sa,112,112,14,1
pr_01,B127158,41,1,MASc PG 40 blocks,sa,112,112,14,1
pr_01,B127158,41,1,MASc PG 40 blocks,sa,112,112,14,1
pr_02,B109915,41,1,MASc PG 40 blocks,sa,112,112,14,1
pr_02,B127158,41,1,MASc PG 40 blocks,sa,112,112,14,1
pr_03,B126589,41,1,MASc PG 40 blocks,sa,112,112,14,1
pr_03,B127158,41,1,MASc PG 40 blocks,sa,112,112,14,1
pr_04,B126589,41,1,MASc PG 40 blocks,sa,112,112,14,1
pr_04,B127158,41,1,MASc PG 40 blocks,sa,112,112,14,1
pr_05,B126589,41,1,MASc PG 40 blocks,sa,112,112,14,1
pr_05,B42891,41,1,MASc PG 40 blocks,sa,112,112,14,1
pr_06,B126589,41,1,MASc PG 40 blocks,sa,112,112,14,1
pr_06,B127158,41,1,MASc PG 40 blocks,sa,112,112,14,1
sk_01,B127158,41,1,MASc PG 40 blocks,sa,112,112,14,1
sk_01,B44010,41,1,MASc PG 40 blocks,sa,112,112,14,1
sk_01,B45231,41,1,MASc PG 40 blocks,sa,112,112,14,1
sk_02,B109915,41,1,MASc PG 40 blocks,sa,112,112,14,1
sk_02,B109915,41,1,MASc PG 40 blocks,sa,112,112,14,1
sk_02,B110288,41,1,MASc PG 40 blocks,sa,112,112,14,1
sk_03,B109915,41,1,MASc PG 40 blocks,sa,112,112,14,1
sk_03,B126589,41,1,MASc PG 40 blocks,sa,112,112,14,1
sk_03,B127158,41,1,MASc PG 40 blocks,sa,112,112,14,1
sk_04,B126589,41,1,MASc PG 40 blocks,sa,112,112,14,1
sk_04,B127158,41,1,MASc PG 40 blocks,sa,112,112,14,1
sk_04,B127158,41,1,MASc PG 40 blocks,sa,112,112,14,1
sk_05,B127158,41,1,MASc PG 40 blocks,sa,112,112,14,1
sk_05,B127158,41,1,MASc PG 40 blocks,sa,112,112,14,1
sk_05,B53160,41,1,MASc PG 40 blocks,sa,112,112,14,1
sk_06,B127158,41,1,MASc PG 40 blocks,sa,112,112,14,1
sk_06,B127158,41,1,MASc PG 40 blocks,sa,112,112,14,1
sk_06,B44010,41,1,MASc PG 40 blocks,sa,112,112,14,1
fb_01,B107189,42,1,MASc PG 40 blocks,sa,112,112,14,1
fb_01,B108060,42,1,MASc PG 40 blocks,sa,112,112,14,1
fb_01,B108124,42,1,MASc PG 40 blocks,sa,112,112,14,1
fb_02,B107189,42,1,MASc PG 40 blocks,sa,112,112,14,1
fb_02,B55424,42,1,MASc PG 40 blocks,sa,112,112,14,1
fb_02,B68233,42,1,MASc PG 40 blocks,sa,112,112,14,1
fb_03,B107189,42,1,MASc PG 40 blocks,sa,112,112,14,1
fb_03,B55424,42,1,MASc PG 40 blocks,sa,112,112,14,1
fb_03,B68233,42,1,MASc PG 40 blocks,sa,112,112,14,1
fb_04,B120266,42,1,MASc PG 40 blocks,sa,112,112,14,1
fb_04,B126589,42,1,MASc PG 40 blocks,sa,112,112,14,1
fb_04,B127158,42,1,MASc PG 40 blocks,sa,112,112,14,1
fb_05,B126589,42,1,MASc PG 40 blocks,sa,112,112,14,1
fb_05,B127158,42,1,MASc PG 40 blocks,sa,112,112,14,1
fb_05,B127158,42,1,MASc PG 40 blocks,sa,112,112,14,1
fb_06,B109340,42,1,MASc PG 40 blocks,sa,112,112,14,1
fb_06,B109340,42,1,MASc PG 40 blocks,sa,112,112,14,1
fb_06,B109340,42,1,MASc PG 40 blocks,sa,112,112,14,1
ld_01,B110288,42,1,MASc PG 40 blocks,sa,112,112,14,1
ld_01,B127158,42,1,MASc PG 40 blocks,sa,112,112,14,1
ld_02,B126589,42,1,MASc PG 40 blocks,sa,112,112,14,1
ld_02,B127158,42,1,MASc PG 40 blocks,sa,112,112,14,1
ld_03,B126589,42,1,MASc PG 40 blocks,sa,112,112,14,1
ld_03,B127158,42,1,MASc PG 40 blocks,sa,112,112,14,1
ld_04,B109915,42,1,MASc PG 40 blocks,sa,112,112,14,1
ld_04,B127158,42,1,MASc PG 40 blocks,sa,112,112,14,1
ld_05,B127158,42,1,MASc PG 40 blocks,sa,112,112,14,1
ld_06,B126589,42,1,MASc PG 40 blocks,sa,112,112,14,1
pr_01,B110288,42,1,MASc PG 40 blocks,sa,112,112,14,1
pr_01,B126589,42,1,MASc PG 40 blocks,sa,112,112,14,1
pr_01,B53160,42,1,MASc PG 40 blocks,sa,112,112,14,1
pr_02,B109915,42,1,MASc PG 40 blocks,sa,112,112,14,1
pr_02,B127158,42,1,MASc PG 40 blocks,sa,112,112,14,1
pr_03,B127158,42,1,MASc PG 40 blocks,sa,112,112,14,1
pr_03,B45231,42,1,MASc PG 40 blocks,sa,112,112,14,1
pr_04,B127158,42,1,MASc PG 40 blocks,sa,112,112,14,1
pr_04,B44010,42,1,MASc PG 40 blocks,sa,112,112,14,1
pr_05,B127158,42,1,MASc PG 40 blocks,sa,112,112,14,1
pr_05,B127158,42,1,MASc PG 40 blocks,sa,112,112,14,1
pr_06,B127158,42,1,MASc PG 40 blocks,sa,112,112,14,1
pr_06,B44010,42,1,MASc PG 40 blocks,sa,112,112,14,1
sk_01,B42891,42,1,MASc PG 40 blocks,sa,112,112,14,1
sk_01,B42891,42,1,MASc PG 40 blocks,sa,112,112,14,1
sk_01,B65573,42,1,MASc PG 40 blocks,sa,112,112,14,1
sk_02,B109915,42,1,MASc PG 40 blocks,sa,112,112,14,1
sk_02,B110288,42,1,MASc PG 40 blocks,sa,112,112,14,1
sk_02,B110288,42,1,MASc PG 40 blocks,sa,112,112,14,1
sk_03,B109915,42,1,MASc PG 40 blocks,sa,112,112,14,1
sk_03,B126589,42,1,MASc PG 40 blocks,sa,112,112,14,1
sk_03,B126589,42,1,MASc PG 40 blocks,sa,112,112,14,1
sk_04,B126589,42,1,MASc PG 40 blocks,sa,112,112,14,1
sk_04,B126589,42,1,MASc PG 40 blocks,sa,112,112,14,1
sk_04,B127158,42,1,MASc PG 40 blocks,sa,112,112,14,1
sk_05,B127158,42,1,MASc PG 40 blocks,sa,112,112,14,1
sk_05,B55424,42,1,MASc PG 40 blocks,sa,112,112,14,1
sk_05,B65573,42,1,MASc PG 40 blocks,sa,112,112,14,1
sk_06,B107189,42,1,MASc PG 40 blocks,sa,112,112,14,1
sk_06,B44010,42,1,MASc PG 40 blocks,sa,112,112,14,1
sk_06,B44010,42,1,MASc PG 40 blocks,sa,112,112,14,1
fb_01,B107189,43,1,MASc PG 40 blocks,sa,112,112,14,1
fb_01,B110471,43,1,MASc PG 40 blocks,sa,112,112,14,1
fb_01,B127158,43,1,MASc PG 40 blocks,sa,112,112,14,1
fb_02,B108060,43,1,MASc PG 40 blocks,sa,112,112,14,1
fb_02,B108124,43,1,MASc PG 40 blocks,sa,112,112,14,1
fb_02,B108339,43,1,MASc PG 40 blocks,sa,112,112,14,1
fb_03,B108339,43,1,MASc PG 40 blocks,sa,112,112,14,1
fb_03,B109915,43,1,MASc PG 40 blocks,sa,112,112,14,1
fb_03,B121154,43,1,MASc PG 40 blocks,sa,112,112,14,1
fb_04,B107189,43,1,MASc PG 40 blocks,sa,112,112,14,1
fb_04,B55424,43,1,MASc PG 40 blocks,sa,112,112,14,1
fb_04,B68233,43,1,MASc PG 40 blocks,sa,112,112,14,1
fb_05,B108060,43,1,MASc PG 40 blocks,sa,112,112,14,1
fb_05,B126589,43,1,MASc PG 40 blocks,sa,112,112,14,1
fb_05,B145584,43,1,MASc PG 40 blocks,sa,112,112,14,1
fb_06,B108339,43,1,MASc PG 40 blocks,sa,112,112,14,1
fb_06,B126589,43,1,MASc PG 40 blocks,sa,112,112,14,1
fb_06,B126589,43,1,MASc PG 40 blocks,sa,112,112,14,1
fb_01,B108339,44,1,MASc PG 40 blocks,sa,112,112,14,1
fb_01,B109517,44,1,MASc PG 40 blocks,sa,112,112,14,1
fb_01,B121154,44,1,MASc PG 40 blocks,sa,112,112,14,1
fb_02,B109340,44,1,MASc PG 40 blocks,sa,112,112,14,1
fb_02,B109915,44,1,MASc PG 40 blocks,sa,112,112,14,1
fb_02,B110288,44,1,MASc PG 40 blocks,sa,112,112,14,1
fb_03,B109915,44,1,MASc PG 40 blocks,sa,112,112,14,1
fb_03,B110288,44,1,MASc PG 40 blocks,sa,112,112,14,1
fb_03,B110471,44,1,MASc PG 40 blocks,sa,112,112,14,1
fb_04,B109915,44,1,MASc PG 40 blocks,sa,112,112,14,1
fb_04,B110288,44,1,MASc PG 40 blocks,sa,112,112,14,1
fb_04,B110471,44,1,MASc PG 40 blocks,sa,112,112,14,1
fb_05,B109915,44,1,MASc PG 40 blocks,sa,112,112,14,1
fb_05,B110288,44,1,MASc PG 40 blocks,sa,112,112,14,1
fb_05,B120266,44,1,MASc PG 40 blocks,sa,112,112,14,1
fb_06,B126413,44,1,MASc PG 40 blocks,sa,112,112,14,1
fb_06,B126589,44,1,MASc PG 40 blocks,sa,112,112,14,1
fb_06,B127158,44,1,MASc PG 40 blocks,sa,112,112,14,1
sk_01,B108060,44,1,MASc PG 40 blocks,sa,112,112,14,1
sk_01,B108124,44,1,MASc PG 40 blocks,sa,112,112,14,1
sk_01,B108339,44,1,MASc PG 40 blocks,sa,112,112,14,1
sk_02,B108060,44,1,MASc PG 40 blocks,sa,112,112,14,1
sk_02,B55424,44,1,MASc PG 40 blocks,sa,112,112,14,1
sk_02,B68233,44,1,MASc PG 40 blocks,sa,112,112,14,1
sk_03,B108060,44,1,MASc PG 40 blocks,sa,112,112,14,1
sk_03,B108339,44,1,MASc PG 40 blocks,sa,112,112,14,1
sk_03,B68233,44,1,MASc PG 40 blocks,sa,112,112,14,1
sk_04,B108339,44,1,MASc PG 40 blocks,sa,112,112,14,1
sk_04,B109915,44,1,MASc PG 40 blocks,sa,112,112,14,1
sk_04,B145584,44,1,MASc PG 40 blocks,sa,112,112,14,1
sk_05,B108124,44,1,MASc PG 40 blocks,sa,112,112,14,1
sk_05,B108339,44,1,MASc PG 40 blocks,sa,112,112,14,1
sk_05,B127158,44,1,MASc PG 40 blocks,sa,112,112,14,1
sk_06,B107189,44,1,MASc PG 40 blocks,sa,112,112,14,1
sk_06,B108339,44,1,MASc PG 40 blocks,sa,112,112,14,1
sk_06,B145584,44,1,MASc PG 40 blocks,sa,112,112,14,1
fb_01,B109915,45,1,MASc PG 40 blocks,sa,112,112,14,1
fb_01,B110288,45,1,MASc PG 40 blocks,sa,112,112,14,1
fb_01,B110471,45,1,MASc PG 40 blocks,sa,112,112,14,1
fb_02,B110471,45,1,MASc PG 40 blocks,sa,112,112,14,1
fb_02,B111410,45,1,MASc PG 40 blocks,sa,112,112,14,1
fb_02,B111480,45,1,MASc PG 40 blocks,sa,112,112,14,1
fb_03,B111480,45,1,MASc PG 40 blocks,sa,112,112,14,1
fb_03,B112038,45,1,MASc PG 40 blocks,sa,112,112,14,1
fb_03,B112990,45,1,MASc PG 40 blocks,sa,112,112,14,1
fb_04,B112038,45,1,MASc PG 40 blocks,sa,112,112,14,1
fb_04,B113324,45,1,MASc PG 40 blocks,sa,112,112,14,1
fb_04,B120266,45,1,MASc PG 40 blocks,sa,112,112,14,1
fb_05,B126589,45,1,MASc PG 40 blocks,sa,112,112,14,1
fb_05,B127158,45,1,MASc PG 40 blocks,sa,112,112,14,1
fb_05,B145584,45,1,MASc PG 40 blocks,sa,112,112,14,1
fb_06,B126589,45,1,MASc PG 40 blocks,sa,112,112,14,1
fb_06,B126589,45,1,MASc PG 40 blocks,sa,112,112,14,1
fb_06,B127158,45,1,MASc PG 40 blocks,sa,112,112,14,1
pr_01,B108339,45,1,MASc PG 40 blocks,sa,112,112,14,1
pr_01,B68233,45,1,MASc PG 40 blocks,sa,112,112,14,1
pr_02,B108124,45,1,MASc PG 40 blocks,sa,112,112,14,1
pr_02,B108339,45,1,MASc PG 40 blocks,sa,112,112,14,1
pr_03,B108339,45,1,MASc PG 40 blocks,sa,112,112,14,1
pr_03,B145584,45,1,MASc PG 40 blocks,sa,112,112,14,1
pr_04,B108060,45,1,MASc PG 40 blocks,sa,112,112,14,1
pr_04,B108339,45,1,MASc PG 40 blocks,sa,112,112,14,1
pr_05,B108060,45,1,MASc PG 40 blocks,sa,112,112,14,1
pr_05,B55424,45,1,MASc PG 40 blocks,sa,112,112,14,1
pr_06,B108060,45,1,MASc PG 40 blocks,sa,112,112,14,1
sk_01,B107189,45,1,MASc PG 40 blocks,sa,112,112,14,1
sk_01,B109517,45,1,MASc PG 40 blocks,sa,112,112,14,1
sk_01,B110288,45,1,MASc PG 40 blocks,sa,112,112,14,1
sk_02,B110288,45,1,MASc PG 40 blocks,sa,112,112,14,1
sk_02,B110471,45,1,MASc PG 40 blocks,sa,112,112,14,1
sk_02,B127158,45,1,MASc PG 40 blocks,sa,112,112,14,1
sk_03,B109915,45,1,MASc PG 40 blocks,sa,112,112,14,1
sk_03,B110288,45,1,MASc PG 40 blocks,sa,112,112,14,1
sk_03,B110471,45,1,MASc PG 40 blocks,sa,112,112,14,1
sk_04,B108339,45,1,MASc PG 40 blocks,sa,112,112,14,1
sk_04,B120266,45,1,MASc PG 40 blocks,sa,112,112,14,1
sk_04,B126589,45,1,MASc PG 40 blocks,sa,112,112,14,1
sk_05,B108339,45,1,MASc PG 40 blocks,sa,112,112,14,1
sk_05,B109915,45,1,MASc PG 40 blocks,sa,112,112,14,1
sk_05,B127158,45,1,MASc PG 40 blocks,sa,112,112,14,1
sk_06,B107189,45,1,MASc PG 40 blocks,sa,112,112,14,1
sk_06,B127158,45,1,MASc PG 40 blocks,sa,112,112,14,1
sk_06,B68233,45,1,MASc PG 40 blocks,sa,112,112,14,1
fb_01,B111410,46,1,MASc PG 40 blocks,sa,112,112,14,1
fb_01,B111480,46,1,MASc PG 40 blocks,sa,112,112,14,1
fb_01,B111867,46,1,MASc PG 40 blocks,sa,112,112,14,1
fb_02,B112990,46,1,MASc PG 40 blocks,sa,112,112,14,1
fb_02,B113324,46,1,MASc PG 40 blocks,sa,112,112,14,1
fb_02,B126413,46,1,MASc PG 40 blocks,sa,112,112,14,1
fb_03,B113324,46,1,MASc PG 40 blocks,sa,112,112,14,1
fb_03,B114477,46,1,MASc PG 40 blocks,sa,112,112,14,1
fb_03,B120266,46,1,MASc PG 40 blocks,sa,112,112,14,1
fb_04,B112038,46,1,MASc PG 40 blocks,sa,112,112,14,1
fb_04,B126589,46,1,MASc PG 40 blocks,sa,112,112,14,1
fb_04,B126869,46,1,MASc PG 40 blocks,sa,112,112,14,1
fb_05,B109915,46,1,MASc PG 40 blocks,sa,112,112,14,1
fb_05,B110288,46,1,MASc PG 40 blocks,sa,112,112,14,1
fb_05,B120266,46,1,MASc PG 40 blocks,sa,112,112,14,1
fb_06,B126589,46,1,MASc PG 40 blocks,sa,112,112,14,1
fb_06,B127158,46,1,MASc PG 40 blocks,sa,112,112,14,1
fb_06,B127158,46,1,MASc PG 40 blocks,sa,112,112,14,1
ld_01,B68233,46,1,MASc PG 40 blocks,sa,112,112,14,1
ld_02,B108339,46,1,MASc PG 40 blocks,sa,112,112,14,1
ld_03,B108339,46,1,MASc PG 40 blocks,sa,112,112,14,1
ld_04,B108124,46,1,MASc PG 40 blocks,sa,112,112,14,1
ld_05,B108060,46,1,MASc PG 40 blocks,sa,112,112,14,1
ld_06,B108060,46,1,MASc PG 40 blocks,sa,112,112,14,1
pr_01,B108339,46,1,MASc PG 40 blocks,sa,112,112,14,1
pr_01,B110288,46,1,MASc PG 40 blocks,sa,112,112,14,1
pr_02,B108339,46,1,MASc PG 40 blocks,sa,112,112,14,1
pr_02,B109915,46,1,MASc PG 40 blocks,sa,112,112,14,1
pr_03,B107189,46,1,MASc PG 40 blocks,sa,112,112,14,1
pr_03,B110471,46,1,MASc PG 40 blocks,sa,112,112,14,1
pr_04,B127158,46,1,MASc PG 40 blocks,sa,112,112,14,1
pr_05,B107189,46,1,MASc PG 40 blocks,sa,112,112,14,1
pr_06,B127158,46,1,MASc PG 40 blocks,sa,112,112,14,1
sk_01,B126589,46,1,MASc PG 40 blocks,sa,112,112,14,1
sk_01,B127158,46,1,MASc PG 40 blocks,sa,112,112,14,1
sk_01,B127158,46,1,MASc PG 40 blocks,sa,112,112,14,1
sk_02,B110288,46,1,MASc PG 40 blocks,sa,112,112,14,1
sk_02,B110471,46,1,MASc PG 40 blocks,sa,112,112,14,1
sk_02,B127158,46,1,MASc PG 40 blocks,sa,112,112,14,1
sk_03,B109915,46,1,MASc PG 40 blocks,sa,112,112,14,1
sk_03,B113324,46,1,MASc PG 40 blocks,sa,112,112,14,1
sk_03,B127158,46,1,MASc PG 40 blocks,sa,112,112,14,1
sk_04,B109915,46,1,MASc PG 40 blocks,sa,112,112,14,1
sk_04,B127158,46,1,MASc PG 40 blocks,sa,112,112,14,1
sk_04,B145584,46,1,MASc PG 40 blocks,sa,112,112,14,1
sk_05,B120266,46,1,MASc PG 40 blocks,sa,112,112,14,1
sk_05,B126589,46,1,MASc PG 40 blocks,sa,112,112,14,1
sk_05,B127158,46,1,MASc PG 40 blocks,sa,112,112,14,1
sk_06,B109915,46,1,MASc PG 40 blocks,sa,112,112,14,1
sk_06,B120266,46,1,MASc PG 40 blocks,sa,112,112,14,1
sk_06,B126589,46,1,MASc PG 40 blocks,sa,112,112,14,1
fb_01,B112038,47,1,MASc PG 40 blocks,sa,112,112,14,1
fb_01,B112990,47,1,MASc PG 40 blocks,sa,112,112,14,1
fb_01,B113324,47,1,MASc PG 40 blocks,sa,112,112,14,1
fb_02,B114477,47,1,MASc PG 40 blocks,sa,112,112,14,1
fb_02,B120266,47,1,MASc PG 40 blocks,sa,112,112,14,1
fb_02,B121455,47,1,MASc PG 40 blocks,sa,112,112,14,1
fb_03,B126413,47,1,MASc PG 40 blocks,sa,112,112,14,1
fb_03,B126589,47,1,MASc PG 40 blocks,sa,112,112,14,1
fb_03,B126869,47,1,MASc PG 40 blocks,sa,112,112,14,1
fb_04,B127158,47,1,MASc PG 40 blocks,sa,112,112,14,1
fb_04,B145584,47,1,MASc PG 40 blocks,sa,112,112,14,1
fb_04,B55424,47,1,MASc PG 40 blocks,sa,112,112,14,1
fb_05,B126589,47,1,MASc PG 40 blocks,sa,112,112,14,1
fb_05,B127158,47,1,MASc PG 40 blocks,sa,112,112,14,1
fb_05,B145584,47,1,MASc PG 40 blocks,sa,112,112,14,1
fb_06,B126589,47,1,MASc PG 40 blocks,sa,112,112,14,1
fb_06,B126589,47,1,MASc PG 40 blocks,sa,112,112,14,1
fb_06,B127158,47,1,MASc PG 40 blocks,sa,112,112,14,1
ld_01,B108339,47,1,MASc PG 40 blocks,sa,112,112,14,1
ld_01,B127158,47,1,MASc PG 40 blocks,sa,112,112,14,1
ld_02,B109915,47,1,MASc PG 40 blocks,sa,112,112,14,1
ld_03,B110471,47,1,MASc PG 40 blocks,sa,112,112,14,1
ld_04,B110288,47,1,MASc PG 40 blocks,sa,112,112,14,1
ld_05,B108339,47,1,MASc PG 40 blocks,sa,112,112,14,1
ld_06,B107189,47,1,MASc PG 40 blocks,sa,112,112,14,1
pr_01,B110288,47,1,MASc PG 40 blocks,sa,112,112,14,1
pr_01,B126589,47,1,MASc PG 40 blocks,sa,112,112,14,1
pr_02,B109915,47,1,MASc PG 40 blocks,sa,112,112,14,1
pr_02,B127158,47,1,MASc PG 40 blocks,sa,112,112,14,1
pr_03,B120266,47,1,MASc PG 40 blocks,sa,112,112,14,1
pr_03,B127158,47,1,MASc PG 40 blocks,sa,112,112,14,1
pr_04,B127158,47,1,MASc PG 40 blocks,sa,112,112,14,1
pr_04,B145584,47,1,MASc PG 40 blocks,sa,112,112,14,1
pr_05,B109915,47,1,MASc PG 40 blocks,sa,112,112,14,1
pr_05,B127158,47,1,MASc PG 40 blocks,sa,112,112,14,1
pr_06,B126589,47,1,MASc PG 40 blocks,sa,112,112,14,1
pr_06,B127158,47,1,MASc PG 40 blocks,sa,112,112,14,1
sk_01,B111867,47,1,MASc PG 40 blocks,sa,112,112,14,1
sk_01,B111867,47,1,MASc PG 40 blocks,sa,112,112,14,1
sk_01,B127158,47,1,MASc PG 40 blocks,sa,112,112,14,1
sk_02,B110288,47,1,MASc PG 40 blocks,sa,112,112,14,1
sk_02,B111867,47,1,MASc PG 40 blocks,sa,112,112,14,1
sk_02,B113324,47,1,MASc PG 40 blocks,sa,112,112,14,1
sk_03,B110288,47,1,MASc PG 40 blocks,sa,112,112,14,1
sk_03,B110471,47,1,MASc PG 40 blocks,sa,112,112,14,1
sk_03,B113324,47,1,MASc PG 40 blocks,sa,112,112,14,1
sk_04,B110288,47,1,MASc PG 40 blocks,sa,112,112,14,1
sk_04,B113324,47,1,MASc PG 40 blocks,sa,112,112,14,1
sk_04,B120266,47,1,MASc PG 40 blocks,sa,112,112,14,1
sk_05,B109915,47,1,MASc PG 40 blocks,sa,112,112,14,1
sk_05,B110288,47,1,MASc PG 40 blocks,sa,112,112,14,1
sk_05,B145584,47,1,MASc PG 40 blocks,sa,112,112,14,1
sk_06,B109915,47,1,MASc PG 40 blocks,sa,112,112,14,1
sk_06,B111867,47,1,MASc PG 40 blocks,sa,112,112,14,1
sk_06,B127158,47,1,MASc PG 40 blocks,sa,112,112,14,1
fb_01,B114477,48,1,MASc PG 40 blocks,sa,112,112,14,1
fb_01,B114861,48,1,MASc PG 40 blocks,sa,112,112,14,1
fb_01,B120266,48,1,MASc PG 40 blocks,sa,112,112,14,1
fb_02,B121928,48,1,MASc PG 40 blocks,sa,112,112,14,1
fb_02,B124193,48,1,MASc PG 40 blocks,sa,112,112,14,1
fb_02,B126413,48,1,MASc PG 40 blocks,sa,112,112,14,1
fb_03,B127158,48,1,MASc PG 40 blocks,sa,112,112,14,1
fb_03,B145584,48,1,MASc PG 40 blocks,sa,112,112,14,1
fb_03,B42891,48,1,MASc PG 40 blocks,sa,112,112,14,1
fb_04,B107189,48,1,MASc PG 40 blocks,sa,112,112,14,1
fb_04,B109915,48,1,MASc PG 40 blocks,sa,112,112,14,1
fb_04,B68233,48,1,MASc PG 40 blocks,sa,112,112,14,1
fb_05,B109915,48,1,MASc PG 40 blocks,sa,112,112,14,1
fb_05,B110288,48,1,MASc PG 40 blocks,sa,112,112,14,1
fb_05,B120266,48,1,MASc PG 40 blocks,sa,112,112,14,1
fb_06,B126589,48,1,MASc PG 40 blocks,sa,112,112,14,1
fb_06,B127158,48,1,MASc PG 40 blocks,sa,112,112,14,1
fb_06,B127158,48,1,MASc PG 40 blocks,sa,112,112,14,1
ld_01,B109915,48,1,MASc PG 40 blocks,sa,112,112,14,1
ld_01,B127158,48,1,MASc PG 40 blocks,sa,112,112,14,1
ld_02,B127158,48,1,MASc PG 40 blocks,sa,112,112,14,1
ld_02,B145584,48,1,MASc PG 40 blocks,sa,112,112,14,1
ld_03,B110288,48,1,MASc PG 40 blocks,sa,112,112,14,1
ld_03,B127158,48,1,MASc PG 40 blocks,sa,112,112,14,1
ld_04,B127158,48,1,MASc PG 40 blocks,sa,112,112,14,1
ld_05,B126589,48,1,MASc PG 40 blocks,sa,112,112,14,1
ld_06,B109915,48,1,MASc PG 40 blocks,sa,112,112,14,1
pr_01,B111867,48,1,MASc PG 40 blocks,sa,112,112,14,1
pr_01,B113324,48,1,MASc PG 40 blocks,sa,112,112,14,1
pr_02,B110288,48,1,MASc PG 40 blocks,sa,112,112,14,1
pr_02,B127158,48,1,MASc PG 40 blocks,sa,112,112,14,1
pr_03,B110288,48,1,MASc PG 40 blocks,sa,112,112,14,1
pr_03,B120266,48,1,MASc PG 40 blocks,sa,112,112,14,1
pr_04,B109915,48,1,MASc PG 40 blocks,sa,112,112,14,1
pr_05,B110471,48,1,MASc PG 40 blocks,sa,112,112,14,1
pr_06,B113324,48,1,MASc PG 40 blocks,sa,112,112,14,1
sk_01,B127158,48,1,MASc PG 40 blocks,sa,112,112,14,1
sk_01,B127158,48,1,MASc PG 40 blocks,sa,112,112,14,1
sk_01,B55424,48,1,MASc PG 40 blocks,sa,112,112,14,1
sk_02,B110471,48,1,MASc PG 40 blocks,sa,112,112,14,1
sk_02,B113324,48,1,MASc PG 40 blocks,sa,112,112,14,1
sk_02,B127158,48,1,MASc PG 40 blocks,sa,112,112,14,1
sk_03,B109915,48,1,MASc PG 40 blocks,sa,112,112,14,1
sk_03,B110288,48,1,MASc PG 40 blocks,sa,112,112,14,1
sk_03,B55424,48,1,MASc PG 40 blocks,sa,112,112,14,1
sk_04,B110288,48,1,MASc PG 40 blocks,sa,112,112,14,1
sk_04,B126589,48,1,MASc PG 40 blocks,sa,112,112,14,1
sk_04,B145584,48,1,MASc PG 40 blocks,sa,112,112,14,1
sk_05,B120266,48,1,MASc PG 40 blocks,sa,112,112,14,1
sk_05,B126589,48,1,MASc PG 40 blocks,sa,112,112,14,1
sk_05,B127158,48,1,MASc PG 40 blocks,sa,112,112,14,1
sk_06,B120266,48,1,MASc PG 40 blocks,sa,112,112,14,1
sk_06,B120266,48,1,MASc PG 40 blocks,sa,112,112,14,1
sk_06,B127158,48,1,MASc PG 40 blocks,sa,112,112,14,1
fb_01,B111867,49,1,MASc PG 40 blocks,sa,112,112,14,1
fb_01,B121455,49,1,MASc PG 40 blocks,sa,112,112,14,1
fb_01,B121928,49,1,MASc PG 40 blocks,sa,112,112,14,1
fb_02,B126492,49,1,MASc PG 40 blocks,sa,112,112,14,1
fb_02,B126589,49,1,MASc PG 40 blocks,sa,112,112,14,1
fb_02,B126869,49,1,MASc PG 40 blocks,sa,112,112,14,1
fb_03,B107189,49,1,MASc PG 40 blocks,sa,112,112,14,1
fb_03,B55424,49,1,MASc PG 40 blocks,sa,112,112,14,1
fb_03,B68233,49,1,MASc PG 40 blocks,sa,112,112,14,1
fb_04,B110288,49,1,MASc PG 40 blocks,sa,112,112,14,1
fb_04,B110471,49,1,MASc PG 40 blocks,sa,112,112,14,1
fb_04,B113324,49,1,MASc PG 40 blocks,sa,112,112,14,1
fb_05,B126589,49,1,MASc PG 40 blocks,sa,112,112,14,1
fb_05,B127158,49,1,MASc PG 40 blocks,sa,112,112,14,1
fb_05,B145584,49,1,MASc PG 40 blocks,sa,112,112,14,1
fb_06,B126589,49,1,MASc PG 40 blocks,sa,112,112,14,1
fb_06,B126589,49,1,MASc PG 40 blocks,sa,112,112,14,1
fb_06,B127158,49,1,MASc PG 40 blocks,sa,112,112,14,1
ld_01,B110288,49,1,MASc PG 40 blocks,sa,112,112,14,1
ld_01,B111867,49,1,MASc PG 40 blocks,sa,112,112,14,1
ld_02,B113324,49,1,MASc PG 40 blocks,sa,112,112,14,1
ld_02,B127158,49,1,MASc PG 40 blocks,sa,112,112,14,1
ld_03,B109915,49,1,MASc PG 40 blocks,sa,112,112,14,1
ld_03,B110471,49,1,MASc PG 40 blocks,sa,112,112,14,1
ld_04,B120266,49,1,MASc PG 40 blocks,sa,112,112,14,1
ld_05,B113324,49,1,MASc PG 40 blocks,sa,112,112,14,1
ld_06,B110288,49,1,MASc PG 40 blocks,sa,112,112,14,1
pr_01,B120266,49,1,MASc PG 40 blocks,sa,112,112,14,1
pr_01,B126589,49,1,MASc PG 40 blocks,sa,112,112,14,1
pr_01,B127158,49,1,MASc PG 40 blocks,sa,112,112,14,1
pr_02,B109915,49,1,MASc PG 40 blocks,sa,112,112,14,1
pr_02,B145584,49,1,MASc PG 40 blocks,sa,112,112,14,1
pr_03,B110288,49,1,MASc PG 40 blocks,sa,112,112,14,1
pr_03,B126589,49,1,MASc PG 40 blocks,sa,112,112,14,1
pr_04,B120266,49,1,MASc PG 40 blocks,sa,112,112,14,1
pr_04,B55424,49,1,MASc PG 40 blocks,sa,112,112,14,1
pr_05,B127158,49,1,MASc PG 40 blocks,sa,112,112,14,1
pr_05,B55424,49,1,MASc PG 40 blocks,sa,112,112,14,1
pr_06,B127158,49,1,MASc PG 40 blocks,sa,112,112,14,1
pr_06,B127158,49,1,MASc PG 40 blocks,sa,112,112,14,1
sk_01,B107189,49,1,MASc PG 40 blocks,sa,112,112,14,1
sk_01,B107189,49,1,MASc PG 40 blocks,sa,112,112,14,1
sk_01,B42891,49,1,MASc PG 40 blocks,sa,112,112,14,1
sk_02,B110288,49,1,MASc PG 40 blocks,sa,112,112,14,1
sk_02,B110471,49,1,MASc PG 40 blocks,sa,112,112,14,1
sk_02,B113324,49,1,MASc PG 40 blocks,sa,112,112,14,1
sk_03,B110471,49,1,MASc PG 40 blocks,sa,112,112,14,1
sk_03,B113324,49,1,MASc PG 40 blocks,sa,112,112,14,1
sk_03,B68233,49,1,MASc PG 40 blocks,sa,112,112,14,1
sk_04,B109915,49,1,MASc PG 40 blocks,sa,112,112,14,1
sk_04,B110288,49,1,MASc PG 40 blocks,sa,112,112,14,1
sk_04,B114861,49,1,MASc PG 40 blocks,sa,112,112,14,1
sk_05,B109915,49,1,MASc PG 40 blocks,sa,112,112,14,1
sk_05,B110288,49,1,MASc PG 40 blocks,sa,112,112,14,1
sk_05,B145584,49,1,MASc PG 40 blocks,sa,112,112,14,1
sk_06,B109915,49,1,MASc PG 40 blocks,sa,112,112,14,1
sk_06,B120266,49,1,MASc PG 40 blocks,sa,112,112,14,1
sk_06,B145584,49,1,MASc PG 40 blocks,sa,112,112,14,1
fb_01,B123357,50,1,MASc PG 40 blocks,sa,112,112,14,1
fb_01,B124453,50,1,MASc PG 40 blocks,sa,112,112,14,1
fb_01,B124453,50,1,MASc PG 40 blocks,sa,112,112,14,1
fb_02,B127158,50,1,MASc PG 40 blocks,sa,112,112,14,1
fb_02,B145584,50,1,MASc PG 40 blocks,sa,112,112,14,1
fb_02,B42891,50,1,MASc PG 40 blocks,sa,112,112,14,1
fb_03,B108339,50,1,MASc PG 40 blocks,sa,112,112,14,1
fb_03,B109340,50,1,MASc PG 40 blocks,sa,112,112,14,1
fb_03,B109915,50,1,MASc PG 40 blocks,sa,112,112,14,1
fb_04,B120266,50,1,MASc PG 40 blocks,sa,112,112,14,1
fb_04,B126413,50,1,MASc PG 40 blocks,sa,112,112,14,1
fb_04,B126589,50,1,MASc PG 40 blocks,sa,112,112,14,1
fb_05,B109915,50,1,MASc PG 40 blocks,sa,112,112,14,1
fb_05,B110288,50,1,MASc PG 40 blocks,sa,112,112,14,1
fb_05,B120266,50,1,MASc PG 40 blocks,sa,112,112,14,1
fb_06,B126589,50,1,MASc PG 40 blocks,sa,112,112,14,1
fb_06,B127158,50,1,MASc PG 40 blocks,sa,112,112,14,1
fb_06,B127158,50,1,MASc PG 40 blocks,sa,112,112,14,1
ld_01,B120266,50,1,MASc PG 40 blocks,sa,112,112,14,1
ld_01,B127158,50,1,MASc PG 40 blocks,sa,112,112,14,1
ld_02,B120266,50,1,MASc PG 40 blocks,sa,112,112,14,1
ld_02,B127158,50,1,MASc PG 40 blocks,sa,112,112,14,1
ld_03,B110288,50,1,MASc PG 40 blocks,sa,112,112,14,1
ld_03,B127158,50,1,MASc PG 40 blocks,sa,112,112,14,1
ld_04,B126589,50,1,MASc PG 40 blocks,sa,112,112,14,1
ld_04,B55424,50,1,MASc PG 40 blocks,sa,112,112,14,1
ld_05,B126589,50,1,MASc PG 40 blocks,sa,112,112,14,1
ld_05,B145584,50,1,MASc PG 40 blocks,sa,112,112,14,1
ld_06,B109915,50,1,MASc PG 40 blocks,sa,112,112,14,1
pr_01,B110288,50,1,MASc PG 40 blocks,sa,112,112,14,1
pr_01,B113324,50,1,MASc PG 40 blocks,sa,112,112,14,1
pr_01,B42891,50,1,MASc PG 40 blocks,sa,112,112,14,1
pr_02,B120266,50,1,MASc PG 40 blocks,sa,112,112,14,1
pr_02,B68233,50,1,MASc PG 40 blocks,sa,112,112,14,1
pr_03,B109915,50,1,MASc PG 40 blocks,sa,112,112,14,1
pr_03,B145584,50,1,MASc PG 40 blocks,sa,112,112,14,1
pr_04,B110471,50,1,MASc PG 40 blocks,sa,112,112,14,1
pr_04,B145584,50,1,MASc PG 40 blocks,sa,112,112,14,1
pr_05,B107189,50,1,MASc PG 40 blocks,sa,112,112,14,1
pr_05,B110471,50,1,MASc PG 40 blocks,sa,112,112,14,1
pr_06,B107189,50,1,MASc PG 40 blocks,sa,112,112,14,1
pr_06,B113324,50,1,MASc PG 40 blocks,sa,112,112,14,1
sk_01,B114861,50,1,MASc PG 40 blocks,sa,112,112,14,1
sk_01,B55424,50,1,MASc PG 40 blocks,sa,112,112,14,1
sk_01,B68233,50,1,MASc PG 40 blocks,sa,112,112,14,1
sk_02,B110288,50,1,MASc PG 40 blocks,sa,112,112,14,1
sk_02,B110471,50,1,MASc PG 40 blocks,sa,112,112,14,1
sk_02,B68233,50,1,MASc PG 40 blocks,sa,112,112,14,1
sk_03,B109915,50,1,MASc PG 40 blocks,sa,112,112,14,1
sk_03,B110471,50,1,MASc PG 40 blocks,sa,112,112,14,1
sk_03,B68233,50,1,MASc PG 40 blocks,sa,112,112,14,1
sk_04,B120266,50,1,MASc PG 40 blocks,sa,112,112,14,1
sk_04,B126589,50,1,MASc PG 40 blocks,sa,112,112,14,1
sk_04,B127158,50,1,MASc PG 40 blocks,sa,112,112,14,1
sk_05,B107189,50,1,MASc PG 40 blocks,sa,112,112,14,1
sk_05,B68233,50,1,MASc PG 40 blocks,sa,112,112,14,1
sk_05,B68233,50,1,MASc PG 40 blocks,sa,112,112,14,1
sk_06,B126589,50,1,MASc PG 40 blocks,sa,112,112,14,1
sk_06,B127158,50,1,MASc PG 40 blocks,sa,112,112,14,1
sk_06,B145584,50,1,MASc PG 40 blocks,sa,112,112,14,1
fb_01,B124540,51,1,MASc PG 40 blocks,sa,112,112,14,1
fb_01,B126413,51,1,MASc PG 40 blocks,sa,112,112,14,1
fb_01,B126492,51,1,MASc PG 40 blocks,sa,112,112,14,1
fb_02,B44010,51,1,MASc PG 40 blocks,sa,112,112,14,1
fb_02,B53160,51,1,MASc PG 40 blocks,sa,112,112,14,1
fb_02,B55424,51,1,MASc PG 40 blocks,sa,112,112,14,1
fb_03,B110288,51,1,MASc PG 40 blocks,sa,112,112,14,1
fb_03,B110471,51,1,MASc PG 40 blocks,sa,112,112,14,1
fb_03,B111410,51,1,MASc PG 40 blocks,sa,112,112,14,1
fb_04,B126869,51,1,MASc PG 40 blocks,sa,112,112,14,1
fb_04,B127158,51,1,MASc PG 40 blocks,sa,112,112,14,1
fb_04,B145584,51,1,MASc PG 40 blocks,sa,112,112,14,1
fb_05,B126589,51,1,MASc PG 40 blocks,sa,112,112,14,1
fb_05,B127158,51,1,MASc PG 40 blocks,sa,112,112,14,1
fb_05,B145584,51,1,MASc PG 40 blocks,sa,112,112,14,1
fb_06,B111480,51,1,MASc PG 40 blocks,sa,112,112,14,1
fb_06,B126589,51,1,MASc PG 40 blocks,sa,112,112,14,1
fb_06,B126589,51,1,MASc PG 40 blocks,sa,112,112,14,1
ld_01,B109915,51,1,MASc PG 40 blocks,sa,112,112,14,1
ld_01,B113324,51,1,MASc PG 40 blocks,sa,112,112,14,1
ld_02,B113324,51,1,MASc PG 40 blocks,sa,112,112,14,1
ld_02,B120266,51,1,MASc PG 40 blocks,sa,112,112,14,1
ld_03,B110288,51,1,MASc PG 40 blocks,sa,112,112,14,1
ld_03,B68233,51,1,MASc PG 40 blocks,sa,112,112,14,1
ld_04,B110471,51,1,MASc PG 40 blocks,sa,112,112,14,1
ld_04,B145584,51,1,MASc PG 40 blocks,sa,112,112,14,1
ld_05,B107189,51,1,MASc PG 40 blocks,sa,112,112,14,1
ld_05,B110471,51,1,MASc PG 40 blocks,sa,112,112,14,1
ld_06,B107189,51,1,MASc PG 40 blocks,sa,112,112,14,1
ld_06,B145584,51,1,MASc PG 40 blocks,sa,112,112,14,1
pr_01,B126589,51,1,MASc PG 40 blocks,sa,112,112,14,1
pr_01,B68233,51,1,MASc PG 40 blocks,sa,112,112,14,1
pr_02,B110288,51,1,MASc PG 40 blocks,sa,112,112,14,1
pr_02,B127158,51,1,MASc PG 40 blocks,sa,112,112,14,1
pr_03,B107189,51,1,MASc PG 40 blocks,sa,112,112,14,1
pr_03,B68233,51,1,MASc PG 40 blocks,sa,112,112,14,1
pr_04,B55424,51,1,MASc PG 40 blocks,sa,112,112,14,1
pr_04,B68233,51,1,MASc PG 40 blocks,sa,112,112,14,1
pr_05,B109915,51,1,MASc PG 40 blocks,sa,112,112,14,1
pr_05,B127158,51,1,MASc PG 40 blocks,sa,112,112,14,1
pr_06,B110471,51,1,MASc PG 40 blocks,sa,112,112,14,1
pr_06,B114861,51,1,MASc PG 40 blocks,sa,112,112,14,1
sk_01,B108339,51,1,MASc PG 40 blocks,sa,112,112,14,1
sk_01,B127158,51,1,MASc PG 40 blocks,sa,112,112,14,1
sk_01,B42891,51,1,MASc PG 40 blocks,sa,112,112,14,1
sk_02,B109915,51,1,MASc PG 40 blocks,sa,112,112,14,1
sk_02,B113324,51,1,MASc PG 40 blocks,sa,112,112,14,1
sk_02,B68233,51,1,MASc PG 40 blocks,sa,112,112,14,1
sk_03,B109915,51,1,MASc PG 40 blocks,sa,112,112,14,1
sk_03,B111867,51,1,MASc PG 40 blocks,sa,112,112,14,1
sk_03,B113324,51,1,MASc PG 40 blocks,sa,112,112,14,1
sk_04,B109915,51,1,MASc PG 40 blocks,sa,112,112,14,1
sk_04,B110288,51,1,MASc PG 40 blocks,sa,112,112,14,1
sk_04,B145584,51,1,MASc PG 40 blocks,sa,112,112,14,1
sk_05,B109915,51,1,MASc PG 40 blocks,sa,112,112,14,1
sk_05,B127158,51,1,MASc PG 40 blocks,sa,112,112,14,1
sk_05,B145584,51,1,MASc PG 40 blocks,sa,112,112,14,1
sk_06,B109340,51,1,MASc PG 40 blocks,sa,112,112,14,1
sk_06,B109915,51,1,MASc PG 40 blocks,sa,112,112,14,1
sk_06,B120266,51,1,MASc PG 40 blocks,sa,112,112,14,1
fb_01,B108060,52,1,MASc PG 40 blocks,sa,112,112,14,1
fb_01,B126589,52,1,MASc PG 40 blocks,sa,112,112,14,1
fb_01,B126869,52,1,MASc PG 40 blocks,sa,112,112,14,1
fb_02,B107189,52,1,MASc PG 40 blocks,sa,112,112,14,1
fb_02,B127158,52,1,MASc PG 40 blocks,sa,112,112,14,1
fb_02,B68233,52,1,MASc PG 40 blocks,sa,112,112,14,1
fb_03,B111480,52,1,MASc PG 40 blocks,sa,112,112,14,1
fb_03,B112038,52,1,MASc PG 40 blocks,sa,112,112,14,1
fb_03,B112990,52,1,MASc PG 40 blocks,sa,112,112,14,1
fb_04,B107189,52,1,MASc PG 40 blocks,sa,112,112,14,1
fb_04,B109915,52,1,MASc PG 40 blocks,sa,112,112,14,1
fb_04,B68233,52,1,MASc PG 40 blocks,sa,112,112,14,1
fb_05,B109915,52,1,MASc PG 40 blocks,sa,112,112,14,1
fb_05,B110288,52,1,MASc PG 40 blocks,sa,112,112,14,1
fb_05,B120266,52,1,MASc PG 40 blocks,sa,112,112,14,1
fb_06,B126589,52,1,MASc PG 40 blocks,sa,112,112,14,1
fb_06,B127158,52,1,MASc PG 40 blocks,sa,112,112,14,1
fb_06,B127158,52,1,MASc PG 40 blocks,sa,112,112,14,1
ld_01,B110471,52,1,MASc PG 40 blocks,sa,112,112,14,1
ld_01,B127158,52,1,MASc PG 40 blocks,sa,112,112,14,1
ld_02,B127158,52,1,MASc PG 40 blocks,sa,112,112,14,1
ld_02,B55424,52,1,MASc PG 40 blocks,sa,112,112,14,1
ld_03,B126589,52,1,MASc PG 40 blocks,sa,112,112,14,1
ld_03,B68233,52,1,MASc PG 40 blocks,sa,112,112,14,1
ld_04,B109915,52,1,MASc PG 40 blocks,sa,112,112,14,1
ld_04,B68233,52,1,MASc PG 40 blocks,sa,112,112,14,1
ld_05,B110288,52,1,MASc PG 40 blocks,sa,112,112,14,1
ld_05,B68233,52,1,MASc PG 40 blocks,sa,112,112,14,1
ld_06,B110288,52,1,MASc PG 40 blocks,sa,112,112,14,1
pr_01,B111867,52,1,MASc PG 40 blocks,sa,112,112,14,1
pr_01,B127158,52,1,MASc PG 40 blocks,sa,112,112,14,1
pr_02,B108339,52,1,MASc PG 40 blocks,sa,112,112,14,1
pr_02,B109915,52,1,MASc PG 40 blocks,sa,112,112,14,1
pr_03,B109915,52,1,MASc PG 40 blocks,sa,112,112,14,1
pr_03,B109915,52,1,MASc PG 40 blocks,sa,112,112,14,1
pr_04,B113324,52,1,MASc PG 40 blocks,sa,112,112,14,1
pr_04,B42891,52,1,MASc PG 40 blocks,sa,112,112,14,1
pr_05,B145584,52,1,MASc PG 40 blocks,sa,112,112,14,1
pr_05,B42891,52,1,MASc PG 40 blocks,sa,112,112,14,1
pr_06,B120266,52,1,MASc PG 40 blocks,sa,112,112,14,1
pr_06,B145584,52,1,MASc PG 40 blocks,sa,112,112,14,1
sk_01,B44010,52,1,MASc PG 40 blocks,sa,112,112,14,1
sk_01,B53160,52,1,MASc PG 40 blocks,sa,112,112,14,1
sk_01,B55424,52,1,MASc PG 40 blocks,sa,112,112,14,1
sk_02,B110471,52,1,MASc PG 40 blocks,sa,112,112,14,1
sk_02,B111867,52,1,MASc PG 40 blocks,sa,112,112,14,1
sk_02,B113324,52,1,MASc PG 40 blocks,sa,112,112,14,1
sk_03,B110288,52,1,MASc PG 40 blocks,sa,112,112,14,1
sk_03,B110471,52,1,MASc PG 40 blocks,sa,112,112,14,1
sk_03,B113324,52,1,MASc PG 40 blocks,sa,112,112,14,1
sk_04,B111867,52,1,MASc PG 40 blocks,sa,112,112,14,1
sk_04,B120266,52,1,MASc PG 40 blocks,sa,112,112,14,1
sk_04,B126589,52,1,MASc PG 40 blocks,sa,112,112,14,1
sk_05,B111867,52,1,MASc PG 40 blocks,sa,112,112,14,1
sk_05,B120266,52,1,MASc PG 40 blocks,sa,112,112,14,1
sk_05,B55424,52,1,MASc PG 40 blocks,sa,112,112,14,1
sk_06,B109915,52,1,MASc PG 40 blocks,sa,112,112,14,1
sk_06,B127158,52,1,MASc PG 40 blocks,sa,112,112,14,1
sk_06,B145584,52,1,MASc PG 40 blocks,sa,112,112,14,1
fb_01,B129183,53,1,MASc PG 40 blocks,sa,112,112,14,1
fb_01,B145584,53,1,MASc PG 40 blocks,sa,112,112,14,1
fb_01,B42891,53,1,MASc PG 40 blocks,sa,112,112,14,1
fb_02,B108124,53,1,MASc PG 40 blocks,sa,112,112,14,1
fb_02,B108339,53,1,MASc PG 40 blocks,sa,112,112,14,1
fb_02,B109340,53,1,MASc PG 40 blocks,sa,112,112,14,1
fb_03,B113324,53,1,MASc PG 40 blocks,sa,112,112,14,1
fb_03,B114477,53,1,MASc PG 40 blocks,sa,112,112,14,1
fb_03,B120266,53,1,MASc PG 40 blocks,sa,112,112,14,1
fb_04,B110288,53,1,MASc PG 40 blocks,sa,112,112,14,1
fb_04,B110471,53,1,MASc PG 40 blocks,sa,112,112,14,1
fb_04,B113324,53,1,MASc PG 40 blocks,sa,112,112,14,1
fb_05,B126589,53,1,MASc PG 40 blocks,sa,112,112,14,1
fb_05,B127158,53,1,MASc PG 40 blocks,sa,112,112,14,1
fb_05,B145584,53,1,MASc PG 40 blocks,sa,112,112,14,1
fb_06,B126589,53,1,MASc PG 40 blocks,sa,112,112,14,1
fb_06,B126589,53,1,MASc PG 40 blocks,sa,112,112,14,1
fb_06,B127158,53,1,MASc PG 40 blocks,sa,112,112,14,1
ld_01,B109915,53,1,MASc PG 40 blocks,sa,112,112,14,1
ld_01,B111867,53,1,MASc PG 40 blocks,sa,112,112,14,1
ld_01,B145584,53,1,MASc PG 40 blocks,sa,112,112,14,1
ld_02,B113324,53,1,MASc PG 40 blocks,sa,112,112,14,1
ld_02,B127158,53,1,MASc PG 40 blocks,sa,112,112,14,1
ld_03,B109915,53,1,MASc PG 40 blocks,sa,112,112,14,1
ld_03,B42891,53,1,MASc PG 40 blocks,sa,112,112,14,1
ld_04,B109915,53,1,MASc PG 40 blocks,sa,112,112,14,1
ld_04,B145584,53,1,MASc PG 40 blocks,sa,112,112,14,1
ld_05,B109915,53,1,MASc PG 40 blocks,sa,112,112,14,1
ld_05,B42891,53,1,MASc PG 40 blocks,sa,112,112,14,1
ld_06,B111867,53,1,MASc PG 40 blocks,sa,112,112,14,1
ld_06,B120266,53,1,MASc PG 40 blocks,sa,112,112,14,1
pr_01,B111867,53,1,MASc PG 40 blocks,sa,112,112,14,1
pr_01,B126589,53,1,MASc PG 40 blocks,sa,112,112,14,1
pr_02,B110471,53,1,MASc PG 40 blocks,sa,112,112,14,1
pr_02,B127158,53,1,MASc PG 40 blocks,sa,112,112,14,1
pr_03,B113324,53,1,MASc PG 40 blocks,sa,112,112,14,1
pr_03,B53160,53,1,MASc PG 40 blocks,sa,112,112,14,1
pr_04,B110288,53,1,MASc PG 40 blocks,sa,112,112,14,1
pr_04,B55424,53,1,MASc PG 40 blocks,sa,112,112,14,1
pr_05,B120266,53,1,MASc PG 40 blocks,sa,112,112,14,1
pr_05,B55424,53,1,MASc PG 40 blocks,sa,112,112,14,1
pr_06,B44010,53,1,MASc PG 40 blocks,sa,112,112,14,1
pr_06,B55424,53,1,MASc PG 40 blocks,sa,112,112,14,1
sk_01,B107189,53,1,MASc PG 40 blocks,sa,112,112,14,1
sk_01,B107189,53,1,MASc PG 40 blocks,sa,112,112,14,1
sk_01,B108060,53,1,MASc PG 40 blocks,sa,112,112,14,1
sk_02,B110288,53,1,MASc PG 40 blocks,sa,112,112,14,1
sk_02,B110471,53,1,MASc PG 40 blocks,sa,112,112,14,1
sk_02,B113324,53,1,MASc PG 40 blocks,sa,112,112,14,1
sk_03,B109915,53,1,MASc PG 40 blocks,sa,112,112,14,1
sk_03,B110288,53,1,MASc PG 40 blocks,sa,112,112,14,1
sk_03,B68233,53,1,MASc PG 40 blocks,sa,112,112,14,1
sk_04,B109915,53,1,MASc PG 40 blocks,sa,112,112,14,1
sk_04,B110288,53,1,MASc PG 40 blocks,sa,112,112,14,1
sk_04,B145584,53,1,MASc PG 40 blocks,sa,112,112,14,1
sk_05,B107189,53,1,MASc PG 40 blocks,sa,112,112,14,1
sk_05,B107189,53,1,MASc PG 40 blocks,sa,112,112,14,1
sk_05,B145584,53,1,MASc PG 40 blocks,sa,112,112,14,1
sk_06,B120266,53,1,MASc PG 40 blocks,sa,112,112,14,1
sk_06,B126589,53,1,MASc PG 40 blocks,sa,112,112,14,1
sk_06,B127158,53,1,MASc PG 40 blocks,sa,112,112,14,1
fb_01,B44010,54,1,MASc PG 40 blocks,sa,112,112,14,1
fb_01,B45231,54,1,MASc PG 40 blocks,sa,112,112,14,1
fb_01,B53160,54,1,MASc PG 40 blocks,sa,112,112,14,1
fb_02,B109915,54,1,MASc PG 40 blocks,sa,112,112,14,1
fb_02,B110288,54,1,MASc PG 40 blocks,sa,112,112,14,1
fb_02,B110471,54,1,MASc PG 40 blocks,sa,112,112,14,1
fb_03,B126413,54,1,MASc PG 40 blocks,sa,112,112,14,1
fb_03,B126589,54,1,MASc PG 40 blocks,sa,112,112,14,1
fb_03,B126869,54,1,MASc PG 40 blocks,sa,112,112,14,1
fb_04,B120266,54,1,MASc PG 40 blocks,sa,112,112,14,1
fb_04,B126413,54,1,MASc PG 40 blocks,sa,112,112,14,1
fb_04,B126589,54,1,MASc PG 40 blocks,sa,112,112,14,1
fb_05,B109915,54,1,MASc PG 40 blocks,sa,112,112,14,1
fb_05,B120266,54,1,MASc PG 40 blocks,sa,112,112,14,1
fb_05,B126589,54,1,MASc PG 40 blocks,sa,112,112,14,1
fb_06,B126589,54,1,MASc PG 40 blocks,sa,112,112,14,1
fb_06,B127158,54,1,MASc PG 40 blocks,sa,112,112,14,1
fb_06,B127158,54,1,MASc PG 40 blocks,sa,112,112,14,1
ld_01,B110471,54,1,MASc PG 40 blocks,sa,112,112,14,1
ld_01,B127158,54,1,MASc PG 40 blocks,sa,112,112,14,1
ld_02,B111867,54,1,MASc PG 40 blocks,sa,112,112,14,1
ld_02,B55424,54,1,MASc PG 40 blocks,sa,112,112,14,1
ld_03,B126589,54,1,MASc PG 40 blocks,sa,112,112,14,1
ld_03,B55424,54,1,MASc PG 40 blocks,sa,112,112,14,1
ld_04,B120266,54,1,MASc PG 40 blocks,sa,112,112,14,1
ld_05,B113324,54,1,MASc PG 40 blocks,sa,112,112,14,1
ld_06,B110288,54,1,MASc PG 40 blocks,sa,112,112,14,1
pr_01,B107189,54,1,MASc PG 40 blocks,sa,112,112,14,1
pr_01,B110288,54,1,MASc PG 40 blocks,sa,112,112,14,1
pr_01,B145584,54,1,MASc PG 40 blocks,sa,112,112,14,1
pr_02,B120266,54,1,MASc PG 40 blocks,sa,112,112,14,1
pr_02,B127158,54,1,MASc PG 40 blocks,sa,112,112,14,1
pr_02,B68233,54,1,MASc PG 40 blocks,sa,112,112,14,1
pr_03,B108060,54,1,MASc PG 40 blocks,sa,112,112,14,1
pr_03,B109915,54,1,MASc PG 40 blocks,sa,112,112,14,1
pr_03,B110471,54,1,MASc PG 40 blocks,sa,112,112,14,1
pr_04,B110288,54,1,MASc PG 40 blocks,sa,112,112,14,1
pr_04,B126589,54,1,MASc PG 40 blocks,sa,112,112,14,1
pr_05,B107189,54,1,MASc PG 40 blocks,sa,112,112,14,1
pr_05,B113324,54,1,MASc PG 40 blocks,sa,112,112,14,1
pr_06,B107189,54,1,MASc PG 40 blocks,sa,112,112,14,1
pr_06,B145584,54,1,MASc PG 40 blocks,sa,112,112,14,1
sk_01,B108124,54,1,MASc PG 40 blocks,sa,112,112,14,1
sk_01,B42891,54,1,MASc PG 40 blocks,sa,112,112,14,1
sk_01,B68233,54,1,MASc PG 40 blocks,sa,112,112,14,1
sk_02,B110288,54,1,MASc PG 40 blocks,sa,112,112,14,1
sk_02,B110471,54,1,MASc PG 40 blocks,sa,112,112,14,1
sk_02,B68233,54,1,MASc PG 40 blocks,sa,112,112,14,1
sk_03,B110471,54,1,MASc PG 40 blocks,sa,112,112,14,1
sk_03,B113324,54,1,MASc PG 40 blocks,sa,112,112,14,1
sk_03,B68233,54,1,MASc PG 40 blocks,sa,112,112,14,1
sk_04,B108339,54,1,MASc PG 40 blocks,sa,112,112,14,1
sk_04,B120266,54,1,MASc PG 40 blocks,sa,112,112,14,1
sk_04,B127158,54,1,MASc PG 40 blocks,sa,112,112,14,1
sk_05,B108124,54,1,MASc PG 40 blocks,sa,112,112,14,1
sk_05,B108339,54,1,MASc PG 40 blocks,sa,112,112,14,1
sk_05,B111867,54,1,MASc PG 40 blocks,sa,112,112,14,1
sk_06,B109915,54,1,MASc PG 40 blocks,sa,112,112,14,1
sk_06,B120266,54,1,MASc PG 40 blocks,sa,112,112,14,1
sk_06,B145584,54,1,MASc PG 40 blocks,sa,112,112,14,1
fb_01,B126589,55,1,MASc PG 40 blocks,sa,112,112,14,1
fb_01,B65573,55,1,MASc PG 40 blocks,sa,112,112,14,1
fb_01,B68233,55,1,MASc PG 40 blocks,sa,112,112,14,1
fb_02,B111480,55,1,MASc PG 40 blocks,sa,112,112,14,1
fb_02,B112038,55,1,MASc PG 40 blocks,sa,112,112,14,1
fb_02,B120266,55,1,MASc PG 40 blocks,sa,112,112,14,1
fb_03,B127158,55,1,MASc PG 40 blocks,sa,112,112,14,1
fb_03,B145584,55,1,MASc PG 40 blocks,sa,112,112,14,1
fb_03,B42891,55,1,MASc PG 40 blocks,sa,112,112,14,1
fb_04,B126869,55,1,MASc PG 40 blocks,sa,112,112,14,1
fb_04,B127158,55,1,MASc PG 40 blocks,sa,112,112,14,1
fb_04,B145584,55,1,MASc PG 40 blocks,sa,112,112,14,1
fb_05,B109915,55,1,MASc PG 40 blocks,sa,112,112,14,1
fb_05,B127158,55,1,MASc PG 40 blocks,sa,112,112,14,1
fb_05,B145584,55,1,MASc PG 40 blocks,sa,112,112,14,1
fb_06,B126589,55,1,MASc PG 40 blocks,sa,112,112,14,1
fb_06,B127158,55,1,MASc PG 40 blocks,sa,112,112,14,1
fb_06,B55424,55,1,MASc PG 40 blocks,sa,112,112,14,1
ld_01,B107189,55,1,MASc PG 40 blocks,sa,112,112,14,1
ld_01,B107189,55,1,MASc PG 40 blocks,sa,112,112,14,1
ld_01,B127158,55,1,MASc PG 40 blocks,sa,112,112,14,1
ld_02,B107189,55,1,MASc PG 40 blocks,sa,112,112,14,1
ld_02,B110471,55,1,MASc PG 40 blocks,sa,112,112,14,1
ld_03,B109915,55,1,MASc PG 40 blocks,sa,112,112,14,1
ld_03,B68233,55,1,MASc PG 40 blocks,sa,112,112,14,1
ld_04,B113324,55,1,MASc PG 40 blocks,sa,112,112,14,1
ld_04,B120266,55,1,MASc PG 40 blocks,sa,112,112,14,1
ld_05,B110288,55,1,MASc PG 40 blocks,sa,112,112,14,1
ld_05,B145584,55,1,MASc PG 40 blocks,sa,112,112,14,1
ld_06,B108060,55,1,MASc PG 40 blocks,sa,112,112,14,1
ld_06,B110288,55,1,MASc PG 40 blocks,sa,112,112,14,1
pr_01,B111867,55,1,MASc PG 40 blocks,sa,112,112,14,1
pr_01,B68233,55,1,MASc PG 40 blocks,sa,112,112,14,1
pr_02,B108339,55,1,MASc PG 40 blocks,sa,112,112,14,1
pr_02,B109915,55,1,MASc PG 40 blocks,sa,112,112,14,1
pr_03,B108339,55,1,MASc PG 40 blocks,sa,112,112,14,1
pr_03,B110471,55,1,MASc PG 40 blocks,sa,112,112,14,1
pr_04,B108124,55,1,MASc PG 40 blocks,sa,112,112,14,1
pr_04,B42891,55,1,MASc PG 40 blocks,sa,112,112,14,1
pr_05,B120266,55,1,MASc PG 40 blocks,sa,112,112,14,1
pr_05,B145584,55,1,MASc PG 40 blocks,sa,112,112,14,1
pr_06,B108124,55,1,MASc PG 40 blocks,sa,112,112,14,1
sk_01,B44010,55,1,MASc PG 40 blocks,sa,112,112,14,1
sk_01,B45231,55,1,MASc PG 40 blocks,sa,112,112,14,1
sk_01,B53160,55,1,MASc PG 40 blocks,sa,112,112,14,1
sk_02,B113324,55,1,MASc PG 40 blocks,sa,112,112,14,1
sk_02,B127158,55,1,MASc PG 40 blocks,sa,112,112,14,1
sk_02,B68233,55,1,MASc PG 40 blocks,sa,112,112,14,1
sk_03,B109915,55,1,MASc PG 40 blocks,sa,112,112,14,1
sk_03,B110288,55,1,MASc PG 40 blocks,sa,112,112,14,1
sk_03,B110471,55,1,MASc PG 40 blocks,sa,112,112,14,1
sk_04,B109915,55,1,MASc PG 40 blocks,sa,112,112,14,1
sk_04,B110288,55,1,MASc PG 40 blocks,sa,112,112,14,1
sk_04,B145584,55,1,MASc PG 40 blocks,sa,112,112,14,1
sk_05,B109915,55,1,MASc PG 40 blocks,sa,112,112,14,1
sk_05,B145584,55,1,MASc PG 40 blocks,sa,112,112,14,1
sk_05,B145584,55,1,MASc PG 40 blocks,sa,112,112,14,1
sk_06,B110288,55,1,MASc PG 40 blocks,sa,112,112,14,1
sk_06,B126589,55,1,MASc PG 40 blocks,sa,112,112,14,1
sk_06,B44010,55,1,MASc PG 40 blocks,sa,112,112,14,1
fb_01,B107189,56,1,MASc PG 40 blocks,sa,112,112,14,1
fb_01,B108060,56,1,MASc PG 40 blocks,sa,112,112,14,1
fb_01,B108124,56,1,MASc PG 40 blocks,sa,112,112,14,1
fb_02,B112990,56,1,MASc PG 40 blocks,sa,112,112,14,1
fb_02,B113324,56,1,MASc PG 40 blocks,sa,112,112,14,1
fb_02,B114477,56,1,MASc PG 40 blocks,sa,112,112,14,1
fb_03,B107189,56,1,MASc PG 40 blocks,sa,112,112,14,1
fb_03,B55424,56,1,MASc PG 40 blocks,sa,112,112,14,1
fb_03,B68233,56,1,MASc PG 40 blocks,sa,112,112,14,1
fb_04,B107189,56,1,MASc PG 40 blocks,sa,112,112,14,1
fb_04,B109915,56,1,MASc PG 40 blocks,sa,112,112,14,1
fb_04,B68233,56,1,MASc PG 40 blocks,sa,112,112,14,1
fb_05,B120266,56,1,MASc PG 40 blocks,sa,112,112,14,1
fb_05,B126589,56,1,MASc PG 40 blocks,sa,112,112,14,1
fb_05,B127158,56,1,MASc PG 40 blocks,sa,112,112,14,1
fb_06,B127158,56,1,MASc PG 40 blocks,sa,112,112,14,1
fb_06,B127158,56,1,MASc PG 40 blocks,sa,112,112,14,1
fb_06,B127158,56,1,MASc PG 40 blocks,sa,112,112,14,1
ld_01,B108124,56,1,MASc PG 40 blocks,sa,112,112,14,1
ld_01,B110471,56,1,MASc PG 40 blocks,sa,112,112,14,1
ld_02,B108124,56,1,MASc PG 40 blocks,sa,112,112,14,1
ld_02,B109915,56,1,MASc PG 40 blocks,sa,112,112,14,1
ld_03,B108339,56,1,MASc PG 40 blocks,sa,112,112,14,1
ld_03,B145584,56,1,MASc PG 40 blocks,sa,112,112,14,1
ld_04,B111867,56,1,MASc PG 40 blocks,sa,112,112,14,1
ld_04,B120266,56,1,MASc PG 40 blocks,sa,112,112,14,1
ld_05,B111867,56,1,MASc PG 40 blocks,sa,112,112,14,1
ld_05,B68233,56,1,MASc PG 40 blocks,sa,112,112,14,1
ld_06,B108339,56,1,MASc PG 40 blocks,sa,112,112,14,1
ld_06,B111867,56,1,MASc PG 40 blocks,sa,112,112,14,1
pr_01,B110288,56,1,MASc PG 40 blocks,sa,112,112,14,1
pr_01,B126589,56,1,MASc PG 40 blocks,sa,112,112,14,1
pr_01,B145584,56,1,MASc PG 40 blocks,sa,112,112,14,1
pr_02,B127158,56,1,MASc PG 40 blocks,sa,112,112,14,1
pr_02,B145584,56,1,MASc PG 40 blocks,sa,112,112,14,1
pr_02,B68233,56,1,MASc PG 40 blocks,sa,112,112,14,1
pr_03,B109915,56,1,MASc PG 40 blocks,sa,112,112,14,1
pr_03,B113324,56,1,MASc PG 40 blocks,sa,112,112,14,1
pr_04,B110288,56,1,MASc PG 40 blocks,sa,112,112,14,1
pr_04,B44010,56,1,MASc PG 40 blocks,sa,112,112,14,1
pr_05,B45231,56,1,MASc PG 40 blocks,sa,112,112,14,1
pr_05,B53160,56,1,MASc PG 40 blocks,sa,112,112,14,1
pr_06,B44010,56,1,MASc PG 40 blocks,sa,112,112,14,1
pr_06,B53160,56,1,MASc PG 40 blocks,sa,112,112,14,1
sk_01,B42891,56,1,MASc PG 40 blocks,sa,112,112,14,1
sk_01,B65573,56,1,MASc PG 40 blocks,sa,112,112,14,1
sk_01,B68233,56,1,MASc PG 40 blocks,sa,112,112,14,1
sk_02,B110471,56,1,MASc PG 40 blocks,sa,112,112,14,1
sk_02,B113324,56,1,MASc PG 40 blocks,sa,112,112,14,1
sk_02,B68233,56,1,MASc PG 40 blocks,sa,112,112,14,1
sk_03,B109915,56,1,MASc PG 40 blocks,sa,112,112,14,1
sk_03,B113324,56,1,MASc PG 40 blocks,sa,112,112,14,1
sk_03,B68233,56,1,MASc PG 40 blocks,sa,112,112,14,1
sk_04,B108124,56,1,MASc PG 40 blocks,sa,112,112,14,1
sk_04,B120266,56,1,MASc PG 40 blocks,sa,112,112,14,1
sk_04,B126589,56,1,MASc PG 40 blocks,sa,112,112,14,1
sk_05,B145584,56,1,MASc PG 40 blocks,sa,112,112,14,1
sk_05,B55424,56,1,MASc PG 40 blocks,sa,112,112,14,1
sk_05,B65573,56,1,MASc PG 40 blocks,sa,112,112,14,1
sk_06,B109915,56,1,MASc PG 40 blocks,sa,112,112,14,1
sk_06,B120266,56,1,MASc PG 40 blocks,sa,112,112,14,1
sk_06,B126589,56,1,MASc PG 40 blocks,sa,112,112,14,1
fb_01,B107189,57,1,MASc PG 40 blocks,sa,112,112,14,1
fb_01,B108060,57,1,MASc PG 40 blocks,sa,112,112,14,1
fb_01,B108124,57,1,MASc PG 40 blocks,sa,112,112,14,1
fb_02,B126492,57,1,MASc PG 40 blocks,sa,112,112,14,1
fb_02,B126589,57,1,MASc PG 40 blocks,sa,112,112,14,1
fb_02,B126869,57,1,MASc PG 40 blocks,sa,112,112,14,1
fb_03,B120266,57,1,MASc PG 40 blocks,sa,112,112,14,1
fb_03,B121928,57,1,MASc PG 40 blocks,sa,112,112,14,1
fb_03,B126413,57,1,MASc PG 40 blocks,sa,112,112,14,1
fb_04,B108339,57,1,MASc PG 40 blocks,sa,112,112,14,1
fb_04,B110471,57,1,MASc PG 40 blocks,sa,112,112,14,1
fb_04,B45231,57,1,MASc PG 40 blocks,sa,112,112,14,1
fb_05,B110288,57,1,MASc PG 40 blocks,sa,112,112,14,1
fb_05,B113324,57,1,MASc PG 40 blocks,sa,112,112,14,1
fb_05,B145584,57,1,MASc PG 40 blocks,sa,112,112,14,1
fb_06,B109915,57,1,MASc PG 40 blocks,sa,112,112,14,1
fb_06,B127158,57,1,MASc PG 40 blocks,sa,112,112,14,1
fb_06,B145584,57,1,MASc PG 40 blocks,sa,112,112,14,1
fb_01,B108339,58,1,MASc PG 40 blocks,sa,112,112,14,1
fb_01,B109340,58,1,MASc PG 40 blocks,sa,112,112,14,1
fb_01,B109517,58,1,MASc PG 40 blocks,sa,112,112,14,1
fb_02,B121154,58,1,MASc PG 40 blocks,sa,112,112,14,1
fb_02,B127158,58,1,MASc PG 40 blocks,sa,112,112,14,1
fb_02,B145584,58,1,MASc PG 40 blocks,sa,112,112,14,1
fb_03,B126589,58,1,MASc PG 40 blocks,sa,112,112,14,1
fb_03,B126869,58,1,MASc PG 40 blocks,sa,112,112,14,1
fb_03,B127158,58,1,MASc PG 40 blocks,sa,112,112,14,1
fb_04,B110288,58,1,MASc PG 40 blocks,sa,112,112,14,1
fb_04,B110471,58,1,MASc PG 40 blocks,sa,112,112,14,1
fb_04,B111410,58,1,MASc PG 40 blocks,sa,112,112,14,1
fb_05,B120266,58,1,MASc PG 40 blocks,sa,112,112,14,1
fb_05,B126413,58,1,MASc PG 40 blocks,sa,112,112,14,1
fb_05,B126589,58,1,MASc PG 40 blocks,sa,112,112,14,1
fb_06,B109915,58,1,MASc PG 40 blocks,sa,112,112,14,1
fb_06,B110288,58,1,MASc PG 40 blocks,sa,112,112,14,1
fb_06,B120266,58,1,MASc PG 40 blocks,sa,112,112,14,1
sk_01,B108060,58,1,MASc PG 40 blocks,sa,112,112,14,1
sk_01,B110288,58,1,MASc PG 40 blocks,sa,112,112,14,1
sk_01,B127158,58,1,MASc PG 40 blocks,sa,112,112,14,1
sk_02,B113324,58,1,MASc PG 40 blocks,sa,112,112,14,1
sk_02,B126589,58,1,MASc PG 40 blocks,sa,112,112,14,1
sk_02,B126869,58,1,MASc PG 40 blocks,sa,112,112,14,1
sk_03,B110471,58,1,MASc PG 40 blocks,sa,112,112,14,1
sk_03,B113324,58,1,MASc PG 40 blocks,sa,112,112,14,1
sk_03,B45231,58,1,MASc PG 40 blocks,sa,112,112,14,1
sk_04,B108124,58,1,MASc PG 40 blocks,sa,112,112,14,1
sk_04,B108339,58,1,MASc PG 40 blocks,sa,112,112,14,1
sk_04,B110288,58,1,MASc PG 40 blocks,sa,112,112,14,1
sk_05,B108124,58,1,MASc PG 40 blocks,sa,112,112,14,1
sk_05,B127158,58,1,MASc PG 40 blocks,sa,112,112,14,1
sk_05,B145584,58,1,MASc PG 40 blocks,sa,112,112,14,1
sk_06,B107189,58,1,MASc PG 40 blocks,sa,112,112,14,1
sk_06,B113324,58,1,MASc PG 40 blocks,sa,112,112,14,1
sk_06,B126589,58,1,MASc PG 40 blocks,sa,112,112,14,1
fb_01,B109915,59,1,MASc PG 40 blocks,sa,112,112,14,1
fb_01,B110288,59,1,MASc PG 40 blocks,sa,112,112,14,1
fb_01,B110471,59,1,MASc PG 40 blocks,sa,112,112,14,1
fb_02,B42891,59,1,MASc PG 40 blocks,sa,112,112,14,1
fb_02,B44010,59,1,MASc PG 40 blocks,sa,112,112,14,1
fb_02,B53160,59,1,MASc PG 40 blocks,sa,112,112,14,1
fb_03,B145584,59,1,MASc PG 40 blocks,sa,112,112,14,1
fb_03,B42891,59,1,MASc PG 40 blocks,sa,112,112,14,1
fb_03,B44010,59,1,MASc PG 40 blocks,sa,112,112,14,1
fb_04,B107189,59,1,MASc PG 40 blocks,sa,112,112,14,1
fb_04,B112990,59,1,MASc PG 40 blocks,sa,112,112,14,1
fb_04,B120266,59,1,MASc PG 40 blocks,sa,112,112,14,1
fb_05,B126869,59,1,MASc PG 40 blocks,sa,112,112,14,1
fb_05,B127158,59,1,MASc PG 40 blocks,sa,112,112,14,1
fb_05,B145584,59,1,MASc PG 40 blocks,sa,112,112,14,1
fb_06,B109915,59,1,MASc PG 40 blocks,sa,112,112,14,1
fb_06,B126589,59,1,MASc PG 40 blocks,sa,112,112,14,1
fb_06,B127158,59,1,MASc PG 40 blocks,sa,112,112,14,1
pr_01,B108060,59,1,MASc PG 40 blocks,sa,112,112,14,1
pr_01,B110288,59,1,MASc PG 40 blocks,sa,112,112,14,1
pr_02,B113324,59,1,MASc PG 40 blocks,sa,112,112,14,1
pr_03,B45231,59,1,MASc PG 40 blocks,sa,112,112,14,1
pr_04,B108124,59,1,MASc PG 40 blocks,sa,112,112,14,1
pr_05,B127158,59,1,MASc PG 40 blocks,sa,112,112,14,1
pr_06,B126589,59,1,MASc PG 40 blocks,sa,112,112,14,1
sk_01,B108339,59,1,MASc PG 40 blocks,sa,112,112,14,1
sk_01,B109517,59,1,MASc PG 40 blocks,sa,112,112,14,1
sk_01,B127158,59,1,MASc PG 40 blocks,sa,112,112,14,1
sk_02,B110288,59,1,MASc PG 40 blocks,sa,112,112,14,1
sk_02,B127158,59,1,MASc PG 40 blocks,sa,112,112,14,1
sk_02,B145584,59,1,MASc PG 40 blocks,sa,112,112,14,1
sk_03,B120266,59,1,MASc PG 40 blocks,sa,112,112,14,1
sk_03,B126589,59,1,MASc PG 40 blocks,sa,112,112,14,1
sk_03,B126869,59,1,MASc PG 40 blocks,sa,112,112,14,1
sk_04,B108339,59,1,MASc PG 40 blocks,sa,112,112,14,1
sk_04,B110471,59,1,MASc PG 40 blocks,sa,112,112,14,1
sk_04,B120266,59,1,MASc PG 40 blocks,sa,112,112,14,1
sk_05,B109915,59,1,MASc PG 40 blocks,sa,112,112,14,1
sk_05,B110288,59,1,MASc PG 40 blocks,sa,112,112,14,1
sk_05,B110471,59,1,MASc PG 40 blocks,sa,112,112,14,1
sk_06,B110471,59,1,MASc PG 40 blocks,sa,112,112,14,1
sk_06,B127158,59,1,MASc PG 40 blocks,sa,112,112,14,1
sk_06,B127158,59,1,MASc PG 40 blocks,sa,112,112,14,1
fb_01,B111410,60,1,MASc PG 40 blocks,sa,112,112,14,1
fb_01,B111480,60,1,MASc PG 40 blocks,sa,112,112,14,1
fb_01,B111867,60,1,MASc PG 40 blocks,sa,112,112,14,1
fb_02,B107189,60,1,MASc PG 40 blocks,sa,112,112,14,1
fb_02,B121154,60,1,MASc PG 40 blocks,sa,112,112,14,1
fb_02,B55424,60,1,MASc PG 40 blocks,sa,112,112,14,1
fb_03,B110288,60,1,MASc PG 40 blocks,sa,112,112,14,1
fb_03,B55424,60,1,MASc PG 40 blocks,sa,112,112,14,1
fb_03,B68233,60,1,MASc PG 40 blocks,sa,112,112,14,1
fb_04,B113324,60,1,MASc PG 40 blocks,sa,112,112,14,1
fb_04,B114477,60,1,MASc PG 40 blocks,sa,112,112,14,1
fb_04,B120266,60,1,MASc PG 40 blocks,sa,112,112,14,1
fb_05,B107189,60,1,MASc PG 40 blocks,sa,112,112,14,1
fb_05,B109915,60,1,MASc PG 40 blocks,sa,112,112,14,1
fb_05,B68233,60,1,MASc PG 40 blocks,sa,112,112,14,1
fb_06,B109915,60,1,MASc PG 40 blocks,sa,112,112,14,1
fb_06,B110288,60,1,MASc PG 40 blocks,sa,112,112,14,1
fb_06,B120266,60,1,MASc PG 40 blocks,sa,112,112,14,1
ld_01,B110288,60,1,MASc PG 40 blocks,sa,112,112,14,1
ld_02,B113324,60,1,MASc PG 40 blocks,sa,112,112,14,1
ld_03,B108124,60,1,MASc PG 40 blocks,sa,112,112,14,1
ld_04,B45231,60,1,MASc PG 40 blocks,sa,112,112,14,1
pr_01,B110288,60,1,MASc PG 40 blocks,sa,112,112,14,1
pr_01,B127158,60,1,MASc PG 40 blocks,sa,112,112,14,1
pr_02,B108339,60,1,MASc PG 40 blocks,sa,112,112,14,1
pr_02,B126869,60,1,MASc PG 40 blocks,sa,112,112,14,1
pr_03,B110471,60,1,MASc PG 40 blocks,sa,112,112,14,1
pr_03,B126589,60,1,MASc PG 40 blocks,sa,112,112,14,1
pr_04,B108339,60,1,MASc PG 40 blocks,sa,112,112,14,1
pr_04,B110471,60,1,MASc PG 40 blocks,sa,112,112,14,1
pr_05,B120266,60,1,MASc PG 40 blocks,sa,112,112,14,1
pr_05,B127158,60,1,MASc PG 40 blocks,sa,112,112,14,1
pr_06,B127158,60,1,MASc PG 40 blocks,sa,112,112,14,1
pr_06,B145584,60,1,MASc PG 40 blocks,sa,112,112,14,1
sk_01,B110288,60,1,MASc PG 40 blocks,sa,112,112,14,1
sk_01,B42891,60,1,MASc PG 40 blocks,sa,112,112,14,1
sk_01,B53160,60,1,MASc PG 40 blocks,sa,112,112,14,1
sk_02,B126869,60,1,MASc PG 40 blocks,sa,112,112,14,1
sk_02,B44010,60,1,MASc PG 40 blocks,sa,112,112,14,1
sk_02,B44010,60,1,MASc PG 40 blocks,sa,112,112,14,1
sk_03,B127158,60,1,MASc PG 40 blocks,sa,112,112,14,1
sk_03,B145584,60,1,MASc PG 40 blocks,sa,112,112,14,1
sk_03,B44010,60,1,MASc PG 40 blocks,sa,112,112,14,1
sk_04,B126589,60,1,MASc PG 40 blocks,sa,112,112,14,1
sk_04,B126869,60,1,MASc PG 40 blocks,sa,112,112,14,1
sk_04,B127158,60,1,MASc PG 40 blocks,sa,112,112,14,1
sk_05,B120266,60,1,MASc PG 40 blocks,sa,112,112,14,1
sk_05,B126589,60,1,MASc PG 40 blocks,sa,112,112,14,1
sk_05,B42891,60,1,MASc PG 40 blocks,sa,112,112,14,1
sk_06,B109915,60,1,MASc PG 40 blocks,sa,112,112,14,1
sk_06,B110288,60,1,MASc PG 40 blocks,sa,112,112,14,1
sk_06,B127158,60,1,MASc PG 40 blocks,sa,112,112,14,1
fb_01,B112038,61,1,MASc PG 40 blocks,sa,112,112,14,1
fb_01,B112990,61,1,MASc PG 40 blocks,sa,112,112,14,1
fb_01,B113324,61,1,MASc PG 40 blocks,sa,112,112,14,1
fb_02,B108060,61,1,MASc PG 40 blocks,sa,112,112,14,1
fb_02,B108124,61,1,MASc PG 40 blocks,sa,112,112,14,1
fb_02,B108339,61,1,MASc PG 40 blocks,sa,112,112,14,1
fb_03,B108060,61,1,MASc PG 40 blocks,sa,112,112,14,1
fb_03,B108339,61,1,MASc PG 40 blocks,sa,112,112,14,1
fb_03,B109340,61,1,MASc PG 40 blocks,sa,112,112,14,1
fb_04,B126413,61,1,MASc PG 40 blocks,sa,112,112,14,1
fb_04,B126869,61,1,MASc PG 40 blocks,sa,112,112,14,1
fb_04,B145584,61,1,MASc PG 40 blocks,sa,112,112,14,1
fb_05,B110288,61,1,MASc PG 40 blocks,sa,112,112,14,1
fb_05,B110471,61,1,MASc PG 40 blocks,sa,112,112,14,1
fb_05,B113324,61,1,MASc PG 40 blocks,sa,112,112,14,1
fb_06,B126589,61,1,MASc PG 40 blocks,sa,112,112,14,1
fb_06,B127158,61,1,MASc PG 40 blocks,sa,112,112,14,1
fb_06,B145584,61,1,MASc PG 40 blocks,sa,112,112,14,1
ld_01,B110471,61,1,MASc PG 40 blocks,sa,112,112,14,1
ld_01,B127158,61,1,MASc PG 40 blocks,sa,112,112,14,1
ld_02,B108339,61,1,MASc PG 40 blocks,sa,112,112,14,1
ld_02,B110288,61,1,MASc PG 40 blocks,sa,112,112,14,1
ld_03,B126869,61,1,MASc PG 40 blocks,sa,112,112,14,1
ld_03,B127158,61,1,MASc PG 40 blocks,sa,112,112,14,1
ld_04,B127158,61,1,MASc PG 40 blocks,sa,112,112,14,1
ld_05,B126589,61,1,MASc PG 40 blocks,sa,112,112,14,1
ld_06,B110471,61,1,MASc PG 40 blocks,sa,112,112,14,1
pr_01,B110288,61,1,MASc PG 40 blocks,sa,112,112,14,1
pr_01,B127158,61,1,MASc PG 40 blocks,sa,112,112,14,1
pr_01,B44010,61,1,MASc PG 40 blocks,sa,112,112,14,1
pr_02,B126589,61,1,MASc PG 40 blocks,sa,112,112,14,1
pr_02,B126869,61,1,MASc PG 40 blocks,sa,112,112,14,1
pr_02,B42891,61,1,MASc PG 40 blocks,sa,112,112,14,1
pr_03,B127158,61,1,MASc PG 40 blocks,sa,112,112,14,1
pr_03,B44010,61,1,MASc PG 40 blocks,sa,112,112,14,1
pr_04,B109915,61,1,MASc PG 40 blocks,sa,112,112,14,1
pr_04,B53160,61,1,MASc PG 40 blocks,sa,112,112,14,1
pr_05,B145584,61,1,MASc PG 40 blocks,sa,112,112,14,1
pr_05,B42891,61,1,MASc PG 40 blocks,sa,112,112,14,1
pr_06,B42891,61,1,MASc PG 40 blocks,sa,112,112,14,1
pr_06,B44010,61,1,MASc PG 40 blocks,sa,112,112,14,1
sk_01,B55424,61,1,MASc PG 40 blocks,sa,112,112,14,1
sk_01,B55424,61,1,MASc PG 40 blocks,sa,112,112,14,1
sk_01,B68233,61,1,MASc PG 40 blocks,sa,112,112,14,1
sk_02,B113324,61,1,MASc PG 40 blocks,sa,112,112,14,1
sk_02,B113324,61,1,MASc PG 40 blocks,sa,112,112,14,1
sk_02,B126869,61,1,MASc PG 40 blocks,sa,112,112,14,1
sk_03,B109915,61,1,MASc PG 40 blocks,sa,112,112,14,1
sk_03,B110288,61,1,MASc PG 40 blocks,sa,112,112,14,1
sk_03,B110471,61,1,MASc PG 40 blocks,sa,112,112,14,1
sk_04,B109915,61,1,MASc PG 40 blocks,sa,112,112,14,1
sk_04,B145584,61,1,MASc PG 40 blocks,sa,112,112,14,1
sk_04,B68233,61,1,MASc PG 40 blocks,sa,112,112,14,1
sk_05,B127158,61,1,MASc PG 40 blocks,sa,112,112,14,1
sk_05,B145584,61,1,MASc PG 40 blocks,sa,112,112,14,1
sk_05,B68233,61,1,MASc PG 40 blocks,sa,112,112,14,1
sk_06,B120266,61,1,MASc PG 40 blocks,sa,112,112,14,1
sk_06,B126589,61,1,MASc PG 40 blocks,sa,112,112,14,1
sk_06,B127158,61,1,MASc PG 40 blocks,sa,112,112,14,1
fb_01,B114477,62,1,MASc PG 40 blocks,sa,112,112,14,1
fb_01,B114861,62,1,MASc PG 40 blocks,sa,112,112,14,1
fb_01,B120266,62,1,MASc PG 40 blocks,sa,112,112,14,1
fb_02,B109340,62,1,MASc PG 40 blocks,sa,112,112,14,1
fb_02,B109915,62,1,MASc PG 40 blocks,sa,112,112,14,1
fb_02,B110288,62,1,MASc PG 40 blocks,sa,112,112,14,1
fb_03,B109915,62,1,MASc PG 40 blocks,sa,112,112,14,1
fb_03,B110288,62,1,MASc PG 40 blocks,sa,112,112,14,1
fb_03,B110471,62,1,MASc PG 40 blocks,sa,112,112,14,1
fb_04,B127158,62,1,MASc PG 40 blocks,sa,112,112,14,1
fb_04,B127158,62,1,MASc PG 40 blocks,sa,112,112,14,1
fb_04,B42891,62,1,MASc PG 40 blocks,sa,112,112,14,1
fb_05,B120266,62,1,MASc PG 40 blocks,sa,112,112,14,1
fb_05,B126413,62,1,MASc PG 40 blocks,sa,112,112,14,1
fb_05,B126589,62,1,MASc PG 40 blocks,sa,112,112,14,1
fb_06,B109915,62,1,MASc PG 40 blocks,sa,112,112,14,1
fb_06,B110288,62,1,MASc PG 40 blocks,sa,112,112,14,1
fb_06,B120266,62,1,MASc PG 40 blocks,sa,112,112,14,1
ld_01,B127158,62,1,MASc PG 40 blocks,sa,112,112,14,1
ld_01,B145584,62,1,MASc PG 40 blocks,sa,112,112,14,1
ld_02,B126589,62,1,MASc PG 40 blocks,sa,112,112,14,1
ld_02,B44010,62,1,MASc PG 40 blocks,sa,112,112,14,1
ld_03,B110288,62,1,MASc PG 40 blocks,sa,112,112,14,1
ld_03,B42891,62,1,MASc PG 40 blocks,sa,112,112,14,1
ld_04,B109915,62,1,MASc PG 40 blocks,sa,112,112,14,1
ld_04,B44010,62,1,MASc PG 40 blocks,sa,112,112,14,1
ld_05,B126869,62,1,MASc PG 40 blocks,sa,112,112,14,1
ld_06,B42891,62,1,MASc PG 40 blocks,sa,112,112,14,1
pr_01,B127158,62,1,MASc PG 40 blocks,sa,112,112,14,1
pr_01,B68233,62,1,MASc PG 40 blocks,sa,112,112,14,1
pr_02,B109915,62,1,MASc PG 40 blocks,sa,112,112,14,1
pr_02,B127158,62,1,MASc PG 40 blocks,sa,112,112,14,1
pr_03,B113324,62,1,MASc PG 40 blocks,sa,112,112,14,1
pr_03,B55424,62,1,MASc PG 40 blocks,sa,112,112,14,1
pr_04,B120266,62,1,MASc PG 40 blocks,sa,112,112,14,1
pr_04,B55424,62,1,MASc PG 40 blocks,sa,112,112,14,1
pr_05,B145584,62,1,MASc PG 40 blocks,sa,112,112,14,1
pr_06,B126589,62,1,MASc PG 40 blocks,sa,112,112,14,1
sk_01,B108060,62,1,MASc PG 40 blocks,sa,112,112,14,1
sk_01,B108060,62,1,MASc PG 40 blocks,sa,112,112,14,1
sk_01,B108124,62,1,MASc PG 40 blocks,sa,112,112,14,1
sk_02,B108124,62,1,MASc PG 40 blocks,sa,112,112,14,1
sk_02,B110471,62,1,MASc PG 40 blocks,sa,112,112,14,1
sk_02,B68233,62,1,MASc PG 40 blocks,sa,112,112,14,1
sk_03,B111867,62,1,MASc PG 40 blocks,sa,112,112,14,1
sk_03,B113324,62,1,MASc PG 40 blocks,sa,112,112,14,1
sk_03,B120266,62,1,MASc PG 40 blocks,sa,112,112,14,1
sk_04,B110288,62,1,MASc PG 40 blocks,sa,112,112,14,1
sk_04,B110471,62,1,MASc PG 40 blocks,sa,112,112,14,1
sk_04,B113324,62,1,MASc PG 40 blocks,sa,112,112,14,1
sk_05,B108060,62,1,MASc PG 40 blocks,sa,112,112,14,1
sk_05,B108124,62,1,MASc PG 40 blocks,sa,112,112,14,1
sk_05,B126589,62,1,MASc PG 40 blocks,sa,112,112,14,1
sk_06,B109915,62,1,MASc PG 40 blocks,sa,112,112,14,1
sk_06,B145584,62,1,MASc PG 40 blocks,sa,112,112,14,1
sk_06,B68233,62,1,MASc PG 40 blocks,sa,112,112,14,1
fb_01,B111480,63,1,MASc PG 40 blocks,sa,112,112,14,1
fb_01,B111867,63,1,MASc PG 40 blocks,sa,112,112,14,1
fb_01,B121928,63,1,MASc PG 40 blocks,sa,112,112,14,1
fb_02,B110471,63,1,MASc PG 40 blocks,sa,112,112,14,1
fb_02,B111410,63,1,MASc PG 40 blocks,sa,112,112,14,1
fb_02,B111480,63,1,MASc PG 40 blocks,sa,112,112,14,1
fb_03,B111410,63,1,MASc PG 40 blocks,sa,112,112,14,1
fb_03,B111480,63,1,MASc PG 40 blocks,sa,112,112,14,1
fb_03,B112038,63,1,MASc PG 40 blocks,sa,112,112,14,1
fb_04,B107189,63,1,MASc PG 40 blocks,sa,112,112,14,1
fb_04,B55424,63,1,MASc PG 40 blocks,sa,112,112,14,1
fb_04,B68233,63,1,MASc PG 40 blocks,sa,112,112,14,1
fb_05,B126869,63,1,MASc PG 40 blocks,sa,112,112,14,1
fb_05,B127158,63,1,MASc PG 40 blocks,sa,112,112,14,1
fb_05,B145584,63,1,MASc PG 40 blocks,sa,112,112,14,1
fb_06,B126589,63,1,MASc PG 40 blocks,sa,112,112,14,1
fb_06,B127158,63,1,MASc PG 40 blocks,sa,112,112,14,1
fb_06,B145584,63,1,MASc PG 40 blocks,sa,112,112,14,1
ld_01,B113324,63,1,MASc PG 40 blocks,sa,112,112,14,1
ld_01,B127158,63,1,MASc PG 40 blocks,sa,112,112,14,1
ld_02,B127158,63,1,MASc PG 40 blocks,sa,112,112,14,1
ld_02,B68233,63,1,MASc PG 40 blocks,sa,112,112,14,1
ld_03,B126589,63,1,MASc PG 40 blocks,sa,112,112,14,1
ld_03,B55424,63,1,MASc PG 40 blocks,sa,112,112,14,1
ld_04,B109915,63,1,MASc PG 40 blocks,sa,112,112,14,1
ld_05,B120266,63,1,MASc PG 40 blocks,sa,112,112,14,1
ld_06,B145584,63,1,MASc PG 40 blocks,sa,112,112,14,1
pr_01,B108124,63,1,MASc PG 40 blocks,sa,112,112,14,1
pr_01,B108124,63,1,MASc PG 40 blocks,sa,112,112,14,1
pr_01,B110288,63,1,MASc PG 40 blocks,sa,112,112,14,1
pr_02,B108124,63,1,MASc PG 40 blocks,sa,112,112,14,1
pr_02,B126589,63,1,MASc PG 40 blocks,sa,112,112,14,1
pr_02,B68233,63,1,MASc PG 40 blocks,sa,112,112,14,1
pr_03,B108060,63,1,MASc PG 40 blocks,sa,112,112,14,1
pr_03,B110471,63,1,MASc PG 40 blocks,sa,112,112,14,1
pr_03,B113324,63,1,MASc PG 40 blocks,sa,112,112,14,1
pr_04,B108060,63,1,MASc PG 40 blocks,sa,112,112,14,1
pr_04,B110471,63,1,MASc PG 40 blocks,sa,112,112,14,1
pr_05,B108060,63,1,MASc PG 40 blocks,sa,112,112,14,1
pr_05,B145584,63,1,MASc PG 40 blocks,sa,112,112,14,1
pr_06,B113324,63,1,MASc PG 40 blocks,sa,112,112,14,1
pr_06,B120266,63,1,MASc PG 40 blocks,sa,112,112,14,1
sk_01,B111867,63,1,MASc PG 40 blocks,sa,112,112,14,1
sk_01,B42891,63,1,MASc PG 40 blocks,sa,112,112,14,1
sk_01,B55424,63,1,MASc PG 40 blocks,sa,112,112,14,1
sk_02,B111867,63,1,MASc PG 40 blocks,sa,112,112,14,1
sk_02,B113324,63,1,MASc PG 40 blocks,sa,112,112,14,1
sk_02,B126869,63,1,MASc PG 40 blocks,sa,112,112,14,1
sk_03,B108339,63,1,MASc PG 40 blocks,sa,112,112,14,1
sk_03,B111867,63,1,MASc PG 40 blocks,sa,112,112,14,1
sk_03,B126869,63,1,MASc PG 40 blocks,sa,112,112,14,1
sk_04,B120266,63,1,MASc PG 40 blocks,sa,112,112,14,1
sk_04,B126589,63,1,MASc PG 40 blocks,sa,112,112,14,1
sk_04,B126869,63,1,MASc PG 40 blocks,sa,112,112,14,1
sk_05,B113324,63,1,MASc PG 40 blocks,sa,112,112,14,1
sk_05,B120266,63,1,MASc PG 40 blocks,sa,112,112,14,1
sk_05,B126589,63,1,MASc PG 40 blocks,sa,112,112,14,1
sk_06,B110288,63,1,MASc PG 40 blocks,sa,112,112,14,1
sk_06,B113324,63,1,MASc PG 40 blocks,sa,112,112,14,1
sk_06,B120266,63,1,MASc PG 40 blocks,sa,112,112,14,1
fb_01,B123357,64,1,MASc PG 40 blocks,sa,112,112,14,1
fb_01,B124193,64,1,MASc PG 40 blocks,sa,112,112,14,1
fb_01,B124453,64,1,MASc PG 40 blocks,sa,112,112,14,1
fb_02,B112038,64,1,MASc PG 40 blocks,sa,112,112,14,1
fb_02,B112990,64,1,MASc PG 40 blocks,sa,112,112,14,1
fb_02,B113324,64,1,MASc PG 40 blocks,sa,112,112,14,1
fb_03,B112990,64,1,MASc PG 40 blocks,sa,112,112,14,1
fb_03,B113324,64,1,MASc PG 40 blocks,sa,112,112,14,1
fb_03,B114477,64,1,MASc PG 40 blocks,sa,112,112,14,1
fb_04,B108339,64,1,MASc PG 40 blocks,sa,112,112,14,1
fb_04,B109340,64,1,MASc PG 40 blocks,sa,112,112,14,1
fb_04,B111480,64,1,MASc PG 40 blocks,sa,112,112,14,1
fb_05,B107189,64,1,MASc PG 40 blocks,sa,112,112,14,1
fb_05,B109915,64,1,MASc PG 40 blocks,sa,112,112,14,1
fb_05,B68233,64,1,MASc PG 40 blocks,sa,112,112,14,1
fb_06,B109915,64,1,MASc PG 40 blocks,sa,112,112,14,1
fb_06,B110288,64,1,MASc PG 40 blocks,sa,112,112,14,1
fb_06,B120266,64,1,MASc PG 40 blocks,sa,112,112,14,1
ld_01,B108124,64,1,MASc PG 40 blocks,sa,112,112,14,1
ld_01,B108124,64,1,MASc PG 40 blocks,sa,112,112,14,1
ld_01,B126589,64,1,MASc PG 40 blocks,sa,112,112,14,1
ld_02,B108124,64,1,MASc PG 40 blocks,sa,112,112,14,1
ld_02,B110288,64,1,MASc PG 40 blocks,sa,112,112,14,1
ld_02,B113324,64,1,MASc PG 40 blocks,sa,112,112,14,1
ld_03,B108060,64,1,MASc PG 40 blocks,sa,112,112,14,1
ld_03,B120266,64,1,MASc PG 40 blocks,sa,112,112,14,1
ld_03,B68233,64,1,MASc PG 40 blocks,sa,112,112,14,1
ld_04,B108060,64,1,MASc PG 40 blocks,sa,112,112,14,1
ld_04,B113324,64,1,MASc PG 40 blocks,sa,112,112,14,1
ld_05,B108060,64,1,MASc PG 40 blocks,sa,112,112,14,1
ld_05,B145584,64,1,MASc PG 40 blocks,sa,112,112,14,1
ld_06,B110471,64,1,MASc PG 40 blocks,sa,112,112,14,1
ld_06,B110471,64,1,MASc PG 40 blocks,sa,112,112,14,1
pr_01,B126589,64,1,MASc PG 40 blocks,sa,112,112,14,1
pr_01,B126869,64,1,MASc PG 40 blocks,sa,112,112,14,1
pr_02,B108339,64,1,MASc PG 40 blocks,sa,112,112,14,1
pr_02,B126869,64,1,MASc PG 40 blocks,sa,112,112,14,1
pr_03,B113324,64,1,MASc PG 40 blocks,sa,112,112,14,1
pr_03,B42891,64,1,MASc PG 40 blocks,sa,112,112,14,1
pr_04,B111867,64,1,MASc PG 40 blocks,sa,112,112,14,1
pr_04,B55424,64,1,MASc PG 40 blocks,sa,112,112,14,1
pr_05,B120266,64,1,MASc PG 40 blocks,sa,112,112,14,1
pr_06,B120266,64,1,MASc PG 40 blocks,sa,112,112,14,1
sk_01,B108339,64,1,MASc PG 40 blocks,sa,112,112,14,1
sk_01,B108339,64,1,MASc PG 40 blocks,sa,112,112,14,1
sk_01,B55424,64,1,MASc PG 40 blocks,sa,112,112,14,1
sk_02,B110288,64,1,MASc PG 40 blocks,sa,112,112,14,1
sk_02,B110471,64,1,MASc PG 40 blocks,sa,112,112,14,1
sk_02,B113324,64,1,MASc PG 40 blocks,sa,112,112,14,1
sk_03,B109915,64,1,MASc PG 40 blocks,sa,112,112,14,1
sk_03,B110288,64,1,MASc PG 40 blocks,sa,112,112,14,1
sk_03,B68233,64,1,MASc PG 40 blocks,sa,112,112,14,1
sk_04,B127158,64,1,MASc PG 40 blocks,sa,112,112,14,1
sk_04,B145584,64,1,MASc PG 40 blocks,sa,112,112,14,1
sk_04,B68233,64,1,MASc PG 40 blocks,sa,112,112,14,1
sk_05,B127158,64,1,MASc PG 40 blocks,sa,112,112,14,1
sk_05,B145584,64,1,MASc PG 40 blocks,sa,112,112,14,1
sk_05,B68233,64,1,MASc PG 40 blocks,sa,112,112,14,1
sk_06,B126589,64,1,MASc PG 40 blocks,sa,112,112,14,1
sk_06,B127158,64,1,MASc PG 40 blocks,sa,112,112,14,1
sk_06,B145584,64,1,MASc PG 40 blocks,sa,112,112,14,1
fb_01,B124540,65,1,MASc PG 40 blocks,sa,112,112,14,1
fb_01,B126413,65,1,MASc PG 40 blocks,sa,112,112,14,1
fb_01,B126492,65,1,MASc PG 40 blocks,sa,112,112,14,1
fb_02,B111480,65,1,MASc PG 40 blocks,sa,112,112,14,1
fb_02,B114477,65,1,MASc PG 40 blocks,sa,112,112,14,1
fb_02,B120266,65,1,MASc PG 40 blocks,sa,112,112,14,1
fb_03,B120266,65,1,MASc PG 40 blocks,sa,112,112,14,1
fb_03,B121928,65,1,MASc PG 40 blocks,sa,112,112,14,1
fb_03,B126413,65,1,MASc PG 40 blocks,sa,112,112,14,1
fb_04,B110288,65,1,MASc PG 40 blocks,sa,112,112,14,1
fb_04,B110471,65,1,MASc PG 40 blocks,sa,112,112,14,1
fb_04,B111410,65,1,MASc PG 40 blocks,sa,112,112,14,1
fb_05,B110288,65,1,MASc PG 40 blocks,sa,112,112,14,1
fb_05,B110471,65,1,MASc PG 40 blocks,sa,112,112,14,1
fb_05,B113324,65,1,MASc PG 40 blocks,sa,112,112,14,1
fb_06,B126589,65,1,MASc PG 40 blocks,sa,112,112,14,1
fb_06,B127158,65,1,MASc PG 40 blocks,sa,112,112,14,1
fb_06,B145584,65,1,MASc PG 40 blocks,sa,112,112,14,1
ld_01,B108339,65,1,MASc PG 40 blocks,sa,112,112,14,1
ld_01,B126589,65,1,MASc PG 40 blocks,sa,112,112,14,1
ld_02,B111867,65,1,MASc PG 40 blocks,sa,112,112,14,1
ld_02,B120266,65,1,MASc PG 40 blocks,sa,112,112,14,1
ld_03,B120266,65,1,MASc PG 40 blocks,sa,112,112,14,1
ld_04,B113324,65,1,MASc PG 40 blocks,sa,112,112,14,1
ld_05,B126869,65,1,MASc PG 40 blocks,sa,112,112,14,1
ld_06,B126869,65,1,MASc PG 40 blocks,sa,112,112,14,1
pr_01,B108339,65,1,MASc PG 40 blocks,sa,112,112,14,1
pr_01,B126589,65,1,MASc PG 40 blocks,sa,112,112,14,1
pr_01,B145584,65,1,MASc PG 40 blocks,sa,112,112,14,1
pr_02,B113324,65,1,MASc PG 40 blocks,sa,112,112,14,1
pr_02,B68233,65,1,MASc PG 40 blocks,sa,112,112,14,1
pr_03,B127158,65,1,MASc PG 40 blocks,sa,112,112,14,1
pr_03,B68233,65,1,MASc PG 40 blocks,sa,112,112,14,1
pr_04,B108339,65,1,MASc PG 40 blocks,sa,112,112,14,1
pr_04,B110288,65,1,MASc PG 40 blocks,sa,112,112,14,1
pr_05,B127158,65,1,MASc PG 40 blocks,sa,112,112,14,1
pr_05,B145584,65,1,MASc PG 40 blocks,sa,112,112,14,1
pr_06,B109915,65,1,MASc PG 40 blocks,sa,112,112,14,1
pr_06,B55424,65,1,MASc PG 40 blocks,sa,112,112,14,1
sk_01,B107189,65,1,MASc PG 40 blocks,sa,112,112,14,1
sk_01,B108339,65,1,MASc PG 40 blocks,sa,112,112,14,1
sk_01,B108339,65,1,MASc PG 40 blocks,sa,112,112,14,1
sk_02,B110288,65,1,MASc PG 40 blocks,sa,112,112,14,1
sk_02,B126869,65,1,MASc PG 40 blocks,sa,112,112,14,1
sk_02,B68233,65,1,MASc PG 40 blocks,sa,112,112,14,1
sk_03,B110471,65,1,MASc PG 40 blocks,sa,112,112,14,1
sk_03,B113324,65,1,MASc PG 40 blocks,sa,112,112,14,1
sk_03,B120266,65,1,MASc PG 40 blocks,sa,112,112,14,1
sk_04,B109915,65,1,MASc PG 40 blocks,sa,112,112,14,1
sk_04,B110288,65,1,MASc PG 40 blocks,sa,112,112,14,1
sk_04,B110471,65,1,MASc PG 40 blocks,sa,112,112,14,1
sk_05,B109915,65,1,MASc PG 40 blocks,sa,112,112,14,1
sk_05,B110288,65,1,MASc PG 40 blocks,sa,112,112,14,1
sk_05,B110471,65,1,MASc PG 40 blocks,sa,112,112,14,1
sk_06,B107189,65,1,MASc PG 40 blocks,sa,112,112,14,1
sk_06,B108339,65,1,MASc PG 40 blocks,sa,112,112,14,1
sk_06,B113324,65,1,MASc PG 40 blocks,sa,112,112,14,1
fb_01,B126589,66,1,MASc PG 40 blocks,sa,112,112,14,1
fb_01,B126869,66,1,MASc PG 40 blocks,sa,112,112,14,1
fb_01,B127158,66,1,MASc PG 40 blocks,sa,112,112,14,1
fb_02,B121928,66,1,MASc PG 40 blocks,sa,112,112,14,1
fb_02,B124193,66,1,MASc PG 40 blocks,sa,112,112,14,1
fb_02,B124453,66,1,MASc PG 40 blocks,sa,112,112,14,1
fb_03,B126492,66,1,MASc PG 40 blocks,sa,112,112,14,1
fb_03,B126589,66,1,MASc PG 40 blocks,sa,112,112,14,1
fb_03,B126869,66,1,MASc PG 40 blocks,sa,112,112,14,1
fb_04,B111480,66,1,MASc PG 40 blocks,sa,112,112,14,1
fb_04,B112038,66,1,MASc PG 40 blocks,sa,112,112,14,1
fb_04,B112990,66,1,MASc PG 40 blocks,sa,112,112,14,1
fb_05,B120266,66,1,MASc PG 40 blocks,sa,112,112,14,1
fb_05,B126413,66,1,MASc PG 40 blocks,sa,112,112,14,1
fb_05,B126589,66,1,MASc PG 40 blocks,sa,112,112,14,1
fb_06,B109915,66,1,MASc PG 40 blocks,sa,112,112,14,1
fb_06,B110288,66,1,MASc PG 40 blocks,sa,112,112,14,1
fb_06,B120266,66,1,MASc PG 40 blocks,sa,112,112,14,1
ld_01,B110288,66,1,MASc PG 40 blocks,sa,112,112,14,1
ld_01,B127158,66,1,MASc PG 40 blocks,sa,112,112,14,1
ld_02,B113324,66,1,MASc PG 40 blocks,sa,112,112,14,1
ld_02,B145584,66,1,MASc PG 40 blocks,sa,112,112,14,1
ld_03,B127158,66,1,MASc PG 40 blocks,sa,112,112,14,1
ld_03,B68233,66,1,MASc PG 40 blocks,sa,112,112,14,1
ld_04,B109915,66,1,MASc PG 40 blocks,sa,112,112,14,1
ld_04,B55424,66,1,MASc PG 40 blocks,sa,112,112,14,1
ld_05,B108339,66,1,MASc PG 40 blocks,sa,112,112,14,1
ld_05,B145584,66,1,MASc PG 40 blocks,sa,112,112,14,1
ld_06,B68233,66,1,MASc PG 40 blocks,sa,112,112,14,1
pr_01,B108339,66,1,MASc PG 40 blocks,sa,112,112,14,1
pr_01,B110288,66,1,MASc PG 40 blocks,sa,112,112,14,1
pr_01,B110471,66,1,MASc PG 40 blocks,sa,112,112,14,1
pr_02,B110471,66,1,MASc PG 40 blocks,sa,112,112,14,1
pr_02,B113324,66,1,MASc PG 40 blocks,sa,112,112,14,1
pr_03,B107189,66,1,MASc PG 40 blocks,sa,112,112,14,1
pr_03,B110288,66,1,MASc PG 40 blocks,sa,112,112,14,1
pr_04,B107189,66,1,MASc PG 40 blocks,sa,112,112,14,1
pr_04,B68233,66,1,MASc PG 40 blocks,sa,112,112,14,1
pr_05,B108339,66,1,MASc PG 40 blocks,sa,112,112,14,1
pr_05,B109915,66,1,MASc PG 40 blocks,sa,112,112,14,1
pr_06,B108339,66,1,MASc PG 40 blocks,sa,112,112,14,1
pr_06,B126869,66,1,MASc PG 40 blocks,sa,112,112,14,1
sk_01,B107189,66,1,MASc PG 40 blocks,sa,112,112,14,1
sk_01,B107189,66,1,MASc PG 40 blocks,sa,112,112,14,1
sk_01,B107189,66,1,MASc PG 40 blocks,sa,112,112,14,1
sk_02,B110471,66,1,MASc PG 40 blocks,sa,112,112,14,1
sk_02,B113324,66,1,MASc PG 40 blocks,sa,112,112,14,1
sk_02,B126869,66,1,MASc PG 40 blocks,sa,112,112,14,1
sk_03,B107189,66,1,MASc PG 40 blocks,sa,112,112,14,1
sk_03,B126589,66,1,MASc PG 40 blocks,sa,112,112,14,1
sk_03,B126869,66,1,MASc PG 40 blocks,sa,112,112,14,1
sk_04,B113324,66,1,MASc PG 40 blocks,sa,112,112,14,1
sk_04,B120266,66,1,MASc PG 40 blocks,sa,112,112,14,1
sk_04,B126589,66,1,MASc PG 40 blocks,sa,112,112,14,1
sk_05,B113324,66,1,MASc PG 40 blocks,sa,112,112,14,1
sk_05,B120266,66,1,MASc PG 40 blocks,sa,112,112,14,1
sk_05,B127158,66,1,MASc PG 40 blocks,sa,112,112,14,1
sk_06,B111867,66,1,MASc PG 40 blocks,sa,112,112,14,1
sk_06,B120266,66,1,MASc PG 40 blocks,sa,112,112,14,1
sk_06,B126589,66,1,MASc PG 40 blocks,sa,112,112,14,1
fb_01,B126589,67,1,MASc PG 40 blocks,sa,112,112,14,1
fb_01,B129183,67,1,MASc PG 40 blocks,sa,112,112,14,1
fb_01,B145584,67,1,MASc PG 40 blocks,sa,112,112,14,1
fb_02,B126413,67,1,MASc PG 40 blocks,sa,112,112,14,1
fb_02,B126492,67,1,MASc PG 40 blocks,sa,112,112,14,1
fb_02,B42891,67,1,MASc PG 40 blocks,sa,112,112,14,1
fb_03,B127158,67,1,MASc PG 40 blocks,sa,112,112,14,1
fb_03,B145584,67,1,MASc PG 40 blocks,sa,112,112,14,1
fb_03,B42891,67,1,MASc PG 40 blocks,sa,112,112,14,1
fb_04,B113324,67,1,MASc PG 40 blocks,sa,112,112,14,1
fb_04,B114477,67,1,MASc PG 40 blocks,sa,112,112,14,1
fb_04,B120266,67,1,MASc PG 40 blocks,sa,112,112,14,1
fb_05,B126869,67,1,MASc PG 40 blocks,sa,112,112,14,1
fb_05,B127158,67,1,MASc PG 40 blocks,sa,112,112,14,1
fb_05,B145584,67,1,MASc PG 40 blocks,sa,112,112,14,1
fb_06,B126589,67,1,MASc PG 40 blocks,sa,112,112,14,1
fb_06,B127158,67,1,MASc PG 40 blocks,sa,112,112,14,1
fb_06,B145584,67,1,MASc PG 40 blocks,sa,112,112,14,1
ld_01,B109915,67,1,MASc PG 40 blocks,sa,112,112,14,1
ld_01,B110471,67,1,MASc PG 40 blocks,sa,112,112,14,1
ld_02,B110288,67,1,MASc PG 40 blocks,sa,112,112,14,1
ld_02,B110471,67,1,MASc PG 40 blocks,sa,112,112,14,1
ld_03,B110288,67,1,MASc PG 40 blocks,sa,112,112,14,1
ld_03,B126869,67,1,MASc PG 40 blocks,sa,112,112,14,1
ld_04,B107189,67,1,MASc PG 40 blocks,sa,112,112,14,1
ld_04,B110288,67,1,MASc PG 40 blocks,sa,112,112,14,1
ld_05,B108339,67,1,MASc PG 40 blocks,sa,112,112,14,1
ld_05,B113324,67,1,MASc PG 40 blocks,sa,112,112,14,1
ld_06,B108339,67,1,MASc PG 40 blocks,sa,112,112,14,1
ld_06,B68233,67,1,MASc PG 40 blocks,sa,112,112,14,1
pr_01,B107189,67,1,MASc PG 40 blocks,sa,112,112,14,1
pr_01,B111867,67,1,MASc PG 40 blocks,sa,112,112,14,1
pr_01,B113324,67,1,MASc PG 40 blocks,sa,112,112,14,1
pr_02,B107189,67,1,MASc PG 40 blocks,sa,112,112,14,1
pr_02,B107189,67,1,MASc PG 40 blocks,sa,112,112,14,1
pr_02,B110471,67,1,MASc PG 40 blocks,sa,112,112,14,1
pr_03,B107189,67,1,MASc PG 40 blocks,sa,112,112,14,1
pr_03,B120266,67,1,MASc PG 40 blocks,sa,112,112,14,1
pr_04,B120266,67,1,MASc PG 40 blocks,sa,112,112,14,1
pr_04,B126589,67,1,MASc PG 40 blocks,sa,112,112,14,1
pr_05,B126589,67,1,MASc PG 40 blocks,sa,112,112,14,1
pr_05,B126869,67,1,MASc PG 40 blocks,sa,112,112,14,1
pr_06,B113324,67,1,MASc PG 40 blocks,sa,112,112,14,1
pr_06,B127158,67,1,MASc PG 40 blocks,sa,112,112,14,1
sk_01,B111867,67,1,MASc PG 40 blocks,sa,112,112,14,1
sk_01,B114861,67,1,MASc PG 40 blocks,sa,112,112,14,1
sk_01,B68233,67,1,MASc PG 40 blocks,sa,112,112,14,1
sk_02,B110288,67,1,MASc PG 40 blocks,sa,112,112,14,1
sk_02,B113324,67,1,MASc PG 40 blocks,sa,112,112,14,1
sk_02,B68233,67,1,MASc PG 40 blocks,sa,112,112,14,1
sk_03,B109915,67,1,MASc PG 40 blocks,sa,112,112,14,1
sk_03,B145584,67,1,MASc PG 40 blocks,sa,112,112,14,1
sk_03,B68233,67,1,MASc PG 40 blocks,sa,112,112,14,1
sk_04,B111867,67,1,MASc PG 40 blocks,sa,112,112,14,1
sk_04,B126869,67,1,MASc PG 40 blocks,sa,112,112,14,1
sk_04,B68233,67,1,MASc PG 40 blocks,sa,112,112,14,1
sk_05,B111867,67,1,MASc PG 40 blocks,sa,112,112,14,1
sk_05,B111867,67,1,MASc PG 40 blocks,sa,112,112,14,1
sk_05,B127158,67,1,MASc PG 40 blocks,sa,112,112,14,1
sk_06,B109915,67,1,MASc PG 40 blocks,sa,112,112,14,1
sk_06,B110288,67,1,MASc PG 40 blocks,sa,112,112,14,1
sk_06,B145584,67,1,MASc PG 40 blocks,sa,112,112,14,1
fb_01,B44010,68,1,MASc PG 40 blocks,sa,112,112,14,1
fb_01,B45231,68,1,MASc PG 40 blocks,sa,112,112,14,1
fb_01,B53160,68,1,MASc PG 40 blocks,sa,112,112,14,1
fb_02,B126869,68,1,MASc PG 40 blocks,sa,112,112,14,1
fb_02,B127158,68,1,MASc PG 40 blocks,sa,112,112,14,1
fb_02,B145584,68,1,MASc PG 40 blocks,sa,112,112,14,1
fb_03,B44010,68,1,MASc PG 40 blocks,sa,112,112,14,1
fb_03,B55424,68,1,MASc PG 40 blocks,sa,112,112,14,1
fb_03,B68233,68,1,MASc PG 40 blocks,sa,112,112,14,1
fb_04,B126413,68,1,MASc PG 40 blocks,sa,112,112,14,1
fb_04,B126589,68,1,MASc PG 40 blocks,sa,112,112,14,1
fb_04,B126869,68,1,MASc PG 40 blocks,sa,112,112,14,1
fb_05,B107189,68,1,MASc PG 40 blocks,sa,112,112,14,1
fb_05,B109915,68,1,MASc PG 40 blocks,sa,112,112,14,1
fb_05,B68233,68,1,MASc PG 40 blocks,sa,112,112,14,1
fb_06,B109915,68,1,MASc PG 40 blocks,sa,112,112,14,1
fb_06,B120266,68,1,MASc PG 40 blocks,sa,112,112,14,1
fb_06,B126589,68,1,MASc PG 40 blocks,sa,112,112,14,1
ld_01,B111867,68,1,MASc PG 40 blocks,sa,112,112,14,1
ld_01,B113324,68,1,MASc PG 40 blocks,sa,112,112,14,1
ld_01,B126589,68,1,MASc PG 40 blocks,sa,112,112,14,1
ld_02,B110471,68,1,MASc PG 40 blocks,sa,112,112,14,1
ld_02,B111867,68,1,MASc PG 40 blocks,sa,112,112,14,1
ld_02,B126589,68,1,MASc PG 40 blocks,sa,112,112,14,1
ld_03,B120266,68,1,MASc PG 40 blocks,sa,112,112,14,1
ld_03,B126869,68,1,MASc PG 40 blocks,sa,112,112,14,1
ld_04,B107189,68,1,MASc PG 40 blocks,sa,112,112,14,1
ld_04,B127158,68,1,MASc PG 40 blocks,sa,112,112,14,1
ld_05,B107189,68,1,MASc PG 40 blocks,sa,112,112,14,1
ld_05,B120266,68,1,MASc PG 40 blocks,sa,112,112,14,1
ld_06,B107189,68,1,MASc PG 40 blocks,sa,112,112,14,1
ld_06,B113324,68,1,MASc PG 40 blocks,sa,112,112,14,1
pr_01,B110288,68,1,MASc PG 40 blocks,sa,112,112,14,1
pr_01,B113324,68,1,MASc PG 40 blocks,sa,112,112,14,1
pr_02,B109915,68,1,MASc PG 40 blocks,sa,112,112,14,1
pr_02,B68233,68,1,MASc PG 40 blocks,sa,112,112,14,1
pr_03,B111867,68,1,MASc PG 40 blocks,sa,112,112,14,1
pr_04,B145584,68,1,MASc PG 40 blocks,sa,112,112,14,1
pr_05,B111867,68,1,MASc PG 40 blocks,sa,112,112,14,1
pr_06,B68233,68,1,MASc PG 40 blocks,sa,112,112,14,1
sk_01,B127158,68,1,MASc PG 40 blocks,sa,112,112,14,1
sk_01,B127158,68,1,MASc PG 40 blocks,sa,112,112,14,1
sk_01,B42891,68,1,MASc PG 40 blocks,sa,112,112,14,1
sk_02,B113324,68,1,MASc PG 40 blocks,sa,112,112,14,1
sk_02,B126869,68,1,MASc PG 40 blocks,sa,112,112,14,1
sk_02,B127158,68,1,MASc PG 40 blocks,sa,112,112,14,1
sk_03,B110288,68,1,MASc PG 40 blocks,sa,112,112,14,1
sk_03,B110471,68,1,MASc PG 40 blocks,sa,112,112,14,1
sk_03,B113324,68,1,MASc PG 40 blocks,sa,112,112,14,1
sk_04,B109915,68,1,MASc PG 40 blocks,sa,112,112,14,1
sk_04,B110288,68,1,MASc PG 40 blocks,sa,112,112,14,1
sk_04,B42891,68,1,MASc PG 40 blocks,sa,112,112,14,1
sk_05,B109915,68,1,MASc PG 40 blocks,sa,112,112,14,1
sk_05,B110288,68,1,MASc PG 40 blocks,sa,112,112,14,1
sk_05,B110471,68,1,MASc PG 40 blocks,sa,112,112,14,1
sk_06,B113324,68,1,MASc PG 40 blocks,sa,112,112,14,1
sk_06,B120266,68,1,MASc PG 40 blocks,sa,112,112,14,1
sk_06,B126589,68,1,MASc PG 40 blocks,sa,112,112,14,1
fb_01,B55424,69,1,MASc PG 40 blocks,sa,112,112,14,1
fb_01,B65573,69,1,MASc PG 40 blocks,sa,112,112,14,1
fb_01,B68233,69,1,MASc PG 40 blocks,sa,112,112,14,1
fb_02,B109915,69,1,MASc PG 40 blocks,sa,112,112,14,1
fb_02,B111480,69,1,MASc PG 40 blocks,sa,112,112,14,1
fb_02,B42891,69,1,MASc PG 40 blocks,sa,112,112,14,1
fb_03,B107189,69,1,MASc PG 40 blocks,sa,112,112,14,1
fb_03,B111480,69,1,MASc PG 40 blocks,sa,112,112,14,1
fb_03,B126869,69,1,MASc PG 40 blocks,sa,112,112,14,1
fb_04,B127158,69,1,MASc PG 40 blocks,sa,112,112,14,1
fb_04,B145584,69,1,MASc PG 40 blocks,sa,112,112,14,1
fb_04,B42891,69,1,MASc PG 40 blocks,sa,112,112,14,1
fb_05,B110288,69,1,MASc PG 40 blocks,sa,112,112,14,1
fb_05,B110471,69,1,MASc PG 40 blocks,sa,112,112,14,1
fb_05,B113324,69,1,MASc PG 40 blocks,sa,112,112,14,1
fb_06,B127158,69,1,MASc PG 40 blocks,sa,112,112,14,1
fb_06,B145584,69,1,MASc PG 40 blocks,sa,112,112,14,1
fb_06,B53160,69,1,MASc PG 40 blocks,sa,112,112,14,1
ld_01,B109915,69,1,MASc PG 40 blocks,sa,112,112,14,1
ld_01,B111867,69,1,MASc PG 40 blocks,sa,112,112,14,1
ld_02,B110288,69,1,MASc PG 40 blocks,sa,112,112,14,1
ld_02,B111867,69,1,MASc PG 40 blocks,sa,112,112,14,1
ld_03,B111867,69,1,MASc PG 40 blocks,sa,112,112,14,1
ld_03,B145584,69,1,MASc PG 40 blocks,sa,112,112,14,1
ld_04,B111867,69,1,MASc PG 40 blocks,sa,112,112,14,1
ld_04,B68233,69,1,MASc PG 40 blocks,sa,112,112,14,1
ld_05,B113324,69,1,MASc PG 40 blocks,sa,112,112,14,1
ld_06,B68233,69,1,MASc PG 40 blocks,sa,112,112,14,1
pr_01,B110288,69,1,MASc PG 40 blocks,sa,112,112,14,1
pr_01,B120266,69,1,MASc PG 40 blocks,sa,112,112,14,1
pr_01,B127158,69,1,MASc PG 40 blocks,sa,112,112,14,1
pr_02,B110288,69,1,MASc PG 40 blocks,sa,112,112,14,1
pr_02,B127158,69,1,MASc PG 40 blocks,sa,112,112,14,1
pr_02,B42891,69,1,MASc PG 40 blocks,sa,112,112,14,1
pr_03,B109915,69,1,MASc PG 40 blocks,sa,112,112,14,1
pr_03,B127158,69,1,MASc PG 40 blocks,sa,112,112,14,1
pr_04,B110471,69,1,MASc PG 40 blocks,sa,112,112,14,1
pr_04,B126589,69,1,MASc PG 40 blocks,sa,112,112,14,1
pr_05,B126869,69,1,MASc PG 40 blocks,sa,112,112,14,1
pr_05,B42891,69,1,MASc PG 40 blocks,sa,112,112,14,1
pr_06,B113324,69,1,MASc PG 40 blocks,sa,112,112,14,1
pr_06,B42891,69,1,MASc PG 40 blocks,sa,112,112,14,1
sk_01,B44010,69,1,MASc PG 40 blocks,sa,112,112,14,1
sk_01,B44010,69,1,MASc PG 40 blocks,sa,112,112,14,1
sk_01,B45231,69,1,MASc PG 40 blocks,sa,112,112,14,1
sk_02,B110288,69,1,MASc PG 40 blocks,sa,112,112,14,1
sk_02,B110471,69,1,MASc PG 40 blocks,sa,112,112,14,1
sk_02,B113324,69,1,MASc PG 40 blocks,sa,112,112,14,1
sk_03,B120266,69,1,MASc PG 40 blocks,sa,112,112,14,1
sk_03,B126589,69,1,MASc PG 40 blocks,sa,112,112,14,1
sk_03,B126869,69,1,MASc PG 40 blocks,sa,112,112,14,1
sk_04,B110471,69,1,MASc PG 40 blocks,sa,112,112,14,1
sk_04,B113324,69,1,MASc PG 40 blocks,sa,112,112,14,1
sk_04,B120266,69,1,MASc PG 40 blocks,sa,112,112,14,1
sk_05,B113324,69,1,MASc PG 40 blocks,sa,112,112,14,1
sk_05,B120266,69,1,MASc PG 40 blocks,sa,112,112,14,1
sk_05,B126589,69,1,MASc PG 40 blocks,sa,112,112,14,1
sk_06,B109915,69,1,MASc PG 40 blocks,sa,112,112,14,1
sk_06,B44010,69,1,MASc PG 40 blocks,sa,112,112,14,1
sk_06,B53160,69,1,MASc PG 40 blocks,sa,112,112,14,1
fb_01,B107189,70,1,MASc PG 40 blocks,sa,112,112,14,1
fb_01,B108060,70,1,MASc PG 40 blocks,sa,112,112,14,1
fb_01,B108124,70,1,MASc PG 40 blocks,sa,112,112,14,1
fb_02,B107189,70,1,MASc PG 40 blocks,sa,112,112,14,1
fb_02,B55424,70,1,MASc PG 40 blocks,sa,112,112,14,1
fb_02,B68233,70,1,MASc PG 40 blocks,sa,112,112,14,1
fb_03,B109915,70,1,MASc PG 40 blocks,sa,112,112,14,1
fb_03,B110471,70,1,MASc PG 40 blocks,sa,112,112,14,1
fb_03,B111480,70,1,MASc PG 40 blocks,sa,112,112,14,1
fb_04,B107189,70,1,MASc PG 40 blocks,sa,112,112,14,1
fb_04,B55424,70,1,MASc PG 40 blocks,sa,112,112,14,1
fb_04,B68233,70,1,MASc PG 40 blocks,sa,112,112,14,1
fb_05,B120266,70,1,MASc PG 40 blocks,sa,112,112,14,1
fb_05,B126413,70,1,MASc PG 40 blocks,sa,112,112,14,1
fb_05,B126589,70,1,MASc PG 40 blocks,sa,112,112,14,1
fb_06,B120266,70,1,MASc PG 40 blocks,sa,112,112,14,1
fb_06,B126589,70,1,MASc PG 40 blocks,sa,112,112,14,1
fb_06,B127158,70,1,MASc PG 40 blocks,sa,112,112,14,1
ld_01,B109915,70,1,MASc PG 40 blocks,sa,112,112,14,1
ld_01,B110471,70,1,MASc PG 40 blocks,sa,112,112,14,1
ld_02,B113324,70,1,MASc PG 40 blocks,sa,112,112,14,1
ld_02,B127158,70,1,MASc PG 40 blocks,sa,112,112,14,1
ld_03,B110288,70,1,MASc PG 40 blocks,sa,112,112,14,1
ld_03,B110288,70,1,MASc PG 40 blocks,sa,112,112,14,1
ld_04,B126869,70,1,MASc PG 40 blocks,sa,112,112,14,1
ld_04,B127158,70,1,MASc PG 40 blocks,sa,112,112,14,1
ld_05,B126589,70,1,MASc PG 40 blocks,sa,112,112,14,1
ld_05,B42891,70,1,MASc PG 40 blocks,sa,112,112,14,1
ld_06,B120266,70,1,MASc PG 40 blocks,sa,112,112,14,1
ld_06,B42891,70,1,MASc PG 40 blocks,sa,112,112,14,1
pr_01,B44010,70,1,MASc PG 40 blocks,sa,112,112,14,1
pr_01,B45231,70,1,MASc PG 40 blocks,sa,112,112,14,1
pr_01,B53160,70,1,MASc PG 40 blocks,sa,112,112,14,1
pr_02,B109915,70,1,MASc PG 40 blocks,sa,112,112,14,1
pr_02,B110471,70,1,MASc PG 40 blocks,sa,112,112,14,1
pr_03,B113324,70,1,MASc PG 40 blocks,sa,112,112,14,1
pr_03,B44010,70,1,MASc PG 40 blocks,sa,112,112,14,1
pr_04,B113324,70,1,MASc PG 40 blocks,sa,112,112,14,1
pr_04,B120266,70,1,MASc PG 40 blocks,sa,112,112,14,1
pr_05,B44010,70,1,MASc PG 40 blocks,sa,112,112,14,1
pr_05,B53160,70,1,MASc PG 40 blocks,sa,112,112,14,1
pr_06,B120266,70,1,MASc PG 40 blocks,sa,112,112,14,1
pr_06,B126589,70,1,MASc PG 40 blocks,sa,112,112,14,1
sk_01,B127158,70,1,MASc PG 40 blocks,sa,112,112,14,1
sk_01,B42891,70,1,MASc PG 40 blocks,sa,112,112,14,1
sk_01,B65573,70,1,MASc PG 40 blocks,sa,112,112,14,1
sk_02,B110288,70,1,MASc PG 40 blocks,sa,112,112,14,1
sk_02,B126869,70,1,MASc PG 40 blocks,sa,112,112,14,1
sk_02,B53160,70,1,MASc PG 40 blocks,sa,112,112,14,1
sk_03,B127158,70,1,MASc PG 40 blocks,sa,112,112,14,1
sk_03,B145584,70,1,MASc PG 40 blocks,sa,112,112,14,1
sk_03,B68233,70,1,MASc PG 40 blocks,sa,112,112,14,1
sk_04,B126589,70,1,MASc PG 40 blocks,sa,112,112,14,1
sk_04,B126869,70,1,MASc PG 40 blocks,sa,112,112,14,1
sk_04,B127158,70,1,MASc PG 40 blocks,sa,112,112,14,1
sk_05,B145584,70,1,MASc PG 40 blocks,sa,112,112,14,1
sk_05,B42891,70,1,MASc PG 40 blocks,sa,112,112,14,1
sk_05,B68233,70,1,MASc PG 40 blocks,sa,112,112,14,1
sk_06,B110288,70,1,MASc PG 40 blocks,sa,112,112,14,1
sk_06,B113324,70,1,MASc PG 40 blocks,sa,112,112,14,1
sk_06,B120266,70,1,MASc PG 40 blocks,sa,112,112,14,1
fb_01,B107189,71,1,MASc PG 40 blocks,sa,112,112,14,1
fb_01,B108124,71,1,MASc PG 40 blocks,sa,112,112,14,1
fb_01,B127158,71,1,MASc PG 40 blocks,sa,112,112,14,1
fb_02,B112990,71,1,MASc PG 40 blocks,sa,112,112,14,1
fb_02,B126413,71,1,MASc PG 40 blocks,sa,112,112,14,1
fb_02,B145584,71,1,MASc PG 40 blocks,sa,112,112,14,1
fb_03,B120266,71,1,MASc PG 40 blocks,sa,112,112,14,1
fb_03,B121455,71,1,MASc PG 40 blocks,sa,112,112,14,1
fb_03,B126869,71,1,MASc PG 40 blocks,sa,112,112,14,1
fb_04,B111410,71,1,MASc PG 40 blocks,sa,112,112,14,1
fb_04,B111480,71,1,MASc PG 40 blocks,sa,112,112,14,1
fb_04,B126869,71,1,MASc PG 40 blocks,sa,112,112,14,1
fb_05,B108339,71,1,MASc PG 40 blocks,sa,112,112,14,1
fb_05,B109340,71,1,MASc PG 40 blocks,sa,112,112,14,1
fb_05,B109915,71,1,MASc PG 40 blocks,sa,112,112,14,1
fb_06,B107189,71,1,MASc PG 40 blocks,sa,112,112,14,1
fb_06,B113324,71,1,MASc PG 40 blocks,sa,112,112,14,1
fb_06,B68233,71,1,MASc PG 40 blocks,sa,112,112,14,1
fb_01,B109340,72,1,MASc PG 40 blocks,sa,112,112,14,1
fb_01,B109517,72,1,MASc PG 40 blocks,sa,112,112,14,1
fb_01,B109915,72,1,MASc PG 40 blocks,sa,112,112,14,1
fb_02,B120266,72,1,MASc PG 40 blocks,sa,112,112,14,1
fb_02,B121455,72,1,MASc PG 40 blocks,sa,112,112,14,1
fb_02,B121928,72,1,MASc PG 40 blocks,sa,112,112,14,1
fb_03,B121455,72,1,MASc PG 40 blocks,sa,112,112,14,1
fb_03,B124193,72,1,MASc PG 40 blocks,sa,112,112,14,1
fb_03,B126413,72,1,MASc PG 40 blocks,sa,112,112,14,1
fb_04,B112990,72,1,MASc PG 40 blocks,sa,112,112,14,1
fb_04,B113324,72,1,MASc PG 40 blocks,sa,112,112,14,1
fb_04,B114477,72,1,MASc PG 40 blocks,sa,112,112,14,1
fb_05,B109340,72,1,MASc PG 40 blocks,sa,112,112,14,1
fb_05,B110471,72,1,MASc PG 40 blocks,sa,112,112,14,1
fb_05,B111410,72,1,MASc PG 40 blocks,sa,112,112,14,1
fb_06,B108339,72,1,MASc PG 40 blocks,sa,112,112,14,1
fb_06,B110288,72,1,MASc PG 40 blocks,sa,112,112,14,1
fb_06,B110471,72,1,MASc PG 40 blocks,sa,112,112,14,1
sk_01,B107189,72,1,MASc PG 40 blocks,sa,112,112,14,1
sk_01,B108124,72,1,MASc PG 40 blocks,sa,112,112,14,1
sk_01,B68233,72,1,MASc PG 40 blocks,sa,112,112,14,1
sk_02,B108124,72,1,MASc PG 40 blocks,sa,112,112,14,1
sk_02,B127158,72,1,MASc PG 40 blocks,sa,112,112,14,1
sk_02,B68233,72,1,MASc PG 40 blocks,sa,112,112,14,1
sk_03,B108339,72,1,MASc PG 40 blocks,sa,112,112,14,1
sk_03,B111480,72,1,MASc PG 40 blocks,sa,112,112,14,1
sk_03,B112990,72,1,MASc PG 40 blocks,sa,112,112,14,1
sk_04,B107189,72,1,MASc PG 40 blocks,sa,112,112,14,1
sk_04,B109915,72,1,MASc PG 40 blocks,sa,112,112,14,1
sk_04,B68233,72,1,MASc PG 40 blocks,sa,112,112,14,1
sk_05,B109340,72,1,MASc PG 40 blocks,sa,112,112,14,1
sk_05,B109915,72,1,MASc PG 40 blocks,sa,112,112,14,1
sk_05,B109915,72,1,MASc PG 40 blocks,sa,112,112,14,1
sk_06,B107189,72,1,MASc PG 40 blocks,sa,112,112,14,1
sk_06,B120266,72,1,MASc PG 40 blocks,sa,112,112,14,1
sk_06,B120266,72,1,MASc PG 40 blocks,sa,112,112,14,1
fb_01,B109915,73,1,MASc PG 40 blocks,sa,112,112,14,1
fb_01,B110288,73,1,MASc PG 40 blocks,sa,112,112,14,1
fb_01,B110471,73,1,MASc PG 40 blocks,sa,112,112,14,1
fb_02,B124453,73,1,MASc PG 40 blocks,sa,112,112,14,1
fb_02,B126413,73,1,MASc PG 40 blocks,sa,112,112,14,1
fb_02,B127158,73,1,MASc PG 40 blocks,sa,112,112,14,1
fb_03,B121154,73,1,MASc PG 40 blocks,sa,112,112,14,1
fb_03,B126589,73,1,MASc PG 40 blocks,sa,112,112,14,1
fb_03,B126869,73,1,MASc PG 40 blocks,sa,112,112,14,1
fb_04,B120266,73,1,MASc PG 40 blocks,sa,112,112,14,1
fb_04,B121928,73,1,MASc PG 40 blocks,sa,112,112,14,1
fb_04,B126413,73,1,MASc PG 40 blocks,sa,112,112,14,1
fb_05,B111480,73,1,MASc PG 40 blocks,sa,112,112,14,1
fb_05,B112038,73,1,MASc PG 40 blocks,sa,112,112,14,1
fb_05,B112990,73,1,MASc PG 40 blocks,sa,112,112,14,1
fb_06,B112038,73,1,MASc PG 40 blocks,sa,112,112,14,1
fb_06,B113324,73,1,MASc PG 40 blocks,sa,112,112,14,1
fb_06,B120266,73,1,MASc PG 40 blocks,sa,112,112,14,1
pr_01,B120266,73,1,MASc PG 40 blocks,sa,112,112,14,1
pr_02,B109915,73,1,MASc PG 40 blocks,sa,112,112,14,1
pr_03,B68233,73,1,MASc PG 40 blocks,sa,112,112,14,1
pr_04,B108124,73,1,MASc PG 40 blocks,sa,112,112,14,1
pr_05,B107189,73,1,MASc PG 40 blocks,sa,112,112,14,1
pr_06,B107189,73,1,MASc PG 40 blocks,sa,112,112,14,1
sk_01,B109517,73,1,MASc PG 40 blocks,sa,112,112,14,1
sk_01,B120266,73,1,MASc PG 40 blocks,sa,112,112,14,1
sk_01,B127158,73,1,MASc PG 40 blocks,sa,112,112,14,1
sk_02,B109340,73,1,MASc PG 40 blocks,sa,112,112,14,1
sk_02,B109915,73,1,MASc PG 40 blocks,sa,112,112,14,1
sk_02,B110288,73,1,MASc PG 40 blocks,sa,112,112,14,1
sk_03,B109915,73,1,MASc PG 40 blocks,sa,112,112,14,1
sk_03,B113324,73,1,MASc PG 40 blocks,sa,112,112,14,1
sk_03,B120266,73,1,MASc PG 40 blocks,sa,112,112,14,1
sk_04,B108339,73,1,MASc PG 40 blocks,sa,112,112,14,1
sk_04,B109915,73,1,MASc PG 40 blocks,sa,112,112,14,1
sk_04,B110288,73,1,MASc PG 40 blocks,sa,112,112,14,1
sk_05,B110471,73,1,MASc PG 40 blocks,sa,112,112,14,1
sk_05,B111480,73,1,MASc PG 40 blocks,sa,112,112,14,1
sk_05,B112990,73,1,MASc PG 40 blocks,sa,112,112,14,1
sk_06,B108339,73,1,MASc PG 40 blocks,sa,112,112,14,1
sk_06,B109915,73,1,MASc PG 40 blocks,sa,112,112,14,1
sk_06,B120266,73,1,MASc PG 40 blocks,sa,112,112,14,1
fb_01,B111410,74,1,MASc PG 40 blocks,sa,112,112,14,1
fb_01,B111480,74,1,MASc PG 40 blocks,sa,112,112,14,1
fb_01,B111480,74,1,MASc PG 40 blocks,sa,112,112,14,1
fb_02,B121154,74,1,MASc PG 40 blocks,sa,112,112,14,1
fb_02,B126589,74,1,MASc PG 40 blocks,sa,112,112,14,1
fb_02,B126869,74,1,MASc PG 40 blocks,sa,112,112,14,1
fb_03,B145584,74,1,MASc PG 40 blocks,sa,112,112,14,1
fb_03,B42891,74,1,MASc PG 40 blocks,sa,112,112,14,1
fb_03,B44010,74,1,MASc PG 40 blocks,sa,112,112,14,1
fb_04,B111867,74,1,MASc PG 40 blocks,sa,112,112,14,1
fb_04,B126492,74,1,MASc PG 40 blocks,sa,112,112,14,1
fb_04,B126869,74,1,MASc PG 40 blocks,sa,112,112,14,1
fb_05,B113324,74,1,MASc PG 40 blocks,sa,112,112,14,1
fb_05,B114477,74,1,MASc PG 40 blocks,sa,112,112,14,1
fb_05,B120266,74,1,MASc PG 40 blocks,sa,112,112,14,1
fb_06,B111480,74,1,MASc PG 40 blocks,sa,112,112,14,1
fb_06,B111867,74,1,MASc PG 40 blocks,sa,112,112,14,1
fb_06,B126413,74,1,MASc PG 40 blocks,sa,112,112,14,1
ld_01,B109915,74,1,MASc PG 40 blocks,sa,112,112,14,1
ld_02,B68233,74,1,MASc PG 40 blocks,sa,112,112,14,1
ld_03,B107189,74,1,MASc PG 40 blocks,sa,112,112,14,1
ld_04,B108124,74,1,MASc PG 40 blocks,sa,112,112,14,1
pr_01,B108339,74,1,MASc PG 40 blocks,sa,112,112,14,1
pr_01,B110288,74,1,MASc PG 40 blocks,sa,112,112,14,1
pr_02,B109915,74,1,MASc PG 40 blocks,sa,112,112,14,1
pr_02,B127158,74,1,MASc PG 40 blocks,sa,112,112,14,1
pr_03,B108339,74,1,MASc PG 40 blocks,sa,112,112,14,1
pr_03,B109915,74,1,MASc PG 40 blocks,sa,112,112,14,1
pr_04,B112990,74,1,MASc PG 40 blocks,sa,112,112,14,1
pr_05,B120266,74,1,MASc PG 40 blocks,sa,112,112,14,1
pr_06,B120266,74,1,MASc PG 40 blocks,sa,112,112,14,1
sk_01,B109915,74,1,MASc PG 40 blocks,sa,112,112,14,1
sk_01,B127158,74,1,MASc PG 40 blocks,sa,112,112,14,1
sk_01,B127158,74,1,MASc PG 40 blocks,sa,112,112,14,1
sk_02,B110471,74,1,MASc PG 40 blocks,sa,112,112,14,1
sk_02,B111480,74,1,MASc PG 40 blocks,sa,112,112,14,1
sk_02,B112990,74,1,MASc PG 40 blocks,sa,112,112,14,1
sk_03,B109915,74,1,MASc PG 40 blocks,sa,112,112,14,1
sk_03,B126589,74,1,MASc PG 40 blocks,sa,112,112,14,1
sk_03,B126869,74,1,MASc PG 40 blocks,sa,112,112,14,1
sk_04,B109340,74,1,MASc PG 40 blocks,sa,112,112,14,1
sk_04,B109915,74,1,MASc PG 40 blocks,sa,112,112,14,1
sk_04,B110288,74,1,MASc PG 40 blocks,sa,112,112,14,1
sk_05,B113324,74,1,MASc PG 40 blocks,sa,112,112,14,1
sk_05,B120266,74,1,MASc PG 40 blocks,sa,112,112,14,1
sk_05,B126413,74,1,MASc PG 40 blocks,sa,112,112,14,1
sk_06,B109915,74,1,MASc PG 40 blocks,sa,112,112,14,1
sk_06,B120266,74,1,MASc PG 40 blocks,sa,112,112,14,1
sk_06,B127158,74,1,MASc PG 40 blocks,sa,112,112,14,1
fb_01,B112038,75,1,MASc PG 40 blocks,sa,112,112,14,1
fb_01,B112990,75,1,MASc PG 40 blocks,sa,112,112,14,1
fb_01,B127158,75,1,MASc PG 40 blocks,sa,112,112,14,1
fb_02,B112990,75,1,MASc PG 40 blocks,sa,112,112,14,1
fb_02,B127158,75,1,MASc PG 40 blocks,sa,112,112,14,1
fb_02,B145584,75,1,MASc PG 40 blocks,sa,112,112,14,1
fb_03,B107189,75,1,MASc PG 40 blocks,sa,112,112,14,1
fb_03,B55424,75,1,MASc PG 40 blocks,sa,112,112,14,1
fb_03,B68233,75,1,MASc PG 40 blocks,sa,112,112,14,1
fb_04,B127158,75,1,MASc PG 40 blocks,sa,112,112,14,1
fb_04,B145584,75,1,MASc PG 40 blocks,sa,112,112,14,1
fb_04,B42891,75,1,MASc PG 40 blocks,sa,112,112,14,1
fb_05,B126413,75,1,MASc PG 40 blocks,sa,112,112,14,1
fb_05,B126589,75,1,MASc PG 40 blocks,sa,112,112,14,1
fb_05,B127158,75,1,MASc PG 40 blocks,sa,112,112,14,1
fb_06,B111480,75,1,MASc PG 40 blocks,sa,112,112,14,1
fb_06,B145584,75,1,MASc PG 40 blocks,sa,112,112,14,1
fb_06,B55424,75,1,MASc PG 40 blocks,sa,112,112,14,1
ld_01,B108339,75,1,MASc PG 40 blocks,sa,112,112,14,1
ld_01,B109915,75,1,MASc PG 40 blocks,sa,112,112,14,1
ld_02,B109915,75,1,MASc PG 40 blocks,sa,112,112,14,1
ld_03,B120266,75,1,MASc PG 40 blocks,sa,112,112,14,1
ld_04,B120266,75,1,MASc PG 40 blocks,sa,112,112,14,1
ld_05,B110288,75,1,MASc PG 40 blocks,sa,112,112,14,1
ld_06,B112990,75,1,MASc PG 40 blocks,sa,112,112,14,1
pr_01,B111480,75,1,MASc PG 40 blocks,sa,112,112,14,1
pr_01,B113324,75,1,MASc PG 40 blocks,sa,112,112,14,1
pr_02,B109340,75,1,MASc PG 40 blocks,sa,112,112,14,1
pr_02,B109915,75,1,MASc PG 40 blocks,sa,112,112,14,1
pr_03,B109915,75,1,MASc PG 40 blocks,sa,112,112,14,1
pr_03,B127158,75,1,MASc PG 40 blocks,sa,112,112,14,1
pr_04,B120266,75,1,MASc PG 40 blocks,sa,112,112,14,1
pr_04,B127158,75,1,MASc PG 40 blocks,sa,112,112,14,1
pr_05,B109915,75,1,MASc PG 40 blocks,sa,112,112,14,1
pr_06,B110471,75,1,MASc PG 40 blocks,sa,112,112,14,1
sk_01,B111867,75,1,MASc PG 40 blocks,sa,112,112,14,1
sk_01,B111867,75,1,MASc PG 40 blocks,sa,112,112,14,1
sk_01,B42891,75,1,MASc PG 40 blocks,sa,112,112,14,1
sk_02,B113324,75,1,MASc PG 40 blocks,sa,112,112,14,1
sk_02,B120266,75,1,MASc PG 40 blocks,sa,112,112,14,1
sk_02,B126413,75,1,MASc PG 40 blocks,sa,112,112,14,1
sk_03,B111867,75,1,MASc PG 40 blocks,sa,112,112,14,1
sk_03,B111867,75,1,MASc PG 40 blocks,sa,112,112,14,1
sk_03,B145584,75,1,MASc PG 40 blocks,sa,112,112,14,1
sk_04,B110471,75,1,MASc PG 40 blocks,sa,112,112,14,1
sk_04,B111480,75,1,MASc PG 40 blocks,sa,112,112,14,1
sk_04,B112990,75,1,MASc PG 40 blocks,sa,112,112,14,1
sk_05,B111867,75,1,MASc PG 40 blocks,sa,112,112,14,1
sk_05,B126869,75,1,MASc PG 40 blocks,sa,112,112,14,1
sk_05,B44010,75,1,MASc PG 40 blocks,sa,112,112,14,1
sk_06,B109340,75,1,MASc PG 40 blocks,sa,112,112,14,1
sk_06,B110288,75,1,MASc PG 40 blocks,sa,112,112,14,1
sk_06,B111867,75,1,MASc PG 40 blocks,sa,112,112,14,1
fb_01,B114477,76,1,MASc PG 40 blocks,sa,112,112,14,1
fb_01,B114861,76,1,MASc PG 40 blocks,sa,112,112,14,1
fb_01,B120266,76,1,MASc PG 40 blocks,sa,112,112,14,1
fb_02,B42891,76,1,MASc PG 40 blocks,sa,112,112,14,1
fb_02,B44010,76,1,MASc PG 40 blocks,sa,112,112,14,1
fb_02,B45231,76,1,MASc PG 40 blocks,sa,112,112,14,1
fb_03,B108060,76,1,MASc PG 40 blocks,sa,112,112,14,1
fb_03,B108124,76,1,MASc PG 40 blocks,sa,112,112,14,1
fb_03,B127158,76,1,MASc PG 40 blocks,sa,112,112,14,1
fb_04,B126413,76,1,MASc PG 40 blocks,sa,112,112,14,1
fb_04,B44010,76,1,MASc PG 40 blocks,sa,112,112,14,1
fb_04,B68233,76,1,MASc PG 40 blocks,sa,112,112,14,1
fb_05,B127158,76,1,MASc PG 40 blocks,sa,112,112,14,1
fb_05,B145584,76,1,MASc PG 40 blocks,sa,112,112,14,1
fb_05,B42891,76,1,MASc PG 40 blocks,sa,112,112,14,1
fb_06,B107189,76,1,MASc PG 40 blocks,sa,112,112,14,1
fb_06,B109915,76,1,MASc PG 40 blocks,sa,112,112,14,1
fb_06,B126589,76,1,MASc PG 40 blocks,sa,112,112,14,1
ld_01,B109915,76,1,MASc PG 40 blocks,sa,112,112,14,1
ld_01,B127158,76,1,MASc PG 40 blocks,sa,112,112,14,1
ld_02,B109915,76,1,MASc PG 40 blocks,sa,112,112,14,1
ld_02,B109915,76,1,MASc PG 40 blocks,sa,112,112,14,1
ld_03,B111480,76,1,MASc PG 40 blocks,sa,112,112,14,1
ld_03,B120266,76,1,MASc PG 40 blocks,sa,112,112,14,1
ld_04,B109340,76,1,MASc PG 40 blocks,sa,112,112,14,1
ld_04,B127158,76,1,MASc PG 40 blocks,sa,112,112,14,1
ld_05,B113324,76,1,MASc PG 40 blocks,sa,112,112,14,1
ld_06,B110471,76,1,MASc PG 40 blocks,sa,112,112,14,1
pr_01,B111867,76,1,MASc PG 40 blocks,sa,112,112,14,1
pr_01,B126413,76,1,MASc PG 40 blocks,sa,112,112,14,1
pr_02,B111867,76,1,MASc PG 40 blocks,sa,112,112,14,1
pr_02,B112990,76,1,MASc PG 40 blocks,sa,112,112,14,1
pr_03,B126869,76,1,MASc PG 40 blocks,sa,112,112,14,1
pr_03,B42891,76,1,MASc PG 40 blocks,sa,112,112,14,1
pr_04,B44010,76,1,MASc PG 40 blocks,sa,112,112,14,1
pr_05,B120266,76,1,MASc PG 40 blocks,sa,112,112,14,1
pr_06,B110288,76,1,MASc PG 40 blocks,sa,112,112,14,1
sk_01,B42891,76,1,MASc PG 40 blocks,sa,112,112,14,1
sk_01,B55424,76,1,MASc PG 40 blocks,sa,112,112,14,1
sk_01,B55424,76,1,MASc PG 40 blocks,sa,112,112,14,1
sk_02,B126589,76,1,MASc PG 40 blocks,sa,112,112,14,1
sk_02,B126869,76,1,MASc PG 40 blocks,sa,112,112,14,1
sk_02,B127158,76,1,MASc PG 40 blocks,sa,112,112,14,1
sk_03,B109340,76,1,MASc PG 40 blocks,sa,112,112,14,1
sk_03,B110288,76,1,MASc PG 40 blocks,sa,112,112,14,1
sk_03,B55424,76,1,MASc PG 40 blocks,sa,112,112,14,1
sk_04,B113324,76,1,MASc PG 40 blocks,sa,112,112,14,1
sk_04,B120266,76,1,MASc PG 40 blocks,sa,112,112,14,1
sk_04,B126413,76,1,MASc PG 40 blocks,sa,112,112,14,1
sk_05,B107189,76,1,MASc PG 40 blocks,sa,112,112,14,1
sk_05,B145584,76,1,MASc PG 40 blocks,sa,112,112,14,1
sk_05,B68233,76,1,MASc PG 40 blocks,sa,112,112,14,1
sk_06,B110471,76,1,MASc PG 40 blocks,sa,112,112,14,1
sk_06,B111480,76,1,MASc PG 40 blocks,sa,112,112,14,1
sk_06,B112990,76,1,MASc PG 40 blocks,sa,112,112,14,1
fb_01,B121455,77,1,MASc PG 40 blocks,sa,112,112,14,1
fb_01,B121928,77,1,MASc PG 40 blocks,sa,112,112,14,1
fb_01,B126869,77,1,MASc PG 40 blocks,sa,112,112,14,1
fb_02,B111480,77,1,MASc PG 40 blocks,sa,112,112,14,1
fb_02,B53160,77,1,MASc PG 40 blocks,sa,112,112,14,1
fb_02,B55424,77,1,MASc PG 40 blocks,sa,112,112,14,1
fb_03,B109915,77,1,MASc PG 40 blocks,sa,112,112,14,1
fb_03,B110288,77,1,MASc PG 40 blocks,sa,112,112,14,1
fb_03,B121928,77,1,MASc PG 40 blocks,sa,112,112,14,1
fb_04,B107189,77,1,MASc PG 40 blocks,sa,112,112,14,1
fb_04,B108339,77,1,MASc PG 40 blocks,sa,112,112,14,1
fb_04,B109340,77,1,MASc PG 40 blocks,sa,112,112,14,1
fb_05,B107189,77,1,MASc PG 40 blocks,sa,112,112,14,1
fb_05,B55424,77,1,MASc PG 40 blocks,sa,112,112,14,1
fb_05,B68233,77,1,MASc PG 40 blocks,sa,112,112,14,1
fb_06,B110288,77,1,MASc PG 40 blocks,sa,112,112,14,1
fb_06,B110471,77,1,MASc PG 40 blocks,sa,112,112,14,1
fb_06,B113324,77,1,MASc PG 40 blocks,sa,112,112,14,1
ld_01,B111867,77,1,MASc PG 40 blocks,sa,112,112,14,1
ld_01,B111867,77,1,MASc PG 40 blocks,sa,112,112,14,1
ld_02,B120266,77,1,MASc PG 40 blocks,sa,112,112,14,1
ld_03,B110288,77,1,MASc PG 40 blocks,sa,112,112,14,1
ld_04,B126869,77,1,MASc PG 40 blocks,sa,112,112,14,1
ld_05,B112990,77,1,MASc PG 40 blocks,sa,112,112,14,1
ld_06,B111867,77,1,MASc PG 40 blocks,sa,112,112,14,1
pr_01,B109340,77,1,MASc PG 40 blocks,sa,112,112,14,1
pr_01,B126589,77,1,MASc PG 40 blocks,sa,112,112,14,1
pr_01,B55424,77,1,MASc PG 40 blocks,sa,112,112,14,1
pr_02,B111480,77,1,MASc PG 40 blocks,sa,112,112,14,1
pr_02,B126413,77,1,MASc PG 40 blocks,sa,112,112,14,1
pr_02,B42891,77,1,MASc PG 40 blocks,sa,112,112,14,1
pr_03,B127158,77,1,MASc PG 40 blocks,sa,112,112,14,1
pr_03,B55424,77,1,MASc PG 40 blocks,sa,112,112,14,1
pr_03,B68233,77,1,MASc PG 40 blocks,sa,112,112,14,1
pr_04,B107189,77,1,MASc PG 40 blocks,sa,112,112,14,1
pr_04,B110471,77,1,MASc PG 40 blocks,sa,112,112,14,1
pr_05,B113324,77,1,MASc PG 40 blocks,sa,112,112,14,1
pr_05,B42891,77,1,MASc PG 40 blocks,sa,112,112,14,1
pr_06,B145584,77,1,MASc PG 40 blocks,sa,112,112,14,1
pr_06,B55424,77,1,MASc PG 40 blocks,sa,112,112,14,1
sk_01,B42891,77,1,MASc PG 40 blocks,sa,112,112,14,1
sk_01,B42891,77,1,MASc PG 40 blocks,sa,112,112,14,1
sk_01,B45231,77,1,MASc PG 40 blocks,sa,112,112,14,1
sk_02,B107189,77,1,MASc PG 40 blocks,sa,112,112,14,1
sk_02,B145584,77,1,MASc PG 40 blocks,sa,112,112,14,1
sk_02,B68233,77,1,MASc PG 40 blocks,sa,112,112,14,1
sk_03,B110471,77,1,MASc PG 40 blocks,sa,112,112,14,1
sk_03,B112990,77,1,MASc PG 40 blocks,sa,112,112,14,1
sk_03,B126869,77,1,MASc PG 40 blocks,sa,112,112,14,1
sk_04,B111480,77,1,MASc PG 40 blocks,sa,112,112,14,1
sk_04,B126589,77,1,MASc PG 40 blocks,sa,112,112,14,1
sk_04,B68233,77,1,MASc PG 40 blocks,sa,112,112,14,1
sk_05,B109340,77,1,MASc PG 40 blocks,sa,112,112,14,1
sk_05,B109915,77,1,MASc PG 40 blocks,sa,112,112,14,1
sk_05,B110288,77,1,MASc PG 40 blocks,sa,112,112,14,1
sk_06,B113324,77,1,MASc PG 40 blocks,sa,112,112,14,1
sk_06,B120266,77,1,MASc PG 40 blocks,sa,112,112,14,1
sk_06,B126413,77,1,MASc PG 40 blocks,sa,112,112,14,1
fb_01,B123357,78,1,MASc PG 40 blocks,sa,112,112,14,1
fb_01,B124193,78,1,MASc PG 40 blocks,sa,112,112,14,1
fb_01,B124453,78,1,MASc PG 40 blocks,sa,112,112,14,1
fb_02,B108060,78,1,MASc PG 40 blocks,sa,112,112,14,1
fb_02,B126589,78,1,MASc PG 40 blocks,sa,112,112,14,1
fb_02,B68233,78,1,MASc PG 40 blocks,sa,112,112,14,1
fb_03,B110471,78,1,MASc PG 40 blocks,sa,112,112,14,1
fb_03,B111480,78,1,MASc PG 40 blocks,sa,112,112,14,1
fb_03,B126589,78,1,MASc PG 40 blocks,sa,112,112,14,1
fb_04,B109915,78,1,MASc PG 40 blocks,sa,112,112,14,1
fb_04,B110288,78,1,MASc PG 40 blocks,sa,112,112,14,1
fb_04,B110471,78,1,MASc PG 40 blocks,sa,112,112,14,1
fb_05,B109340,78,1,MASc PG 40 blocks,sa,112,112,14,1
fb_05,B109915,78,1,MASc PG 40 blocks,sa,112,112,14,1
fb_05,B126589,78,1,MASc PG 40 blocks,sa,112,112,14,1
fb_06,B111480,78,1,MASc PG 40 blocks,sa,112,112,14,1
fb_06,B120266,78,1,MASc PG 40 blocks,sa,112,112,14,1
fb_06,B126589,78,1,MASc PG 40 blocks,sa,112,112,14,1
ld_01,B109340,78,1,MASc PG 40 blocks,sa,112,112,14,1
ld_01,B127158,78,1,MASc PG 40 blocks,sa,112,112,14,1
ld_02,B107189,78,1,MASc PG 40 blocks,sa,112,112,14,1
ld_02,B113324,78,1,MASc PG 40 blocks,sa,112,112,14,1
ld_03,B55424,78,1,MASc PG 40 blocks,sa,112,112,14,1
ld_03,B68233,78,1,MASc PG 40 blocks,sa,112,112,14,1
ld_04,B110471,78,1,MASc PG 40 blocks,sa,112,112,14,1
ld_04,B42891,78,1,MASc PG 40 blocks,sa,112,112,14,1
ld_05,B111480,78,1,MASc PG 40 blocks,sa,112,112,14,1
ld_05,B42891,78,1,MASc PG 40 blocks,sa,112,112,14,1
ld_06,B126413,78,1,MASc PG 40 blocks,sa,112,112,14,1
pr_01,B107189,78,1,MASc PG 40 blocks,sa,112,112,14,1
pr_01,B126869,78,1,MASc PG 40 blocks,sa,112,112,14,1
pr_01,B42891,78,1,MASc PG 40 blocks,sa,112,112,14,1
pr_02,B112990,78,1,MASc PG 40 blocks,sa,112,112,14,1
pr_02,B42891,78,1,MASc PG 40 blocks,sa,112,112,14,1
pr_03,B42891,78,1,MASc PG 40 blocks,sa,112,112,14,1
pr_03,B45231,78,1,MASc PG 40 blocks,sa,112,112,14,1
pr_04,B120266,78,1,MASc PG 40 blocks,sa,112,112,14,1
pr_04,B126413,78,1,MASc PG 40 blocks,sa,112,112,14,1
pr_05,B110288,78,1,MASc PG 40 blocks,sa,112,112,14,1
pr_05,B68233,78,1,MASc PG 40 blocks,sa,112,112,14,1
pr_06,B126589,78,1,MASc PG 40 blocks,sa,112,112,14,1
pr_06,B145584,78,1,MASc PG 40 blocks,sa,112,112,14,1
sk_01,B44010,78,1,MASc PG 40 blocks,sa,112,112,14,1
sk_01,B44010,78,1,MASc PG 40 blocks,sa,112,112,14,1
sk_01,B53160,78,1,MASc PG 40 blocks,sa,112,112,14,1
sk_02,B109340,78,1,MASc PG 40 blocks,sa,112,112,14,1
sk_02,B109915,78,1,MASc PG 40 blocks,sa,112,112,14,1
sk_02,B110288,78,1,MASc PG 40 blocks,sa,112,112,14,1
sk_03,B113324,78,1,MASc PG 40 blocks,sa,112,112,14,1
sk_03,B120266,78,1,MASc PG 40 blocks,sa,112,112,14,1
sk_03,B126413,78,1,MASc PG 40 blocks,sa,112,112,14,1
sk_04,B107189,78,1,MASc PG 40 blocks,sa,112,112,14,1
sk_04,B145584,78,1,MASc PG 40 blocks,sa,112,112,14,1
sk_04,B68233,78,1,MASc PG 40 blocks,sa,112,112,14,1
sk_05,B110471,78,1,MASc PG 40 blocks,sa,112,112,14,1
sk_05,B111480,78,1,MASc PG 40 blocks,sa,112,112,14,1
sk_05,B112990,78,1,MASc PG 40 blocks,sa,112,112,14,1
sk_06,B126589,78,1,MASc PG 40 blocks,sa,112,112,14,1
sk_06,B126869,78,1,MASc PG 40 blocks,sa,112,112,14,1
sk_06,B127158,78,1,MASc PG 40 blocks,sa,112,112,14,1
fb_01,B124540,79,1,MASc PG 40 blocks,sa,112,112,14,1
fb_01,B126492,79,1,MASc PG 40 blocks,sa,112,112,14,1
fb_01,B127158,79,1,MASc PG 40 blocks,sa,112,112,14,1
fb_02,B109340,79,1,MASc PG 40 blocks,sa,112,112,14,1
fb_02,B110471,79,1,MASc PG 40 blocks,sa,112,112,14,1
fb_02,B111480,79,1,MASc PG 40 blocks,sa,112,112,14,1
fb_03,B112038,79,1,MASc PG 40 blocks,sa,112,112,14,1
fb_03,B112990,79,1,MASc PG 40 blocks,sa,112,112,14,1
fb_03,B127158,79,1,MASc PG 40 blocks,sa,112,112,14,1
fb_04,B108060,79,1,MASc PG 40 blocks,sa,112,112,14,1
fb_04,B111410,79,1,MASc PG 40 blocks,sa,112,112,14,1
fb_04,B111480,79,1,MASc PG 40 blocks,sa,112,112,14,1
fb_05,B110288,79,1,MASc PG 40 blocks,sa,112,112,14,1
fb_05,B111410,79,1,MASc PG 40 blocks,sa,112,112,14,1
fb_05,B127158,79,1,MASc PG 40 blocks,sa,112,112,14,1
fb_06,B110471,79,1,MASc PG 40 blocks,sa,112,112,14,1
fb_06,B126869,79,1,MASc PG 40 blocks,sa,112,112,14,1
fb_06,B145584,79,1,MASc PG 40 blocks,sa,112,112,14,1
ld_01,B126589,79,1,MASc PG 40 blocks,sa,112,112,14,1
ld_01,B68233,79,1,MASc PG 40 blocks,sa,112,112,14,1
ld_02,B120266,79,1,MASc PG 40 blocks,sa,112,112,14,1
ld_02,B126413,79,1,MASc PG 40 blocks,sa,112,112,14,1
ld_03,B110288,79,1,MASc PG 40 blocks,sa,112,112,14,1
ld_03,B45231,79,1,MASc PG 40 blocks,sa,112,112,14,1
ld_04,B126869,79,1,MASc PG 40 blocks,sa,112,112,14,1
ld_04,B145584,79,1,MASc PG 40 blocks,sa,112,112,14,1
ld_05,B107189,79,1,MASc PG 40 blocks,sa,112,112,14,1
ld_05,B42891,79,1,MASc PG 40 blocks,sa,112,112,14,1
ld_06,B112990,79,1,MASc PG 40 blocks,sa,112,112,14,1
ld_06,B42891,79,1,MASc PG 40 blocks,sa,112,112,14,1
pr_01,B109340,79,1,MASc PG 40 blocks,sa,112,112,14,1
pr_01,B113324,79,1,MASc PG 40 blocks,sa,112,112,14,1
pr_02,B111480,79,1,MASc PG 40 blocks,sa,112,112,14,1
pr_02,B44010,79,1,MASc PG 40 blocks,sa,112,112,14,1
pr_03,B109915,79,1,MASc PG 40 blocks,sa,112,112,14,1
pr_03,B44010,79,1,MASc PG 40 blocks,sa,112,112,14,1
pr_04,B112990,79,1,MASc PG 40 blocks,sa,112,112,14,1
pr_04,B127158,79,1,MASc PG 40 blocks,sa,112,112,14,1
pr_05,B107189,79,1,MASc PG 40 blocks,sa,112,112,14,1
pr_05,B110471,79,1,MASc PG 40 blocks,sa,112,112,14,1
pr_06,B120266,79,1,MASc PG 40 blocks,sa,112,112,14,1
pr_06,B53160,79,1,MASc PG 40 blocks,sa,112,112,14,1
sk_01,B110288,79,1,MASc PG 40 blocks,sa,112,112,14,1
sk_01,B44010,79,1,MASc PG 40 blocks,sa,112,112,14,1
sk_01,B44010,79,1,MASc PG 40 blocks,sa,112,112,14,1
sk_02,B110471,79,1,MASc PG 40 blocks,sa,112,112,14,1
sk_02,B111480,79,1,MASc PG 40 blocks,sa,112,112,14,1
sk_02,B112990,79,1,MASc PG 40 blocks,sa,112,112,14,1
sk_03,B126589,79,1,MASc PG 40 blocks,sa,112,112,14,1
sk_03,B126869,79,1,MASc PG 40 blocks,sa,112,112,14,1
sk_03,B127158,79,1,MASc PG 40 blocks,sa,112,112,14,1
sk_04,B107189,79,1,MASc PG 40 blocks,sa,112,112,14,1
sk_04,B109340,79,1,MASc PG 40 blocks,sa,112,112,14,1
sk_04,B109915,79,1,MASc PG 40 blocks,sa,112,112,14,1
sk_05,B113324,79,1,MASc PG 40 blocks,sa,112,112,14,1
sk_05,B120266,79,1,MASc PG 40 blocks,sa,112,112,14,1
sk_05,B126413,79,1,MASc PG 40 blocks,sa,112,112,14,1
sk_06,B107189,79,1,MASc PG 40 blocks,sa,112,112,14,1
sk_06,B145584,79,1,MASc PG 40 blocks,sa,112,112,14,1
sk_06,B68233,79,1,MASc PG 40 blocks,sa,112,112,14,1
fb_01,B126589,80,1,MASc PG 40 blocks,sa,112,112,14,1
fb_01,B126869,80,1,MASc PG 40 blocks,sa,112,112,14,1
fb_01,B127158,80,1,MASc PG 40 blocks,sa,112,112,14,1
fb_02,B109915,80,1,MASc PG 40 blocks,sa,112,112,14,1
fb_02,B110288,80,1,MASc PG 40 blocks,sa,112,112,14,1
fb_02,B110471,80,1,MASc PG 40 blocks,sa,112,112,14,1
fb_03,B111480,80,1,MASc PG 40 blocks,sa,112,112,14,1
fb_03,B114477,80,1,MASc PG 40 blocks,sa,112,112,14,1
fb_03,B120266,80,1,MASc PG 40 blocks,sa,112,112,14,1
fb_04,B113324,80,1,MASc PG 40 blocks,sa,112,112,14,1
fb_04,B114477,80,1,MASc PG 40 blocks,sa,112,112,14,1
fb_04,B127158,80,1,MASc PG 40 blocks,sa,112,112,14,1
fb_05,B112038,80,1,MASc PG 40 blocks,sa,112,112,14,1
fb_05,B112990,80,1,MASc PG 40 blocks,sa,112,112,14,1
fb_05,B127158,80,1,MASc PG 40 blocks,sa,112,112,14,1
fb_06,B109915,80,1,MASc PG 40 blocks,sa,112,112,14,1
fb_06,B127158,80,1,MASc PG 40 blocks,sa,112,112,14,1
fb_06,B68233,80,1,MASc PG 40 blocks,sa,112,112,14,1
ld_01,B109915,80,1,MASc PG 40 blocks,sa,112,112,14,1
ld_01,B111480,80,1,MASc PG 40 blocks,sa,112,112,14,1
ld_02,B109340,80,1,MASc PG 40 blocks,sa,112,112,14,1
ld_02,B120266,80,1,MASc PG 40 blocks,sa,112,112,14,1
ld_03,B109340,80,1,MASc PG 40 blocks,sa,112,112,14,1
ld_03,B127158,80,1,MASc PG 40 blocks,sa,112,112,14,1
ld_04,B112990,80,1,MASc PG 40 blocks,sa,112,112,14,1
ld_04,B113324,80,1,MASc PG 40 blocks,sa,112,112,14,1
ld_05,B110471,80,1,MASc PG 40 blocks,sa,112,112,14,1
ld_05,B44010,80,1,MASc PG 40 blocks,sa,112,112,14,1
ld_06,B111480,80,1,MASc PG 40 blocks,sa,112,112,14,1
ld_06,B44010,80,1,MASc PG 40 blocks,sa,112,112,14,1
pr_01,B126869,80,1,MASc PG 40 blocks,sa,112,112,14,1
pr_01,B145584,80,1,MASc PG 40 blocks,sa,112,112,14,1
pr_02,B110471,80,1,MASc PG 40 blocks,sa,112,112,14,1
pr_02,B126413,80,1,MASc PG 40 blocks,sa,112,112,14,1
pr_03,B107189,80,1,MASc PG 40 blocks,sa,112,112,14,1
pr_03,B44010,80,1,MASc PG 40 blocks,sa,112,112,14,1
pr_04,B110288,80,1,MASc PG 40 blocks,sa,112,112,14,1
pr_04,B126589,80,1,MASc PG 40 blocks,sa,112,112,14,1
pr_05,B113324,80,1,MASc PG 40 blocks,sa,112,112,14,1
pr_05,B68233,80,1,MASc PG 40 blocks,sa,112,112,14,1
pr_06,B44010,80,1,MASc PG 40 blocks,sa,112,112,14,1
sk_01,B108060,80,1,MASc PG 40 blocks,sa,112,112,14,1
sk_01,B108124,80,1,MASc PG 40 blocks,sa,112,112,14,1
sk_01,B120266,80,1,MASc PG 40 blocks,sa,112,112,14,1
sk_02,B108060,80,1,MASc PG 40 blocks,sa,112,112,14,1
sk_02,B113324,80,1,MASc PG 40 blocks,sa,112,112,14,1
sk_02,B126413,80,1,MASc PG 40 blocks,sa,112,112,14,1
sk_03,B107189,80,1,MASc PG 40 blocks,sa,112,112,14,1
sk_03,B145584,80,1,MASc PG 40 blocks,sa,112,112,14,1
sk_03,B68233,80,1,MASc PG 40 blocks,sa,112,112,14,1
sk_04,B110471,80,1,MASc PG 40 blocks,sa,112,112,14,1
sk_04,B111480,80,1,MASc PG 40 blocks,sa,112,112,14,1
sk_04,B112990,80,1,MASc PG 40 blocks,sa,112,112,14,1
sk_05,B126589,80,1,MASc PG 40 blocks,sa,112,112,14,1
sk_05,B126869,80,1,MASc PG 40 blocks,sa,112,112,14,1
sk_05,B127158,80,1,MASc PG 40 blocks,sa,112,112,14,1
sk_06,B109340,80,1,MASc PG 40 blocks,sa,112,112,14,1
sk_06,B109915,80,1,MASc PG 40 blocks,sa,112,112,14,1
sk_06,B110288,80,1,MASc PG 40 blocks,sa,112,112,14,1
fb_01,B129183,81,1,MASc PG 40 blocks,sa,112,112,14,1
fb_01,B145584,81,1,MASc PG 40 blocks,sa,112,112,14,1
fb_01,B42891,81,1,MASc PG 40 blocks,sa,112,112,14,1
fb_02,B111410,81,1,MASc PG 40 blocks,sa,112,112,14,1
fb_02,B111480,81,1,MASc PG 40 blocks,sa,112,112,14,1
fb_02,B112038,81,1,MASc PG 40 blocks,sa,112,112,14,1
fb_03,B121928,81,1,MASc PG 40 blocks,sa,112,112,14,1
fb_03,B126413,81,1,MASc PG 40 blocks,sa,112,112,14,1
fb_03,B126492,81,1,MASc PG 40 blocks,sa,112,112,14,1
fb_04,B111480,81,1,MASc PG 40 blocks,sa,112,112,14,1
fb_04,B120266,81,1,MASc PG 40 blocks,sa,112,112,14,1
fb_04,B126492,81,1,MASc PG 40 blocks,sa,112,112,14,1
fb_05,B113324,81,1,MASc PG 40 blocks,sa,112,112,14,1
fb_05,B114477,81,1,MASc PG 40 blocks,sa,112,112,14,1
fb_05,B120266,81,1,MASc PG 40 blocks,sa,112,112,14,1
fb_06,B110288,81,1,MASc PG 40 blocks,sa,112,112,14,1
fb_06,B113324,81,1,MASc PG 40 blocks,sa,112,112,14,1
fb_06,B127158,81,1,MASc PG 40 blocks,sa,112,112,14,1
ld_01,B126589,81,1,MASc PG 40 blocks,sa,112,112,14,1
ld_01,B145584,81,1,MASc PG 40 blocks,sa,112,112,14,1
ld_02,B110288,81,1,MASc PG 40 blocks,sa,112,112,14,1
ld_02,B113324,81,1,MASc PG 40 blocks,sa,112,112,14,1
ld_03,B110471,81,1,MASc PG 40 blocks,sa,112,112,14,1
ld_03,B44010,81,1,MASc PG 40 blocks,sa,112,112,14,1
ld_04,B126869,81,1,MASc PG 40 blocks,sa,112,112,14,1
ld_04,B44010,81,1,MASc PG 40 blocks,sa,112,112,14,1
ld_05,B126413,81,1,MASc PG 40 blocks,sa,112,112,14,1
ld_05,B68233,81,1,MASc PG 40 blocks,sa,112,112,14,1
ld_06,B107189,81,1,MASc PG 40 blocks,sa,112,112,14,1
pr_01,B127158,81,1,MASc PG 40 blocks,sa,112,112,14,1
pr_01,B68233,81,1,MASc PG 40 blocks,sa,112,112,14,1
pr_02,B108060,81,1,MASc PG 40 blocks,sa,112,112,14,1
pr_02,B109915,81,1,MASc PG 40 blocks,sa,112,112,14,1
pr_03,B112990,81,1,MASc PG 40 blocks,sa,112,112,14,1
pr_03,B126589,81,1,MASc PG 40 blocks,sa,112,112,14,1
pr_04,B108060,81,1,MASc PG 40 blocks,sa,112,112,14,1
pr_04,B108124,81,1,MASc PG 40 blocks,sa,112,112,14,1
pr_05,B120266,81,1,MASc PG 40 blocks,sa,112,112,14,1
pr_05,B126413,81,1,MASc PG 40 blocks,sa,112,112,14,1
pr_06,B107189,81,1,MASc PG 40 blocks,sa,112,112,14,1
pr_06,B145584,81,1,MASc PG 40 blocks,sa,112,112,14,1
sk_01,B108060,81,1,MASc PG 40 blocks,sa,112,112,14,1
sk_01,B108124,81,1,MASc PG 40 blocks,sa,112,112,14,1
sk_01,B108124,81,1,MASc PG 40 blocks,sa,112,112,14,1
sk_02,B126589,81,1,MASc PG 40 blocks,sa,112,112,14,1
sk_02,B126869,81,1,MASc PG 40 blocks,sa,112,112,14,1
sk_02,B127158,81,1,MASc PG 40 blocks,sa,112,112,14,1
sk_03,B109340,81,1,MASc PG 40 blocks,sa,112,112,14,1
sk_03,B109915,81,1,MASc PG 40 blocks,sa,112,112,14,1
sk_03,B110288,81,1,MASc PG 40 blocks,sa,112,112,14,1
sk_04,B113324,81,1,MASc PG 40 blocks,sa,112,112,14,1
sk_04,B120266,81,1,MASc PG 40 blocks,sa,112,112,14,1
sk_04,B126413,81,1,MASc PG 40 blocks,sa,112,112,14,1
sk_05,B107189,81,1,MASc PG 40 blocks,sa,112,112,14,1
sk_05,B145584,81,1,MASc PG 40 blocks,sa,112,112,14,1
sk_05,B68233,81,1,MASc PG 40 blocks,sa,112,112,14,1
sk_06,B109340,81,1,MASc PG 40 blocks,sa,112,112,14,1
sk_06,B110471,81,1,MASc PG 40 blocks,sa,112,112,14,1
sk_06,B112990,81,1,MASc PG 40 blocks,sa,112,112,14,1
fb_01,B44010,82,1,MASc PG 40 blocks,sa,112,112,14,1
fb_01,B45231,82,1,MASc PG 40 blocks,sa,112,112,14,1
fb_01,B53160,82,1,MASc PG 40 blocks,sa,112,112,14,1
fb_02,B112990,82,1,MASc PG 40 blocks,sa,112,112,14,1
fb_02,B113324,82,1,MASc PG 40 blocks,sa,112,112,14,1
fb_02,B120266,82,1,MASc PG 40 blocks,sa,112,112,14,1
fb_03,B126589,82,1,MASc PG 40 blocks,sa,112,112,14,1
fb_03,B126869,82,1,MASc PG 40 blocks,sa,112,112,14,1
fb_03,B127158,82,1,MASc PG 40 blocks,sa,112,112,14,1
fb_04,B109915,82,1,MASc PG 40 blocks,sa,112,112,14,1
fb_04,B126589,82,1,MASc PG 40 blocks,sa,112,112,14,1
fb_04,B126869,82,1,MASc PG 40 blocks,sa,112,112,14,1
fb_05,B126413,82,1,MASc PG 40 blocks,sa,112,112,14,1
fb_05,B126589,82,1,MASc PG 40 blocks,sa,112,112,14,1
fb_05,B126869,82,1,MASc PG 40 blocks,sa,112,112,14,1
fb_06,B126589,82,1,MASc PG 40 blocks,sa,112,112,14,1
fb_06,B127158,82,1,MASc PG 40 blocks,sa,112,112,14,1
fb_06,B127158,82,1,MASc PG 40 blocks,sa,112,112,14,1
ld_01,B108060,82,1,MASc PG 40 blocks,sa,112,112,14,1
ld_01,B112990,82,1,MASc PG 40 blocks,sa,112,112,14,1
ld_02,B107189,82,1,MASc PG 40 blocks,sa,112,112,14,1
ld_02,B126589,82,1,MASc PG 40 blocks,sa,112,112,14,1
ld_03,B108124,82,1,MASc PG 40 blocks,sa,112,112,14,1
ld_03,B109915,82,1,MASc PG 40 blocks,sa,112,112,14,1
ld_04,B120266,82,1,MASc PG 40 blocks,sa,112,112,14,1
ld_05,B145584,82,1,MASc PG 40 blocks,sa,112,112,14,1
ld_06,B68233,82,1,MASc PG 40 blocks,sa,112,112,14,1
pr_01,B107189,82,1,MASc PG 40 blocks,sa,112,112,14,1
pr_01,B108124,82,1,MASc PG 40 blocks,sa,112,112,14,1
pr_01,B109340,82,1,MASc PG 40 blocks,sa,112,112,14,1
pr_02,B108060,82,1,MASc PG 40 blocks,sa,112,112,14,1
pr_02,B110288,82,1,MASc PG 40 blocks,sa,112,112,14,1
pr_02,B120266,82,1,MASc PG 40 blocks,sa,112,112,14,1
pr_03,B126869,82,1,MASc PG 40 blocks,sa,112,112,14,1
pr_03,B145584,82,1,MASc PG 40 blocks,sa,112,112,14,1
pr_04,B110471,82,1,MASc PG 40 blocks,sa,112,112,14,1
pr_04,B126589,82,1,MASc PG 40 blocks,sa,112,112,14,1
pr_05,B113324,82,1,MASc PG 40 blocks,sa,112,112,14,1
pr_05,B126413,82,1,MASc PG 40 blocks,sa,112,112,14,1
pr_06,B108124,82,1,MASc PG 40 blocks,sa,112,112,14,1
pr_06,B127158,82,1,MASc PG 40 blocks,sa,112,112,14,1
sk_01,B111867,82,1,MASc PG 40 blocks,sa,112,112,14,1
sk_01,B42891,82,1,MASc PG 40 blocks,sa,112,112,14,1
sk_01,B55424,82,1,MASc PG 40 blocks,sa,112,112,14,1
sk_02,B108060,82,1,MASc PG 40 blocks,sa,112,112,14,1
sk_02,B145584,82,1,MASc PG 40 blocks,sa,112,112,14,1
sk_02,B68233,82,1,MASc PG 40 blocks,sa,112,112,14,1
sk_03,B110471,82,1,MASc PG 40 blocks,sa,112,112,14,1
sk_03,B111480,82,1,MASc PG 40 blocks,sa,112,112,14,1
sk_03,B112990,82,1,MASc PG 40 blocks,sa,112,112,14,1
sk_04,B111867,82,1,MASc PG 40 blocks,sa,112,112,14,1
sk_04,B111867,82,1,MASc PG 40 blocks,sa,112,112,14,1
sk_04,B55424,82,1,MASc PG 40 blocks,sa,112,112,14,1
sk_05,B109340,82,1,MASc PG 40 blocks,sa,112,112,14,1
sk_05,B109915,82,1,MASc PG 40 blocks,sa,112,112,14,1
sk_05,B110288,82,1,MASc PG 40 blocks,sa,112,112,14,1
sk_06,B113324,82,1,MASc PG 40 blocks,sa,112,112,14,1
sk_06,B120266,82,1,MASc PG 40 blocks,sa,112,112,14,1
sk_06,B126413,82,1,MASc PG 40 blocks,sa,112,112,14,1
fb_01,B127158,83,1,MASc PG 40 blocks,sa,112,112,14,1
fb_01,B55424,83,1,MASc PG 40 blocks,sa,112,112,14,1
fb_01,B65573,83,1,MASc PG 40 blocks,sa,112,112,14,1
fb_02,B120266,83,1,MASc PG 40 blocks,sa,112,112,14,1
fb_02,B121928,83,1,MASc PG 40 blocks,sa,112,112,14,1
fb_02,B126492,83,1,MASc PG 40 blocks,sa,112,112,14,1
fb_03,B145584,83,1,MASc PG 40 blocks,sa,112,112,14,1
fb_03,B42891,83,1,MASc PG 40 blocks,sa,112,112,14,1
fb_03,B44010,83,1,MASc PG 40 blocks,sa,112,112,14,1
fb_04,B112990,83,1,MASc PG 40 blocks,sa,112,112,14,1
fb_04,B145584,83,1,MASc PG 40 blocks,sa,112,112,14,1
fb_04,B44010,83,1,MASc PG 40 blocks,sa,112,112,14,1
fb_05,B111480,83,1,MASc PG 40 blocks,sa,112,112,14,1
fb_05,B127158,83,1,MASc PG 40 blocks,sa,112,112,14,1
fb_05,B42891,83,1,MASc PG 40 blocks,sa,112,112,14,1
fb_06,B126869,83,1,MASc PG 40 blocks,sa,112,112,14,1
fb_06,B127158,83,1,MASc PG 40 blocks,sa,112,112,14,1
fb_06,B145584,83,1,MASc PG 40 blocks,sa,112,112,14,1
ld_01,B108124,83,1,MASc PG 40 blocks,sa,112,112,14,1
ld_01,B113324,83,1,MASc PG 40 blocks,sa,112,112,14,1
ld_01,B126869,83,1,MASc PG 40 blocks,sa,112,112,14,1
ld_02,B108060,83,1,MASc PG 40 blocks,sa,112,112,14,1
ld_02,B109340,83,1,MASc PG 40 blocks,sa,112,112,14,1
ld_02,B120266,83,1,MASc PG 40 blocks,sa,112,112,14,1
ld_03,B107189,83,1,MASc PG 40 blocks,sa,112,112,14,1
ld_03,B127158,83,1,MASc PG 40 blocks,sa,112,112,14,1
ld_04,B108124,83,1,MASc PG 40 blocks,sa,112,112,14,1
ld_04,B110471,83,1,MASc PG 40 blocks,sa,112,112,14,1
ld_05,B126589,83,1,MASc PG 40 blocks,sa,112,112,14,1
ld_05,B145584,83,1,MASc PG 40 blocks,sa,112,112,14,1
ld_06,B110288,83,1,MASc PG 40 blocks,sa,112,112,14,1
ld_06,B126413,83,1,MASc PG 40 blocks,sa,112,112,14,1
pr_01,B109915,83,1,MASc PG 40 blocks,sa,112,112,14,1
pr_01,B112990,83,1,MASc PG 40 blocks,sa,112,112,14,1
pr_01,B55424,83,1,MASc PG 40 blocks,sa,112,112,14,1
pr_02,B111867,83,1,MASc PG 40 blocks,sa,112,112,14,1
pr_02,B55424,83,1,MASc PG 40 blocks,sa,112,112,14,1
pr_03,B111867,83,1,MASc PG 40 blocks,sa,112,112,14,1
pr_03,B55424,83,1,MASc PG 40 blocks,sa,112,112,14,1
pr_04,B108060,83,1,MASc PG 40 blocks,sa,112,112,14,1
pr_04,B109340,83,1,MASc PG 40 blocks,sa,112,112,14,1
pr_05,B126413,83,1,MASc PG 40 blocks,sa,112,112,14,1
pr_05,B42891,83,1,MASc PG 40 blocks,sa,112,112,14,1
pr_06,B111480,83,1,MASc PG 40 blocks,sa,112,112,14,1
pr_06,B68233,83,1,MASc PG 40 blocks,sa,112,112,14,1
sk_01,B44010,83,1,MASc PG 40 blocks,sa,112,112,14,1
sk_01,B44010,83,1,MASc PG 40 blocks,sa,112,112,14,1
sk_01,B45231,83,1,MASc PG 40 blocks,sa,112,112,14,1
sk_02,B109340,83,1,MASc PG 40 blocks,sa,112,112,14,1
sk_02,B109915,83,1,MASc PG 40 blocks,sa,112,112,14,1
sk_02,B110288,83,1,MASc PG 40 blocks,sa,112,112,14,1
sk_03,B113324,83,1,MASc PG 40 blocks,sa,112,112,14,1
sk_03,B120266,83,1,MASc PG 40 blocks,sa,112,112,14,1
sk_03,B126413,83,1,MASc PG 40 blocks,sa,112,112,14,1
sk_04,B108339,83,1,MASc PG 40 blocks,sa,112,112,14,1
sk_04,B53160,83,1,MASc PG 40 blocks,sa,112,112,14,1
sk_04,B68233,83,1,MASc PG 40 blocks,sa,112,112,14,1
sk_05,B110471,83,1,MASc PG 40 blocks,sa,112,112,14,1
sk_05,B111480,83,1,MASc PG 40 blocks,sa,112,112,14,1
sk_05,B112990,83,1,MASc PG 40 blocks,sa,112,112,14,1
sk_06,B126589,83,1,MASc PG 40 blocks,sa,112,112,14,1
sk_06,B126869,83,1,MASc PG 40 blocks,sa,112,112,14,1
sk_06,B127158,83,1,MASc PG 40 blocks,sa,112,112,14,1
fb_01,B107189,84,1,MASc PG 40 blocks,sa,112,112,14,1
fb_01,B108060,84,1,MASc PG 40 blocks,sa,112,112,14,1
fb_01,B108124,84,1,MASc PG 40 blocks,sa,112,112,14,1
fb_02,B113324,84,1,MASc PG 40 blocks,sa,112,112,14,1
fb_02,B121928,84,1,MASc PG 40 blocks,sa,112,112,14,1
fb_02,B124453,84,1,MASc PG 40 blocks,sa,112,112,14,1
fb_03,B107189,84,1,MASc PG 40 blocks,sa,112,112,14,1
fb_03,B55424,84,1,MASc PG 40 blocks,sa,112,112,14,1
fb_03,B68233,84,1,MASc PG 40 blocks,sa,112,112,14,1
fb_04,B107189,84,1,MASc PG 40 blocks,sa,112,112,14,1
fb_04,B55424,84,1,MASc PG 40 blocks,sa,112,112,14,1
fb_04,B68233,84,1,MASc PG 40 blocks,sa,112,112,14,1
fb_05,B111480,84,1,MASc PG 40 blocks,sa,112,112,14,1
fb_05,B111480,84,1,MASc PG 40 blocks,sa,112,112,14,1
fb_05,B127158,84,1,MASc PG 40 blocks,sa,112,112,14,1
fb_06,B107189,84,1,MASc PG 40 blocks,sa,112,112,14,1
fb_06,B109915,84,1,MASc PG 40 blocks,sa,112,112,14,1
fb_06,B68233,84,1,MASc PG 40 blocks,sa,112,112,14,1
ld_01,B109915,84,1,MASc PG 40 blocks,sa,112,112,14,1
ld_01,B111867,84,1,MASc PG 40 blocks,sa,112,112,14,1
ld_01,B55424,84,1,MASc PG 40 blocks,sa,112,112,14,1
ld_02,B109915,84,1,MASc PG 40 blocks,sa,112,112,14,1
ld_02,B112990,84,1,MASc PG 40 blocks,sa,112,112,14,1
ld_02,B55424,84,1,MASc PG 40 blocks,sa,112,112,14,1
ld_03,B109340,84,1,MASc PG 40 blocks,sa,112,112,14,1
ld_03,B111480,84,1,MASc PG 40 blocks,sa,112,112,14,1
ld_03,B111867,84,1,MASc PG 40 blocks,sa,112,112,14,1
ld_04,B108060,84,1,MASc PG 40 blocks,sa,112,112,14,1
ld_04,B126413,84,1,MASc PG 40 blocks,sa,112,112,14,1
ld_05,B109340,84,1,MASc PG 40 blocks,sa,112,112,14,1
ld_05,B111867,84,1,MASc PG 40 blocks,sa,112,112,14,1
ld_06,B111867,84,1,MASc PG 40 blocks,sa,112,112,14,1
ld_06,B68233,84,1,MASc PG 40 blocks,sa,112,112,14,1
pr_01,B108339,84,1,MASc PG 40 blocks,sa,112,112,14,1
pr_01,B110288,84,1,MASc PG 40 blocks,sa,112,112,14,1
pr_01,B44010,84,1,MASc PG 40 blocks,sa,112,112,14,1
pr_02,B109915,84,1,MASc PG 40 blocks,sa,112,112,14,1
pr_02,B44010,84,1,MASc PG 40 blocks,sa,112,112,14,1
pr_03,B120266,84,1,MASc PG 40 blocks,sa,112,112,14,1
pr_03,B126869,84,1,MASc PG 40 blocks,sa,112,112,14,1
pr_04,B127158,84,1,MASc PG 40 blocks,sa,112,112,14,1
pr_04,B45231,84,1,MASc PG 40 blocks,sa,112,112,14,1
pr_05,B110471,84,1,MASc PG 40 blocks,sa,112,112,14,1
pr_05,B53160,84,1,MASc PG 40 blocks,sa,112,112,14,1
pr_06,B113324,84,1,MASc PG 40 blocks,sa,112,112,14,1
pr_06,B53160,84,1,MASc PG 40 blocks,sa,112,112,14,1
sk_01,B42891,84,1,MASc PG 40 blocks,sa,112,112,14,1
sk_01,B42891,84,1,MASc PG 40 blocks,sa,112,112,14,1
sk_01,B42891,84,1,MASc PG 40 blocks,sa,112,112,14,1
sk_02,B110471,84,1,MASc PG 40 blocks,sa,112,112,14,1
sk_02,B111480,84,1,MASc PG 40 blocks,sa,112,112,14,1
sk_02,B112990,84,1,MASc PG 40 blocks,sa,112,112,14,1
sk_03,B126589,84,1,MASc PG 40 blocks,sa,112,112,14,1
sk_03,B126869,84,1,MASc PG 40 blocks,sa,112,112,14,1
sk_03,B127158,84,1,MASc PG 40 blocks,sa,112,112,14,1
sk_04,B109340,84,1,MASc PG 40 blocks,sa,112,112,14,1
sk_04,B109915,84,1,MASc PG 40 blocks,sa,112,112,14,1
sk_04,B110288,84,1,MASc PG 40 blocks,sa,112,112,14,1
sk_05,B113324,84,1,MASc PG 40 blocks,sa,112,112,14,1
sk_05,B120266,84,1,MASc PG 40 blocks,sa,112,112,14,1
sk_05,B126413,84,1,MASc PG 40 blocks,sa,112,112,14,1
sk_06,B145584,84,1,MASc PG 40 blocks,sa,112,112,14,1
sk_06,B65573,84,1,MASc PG 40 blocks,sa,112,112,14,1
sk_06,B65573,84,1,MASc PG 40 blocks,sa,112,112,14,1
fb_01,B108060,85,1,MASc PG 40 blocks,sa,112,112,14,1
fb_01,B108124,85,1,MASc PG 40 blocks,sa,112,112,14,1
fb_01,B126589,85,1,MASc PG 40 blocks,sa,112,112,14,1
fb_02,B108124,85,1,MASc PG 40 blocks,sa,112,112,14,1
fb_02,B110288,85,1,MASc PG 40 blocks,sa,112,112,14,1
fb_02,B110471,85,1,MASc PG 40 blocks,sa,112,112,14,1
fb_03,B126492,85,1,MASc PG 40 blocks,sa,112,112,14,1
fb_03,B126869,85,1,MASc PG 40 blocks,sa,112,112,14,1
fb_03,B45231,85,1,MASc PG 40 blocks,sa,112,112,14,1
fb_04,B120266,85,1,MASc PG 40 blocks,sa,112,112,14,1
fb_04,B121455,85,1,MASc PG 40 blocks,sa,112,112,14,1
fb_04,B121928,85,1,MASc PG 40 blocks,sa,112,112,14,1
fb_05,B108124,85,1,MASc PG 40 blocks,sa,112,112,14,1
fb_05,B109915,85,1,MASc PG 40 blocks,sa,112,112,14,1
fb_05,B127158,85,1,MASc PG 40 blocks,sa,112,112,14,1
fb_06,B108339,85,1,MASc PG 40 blocks,sa,112,112,14,1
fb_06,B109915,85,1,MASc PG 40 blocks,sa,112,112,14,1
fb_06,B127158,85,1,MASc PG 40 blocks,sa,112,112,14,1
fb_01,B108339,86,1,MASc PG 40 blocks,sa,112,112,14,1
fb_01,B111480,86,1,MASc PG 40 blocks,sa,112,112,14,1
fb_01,B126413,86,1,MASc PG 40 blocks,sa,112,112,14,1
fb_02,B111410,86,1,MASc PG 40 blocks,sa,112,112,14,1
fb_02,B112038,86,1,MASc PG 40 blocks,sa,112,112,14,1
fb_02,B121154,86,1,MASc PG 40 blocks,sa,112,112,14,1
fb_03,B126589,86,1,MASc PG 40 blocks,sa,112,112,14,1
fb_03,B127158,86,1,MASc PG 40 blocks,sa,112,112,14,1
fb_03,B145584,86,1,MASc PG 40 blocks,sa,112,112,14,1
fb_04,B109340,86,1,MASc PG 40 blocks,sa,112,112,14,1
fb_04,B126492,86,1,MASc PG 40 blocks,sa,112,112,14,1
fb_04,B127158,86,1,MASc PG 40 blocks,sa,112,112,14,1
fb_05,B126589,86,1,MASc PG 40 blocks,sa,112,112,14,1
fb_05,B126869,86,1,MASc PG 40 blocks,sa,112,112,14,1
fb_05,B127158,86,1,MASc PG 40 blocks,sa,112,112,14,1
fb_06,B110288,86,1,MASc PG 40 blocks,sa,112,112,14,1
fb_06,B110471,86,1,MASc PG 40 blocks,sa,112,112,14,1
fb_06,B127158,86,1,MASc PG 40 blocks,sa,112,112,14,1
sk_01,B108060,86,1,MASc PG 40 blocks,sa,112,112,14,1
sk_01,B108339,86,1,MASc PG 40 blocks,sa,112,112,14,1
sk_01,B109915,86,1,MASc PG 40 blocks,sa,112,112,14,1
sk_02,B108124,86,1,MASc PG 40 blocks,sa,112,112,14,1
sk_02,B108124,86,1,MASc PG 40 blocks,sa,112,112,14,1
sk_02,B109915,86,1,MASc PG 40 blocks,sa,112,112,14,1
sk_03,B126589,86,1,MASc PG 40 blocks,sa,112,112,14,1
sk_03,B126869,86,1,MASc PG 40 blocks,sa,112,112,14,1
sk_03,B45231,86,1,MASc PG 40 blocks,sa,112,112,14,1
sk_04,B120266,86,1,MASc PG 40 blocks,sa,112,112,14,1
sk_04,B121455,86,1,MASc PG 40 blocks,sa,112,112,14,1
sk_04,B121928,86,1,MASc PG 40 blocks,sa,112,112,14,1
sk_05,B108124,86,1,MASc PG 40 blocks,sa,112,112,14,1
sk_05,B108124,86,1,MASc PG 40 blocks,sa,112,112,14,1
sk_05,B126589,86,1,MASc PG 40 blocks,sa,112,112,14,1
sk_06,B109915,86,1,MASc PG 40 blocks,sa,112,112,14,1
sk_06,B110288,86,1,MASc PG 40 blocks,sa,112,112,14,1
sk_06,B110471,86,1,MASc PG 40 blocks,sa,112,112,14,1
fb_01,B109915,87,1,MASc PG 40 blocks,sa,112,112,14,1
fb_01,B110288,87,1,MASc PG 40 blocks,sa,112,112,14,1
fb_01,B110471,87,1,MASc PG 40 blocks,sa,112,112,14,1
fb_02,B113324,87,1,MASc PG 40 blocks,sa,112,112,14,1
fb_02,B114477,87,1,MASc PG 40 blocks,sa,112,112,14,1
fb_02,B121455,87,1,MASc PG 40 blocks,sa,112,112,14,1
fb_03,B42891,87,1,MASc PG 40 blocks,sa,112,112,14,1
fb_03,B44010,87,1,MASc PG 40 blocks,sa,112,112,14,1
fb_03,B53160,87,1,MASc PG 40 blocks,sa,112,112,14,1
fb_04,B126589,87,1,MASc PG 40 blocks,sa,112,112,14,1
fb_04,B126869,87,1,MASc PG 40 blocks,sa,112,112,14,1
fb_04,B127158,87,1,MASc PG 40 blocks,sa,112,112,14,1
fb_05,B145584,87,1,MASc PG 40 blocks,sa,112,112,14,1
fb_05,B42891,87,1,MASc PG 40 blocks,sa,112,112,14,1
fb_05,B44010,87,1,MASc PG 40 blocks,sa,112,112,14,1
fb_06,B112990,87,1,MASc PG 40 blocks,sa,112,112,14,1
fb_06,B126589,87,1,MASc PG 40 blocks,sa,112,112,14,1
fb_06,B127158,87,1,MASc PG 40 blocks,sa,112,112,14,1
pr_01,B108124,87,1,MASc PG 40 blocks,sa,112,112,14,1
pr_01,B109915,87,1,MASc PG 40 blocks,sa,112,112,14,1
pr_02,B108124,87,1,MASc PG 40 blocks,sa,112,112,14,1
pr_03,B126589,87,1,MASc PG 40 blocks,sa,112,112,14,1
pr_04,B108124,87,1,MASc PG 40 blocks,sa,112,112,14,1
pr_05,B108060,87,1,MASc PG 40 blocks,sa,112,112,14,1
pr_06,B45231,87,1,MASc PG 40 blocks,sa,112,112,14,1
sk_01,B108339,87,1,MASc PG 40 blocks,sa,112,112,14,1
sk_01,B127158,87,1,MASc PG 40 blocks,sa,112,112,14,1
sk_01,B127158,87,1,MASc PG 40 blocks,sa,112,112,14,1
sk_02,B108339,87,1,MASc PG 40 blocks,sa,112,112,14,1
sk_02,B109340,87,1,MASc PG 40 blocks,sa,112,112,14,1
sk_02,B127158,87,1,MASc PG 40 blocks,sa,112,112,14,1
sk_03,B108124,87,1,MASc PG 40 blocks,sa,112,112,14,1
sk_03,B126589,87,1,MASc PG 40 blocks,sa,112,112,14,1
sk_03,B145584,87,1,MASc PG 40 blocks,sa,112,112,14,1
sk_04,B126413,87,1,MASc PG 40 blocks,sa,112,112,14,1
sk_04,B126589,87,1,MASc PG 40 blocks,sa,112,112,14,1
sk_04,B126869,87,1,MASc PG 40 blocks,sa,112,112,14,1
sk_05,B120266,87,1,MASc PG 40 blocks,sa,112,112,14,1
sk_05,B121455,87,1,MASc PG 40 blocks,sa,112,112,14,1
sk_05,B127158,87,1,MASc PG 40 blocks,sa,112,112,14,1
sk_06,B111410,87,1,MASc PG 40 blocks,sa,112,112,14,1
sk_06,B111480,87,1,MASc PG 40 blocks,sa,112,112,14,1
sk_06,B112038,87,1,MASc PG 40 blocks,sa,112,112,14,1
fb_01,B111410,88,1,MASc PG 40 blocks,sa,112,112,14,1
fb_01,B112038,88,1,MASc PG 40 blocks,sa,112,112,14,1
fb_01,B44010,88,1,MASc PG 40 blocks,sa,112,112,14,1
fb_02,B112990,88,1,MASc PG 40 blocks,sa,112,112,14,1
fb_02,B121928,88,1,MASc PG 40 blocks,sa,112,112,14,1
fb_02,B127158,88,1,MASc PG 40 blocks,sa,112,112,14,1
fb_03,B120266,88,1,MASc PG 40 blocks,sa,112,112,14,1
fb_03,B55424,88,1,MASc PG 40 blocks,sa,112,112,14,1
fb_03,B68233,88,1,MASc PG 40 blocks,sa,112,112,14,1
fb_04,B111867,88,1,MASc PG 40 blocks,sa,112,112,14,1
fb_04,B145584,88,1,MASc PG 40 blocks,sa,112,112,14,1
fb_04,B42891,88,1,MASc PG 40 blocks,sa,112,112,14,1
fb_05,B107189,88,1,MASc PG 40 blocks,sa,112,112,14,1
fb_05,B55424,88,1,MASc PG 40 blocks,sa,112,112,14,1
fb_05,B68233,88,1,MASc PG 40 blocks,sa,112,112,14,1
fb_06,B107189,88,1,MASc PG 40 blocks,sa,112,112,14,1
fb_06,B113324,88,1,MASc PG 40 blocks,sa,112,112,14,1
fb_06,B127158,88,1,MASc PG 40 blocks,sa,112,112,14,1
ld_01,B109915,88,1,MASc PG 40 blocks,sa,112,112,14,1
ld_02,B108124,88,1,MASc PG 40 blocks,sa,112,112,14,1
ld_03,B108124,88,1,MASc PG 40 blocks,sa,112,112,14,1
ld_04,B108124,88,1,MASc PG 40 blocks,sa,112,112,14,1
ld_05,B45231,88,1,MASc PG 40 blocks,sa,112,112,14,1
pr_01,B108124,88,1,MASc PG 40 blocks,sa,112,112,14,1
pr_01,B121455,88,1,MASc PG 40 blocks,sa,112,112,14,1
pr_02,B108339,88,1,MASc PG 40 blocks,sa,112,112,14,1
pr_02,B126869,88,1,MASc PG 40 blocks,sa,112,112,14,1
pr_03,B108339,88,1,MASc PG 40 blocks,sa,112,112,14,1
pr_03,B120266,88,1,MASc PG 40 blocks,sa,112,112,14,1
pr_04,B126589,88,1,MASc PG 40 blocks,sa,112,112,14,1
pr_05,B127158,88,1,MASc PG 40 blocks,sa,112,112,14,1
pr_06,B127158,88,1,MASc PG 40 blocks,sa,112,112,14,1
sk_01,B126589,88,1,MASc PG 40 blocks,sa,112,112,14,1
sk_01,B44010,88,1,MASc PG 40 blocks,sa,112,112,14,1
sk_01,B44010,88,1,MASc PG 40 blocks,sa,112,112,14,1
sk_02,B109915,88,1,MASc PG 40 blocks,sa,112,112,14,1
sk_02,B110288,88,1,MASc PG 40 blocks,sa,112,112,14,1
sk_02,B110471,88,1,MASc PG 40 blocks,sa,112,112,14,1
sk_03,B126413,88,1,MASc PG 40 blocks,sa,112,112,14,1
sk_03,B127158,88,1,MASc PG 40 blocks,sa,112,112,14,1
sk_03,B42891,88,1,MASc PG 40 blocks,sa,112,112,14,1
sk_04,B127158,88,1,MASc PG 40 blocks,sa,112,112,14,1
sk_04,B145584,88,1,MASc PG 40 blocks,sa,112,112,14,1
sk_04,B42891,88,1,MASc PG 40 blocks,sa,112,112,14,1
sk_05,B121928,88,1,MASc PG 40 blocks,sa,112,112,14,1
sk_05,B126589,88,1,MASc PG 40 blocks,sa,112,112,14,1
sk_05,B44010,88,1,MASc PG 40 blocks,sa,112,112,14,1
sk_06,B112990,88,1,MASc PG 40 blocks,sa,112,112,14,1
sk_06,B113324,88,1,MASc PG 40 blocks,sa,112,112,14,1
sk_06,B126589,88,1,MASc PG 40 blocks,sa,112,112,14,1
fb_01,B112038,89,1,MASc PG 40 blocks,sa,112,112,14,1
fb_01,B112990,89,1,MASc PG 40 blocks,sa,112,112,14,1
fb_01,B113324,89,1,MASc PG 40 blocks,sa,112,112,14,1
fb_02,B110471,89,1,MASc PG 40 blocks,sa,112,112,14,1
fb_02,B124193,89,1,MASc PG 40 blocks,sa,112,112,14,1
fb_02,B124453,89,1,MASc PG 40 blocks,sa,112,112,14,1
fb_03,B108060,89,1,MASc PG 40 blocks,sa,112,112,14,1
fb_03,B108124,89,1,MASc PG 40 blocks,sa,112,112,14,1
fb_03,B127158,89,1,MASc PG 40 blocks,sa,112,112,14,1
fb_04,B107189,89,1,MASc PG 40 blocks,sa,112,112,14,1
fb_04,B55424,89,1,MASc PG 40 blocks,sa,112,112,14,1
fb_04,B68233,89,1,MASc PG 40 blocks,sa,112,112,14,1
fb_05,B108060,89,1,MASc PG 40 blocks,sa,112,112,14,1
fb_05,B108339,89,1,MASc PG 40 blocks,sa,112,112,14,1
fb_05,B121928,89,1,MASc PG 40 blocks,sa,112,112,14,1
fb_06,B126413,89,1,MASc PG 40 blocks,sa,112,112,14,1
fb_06,B126589,89,1,MASc PG 40 blocks,sa,112,112,14,1
fb_06,B126869,89,1,MASc PG 40 blocks,sa,112,112,14,1
ld_01,B127158,89,1,MASc PG 40 blocks,sa,112,112,14,1
ld_02,B126589,89,1,MASc PG 40 blocks,sa,112,112,14,1
ld_03,B126869,89,1,MASc PG 40 blocks,sa,112,112,14,1
ld_04,B108339,89,1,MASc PG 40 blocks,sa,112,112,14,1
ld_05,B121455,89,1,MASc PG 40 blocks,sa,112,112,14,1
ld_06,B108124,89,1,MASc PG 40 blocks,sa,112,112,14,1
pr_01,B110288,89,1,MASc PG 40 blocks,sa,112,112,14,1
pr_01,B126589,89,1,MASc PG 40 blocks,sa,112,112,14,1
pr_01,B44010,89,1,MASc PG 40 blocks,sa,112,112,14,1
pr_02,B110471,89,1,MASc PG 40 blocks,sa,112,112,14,1
pr_02,B145584,89,1,MASc PG 40 blocks,sa,112,112,14,1
pr_02,B42891,89,1,MASc PG 40 blocks,sa,112,112,14,1
pr_03,B109915,89,1,MASc PG 40 blocks,sa,112,112,14,1
pr_03,B126589,89,1,MASc PG 40 blocks,sa,112,112,14,1
pr_03,B42891,89,1,MASc PG 40 blocks,sa,112,112,14,1
pr_04,B121928,89,1,MASc PG 40 blocks,sa,112,112,14,1
pr_04,B126589,89,1,MASc PG 40 blocks,sa,112,112,14,1
pr_04,B127158,89,1,MASc PG 40 blocks,sa,112,112,14,1
pr_05,B127158,89,1,MASc PG 40 blocks,sa,112,112,14,1
pr_05,B42891,89,1,MASc PG 40 blocks,sa,112,112,14,1
pr_05,B44010,89,1,MASc PG 40 blocks,sa,112,112,14,1
pr_06,B126413,89,1,MASc PG 40 blocks,sa,112,112,14,1
pr_06,B44010,89,1,MASc PG 40 blocks,sa,112,112,14,1
sk_01,B42891,89,1,MASc PG 40 blocks,sa,112,112,14,1
sk_01,B44010,89,1,MASc PG 40 blocks,sa,112,112,14,1
sk_01,B55424,89,1,MASc PG 40 blocks,sa,112,112,14,1
sk_02,B111410,89,1,MASc PG 40 blocks,sa,112,112,14,1
sk_02,B111480,89,1,MASc PG 40 blocks,sa,112,112,14,1
sk_02,B112038,89,1,MASc PG 40 blocks,sa,112,112,14,1
sk_03,B109340,89,1,MASc PG 40 blocks,sa,112,112,14,1
sk_03,B109915,89,1,MASc PG 40 blocks,sa,112,112,14,1
sk_03,B110288,89,1,MASc PG 40 blocks,sa,112,112,14,1
sk_04,B107189,89,1,MASc PG 40 blocks,sa,112,112,14,1
sk_04,B55424,89,1,MASc PG 40 blocks,sa,112,112,14,1
sk_04,B68233,89,1,MASc PG 40 blocks,sa,112,112,14,1
sk_05,B126869,89,1,MASc PG 40 blocks,sa,112,112,14,1
sk_05,B145584,89,1,MASc PG 40 blocks,sa,112,112,14,1
sk_05,B53160,89,1,MASc PG 40 blocks,sa,112,112,14,1
sk_06,B108124,89,1,MASc PG 40 blocks,sa,112,112,14,1
sk_06,B121928,89,1,MASc PG 40 blocks,sa,112,112,14,1
sk_06,B126589,89,1,MASc PG 40 blocks,sa,112,112,14,1
fb_01,B111867,90,1,MASc PG 40 blocks,sa,112,112,14,1
fb_01,B114477,90,1,MASc PG 40 blocks,sa,112,112,14,1
fb_01,B120266,90,1,MASc PG 40 blocks,sa,112,112,14,1
fb_02,B124540,90,1,MASc PG 40 blocks,sa,112,112,14,1
fb_02,B126413,90,1,MASc PG 40 blocks,sa,112,112,14,1
fb_02,B126492,90,1,MASc PG 40 blocks,sa,112,112,14,1
fb_03,B109340,90,1,MASc PG 40 blocks,sa,112,112,14,1
fb_03,B109915,90,1,MASc PG 40 blocks,sa,112,112,14,1
fb_03,B110288,90,1,MASc PG 40 blocks,sa,112,112,14,1
fb_04,B108060,90,1,MASc PG 40 blocks,sa,112,112,14,1
fb_04,B108124,90,1,MASc PG 40 blocks,sa,112,112,14,1
fb_04,B108339,90,1,MASc PG 40 blocks,sa,112,112,14,1
fb_05,B109915,90,1,MASc PG 40 blocks,sa,112,112,14,1
fb_05,B110471,90,1,MASc PG 40 blocks,sa,112,112,14,1
fb_05,B121455,90,1,MASc PG 40 blocks,sa,112,112,14,1
fb_06,B121154,90,1,MASc PG 40 blocks,sa,112,112,14,1
fb_06,B145584,90,1,MASc PG 40 blocks,sa,112,112,14,1
fb_06,B42891,90,1,MASc PG 40 blocks,sa,112,112,14,1
ld_01,B121928,90,1,MASc PG 40 blocks,sa,112,112,14,1
ld_01,B127158,90,1,MASc PG 40 blocks,sa,112,112,14,1
ld_01,B44010,90,1,MASc PG 40 blocks,sa,112,112,14,1
ld_02,B127158,90,1,MASc PG 40 blocks,sa,112,112,14,1
ld_02,B42891,90,1,MASc PG 40 blocks,sa,112,112,14,1
ld_03,B126589,90,1,MASc PG 40 blocks,sa,112,112,14,1
ld_03,B44010,90,1,MASc PG 40 blocks,sa,112,112,14,1
ld_04,B109915,90,1,MASc PG 40 blocks,sa,112,112,14,1
ld_04,B126589,90,1,MASc PG 40 blocks,sa,112,112,14,1
ld_05,B110288,90,1,MASc PG 40 blocks,sa,112,112,14,1
ld_05,B126589,90,1,MASc PG 40 blocks,sa,112,112,14,1
ld_06,B110471,90,1,MASc PG 40 blocks,sa,112,112,14,1
ld_06,B42891,90,1,MASc PG 40 blocks,sa,112,112,14,1
pr_01,B111410,90,1,MASc PG 40 blocks,sa,112,112,14,1
pr_01,B55424,90,1,MASc PG 40 blocks,sa,112,112,14,1
pr_02,B112038,90,1,MASc PG 40 blocks,sa,112,112,14,1
pr_02,B44010,90,1,MASc PG 40 blocks,sa,112,112,14,1
pr_03,B145584,90,1,MASc PG 40 blocks,sa,112,112,14,1
pr_04,B53160,90,1,MASc PG 40 blocks,sa,112,112,14,1
pr_05,B42891,90,1,MASc PG 40 blocks,sa,112,112,14,1
pr_06,B55424,90,1,MASc PG 40 blocks,sa,112,112,14,1
sk_01,B108060,90,1,MASc PG 40 blocks,sa,112,112,14,1
sk_01,B108060,90,1,MASc PG 40 blocks,sa,112,112,14,1
sk_01,B108124,90,1,MASc PG 40 blocks,sa,112,112,14,1
sk_02,B112990,90,1,MASc PG 40 blocks,sa,112,112,14,1
sk_02,B113324,90,1,MASc PG 40 blocks,sa,112,112,14,1
sk_02,B120266,90,1,MASc PG 40 blocks,sa,112,112,14,1
sk_03,B110471,90,1,MASc PG 40 blocks,sa,112,112,14,1
sk_03,B111410,90,1,MASc PG 40 blocks,sa,112,112,14,1
sk_03,B111480,90,1,MASc PG 40 blocks,sa,112,112,14,1
sk_04,B109340,90,1,MASc PG 40 blocks,sa,112,112,14,1
sk_04,B109915,90,1,MASc PG 40 blocks,sa,112,112,14,1
sk_04,B44010,90,1,MASc PG 40 blocks,sa,112,112,14,1
sk_05,B107189,90,1,MASc PG 40 blocks,sa,112,112,14,1
sk_05,B55424,90,1,MASc PG 40 blocks,sa,112,112,14,1
sk_05,B68233,90,1,MASc PG 40 blocks,sa,112,112,14,1
sk_06,B108124,90,1,MASc PG 40 blocks,sa,112,112,14,1
sk_06,B126589,90,1,MASc PG 40 blocks,sa,112,112,14,1
sk_06,B126869,90,1,MASc PG 40 blocks,sa,112,112,14,1
fb_01,B111480,91,1,MASc PG 40 blocks,sa,112,112,14,1
fb_01,B111480,91,1,MASc PG 40 blocks,sa,112,112,14,1
fb_01,B127158,91,1,MASc PG 40 blocks,sa,112,112,14,1
fb_02,B126589,91,1,MASc PG 40 blocks,sa,112,112,14,1
fb_02,B127158,91,1,MASc PG 40 blocks,sa,112,112,14,1
fb_02,B127158,91,1,MASc PG 40 blocks,sa,112,112,14,1
fb_03,B110471,91,1,MASc PG 40 blocks,sa,112,112,14,1
fb_03,B111410,91,1,MASc PG 40 blocks,sa,112,112,14,1
fb_03,B111480,91,1,MASc PG 40 blocks,sa,112,112,14,1
fb_04,B109915,91,1,MASc PG 40 blocks,sa,112,112,14,1
fb_04,B110288,91,1,MASc PG 40 blocks,sa,112,112,14,1
fb_04,B127158,91,1,MASc PG 40 blocks,sa,112,112,14,1
fb_05,B111410,91,1,MASc PG 40 blocks,sa,112,112,14,1
fb_05,B112038,91,1,MASc PG 40 blocks,sa,112,112,14,1
fb_05,B121455,91,1,MASc PG 40 blocks,sa,112,112,14,1
fb_06,B107189,91,1,MASc PG 40 blocks,sa,112,112,14,1
fb_06,B55424,91,1,MASc PG 40 blocks,sa,112,112,14,1
fb_06,B68233,91,1,MASc PG 40 blocks,sa,112,112,14,1
ld_01,B145584,91,1,MASc PG 40 blocks,sa,112,112,14,1
ld_02,B55424,91,1,MASc PG 40 blocks,sa,112,112,14,1
ld_03,B44010,91,1,MASc PG 40 blocks,sa,112,112,14,1
pr_01,B109340,91,1,MASc PG 40 blocks,sa,112,112,14,1
pr_01,B113324,91,1,MASc PG 40 blocks,sa,112,112,14,1
pr_01,B55424,91,1,MASc PG 40 blocks,sa,112,112,14,1
pr_02,B108060,91,1,MASc PG 40 blocks,sa,112,112,14,1
pr_02,B108124,91,1,MASc PG 40 blocks,sa,112,112,14,1
pr_02,B111480,91,1,MASc PG 40 blocks,sa,112,112,14,1
pr_03,B108060,91,1,MASc PG 40 blocks,sa,112,112,14,1
pr_03,B126589,91,1,MASc PG 40 blocks,sa,112,112,14,1
pr_03,B68233,91,1,MASc PG 40 blocks,sa,112,112,14,1
pr_04,B108124,91,1,MASc PG 40 blocks,sa,112,112,14,1
pr_04,B109915,91,1,MASc PG 40 blocks,sa,112,112,14,1
pr_05,B126869,91,1,MASc PG 40 blocks,sa,112,112,14,1
pr_05,B44010,91,1,MASc PG 40 blocks,sa,112,112,14,1
pr_06,B107189,91,1,MASc PG 40 blocks,sa,112,112,14,1
pr_06,B112990,91,1,MASc PG 40 blocks,sa,112,112,14,1
sk_01,B108124,91,1,MASc PG 40 blocks,sa,112,112,14,1
sk_01,B108339,91,1,MASc PG 40 blocks,sa,112,112,14,1
sk_01,B42891,91,1,MASc PG 40 blocks,sa,112,112,14,1
sk_02,B121455,91,1,MASc PG 40 blocks,sa,112,112,14,1
sk_02,B121928,91,1,MASc PG 40 blocks,sa,112,112,14,1
sk_02,B126413,91,1,MASc PG 40 blocks,sa,112,112,14,1
sk_03,B112038,91,1,MASc PG 40 blocks,sa,112,112,14,1
sk_03,B112990,91,1,MASc PG 40 blocks,sa,112,112,14,1
sk_03,B113324,91,1,MASc PG 40 blocks,sa,112,112,14,1
sk_04,B110288,91,1,MASc PG 40 blocks,sa,112,112,14,1
sk_04,B110471,91,1,MASc PG 40 blocks,sa,112,112,14,1
sk_04,B111410,91,1,MASc PG 40 blocks,sa,112,112,14,1
sk_05,B108060,91,1,MASc PG 40 blocks,sa,112,112,14,1
sk_05,B109340,91,1,MASc PG 40 blocks,sa,112,112,14,1
sk_05,B109915,91,1,MASc PG 40 blocks,sa,112,112,14,1
sk_06,B108060,91,1,MASc PG 40 blocks,sa,112,112,14,1
sk_06,B145584,91,1,MASc PG 40 blocks,sa,112,112,14,1
sk_06,B68233,91,1,MASc PG 40 blocks,sa,112,112,14,1
fb_01,B127158,92,1,MASc PG 40 blocks,sa,112,112,14,1
fb_01,B127158,92,1,MASc PG 40 blocks,sa,112,112,14,1
fb_01,B42891,92,1,MASc PG 40 blocks,sa,112,112,14,1
fb_02,B111480,92,1,MASc PG 40 blocks,sa,112,112,14,1
fb_02,B129183,92,1,MASc PG 40 blocks,sa,112,112,14,1
fb_02,B145584,92,1,MASc PG 40 blocks,sa,112,112,14,1
fb_03,B108060,92,1,MASc PG 40 blocks,sa,112,112,14,1
fb_03,B112038,92,1,MASc PG 40 blocks,sa,112,112,14,1
fb_03,B112990,92,1,MASc PG 40 blocks,sa,112,112,14,1
fb_04,B110471,92,1,MASc PG 40 blocks,sa,112,112,14,1
fb_04,B111480,92,1,MASc PG 40 blocks,sa,112,112,14,1
fb_04,B127158,92,1,MASc PG 40 blocks,sa,112,112,14,1
fb_05,B112038,92,1,MASc PG 40 blocks,sa,112,112,14,1
fb_05,B113324,92,1,MASc PG 40 blocks,sa,112,112,14,1
fb_05,B114477,92,1,MASc PG 40 blocks,sa,112,112,14,1
fb_06,B109915,92,1,MASc PG 40 blocks,sa,112,112,14,1
fb_06,B111480,92,1,MASc PG 40 blocks,sa,112,112,14,1
fb_06,B127158,92,1,MASc PG 40 blocks,sa,112,112,14,1
ld_01,B108060,92,1,MASc PG 40 blocks,sa,112,112,14,1
ld_01,B109915,92,1,MASc PG 40 blocks,sa,112,112,14,1
ld_01,B126869,92,1,MASc PG 40 blocks,sa,112,112,14,1
ld_02,B108124,92,1,MASc PG 40 blocks,sa,112,112,14,1
ld_02,B113324,92,1,MASc PG 40 blocks,sa,112,112,14,1
ld_03,B112990,92,1,MASc PG 40 blocks,sa,112,112,14,1
ld_03,B68233,92,1,MASc PG 40 blocks,sa,112,112,14,1
ld_04,B108124,92,1,MASc PG 40 blocks,sa,112,112,14,1
ld_04,B126589,92,1,MASc PG 40 blocks,sa,112,112,14,1
ld_05,B111480,92,1,MASc PG 40 blocks,sa,112,112,14,1
ld_05,B44010,92,1,MASc PG 40 blocks,sa,112,112,14,1
ld_06,B108060,92,1,MASc PG 40 blocks,sa,112,112,14,1
ld_06,B109340,92,1,MASc PG 40 blocks,sa,112,112,14,1
pr_01,B108060,92,1,MASc PG 40 blocks,sa,112,112,14,1
pr_01,B110288,92,1,MASc PG 40 blocks,sa,112,112,14,1
pr_02,B108060,92,1,MASc PG 40 blocks,sa,112,112,14,1
pr_02,B121928,92,1,MASc PG 40 blocks,sa,112,112,14,1
pr_03,B108339,92,1,MASc PG 40 blocks,sa,112,112,14,1
pr_03,B110471,92,1,MASc PG 40 blocks,sa,112,112,14,1
pr_04,B108124,92,1,MASc PG 40 blocks,sa,112,112,14,1
pr_04,B42891,92,1,MASc PG 40 blocks,sa,112,112,14,1
pr_05,B111410,92,1,MASc PG 40 blocks,sa,112,112,14,1
pr_05,B42891,92,1,MASc PG 40 blocks,sa,112,112,14,1
pr_06,B112038,92,1,MASc PG 40 blocks,sa,112,112,14,1
pr_06,B126413,92,1,MASc PG 40 blocks,sa,112,112,14,1
sk_01,B108124,92,1,MASc PG 40 blocks,sa,112,112,14,1
sk_01,B111867,92,1,MASc PG 40 blocks,sa,112,112,14,1
sk_01,B55424,92,1,MASc PG 40 blocks,sa,112,112,14,1
sk_02,B126589,92,1,MASc PG 40 blocks,sa,112,112,14,1
sk_02,B126869,92,1,MASc PG 40 blocks,sa,112,112,14,1
sk_02,B127158,92,1,MASc PG 40 blocks,sa,112,112,14,1
sk_03,B120266,92,1,MASc PG 40 blocks,sa,112,112,14,1
sk_03,B121455,92,1,MASc PG 40 blocks,sa,112,112,14,1
sk_03,B121928,92,1,MASc PG 40 blocks,sa,112,112,14,1
sk_04,B111480,92,1,MASc PG 40 blocks,sa,112,112,14,1
sk_04,B112038,92,1,MASc PG 40 blocks,sa,112,112,14,1
sk_04,B112990,92,1,MASc PG 40 blocks,sa,112,112,14,1
sk_05,B109915,92,1,MASc PG 40 blocks,sa,112,112,14,1
sk_05,B110288,92,1,MASc PG 40 blocks,sa,112,112,14,1
sk_05,B110471,92,1,MASc PG 40 blocks,sa,112,112,14,1
sk_06,B107189,92,1,MASc PG 40 blocks,sa,112,112,14,1
sk_06,B108339,92,1,MASc PG 40 blocks,sa,112,112,14,1
sk_06,B126589,92,1,MASc PG 40 blocks,sa,112,112,14,1
fb_01,B124540,93,1,MASc PG 40 blocks,sa,112,112,14,1
fb_01,B126413,93,1,MASc PG 40 blocks,sa,112,112,14,1
fb_01,B126492,93,1,MASc PG 40 blocks,sa,112,112,14,1
fb_02,B44010,93,1,MASc PG 40 blocks,sa,112,112,14,1
fb_02,B45231,93,1,MASc PG 40 blocks,sa,112,112,14,1
fb_02,B53160,93,1,MASc PG 40 blocks,sa,112,112,14,1
fb_03,B111480,93,1,MASc PG 40 blocks,sa,112,112,14,1
fb_03,B114477,93,1,MASc PG 40 blocks,sa,112,112,14,1
fb_03,B120266,93,1,MASc PG 40 blocks,sa,112,112,14,1
fb_04,B112038,93,1,MASc PG 40 blocks,sa,112,112,14,1
fb_04,B113324,93,1,MASc PG 40 blocks,sa,112,112,14,1
fb_04,B127158,93,1,MASc PG 40 blocks,sa,112,112,14,1
fb_05,B120266,93,1,MASc PG 40 blocks,sa,112,112,14,1
fb_05,B121928,93,1,MASc PG 40 blocks,sa,112,112,14,1
fb_05,B126413,93,1,MASc PG 40 blocks,sa,112,112,14,1
fb_06,B110288,93,1,MASc PG 40 blocks,sa,112,112,14,1
fb_06,B110471,93,1,MASc PG 40 blocks,sa,112,112,14,1
fb_06,B111480,93,1,MASc PG 40 blocks,sa,112,112,14,1
ld_01,B108339,93,1,MASc PG 40 blocks,sa,112,112,14,1
ld_01,B110288,93,1,MASc PG 40 blocks,sa,112,112,14,1
ld_02,B110471,93,1,MASc PG 40 blocks,sa,112,112,14,1
ld_02,B42891,93,1,MASc PG 40 blocks,sa,112,112,14,1
ld_03,B112038,93,1,MASc PG 40 blocks,sa,112,112,14,1
ld_03,B42891,93,1,MASc PG 40 blocks,sa,112,112,14,1
ld_04,B108124,93,1,MASc PG 40 blocks,sa,112,112,14,1
ld_04,B111410,93,1,MASc PG 40 blocks,sa,112,112,14,1
ld_05,B108060,93,1,MASc PG 40 blocks,sa,112,112,14,1
ld_05,B126413,93,1,MASc PG 40 blocks,sa,112,112,14,1
ld_06,B121928,93,1,MASc PG 40 blocks,sa,112,112,14,1
pr_01,B108339,93,1,MASc PG 40 blocks,sa,112,112,14,1
pr_01,B121455,93,1,MASc PG 40 blocks,sa,112,112,14,1
pr_02,B112990,93,1,MASc PG 40 blocks,sa,112,112,14,1
pr_02,B55424,93,1,MASc PG 40 blocks,sa,112,112,14,1
pr_03,B108124,93,1,MASc PG 40 blocks,sa,112,112,14,1
pr_03,B127158,93,1,MASc PG 40 blocks,sa,112,112,14,1
pr_04,B112038,93,1,MASc PG 40 blocks,sa,112,112,14,1
pr_04,B120266,93,1,MASc PG 40 blocks,sa,112,112,14,1
pr_05,B126589,93,1,MASc PG 40 blocks,sa,112,112,14,1
pr_05,B126589,93,1,MASc PG 40 blocks,sa,112,112,14,1
pr_06,B107189,93,1,MASc PG 40 blocks,sa,112,112,14,1
pr_06,B109915,93,1,MASc PG 40 blocks,sa,112,112,14,1
sk_01,B108060,93,1,MASc PG 40 blocks,sa,112,112,14,1
sk_01,B111867,93,1,MASc PG 40 blocks,sa,112,112,14,1
sk_01,B111867,93,1,MASc PG 40 blocks,sa,112,112,14,1
sk_02,B111867,93,1,MASc PG 40 blocks,sa,112,112,14,1
sk_02,B145584,93,1,MASc PG 40 blocks,sa,112,112,14,1
sk_02,B68233,93,1,MASc PG 40 blocks,sa,112,112,14,1
sk_03,B126413,93,1,MASc PG 40 blocks,sa,112,112,14,1
sk_03,B126589,93,1,MASc PG 40 blocks,sa,112,112,14,1
sk_03,B126869,93,1,MASc PG 40 blocks,sa,112,112,14,1
sk_04,B113324,93,1,MASc PG 40 blocks,sa,112,112,14,1
sk_04,B120266,93,1,MASc PG 40 blocks,sa,112,112,14,1
sk_04,B121455,93,1,MASc PG 40 blocks,sa,112,112,14,1
sk_05,B108060,93,1,MASc PG 40 blocks,sa,112,112,14,1
sk_05,B111410,93,1,MASc PG 40 blocks,sa,112,112,14,1
sk_05,B112038,93,1,MASc PG 40 blocks,sa,112,112,14,1
sk_06,B109340,93,1,MASc PG 40 blocks,sa,112,112,14,1
sk_06,B109915,93,1,MASc PG 40 blocks,sa,112,112,14,1
sk_06,B110288,93,1,MASc PG 40 blocks,sa,112,112,14,1
fb_01,B126589,94,1,MASc PG 40 blocks,sa,112,112,14,1
fb_01,B126869,94,1,MASc PG 40 blocks,sa,112,112,14,1
fb_01,B127158,94,1,MASc PG 40 blocks,sa,112,112,14,1
fb_02,B55424,94,1,MASc PG 40 blocks,sa,112,112,14,1
fb_02,B65573,94,1,MASc PG 40 blocks,sa,112,112,14,1
fb_02,B68233,94,1,MASc PG 40 blocks,sa,112,112,14,1
fb_03,B121928,94,1,MASc PG 40 blocks,sa,112,112,14,1
fb_03,B124193,94,1,MASc PG 40 blocks,sa,112,112,14,1
fb_03,B124453,94,1,MASc PG 40 blocks,sa,112,112,14,1
fb_04,B114477,94,1,MASc PG 40 blocks,sa,112,112,14,1
fb_04,B120266,94,1,MASc PG 40 blocks,sa,112,112,14,1
fb_04,B121455,94,1,MASc PG 40 blocks,sa,112,112,14,1
fb_05,B126492,94,1,MASc PG 40 blocks,sa,112,112,14,1
fb_05,B126589,94,1,MASc PG 40 blocks,sa,112,112,14,1
fb_05,B127158,94,1,MASc PG 40 blocks,sa,112,112,14,1
fb_06,B111480,94,1,MASc PG 40 blocks,sa,112,112,14,1
fb_06,B112038,94,1,MASc PG 40 blocks,sa,112,112,14,1
fb_06,B112990,94,1,MASc PG 40 blocks,sa,112,112,14,1
ld_01,B120266,94,1,MASc PG 40 blocks,sa,112,112,14,1
ld_01,B121455,94,1,MASc PG 40 blocks,sa,112,112,14,1
ld_02,B108124,94,1,MASc PG 40 blocks,sa,112,112,14,1
ld_02,B126589,94,1,MASc PG 40 blocks,sa,112,112,14,1
ld_03,B109915,94,1,MASc PG 40 blocks,sa,112,112,14,1
ld_03,B127158,94,1,MASc PG 40 blocks,sa,112,112,14,1
ld_04,B55424,94,1,MASc PG 40 blocks,sa,112,112,14,1
ld_05,B107189,94,1,MASc PG 40 blocks,sa,112,112,14,1
ld_06,B112990,94,1,MASc PG 40 blocks,sa,112,112,14,1
pr_01,B109340,94,1,MASc PG 40 blocks,sa,112,112,14,1
pr_01,B111410,94,1,MASc PG 40 blocks,sa,112,112,14,1
pr_01,B112038,94,1,MASc PG 40 blocks,sa,112,112,14,1
pr_02,B111867,94,1,MASc PG 40 blocks,sa,112,112,14,1
pr_02,B113324,94,1,MASc PG 40 blocks,sa,112,112,14,1
pr_02,B126413,94,1,MASc PG 40 blocks,sa,112,112,14,1
pr_03,B110288,94,1,MASc PG 40 blocks,sa,112,112,14,1
pr_03,B145584,94,1,MASc PG 40 blocks,sa,112,112,14,1
pr_04,B120266,94,1,MASc PG 40 blocks,sa,112,112,14,1
pr_04,B68233,94,1,MASc PG 40 blocks,sa,112,112,14,1
pr_05,B108060,94,1,MASc PG 40 blocks,sa,112,112,14,1
pr_05,B126869,94,1,MASc PG 40 blocks,sa,112,112,14,1
pr_06,B108060,94,1,MASc PG 40 blocks,sa,112,112,14,1
pr_06,B109915,94,1,MASc PG 40 blocks,sa,112,112,14,1
sk_01,B44010,94,1,MASc PG 40 blocks,sa,112,112,14,1
sk_01,B45231,94,1,MASc PG 40 blocks,sa,112,112,14,1
sk_01,B53160,94,1,MASc PG 40 blocks,sa,112,112,14,1
sk_02,B107189,94,1,MASc PG 40 blocks,sa,112,112,14,1
sk_02,B108339,94,1,MASc PG 40 blocks,sa,112,112,14,1
sk_02,B44010,94,1,MASc PG 40 blocks,sa,112,112,14,1
sk_03,B111867,94,1,MASc PG 40 blocks,sa,112,112,14,1
sk_03,B127158,94,1,MASc PG 40 blocks,sa,112,112,14,1
sk_03,B145584,94,1,MASc PG 40 blocks,sa,112,112,14,1
sk_04,B121928,94,1,MASc PG 40 blocks,sa,112,112,14,1
sk_04,B126413,94,1,MASc PG 40 blocks,sa,112,112,14,1
sk_04,B126589,94,1,MASc PG 40 blocks,sa,112,112,14,1
sk_05,B112990,94,1,MASc PG 40 blocks,sa,112,112,14,1
sk_05,B113324,94,1,MASc PG 40 blocks,sa,112,112,14,1
sk_05,B120266,94,1,MASc PG 40 blocks,sa,112,112,14,1
sk_06,B110471,94,1,MASc PG 40 blocks,sa,112,112,14,1
sk_06,B111410,94,1,MASc PG 40 blocks,sa,112,112,14,1
sk_06,B111480,94,1,MASc PG 40 blocks,sa,112,112,14,1
fb_01,B111480,95,1,MASc PG 40 blocks,sa,112,112,14,1
fb_01,B145584,95,1,MASc PG 40 blocks,sa,112,112,14,1
fb_01,B42891,95,1,MASc PG 40 blocks,sa,112,112,14,1
fb_02,B107189,95,1,MASc PG 40 blocks,sa,112,112,14,1
fb_02,B108060,95,1,MASc PG 40 blocks,sa,112,112,14,1
fb_02,B108124,95,1,MASc PG 40 blocks,sa,112,112,14,1
fb_03,B126413,95,1,MASc PG 40 blocks,sa,112,112,14,1
fb_03,B126492,95,1,MASc PG 40 blocks,sa,112,112,14,1
fb_03,B126589,95,1,MASc PG 40 blocks,sa,112,112,14,1
fb_04,B126413,95,1,MASc PG 40 blocks,sa,112,112,14,1
fb_04,B127158,95,1,MASc PG 40 blocks,sa,112,112,14,1
fb_04,B42891,95,1,MASc PG 40 blocks,sa,112,112,14,1
fb_05,B127158,95,1,MASc PG 40 blocks,sa,112,112,14,1
fb_05,B145584,95,1,MASc PG 40 blocks,sa,112,112,14,1
fb_05,B42891,95,1,MASc PG 40 blocks,sa,112,112,14,1
fb_06,B113324,95,1,MASc PG 40 blocks,sa,112,112,14,1
fb_06,B114477,95,1,MASc PG 40 blocks,sa,112,112,14,1
fb_06,B120266,95,1,MASc PG 40 blocks,sa,112,112,14,1
ld_01,B109915,95,1,MASc PG 40 blocks,sa,112,112,14,1
ld_01,B111867,95,1,MASc PG 40 blocks,sa,112,112,14,1
ld_01,B68233,95,1,MASc PG 40 blocks,sa,112,112,14,1
ld_02,B108060,95,1,MASc PG 40 blocks,sa,112,112,14,1
ld_02,B109340,95,1,MASc PG 40 blocks,sa,112,112,14,1
ld_02,B110288,95,1,MASc PG 40 blocks,sa,112,112,14,1
ld_03,B126413,95,1,MASc PG 40 blocks,sa,112,112,14,1
ld_03,B145584,95,1,MASc PG 40 blocks,sa,112,112,14,1
ld_04,B111410,95,1,MASc PG 40 blocks,sa,112,112,14,1
ld_04,B120266,95,1,MASc PG 40 blocks,sa,112,112,14,1
ld_05,B112038,95,1,MASc PG 40 blocks,sa,112,112,14,1
ld_05,B113324,95,1,MASc PG 40 blocks,sa,112,112,14,1
ld_06,B108060,95,1,MASc PG 40 blocks,sa,112,112,14,1
ld_06,B126869,95,1,MASc PG 40 blocks,sa,112,112,14,1
pr_01,B111867,95,1,MASc PG 40 blocks,sa,112,112,14,1
pr_01,B44010,95,1,MASc PG 40 blocks,sa,112,112,14,1
pr_01,B53160,95,1,MASc PG 40 blocks,sa,112,112,14,1
pr_02,B111480,95,1,MASc PG 40 blocks,sa,112,112,14,1
pr_02,B45231,95,1,MASc PG 40 blocks,sa,112,112,14,1
pr_03,B107189,95,1,MASc PG 40 blocks,sa,112,112,14,1
pr_03,B110471,95,1,MASc PG 40 blocks,sa,112,112,14,1
pr_04,B126589,95,1,MASc PG 40 blocks,sa,112,112,14,1
pr_04,B44010,95,1,MASc PG 40 blocks,sa,112,112,14,1
pr_05,B121928,95,1,MASc PG 40 blocks,sa,112,112,14,1
pr_05,B53160,95,1,MASc PG 40 blocks,sa,112,112,14,1
pr_06,B108339,95,1,MASc PG 40 blocks,sa,112,112,14,1
pr_06,B145584,95,1,MASc PG 40 blocks,sa,112,112,14,1
sk_01,B108124,95,1,MASc PG 40 blocks,sa,112,112,14,1
sk_01,B111867,95,1,MASc PG 40 blocks,sa,112,112,14,1
sk_01,B55424,95,1,MASc PG 40 blocks,sa,112,112,14,1
sk_02,B109340,95,1,MASc PG 40 blocks,sa,112,112,14,1
sk_02,B109915,95,1,MASc PG 40 blocks,sa,112,112,14,1
sk_02,B110288,95,1,MASc PG 40 blocks,sa,112,112,14,1
sk_03,B107189,95,1,MASc PG 40 blocks,sa,112,112,14,1
sk_03,B111867,95,1,MASc PG 40 blocks,sa,112,112,14,1
sk_03,B68233,95,1,MASc PG 40 blocks,sa,112,112,14,1
sk_04,B126869,95,1,MASc PG 40 blocks,sa,112,112,14,1
sk_04,B127158,95,1,MASc PG 40 blocks,sa,112,112,14,1
sk_04,B145584,95,1,MASc PG 40 blocks,sa,112,112,14,1
sk_05,B121455,95,1,MASc PG 40 blocks,sa,112,112,14,1
sk_05,B121928,95,1,MASc PG 40 blocks,sa,112,112,14,1
sk_05,B126413,95,1,MASc PG 40 blocks,sa,112,112,14,1
sk_06,B112038,95,1,MASc PG 40 blocks,sa,112,112,14,1
sk_06,B112990,95,1,MASc PG 40 blocks,sa,112,112,14,1
sk_06,B113324,95,1,MASc PG 40 blocks,sa,112,112,14,1
fb_01,B126869,96,1,MASc PG 40 blocks,sa,112,112,14,1
fb_01,B45231,96,1,MASc PG 40 blocks,sa,112,112,14,1
fb_01,B53160,96,1,MASc PG 40 blocks,sa,112,112,14,1
fb_02,B108339,96,1,MASc PG 40 blocks,sa,112,112,14,1
fb_02,B113324,96,1,MASc PG 40 blocks,sa,112,112,14,1
fb_02,B126589,96,1,MASc PG 40 blocks,sa,112,112,14,1
fb_03,B127158,96,1,MASc PG 40 blocks,sa,112,112,14,1
fb_03,B145584,96,1,MASc PG 40 blocks,sa,112,112,14,1
fb_03,B44010,96,1,MASc PG 40 blocks,sa,112,112,14,1
fb_04,B126589,96,1,MASc PG 40 blocks,sa,112,112,14,1
fb_04,B126869,96,1,MASc PG 40 blocks,sa,112,112,14,1
fb_04,B127158,96,1,MASc PG 40 blocks,sa,112,112,14,1
fb_05,B44010,96,1,MASc PG 40 blocks,sa,112,112,14,1
fb_05,B53160,96,1,MASc PG 40 blocks,sa,112,112,14,1
fb_05,B68233,96,1,MASc PG 40 blocks,sa,112,112,14,1
fb_06,B126413,96,1,MASc PG 40 blocks,sa,112,112,14,1
fb_06,B126589,96,1,MASc PG 40 blocks,sa,112,112,14,1
fb_06,B127158,96,1,MASc PG 40 blocks,sa,112,112,14,1
ld_01,B111867,96,1,MASc PG 40 blocks,sa,112,112,14,1
ld_01,B145584,96,1,MASc PG 40 blocks,sa,112,112,14,1
ld_01,B44010,96,1,MASc PG 40 blocks,sa,112,112,14,1
ld_02,B108339,96,1,MASc PG 40 blocks,sa,112,112,14,1
ld_02,B110471,96,1,MASc PG 40 blocks,sa,112,112,14,1
ld_02,B53160,96,1,MASc PG 40 blocks,sa,112,112,14,1
ld_03,B107189,96,1,MASc PG 40 blocks,sa,112,112,14,1
ld_03,B44010,96,1,MASc PG 40 blocks,sa,112,112,14,1
ld_04,B121928,96,1,MASc PG 40 blocks,sa,112,112,14,1
ld_04,B45231,96,1,MASc PG 40 blocks,sa,112,112,14,1
ld_05,B111480,96,1,MASc PG 40 blocks,sa,112,112,14,1
ld_05,B53160,96,1,MASc PG 40 blocks,sa,112,112,14,1
ld_06,B111867,96,1,MASc PG 40 blocks,sa,112,112,14,1
ld_06,B126589,96,1,MASc PG 40 blocks,sa,112,112,14,1
pr_01,B111867,96,1,MASc PG 40 blocks,sa,112,112,14,1
pr_01,B126413,96,1,MASc PG 40 blocks,sa,112,112,14,1
pr_02,B108124,96,1,MASc PG 40 blocks,sa,112,112,14,1
pr_02,B121455,96,1,MASc PG 40 blocks,sa,112,112,14,1
pr_03,B107189,96,1,MASc PG 40 blocks,sa,112,112,14,1
pr_03,B112990,96,1,MASc PG 40 blocks,sa,112,112,14,1
pr_04,B112038,96,1,MASc PG 40 blocks,sa,112,112,14,1
pr_04,B113324,96,1,MASc PG 40 blocks,sa,112,112,14,1
pr_05,B145584,96,1,MASc PG 40 blocks,sa,112,112,14,1
pr_05,B55424,96,1,MASc PG 40 blocks,sa,112,112,14,1
pr_06,B127158,96,1,MASc PG 40 blocks,sa,112,112,14,1
pr_06,B55424,96,1,MASc PG 40 blocks,sa,112,112,14,1
sk_01,B108060,96,1,MASc PG 40 blocks,sa,112,112,14,1
sk_01,B42891,96,1,MASc PG 40 blocks,sa,112,112,14,1
sk_01,B42891,96,1,MASc PG 40 blocks,sa,112,112,14,1
sk_02,B110471,96,1,MASc PG 40 blocks,sa,112,112,14,1
sk_02,B111410,96,1,MASc PG 40 blocks,sa,112,112,14,1
sk_02,B126589,96,1,MASc PG 40 blocks,sa,112,112,14,1
sk_03,B108339,96,1,MASc PG 40 blocks,sa,112,112,14,1
sk_03,B109340,96,1,MASc PG 40 blocks,sa,112,112,14,1
sk_03,B109915,96,1,MASc PG 40 blocks,sa,112,112,14,1
sk_04,B107189,96,1,MASc PG 40 blocks,sa,112,112,14,1
sk_04,B42891,96,1,MASc PG 40 blocks,sa,112,112,14,1
sk_04,B68233,96,1,MASc PG 40 blocks,sa,112,112,14,1
sk_05,B108124,96,1,MASc PG 40 blocks,sa,112,112,14,1
sk_05,B126589,96,1,MASc PG 40 blocks,sa,112,112,14,1
sk_05,B126869,96,1,MASc PG 40 blocks,sa,112,112,14,1
sk_06,B120266,96,1,MASc PG 40 blocks,sa,112,112,14,1
sk_06,B121455,96,1,MASc PG 40 blocks,sa,112,112,14,1
sk_06,B121928,96,1,MASc PG 40 blocks,sa,112,112,14,1
fb_01,B55424,97,1,MASc PG 40 blocks,sa,112,112,14,1
fb_01,B65573,97,1,MASc PG 40 blocks,sa,112,112,14,1
fb_01,B68233,97,1,MASc PG 40 blocks,sa,112,112,14,1
fb_02,B109915,97,1,MASc PG 40 blocks,sa,112,112,14,1
fb_02,B110288,97,1,MASc PG 40 blocks,sa,112,112,14,1
fb_02,B110471,97,1,MASc PG 40 blocks,sa,112,112,14,1
fb_03,B42891,97,1,MASc PG 40 blocks,sa,112,112,14,1
fb_03,B44010,97,1,MASc PG 40 blocks,sa,112,112,14,1
fb_03,B53160,97,1,MASc PG 40 blocks,sa,112,112,14,1
fb_04,B109915,97,1,MASc PG 40 blocks,sa,112,112,14,1
fb_04,B42891,97,1,MASc PG 40 blocks,sa,112,112,14,1
fb_04,B44010,97,1,MASc PG 40 blocks,sa,112,112,14,1
fb_05,B107189,97,1,MASc PG 40 blocks,sa,112,112,14,1
fb_05,B109340,97,1,MASc PG 40 blocks,sa,112,112,14,1
fb_05,B127158,97,1,MASc PG 40 blocks,sa,112,112,14,1
fb_06,B145584,97,1,MASc PG 40 blocks,sa,112,112,14,1
fb_06,B42891,97,1,MASc PG 40 blocks,sa,112,112,14,1
fb_06,B68233,97,1,MASc PG 40 blocks,sa,112,112,14,1
ld_01,B145584,97,1,MASc PG 40 blocks,sa,112,112,14,1
ld_01,B55424,97,1,MASc PG 40 blocks,sa,112,112,14,1
ld_02,B113324,97,1,MASc PG 40 blocks,sa,112,112,14,1
ld_02,B121455,97,1,MASc PG 40 blocks,sa,112,112,14,1
ld_03,B108124,97,1,MASc PG 40 blocks,sa,112,112,14,1
ld_03,B126413,97,1,MASc PG 40 blocks,sa,112,112,14,1
ld_04,B107189,97,1,MASc PG 40 blocks,sa,112,112,14,1
ld_04,B111867,97,1,MASc PG 40 blocks,sa,112,112,14,1
ld_05,B112990,97,1,MASc PG 40 blocks,sa,112,112,14,1
ld_06,B112038,97,1,MASc PG 40 blocks,sa,112,112,14,1
pr_01,B109340,97,1,MASc PG 40 blocks,sa,112,112,14,1
pr_01,B120266,97,1,MASc PG 40 blocks,sa,112,112,14,1
pr_01,B42891,97,1,MASc PG 40 blocks,sa,112,112,14,1
pr_02,B109915,97,1,MASc PG 40 blocks,sa,112,112,14,1
pr_02,B126589,97,1,MASc PG 40 blocks,sa,112,112,14,1
pr_02,B68233,97,1,MASc PG 40 blocks,sa,112,112,14,1
pr_03,B108060,97,1,MASc PG 40 blocks,sa,112,112,14,1
pr_03,B121928,97,1,MASc PG 40 blocks,sa,112,112,14,1
pr_03,B42891,97,1,MASc PG 40 blocks,sa,112,112,14,1
pr_04,B107189,97,1,MASc PG 40 blocks,sa,112,112,14,1
pr_04,B126869,97,1,MASc PG 40 blocks,sa,112,112,14,1
pr_04,B42891,97,1,MASc PG 40 blocks,sa,112,112,14,1
pr_05,B111410,97,1,MASc PG 40 blocks,sa,112,112,14,1
pr_05,B42891,97,1,MASc PG 40 blocks,sa,112,112,14,1
pr_06,B108339,97,1,MASc PG 40 blocks,sa,112,112,14,1
pr_06,B110471,97,1,MASc PG 40 blocks,sa,112,112,14,1
sk_01,B44010,97,1,MASc PG 40 blocks,sa,112,112,14,1
sk_01,B45231,97,1,MASc PG 40 blocks,sa,112,112,14,1
sk_01,B53160,97,1,MASc PG 40 blocks,sa,112,112,14,1
sk_02,B112038,97,1,MASc PG 40 blocks,sa,112,112,14,1
sk_02,B112990,97,1,MASc PG 40 blocks,sa,112,112,14,1
sk_02,B113324,97,1,MASc PG 40 blocks,sa,112,112,14,1
sk_03,B110288,97,1,MASc PG 40 blocks,sa,112,112,14,1
sk_03,B110471,97,1,MASc PG 40 blocks,sa,112,112,14,1
sk_03,B111410,97,1,MASc PG 40 blocks,sa,112,112,14,1
sk_04,B108124,97,1,MASc PG 40 blocks,sa,112,112,14,1
sk_04,B108339,97,1,MASc PG 40 blocks,sa,112,112,14,1
sk_04,B109340,97,1,MASc PG 40 blocks,sa,112,112,14,1
sk_05,B145584,97,1,MASc PG 40 blocks,sa,112,112,14,1
sk_05,B55424,97,1,MASc PG 40 blocks,sa,112,112,14,1
sk_05,B68233,97,1,MASc PG 40 blocks,sa,112,112,14,1
sk_06,B126413,97,1,MASc PG 40 blocks,sa,112,112,14,1
sk_06,B126589,97,1,MASc PG 40 blocks,sa,112,112,14,1
sk_06,B126869,97,1,MASc PG 40 blocks,sa,112,112,14,1
fb_01,B107189,98,1,MASc PG 40 blocks,sa,112,112,14,1
fb_01,B108124,98,1,MASc PG 40 blocks,sa,112,112,14,1
fb_01,B127158,98,1,MASc PG 40 blocks,sa,112,112,14,1
fb_02,B111410,98,1,MASc PG 40 blocks,sa,112,112,14,1
fb_02,B111410,98,1,MASc PG 40 blocks,sa,112,112,14,1
fb_02,B112038,98,1,MASc PG 40 blocks,sa,112,112,14,1
fb_03,B107189,98,1,MASc PG 40 blocks,sa,112,112,14,1
fb_03,B55424,98,1,MASc PG 40 blocks,sa,112,112,14,1
fb_03,B68233,98,1,MASc PG 40 blocks,sa,112,112,14,1
fb_04,B127158,98,1,MASc PG 40 blocks,sa,112,112,14,1
fb_04,B55424,98,1,MASc PG 40 blocks,sa,112,112,14,1
fb_04,B68233,98,1,MASc PG 40 blocks,sa,112,112,14,1
fb_05,B110288,98,1,MASc PG 40 blocks,sa,112,112,14,1
fb_05,B126589,98,1,MASc PG 40 blocks,sa,112,112,14,1
fb_05,B55424,98,1,MASc PG 40 blocks,sa,112,112,14,1
fb_06,B111480,98,1,MASc PG 40 blocks,sa,112,112,14,1
fb_06,B111480,98,1,MASc PG 40 blocks,sa,112,112,14,1
fb_06,B127158,98,1,MASc PG 40 blocks,sa,112,112,14,1
ld_01,B108060,98,1,MASc PG 40 blocks,sa,112,112,14,1
ld_01,B109340,98,1,MASc PG 40 blocks,sa,112,112,14,1
ld_01,B109915,98,1,MASc PG 40 blocks,sa,112,112,14,1
ld_02,B111410,98,1,MASc PG 40 blocks,sa,112,112,14,1
ld_02,B120266,98,1,MASc PG 40 blocks,sa,112,112,14,1
ld_02,B42891,98,1,MASc PG 40 blocks,sa,112,112,14,1
ld_03,B110471,98,1,MASc PG 40 blocks,sa,112,112,14,1
ld_03,B126589,98,1,MASc PG 40 blocks,sa,112,112,14,1
ld_04,B108339,98,1,MASc PG 40 blocks,sa,112,112,14,1
ld_04,B68233,98,1,MASc PG 40 blocks,sa,112,112,14,1
ld_05,B126869,98,1,MASc PG 40 blocks,sa,112,112,14,1
ld_05,B42891,98,1,MASc PG 40 blocks,sa,112,112,14,1
ld_06,B109340,98,1,MASc PG 40 blocks,sa,112,112,14,1
ld_06,B121928,98,1,MASc PG 40 blocks,sa,112,112,14,1
pr_01,B110288,98,1,MASc PG 40 blocks,sa,112,112,14,1
pr_01,B44010,98,1,MASc PG 40 blocks,sa,112,112,14,1
pr_01,B53160,98,1,MASc PG 40 blocks,sa,112,112,14,1
pr_02,B112038,98,1,MASc PG 40 blocks,sa,112,112,14,1
pr_02,B126869,98,1,MASc PG 40 blocks,sa,112,112,14,1
pr_02,B45231,98,1,MASc PG 40 blocks,sa,112,112,14,1
pr_03,B112990,98,1,MASc PG 40 blocks,sa,112,112,14,1
pr_03,B126413,98,1,MASc PG 40 blocks,sa,112,112,14,1
pr_03,B53160,98,1,MASc PG 40 blocks,sa,112,112,14,1
pr_04,B108339,98,1,MASc PG 40 blocks,sa,112,112,14,1
pr_04,B45231,98,1,MASc PG 40 blocks,sa,112,112,14,1
pr_04,B55424,98,1,MASc PG 40 blocks,sa,112,112,14,1
pr_05,B108124,98,1,MASc PG 40 blocks,sa,112,112,14,1
pr_05,B113324,98,1,MASc PG 40 blocks,sa,112,112,14,1
pr_06,B111410,98,1,MASc PG 40 blocks,sa,112,112,14,1
pr_06,B126589,98,1,MASc PG 40 blocks,sa,112,112,14,1
sk_01,B121928,98,1,MASc PG 40 blocks,sa,112,112,14,1
sk_01,B42891,98,1,MASc PG 40 blocks,sa,112,112,14,1
sk_01,B53160,98,1,MASc PG 40 blocks,sa,112,112,14,1
sk_02,B108339,98,1,MASc PG 40 blocks,sa,112,112,14,1
sk_02,B120266,98,1,MASc PG 40 blocks,sa,112,112,14,1
sk_02,B121455,98,1,MASc PG 40 blocks,sa,112,112,14,1
sk_03,B111480,98,1,MASc PG 40 blocks,sa,112,112,14,1
sk_03,B112038,98,1,MASc PG 40 blocks,sa,112,112,14,1
sk_03,B112990,98,1,MASc PG 40 blocks,sa,112,112,14,1
sk_04,B109915,98,1,MASc PG 40 blocks,sa,112,112,14,1
sk_04,B110288,98,1,MASc PG 40 blocks,sa,112,112,14,1
sk_04,B110471,98,1,MASc PG 40 blocks,sa,112,112,14,1
sk_05,B107189,98,1,MASc PG 40 blocks,sa,112,112,14,1
sk_05,B42891,98,1,MASc PG 40 blocks,sa,112,112,14,1
sk_05,B53160,98,1,MASc PG 40 blocks,sa,112,112,14,1
sk_06,B127158,98,1,MASc PG 40 blocks,sa,112,112,14,1
sk_06,B145584,98,1,MASc PG 40 blocks,sa,112,112,14,1
sk_06,B55424,98,1,MASc PG 40 blocks,sa,112,112,14,1
fb_01,B107189,99,1,MASc PG 40 blocks,sa,112,112,14,1
fb_01,B108060,99,1,MASc PG 40 blocks,sa,112,112,14,1
fb_01,B108124,99,1,MASc PG 40 blocks,sa,112,112,14,1
fb_02,B108339,99,1,MASc PG 40 blocks,sa,112,112,14,1
fb_02,B109517,99,1,MASc PG 40 blocks,sa,112,112,14,1
fb_02,B120266,99,1,MASc PG 40 blocks,sa,112,112,14,1
fb_03,B110288,99,1,MASc PG 40 blocks,sa,112,112,14,1
fb_03,B110471,99,1,MASc PG 40 blocks,sa,112,112,14,1
fb_03,B111410,99,1,MASc PG 40 blocks,sa,112,112,14,1
fb_04,B113324,99,1,MASc PG 40 blocks,sa,112,112,14,1
fb_04,B114477,99,1,MASc PG 40 blocks,sa,112,112,14,1
fb_04,B53160,99,1,MASc PG 40 blocks,sa,112,112,14,1
fb_05,B126589,99,1,MASc PG 40 blocks,sa,112,112,14,1
fb_05,B126869,99,1,MASc PG 40 blocks,sa,112,112,14,1
fb_05,B127158,99,1,MASc PG 40 blocks,sa,112,112,14,1
fb_06,B108060,99,1,MASc PG 40 blocks,sa,112,112,14,1
fb_06,B126589,99,1,MASc PG 40 blocks,sa,112,112,14,1
fb_06,B145584,99,1,MASc PG 40 blocks,sa,112,112,14,1
fb_01,B108339,100,1,MASc PG 40 blocks,sa,112,112,14,1
fb_01,B109340,100,1,MASc PG 40 blocks,sa,112,112,14,1
fb_01,B109517,100,1,MASc PG 40 blocks,sa,112,112,14,1
fb_02,B108124,100,1,MASc PG 40 blocks,sa,112,112,14,1
fb_02,B109915,100,1,MASc PG 40 blocks,sa,112,112,14,1
fb_02,B110471,100,1,MASc PG 40 blocks,sa,112,112,14,1
fb_03,B111410,100,1,MASc PG 40 blocks,sa,112,112,14,1
fb_03,B112038,100,1,MASc PG 40 blocks,sa,112,112,14,1
fb_03,B121154,100,1,MASc PG 40 blocks,sa,112,112,14,1
fb_04,B120266,100,1,MASc PG 40 blocks,sa,112,112,14,1
fb_04,B121455,100,1,MASc PG 40 blocks,sa,112,112,14,1
fb_04,B121928,100,1,MASc PG 40 blocks,sa,112,112,14,1
fb_05,B108339,100,1,MASc PG 40 blocks,sa,112,112,14,1
fb_05,B127158,100,1,MASc PG 40 blocks,sa,112,112,14,1
fb_05,B129183,100,1,MASc PG 40 blocks,sa,112,112,14,1
fb_06,B109340,100,1,MASc PG 40 blocks,sa,112,112,14,1
fb_06,B111867,100,1,MASc PG 40 blocks,sa,112,112,14,1
fb_06,B111867,100,1,MASc PG 40 blocks,sa,112,112,14,1
sk_01,B109517,100,1,MASc PG 40 blocks,sa,112,112,14,1
sk_01,B110288,100,1,MASc PG 40 blocks,sa,112,112,14,1
sk_01,B110471,100,1,MASc PG 40 blocks,sa,112,112,14,1
sk_02,B108060,100,1,MASc PG 40 blocks,sa,112,112,14,1
sk_02,B113324,100,1,MASc PG 40 blocks,sa,112,112,14,1
sk_02,B114477,100,1,MASc PG 40 blocks,sa,112,112,14,1
sk_03,B108060,100,1,MASc PG 40 blocks,sa,112,112,14,1
sk_03,B108339,100,1,MASc PG 40 blocks,sa,112,112,14,1
sk_03,B127158,100,1,MASc PG 40 blocks,sa,112,112,14,1
sk_04,B108060,100,1,MASc PG 40 blocks,sa,112,112,14,1
sk_04,B126589,100,1,MASc PG 40 blocks,sa,112,112,14,1
sk_04,B53160,100,1,MASc PG 40 blocks,sa,112,112,14,1
sk_05,B107189,100,1,MASc PG 40 blocks,sa,112,112,14,1
sk_05,B108124,100,1,MASc PG 40 blocks,sa,112,112,14,1
sk_05,B126589,100,1,MASc PG 40 blocks,sa,112,112,14,1
sk_06,B108124,100,1,MASc PG 40 blocks,sa,112,112,14,1
sk_06,B126589,100,1,MASc PG 40 blocks,sa,112,112,14,1
sk_06,B127158,100,1,MASc PG 40 blocks,sa,112,112,14,1
fb_01,B109915,101,1,MASc PG 40 blocks,sa,112,112,14,1
fb_01,B110288,101,1,MASc PG 40 blocks,sa,112,112,14,1
fb_01,B110471,101,1,MASc PG 40 blocks,sa,112,112,14,1
fb_02,B111480,101,1,MASc PG 40 blocks,sa,112,112,14,1
fb_02,B111480,101,1,MASc PG 40 blocks,sa,112,112,14,1
fb_02,B127158,101,1,MASc PG 40 blocks,sa,112,112,14,1
fb_03,B111480,101,1,MASc PG 40 blocks,sa,112,112,14,1
fb_03,B112990,101,1,MASc PG 40 blocks,sa,112,112,14,1
fb_03,B114477,101,1,MASc PG 40 blocks,sa,112,112,14,1
fb_04,B124193,101,1,MASc PG 40 blocks,sa,112,112,14,1
fb_04,B126413,101,1,MASc PG 40 blocks,sa,112,112,14,1
fb_04,B44010,101,1,MASc PG 40 blocks,sa,112,112,14,1
fb_05,B42891,101,1,MASc PG 40 blocks,sa,112,112,14,1
fb_05,B44010,101,1,MASc PG 40 blocks,sa,112,112,14,1
fb_05,B53160,101,1,MASc PG 40 blocks,sa,112,112,14,1
fb_06,B110471,101,1,MASc PG 40 blocks,sa,112,112,14,1
fb_06,B111410,101,1,MASc PG 40 blocks,sa,112,112,14,1
fb_06,B111480,101,1,MASc PG 40 blocks,sa,112,112,14,1
pr_01,B108060,101,1,MASc PG 40 blocks,sa,112,112,14,1
pr_01,B108124,101,1,MASc PG 40 blocks,sa,112,112,14,1
pr_02,B126589,101,1,MASc PG 40 blocks,sa,112,112,14,1
pr_02,B53160,101,1,MASc PG 40 blocks,sa,112,112,14,1
pr_03,B126589,101,1,MASc PG 40 blocks,sa,112,112,14,1
pr_04,B127158,101,1,MASc PG 40 blocks,sa,112,112,14,1
pr_05,B108060,101,1,MASc PG 40 blocks,sa,112,112,14,1
pr_06,B108060,101,1,MASc PG 40 blocks,sa,112,112,14,1
sk_01,B108339,101,1,MASc PG 40 blocks,sa,112,112,14,1
sk_01,B109517,101,1,MASc PG 40 blocks,sa,112,112,14,1
sk_01,B127158,101,1,MASc PG 40 blocks,sa,112,112,14,1
sk_02,B109915,101,1,MASc PG 40 blocks,sa,112,112,14,1
sk_02,B120266,101,1,MASc PG 40 blocks,sa,112,112,14,1
sk_02,B121455,101,1,MASc PG 40 blocks,sa,112,112,14,1
sk_03,B109517,101,1,MASc PG 40 blocks,sa,112,112,14,1
sk_03,B109915,101,1,MASc PG 40 blocks,sa,112,112,14,1
sk_03,B127158,101,1,MASc PG 40 blocks,sa,112,112,14,1
sk_04,B108339,101,1,MASc PG 40 blocks,sa,112,112,14,1
sk_04,B111410,101,1,MASc PG 40 blocks,sa,112,112,14,1
sk_04,B112038,101,1,MASc PG 40 blocks,sa,112,112,14,1
sk_05,B108124,101,1,MASc PG 40 blocks,sa,112,112,14,1
sk_05,B108339,101,1,MASc PG 40 blocks,sa,112,112,14,1
sk_05,B126589,101,1,MASc PG 40 blocks,sa,112,112,14,1
sk_06,B108339,101,1,MASc PG 40 blocks,sa,112,112,14,1
sk_06,B109340,101,1,MASc PG 40 blocks,sa,112,112,14,1
sk_06,B127158,101,1,MASc PG 40 blocks,sa,112,112,14,1
fb_01,B111480,102,1,MASc PG 40 blocks,sa,112,112,14,1
fb_01,B124193,102,1,MASc PG 40 blocks,sa,112,112,14,1
fb_01,B44010,102,1,MASc PG 40 blocks,sa,112,112,14,1
fb_02,B110471,102,1,MASc PG 40 blocks,sa,112,112,14,1
fb_02,B112038,102,1,MASc PG 40 blocks,sa,112,112,14,1
fb_02,B44010,102,1,MASc PG 40 blocks,sa,112,112,14,1
fb_03,B120266,102,1,MASc PG 40 blocks,sa,112,112,14,1
fb_03,B121455,102,1,MASc PG 40 blocks,sa,112,112,14,1
fb_03,B55424,102,1,MASc PG 40 blocks,sa,112,112,14,1
fb_04,B111480,102,1,MASc PG 40 blocks,sa,112,112,14,1
fb_04,B114861,102,1,MASc PG 40 blocks,sa,112,112,14,1
fb_04,B126492,102,1,MASc PG 40 blocks,sa,112,112,14,1
fb_05,B107189,102,1,MASc PG 40 blocks,sa,112,112,14,1
fb_05,B108060,102,1,MASc PG 40 blocks,sa,112,112,14,1
fb_05,B68233,102,1,MASc PG 40 blocks,sa,112,112,14,1
fb_06,B112038,102,1,MASc PG 40 blocks,sa,112,112,14,1
fb_06,B112990,102,1,MASc PG 40 blocks,sa,112,112,14,1
fb_06,B113324,102,1,MASc PG 40 blocks,sa,112,112,14,1
ld_01,B108124,102,1,MASc PG 40 blocks,sa,112,112,14,1
ld_02,B126589,102,1,MASc PG 40 blocks,sa,112,112,14,1
ld_03,B108060,102,1,MASc PG 40 blocks,sa,112,112,14,1
ld_04,B108060,102,1,MASc PG 40 blocks,sa,112,112,14,1
pr_01,B108339,102,1,MASc PG 40 blocks,sa,112,112,14,1
pr_01,B109517,102,1,MASc PG 40 blocks,sa,112,112,14,1
pr_02,B109915,102,1,MASc PG 40 blocks,sa,112,112,14,1
pr_02,B127158,102,1,MASc PG 40 blocks,sa,112,112,14,1
pr_03,B109517,102,1,MASc PG 40 blocks,sa,112,112,14,1
pr_03,B127158,102,1,MASc PG 40 blocks,sa,112,112,14,1
pr_04,B108124,102,1,MASc PG 40 blocks,sa,112,112,14,1
pr_04,B108339,102,1,MASc PG 40 blocks,sa,112,112,14,1
pr_05,B108339,102,1,MASc PG 40 blocks,sa,112,112,14,1
pr_06,B108339,102,1,MASc PG 40 blocks,sa,112,112,14,1
sk_01,B111867,102,1,MASc PG 40 blocks,sa,112,112,14,1
sk_01,B111867,102,1,MASc PG 40 blocks,sa,112,112,14,1
sk_01,B53160,102,1,MASc PG 40 blocks,sa,112,112,14,1
sk_02,B124193,102,1,MASc PG 40 blocks,sa,112,112,14,1
sk_02,B126413,102,1,MASc PG 40 blocks,sa,112,112,14,1
sk_02,B44010,102,1,MASc PG 40 blocks,sa,112,112,14,1
sk_03,B129183,102,1,MASc PG 40 blocks,sa,112,112,14,1
sk_03,B42891,102,1,MASc PG 40 blocks,sa,112,112,14,1
sk_03,B44010,102,1,MASc PG 40 blocks,sa,112,112,14,1
sk_04,B112990,102,1,MASc PG 40 blocks,sa,112,112,14,1
sk_04,B113324,102,1,MASc PG 40 blocks,sa,112,112,14,1
sk_04,B114477,102,1,MASc PG 40 blocks,sa,112,112,14,1
sk_05,B111867,102,1,MASc PG 40 blocks,sa,112,112,14,1
sk_05,B145584,102,1,MASc PG 40 blocks,sa,112,112,14,1
sk_05,B44010,102,1,MASc PG 40 blocks,sa,112,112,14,1
sk_06,B109915,102,1,MASc PG 40 blocks,sa,112,112,14,1
sk_06,B110288,102,1,MASc PG 40 blocks,sa,112,112,14,1
sk_06,B110471,102,1,MASc PG 40 blocks,sa,112,112,14,1
fb_01,B112038,103,1,MASc PG 40 blocks,sa,112,112,14,1
fb_01,B112990,103,1,MASc PG 40 blocks,sa,112,112,14,1
fb_01,B127158,103,1,MASc PG 40 blocks,sa,112,112,14,1
fb_02,B114861,103,1,MASc PG 40 blocks,sa,112,112,14,1
fb_02,B120266,103,1,MASc PG 40 blocks,sa,112,112,14,1
fb_02,B127158,103,1,MASc PG 40 blocks,sa,112,112,14,1
fb_03,B123357,103,1,MASc PG 40 blocks,sa,112,112,14,1
fb_03,B124453,103,1,MASc PG 40 blocks,sa,112,112,14,1
fb_03,B126589,103,1,MASc PG 40 blocks,sa,112,112,14,1
fb_04,B111480,103,1,MASc PG 40 blocks,sa,112,112,14,1
fb_04,B129183,103,1,MASc PG 40 blocks,sa,112,112,14,1
fb_04,B145584,103,1,MASc PG 40 blocks,sa,112,112,14,1
fb_05,B108060,103,1,MASc PG 40 blocks,sa,112,112,14,1
fb_05,B108124,103,1,MASc PG 40 blocks,sa,112,112,14,1
fb_05,B108339,103,1,MASc PG 40 blocks,sa,112,112,14,1
fb_06,B114477,103,1,MASc PG 40 blocks,sa,112,112,14,1
fb_06,B121154,103,1,MASc PG 40 blocks,sa,112,112,14,1
fb_06,B127158,103,1,MASc PG 40 blocks,sa,112,112,14,1
ld_01,B108339,103,1,MASc PG 40 blocks,sa,112,112,14,1
ld_01,B127158,103,1,MASc PG 40 blocks,sa,112,112,14,1
ld_02,B108124,103,1,MASc PG 40 blocks,sa,112,112,14,1
ld_02,B108339,103,1,MASc PG 40 blocks,sa,112,112,14,1
ld_03,B109517,103,1,MASc PG 40 blocks,sa,112,112,14,1
ld_04,B109517,103,1,MASc PG 40 blocks,sa,112,112,14,1
ld_05,B127158,103,1,MASc PG 40 blocks,sa,112,112,14,1
ld_06,B109915,103,1,MASc PG 40 blocks,sa,112,112,14,1
pr_01,B111867,103,1,MASc PG 40 blocks,sa,112,112,14,1
pr_01,B114477,103,1,MASc PG 40 blocks,sa,112,112,14,1
pr_02,B110471,103,1,MASc PG 40 blocks,sa,112,112,14,1
pr_02,B53160,103,1,MASc PG 40 blocks,sa,112,112,14,1
pr_03,B113324,103,1,MASc PG 40 blocks,sa,112,112,14,1
pr_03,B42891,103,1,MASc PG 40 blocks,sa,112,112,14,1
pr_04,B110288,103,1,MASc PG 40 blocks,sa,112,112,14,1
pr_04,B53160,103,1,MASc PG 40 blocks,sa,112,112,14,1
pr_05,B44010,103,1,MASc PG 40 blocks,sa,112,112,14,1
pr_05,B44010,103,1,MASc PG 40 blocks,sa,112,112,14,1
pr_06,B44010,103,1,MASc PG 40 blocks,sa,112,112,14,1
sk_01,B107189,103,1,MASc PG 40 blocks,sa,112,112,14,1
sk_01,B111867,103,1,MASc PG 40 blocks,sa,112,112,14,1
sk_01,B44010,103,1,MASc PG 40 blocks,sa,112,112,14,1
sk_02,B126492,103,1,MASc PG 40 blocks,sa,112,112,14,1
sk_02,B126869,103,1,MASc PG 40 blocks,sa,112,112,14,1
sk_02,B44010,103,1,MASc PG 40 blocks,sa,112,112,14,1
sk_03,B109340,103,1,MASc PG 40 blocks,sa,112,112,14,1
sk_03,B111867,103,1,MASc PG 40 blocks,sa,112,112,14,1
sk_03,B44010,103,1,MASc PG 40 blocks,sa,112,112,14,1
sk_04,B120266,103,1,MASc PG 40 blocks,sa,112,112,14,1
sk_04,B121455,103,1,MASc PG 40 blocks,sa,112,112,14,1
sk_04,B121928,103,1,MASc PG 40 blocks,sa,112,112,14,1
sk_05,B107189,103,1,MASc PG 40 blocks,sa,112,112,14,1
sk_05,B111867,103,1,MASc PG 40 blocks,sa,112,112,14,1
sk_05,B44010,103,1,MASc PG 40 blocks,sa,112,112,14,1
sk_06,B111410,103,1,MASc PG 40 blocks,sa,112,112,14,1
sk_06,B111480,103,1,MASc PG 40 blocks,sa,112,112,14,1
sk_06,B112038,103,1,MASc PG 40 blocks,sa,112,112,14,1
fb_01,B114477,104,1,MASc PG 40 blocks,sa,112,112,14,1
fb_01,B120266,104,1,MASc PG 40 blocks,sa,112,112,14,1
fb_01,B127158,104,1,MASc PG 40 blocks,sa,112,112,14,1
fb_02,B121455,104,1,MASc PG 40 blocks,sa,112,112,14,1
fb_02,B126589,104,1,MASc PG 40 blocks,sa,112,112,14,1
fb_02,B127158,104,1,MASc PG 40 blocks,sa,112,112,14,1
fb_03,B126413,104,1,MASc PG 40 blocks,sa,112,112,14,1
fb_03,B126492,104,1,MASc PG 40 blocks,sa,112,112,14,1
fb_03,B42891,104,1,MASc PG 40 blocks,sa,112,112,14,1
fb_04,B124540,104,1,MASc PG 40 blocks,sa,112,112,14,1
fb_04,B127158,104,1,MASc PG 40 blocks,sa,112,112,14,1
fb_04,B45231,104,1,MASc PG 40 blocks,sa,112,112,14,1
fb_05,B109340,104,1,MASc PG 40 blocks,sa,112,112,14,1
fb_05,B111480,104,1,MASc PG 40 blocks,sa,112,112,14,1
fb_05,B112038,104,1,MASc PG 40 blocks,sa,112,112,14,1
fb_06,B111480,104,1,MASc PG 40 blocks,sa,112,112,14,1
fb_06,B121928,104,1,MASc PG 40 blocks,sa,112,112,14,1
fb_06,B126413,104,1,MASc PG 40 blocks,sa,112,112,14,1
ld_01,B111867,104,1,MASc PG 40 blocks,sa,112,112,14,1
ld_01,B53160,104,1,MASc PG 40 blocks,sa,112,112,14,1
ld_02,B113324,104,1,MASc PG 40 blocks,sa,112,112,14,1
ld_02,B44010,104,1,MASc PG 40 blocks,sa,112,112,14,1
ld_03,B110471,104,1,MASc PG 40 blocks,sa,112,112,14,1
ld_04,B110288,104,1,MASc PG 40 blocks,sa,112,112,14,1
ld_05,B44010,104,1,MASc PG 40 blocks,sa,112,112,14,1
ld_06,B53160,104,1,MASc PG 40 blocks,sa,112,112,14,1
pr_01,B111867,104,1,MASc PG 40 blocks,sa,112,112,14,1
pr_01,B44010,104,1,MASc PG 40 blocks,sa,112,112,14,1
pr_02,B107189,104,1,MASc PG 40 blocks,sa,112,112,14,1
pr_02,B121455,104,1,MASc PG 40 blocks,sa,112,112,14,1
pr_03,B107189,104,1,MASc PG 40 blocks,sa,112,112,14,1
pr_03,B111410,104,1,MASc PG 40 blocks,sa,112,112,14,1
pr_04,B44010,104,1,MASc PG 40 blocks,sa,112,112,14,1
pr_04,B44010,104,1,MASc PG 40 blocks,sa,112,112,14,1
pr_05,B112038,104,1,MASc PG 40 blocks,sa,112,112,14,1
pr_05,B44010,104,1,MASc PG 40 blocks,sa,112,112,14,1
pr_06,B120266,104,1,MASc PG 40 blocks,sa,112,112,14,1
pr_06,B126492,104,1,MASc PG 40 blocks,sa,112,112,14,1
sk_01,B108060,104,1,MASc PG 40 blocks,sa,112,112,14,1
sk_01,B108124,104,1,MASc PG 40 blocks,sa,112,112,14,1
sk_01,B108339,104,1,MASc PG 40 blocks,sa,112,112,14,1
sk_02,B126413,104,1,MASc PG 40 blocks,sa,112,112,14,1
sk_02,B127158,104,1,MASc PG 40 blocks,sa,112,112,14,1
sk_02,B129183,104,1,MASc PG 40 blocks,sa,112,112,14,1
sk_03,B108060,104,1,MASc PG 40 blocks,sa,112,112,14,1
sk_03,B109915,104,1,MASc PG 40 blocks,sa,112,112,14,1
sk_03,B110288,104,1,MASc PG 40 blocks,sa,112,112,14,1
sk_04,B121455,104,1,MASc PG 40 blocks,sa,112,112,14,1
sk_04,B124453,104,1,MASc PG 40 blocks,sa,112,112,14,1
sk_04,B145584,104,1,MASc PG 40 blocks,sa,112,112,14,1
sk_05,B108124,104,1,MASc PG 40 blocks,sa,112,112,14,1
sk_05,B110471,104,1,MASc PG 40 blocks,sa,112,112,14,1
sk_05,B68233,104,1,MASc PG 40 blocks,sa,112,112,14,1
sk_06,B112990,104,1,MASc PG 40 blocks,sa,112,112,14,1
sk_06,B113324,104,1,MASc PG 40 blocks,sa,112,112,14,1
sk_06,B114477,104,1,MASc PG 40 blocks,sa,112,112,14,1
fb_01,B127158,105,1,MASc PG 40 blocks,sa,112,112,14,1
fb_01,B127158,105,1,MASc PG 40 blocks,sa,112,112,14,1
fb_01,B53160,105,1,MASc PG 40 blocks,sa,112,112,14,1
fb_02,B111480,105,1,MASc PG 40 blocks,sa,112,112,14,1
fb_02,B127158,105,1,MASc PG 40 blocks,sa,112,112,14,1
fb_02,B45231,105,1,MASc PG 40 blocks,sa,112,112,14,1
fb_03,B112990,105,1,MASc PG 40 blocks,sa,112,112,14,1
fb_03,B124193,105,1,MASc PG 40 blocks,sa,112,112,14,1
fb_03,B126869,105,1,MASc PG 40 blocks,sa,112,112,14,1
fb_04,B53160,105,1,MASc PG 40 blocks,sa,112,112,14,1
fb_04,B55424,105,1,MASc PG 40 blocks,sa,112,112,14,1
fb_04,B65573,105,1,MASc PG 40 blocks,sa,112,112,14,1
fb_05,B109915,105,1,MASc PG 40 blocks,sa,112,112,14,1
fb_05,B111480,105,1,MASc PG 40 blocks,sa,112,112,14,1
fb_05,B68233,105,1,MASc PG 40 blocks,sa,112,112,14,1
fb_06,B121455,105,1,MASc PG 40 blocks,sa,112,112,14,1
fb_06,B126492,105,1,MASc PG 40 blocks,sa,112,112,14,1
fb_06,B44010,105,1,MASc PG 40 blocks,sa,112,112,14,1
ld_01,B107189,105,1,MASc PG 40 blocks,sa,112,112,14,1
ld_01,B111867,105,1,MASc PG 40 blocks,sa,112,112,14,1
ld_02,B121455,105,1,MASc PG 40 blocks,sa,112,112,14,1
ld_02,B44010,105,1,MASc PG 40 blocks,sa,112,112,14,1
ld_03,B44010,105,1,MASc PG 40 blocks,sa,112,112,14,1
ld_04,B44010,105,1,MASc PG 40 blocks,sa,112,112,14,1
ld_05,B44010,105,1,MASc PG 40 blocks,sa,112,112,14,1
ld_06,B111867,105,1,MASc PG 40 blocks,sa,112,112,14,1
pr_01,B108124,105,1,MASc PG 40 blocks,sa,112,112,14,1
pr_01,B127158,105,1,MASc PG 40 blocks,sa,112,112,14,1
pr_02,B108124,105,1,MASc PG 40 blocks,sa,112,112,14,1
pr_02,B109915,105,1,MASc PG 40 blocks,sa,112,112,14,1
pr_03,B112990,105,1,MASc PG 40 blocks,sa,112,112,14,1
pr_03,B114477,105,1,MASc PG 40 blocks,sa,112,112,14,1
pr_04,B108060,105,1,MASc PG 40 blocks,sa,112,112,14,1
pr_04,B145584,105,1,MASc PG 40 blocks,sa,112,112,14,1
pr_05,B108060,105,1,MASc PG 40 blocks,sa,112,112,14,1
pr_05,B108339,105,1,MASc PG 40 blocks,sa,112,112,14,1
pr_06,B126413,105,1,MASc PG 40 blocks,sa,112,112,14,1
sk_01,B111867,105,1,MASc PG 40 blocks,sa,112,112,14,1
sk_01,B111867,105,1,MASc PG 40 blocks,sa,112,112,14,1
sk_01,B45231,105,1,MASc PG 40 blocks,sa,112,112,14,1
sk_02,B111410,105,1,MASc PG 40 blocks,sa,112,112,14,1
sk_02,B114861,105,1,MASc PG 40 blocks,sa,112,112,14,1
sk_02,B42891,105,1,MASc PG 40 blocks,sa,112,112,14,1
sk_03,B108124,105,1,MASc PG 40 blocks,sa,112,112,14,1
sk_03,B111480,105,1,MASc PG 40 blocks,sa,112,112,14,1
sk_03,B112038,105,1,MASc PG 40 blocks,sa,112,112,14,1
sk_04,B108124,105,1,MASc PG 40 blocks,sa,112,112,14,1
sk_04,B114861,105,1,MASc PG 40 blocks,sa,112,112,14,1
sk_04,B126492,105,1,MASc PG 40 blocks,sa,112,112,14,1
sk_05,B109340,105,1,MASc PG 40 blocks,sa,112,112,14,1
sk_05,B111867,105,1,MASc PG 40 blocks,sa,112,112,14,1
sk_05,B114861,105,1,MASc PG 40 blocks,sa,112,112,14,1
sk_06,B120266,105,1,MASc PG 40 blocks,sa,112,112,14,1
sk_06,B121455,105,1,MASc PG 40 blocks,sa,112,112,14,1
sk_06,B121928,105,1,MASc PG 40 blocks,sa,112,112,14,1
fb_01,B124453,106,1,MASc PG 40 blocks,sa,112,112,14,1
fb_01,B126589,106,1,MASc PG 40 blocks,sa,112,112,14,1
fb_01,B127158,106,1,MASc PG 40 blocks,sa,112,112,14,1
fb_02,B126492,106,1,MASc PG 40 blocks,sa,112,112,14,1
fb_02,B127158,106,1,MASc PG 40 blocks,sa,112,112,14,1
fb_02,B127158,106,1,MASc PG 40 blocks,sa,112,112,14,1
fb_03,B112990,106,1,MASc PG 40 blocks,sa,112,112,14,1
fb_03,B127158,106,1,MASc PG 40 blocks,sa,112,112,14,1
fb_03,B42891,106,1,MASc PG 40 blocks,sa,112,112,14,1
fb_04,B107189,106,1,MASc PG 40 blocks,sa,112,112,14,1
fb_04,B108060,106,1,MASc PG 40 blocks,sa,112,112,14,1
fb_04,B121455,106,1,MASc PG 40 blocks,sa,112,112,14,1
fb_05,B112038,106,1,MASc PG 40 blocks,sa,112,112,14,1
fb_05,B113324,106,1,MASc PG 40 blocks,sa,112,112,14,1
fb_05,B145584,106,1,MASc PG 40 blocks,sa,112,112,14,1
fb_06,B111480,106,1,MASc PG 40 blocks,sa,112,112,14,1
fb_06,B126869,106,1,MASc PG 40 blocks,sa,112,112,14,1
fb_06,B68233,106,1,MASc PG 40 blocks,sa,112,112,14,1
ld_01,B114477,106,1,MASc PG 40 blocks,sa,112,112,14,1
ld_01,B127158,106,1,MASc PG 40 blocks,sa,112,112,14,1
ld_02,B108124,106,1,MASc PG 40 blocks,sa,112,112,14,1
ld_02,B109915,106,1,MASc PG 40 blocks,sa,112,112,14,1
ld_03,B112990,106,1,MASc PG 40 blocks,sa,112,112,14,1
ld_04,B108339,106,1,MASc PG 40 blocks,sa,112,112,14,1
ld_05,B108124,106,1,MASc PG 40 blocks,sa,112,112,14,1
ld_06,B108060,106,1,MASc PG 40 blocks,sa,112,112,14,1
pr_01,B108124,106,1,MASc PG 40 blocks,sa,112,112,14,1
pr_01,B109340,106,1,MASc PG 40 blocks,sa,112,112,14,1
pr_01,B126492,106,1,MASc PG 40 blocks,sa,112,112,14,1
pr_02,B111867,106,1,MASc PG 40 blocks,sa,112,112,14,1
pr_02,B114861,106,1,MASc PG 40 blocks,sa,112,112,14,1
pr_03,B111867,106,1,MASc PG 40 blocks,sa,112,112,14,1
pr_03,B114861,106,1,MASc PG 40 blocks,sa,112,112,14,1
pr_04,B121455,106,1,MASc PG 40 blocks,sa,112,112,14,1
pr_04,B42891,106,1,MASc PG 40 blocks,sa,112,112,14,1
pr_05,B121928,106,1,MASc PG 40 blocks,sa,112,112,14,1
pr_05,B42891,106,1,MASc PG 40 blocks,sa,112,112,14,1
pr_06,B112038,106,1,MASc PG 40 blocks,sa,112,112,14,1
pr_06,B45231,106,1,MASc PG 40 blocks,sa,112,112,14,1
sk_01,B108060,106,1,MASc PG 40 blocks,sa,112,112,14,1
sk_01,B53160,106,1,MASc PG 40 blocks,sa,112,112,14,1
sk_01,B65573,106,1,MASc PG 40 blocks,sa,112,112,14,1
sk_02,B108339,106,1,MASc PG 40 blocks,sa,112,112,14,1
sk_02,B55424,106,1,MASc PG 40 blocks,sa,112,112,14,1
sk_02,B68233,106,1,MASc PG 40 blocks,sa,112,112,14,1
sk_03,B112990,106,1,MASc PG 40 blocks,sa,112,112,14,1
sk_03,B113324,106,1,MASc PG 40 blocks,sa,112,112,14,1
sk_03,B114477,106,1,MASc PG 40 blocks,sa,112,112,14,1
sk_04,B129183,106,1,MASc PG 40 blocks,sa,112,112,14,1
sk_04,B145584,106,1,MASc PG 40 blocks,sa,112,112,14,1
sk_04,B65573,106,1,MASc PG 40 blocks,sa,112,112,14,1
sk_05,B109915,106,1,MASc PG 40 blocks,sa,112,112,14,1
sk_05,B110288,106,1,MASc PG 40 blocks,sa,112,112,14,1
sk_05,B110471,106,1,MASc PG 40 blocks,sa,112,112,14,1
sk_06,B124193,106,1,MASc PG 40 blocks,sa,112,112,14,1
sk_06,B124453,106,1,MASc PG 40 blocks,sa,112,112,14,1
sk_06,B126413,106,1,MASc PG 40 blocks,sa,112,112,14,1
fb_01,B108124,107,1,MASc PG 40 blocks,sa,112,112,14,1
fb_01,B111410,107,1,MASc PG 40 blocks,sa,112,112,14,1
fb_01,B127158,107,1,MASc PG 40 blocks,sa,112,112,14,1
fb_02,B126589,107,1,MASc PG 40 blocks,sa,112,112,14,1
fb_02,B127158,107,1,MASc PG 40 blocks,sa,112,112,14,1
fb_02,B127158,107,1,MASc PG 40 blocks,sa,112,112,14,1
fb_03,B44010,107,1,MASc PG 40 blocks,sa,112,112,14,1
fb_03,B45231,107,1,MASc PG 40 blocks,sa,112,112,14,1
fb_03,B53160,107,1,MASc PG 40 blocks,sa,112,112,14,1
fb_04,B108124,107,1,MASc PG 40 blocks,sa,112,112,14,1
fb_04,B108339,107,1,MASc PG 40 blocks,sa,112,112,14,1
fb_04,B109340,107,1,MASc PG 40 blocks,sa,112,112,14,1
fb_05,B111480,107,1,MASc PG 40 blocks,sa,112,112,14,1
fb_05,B121455,107,1,MASc PG 40 blocks,sa,112,112,14,1
fb_05,B121455,107,1,MASc PG 40 blocks,sa,112,112,14,1
fb_06,B111480,107,1,MASc PG 40 blocks,sa,112,112,14,1
fb_06,B44010,107,1,MASc PG 40 blocks,sa,112,112,14,1
fb_06,B55424,107,1,MASc PG 40 blocks,sa,112,112,14,1
ld_01,B108124,107,1,MASc PG 40 blocks,sa,112,112,14,1
ld_01,B109340,107,1,MASc PG 40 blocks,sa,112,112,14,1
ld_01,B111867,107,1,MASc PG 40 blocks,sa,112,112,14,1
ld_02,B111867,107,1,MASc PG 40 blocks,sa,112,112,14,1
ld_02,B121928,107,1,MASc PG 40 blocks,sa,112,112,14,1
ld_02,B126492,107,1,MASc PG 40 blocks,sa,112,112,14,1
ld_03,B112038,107,1,MASc PG 40 blocks,sa,112,112,14,1
ld_03,B45231,107,1,MASc PG 40 blocks,sa,112,112,14,1
ld_04,B111867,107,1,MASc PG 40 blocks,sa,112,112,14,1
ld_04,B121455,107,1,MASc PG 40 blocks,sa,112,112,14,1
ld_05,B111867,107,1,MASc PG 40 blocks,sa,112,112,14,1
ld_05,B42891,107,1,MASc PG 40 blocks,sa,112,112,14,1
ld_06,B114861,107,1,MASc PG 40 blocks,sa,112,112,14,1
ld_06,B42891,107,1,MASc PG 40 blocks,sa,112,112,14,1
pr_01,B53160,107,1,MASc PG 40 blocks,sa,112,112,14,1
pr_01,B55424,107,1,MASc PG 40 blocks,sa,112,112,14,1
pr_01,B65573,107,1,MASc PG 40 blocks,sa,112,112,14,1
pr_02,B110288,107,1,MASc PG 40 blocks,sa,112,112,14,1
pr_02,B114477,107,1,MASc PG 40 blocks,sa,112,112,14,1
pr_02,B126413,107,1,MASc PG 40 blocks,sa,112,112,14,1
pr_03,B129183,107,1,MASc PG 40 blocks,sa,112,112,14,1
pr_03,B68233,107,1,MASc PG 40 blocks,sa,112,112,14,1
pr_04,B108060,107,1,MASc PG 40 blocks,sa,112,112,14,1
pr_04,B110471,107,1,MASc PG 40 blocks,sa,112,112,14,1
pr_05,B108339,107,1,MASc PG 40 blocks,sa,112,112,14,1
pr_05,B113324,107,1,MASc PG 40 blocks,sa,112,112,14,1
pr_06,B145584,107,1,MASc PG 40 blocks,sa,112,112,14,1
pr_06,B53160,107,1,MASc PG 40 blocks,sa,112,112,14,1
sk_01,B107189,107,1,MASc PG 40 blocks,sa,112,112,14,1
sk_01,B42891,107,1,MASc PG 40 blocks,sa,112,112,14,1
sk_01,B68233,107,1,MASc PG 40 blocks,sa,112,112,14,1
sk_02,B107189,107,1,MASc PG 40 blocks,sa,112,112,14,1
sk_02,B108060,107,1,MASc PG 40 blocks,sa,112,112,14,1
sk_02,B109340,107,1,MASc PG 40 blocks,sa,112,112,14,1
sk_03,B120266,107,1,MASc PG 40 blocks,sa,112,112,14,1
sk_03,B121455,107,1,MASc PG 40 blocks,sa,112,112,14,1
sk_03,B121928,107,1,MASc PG 40 blocks,sa,112,112,14,1
sk_04,B108060,107,1,MASc PG 40 blocks,sa,112,112,14,1
sk_04,B68233,107,1,MASc PG 40 blocks,sa,112,112,14,1
sk_04,B68233,107,1,MASc PG 40 blocks,sa,112,112,14,1
sk_05,B111410,107,1,MASc PG 40 blocks,sa,112,112,14,1
sk_05,B126869,107,1,MASc PG 40 blocks,sa,112,112,14,1
sk_05,B126869,107,1,MASc PG 40 blocks,sa,112,112,14,1
sk_06,B126492,107,1,MASc PG 40 blocks,sa,112,112,14,1
sk_06,B126589,107,1,MASc PG 40 blocks,sa,112,112,14,1
sk_06,B126869,107,1,MASc PG 40 blocks,sa,112,112,14,1
fb_01,B111480,108,1,MASc PG 40 blocks,sa,112,112,14,1
fb_01,B126589,108,1,MASc PG 40 blocks,sa,112,112,14,1
fb_01,B127158,108,1,MASc PG 40 blocks,sa,112,112,14,1
fb_02,B111480,108,1,MASc PG 40 blocks,sa,112,112,14,1
fb_02,B42891,108,1,MASc PG 40 blocks,sa,112,112,14,1
fb_02,B65573,108,1,MASc PG 40 blocks,sa,112,112,14,1
fb_03,B111480,108,1,MASc PG 40 blocks,sa,112,112,14,1
fb_03,B126492,108,1,MASc PG 40 blocks,sa,112,112,14,1
fb_03,B68233,108,1,MASc PG 40 blocks,sa,112,112,14,1
fb_04,B109915,108,1,MASc PG 40 blocks,sa,112,112,14,1
fb_04,B110288,108,1,MASc PG 40 blocks,sa,112,112,14,1
fb_04,B113324,108,1,MASc PG 40 blocks,sa,112,112,14,1
fb_05,B111480,108,1,MASc PG 40 blocks,sa,112,112,14,1
fb_05,B121928,108,1,MASc PG 40 blocks,sa,112,112,14,1
fb_05,B127158,108,1,MASc PG 40 blocks,sa,112,112,14,1
fb_06,B126589,108,1,MASc PG 40 blocks,sa,112,112,14,1
fb_06,B127158,108,1,MASc PG 40 blocks,sa,112,112,14,1
fb_06,B68233,108,1,MASc PG 40 blocks,sa,112,112,14,1
ld_01,B114477,108,1,MASc PG 40 blocks,sa,112,112,14,1
ld_01,B145584,108,1,MASc PG 40 blocks,sa,112,112,14,1
ld_02,B108060,108,1,MASc PG 40 blocks,sa,112,112,14,1
ld_02,B113324,108,1,MASc PG 40 blocks,sa,112,112,14,1
ld_03,B110288,108,1,MASc PG 40 blocks,sa,112,112,14,1
ld_03,B129183,108,1,MASc PG 40 blocks,sa,112,112,14,1
ld_04,B110471,108,1,MASc PG 40 blocks,sa,112,112,14,1
ld_04,B53160,108,1,MASc PG 40 blocks,sa,112,112,14,1
ld_05,B126413,108,1,MASc PG 40 blocks,sa,112,112,14,1
ld_05,B65573,108,1,MASc PG 40 blocks,sa,112,112,14,1
ld_06,B108339,108,1,MASc PG 40 blocks,sa,112,112,14,1
ld_06,B68233,108,1,MASc PG 40 blocks,sa,112,112,14,1
pr_01,B108060,108,1,MASc PG 40 blocks,sa,112,112,14,1
pr_01,B68233,108,1,MASc PG 40 blocks,sa,112,112,14,1
pr_02,B107189,108,1,MASc PG 40 blocks,sa,112,112,14,1
pr_02,B126869,108,1,MASc PG 40 blocks,sa,112,112,14,1
pr_03,B107189,108,1,MASc PG 40 blocks,sa,112,112,14,1
pr_03,B126869,108,1,MASc PG 40 blocks,sa,112,112,14,1
pr_04,B120266,108,1,MASc PG 40 blocks,sa,112,112,14,1
pr_04,B42891,108,1,MASc PG 40 blocks,sa,112,112,14,1
pr_05,B111410,108,1,MASc PG 40 blocks,sa,112,112,14,1
pr_05,B126492,108,1,MASc PG 40 blocks,sa,112,112,14,1
pr_06,B108060,108,1,MASc PG 40 blocks,sa,112,112,14,1
pr_06,B126589,108,1,MASc PG 40 blocks,sa,112,112,14,1
sk_01,B44010,108,1,MASc PG 40 blocks,sa,112,112,14,1
sk_01,B44010,108,1,MASc PG 40 blocks,sa,112,112,14,1
sk_01,B45231,108,1,MASc PG 40 blocks,sa,112,112,14,1
sk_02,B110288,108,1,MASc PG 40 blocks,sa,112,112,14,1
sk_02,B110471,108,1,MASc PG 40 blocks,sa,112,112,14,1
sk_02,B126589,108,1,MASc PG 40 blocks,sa,112,112,14,1
sk_03,B124193,108,1,MASc PG 40 blocks,sa,112,112,14,1
sk_03,B124453,108,1,MASc PG 40 blocks,sa,112,112,14,1
sk_03,B126413,108,1,MASc PG 40 blocks,sa,112,112,14,1
sk_04,B108124,108,1,MASc PG 40 blocks,sa,112,112,14,1
sk_04,B129183,108,1,MASc PG 40 blocks,sa,112,112,14,1
sk_04,B53160,108,1,MASc PG 40 blocks,sa,112,112,14,1
sk_05,B112990,108,1,MASc PG 40 blocks,sa,112,112,14,1
sk_05,B113324,108,1,MASc PG 40 blocks,sa,112,112,14,1
sk_05,B114477,108,1,MASc PG 40 blocks,sa,112,112,14,1
sk_06,B145584,108,1,MASc PG 40 blocks,sa,112,112,14,1
sk_06,B44010,108,1,MASc PG 40 blocks,sa,112,112,14,1
sk_06,B53160,108,1,MASc PG 40 blocks,sa,112,112,14,1
fb_01,B145584,109,1,MASc PG 40 blocks,sa,112,112,14,1
fb_01,B42891,109,1,MASc PG 40 blocks,sa,112,112,14,1
fb_01,B53160,109,1,MASc PG 40 blocks,sa,112,112,14,1
fb_02,B127158,109,1,MASc PG 40 blocks,sa,112,112,14,1
fb_02,B45231,109,1,MASc PG 40 blocks,sa,112,112,14,1
fb_02,B53160,109,1,MASc PG 40 blocks,sa,112,112,14,1
fb_03,B112990,109,1,MASc PG 40 blocks,sa,112,112,14,1
fb_03,B127158,109,1,MASc PG 40 blocks,sa,112,112,14,1
fb_03,B127158,109,1,MASc PG 40 blocks,sa,112,112,14,1
fb_04,B111480,109,1,MASc PG 40 blocks,sa,112,112,14,1
fb_04,B127158,109,1,MASc PG 40 blocks,sa,112,112,14,1
fb_04,B65573,109,1,MASc PG 40 blocks,sa,112,112,14,1
fb_05,B126413,109,1,MASc PG 40 blocks,sa,112,112,14,1
fb_05,B126589,109,1,MASc PG 40 blocks,sa,112,112,14,1
fb_05,B127158,109,1,MASc PG 40 blocks,sa,112,112,14,1
fb_06,B108339,109,1,MASc PG 40 blocks,sa,112,112,14,1
fb_06,B109340,109,1,MASc PG 40 blocks,sa,112,112,14,1
fb_06,B127158,109,1,MASc PG 40 blocks,sa,112,112,14,1
ld_01,B111410,109,1,MASc PG 40 blocks,sa,112,112,14,1
ld_01,B120266,109,1,MASc PG 40 blocks,sa,112,112,14,1
ld_02,B108060,109,1,MASc PG 40 blocks,sa,112,112,14,1
ld_02,B68233,109,1,MASc PG 40 blocks,sa,112,112,14,1
ld_03,B108060,109,1,MASc PG 40 blocks,sa,112,112,14,1
ld_03,B126869,109,1,MASc PG 40 blocks,sa,112,112,14,1
ld_04,B107189,109,1,MASc PG 40 blocks,sa,112,112,14,1
ld_04,B126589,109,1,MASc PG 40 blocks,sa,112,112,14,1
ld_05,B126869,109,1,MASc PG 40 blocks,sa,112,112,14,1
ld_06,B107189,109,1,MASc PG 40 blocks,sa,112,112,14,1
pr_01,B108124,109,1,MASc PG 40 blocks,sa,112,112,14,1
pr_01,B126589,109,1,MASc PG 40 blocks,sa,112,112,14,1
pr_01,B45231,109,1,MASc PG 40 blocks,sa,112,112,14,1
pr_02,B44010,109,1,MASc PG 40 blocks,sa,112,112,14,1
pr_02,B53160,109,1,MASc PG 40 blocks,sa,112,112,14,1
pr_03,B112990,109,1,MASc PG 40 blocks,sa,112,112,14,1
pr_03,B124193,109,1,MASc PG 40 blocks,sa,112,112,14,1
pr_04,B126413,109,1,MASc PG 40 blocks,sa,112,112,14,1
pr_04,B44010,109,1,MASc PG 40 blocks,sa,112,112,14,1
pr_05,B124453,109,1,MASc PG 40 blocks,sa,112,112,14,1
pr_05,B44010,109,1,MASc PG 40 blocks,sa,112,112,14,1
pr_06,B53160,109,1,MASc PG 40 blocks,sa,112,112,14,1
pr_06,B53160,109,1,MASc PG 40 blocks,sa,112,112,14,1
sk_01,B113324,109,1,MASc PG 40 blocks,sa,112,112,14,1
sk_01,B42891,109,1,MASc PG 40 blocks,sa,112,112,14,1
sk_01,B65573,109,1,MASc PG 40 blocks,sa,112,112,14,1
sk_02,B111410,109,1,MASc PG 40 blocks,sa,112,112,14,1
sk_02,B111480,109,1,MASc PG 40 blocks,sa,112,112,14,1
sk_02,B112038,109,1,MASc PG 40 blocks,sa,112,112,14,1
sk_03,B126492,109,1,MASc PG 40 blocks,sa,112,112,14,1
sk_03,B126589,109,1,MASc PG 40 blocks,sa,112,112,14,1
sk_03,B126869,109,1,MASc PG 40 blocks,sa,112,112,14,1
sk_04,B108124,109,1,MASc PG 40 blocks,sa,112,112,14,1
sk_04,B108339,109,1,MASc PG 40 blocks,sa,112,112,14,1
sk_04,B109340,109,1,MASc PG 40 blocks,sa,112,112,14,1
sk_05,B120266,109,1,MASc PG 40 blocks,sa,112,112,14,1
sk_05,B121455,109,1,MASc PG 40 blocks,sa,112,112,14,1
sk_05,B121928,109,1,MASc PG 40 blocks,sa,112,112,14,1
sk_06,B108124,109,1,MASc PG 40 blocks,sa,112,112,14,1
sk_06,B55424,109,1,MASc PG 40 blocks,sa,112,112,14,1
sk_06,B65573,109,1,MASc PG 40 blocks,sa,112,112,14,1
fb_01,B124193,110,1,MASc PG 40 blocks,sa,112,112,14,1
fb_01,B124193,110,1,MASc PG 40 blocks,sa,112,112,14,1
fb_01,B44010,110,1,MASc PG 40 blocks,sa,112,112,14,1
fb_02,B111480,110,1,MASc PG 40 blocks,sa,112,112,14,1
fb_02,B111480,110,1,MASc PG 40 blocks,sa,112,112,14,1
fb_02,B68233,110,1,MASc PG 40 blocks,sa,112,112,14,1
fb_03,B108339,110,1,MASc PG 40 blocks,sa,112,112,14,1
fb_03,B113324,110,1,MASc PG 40 blocks,sa,112,112,14,1
fb_03,B42891,110,1,MASc PG 40 blocks,sa,112,112,14,1
fb_04,B110288,110,1,MASc PG 40 blocks,sa,112,112,14,1
fb_04,B113324,110,1,MASc PG 40 blocks,sa,112,112,14,1
fb_04,B114477,110,1,MASc PG 40 blocks,sa,112,112,14,1
fb_05,B126492,110,1,MASc PG 40 blocks,sa,112,112,14,1
fb_05,B126869,110,1,MASc PG 40 blocks,sa,112,112,14,1
fb_05,B127158,110,1,MASc PG 40 blocks,sa,112,112,14,1
fb_06,B109915,110,1,MASc PG 40 blocks,sa,112,112,14,1
fb_06,B121455,110,1,MASc PG 40 blocks,sa,112,112,14,1
fb_06,B127158,110,1,MASc PG 40 blocks,sa,112,112,14,1
ld_01,B126413,110,1,MASc PG 40 blocks,sa,112,112,14,1
ld_01,B44010,110,1,MASc PG 40 blocks,sa,112,112,14,1
ld_02,B124193,110,1,MASc PG 40 blocks,sa,112,112,14,1
ld_02,B44010,110,1,MASc PG 40 blocks,sa,112,112,14,1
ld_03,B124453,110,1,MASc PG 40 blocks,sa,112,112,14,1
ld_03,B126589,110,1,MASc PG 40 blocks,sa,112,112,14,1
ld_04,B108124,110,1,MASc PG 40 blocks,sa,112,112,14,1
ld_04,B112990,110,1,MASc PG 40 blocks,sa,112,112,14,1
ld_05,B53160,110,1,MASc PG 40 blocks,sa,112,112,14,1
ld_05,B53160,110,1,MASc PG 40 blocks,sa,112,112,14,1
ld_06,B44010,110,1,MASc PG 40 blocks,sa,112,112,14,1
ld_06,B45231,110,1,MASc PG 40 blocks,sa,112,112,14,1
pr_01,B109340,110,1,MASc PG 40 blocks,sa,112,112,14,1
pr_01,B121928,110,1,MASc PG 40 blocks,sa,112,112,14,1
pr_01,B55424,110,1,MASc PG 40 blocks,sa,112,112,14,1
pr_02,B112038,110,1,MASc PG 40 blocks,sa,112,112,14,1
pr_02,B120266,110,1,MASc PG 40 blocks,sa,112,112,14,1
pr_02,B65573,110,1,MASc PG 40 blocks,sa,112,112,14,1
pr_03,B113324,110,1,MASc PG 40 blocks,sa,112,112,14,1
pr_03,B126589,110,1,MASc PG 40 blocks,sa,112,112,14,1
pr_03,B65573,110,1,MASc PG 40 blocks,sa,112,112,14,1
pr_04,B108124,110,1,MASc PG 40 blocks,sa,112,112,14,1
pr_04,B111480,110,1,MASc PG 40 blocks,sa,112,112,14,1
pr_04,B42891,110,1,MASc PG 40 blocks,sa,112,112,14,1
pr_05,B108124,110,1,MASc PG 40 blocks,sa,112,112,14,1
pr_05,B108339,110,1,MASc PG 40 blocks,sa,112,112,14,1
pr_05,B42891,110,1,MASc PG 40 blocks,sa,112,112,14,1
pr_06,B111410,110,1,MASc PG 40 blocks,sa,112,112,14,1
pr_06,B121455,110,1,MASc PG 40 blocks,sa,112,112,14,1
pr_06,B126492,110,1,MASc PG 40 blocks,sa,112,112,14,1
sk_01,B124453,110,1,MASc PG 40 blocks,sa,112,112,14,1
sk_01,B126492,110,1,MASc PG 40 blocks,sa,112,112,14,1
sk_01,B45231,110,1,MASc PG 40 blocks,sa,112,112,14,1
sk_02,B112990,110,1,MASc PG 40 blocks,sa,112,112,14,1
sk_02,B113324,110,1,MASc PG 40 blocks,sa,112,112,14,1
sk_02,B114477,110,1,MASc PG 40 blocks,sa,112,112,14,1
sk_03,B126869,110,1,MASc PG 40 blocks,sa,112,112,14,1
sk_03,B127158,110,1,MASc PG 40 blocks,sa,112,112,14,1
sk_03,B145584,110,1,MASc PG 40 blocks,sa,112,112,14,1
sk_04,B109915,110,1,MASc PG 40 blocks,sa,112,112,14,1
sk_04,B110288,110,1,MASc PG 40 blocks,sa,112,112,14,1
sk_04,B110471,110,1,MASc PG 40 blocks,sa,112,112,14,1
sk_05,B124193,110,1,MASc PG 40 blocks,sa,112,112,14,1
sk_05,B124453,110,1,MASc PG 40 blocks,sa,112,112,14,1
sk_05,B45231,110,1,MASc PG 40 blocks,sa,112,112,14,1
sk_06,B45231,110,1,MASc PG 40 blocks,sa,112,112,14,1
sk_06,B53160,110,1,MASc PG 40 blocks,sa,112,112,14,1
sk_06,B68233,110,1,MASc PG 40 blocks,sa,112,112,14,1
fb_01,B110288,111,1,MASc PG 40 blocks,sa,112,112,14,1
fb_01,B129183,111,1,MASc PG 40 blocks,sa,112,112,14,1
fb_01,B55424,111,1,MASc PG 40 blocks,sa,112,112,14,1
fb_02,B107189,111,1,MASc PG 40 blocks,sa,112,112,14,1
fb_02,B110471,111,1,MASc PG 40 blocks,sa,112,112,14,1
fb_02,B127158,111,1,MASc PG 40 blocks,sa,112,112,14,1
fb_03,B109915,111,1,MASc PG 40 blocks,sa,112,112,14,1
fb_03,B123357,111,1,MASc PG 40 blocks,sa,112,112,14,1
fb_03,B124193,111,1,MASc PG 40 blocks,sa,112,112,14,1
fb_04,B124193,111,1,MASc PG 40 blocks,sa,112,112,14,1
fb_04,B124193,111,1,MASc PG 40 blocks,sa,112,112,14,1
fb_04,B127158,111,1,MASc PG 40 blocks,sa,112,112,14,1
fb_05,B127158,111,1,MASc PG 40 blocks,sa,112,112,14,1
fb_05,B42891,111,1,MASc PG 40 blocks,sa,112,112,14,1
fb_05,B44010,111,1,MASc PG 40 blocks,sa,112,112,14,1
fb_06,B111410,111,1,MASc PG 40 blocks,sa,112,112,14,1
fb_06,B129183,111,1,MASc PG 40 blocks,sa,112,112,14,1
fb_06,B129183,111,1,MASc PG 40 blocks,sa,112,112,14,1
ld_01,B111410,111,1,MASc PG 40 blocks,sa,112,112,14,1
ld_01,B126589,111,1,MASc PG 40 blocks,sa,112,112,14,1
ld_01,B65573,111,1,MASc PG 40 blocks,sa,112,112,14,1
ld_02,B120266,111,1,MASc PG 40 blocks,sa,112,112,14,1
ld_02,B42891,111,1,MASc PG 40 blocks,sa,112,112,14,1
ld_02,B42891,111,1,MASc PG 40 blocks,sa,112,112,14,1
ld_03,B108124,111,1,MASc PG 40 blocks,sa,112,112,14,1
ld_03,B113324,111,1,MASc PG 40 blocks,sa,112,112,14,1
ld_03,B126492,111,1,MASc PG 40 blocks,sa,112,112,14,1
ld_04,B111480,111,1,MASc PG 40 blocks,sa,112,112,14,1
ld_04,B121928,111,1,MASc PG 40 blocks,sa,112,112,14,1
ld_04,B65573,111,1,MASc PG 40 blocks,sa,112,112,14,1
ld_05,B108124,111,1,MASc PG 40 blocks,sa,112,112,14,1
ld_05,B109340,111,1,MASc PG 40 blocks,sa,112,112,14,1
ld_05,B65573,111,1,MASc PG 40 blocks,sa,112,112,14,1
ld_06,B121455,111,1,MASc PG 40 blocks,sa,112,112,14,1
ld_06,B55424,111,1,MASc PG 40 blocks,sa,112,112,14,1
pr_01,B113324,111,1,MASc PG 40 blocks,sa,112,112,14,1
pr_01,B126492,111,1,MASc PG 40 blocks,sa,112,112,14,1
pr_01,B126869,111,1,MASc PG 40 blocks,sa,112,112,14,1
pr_02,B110471,111,1,MASc PG 40 blocks,sa,112,112,14,1
pr_02,B145584,111,1,MASc PG 40 blocks,sa,112,112,14,1
pr_02,B68233,111,1,MASc PG 40 blocks,sa,112,112,14,1
pr_03,B109915,111,1,MASc PG 40 blocks,sa,112,112,14,1
pr_03,B45231,111,1,MASc PG 40 blocks,sa,112,112,14,1
pr_03,B53160,111,1,MASc PG 40 blocks,sa,112,112,14,1
pr_04,B114477,111,1,MASc PG 40 blocks,sa,112,112,14,1
pr_04,B124453,111,1,MASc PG 40 blocks,sa,112,112,14,1
pr_04,B45231,111,1,MASc PG 40 blocks,sa,112,112,14,1
pr_05,B45231,111,1,MASc PG 40 blocks,sa,112,112,14,1
pr_05,B45231,111,1,MASc PG 40 blocks,sa,112,112,14,1
pr_05,B53160,111,1,MASc PG 40 blocks,sa,112,112,14,1
pr_06,B110288,111,1,MASc PG 40 blocks,sa,112,112,14,1
pr_06,B127158,111,1,MASc PG 40 blocks,sa,112,112,14,1
pr_06,B45231,111,1,MASc PG 40 blocks,sa,112,112,14,1
sk_01,B110288,111,1,MASc PG 40 blocks,sa,112,112,14,1
sk_01,B44010,111,1,MASc PG 40 blocks,sa,112,112,14,1
sk_01,B55424,111,1,MASc PG 40 blocks,sa,112,112,14,1
sk_02,B120266,111,1,MASc PG 40 blocks,sa,112,112,14,1
sk_02,B121928,111,1,MASc PG 40 blocks,sa,112,112,14,1
sk_02,B121928,111,1,MASc PG 40 blocks,sa,112,112,14,1
sk_03,B42891,111,1,MASc PG 40 blocks,sa,112,112,14,1
sk_03,B53160,111,1,MASc PG 40 blocks,sa,112,112,14,1
sk_03,B65573,111,1,MASc PG 40 blocks,sa,112,112,14,1
sk_04,B112038,111,1,MASc PG 40 blocks,sa,112,112,14,1
sk_04,B112990,111,1,MASc PG 40 blocks,sa,112,112,14,1
sk_04,B65573,111,1,MASc PG 40 blocks,sa,112,112,14,1
sk_05,B126492,111,1,MASc PG 40 blocks,sa,112,112,14,1
sk_05,B126869,111,1,MASc PG 40 blocks,sa,112,112,14,1
sk_05,B42891,111,1,MASc PG 40 blocks,sa,112,112,14,1
sk_06,B108124,111,1,MASc PG 40 blocks,sa,112,112,14,1
sk_06,B108339,111,1,MASc PG 40 blocks,sa,112,112,14,1
sk_06,B109340,111,1,MASc PG 40 blocks,sa,112,112,14,1
fb_01,B107189,112,1,MASc PG 40 blocks,sa,112,112,14,1
fb_01,B126589,112,1,MASc PG 40 blocks,sa,112,112,14,1
fb_01,B127158,112,1,MASc PG 40 blocks,sa,112,112,14,1
fb_02,B108339,112,1,MASc PG 40 blocks,sa,112,112,14,1
fb_02,B114477,112,1,MASc PG 40 blocks,sa,112,112,14,1
fb_02,B126589,112,1,MASc PG 40 blocks,sa,112,112,14,1
fb_03,B109340,112,1,MASc PG 40 blocks,sa,112,112,14,1
fb_03,B109340,112,1,MASc PG 40 blocks,sa,112,112,14,1
fb_03,B109340,112,1,MASc PG 40 blocks,sa,112,112,14,1
fb_04,B126413,112,1,MASc PG 40 blocks,sa,112,112,14,1
fb_04,B127158,112,1,MASc PG 40 blocks,sa,112,112,14,1
fb_04,B127158,112,1,MASc PG 40 blocks,sa,112,112,14,1
fb_05,B109340,112,1,MASc PG 40 blocks,sa,112,112,14,1
fb_05,B109340,112,1,MASc PG 40 blocks,sa,112,112,14,1
fb_05,B127158,112,1,MASc PG 40 blocks,sa,112,112,14,1
fb_06,B112990,112,1,MASc PG 40 blocks,sa,112,112,14,1
fb_06,B113324,112,1,MASc PG 40 blocks,sa,112,112,14,1
fb_06,B114477,112,1,MASc PG 40 blocks,sa,112,112,14,1
ld_01,B126869,112,1,MASc PG 40 blocks,sa,112,112,14,1
ld_01,B127158,112,1,MASc PG 40 blocks,sa,112,112,14,1
ld_01,B45231,112,1,MASc PG 40 blocks,sa,112,112,14,1
ld_02,B109915,112,1,MASc PG 40 blocks,sa,112,112,14,1
ld_02,B114477,112,1,MASc PG 40 blocks,sa,112,112,14,1
ld_02,B45231,112,1,MASc PG 40 blocks,sa,112,112,14,1
ld_03,B110288,112,1,MASc PG 40 blocks,sa,112,112,14,1
ld_03,B113324,112,1,MASc PG 40 blocks,sa,112,112,14,1
ld_03,B124453,112,1,MASc PG 40 blocks,sa,112,112,14,1
ld_04,B145584,112,1,MASc PG 40 blocks,sa,112,112,14,1
ld_04,B45231,112,1,MASc PG 40 blocks,sa,112,112,14,1
ld_04,B45231,112,1,MASc PG 40 blocks,sa,112,112,14,1
ld_05,B45231,112,1,MASc PG 40 blocks,sa,112,112,14,1
ld_05,B68233,112,1,MASc PG 40 blocks,sa,112,112,14,1
ld_06,B110471,112,1,MASc PG 40 blocks,sa,112,112,14,1
ld_06,B53160,112,1,MASc PG 40 blocks,sa,112,112,14,1
pr_01,B42891,112,1,MASc PG 40 blocks,sa,112,112,14,1
pr_01,B42891,112,1,MASc PG 40 blocks,sa,112,112,14,1
pr_01,B65573,112,1,MASc PG 40 blocks,sa,112,112,14,1
pr_02,B112038,112,1,MASc PG 40 blocks,sa,112,112,14,1
pr_02,B42891,112,1,MASc PG 40 blocks,sa,112,112,14,1
pr_02,B55424,112,1,MASc PG 40 blocks,sa,112,112,14,1
pr_03,B108124,112,1,MASc PG 40 blocks,sa,112,112,14,1
pr_03,B121928,112,1,MASc PG 40 blocks,sa,112,112,14,1
pr_04,B112990,112,1,MASc PG 40 blocks,sa,112,112,14,1
pr_04,B44010,112,1,MASc PG 40 blocks,sa,112,112,14,1
pr_05,B126492,112,1,MASc PG 40 blocks,sa,112,112,14,1
pr_05,B53160,112,1,MASc PG 40 blocks,sa,112,112,14,1
pr_06,B108339,112,1,MASc PG 40 blocks,sa,112,112,14,1
pr_06,B53160,112,1,MASc PG 40 blocks,sa,112,112,14,1
sk_01,B110471,112,1,MASc PG 40 blocks,sa,112,112,14,1
sk_01,B42891,112,1,MASc PG 40 blocks,sa,112,112,14,1
sk_01,B44010,112,1,MASc PG 40 blocks,sa,112,112,14,1
sk_02,B108339,112,1,MASc PG 40 blocks,sa,112,112,14,1
sk_02,B110288,112,1,MASc PG 40 blocks,sa,112,112,14,1
sk_02,B42891,112,1,MASc PG 40 blocks,sa,112,112,14,1
sk_03,B108124,112,1,MASc PG 40 blocks,sa,112,112,14,1
sk_03,B111480,112,1,MASc PG 40 blocks,sa,112,112,14,1
sk_03,B44010,112,1,MASc PG 40 blocks,sa,112,112,14,1
sk_04,B112990,112,1,MASc PG 40 blocks,sa,112,112,14,1
sk_04,B113324,112,1,MASc PG 40 blocks,sa,112,112,14,1
sk_04,B114477,112,1,MASc PG 40 blocks,sa,112,112,14,1
sk_05,B121928,112,1,MASc PG 40 blocks,sa,112,112,14,1
sk_05,B145584,112,1,MASc PG 40 blocks,sa,112,112,14,1
sk_05,B44010,112,1,MASc PG 40 blocks,sa,112,112,14,1
sk_06,B108339,112,1,MASc PG 40 blocks,sa,112,112,14,1
sk_06,B112990,112,1,MASc PG 40 blocks,sa,112,112,14,1
sk_06,B44010,112,1,MASc PG 40 blocks,sa,112,112,14,1
