context,size,dataset,base_horizon_days,theta_weeks,sub_days,lock_days,master_days_used,solver,success,returncode,runtime_sec,out_json,out_assignments,stdout_path,stderr_path,timestamp
pg,6,pg_6,,2,14,1,14,mip,True,0,0.0,/home/rjaffray/projects/jaffray-masc-fhops-model/data/output/pg_6_sub14_lock1_mip_20260301_200539.json,/home/rjaffray/projects/jaffray-masc-fhops-model/data/output/pg_6_sub14_lock1_mip_20260301_200539_assignments.csv,/home/rjaffray/projects/jaffray-masc-fhops-model/data/output/stdout/pg_6_sub14_lock1_mip_20260301_200539.out.txt,/home/rjaffray/projects/jaffray-masc-fhops-model/data/output/stderr/pg_6_sub14_lock1_mip_20260301_200539.err.txt,2026-03-01 20:05:39
pg,6,pg_6,,2,14,1,14,sa,True,0,0.0,/home/rjaffray/projects/jaffray-masc-fhops-model/data/output/pg_6_sub14_lock1_sa_20260301_200539.json,/home/rjaffray/projects/jaffray-masc-fhops-model/data/output/pg_6_sub14_lock1_sa_20260301_200539_assignments.csv,/home/rjaffray/projects/jaffray-masc-fhops-model/data/output/stdout/pg_6_sub14_lock1_sa_20260301_200539.out.txt,/home/rjaffray/projects/jaffray-masc-fhops-model/data/output/stderr/pg_6_sub14_lock1_sa_20260301_200539.err.txt,2026-03-01 20:05:39
pg,6,pg_6,,2,14,7,14,mip,True,0,0.0,/home/rjaffray/projects/jaffray-masc-fhops-model/data/output/pg_6_sub14_lock7_mip_20260301_200539.json,/home/rjaffray/projects/jaffray-masc-fhops-model/data/output/pg_6_sub14_lock7_mip_20260301_200539_assignments.csv,/home/rjaffray/projects/jaffray-masc-fhops-model/data/output/stdout/pg_6_sub14_lock7_mip_20260301_200539.out.txt,/home/rjaffray/projects/jaffray-masc-fhops-model/data/output/stderr/pg_6_sub14_lock7_mip_20260301_200539.err.txt,2026-03-01 20:05:39
pg,6,pg_6,,2,14,7,14,sa,True,0,0.0,/home/rjaffray/projects/jaffray-masc-fhops-model/data/output/pg_6_sub14_lock7_sa_20260301_200539.json,/home/rjaffray/projects/jaffray-masc-fhops-model/data/output/pg_6_sub14_lock7_sa_20260301_200539_assignments.csv,/home/rjaffray/projects/jaffray-masc-fhops-model/data/output/stdout/pg_6_sub14_lock7_sa_20260301_200539.out.txt,/home/rjaffray/projects/jaffray-masc-fhops-model/data/output/stderr/pg_6_sub14_lock7_sa_20260301_200539.err.txt,2026-03-01 20:05:39
pg,6,pg_6,,2,14,14,14,mip,True,0,0.0,/home/rjaffray/projects/jaffray-masc-fhops-model/data/output/pg_6_sub14_lock14_mip_20260301_200539.json,/home/rjaffray/projects/jaffray-masc-fhops-model/data/output/pg_6_sub14_lock14_mip_20260301_200539_assignments.csv,/home/rjaffray/projects/jaffray-masc-fhops-model/data/output/stdout/pg_6_sub14_lock14_mip_20260301_200539.out.txt,/home/rjaffray/projects/jaffray-masc-fhops-model/data/output/stderr/pg_6_sub14_lock14_mip_20260301_200539.err.txt,2026-03-01 20:05:39
pg,6,pg_6,,2,14,14,14,sa,True,0,0.0,/home/rjaffray/projects/jaffray-masc-fhops-model/data/output/pg_6_sub14_lock14_sa_20260301_200539.json,/home/rjaffray/projects/jaffray-masc-fhops-model/data/output/pg_6_sub14_lock14_sa_20260301_200539_assignments.csv,/home/rjaffray/projects/jaffray-masc-fhops-model/data/output/stdout/pg_6_sub14_lock14_sa_20260301_200539.out.txt,/home/rjaffray/projects/jaffray-masc-fhops-model/data/output/stderr/pg_6_sub14_lock14_sa_20260301_200539.err.txt,2026-03-01 20:05:39
pg,6,pg_6,,4,28,1,28,mip,True,0,0.0,/home/rjaffray/projects/jaffray-masc-fhops-model/data/output/pg_6_sub28_lock1_mip_20260301_200539.json,/home/rjaffray/projects/jaffray-masc-fhops-model/data/output/pg_6_sub28_lock1_mip_20260301_200539_assignments.csv,/home/rjaffray/projects/jaffray-masc-fhops-model/data/output/stdout/pg_6_sub28_lock1_mip_20260301_200539.out.txt,/home/rjaffray/projects/jaffray-masc-fhops-model/data/output/stderr/pg_6_sub28_lock1_mip_20260301_200539.err.txt,2026-03-01 20:05:39
pg,6,pg_6,,4,28,1,28,sa,True,0,0.0,/home/rjaffray/projects/jaffray-masc-fhops-model/data/output/pg_6_sub28_lock1_sa_20260301_200539.json,/home/rjaffray/projects/jaffray-masc-fhops-model/data/output/pg_6_sub28_lock1_sa_20260301_200539_assignments.csv,/home/rjaffray/projects/jaffray-masc-fhops-model/data/output/stdout/pg_6_sub28_lock1_sa_20260301_200539.out.txt,/home/rjaffray/projects/jaffray-masc-fhops-model/data/output/stderr/pg_6_sub28_lock1_sa_20260301_200539.err.txt,2026-03-01 20:05:39
pg,6,pg_6,,4,28,7,28,mip,True,0,0.0,/home/rjaffray/projects/jaffray-masc-fhops-model/data/output/pg_6_sub28_lock7_mip_20260301_200539.json,/home/rjaffray/projects/jaffray-masc-fhops-model/data/output/pg_6_sub28_lock7_mip_20260301_200539_assignments.csv,/home/rjaffray/projects/jaffray-masc-fhops-model/data/output/stdout/pg_6_sub28_lock7_mip_20260301_200539.out.txt,/home/rjaffray/projects/jaffray-masc-fhops-model/data/output/stderr/pg_6_sub28_lock7_mip_20260301_200539.err.txt,2026-03-01 20:05:39
pg,6,pg_6,,4,28,7,28,sa,True,0,0.0,/home/rjaffray/projects/jaffray-masc-fhops-model/data/output/pg_6_sub28_lock7_sa_20260301_200539.json,/home/rjaffray/projects/jaffray-masc-fhops-model/data/output/pg_6_sub28_lock7_sa_20260301_200539_assignments.csv,/home/rjaffray/projects/jaffray-masc-fhops-model/data/output/stdout/pg_6_sub28_lock7_sa_20260301_200539.out.txt,/home/rjaffray/projects/jaffray-masc-fhops-model/data/output/stderr/pg_6_sub28_lock7_sa_20260301_200539.err.txt,2026-03-01 20:05:39
pg,6,pg_6,,4,28,14,28,mip,True,0,0.0,/home/rjaffray/projects/jaffray-masc-fhops-model/data/output/pg_6_sub28_lock14_mip_20260301_200539.json,/home/rjaffray/projects/jaffray-masc-fhops-model/data/output/pg_6_sub28_lock14_mip_20260301_200539_assignments.csv,/home/rjaffray/projects/jaffray-masc-fhops-model/data/output/stdout/pg_6_sub28_lock14_mip_20260301_200539.out.txt,/home/rjaffray/projects/jaffray-masc-fhops-model/data/output/stderr/pg_6_sub28_lock14_mip_20260301_200539.err.txt,2026-03-01 20:05:39
pg,6,pg_6,,4,28,14,28,sa,True,0,0.0,/home/rjaffray/projects/jaffray-masc-fhops-model/data/output/pg_6_sub28_lock14_sa_20260301_200539.json,/home/rjaffray/projects/jaffray-masc-fhops-model/data/output/pg_6_sub28_lock14_sa_20260301_200539_assignments.csv,/home/rjaffray/projects/jaffray-masc-fhops-model/data/output/stdout/pg_6_sub28_lock14_sa_20260301_200539.out.txt,/home/rjaffray/projects/jaffray-masc-fhops-model/data/output/stderr/pg_6_sub28_lock14_sa_20260301_200539.err.txt,2026-03-01 20:05:39
pg,6,pg_6,,8,56,1,56,mip,True,0,0.0,/home/rjaffray/projects/jaffray-masc-fhops-model/data/output/pg_6_sub56_lock1_mip_20260301_200539.json,/home/rjaffray/projects/jaffray-masc-fhops-model/data/output/pg_6_sub56_lock1_mip_20260301_200539_assignments.csv,/home/rjaffray/projects/jaffray-masc-fhops-model/data/output/stdout/pg_6_sub56_lock1_mip_20260301_200539.out.txt,/home/rjaffray/projects/jaffray-masc-fhops-model/data/output/stderr/pg_6_sub56_lock1_mip_20260301_200539.err.txt,2026-03-01 20:05:39
pg,6,pg_6,,8,56,1,56,sa,True,0,0.0,/home/rjaffray/projects/jaffray-masc-fhops-model/data/output/pg_6_sub56_lock1_sa_20260301_200539.json,/home/rjaffray/projects/jaffray-masc-fhops-model/data/output/pg_6_sub56_lock1_sa_20260301_200539_assignments.csv,/home/rjaffray/projects/jaffray-masc-fhops-model/data/output/stdout/pg_6_sub56_lock1_sa_20260301_200539.out.txt,/home/rjaffray/projects/jaffray-masc-fhops-model/data/output/stderr/pg_6_sub56_lock1_sa_20260301_200539.err.txt,2026-03-01 20:05:39
pg,6,pg_6,,8,56,7,56,mip,True,0,0.0,/home/rjaffray/projects/jaffray-masc-fhops-model/data/output/pg_6_sub56_lock7_mip_20260301_200539.json,/home/rjaffray/projects/jaffray-masc-fhops-model/data/output/pg_6_sub56_lock7_mip_20260301_200539_assignments.csv,/home/rjaffray/projects/jaffray-masc-fhops-model/data/output/stdout/pg_6_sub56_lock7_mip_20260301_200539.out.txt,/home/rjaffray/projects/jaffray-masc-fhops-model/data/output/stderr/pg_6_sub56_lock7_mip_20260301_200539.err.txt,2026-03-01 20:05:39
pg,6,pg_6,,8,56,7,56,sa,True,0,0.0,/home/rjaffray/projects/jaffray-masc-fhops-model/data/output/pg_6_sub56_lock7_sa_20260301_200539.json,/home/rjaffray/projects/jaffray-masc-fhops-model/data/output/pg_6_sub56_lock7_sa_20260301_200539_assignments.csv,/home/rjaffray/projects/jaffray-masc-fhops-model/data/output/stdout/pg_6_sub56_lock7_sa_20260301_200539.out.txt,/home/rjaffray/projects/jaffray-masc-fhops-model/data/output/stderr/pg_6_sub56_lock7_sa_20260301_200539.err.txt,2026-03-01 20:05:39
pg,6,pg_6,,8,56,14,56,mip,True,0,0.0,/home/rjaffray/projects/jaffray-masc-fhops-model/data/output/pg_6_sub56_lock14_mip_20260301_200539.json,/home/rjaffray/projects/jaffray-masc-fhops-model/data/output/pg_6_sub56_lock14_mip_20260301_200539_assignments.csv,/home/rjaffray/projects/jaffray-masc-fhops-model/data/output/stdout/pg_6_sub56_lock14_mip_20260301_200539.out.txt,/home/rjaffray/projects/jaffray-masc-fhops-model/data/output/stderr/pg_6_sub56_lock14_mip_20260301_200539.err.txt,2026-03-01 20:05:39
pg,6,pg_6,,8,56,14,56,sa,True,0,0.0,/home/rjaffray/projects/jaffray-masc-fhops-model/data/output/pg_6_sub56_lock14_sa_20260301_200539.json,/home/rjaffray/projects/jaffray-masc-fhops-model/data/output/pg_6_sub56_lock14_sa_20260301_200539_assignments.csv,/home/rjaffray/projects/jaffray-masc-fhops-model/data/output/stdout/pg_6_sub56_lock14_sa_20260301_200539.out.txt,/home/rjaffray/projects/jaffray-masc-fhops-model/data/output/stderr/pg_6_sub56_lock14_sa_20260301_200539.err.txt,2026-03-01 20:05:39
pg,6,pg_6,,16,112,1,112,mip,True,0,0.0,/home/rjaffray/projects/jaffray-masc-fhops-model/data/output/pg_6_sub112_lock1_mip_20260301_200539.json,/home/rjaffray/projects/jaffray-masc-fhops-model/data/output/pg_6_sub112_lock1_mip_20260301_200539_assignments.csv,/home/rjaffray/projects/jaffray-masc-fhops-model/data/output/stdout/pg_6_sub112_lock1_mip_20260301_200539.out.txt,/home/rjaffray/projects/jaffray-masc-fhops-model/data/output/stderr/pg_6_sub112_lock1_mip_20260301_200539.err.txt,2026-03-01 20:05:39
pg,6,pg_6,,16,112,1,112,sa,True,0,0.0,/home/rjaffray/projects/jaffray-masc-fhops-model/data/output/pg_6_sub112_lock1_sa_20260301_200539.json,/home/rjaffray/projects/jaffray-masc-fhops-model/data/output/pg_6_sub112_lock1_sa_20260301_200539_assignments.csv,/home/rjaffray/projects/jaffray-masc-fhops-model/data/output/stdout/pg_6_sub112_lock1_sa_20260301_200539.out.txt,/home/rjaffray/projects/jaffray-masc-fhops-model/data/output/stderr/pg_6_sub112_lock1_sa_20260301_200539.err.txt,2026-03-01 20:05:39
pg,6,pg_6,,16,112,7,112,mip,True,0,0.0,/home/rjaffray/projects/jaffray-masc-fhops-model/data/output/pg_6_sub112_lock7_mip_20260301_200539.json,/home/rjaffray/projects/jaffray-masc-fhops-model/data/output/pg_6_sub112_lock7_mip_20260301_200539_assignments.csv,/home/rjaffray/projects/jaffray-masc-fhops-model/data/output/stdout/pg_6_sub112_lock7_mip_20260301_200539.out.txt,/home/rjaffray/projects/jaffray-masc-fhops-model/data/output/stderr/pg_6_sub112_lock7_mip_20260301_200539.err.txt,2026-03-01 20:05:39
pg,6,pg_6,,16,112,7,112,sa,True,0,0.0,/home/rjaffray/projects/jaffray-masc-fhops-model/data/output/pg_6_sub112_lock7_sa_20260301_200539.json,/home/rjaffray/projects/jaffray-masc-fhops-model/data/output/pg_6_sub112_lock7_sa_20260301_200539_assignments.csv,/home/rjaffray/projects/jaffray-masc-fhops-model/data/output/stdout/pg_6_sub112_lock7_sa_20260301_200539.out.txt,/home/rjaffray/projects/jaffray-masc-fhops-model/data/output/stderr/pg_6_sub112_lock7_sa_20260301_200539.err.txt,2026-03-01 20:05:39
pg,6,pg_6,,16,112,14,112,mip,True,0,0.0,/home/rjaffray/projects/jaffray-masc-fhops-model/data/output/pg_6_sub112_lock14_mip_20260301_200539.json,/home/rjaffray/projects/jaffray-masc-fhops-model/data/output/pg_6_sub112_lock14_mip_20260301_200539_assignments.csv,/home/rjaffray/projects/jaffray-masc-fhops-model/data/output/stdout/pg_6_sub112_lock14_mip_20260301_200539.out.txt,/home/rjaffray/projects/jaffray-masc-fhops-model/data/output/stderr/pg_6_sub112_lock14_mip_20260301_200539.err.txt,2026-03-01 20:05:39
pg,6,pg_6,,16,112,14,112,sa,True,0,0.0,/home/rjaffray/projects/jaffray-masc-fhops-model/data/output/pg_6_sub112_lock14_sa_20260301_200539.json,/home/rjaffray/projects/jaffray-masc-fhops-model/data/output/pg_6_sub112_lock14_sa_20260301_200539_assignments.csv,/home/rjaffray/projects/jaffray-masc-fhops-model/data/output/stdout/pg_6_sub112_lock14_sa_20260301_200539.out.txt,/home/rjaffray/projects/jaffray-masc-fhops-model/data/output/stderr/pg_6_sub112_lock14_sa_20260301_200539.err.txt,2026-03-01 20:05:39
pg,18,pg_18,,2,14,1,14,mip,True,0,0.0,/home/rjaffray/projects/jaffray-masc-fhops-model/data/output/pg_18_sub14_lock1_mip_20260301_200539.json,/home/rjaffray/projects/jaffray-masc-fhops-model/data/output/pg_18_sub14_lock1_mip_20260301_200539_assignments.csv,/home/rjaffray/projects/jaffray-masc-fhops-model/data/output/stdout/pg_18_sub14_lock1_mip_20260301_200539.out.txt,/home/rjaffray/projects/jaffray-masc-fhops-model/data/output/stderr/pg_18_sub14_lock1_mip_20260301_200539.err.txt,2026-03-01 20:05:39
pg,18,pg_18,,2,14,1,14,sa,True,0,0.0,/home/rjaffray/projects/jaffray-masc-fhops-model/data/output/pg_18_sub14_lock1_sa_20260301_200539.json,/home/rjaffray/projects/jaffray-masc-fhops-model/data/output/pg_18_sub14_lock1_sa_20260301_200539_assignments.csv,/home/rjaffray/projects/jaffray-masc-fhops-model/data/output/stdout/pg_18_sub14_lock1_sa_20260301_200539.out.txt,/home/rjaffray/projects/jaffray-masc-fhops-model/data/output/stderr/pg_18_sub14_lock1_sa_20260301_200539.err.txt,2026-03-01 20:05:39
pg,18,pg_18,,2,14,7,14,mip,True,0,0.0,/home/rjaffray/projects/jaffray-masc-fhops-model/data/output/pg_18_sub14_lock7_mip_20260301_200539.json,/home/rjaffray/projects/jaffray-masc-fhops-model/data/output/pg_18_sub14_lock7_mip_20260301_200539_assignments.csv,/home/rjaffray/projects/jaffray-masc-fhops-model/data/output/stdout/pg_18_sub14_lock7_mip_20260301_200539.out.txt,/home/rjaffray/projects/jaffray-masc-fhops-model/data/output/stderr/pg_18_sub14_lock7_mip_20260301_200539.err.txt,2026-03-01 20:05:39
pg,18,pg_18,,2,14,7,14,sa,True,0,0.0,/home/rjaffray/projects/jaffray-masc-fhops-model/data/output/pg_18_sub14_lock7_sa_20260301_200539.json,/home/rjaffray/projects/jaffray-masc-fhops-model/data/output/pg_18_sub14_lock7_sa_20260301_200539_assignments.csv,/home/rjaffray/projects/jaffray-masc-fhops-model/data/output/stdout/pg_18_sub14_lock7_sa_20260301_200539.out.txt,/home/rjaffray/projects/jaffray-masc-fhops-model/data/output/stderr/pg_18_sub14_lock7_sa_20260301_200539.err.txt,2026-03-01 20:05:39
pg,18,pg_18,,2,14,14,14,mip,True,0,0.0,/home/rjaffray/projects/jaffray-masc-fhops-model/data/output/pg_18_sub14_lock14_mip_20260301_200539.json,/home/rjaffray/projects/jaffray-masc-fhops-model/data/output/pg_18_sub14_lock14_mip_20260301_200539_assignments.csv,/home/rjaffray/projects/jaffray-masc-fhops-model/data/output/stdout/pg_18_sub14_lock14_mip_20260301_200539.out.txt,/home/rjaffray/projects/jaffray-masc-fhops-model/data/output/stderr/pg_18_sub14_lock14_mip_20260301_200539.err.txt,2026-03-01 20:05:39
pg,18,pg_18,,2,14,14,14,sa,True,0,0.0,/home/rjaffray/projects/jaffray-masc-fhops-model/data/output/pg_18_sub14_lock14_sa_20260301_200539.json,/home/rjaffray/projects/jaffray-masc-fhops-model/data/output/pg_18_sub14_lock14_sa_20260301_200539_assignments.csv,/home/rjaffray/projects/jaffray-masc-fhops-model/data/output/stdout/pg_18_sub14_lock14_sa_20260301_200539.out.txt,/home/rjaffray/projects/jaffray-masc-fhops-model/data/output/stderr/pg_18_sub14_lock14_sa_20260301_200539.err.txt,2026-03-01 20:05:39
pg,18,pg_18,,4,28,1,28,mip,True,0,0.0,/home/rjaffray/projects/jaffray-masc-fhops-model/data/output/pg_18_sub28_lock1_mip_20260301_200539.json,/home/rjaffray/projects/jaffray-masc-fhops-model/data/output/pg_18_sub28_lock1_mip_20260301_200539_assignments.csv,/home/rjaffray/projects/jaffray-masc-fhops-model/data/output/stdout/pg_18_sub28_lock1_mip_20260301_200539.out.txt,/home/rjaffray/projects/jaffray-masc-fhops-model/data/output/stderr/pg_18_sub28_lock1_mip_20260301_200539.err.txt,2026-03-01 20:05:39
pg,18,pg_18,,4,28,1,28,sa,True,0,0.0,/home/rjaffray/projects/jaffray-masc-fhops-model/data/output/pg_18_sub28_lock1_sa_20260301_200539.json,/home/rjaffray/projects/jaffray-masc-fhops-model/data/output/pg_18_sub28_lock1_sa_20260301_200539_assignments.csv,/home/rjaffray/projects/jaffray-masc-fhops-model/data/output/stdout/pg_18_sub28_lock1_sa_20260301_200539.out.txt,/home/rjaffray/projects/jaffray-masc-fhops-model/data/output/stderr/pg_18_sub28_lock1_sa_20260301_200539.err.txt,2026-03-01 20:05:39
pg,18,pg_18,,4,28,7,28,mip,True,0,0.0,/home/rjaffray/projects/jaffray-masc-fhops-model/data/output/pg_18_sub28_lock7_mip_20260301_200539.json,/home/rjaffray/projects/jaffray-masc-fhops-model/data/output/pg_18_sub28_lock7_mip_20260301_200539_assignments.csv,/home/rjaffray/projects/jaffray-masc-fhops-model/data/output/stdout/pg_18_sub28_lock7_mip_20260301_200539.out.txt,/home/rjaffray/projects/jaffray-masc-fhops-model/data/output/stderr/pg_18_sub28_lock7_mip_20260301_200539.err.txt,2026-03-01 20:05:39
pg,18,pg_18,,4,28,7,28,sa,True,0,0.0,/home/rjaffray/projects/jaffray-masc-fhops-model/data/output/pg_18_sub28_lock7_sa_20260301_200539.json,/home/rjaffray/projects/jaffray-masc-fhops-model/data/output/pg_18_sub28_lock7_sa_20260301_200539_assignments.csv,/home/rjaffray/projects/jaffray-masc-fhops-model/data/output/stdout/pg_18_sub28_lock7_sa_20260301_200539.out.txt,/home/rjaffray/projects/jaffray-masc-fhops-model/data/output/stderr/pg_18_sub28_lock7_sa_20260301_200539.err.txt,2026-03-01 20:05:39
pg,18,pg_18,,4,28,14,28,mip,True,0,0.0,/home/rjaffray/projects/jaffray-masc-fhops-model/data/output/pg_18_sub28_lock14_mip_20260301_200539.json,/home/rjaffray/projects/jaffray-masc-fhops-model/data/output/pg_18_sub28_lock14_mip_20260301_200539_assignments.csv,/home/rjaffray/projects/jaffray-masc-fhops-model/data/output/stdout/pg_18_sub28_lock14_mip_20260301_200539.out.txt,/home/rjaffray/projects/jaffray-masc-fhops-model/data/output/stderr/pg_18_sub28_lock14_mip_20260301_200539.err.txt,2026-03-01 20:05:39
pg,18,pg_18,,4,28,14,28,sa,True,0,0.0,/home/rjaffray/projects/jaffray-masc-fhops-model/data/output/pg_18_sub28_lock14_sa_20260301_200539.json,/home/rjaffray/projects/jaffray-masc-fhops-model/data/output/pg_18_sub28_lock14_sa_20260301_200539_assignments.csv,/home/rjaffray/projects/jaffray-masc-fhops-model/data/output/stdout/pg_18_sub28_lock14_sa_20260301_200539.out.txt,/home/rjaffray/projects/jaffray-masc-fhops-model/data/output/stderr/pg_18_sub28_lock14_sa_20260301_200539.err.txt,2026-03-01 20:05:39
pg,18,pg_18,,8,56,1,56,mip,True,0,0.0,/home/rjaffray/projects/jaffray-masc-fhops-model/data/output/pg_18_sub56_lock1_mip_20260301_200539.json,/home/rjaffray/projects/jaffray-masc-fhops-model/data/output/pg_18_sub56_lock1_mip_20260301_200539_assignments.csv,/home/rjaffray/projects/jaffray-masc-fhops-model/data/output/stdout/pg_18_sub56_lock1_mip_20260301_200539.out.txt,/home/rjaffray/projects/jaffray-masc-fhops-model/data/output/stderr/pg_18_sub56_lock1_mip_20260301_200539.err.txt,2026-03-01 20:05:39
pg,18,pg_18,,8,56,1,56,sa,True,0,0.0,/home/rjaffray/projects/jaffray-masc-fhops-model/data/output/pg_18_sub56_lock1_sa_20260301_200539.json,/home/rjaffray/projects/jaffray-masc-fhops-model/data/output/pg_18_sub56_lock1_sa_20260301_200539_assignments.csv,/home/rjaffray/projects/jaffray-masc-fhops-model/data/output/stdout/pg_18_sub56_lock1_sa_20260301_200539.out.txt,/home/rjaffray/projects/jaffray-masc-fhops-model/data/output/stderr/pg_18_sub56_lock1_sa_20260301_200539.err.txt,2026-03-01 20:05:39
pg,18,pg_18,,8,56,7,56,mip,True,0,0.0,/home/rjaffray/projects/jaffray-masc-fhops-model/data/output/pg_18_sub56_lock7_mip_20260301_200539.json,/home/rjaffray/projects/jaffray-masc-fhops-model/data/output/pg_18_sub56_lock7_mip_20260301_200539_assignments.csv,/home/rjaffray/projects/jaffray-masc-fhops-model/data/output/stdout/pg_18_sub56_lock7_mip_20260301_200539.out.txt,/home/rjaffray/projects/jaffray-masc-fhops-model/data/output/stderr/pg_18_sub56_lock7_mip_20260301_200539.err.txt,2026-03-01 20:05:39
pg,18,pg_18,,8,56,7,56,sa,True,0,0.0,/home/rjaffray/projects/jaffray-masc-fhops-model/data/output/pg_18_sub56_lock7_sa_20260301_200539.json,/home/rjaffray/projects/jaffray-masc-fhops-model/data/output/pg_18_sub56_lock7_sa_20260301_200539_assignments.csv,/home/rjaffray/projects/jaffray-masc-fhops-model/data/output/stdout/pg_18_sub56_lock7_sa_20260301_200539.out.txt,/home/rjaffray/projects/jaffray-masc-fhops-model/data/output/stderr/pg_18_sub56_lock7_sa_20260301_200539.err.txt,2026-03-01 20:05:39
pg,18,pg_18,,8,56,14,56,mip,True,0,0.0,/home/rjaffray/projects/jaffray-masc-fhops-model/data/output/pg_18_sub56_lock14_mip_20260301_200539.json,/home/rjaffray/projects/jaffray-masc-fhops-model/data/output/pg_18_sub56_lock14_mip_20260301_200539_assignments.csv,/home/rjaffray/projects/jaffray-masc-fhops-model/data/output/stdout/pg_18_sub56_lock14_mip_20260301_200539.out.txt,/home/rjaffray/projects/jaffray-masc-fhops-model/data/output/stderr/pg_18_sub56_lock14_mip_20260301_200539.err.txt,2026-03-01 20:05:39
pg,18,pg_18,,8,56,14,56,sa,True,0,0.0,/home/rjaffray/projects/jaffray-masc-fhops-model/data/output/pg_18_sub56_lock14_sa_20260301_200539.json,/home/rjaffray/projects/jaffray-masc-fhops-model/data/output/pg_18_sub56_lock14_sa_20260301_200539_assignments.csv,/home/rjaffray/projects/jaffray-masc-fhops-model/data/output/stdout/pg_18_sub56_lock14_sa_20260301_200539.out.txt,/home/rjaffray/projects/jaffray-masc-fhops-model/data/output/stderr/pg_18_sub56_lock14_sa_20260301_200539.err.txt,2026-03-01 20:05:39
pg,18,pg_18,,16,112,1,112,mip,True,0,0.0,/home/rjaffray/projects/jaffray-masc-fhops-model/data/output/pg_18_sub112_lock1_mip_20260301_200539.json,/home/rjaffray/projects/jaffray-masc-fhops-model/data/output/pg_18_sub112_lock1_mip_20260301_200539_assignments.csv,/home/rjaffray/projects/jaffray-masc-fhops-model/data/output/stdout/pg_18_sub112_lock1_mip_20260301_200539.out.txt,/home/rjaffray/projects/jaffray-masc-fhops-model/data/output/stderr/pg_18_sub112_lock1_mip_20260301_200539.err.txt,2026-03-01 20:05:39
pg,18,pg_18,,16,112,1,112,sa,True,0,0.0,/home/rjaffray/projects/jaffray-masc-fhops-model/data/output/pg_18_sub112_lock1_sa_20260301_200539.json,/home/rjaffray/projects/jaffray-masc-fhops-model/data/output/pg_18_sub112_lock1_sa_20260301_200539_assignments.csv,/home/rjaffray/projects/jaffray-masc-fhops-model/data/output/stdout/pg_18_sub112_lock1_sa_20260301_200539.out.txt,/home/rjaffray/projects/jaffray-masc-fhops-model/data/output/stderr/pg_18_sub112_lock1_sa_20260301_200539.err.txt,2026-03-01 20:05:39
pg,18,pg_18,,16,112,7,112,mip,True,0,0.0,/home/rjaffray/projects/jaffray-masc-fhops-model/data/output/pg_18_sub112_lock7_mip_20260301_200539.json,/home/rjaffray/projects/jaffray-masc-fhops-model/data/output/pg_18_sub112_lock7_mip_20260301_200539_assignments.csv,/home/rjaffray/projects/jaffray-masc-fhops-model/data/output/stdout/pg_18_sub112_lock7_mip_20260301_200539.out.txt,/home/rjaffray/projects/jaffray-masc-fhops-model/data/output/stderr/pg_18_sub112_lock7_mip_20260301_200539.err.txt,2026-03-01 20:05:39
pg,18,pg_18,,16,112,7,112,sa,True,0,0.0,/home/rjaffray/projects/jaffray-masc-fhops-model/data/output/pg_18_sub112_lock7_sa_20260301_200539.json,/home/rjaffray/projects/jaffray-masc-fhops-model/data/output/pg_18_sub112_lock7_sa_20260301_200539_assignments.csv,/home/rjaffray/projects/jaffray-masc-fhops-model/data/output/stdout/pg_18_sub112_lock7_sa_20260301_200539.out.txt,/home/rjaffray/projects/jaffray-masc-fhops-model/data/output/stderr/pg_18_sub112_lock7_sa_20260301_200539.err.txt,2026-03-01 20:05:39
pg,18,pg_18,,16,112,14,112,mip,True,0,0.0,/home/rjaffray/projects/jaffray-masc-fhops-model/data/output/pg_18_sub112_lock14_mip_20260301_200539.json,/home/rjaffray/projects/jaffray-masc-fhops-model/data/output/pg_18_sub112_lock14_mip_20260301_200539_assignments.csv,/home/rjaffray/projects/jaffray-masc-fhops-model/data/output/stdout/pg_18_sub112_lock14_mip_20260301_200539.out.txt,/home/rjaffray/projects/jaffray-masc-fhops-model/data/output/stderr/pg_18_sub112_lock14_mip_20260301_200539.err.txt,2026-03-01 20:05:39
pg,18,pg_18,,16,112,14,112,sa,True,0,0.0,/home/rjaffray/projects/jaffray-masc-fhops-model/data/output/pg_18_sub112_lock14_sa_20260301_200539.json,/home/rjaffray/projects/jaffray-masc-fhops-model/data/output/pg_18_sub112_lock14_sa_20260301_200539_assignments.csv,/home/rjaffray/projects/jaffray-masc-fhops-model/data/output/stdout/pg_18_sub112_lock14_sa_20260301_200539.out.txt,/home/rjaffray/projects/jaffray-masc-fhops-model/data/output/stderr/pg_18_sub112_lock14_sa_20260301_200539.err.txt,2026-03-01 20:05:39
pg,40,pg_40,,2,14,1,14,mip,True,0,0.0,/home/rjaffray/projects/jaffray-masc-fhops-model/data/output/pg_40_sub14_lock1_mip_20260301_200539.json,/home/rjaffray/projects/jaffray-masc-fhops-model/data/output/pg_40_sub14_lock1_mip_20260301_200539_assignments.csv,/home/rjaffray/projects/jaffray-masc-fhops-model/data/output/stdout/pg_40_sub14_lock1_mip_20260301_200539.out.txt,/home/rjaffray/projects/jaffray-masc-fhops-model/data/output/stderr/pg_40_sub14_lock1_mip_20260301_200539.err.txt,2026-03-01 20:05:39
pg,40,pg_40,,2,14,1,14,sa,True,0,0.0,/home/rjaffray/projects/jaffray-masc-fhops-model/data/output/pg_40_sub14_lock1_sa_20260301_200539.json,/home/rjaffray/projects/jaffray-masc-fhops-model/data/output/pg_40_sub14_lock1_sa_20260301_200539_assignments.csv,/home/rjaffray/projects/jaffray-masc-fhops-model/data/output/stdout/pg_40_sub14_lock1_sa_20260301_200539.out.txt,/home/rjaffray/projects/jaffray-masc-fhops-model/data/output/stderr/pg_40_sub14_lock1_sa_20260301_200539.err.txt,2026-03-01 20:05:39
pg,40,pg_40,,2,14,7,14,mip,True,0,0.0,/home/rjaffray/projects/jaffray-masc-fhops-model/data/output/pg_40_sub14_lock7_mip_20260301_200539.json,/home/rjaffray/projects/jaffray-masc-fhops-model/data/output/pg_40_sub14_lock7_mip_20260301_200539_assignments.csv,/home/rjaffray/projects/jaffray-masc-fhops-model/data/output/stdout/pg_40_sub14_lock7_mip_20260301_200539.out.txt,/home/rjaffray/projects/jaffray-masc-fhops-model/data/output/stderr/pg_40_sub14_lock7_mip_20260301_200539.err.txt,2026-03-01 20:05:39
pg,40,pg_40,,2,14,7,14,sa,True,0,0.0,/home/rjaffray/projects/jaffray-masc-fhops-model/data/output/pg_40_sub14_lock7_sa_20260301_200539.json,/home/rjaffray/projects/jaffray-masc-fhops-model/data/output/pg_40_sub14_lock7_sa_20260301_200539_assignments.csv,/home/rjaffray/projects/jaffray-masc-fhops-model/data/output/stdout/pg_40_sub14_lock7_sa_20260301_200539.out.txt,/home/rjaffray/projects/jaffray-masc-fhops-model/data/output/stderr/pg_40_sub14_lock7_sa_20260301_200539.err.txt,2026-03-01 20:05:39
pg,40,pg_40,,2,14,14,14,mip,True,0,0.0,/home/rjaffray/projects/jaffray-masc-fhops-model/data/output/pg_40_sub14_lock14_mip_20260301_200539.json,/home/rjaffray/projects/jaffray-masc-fhops-model/data/output/pg_40_sub14_lock14_mip_20260301_200539_assignments.csv,/home/rjaffray/projects/jaffray-masc-fhops-model/data/output/stdout/pg_40_sub14_lock14_mip_20260301_200539.out.txt,/home/rjaffray/projects/jaffray-masc-fhops-model/data/output/stderr/pg_40_sub14_lock14_mip_20260301_200539.err.txt,2026-03-01 20:05:39
pg,40,pg_40,,2,14,14,14,sa,True,0,0.0,/home/rjaffray/projects/jaffray-masc-fhops-model/data/output/pg_40_sub14_lock14_sa_20260301_200539.json,/home/rjaffray/projects/jaffray-masc-fhops-model/data/output/pg_40_sub14_lock14_sa_20260301_200539_assignments.csv,/home/rjaffray/projects/jaffray-masc-fhops-model/data/output/stdout/pg_40_sub14_lock14_sa_20260301_200539.out.txt,/home/rjaffray/projects/jaffray-masc-fhops-model/data/output/stderr/pg_40_sub14_lock14_sa_20260301_200539.err.txt,2026-03-01 20:05:39
pg,40,pg_40,,4,28,1,28,mip,True,0,0.0,/home/rjaffray/projects/jaffray-masc-fhops-model/data/output/pg_40_sub28_lock1_mip_20260301_200539.json,/home/rjaffray/projects/jaffray-masc-fhops-model/data/output/pg_40_sub28_lock1_mip_20260301_200539_assignments.csv,/home/rjaffray/projects/jaffray-masc-fhops-model/data/output/stdout/pg_40_sub28_lock1_mip_20260301_200539.out.txt,/home/rjaffray/projects/jaffray-masc-fhops-model/data/output/stderr/pg_40_sub28_lock1_mip_20260301_200539.err.txt,2026-03-01 20:05:39
pg,40,pg_40,,4,28,1,28,sa,True,0,0.0,/home/rjaffray/projects/jaffray-masc-fhops-model/data/output/pg_40_sub28_lock1_sa_20260301_200539.json,/home/rjaffray/projects/jaffray-masc-fhops-model/data/output/pg_40_sub28_lock1_sa_20260301_200539_assignments.csv,/home/rjaffray/projects/jaffray-masc-fhops-model/data/output/stdout/pg_40_sub28_lock1_sa_20260301_200539.out.txt,/home/rjaffray/projects/jaffray-masc-fhops-model/data/output/stderr/pg_40_sub28_lock1_sa_20260301_200539.err.txt,2026-03-01 20:05:39
pg,40,pg_40,,4,28,7,28,mip,True,0,0.0,/home/rjaffray/projects/jaffray-masc-fhops-model/data/output/pg_40_sub28_lock7_mip_20260301_200539.json,/home/rjaffray/projects/jaffray-masc-fhops-model/data/output/pg_40_sub28_lock7_mip_20260301_200539_assignments.csv,/home/rjaffray/projects/jaffray-masc-fhops-model/data/output/stdout/pg_40_sub28_lock7_mip_20260301_200539.out.txt,/home/rjaffray/projects/jaffray-masc-fhops-model/data/output/stderr/pg_40_sub28_lock7_mip_20260301_200539.err.txt,2026-03-01 20:05:39
pg,40,pg_40,,4,28,7,28,sa,True,0,0.0,/home/rjaffray/projects/jaffray-masc-fhops-model/data/output/pg_40_sub28_lock7_sa_20260301_200539.json,/home/rjaffray/projects/jaffray-masc-fhops-model/data/output/pg_40_sub28_lock7_sa_20260301_200539_assignments.csv,/home/rjaffray/projects/jaffray-masc-fhops-model/data/output/stdout/pg_40_sub28_lock7_sa_20260301_200539.out.txt,/home/rjaffray/projects/jaffray-masc-fhops-model/data/output/stderr/pg_40_sub28_lock7_sa_20260301_200539.err.txt,2026-03-01 20:05:39
pg,40,pg_40,,4,28,14,28,mip,True,0,0.0,/home/rjaffray/projects/jaffray-masc-fhops-model/data/output/pg_40_sub28_lock14_mip_20260301_200539.json,/home/rjaffray/projects/jaffray-masc-fhops-model/data/output/pg_40_sub28_lock14_mip_20260301_200539_assignments.csv,/home/rjaffray/projects/jaffray-masc-fhops-model/data/output/stdout/pg_40_sub28_lock14_mip_20260301_200539.out.txt,/home/rjaffray/projects/jaffray-masc-fhops-model/data/output/stderr/pg_40_sub28_lock14_mip_20260301_200539.err.txt,2026-03-01 20:05:39
pg,40,pg_40,,4,28,14,28,sa,True,0,0.0,/home/rjaffray/projects/jaffray-masc-fhops-model/data/output/pg_40_sub28_lock14_sa_20260301_200539.json,/home/rjaffray/projects/jaffray-masc-fhops-model/data/output/pg_40_sub28_lock14_sa_20260301_200539_assignments.csv,/home/rjaffray/projects/jaffray-masc-fhops-model/data/output/stdout/pg_40_sub28_lock14_sa_20260301_200539.out.txt,/home/rjaffray/projects/jaffray-masc-fhops-model/data/output/stderr/pg_40_sub28_lock14_sa_20260301_200539.err.txt,2026-03-01 20:05:39
pg,40,pg_40,,8,56,1,56,mip,True,0,0.0,/home/rjaffray/projects/jaffray-masc-fhops-model/data/output/pg_40_sub56_lock1_mip_20260301_200539.json,/home/rjaffray/projects/jaffray-masc-fhops-model/data/output/pg_40_sub56_lock1_mip_20260301_200539_assignments.csv,/home/rjaffray/projects/jaffray-masc-fhops-model/data/output/stdout/pg_40_sub56_lock1_mip_20260301_200539.out.txt,/home/rjaffray/projects/jaffray-masc-fhops-model/data/output/stderr/pg_40_sub56_lock1_mip_20260301_200539.err.txt,2026-03-01 20:05:39
pg,40,pg_40,,8,56,1,56,sa,True,0,0.0,/home/rjaffray/projects/jaffray-masc-fhops-model/data/output/pg_40_sub56_lock1_sa_20260301_200539.json,/home/rjaffray/projects/jaffray-masc-fhops-model/data/output/pg_40_sub56_lock1_sa_20260301_200539_assignments.csv,/home/rjaffray/projects/jaffray-masc-fhops-model/data/output/stdout/pg_40_sub56_lock1_sa_20260301_200539.out.txt,/home/rjaffray/projects/jaffray-masc-fhops-model/data/output/stderr/pg_40_sub56_lock1_sa_20260301_200539.err.txt,2026-03-01 20:05:39
pg,40,pg_40,,8,56,7,56,mip,True,0,0.0,/home/rjaffray/projects/jaffray-masc-fhops-model/data/output/pg_40_sub56_lock7_mip_20260301_200539.json,/home/rjaffray/projects/jaffray-masc-fhops-model/data/output/pg_40_sub56_lock7_mip_20260301_200539_assignments.csv,/home/rjaffray/projects/jaffray-masc-fhops-model/data/output/stdout/pg_40_sub56_lock7_mip_20260301_200539.out.txt,/home/rjaffray/projects/jaffray-masc-fhops-model/data/output/stderr/pg_40_sub56_lock7_mip_20260301_200539.err.txt,2026-03-01 20:05:39
pg,40,pg_40,,8,56,7,56,sa,True,0,0.0,/home/rjaffray/projects/jaffray-masc-fhops-model/data/output/pg_40_sub56_lock7_sa_20260301_200539.json,/home/rjaffray/projects/jaffray-masc-fhops-model/data/output/pg_40_sub56_lock7_sa_20260301_200539_assignments.csv,/home/rjaffray/projects/jaffray-masc-fhops-model/data/output/stdout/pg_40_sub56_lock7_sa_20260301_200539.out.txt,/home/rjaffray/projects/jaffray-masc-fhops-model/data/output/stderr/pg_40_sub56_lock7_sa_20260301_200539.err.txt,2026-03-01 20:05:39
pg,40,pg_40,,8,56,14,56,mip,True,0,0.0,/home/rjaffray/projects/jaffray-masc-fhops-model/data/output/pg_40_sub56_lock14_mip_20260301_200539.json,/home/rjaffray/projects/jaffray-masc-fhops-model/data/output/pg_40_sub56_lock14_mip_20260301_200539_assignments.csv,/home/rjaffray/projects/jaffray-masc-fhops-model/data/output/stdout/pg_40_sub56_lock14_mip_20260301_200539.out.txt,/home/rjaffray/projects/jaffray-masc-fhops-model/data/output/stderr/pg_40_sub56_lock14_mip_20260301_200539.err.txt,2026-03-01 20:05:39
pg,40,pg_40,,8,56,14,56,sa,True,0,0.0,/home/rjaffray/projects/jaffray-masc-fhops-model/data/output/pg_40_sub56_lock14_sa_20260301_200539.json,/home/rjaffray/projects/jaffray-masc-fhops-model/data/output/pg_40_sub56_lock14_sa_20260301_200539_assignments.csv,/home/rjaffray/projects/jaffray-masc-fhops-model/data/output/stdout/pg_40_sub56_lock14_sa_20260301_200539.out.txt,/home/rjaffray/projects/jaffray-masc-fhops-model/data/output/stderr/pg_40_sub56_lock14_sa_20260301_200539.err.txt,2026-03-01 20:05:39
pg,40,pg_40,,16,112,1,112,mip,True,0,0.0,/home/rjaffray/projects/jaffray-masc-fhops-model/data/output/pg_40_sub112_lock1_mip_20260301_200539.json,/home/rjaffray/projects/jaffray-masc-fhops-model/data/output/pg_40_sub112_lock1_mip_20260301_200539_assignments.csv,/home/rjaffray/projects/jaffray-masc-fhops-model/data/output/stdout/pg_40_sub112_lock1_mip_20260301_200539.out.txt,/home/rjaffray/projects/jaffray-masc-fhops-model/data/output/stderr/pg_40_sub112_lock1_mip_20260301_200539.err.txt,2026-03-01 20:05:39
pg,40,pg_40,,16,112,1,112,sa,True,0,0.0,/home/rjaffray/projects/jaffray-masc-fhops-model/data/output/pg_40_sub112_lock1_sa_20260301_200539.json,/home/rjaffray/projects/jaffray-masc-fhops-model/data/output/pg_40_sub112_lock1_sa_20260301_200539_assignments.csv,/home/rjaffray/projects/jaffray-masc-fhops-model/data/output/stdout/pg_40_sub112_lock1_sa_20260301_200539.out.txt,/home/rjaffray/projects/jaffray-masc-fhops-model/data/output/stderr/pg_40_sub112_lock1_sa_20260301_200539.err.txt,2026-03-01 20:05:39
pg,40,pg_40,,16,112,7,112,mip,True,0,0.0,/home/rjaffray/projects/jaffray-masc-fhops-model/data/output/pg_40_sub112_lock7_mip_20260301_200539.json,/home/rjaffray/projects/jaffray-masc-fhops-model/data/output/pg_40_sub112_lock7_mip_20260301_200539_assignments.csv,/home/rjaffray/projects/jaffray-masc-fhops-model/data/output/stdout/pg_40_sub112_lock7_mip_20260301_200539.out.txt,/home/rjaffray/projects/jaffray-masc-fhops-model/data/output/stderr/pg_40_sub112_lock7_mip_20260301_200539.err.txt,2026-03-01 20:05:39
pg,40,pg_40,,16,112,7,112,sa,True,0,0.0,/home/rjaffray/projects/jaffray-masc-fhops-model/data/output/pg_40_sub112_lock7_sa_20260301_200539.json,/home/rjaffray/projects/jaffray-masc-fhops-model/data/output/pg_40_sub112_lock7_sa_20260301_200539_assignments.csv,/home/rjaffray/projects/jaffray-masc-fhops-model/data/output/stdout/pg_40_sub112_lock7_sa_20260301_200539.out.txt,/home/rjaffray/projects/jaffray-masc-fhops-model/data/output/stderr/pg_40_sub112_lock7_sa_20260301_200539.err.txt,2026-03-01 20:05:39
pg,40,pg_40,,16,112,14,112,mip,True,0,0.0,/home/rjaffray/projects/jaffray-masc-fhops-model/data/output/pg_40_sub112_lock14_mip_20260301_200539.json,/home/rjaffray/projects/jaffray-masc-fhops-model/data/output/pg_40_sub112_lock14_mip_20260301_200539_assignments.csv,/home/rjaffray/projects/jaffray-masc-fhops-model/data/output/stdout/pg_40_sub112_lock14_mip_20260301_200539.out.txt,/home/rjaffray/projects/jaffray-masc-fhops-model/data/output/stderr/pg_40_sub112_lock14_mip_20260301_200539.err.txt,2026-03-01 20:05:39
pg,40,pg_40,,16,112,14,112,sa,True,0,0.0,/home/rjaffray/projects/jaffray-masc-fhops-model/data/output/pg_40_sub112_lock14_sa_20260301_200539.json,/home/rjaffray/projects/jaffray-masc-fhops-model/data/output/pg_40_sub112_lock14_sa_20260301_200539_assignments.csv,/home/rjaffray/projects/jaffray-masc-fhops-model/data/output/stdout/pg_40_sub112_lock14_sa_20260301_200539.out.txt,/home/rjaffray/projects/jaffray-masc-fhops-model/data/output/stderr/pg_40_sub112_lock14_sa_20260301_200539.err.txt,2026-03-01 20:05:39
ka,6,ka_6,,2,14,1,14,mip,True,0,0.0,/home/rjaffray/projects/jaffray-masc-fhops-model/data/output/ka_6_sub14_lock1_mip_20260301_200539.json,/home/rjaffray/projects/jaffray-masc-fhops-model/data/output/ka_6_sub14_lock1_mip_20260301_200539_assignments.csv,/home/rjaffray/projects/jaffray-masc-fhops-model/data/output/stdout/ka_6_sub14_lock1_mip_20260301_200539.out.txt,/home/rjaffray/projects/jaffray-masc-fhops-model/data/output/stderr/ka_6_sub14_lock1_mip_20260301_200539.err.txt,2026-03-01 20:05:39
ka,6,ka_6,,2,14,1,14,sa,True,0,0.0,/home/rjaffray/projects/jaffray-masc-fhops-model/data/output/ka_6_sub14_lock1_sa_20260301_200539.json,/home/rjaffray/projects/jaffray-masc-fhops-model/data/output/ka_6_sub14_lock1_sa_20260301_200539_assignments.csv,/home/rjaffray/projects/jaffray-masc-fhops-model/data/output/stdout/ka_6_sub14_lock1_sa_20260301_200539.out.txt,/home/rjaffray/projects/jaffray-masc-fhops-model/data/output/stderr/ka_6_sub14_lock1_sa_20260301_200539.err.txt,2026-03-01 20:05:39
ka,6,ka_6,,2,14,7,14,mip,True,0,0.0,/home/rjaffray/projects/jaffray-masc-fhops-model/data/output/ka_6_sub14_lock7_mip_20260301_200539.json,/home/rjaffray/projects/jaffray-masc-fhops-model/data/output/ka_6_sub14_lock7_mip_20260301_200539_assignments.csv,/home/rjaffray/projects/jaffray-masc-fhops-model/data/output/stdout/ka_6_sub14_lock7_mip_20260301_200539.out.txt,/home/rjaffray/projects/jaffray-masc-fhops-model/data/output/stderr/ka_6_sub14_lock7_mip_20260301_200539.err.txt,2026-03-01 20:05:39
ka,6,ka_6,,2,14,7,14,sa,True,0,0.0,/home/rjaffray/projects/jaffray-masc-fhops-model/data/output/ka_6_sub14_lock7_sa_20260301_200539.json,/home/rjaffray/projects/jaffray-masc-fhops-model/data/output/ka_6_sub14_lock7_sa_20260301_200539_assignments.csv,/home/rjaffray/projects/jaffray-masc-fhops-model/data/output/stdout/ka_6_sub14_lock7_sa_20260301_200539.out.txt,/home/rjaffray/projects/jaffray-masc-fhops-model/data/output/stderr/ka_6_sub14_lock7_sa_20260301_200539.err.txt,2026-03-01 20:05:39
ka,6,ka_6,,2,14,14,14,mip,True,0,0.0,/home/rjaffray/projects/jaffray-masc-fhops-model/data/output/ka_6_sub14_lock14_mip_20260301_200539.json,/home/rjaffray/projects/jaffray-masc-fhops-model/data/output/ka_6_sub14_lock14_mip_20260301_200539_assignments.csv,/home/rjaffray/projects/jaffray-masc-fhops-model/data/output/stdout/ka_6_sub14_lock14_mip_20260301_200539.out.txt,/home/rjaffray/projects/jaffray-masc-fhops-model/data/output/stderr/ka_6_sub14_lock14_mip_20260301_200539.err.txt,2026-03-01 20:05:39
ka,6,ka_6,,2,14,14,14,sa,True,0,0.0,/home/rjaffray/projects/jaffray-masc-fhops-model/data/output/ka_6_sub14_lock14_sa_20260301_200539.json,/home/rjaffray/projects/jaffray-masc-fhops-model/data/output/ka_6_sub14_lock14_sa_20260301_200539_assignments.csv,/home/rjaffray/projects/jaffray-masc-fhops-model/data/output/stdout/ka_6_sub14_lock14_sa_20260301_200539.out.txt,/home/rjaffray/projects/jaffray-masc-fhops-model/data/output/stderr/ka_6_sub14_lock14_sa_20260301_200539.err.txt,2026-03-01 20:05:39
ka,6,ka_6,,4,28,1,28,mip,True,0,0.0,/home/rjaffray/projects/jaffray-masc-fhops-model/data/output/ka_6_sub28_lock1_mip_20260301_200539.json,/home/rjaffray/projects/jaffray-masc-fhops-model/data/output/ka_6_sub28_lock1_mip_20260301_200539_assignments.csv,/home/rjaffray/projects/jaffray-masc-fhops-model/data/output/stdout/ka_6_sub28_lock1_mip_20260301_200539.out.txt,/home/rjaffray/projects/jaffray-masc-fhops-model/data/output/stderr/ka_6_sub28_lock1_mip_20260301_200539.err.txt,2026-03-01 20:05:39
ka,6,ka_6,,4,28,1,28,sa,True,0,0.0,/home/rjaffray/projects/jaffray-masc-fhops-model/data/output/ka_6_sub28_lock1_sa_20260301_200539.json,/home/rjaffray/projects/jaffray-masc-fhops-model/data/output/ka_6_sub28_lock1_sa_20260301_200539_assignments.csv,/home/rjaffray/projects/jaffray-masc-fhops-model/data/output/stdout/ka_6_sub28_lock1_sa_20260301_200539.out.txt,/home/rjaffray/projects/jaffray-masc-fhops-model/data/output/stderr/ka_6_sub28_lock1_sa_20260301_200539.err.txt,2026-03-01 20:05:39
ka,6,ka_6,,4,28,7,28,mip,True,0,0.0,/home/rjaffray/projects/jaffray-masc-fhops-model/data/output/ka_6_sub28_lock7_mip_20260301_200539.json,/home/rjaffray/projects/jaffray-masc-fhops-model/data/output/ka_6_sub28_lock7_mip_20260301_200539_assignments.csv,/home/rjaffray/projects/jaffray-masc-fhops-model/data/output/stdout/ka_6_sub28_lock7_mip_20260301_200539.out.txt,/home/rjaffray/projects/jaffray-masc-fhops-model/data/output/stderr/ka_6_sub28_lock7_mip_20260301_200539.err.txt,2026-03-01 20:05:39
ka,6,ka_6,,4,28,7,28,sa,True,0,0.0,/home/rjaffray/projects/jaffray-masc-fhops-model/data/output/ka_6_sub28_lock7_sa_20260301_200539.json,/home/rjaffray/projects/jaffray-masc-fhops-model/data/output/ka_6_sub28_lock7_sa_20260301_200539_assignments.csv,/home/rjaffray/projects/jaffray-masc-fhops-model/data/output/stdout/ka_6_sub28_lock7_sa_20260301_200539.out.txt,/home/rjaffray/projects/jaffray-masc-fhops-model/data/output/stderr/ka_6_sub28_lock7_sa_20260301_200539.err.txt,2026-03-01 20:05:39
ka,6,ka_6,,4,28,14,28,mip,True,0,0.0,/home/rjaffray/projects/jaffray-masc-fhops-model/data/output/ka_6_sub28_lock14_mip_20260301_200539.json,/home/rjaffray/projects/jaffray-masc-fhops-model/data/output/ka_6_sub28_lock14_mip_20260301_200539_assignments.csv,/home/rjaffray/projects/jaffray-masc-fhops-model/data/output/stdout/ka_6_sub28_lock14_mip_20260301_200539.out.txt,/home/rjaffray/projects/jaffray-masc-fhops-model/data/output/stderr/ka_6_sub28_lock14_mip_20260301_200539.err.txt,2026-03-01 20:05:39
ka,6,ka_6,,4,28,14,28,sa,True,0,0.0,/home/rjaffray/projects/jaffray-masc-fhops-model/data/output/ka_6_sub28_lock14_sa_20260301_200539.json,/home/rjaffray/projects/jaffray-masc-fhops-model/data/output/ka_6_sub28_lock14_sa_20260301_200539_assignments.csv,/home/rjaffray/projects/jaffray-masc-fhops-model/data/output/stdout/ka_6_sub28_lock14_sa_20260301_200539.out.txt,/home/rjaffray/projects/jaffray-masc-fhops-model/data/output/stderr/ka_6_sub28_lock14_sa_20260301_200539.err.txt,2026-03-01 20:05:39
ka,6,ka_6,,8,56,1,56,mip,True,0,0.0,/home/rjaffray/projects/jaffray-masc-fhops-model/data/output/ka_6_sub56_lock1_mip_20260301_200539.json,/home/rjaffray/projects/jaffray-masc-fhops-model/data/output/ka_6_sub56_lock1_mip_20260301_200539_assignments.csv,/home/rjaffray/projects/jaffray-masc-fhops-model/data/output/stdout/ka_6_sub56_lock1_mip_20260301_200539.out.txt,/home/rjaffray/projects/jaffray-masc-fhops-model/data/output/stderr/ka_6_sub56_lock1_mip_20260301_200539.err.txt,2026-03-01 20:05:39
ka,6,ka_6,,8,56,1,56,sa,True,0,0.0,/home/rjaffray/projects/jaffray-masc-fhops-model/data/output/ka_6_sub56_lock1_sa_20260301_200539.json,/home/rjaffray/projects/jaffray-masc-fhops-model/data/output/ka_6_sub56_lock1_sa_20260301_200539_assignments.csv,/home/rjaffray/projects/jaffray-masc-fhops-model/data/output/stdout/ka_6_sub56_lock1_sa_20260301_200539.out.txt,/home/rjaffray/projects/jaffray-masc-fhops-model/data/output/stderr/ka_6_sub56_lock1_sa_20260301_200539.err.txt,2026-03-01 20:05:39
ka,6,ka_6,,8,56,7,56,mip,True,0,0.0,/home/rjaffray/projects/jaffray-masc-fhops-model/data/output/ka_6_sub56_lock7_mip_20260301_200539.json,/home/rjaffray/projects/jaffray-masc-fhops-model/data/output/ka_6_sub56_lock7_mip_20260301_200539_assignments.csv,/home/rjaffray/projects/jaffray-masc-fhops-model/data/output/stdout/ka_6_sub56_lock7_mip_20260301_200539.out.txt,/home/rjaffray/projects/jaffray-masc-fhops-model/data/output/stderr/ka_6_sub56_lock7_mip_20260301_200539.err.txt,2026-03-01 20:05:39
ka,6,ka_6,,8,56,7,56,sa,True,0,0.0,/home/rjaffray/projects/jaffray-masc-fhops-model/data/output/ka_6_sub56_lock7_sa_20260301_200539.json,/home/rjaffray/projects/jaffray-masc-fhops-model/data/output/ka_6_sub56_lock7_sa_20260301_200539_assignments.csv,/home/rjaffray/projects/jaffray-masc-fhops-model/data/output/stdout/ka_6_sub56_lock7_sa_20260301_200539.out.txt,/home/rjaffray/projects/jaffray-masc-fhops-model/data/output/stderr/ka_6_sub56_lock7_sa_20260301_200539.err.txt,2026-03-01 20:05:39
ka,6,ka_6,,8,56,14,56,mip,True,0,0.0,/home/rjaffray/projects/jaffray-masc-fhops-model/data/output/ka_6_sub56_lock14_mip_20260301_200539.json,/home/rjaffray/projects/jaffray-masc-fhops-model/data/output/ka_6_sub56_lock14_mip_20260301_200539_assignments.csv,/home/rjaffray/projects/jaffray-masc-fhops-model/data/output/stdout/ka_6_sub56_lock14_mip_20260301_200539.out.txt,/home/rjaffray/projects/jaffray-masc-fhops-model/data/output/stderr/ka_6_sub56_lock14_mip_20260301_200539.err.txt,2026-03-01 20:05:39
ka,6,ka_6,,8,56,14,56,sa,True,0,0.0,/home/rjaffray/projects/jaffray-masc-fhops-model/data/output/ka_6_sub56_lock14_sa_20260301_200539.json,/home/rjaffray/projects/jaffray-masc-fhops-model/data/output/ka_6_sub56_lock14_sa_20260301_200539_assignments.csv,/home/rjaffray/projects/jaffray-masc-fhops-model/data/output/stdout/ka_6_sub56_lock14_sa_20260301_200539.out.txt,/home/rjaffray/projects/jaffray-masc-fhops-model/data/output/stderr/ka_6_sub56_lock14_sa_20260301_200539.err.txt,2026-03-01 20:05:39
ka,6,ka_6,,16,112,1,112,mip,True,0,0.0,/home/rjaffray/projects/jaffray-masc-fhops-model/data/output/ka_6_sub112_lock1_mip_20260301_200539.json,/home/rjaffray/projects/jaffray-masc-fhops-model/data/output/ka_6_sub112_lock1_mip_20260301_200539_assignments.csv,/home/rjaffray/projects/jaffray-masc-fhops-model/data/output/stdout/ka_6_sub112_lock1_mip_20260301_200539.out.txt,/home/rjaffray/projects/jaffray-masc-fhops-model/data/output/stderr/ka_6_sub112_lock1_mip_20260301_200539.err.txt,2026-03-01 20:05:39
ka,6,ka_6,,16,112,1,112,sa,True,0,0.0,/home/rjaffray/projects/jaffray-masc-fhops-model/data/output/ka_6_sub112_lock1_sa_20260301_200539.json,/home/rjaffray/projects/jaffray-masc-fhops-model/data/output/ka_6_sub112_lock1_sa_20260301_200539_assignments.csv,/home/rjaffray/projects/jaffray-masc-fhops-model/data/output/stdout/ka_6_sub112_lock1_sa_20260301_200539.out.txt,/home/rjaffray/projects/jaffray-masc-fhops-model/data/output/stderr/ka_6_sub112_lock1_sa_20260301_200539.err.txt,2026-03-01 20:05:39
ka,6,ka_6,,16,112,7,112,mip,True,0,0.0,/home/rjaffray/projects/jaffray-masc-fhops-model/data/output/ka_6_sub112_lock7_mip_20260301_200539.json,/home/rjaffray/projects/jaffray-masc-fhops-model/data/output/ka_6_sub112_lock7_mip_20260301_200539_assignments.csv,/home/rjaffray/projects/jaffray-masc-fhops-model/data/output/stdout/ka_6_sub112_lock7_mip_20260301_200539.out.txt,/home/rjaffray/projects/jaffray-masc-fhops-model/data/output/stderr/ka_6_sub112_lock7_mip_20260301_200539.err.txt,2026-03-01 20:05:39
ka,6,ka_6,,16,112,7,112,sa,True,0,0.0,/home/rjaffray/projects/jaffray-masc-fhops-model/data/output/ka_6_sub112_lock7_sa_20260301_200539.json,/home/rjaffray/projects/jaffray-masc-fhops-model/data/output/ka_6_sub112_lock7_sa_20260301_200539_assignments.csv,/home/rjaffray/projects/jaffray-masc-fhops-model/data/output/stdout/ka_6_sub112_lock7_sa_20260301_200539.out.txt,/home/rjaffray/projects/jaffray-masc-fhops-model/data/output/stderr/ka_6_sub112_lock7_sa_20260301_200539.err.txt,2026-03-01 20:05:39
ka,6,ka_6,,16,112,14,112,mip,True,0,0.0,/home/rjaffray/projects/jaffray-masc-fhops-model/data/output/ka_6_sub112_lock14_mip_20260301_200539.json,/home/rjaffray/projects/jaffray-masc-fhops-model/data/output/ka_6_sub112_lock14_mip_20260301_200539_assignments.csv,/home/rjaffray/projects/jaffray-masc-fhops-model/data/output/stdout/ka_6_sub112_lock14_mip_20260301_200539.out.txt,/home/rjaffray/projects/jaffray-masc-fhops-model/data/output/stderr/ka_6_sub112_lock14_mip_20260301_200539.err.txt,2026-03-01 20:05:39
ka,6,ka_6,,16,112,14,112,sa,True,0,0.0,/home/rjaffray/projects/jaffray-masc-fhops-model/data/output/ka_6_sub112_lock14_sa_20260301_200539.json,/home/rjaffray/projects/jaffray-masc-fhops-model/data/output/ka_6_sub112_lock14_sa_20260301_200539_assignments.csv,/home/rjaffray/projects/jaffray-masc-fhops-model/data/output/stdout/ka_6_sub112_lock14_sa_20260301_200539.out.txt,/home/rjaffray/projects/jaffray-masc-fhops-model/data/output/stderr/ka_6_sub112_lock14_sa_20260301_200539.err.txt,2026-03-01 20:05:39
ka,18,ka_18,,2,14,1,14,mip,True,0,0.0,/home/rjaffray/projects/jaffray-masc-fhops-model/data/output/ka_18_sub14_lock1_mip_20260301_200539.json,/home/rjaffray/projects/jaffray-masc-fhops-model/data/output/ka_18_sub14_lock1_mip_20260301_200539_assignments.csv,/home/rjaffray/projects/jaffray-masc-fhops-model/data/output/stdout/ka_18_sub14_lock1_mip_20260301_200539.out.txt,/home/rjaffray/projects/jaffray-masc-fhops-model/data/output/stderr/ka_18_sub14_lock1_mip_20260301_200539.err.txt,2026-03-01 20:05:39
ka,18,ka_18,,2,14,1,14,sa,True,0,0.0,/home/rjaffray/projects/jaffray-masc-fhops-model/data/output/ka_18_sub14_lock1_sa_20260301_200539.json,/home/rjaffray/projects/jaffray-masc-fhops-model/data/output/ka_18_sub14_lock1_sa_20260301_200539_assignments.csv,/home/rjaffray/projects/jaffray-masc-fhops-model/data/output/stdout/ka_18_sub14_lock1_sa_20260301_200539.out.txt,/home/rjaffray/projects/jaffray-masc-fhops-model/data/output/stderr/ka_18_sub14_lock1_sa_20260301_200539.err.txt,2026-03-01 20:05:39
ka,18,ka_18,,2,14,7,14,mip,True,0,0.0,/home/rjaffray/projects/jaffray-masc-fhops-model/data/output/ka_18_sub14_lock7_mip_20260301_200539.json,/home/rjaffray/projects/jaffray-masc-fhops-model/data/output/ka_18_sub14_lock7_mip_20260301_200539_assignments.csv,/home/rjaffray/projects/jaffray-masc-fhops-model/data/output/stdout/ka_18_sub14_lock7_mip_20260301_200539.out.txt,/home/rjaffray/projects/jaffray-masc-fhops-model/data/output/stderr/ka_18_sub14_lock7_mip_20260301_200539.err.txt,2026-03-01 20:05:39
ka,18,ka_18,,2,14,7,14,sa,True,0,0.0,/home/rjaffray/projects/jaffray-masc-fhops-model/data/output/ka_18_sub14_lock7_sa_20260301_200539.json,/home/rjaffray/projects/jaffray-masc-fhops-model/data/output/ka_18_sub14_lock7_sa_20260301_200539_assignments.csv,/home/rjaffray/projects/jaffray-masc-fhops-model/data/output/stdout/ka_18_sub14_lock7_sa_20260301_200539.out.txt,/home/rjaffray/projects/jaffray-masc-fhops-model/data/output/stderr/ka_18_sub14_lock7_sa_20260301_200539.err.txt,2026-03-01 20:05:39
ka,18,ka_18,,2,14,14,14,mip,True,0,0.0,/home/rjaffray/projects/jaffray-masc-fhops-model/data/output/ka_18_sub14_lock14_mip_20260301_200539.json,/home/rjaffray/projects/jaffray-masc-fhops-model/data/output/ka_18_sub14_lock14_mip_20260301_200539_assignments.csv,/home/rjaffray/projects/jaffray-masc-fhops-model/data/output/stdout/ka_18_sub14_lock14_mip_20260301_200539.out.txt,/home/rjaffray/projects/jaffray-masc-fhops-model/data/output/stderr/ka_18_sub14_lock14_mip_20260301_200539.err.txt,2026-03-01 20:05:39
ka,18,ka_18,,2,14,14,14,sa,True,0,0.0,/home/rjaffray/projects/jaffray-masc-fhops-model/data/output/ka_18_sub14_lock14_sa_20260301_200539.json,/home/rjaffray/projects/jaffray-masc-fhops-model/data/output/ka_18_sub14_lock14_sa_20260301_200539_assignments.csv,/home/rjaffray/projects/jaffray-masc-fhops-model/data/output/stdout/ka_18_sub14_lock14_sa_20260301_200539.out.txt,/home/rjaffray/projects/jaffray-masc-fhops-model/data/output/stderr/ka_18_sub14_lock14_sa_20260301_200539.err.txt,2026-03-01 20:05:39
ka,18,ka_18,,4,28,1,28,mip,True,0,0.0,/home/rjaffray/projects/jaffray-masc-fhops-model/data/output/ka_18_sub28_lock1_mip_20260301_200539.json,/home/rjaffray/projects/jaffray-masc-fhops-model/data/output/ka_18_sub28_lock1_mip_20260301_200539_assignments.csv,/home/rjaffray/projects/jaffray-masc-fhops-model/data/output/stdout/ka_18_sub28_lock1_mip_20260301_200539.out.txt,/home/rjaffray/projects/jaffray-masc-fhops-model/data/output/stderr/ka_18_sub28_lock1_mip_20260301_200539.err.txt,2026-03-01 20:05:39
ka,18,ka_18,,4,28,1,28,sa,True,0,0.0,/home/rjaffray/projects/jaffray-masc-fhops-model/data/output/ka_18_sub28_lock1_sa_20260301_200539.json,/home/rjaffray/projects/jaffray-masc-fhops-model/data/output/ka_18_sub28_lock1_sa_20260301_200539_assignments.csv,/home/rjaffray/projects/jaffray-masc-fhops-model/data/output/stdout/ka_18_sub28_lock1_sa_20260301_200539.out.txt,/home/rjaffray/projects/jaffray-masc-fhops-model/data/output/stderr/ka_18_sub28_lock1_sa_20260301_200539.err.txt,2026-03-01 20:05:39
ka,18,ka_18,,4,28,7,28,mip,True,0,0.0,/home/rjaffray/projects/jaffray-masc-fhops-model/data/output/ka_18_sub28_lock7_mip_20260301_200539.json,/home/rjaffray/projects/jaffray-masc-fhops-model/data/output/ka_18_sub28_lock7_mip_20260301_200539_assignments.csv,/home/rjaffray/projects/jaffray-masc-fhops-model/data/output/stdout/ka_18_sub28_lock7_mip_20260301_200539.out.txt,/home/rjaffray/projects/jaffray-masc-fhops-model/data/output/stderr/ka_18_sub28_lock7_mip_20260301_200539.err.txt,2026-03-01 20:05:39
ka,18,ka_18,,4,28,7,28,sa,True,0,0.0,/home/rjaffray/projects/jaffray-masc-fhops-model/data/output/ka_18_sub28_lock7_sa_20260301_200539.json,/home/rjaffray/projects/jaffray-masc-fhops-model/data/output/ka_18_sub28_lock7_sa_20260301_200539_assignments.csv,/home/rjaffray/projects/jaffray-masc-fhops-model/data/output/stdout/ka_18_sub28_lock7_sa_20260301_200539.out.txt,/home/rjaffray/projects/jaffray-masc-fhops-model/data/output/stderr/ka_18_sub28_lock7_sa_20260301_200539.err.txt,2026-03-01 20:05:39
ka,18,ka_18,,4,28,14,28,mip,True,0,0.0,/home/rjaffray/projects/jaffray-masc-fhops-model/data/output/ka_18_sub28_lock14_mip_20260301_200539.json,/home/rjaffray/projects/jaffray-masc-fhops-model/data/output/ka_18_sub28_lock14_mip_20260301_200539_assignments.csv,/home/rjaffray/projects/jaffray-masc-fhops-model/data/output/stdout/ka_18_sub28_lock14_mip_20260301_200539.out.txt,/home/rjaffray/projects/jaffray-masc-fhops-model/data/output/stderr/ka_18_sub28_lock14_mip_20260301_200539.err.txt,2026-03-01 20:05:39
ka,18,ka_18,,4,28,14,28,sa,True,0,0.0,/home/rjaffray/projects/jaffray-masc-fhops-model/data/output/ka_18_sub28_lock14_sa_20260301_200539.json,/home/rjaffray/projects/jaffray-masc-fhops-model/data/output/ka_18_sub28_lock14_sa_20260301_200539_assignments.csv,/home/rjaffray/projects/jaffray-masc-fhops-model/data/output/stdout/ka_18_sub28_lock14_sa_20260301_200539.out.txt,/home/rjaffray/projects/jaffray-masc-fhops-model/data/output/stderr/ka_18_sub28_lock14_sa_20260301_200539.err.txt,2026-03-01 20:05:39
ka,18,ka_18,,8,56,1,56,mip,True,0,0.0,/home/rjaffray/projects/jaffray-masc-fhops-model/data/output/ka_18_sub56_lock1_mip_20260301_200539.json,/home/rjaffray/projects/jaffray-masc-fhops-model/data/output/ka_18_sub56_lock1_mip_20260301_200539_assignments.csv,/home/rjaffray/projects/jaffray-masc-fhops-model/data/output/stdout/ka_18_sub56_lock1_mip_20260301_200539.out.txt,/home/rjaffray/projects/jaffray-masc-fhops-model/data/output/stderr/ka_18_sub56_lock1_mip_20260301_200539.err.txt,2026-03-01 20:05:39
ka,18,ka_18,,8,56,1,56,sa,True,0,0.0,/home/rjaffray/projects/jaffray-masc-fhops-model/data/output/ka_18_sub56_lock1_sa_20260301_200539.json,/home/rjaffray/projects/jaffray-masc-fhops-model/data/output/ka_18_sub56_lock1_sa_20260301_200539_assignments.csv,/home/rjaffray/projects/jaffray-masc-fhops-model/data/output/stdout/ka_18_sub56_lock1_sa_20260301_200539.out.txt,/home/rjaffray/projects/jaffray-masc-fhops-model/data/output/stderr/ka_18_sub56_lock1_sa_20260301_200539.err.txt,2026-03-01 20:05:39
ka,18,ka_18,,8,56,7,56,mip,True,0,0.0,/home/rjaffray/projects/jaffray-masc-fhops-model/data/output/ka_18_sub56_lock7_mip_20260301_200539.json,/home/rjaffray/projects/jaffray-masc-fhops-model/data/output/ka_18_sub56_lock7_mip_20260301_200539_assignments.csv,/home/rjaffray/projects/jaffray-masc-fhops-model/data/output/stdout/ka_18_sub56_lock7_mip_20260301_200539.out.txt,/home/rjaffray/projects/jaffray-masc-fhops-model/data/output/stderr/ka_18_sub56_lock7_mip_20260301_200539.err.txt,2026-03-01 20:05:39
ka,18,ka_18,,8,56,7,56,sa,True,0,0.0,/home/rjaffray/projects/jaffray-masc-fhops-model/data/output/ka_18_sub56_lock7_sa_20260301_200539.json,/home/rjaffray/projects/jaffray-masc-fhops-model/data/output/ka_18_sub56_lock7_sa_20260301_200539_assignments.csv,/home/rjaffray/projects/jaffray-masc-fhops-model/data/output/stdout/ka_18_sub56_lock7_sa_20260301_200539.out.txt,/home/rjaffray/projects/jaffray-masc-fhops-model/data/output/stderr/ka_18_sub56_lock7_sa_20260301_200539.err.txt,2026-03-01 20:05:39
ka,18,ka_18,,8,56,14,56,mip,True,0,0.0,/home/rjaffray/projects/jaffray-masc-fhops-model/data/output/ka_18_sub56_lock14_mip_20260301_200539.json,/home/rjaffray/projects/jaffray-masc-fhops-model/data/output/ka_18_sub56_lock14_mip_20260301_200539_assignments.csv,/home/rjaffray/projects/jaffray-masc-fhops-model/data/output/stdout/ka_18_sub56_lock14_mip_20260301_200539.out.txt,/home/rjaffray/projects/jaffray-masc-fhops-model/data/output/stderr/ka_18_sub56_lock14_mip_20260301_200539.err.txt,2026-03-01 20:05:39
ka,18,ka_18,,8,56,14,56,sa,True,0,0.0,/home/rjaffray/projects/jaffray-masc-fhops-model/data/output/ka_18_sub56_lock14_sa_20260301_200539.json,/home/rjaffray/projects/jaffray-masc-fhops-model/data/output/ka_18_sub56_lock14_sa_20260301_200539_assignments.csv,/home/rjaffray/projects/jaffray-masc-fhops-model/data/output/stdout/ka_18_sub56_lock14_sa_20260301_200539.out.txt,/home/rjaffray/projects/jaffray-masc-fhops-model/data/output/stderr/ka_18_sub56_lock14_sa_20260301_200539.err.txt,2026-03-01 20:05:39
ka,18,ka_18,,16,112,1,112,mip,True,0,0.0,/home/rjaffray/projects/jaffray-masc-fhops-model/data/output/ka_18_sub112_lock1_mip_20260301_200539.json,/home/rjaffray/projects/jaffray-masc-fhops-model/data/output/ka_18_sub112_lock1_mip_20260301_200539_assignments.csv,/home/rjaffray/projects/jaffray-masc-fhops-model/data/output/stdout/ka_18_sub112_lock1_mip_20260301_200539.out.txt,/home/rjaffray/projects/jaffray-masc-fhops-model/data/output/stderr/ka_18_sub112_lock1_mip_20260301_200539.err.txt,2026-03-01 20:05:39
ka,18,ka_18,,16,112,1,112,sa,True,0,0.0,/home/rjaffray/projects/jaffray-masc-fhops-model/data/output/ka_18_sub112_lock1_sa_20260301_200539.json,/home/rjaffray/projects/jaffray-masc-fhops-model/data/output/ka_18_sub112_lock1_sa_20260301_200539_assignments.csv,/home/rjaffray/projects/jaffray-masc-fhops-model/data/output/stdout/ka_18_sub112_lock1_sa_20260301_200539.out.txt,/home/rjaffray/projects/jaffray-masc-fhops-model/data/output/stderr/ka_18_sub112_lock1_sa_20260301_200539.err.txt,2026-03-01 20:05:39
ka,18,ka_18,,16,112,7,112,mip,True,0,0.0,/home/rjaffray/projects/jaffray-masc-fhops-model/data/output/ka_18_sub112_lock7_mip_20260301_200539.json,/home/rjaffray/projects/jaffray-masc-fhops-model/data/output/ka_18_sub112_lock7_mip_20260301_200539_assignments.csv,/home/rjaffray/projects/jaffray-masc-fhops-model/data/output/stdout/ka_18_sub112_lock7_mip_20260301_200539.out.txt,/home/rjaffray/projects/jaffray-masc-fhops-model/data/output/stderr/ka_18_sub112_lock7_mip_20260301_200539.err.txt,2026-03-01 20:05:39
ka,18,ka_18,,16,112,7,112,sa,True,0,0.0,/home/rjaffray/projects/jaffray-masc-fhops-model/data/output/ka_18_sub112_lock7_sa_20260301_200539.json,/home/rjaffray/projects/jaffray-masc-fhops-model/data/output/ka_18_sub112_lock7_sa_20260301_200539_assignments.csv,/home/rjaffray/projects/jaffray-masc-fhops-model/data/output/stdout/ka_18_sub112_lock7_sa_20260301_200539.out.txt,/home/rjaffray/projects/jaffray-masc-fhops-model/data/output/stderr/ka_18_sub112_lock7_sa_20260301_200539.err.txt,2026-03-01 20:05:39
ka,18,ka_18,,16,112,14,112,mip,True,0,0.0,/home/rjaffray/projects/jaffray-masc-fhops-model/data/output/ka_18_sub112_lock14_mip_20260301_200539.json,/home/rjaffray/projects/jaffray-masc-fhops-model/data/output/ka_18_sub112_lock14_mip_20260301_200539_assignments.csv,/home/rjaffray/projects/jaffray-masc-fhops-model/data/output/stdout/ka_18_sub112_lock14_mip_20260301_200539.out.txt,/home/rjaffray/projects/jaffray-masc-fhops-model/data/output/stderr/ka_18_sub112_lock14_mip_20260301_200539.err.txt,2026-03-01 20:05:39
ka,18,ka_18,,16,112,14,112,sa,True,0,0.0,/home/rjaffray/projects/jaffray-masc-fhops-model/data/output/ka_18_sub112_lock14_sa_20260301_200539.json,/home/rjaffray/projects/jaffray-masc-fhops-model/data/output/ka_18_sub112_lock14_sa_20260301_200539_assignments.csv,/home/rjaffray/projects/jaffray-masc-fhops-model/data/output/stdout/ka_18_sub112_lock14_sa_20260301_200539.out.txt,/home/rjaffray/projects/jaffray-masc-fhops-model/data/output/stderr/ka_18_sub112_lock14_sa_20260301_200539.err.txt,2026-03-01 20:05:39
ka,40,ka_40,,2,14,1,14,mip,True,0,0.0,/home/rjaffray/projects/jaffray-masc-fhops-model/data/output/ka_40_sub14_lock1_mip_20260301_200539.json,/home/rjaffray/projects/jaffray-masc-fhops-model/data/output/ka_40_sub14_lock1_mip_20260301_200539_assignments.csv,/home/rjaffray/projects/jaffray-masc-fhops-model/data/output/stdout/ka_40_sub14_lock1_mip_20260301_200539.out.txt,/home/rjaffray/projects/jaffray-masc-fhops-model/data/output/stderr/ka_40_sub14_lock1_mip_20260301_200539.err.txt,2026-03-01 20:05:39
ka,40,ka_40,,2,14,1,14,sa,True,0,0.0,/home/rjaffray/projects/jaffray-masc-fhops-model/data/output/ka_40_sub14_lock1_sa_20260301_200539.json,/home/rjaffray/projects/jaffray-masc-fhops-model/data/output/ka_40_sub14_lock1_sa_20260301_200539_assignments.csv,/home/rjaffray/projects/jaffray-masc-fhops-model/data/output/stdout/ka_40_sub14_lock1_sa_20260301_200539.out.txt,/home/rjaffray/projects/jaffray-masc-fhops-model/data/output/stderr/ka_40_sub14_lock1_sa_20260301_200539.err.txt,2026-03-01 20:05:39
ka,40,ka_40,,2,14,7,14,mip,True,0,0.0,/home/rjaffray/projects/jaffray-masc-fhops-model/data/output/ka_40_sub14_lock7_mip_20260301_200539.json,/home/rjaffray/projects/jaffray-masc-fhops-model/data/output/ka_40_sub14_lock7_mip_20260301_200539_assignments.csv,/home/rjaffray/projects/jaffray-masc-fhops-model/data/output/stdout/ka_40_sub14_lock7_mip_20260301_200539.out.txt,/home/rjaffray/projects/jaffray-masc-fhops-model/data/output/stderr/ka_40_sub14_lock7_mip_20260301_200539.err.txt,2026-03-01 20:05:39
ka,40,ka_40,,2,14,7,14,sa,True,0,0.0,/home/rjaffray/projects/jaffray-masc-fhops-model/data/output/ka_40_sub14_lock7_sa_20260301_200539.json,/home/rjaffray/projects/jaffray-masc-fhops-model/data/output/ka_40_sub14_lock7_sa_20260301_200539_assignments.csv,/home/rjaffray/projects/jaffray-masc-fhops-model/data/output/stdout/ka_40_sub14_lock7_sa_20260301_200539.out.txt,/home/rjaffray/projects/jaffray-masc-fhops-model/data/output/stderr/ka_40_sub14_lock7_sa_20260301_200539.err.txt,2026-03-01 20:05:39
ka,40,ka_40,,2,14,14,14,mip,True,0,0.0,/home/rjaffray/projects/jaffray-masc-fhops-model/data/output/ka_40_sub14_lock14_mip_20260301_200539.json,/home/rjaffray/projects/jaffray-masc-fhops-model/data/output/ka_40_sub14_lock14_mip_20260301_200539_assignments.csv,/home/rjaffray/projects/jaffray-masc-fhops-model/data/output/stdout/ka_40_sub14_lock14_mip_20260301_200539.out.txt,/home/rjaffray/projects/jaffray-masc-fhops-model/data/output/stderr/ka_40_sub14_lock14_mip_20260301_200539.err.txt,2026-03-01 20:05:39
ka,40,ka_40,,2,14,14,14,sa,True,0,0.0,/home/rjaffray/projects/jaffray-masc-fhops-model/data/output/ka_40_sub14_lock14_sa_20260301_200539.json,/home/rjaffray/projects/jaffray-masc-fhops-model/data/output/ka_40_sub14_lock14_sa_20260301_200539_assignments.csv,/home/rjaffray/projects/jaffray-masc-fhops-model/data/output/stdout/ka_40_sub14_lock14_sa_20260301_200539.out.txt,/home/rjaffray/projects/jaffray-masc-fhops-model/data/output/stderr/ka_40_sub14_lock14_sa_20260301_200539.err.txt,2026-03-01 20:05:39
ka,40,ka_40,,4,28,1,28,mip,True,0,0.0,/home/rjaffray/projects/jaffray-masc-fhops-model/data/output/ka_40_sub28_lock1_mip_20260301_200539.json,/home/rjaffray/projects/jaffray-masc-fhops-model/data/output/ka_40_sub28_lock1_mip_20260301_200539_assignments.csv,/home/rjaffray/projects/jaffray-masc-fhops-model/data/output/stdout/ka_40_sub28_lock1_mip_20260301_200539.out.txt,/home/rjaffray/projects/jaffray-masc-fhops-model/data/output/stderr/ka_40_sub28_lock1_mip_20260301_200539.err.txt,2026-03-01 20:05:39
ka,40,ka_40,,4,28,1,28,sa,True,0,0.0,/home/rjaffray/projects/jaffray-masc-fhops-model/data/output/ka_40_sub28_lock1_sa_20260301_200539.json,/home/rjaffray/projects/jaffray-masc-fhops-model/data/output/ka_40_sub28_lock1_sa_20260301_200539_assignments.csv,/home/rjaffray/projects/jaffray-masc-fhops-model/data/output/stdout/ka_40_sub28_lock1_sa_20260301_200539.out.txt,/home/rjaffray/projects/jaffray-masc-fhops-model/data/output/stderr/ka_40_sub28_lock1_sa_20260301_200539.err.txt,2026-03-01 20:05:39
ka,40,ka_40,,4,28,7,28,mip,True,0,0.0,/home/rjaffray/projects/jaffray-masc-fhops-model/data/output/ka_40_sub28_lock7_mip_20260301_200539.json,/home/rjaffray/projects/jaffray-masc-fhops-model/data/output/ka_40_sub28_lock7_mip_20260301_200539_assignments.csv,/home/rjaffray/projects/jaffray-masc-fhops-model/data/output/stdout/ka_40_sub28_lock7_mip_20260301_200539.out.txt,/home/rjaffray/projects/jaffray-masc-fhops-model/data/output/stderr/ka_40_sub28_lock7_mip_20260301_200539.err.txt,2026-03-01 20:05:39
ka,40,ka_40,,4,28,7,28,sa,True,0,0.0,/home/rjaffray/projects/jaffray-masc-fhops-model/data/output/ka_40_sub28_lock7_sa_20260301_200539.json,/home/rjaffray/projects/jaffray-masc-fhops-model/data/output/ka_40_sub28_lock7_sa_20260301_200539_assignments.csv,/home/rjaffray/projects/jaffray-masc-fhops-model/data/output/stdout/ka_40_sub28_lock7_sa_20260301_200539.out.txt,/home/rjaffray/projects/jaffray-masc-fhops-model/data/output/stderr/ka_40_sub28_lock7_sa_20260301_200539.err.txt,2026-03-01 20:05:39
ka,40,ka_40,,4,28,14,28,mip,True,0,0.0,/home/rjaffray/projects/jaffray-masc-fhops-model/data/output/ka_40_sub28_lock14_mip_20260301_200539.json,/home/rjaffray/projects/jaffray-masc-fhops-model/data/output/ka_40_sub28_lock14_mip_20260301_200539_assignments.csv,/home/rjaffray/projects/jaffray-masc-fhops-model/data/output/stdout/ka_40_sub28_lock14_mip_20260301_200539.out.txt,/home/rjaffray/projects/jaffray-masc-fhops-model/data/output/stderr/ka_40_sub28_lock14_mip_20260301_200539.err.txt,2026-03-01 20:05:39
ka,40,ka_40,,4,28,14,28,sa,True,0,0.0,/home/rjaffray/projects/jaffray-masc-fhops-model/data/output/ka_40_sub28_lock14_sa_20260301_200539.json,/home/rjaffray/projects/jaffray-masc-fhops-model/data/output/ka_40_sub28_lock14_sa_20260301_200539_assignments.csv,/home/rjaffray/projects/jaffray-masc-fhops-model/data/output/stdout/ka_40_sub28_lock14_sa_20260301_200539.out.txt,/home/rjaffray/projects/jaffray-masc-fhops-model/data/output/stderr/ka_40_sub28_lock14_sa_20260301_200539.err.txt,2026-03-01 20:05:39
ka,40,ka_40,,8,56,1,56,mip,True,0,0.0,/home/rjaffray/projects/jaffray-masc-fhops-model/data/output/ka_40_sub56_lock1_mip_20260301_200539.json,/home/rjaffray/projects/jaffray-masc-fhops-model/data/output/ka_40_sub56_lock1_mip_20260301_200539_assignments.csv,/home/rjaffray/projects/jaffray-masc-fhops-model/data/output/stdout/ka_40_sub56_lock1_mip_20260301_200539.out.txt,/home/rjaffray/projects/jaffray-masc-fhops-model/data/output/stderr/ka_40_sub56_lock1_mip_20260301_200539.err.txt,2026-03-01 20:05:39
ka,40,ka_40,,8,56,1,56,sa,True,0,0.0,/home/rjaffray/projects/jaffray-masc-fhops-model/data/output/ka_40_sub56_lock1_sa_20260301_200539.json,/home/rjaffray/projects/jaffray-masc-fhops-model/data/output/ka_40_sub56_lock1_sa_20260301_200539_assignments.csv,/home/rjaffray/projects/jaffray-masc-fhops-model/data/output/stdout/ka_40_sub56_lock1_sa_20260301_200539.out.txt,/home/rjaffray/projects/jaffray-masc-fhops-model/data/output/stderr/ka_40_sub56_lock1_sa_20260301_200539.err.txt,2026-03-01 20:05:39
ka,40,ka_40,,8,56,7,56,mip,True,0,0.0,/home/rjaffray/projects/jaffray-masc-fhops-model/data/output/ka_40_sub56_lock7_mip_20260301_200539.json,/home/rjaffray/projects/jaffray-masc-fhops-model/data/output/ka_40_sub56_lock7_mip_20260301_200539_assignments.csv,/home/rjaffray/projects/jaffray-masc-fhops-model/data/output/stdout/ka_40_sub56_lock7_mip_20260301_200539.out.txt,/home/rjaffray/projects/jaffray-masc-fhops-model/data/output/stderr/ka_40_sub56_lock7_mip_20260301_200539.err.txt,2026-03-01 20:05:39
ka,40,ka_40,,8,56,7,56,sa,True,0,0.0,/home/rjaffray/projects/jaffray-masc-fhops-model/data/output/ka_40_sub56_lock7_sa_20260301_200539.json,/home/rjaffray/projects/jaffray-masc-fhops-model/data/output/ka_40_sub56_lock7_sa_20260301_200539_assignments.csv,/home/rjaffray/projects/jaffray-masc-fhops-model/data/output/stdout/ka_40_sub56_lock7_sa_20260301_200539.out.txt,/home/rjaffray/projects/jaffray-masc-fhops-model/data/output/stderr/ka_40_sub56_lock7_sa_20260301_200539.err.txt,2026-03-01 20:05:39
ka,40,ka_40,,8,56,14,56,mip,True,0,0.0,/home/rjaffray/projects/jaffray-masc-fhops-model/data/output/ka_40_sub56_lock14_mip_20260301_200539.json,/home/rjaffray/projects/jaffray-masc-fhops-model/data/output/ka_40_sub56_lock14_mip_20260301_200539_assignments.csv,/home/rjaffray/projects/jaffray-masc-fhops-model/data/output/stdout/ka_40_sub56_lock14_mip_20260301_200539.out.txt,/home/rjaffray/projects/jaffray-masc-fhops-model/data/output/stderr/ka_40_sub56_lock14_mip_20260301_200539.err.txt,2026-03-01 20:05:39
ka,40,ka_40,,8,56,14,56,sa,True,0,0.0,/home/rjaffray/projects/jaffray-masc-fhops-model/data/output/ka_40_sub56_lock14_sa_20260301_200539.json,/home/rjaffray/projects/jaffray-masc-fhops-model/data/output/ka_40_sub56_lock14_sa_20260301_200539_assignments.csv,/home/rjaffray/projects/jaffray-masc-fhops-model/data/output/stdout/ka_40_sub56_lock14_sa_20260301_200539.out.txt,/home/rjaffray/projects/jaffray-masc-fhops-model/data/output/stderr/ka_40_sub56_lock14_sa_20260301_200539.err.txt,2026-03-01 20:05:39
ka,40,ka_40,,16,112,1,112,mip,True,0,0.0,/home/rjaffray/projects/jaffray-masc-fhops-model/data/output/ka_40_sub112_lock1_mip_20260301_200539.json,/home/rjaffray/projects/jaffray-masc-fhops-model/data/output/ka_40_sub112_lock1_mip_20260301_200539_assignments.csv,/home/rjaffray/projects/jaffray-masc-fhops-model/data/output/stdout/ka_40_sub112_lock1_mip_20260301_200539.out.txt,/home/rjaffray/projects/jaffray-masc-fhops-model/data/output/stderr/ka_40_sub112_lock1_mip_20260301_200539.err.txt,2026-03-01 20:05:39
ka,40,ka_40,,16,112,1,112,sa,True,0,0.0,/home/rjaffray/projects/jaffray-masc-fhops-model/data/output/ka_40_sub112_lock1_sa_20260301_200539.json,/home/rjaffray/projects/jaffray-masc-fhops-model/data/output/ka_40_sub112_lock1_sa_20260301_200539_assignments.csv,/home/rjaffray/projects/jaffray-masc-fhops-model/data/output/stdout/ka_40_sub112_lock1_sa_20260301_200539.out.txt,/home/rjaffray/projects/jaffray-masc-fhops-model/data/output/stderr/ka_40_sub112_lock1_sa_20260301_200539.err.txt,2026-03-01 20:05:39
ka,40,ka_40,,16,112,7,112,mip,True,0,0.0,/home/rjaffray/projects/jaffray-masc-fhops-model/data/output/ka_40_sub112_lock7_mip_20260301_200539.json,/home/rjaffray/projects/jaffray-masc-fhops-model/data/output/ka_40_sub112_lock7_mip_20260301_200539_assignments.csv,/home/rjaffray/projects/jaffray-masc-fhops-model/data/output/stdout/ka_40_sub112_lock7_mip_20260301_200539.out.txt,/home/rjaffray/projects/jaffray-masc-fhops-model/data/output/stderr/ka_40_sub112_lock7_mip_20260301_200539.err.txt,2026-03-01 20:05:39
ka,40,ka_40,,16,112,7,112,sa,True,0,0.0,/home/rjaffray/projects/jaffray-masc-fhops-model/data/output/ka_40_sub112_lock7_sa_20260301_200539.json,/home/rjaffray/projects/jaffray-masc-fhops-model/data/output/ka_40_sub112_lock7_sa_20260301_200539_assignments.csv,/home/rjaffray/projects/jaffray-masc-fhops-model/data/output/stdout/ka_40_sub112_lock7_sa_20260301_200539.out.txt,/home/rjaffray/projects/jaffray-masc-fhops-model/data/output/stderr/ka_40_sub112_lock7_sa_20260301_200539.err.txt,2026-03-01 20:05:39
ka,40,ka_40,,16,112,14,112,mip,True,0,0.0,/home/rjaffray/projects/jaffray-masc-fhops-model/data/output/ka_40_sub112_lock14_mip_20260301_200539.json,/home/rjaffray/projects/jaffray-masc-fhops-model/data/output/ka_40_sub112_lock14_mip_20260301_200539_assignments.csv,/home/rjaffray/projects/jaffray-masc-fhops-model/data/output/stdout/ka_40_sub112_lock14_mip_20260301_200539.out.txt,/home/rjaffray/projects/jaffray-masc-fhops-model/data/output/stderr/ka_40_sub112_lock14_mip_20260301_200539.err.txt,2026-03-01 20:05:39
ka,40,ka_40,,16,112,14,112,sa,True,0,0.0,/home/rjaffray/projects/jaffray-masc-fhops-model/data/output/ka_40_sub112_lock14_sa_20260301_200539.json,/home/rjaffray/projects/jaffray-masc-fhops-model/data/output/ka_40_sub112_lock14_sa_20260301_200539_assignments.csv,/home/rjaffray/projects/jaffray-masc-fhops-model/data/output/stdout/ka_40_sub112_lock14_sa_20260301_200539.out.txt,/home/rjaffray/projects/jaffray-masc-fhops-model/data/output/stderr/ka_40_sub112_lock14_sa_20260301_200539.err.txt,2026-03-01 20:05:39
ni,6,ni_6,,2,14,1,14,mip,True,0,0.0,/home/rjaffray/projects/jaffray-masc-fhops-model/data/output/ni_6_sub14_lock1_mip_20260301_200539.json,/home/rjaffray/projects/jaffray-masc-fhops-model/data/output/ni_6_sub14_lock1_mip_20260301_200539_assignments.csv,/home/rjaffray/projects/jaffray-masc-fhops-model/data/output/stdout/ni_6_sub14_lock1_mip_20260301_200539.out.txt,/home/rjaffray/projects/jaffray-masc-fhops-model/data/output/stderr/ni_6_sub14_lock1_mip_20260301_200539.err.txt,2026-03-01 20:05:39
ni,6,ni_6,,2,14,1,14,sa,True,0,0.0,/home/rjaffray/projects/jaffray-masc-fhops-model/data/output/ni_6_sub14_lock1_sa_20260301_200539.json,/home/rjaffray/projects/jaffray-masc-fhops-model/data/output/ni_6_sub14_lock1_sa_20260301_200539_assignments.csv,/home/rjaffray/projects/jaffray-masc-fhops-model/data/output/stdout/ni_6_sub14_lock1_sa_20260301_200539.out.txt,/home/rjaffray/projects/jaffray-masc-fhops-model/data/output/stderr/ni_6_sub14_lock1_sa_20260301_200539.err.txt,2026-03-01 20:05:39
ni,6,ni_6,,2,14,7,14,mip,True,0,0.0,/home/rjaffray/projects/jaffray-masc-fhops-model/data/output/ni_6_sub14_lock7_mip_20260301_200539.json,/home/rjaffray/projects/jaffray-masc-fhops-model/data/output/ni_6_sub14_lock7_mip_20260301_200539_assignments.csv,/home/rjaffray/projects/jaffray-masc-fhops-model/data/output/stdout/ni_6_sub14_lock7_mip_20260301_200539.out.txt,/home/rjaffray/projects/jaffray-masc-fhops-model/data/output/stderr/ni_6_sub14_lock7_mip_20260301_200539.err.txt,2026-03-01 20:05:39
ni,6,ni_6,,2,14,7,14,sa,True,0,0.0,/home/rjaffray/projects/jaffray-masc-fhops-model/data/output/ni_6_sub14_lock7_sa_20260301_200539.json,/home/rjaffray/projects/jaffray-masc-fhops-model/data/output/ni_6_sub14_lock7_sa_20260301_200539_assignments.csv,/home/rjaffray/projects/jaffray-masc-fhops-model/data/output/stdout/ni_6_sub14_lock7_sa_20260301_200539.out.txt,/home/rjaffray/projects/jaffray-masc-fhops-model/data/output/stderr/ni_6_sub14_lock7_sa_20260301_200539.err.txt,2026-03-01 20:05:39
ni,6,ni_6,,2,14,14,14,mip,True,0,0.0,/home/rjaffray/projects/jaffray-masc-fhops-model/data/output/ni_6_sub14_lock14_mip_20260301_200539.json,/home/rjaffray/projects/jaffray-masc-fhops-model/data/output/ni_6_sub14_lock14_mip_20260301_200539_assignments.csv,/home/rjaffray/projects/jaffray-masc-fhops-model/data/output/stdout/ni_6_sub14_lock14_mip_20260301_200539.out.txt,/home/rjaffray/projects/jaffray-masc-fhops-model/data/output/stderr/ni_6_sub14_lock14_mip_20260301_200539.err.txt,2026-03-01 20:05:39
ni,6,ni_6,,2,14,14,14,sa,True,0,0.0,/home/rjaffray/projects/jaffray-masc-fhops-model/data/output/ni_6_sub14_lock14_sa_20260301_200539.json,/home/rjaffray/projects/jaffray-masc-fhops-model/data/output/ni_6_sub14_lock14_sa_20260301_200539_assignments.csv,/home/rjaffray/projects/jaffray-masc-fhops-model/data/output/stdout/ni_6_sub14_lock14_sa_20260301_200539.out.txt,/home/rjaffray/projects/jaffray-masc-fhops-model/data/output/stderr/ni_6_sub14_lock14_sa_20260301_200539.err.txt,2026-03-01 20:05:39
ni,6,ni_6,,4,28,1,28,mip,True,0,0.0,/home/rjaffray/projects/jaffray-masc-fhops-model/data/output/ni_6_sub28_lock1_mip_20260301_200539.json,/home/rjaffray/projects/jaffray-masc-fhops-model/data/output/ni_6_sub28_lock1_mip_20260301_200539_assignments.csv,/home/rjaffray/projects/jaffray-masc-fhops-model/data/output/stdout/ni_6_sub28_lock1_mip_20260301_200539.out.txt,/home/rjaffray/projects/jaffray-masc-fhops-model/data/output/stderr/ni_6_sub28_lock1_mip_20260301_200539.err.txt,2026-03-01 20:05:39
ni,6,ni_6,,4,28,1,28,sa,True,0,0.0,/home/rjaffray/projects/jaffray-masc-fhops-model/data/output/ni_6_sub28_lock1_sa_20260301_200539.json,/home/rjaffray/projects/jaffray-masc-fhops-model/data/output/ni_6_sub28_lock1_sa_20260301_200539_assignments.csv,/home/rjaffray/projects/jaffray-masc-fhops-model/data/output/stdout/ni_6_sub28_lock1_sa_20260301_200539.out.txt,/home/rjaffray/projects/jaffray-masc-fhops-model/data/output/stderr/ni_6_sub28_lock1_sa_20260301_200539.err.txt,2026-03-01 20:05:39
ni,6,ni_6,,4,28,7,28,mip,True,0,0.0,/home/rjaffray/projects/jaffray-masc-fhops-model/data/output/ni_6_sub28_lock7_mip_20260301_200539.json,/home/rjaffray/projects/jaffray-masc-fhops-model/data/output/ni_6_sub28_lock7_mip_20260301_200539_assignments.csv,/home/rjaffray/projects/jaffray-masc-fhops-model/data/output/stdout/ni_6_sub28_lock7_mip_20260301_200539.out.txt,/home/rjaffray/projects/jaffray-masc-fhops-model/data/output/stderr/ni_6_sub28_lock7_mip_20260301_200539.err.txt,2026-03-01 20:05:39
ni,6,ni_6,,4,28,7,28,sa,True,0,0.0,/home/rjaffray/projects/jaffray-masc-fhops-model/data/output/ni_6_sub28_lock7_sa_20260301_200539.json,/home/rjaffray/projects/jaffray-masc-fhops-model/data/output/ni_6_sub28_lock7_sa_20260301_200539_assignments.csv,/home/rjaffray/projects/jaffray-masc-fhops-model/data/output/stdout/ni_6_sub28_lock7_sa_20260301_200539.out.txt,/home/rjaffray/projects/jaffray-masc-fhops-model/data/output/stderr/ni_6_sub28_lock7_sa_20260301_200539.err.txt,2026-03-01 20:05:39
ni,6,ni_6,,4,28,14,28,mip,True,0,0.0,/home/rjaffray/projects/jaffray-masc-fhops-model/data/output/ni_6_sub28_lock14_mip_20260301_200539.json,/home/rjaffray/projects/jaffray-masc-fhops-model/data/output/ni_6_sub28_lock14_mip_20260301_200539_assignments.csv,/home/rjaffray/projects/jaffray-masc-fhops-model/data/output/stdout/ni_6_sub28_lock14_mip_20260301_200539.out.txt,/home/rjaffray/projects/jaffray-masc-fhops-model/data/output/stderr/ni_6_sub28_lock14_mip_20260301_200539.err.txt,2026-03-01 20:05:39
ni,6,ni_6,,4,28,14,28,sa,True,0,0.0,/home/rjaffray/projects/jaffray-masc-fhops-model/data/output/ni_6_sub28_lock14_sa_20260301_200539.json,/home/rjaffray/projects/jaffray-masc-fhops-model/data/output/ni_6_sub28_lock14_sa_20260301_200539_assignments.csv,/home/rjaffray/projects/jaffray-masc-fhops-model/data/output/stdout/ni_6_sub28_lock14_sa_20260301_200539.out.txt,/home/rjaffray/projects/jaffray-masc-fhops-model/data/output/stderr/ni_6_sub28_lock14_sa_20260301_200539.err.txt,2026-03-01 20:05:39
ni,6,ni_6,,8,56,1,56,mip,True,0,0.0,/home/rjaffray/projects/jaffray-masc-fhops-model/data/output/ni_6_sub56_lock1_mip_20260301_200539.json,/home/rjaffray/projects/jaffray-masc-fhops-model/data/output/ni_6_sub56_lock1_mip_20260301_200539_assignments.csv,/home/rjaffray/projects/jaffray-masc-fhops-model/data/output/stdout/ni_6_sub56_lock1_mip_20260301_200539.out.txt,/home/rjaffray/projects/jaffray-masc-fhops-model/data/output/stderr/ni_6_sub56_lock1_mip_20260301_200539.err.txt,2026-03-01 20:05:39
ni,6,ni_6,,8,56,1,56,sa,True,0,0.0,/home/rjaffray/projects/jaffray-masc-fhops-model/data/output/ni_6_sub56_lock1_sa_20260301_200539.json,/home/rjaffray/projects/jaffray-masc-fhops-model/data/output/ni_6_sub56_lock1_sa_20260301_200539_assignments.csv,/home/rjaffray/projects/jaffray-masc-fhops-model/data/output/stdout/ni_6_sub56_lock1_sa_20260301_200539.out.txt,/home/rjaffray/projects/jaffray-masc-fhops-model/data/output/stderr/ni_6_sub56_lock1_sa_20260301_200539.err.txt,2026-03-01 20:05:39
ni,6,ni_6,,8,56,7,56,mip,True,0,0.0,/home/rjaffray/projects/jaffray-masc-fhops-model/data/output/ni_6_sub56_lock7_mip_20260301_200539.json,/home/rjaffray/projects/jaffray-masc-fhops-model/data/output/ni_6_sub56_lock7_mip_20260301_200539_assignments.csv,/home/rjaffray/projects/jaffray-masc-fhops-model/data/output/stdout/ni_6_sub56_lock7_mip_20260301_200539.out.txt,/home/rjaffray/projects/jaffray-masc-fhops-model/data/output/stderr/ni_6_sub56_lock7_mip_20260301_200539.err.txt,2026-03-01 20:05:39
ni,6,ni_6,,8,56,7,56,sa,True,0,0.0,/home/rjaffray/projects/jaffray-masc-fhops-model/data/output/ni_6_sub56_lock7_sa_20260301_200539.json,/home/rjaffray/projects/jaffray-masc-fhops-model/data/output/ni_6_sub56_lock7_sa_20260301_200539_assignments.csv,/home/rjaffray/projects/jaffray-masc-fhops-model/data/output/stdout/ni_6_sub56_lock7_sa_20260301_200539.out.txt,/home/rjaffray/projects/jaffray-masc-fhops-model/data/output/stderr/ni_6_sub56_lock7_sa_20260301_200539.err.txt,2026-03-01 20:05:39
ni,6,ni_6,,8,56,14,56,mip,True,0,0.0,/home/rjaffray/projects/jaffray-masc-fhops-model/data/output/ni_6_sub56_lock14_mip_20260301_200539.json,/home/rjaffray/projects/jaffray-masc-fhops-model/data/output/ni_6_sub56_lock14_mip_20260301_200539_assignments.csv,/home/rjaffray/projects/jaffray-masc-fhops-model/data/output/stdout/ni_6_sub56_lock14_mip_20260301_200539.out.txt,/home/rjaffray/projects/jaffray-masc-fhops-model/data/output/stderr/ni_6_sub56_lock14_mip_20260301_200539.err.txt,2026-03-01 20:05:39
ni,6,ni_6,,8,56,14,56,sa,True,0,0.0,/home/rjaffray/projects/jaffray-masc-fhops-model/data/output/ni_6_sub56_lock14_sa_20260301_200539.json,/home/rjaffray/projects/jaffray-masc-fhops-model/data/output/ni_6_sub56_lock14_sa_20260301_200539_assignments.csv,/home/rjaffray/projects/jaffray-masc-fhops-model/data/output/stdout/ni_6_sub56_lock14_sa_20260301_200539.out.txt,/home/rjaffray/projects/jaffray-masc-fhops-model/data/output/stderr/ni_6_sub56_lock14_sa_20260301_200539.err.txt,2026-03-01 20:05:39
ni,6,ni_6,,16,112,1,112,mip,True,0,0.0,/home/rjaffray/projects/jaffray-masc-fhops-model/data/output/ni_6_sub112_lock1_mip_20260301_200539.json,/home/rjaffray/projects/jaffray-masc-fhops-model/data/output/ni_6_sub112_lock1_mip_20260301_200539_assignments.csv,/home/rjaffray/projects/jaffray-masc-fhops-model/data/output/stdout/ni_6_sub112_lock1_mip_20260301_200539.out.txt,/home/rjaffray/projects/jaffray-masc-fhops-model/data/output/stderr/ni_6_sub112_lock1_mip_20260301_200539.err.txt,2026-03-01 20:05:39
ni,6,ni_6,,16,112,1,112,sa,True,0,0.0,/home/rjaffray/projects/jaffray-masc-fhops-model/data/output/ni_6_sub112_lock1_sa_20260301_200539.json,/home/rjaffray/projects/jaffray-masc-fhops-model/data/output/ni_6_sub112_lock1_sa_20260301_200539_assignments.csv,/home/rjaffray/projects/jaffray-masc-fhops-model/data/output/stdout/ni_6_sub112_lock1_sa_20260301_200539.out.txt,/home/rjaffray/projects/jaffray-masc-fhops-model/data/output/stderr/ni_6_sub112_lock1_sa_20260301_200539.err.txt,2026-03-01 20:05:39
ni,6,ni_6,,16,112,7,112,mip,True,0,0.0,/home/rjaffray/projects/jaffray-masc-fhops-model/data/output/ni_6_sub112_lock7_mip_20260301_200539.json,/home/rjaffray/projects/jaffray-masc-fhops-model/data/output/ni_6_sub112_lock7_mip_20260301_200539_assignments.csv,/home/rjaffray/projects/jaffray-masc-fhops-model/data/output/stdout/ni_6_sub112_lock7_mip_20260301_200539.out.txt,/home/rjaffray/projects/jaffray-masc-fhops-model/data/output/stderr/ni_6_sub112_lock7_mip_20260301_200539.err.txt,2026-03-01 20:05:39
ni,6,ni_6,,16,112,7,112,sa,True,0,0.0,/home/rjaffray/projects/jaffray-masc-fhops-model/data/output/ni_6_sub112_lock7_sa_20260301_200539.json,/home/rjaffray/projects/jaffray-masc-fhops-model/data/output/ni_6_sub112_lock7_sa_20260301_200539_assignments.csv,/home/rjaffray/projects/jaffray-masc-fhops-model/data/output/stdout/ni_6_sub112_lock7_sa_20260301_200539.out.txt,/home/rjaffray/projects/jaffray-masc-fhops-model/data/output/stderr/ni_6_sub112_lock7_sa_20260301_200539.err.txt,2026-03-01 20:05:39
ni,6,ni_6,,16,112,14,112,mip,True,0,0.0,/home/rjaffray/projects/jaffray-masc-fhops-model/data/output/ni_6_sub112_lock14_mip_20260301_200539.json,/home/rjaffray/projects/jaffray-masc-fhops-model/data/output/ni_6_sub112_lock14_mip_20260301_200539_assignments.csv,/home/rjaffray/projects/jaffray-masc-fhops-model/data/output/stdout/ni_6_sub112_lock14_mip_20260301_200539.out.txt,/home/rjaffray/projects/jaffray-masc-fhops-model/data/output/stderr/ni_6_sub112_lock14_mip_20260301_200539.err.txt,2026-03-01 20:05:39
ni,6,ni_6,,16,112,14,112,sa,True,0,0.0,/home/rjaffray/projects/jaffray-masc-fhops-model/data/output/ni_6_sub112_lock14_sa_20260301_200539.json,/home/rjaffray/projects/jaffray-masc-fhops-model/data/output/ni_6_sub112_lock14_sa_20260301_200539_assignments.csv,/home/rjaffray/projects/jaffray-masc-fhops-model/data/output/stdout/ni_6_sub112_lock14_sa_20260301_200539.out.txt,/home/rjaffray/projects/jaffray-masc-fhops-model/data/output/stderr/ni_6_sub112_lock14_sa_20260301_200539.err.txt,2026-03-01 20:05:39
ni,18,ni_18,,2,14,1,14,mip,True,0,0.0,/home/rjaffray/projects/jaffray-masc-fhops-model/data/output/ni_18_sub14_lock1_mip_20260301_200539.json,/home/rjaffray/projects/jaffray-masc-fhops-model/data/output/ni_18_sub14_lock1_mip_20260301_200539_assignments.csv,/home/rjaffray/projects/jaffray-masc-fhops-model/data/output/stdout/ni_18_sub14_lock1_mip_20260301_200539.out.txt,/home/rjaffray/projects/jaffray-masc-fhops-model/data/output/stderr/ni_18_sub14_lock1_mip_20260301_200539.err.txt,2026-03-01 20:05:39
ni,18,ni_18,,2,14,1,14,sa,True,0,0.0,/home/rjaffray/projects/jaffray-masc-fhops-model/data/output/ni_18_sub14_lock1_sa_20260301_200539.json,/home/rjaffray/projects/jaffray-masc-fhops-model/data/output/ni_18_sub14_lock1_sa_20260301_200539_assignments.csv,/home/rjaffray/projects/jaffray-masc-fhops-model/data/output/stdout/ni_18_sub14_lock1_sa_20260301_200539.out.txt,/home/rjaffray/projects/jaffray-masc-fhops-model/data/output/stderr/ni_18_sub14_lock1_sa_20260301_200539.err.txt,2026-03-01 20:05:39
ni,18,ni_18,,2,14,7,14,mip,True,0,0.0,/home/rjaffray/projects/jaffray-masc-fhops-model/data/output/ni_18_sub14_lock7_mip_20260301_200539.json,/home/rjaffray/projects/jaffray-masc-fhops-model/data/output/ni_18_sub14_lock7_mip_20260301_200539_assignments.csv,/home/rjaffray/projects/jaffray-masc-fhops-model/data/output/stdout/ni_18_sub14_lock7_mip_20260301_200539.out.txt,/home/rjaffray/projects/jaffray-masc-fhops-model/data/output/stderr/ni_18_sub14_lock7_mip_20260301_200539.err.txt,2026-03-01 20:05:39
ni,18,ni_18,,2,14,7,14,sa,True,0,0.0,/home/rjaffray/projects/jaffray-masc-fhops-model/data/output/ni_18_sub14_lock7_sa_20260301_200539.json,/home/rjaffray/projects/jaffray-masc-fhops-model/data/output/ni_18_sub14_lock7_sa_20260301_200539_assignments.csv,/home/rjaffray/projects/jaffray-masc-fhops-model/data/output/stdout/ni_18_sub14_lock7_sa_20260301_200539.out.txt,/home/rjaffray/projects/jaffray-masc-fhops-model/data/output/stderr/ni_18_sub14_lock7_sa_20260301_200539.err.txt,2026-03-01 20:05:39
ni,18,ni_18,,2,14,14,14,mip,True,0,0.0,/home/rjaffray/projects/jaffray-masc-fhops-model/data/output/ni_18_sub14_lock14_mip_20260301_200539.json,/home/rjaffray/projects/jaffray-masc-fhops-model/data/output/ni_18_sub14_lock14_mip_20260301_200539_assignments.csv,/home/rjaffray/projects/jaffray-masc-fhops-model/data/output/stdout/ni_18_sub14_lock14_mip_20260301_200539.out.txt,/home/rjaffray/projects/jaffray-masc-fhops-model/data/output/stderr/ni_18_sub14_lock14_mip_20260301_200539.err.txt,2026-03-01 20:05:39
ni,18,ni_18,,2,14,14,14,sa,True,0,0.0,/home/rjaffray/projects/jaffray-masc-fhops-model/data/output/ni_18_sub14_lock14_sa_20260301_200539.json,/home/rjaffray/projects/jaffray-masc-fhops-model/data/output/ni_18_sub14_lock14_sa_20260301_200539_assignments.csv,/home/rjaffray/projects/jaffray-masc-fhops-model/data/output/stdout/ni_18_sub14_lock14_sa_20260301_200539.out.txt,/home/rjaffray/projects/jaffray-masc-fhops-model/data/output/stderr/ni_18_sub14_lock14_sa_20260301_200539.err.txt,2026-03-01 20:05:39
ni,18,ni_18,,4,28,1,28,mip,True,0,0.0,/home/rjaffray/projects/jaffray-masc-fhops-model/data/output/ni_18_sub28_lock1_mip_20260301_200539.json,/home/rjaffray/projects/jaffray-masc-fhops-model/data/output/ni_18_sub28_lock1_mip_20260301_200539_assignments.csv,/home/rjaffray/projects/jaffray-masc-fhops-model/data/output/stdout/ni_18_sub28_lock1_mip_20260301_200539.out.txt,/home/rjaffray/projects/jaffray-masc-fhops-model/data/output/stderr/ni_18_sub28_lock1_mip_20260301_200539.err.txt,2026-03-01 20:05:39
ni,18,ni_18,,4,28,1,28,sa,True,0,0.0,/home/rjaffray/projects/jaffray-masc-fhops-model/data/output/ni_18_sub28_lock1_sa_20260301_200539.json,/home/rjaffray/projects/jaffray-masc-fhops-model/data/output/ni_18_sub28_lock1_sa_20260301_200539_assignments.csv,/home/rjaffray/projects/jaffray-masc-fhops-model/data/output/stdout/ni_18_sub28_lock1_sa_20260301_200539.out.txt,/home/rjaffray/projects/jaffray-masc-fhops-model/data/output/stderr/ni_18_sub28_lock1_sa_20260301_200539.err.txt,2026-03-01 20:05:39
ni,18,ni_18,,4,28,7,28,mip,True,0,0.0,/home/rjaffray/projects/jaffray-masc-fhops-model/data/output/ni_18_sub28_lock7_mip_20260301_200539.json,/home/rjaffray/projects/jaffray-masc-fhops-model/data/output/ni_18_sub28_lock7_mip_20260301_200539_assignments.csv,/home/rjaffray/projects/jaffray-masc-fhops-model/data/output/stdout/ni_18_sub28_lock7_mip_20260301_200539.out.txt,/home/rjaffray/projects/jaffray-masc-fhops-model/data/output/stderr/ni_18_sub28_lock7_mip_20260301_200539.err.txt,2026-03-01 20:05:39
ni,18,ni_18,,4,28,7,28,sa,True,0,0.0,/home/rjaffray/projects/jaffray-masc-fhops-model/data/output/ni_18_sub28_lock7_sa_20260301_200539.json,/home/rjaffray/projects/jaffray-masc-fhops-model/data/output/ni_18_sub28_lock7_sa_20260301_200539_assignments.csv,/home/rjaffray/projects/jaffray-masc-fhops-model/data/output/stdout/ni_18_sub28_lock7_sa_20260301_200539.out.txt,/home/rjaffray/projects/jaffray-masc-fhops-model/data/output/stderr/ni_18_sub28_lock7_sa_20260301_200539.err.txt,2026-03-01 20:05:39
ni,18,ni_18,,4,28,14,28,mip,True,0,0.0,/home/rjaffray/projects/jaffray-masc-fhops-model/data/output/ni_18_sub28_lock14_mip_20260301_200539.json,/home/rjaffray/projects/jaffray-masc-fhops-model/data/output/ni_18_sub28_lock14_mip_20260301_200539_assignments.csv,/home/rjaffray/projects/jaffray-masc-fhops-model/data/output/stdout/ni_18_sub28_lock14_mip_20260301_200539.out.txt,/home/rjaffray/projects/jaffray-masc-fhops-model/data/output/stderr/ni_18_sub28_lock14_mip_20260301_200539.err.txt,2026-03-01 20:05:39
ni,18,ni_18,,4,28,14,28,sa,True,0,0.0,/home/rjaffray/projects/jaffray-masc-fhops-model/data/output/ni_18_sub28_lock14_sa_20260301_200539.json,/home/rjaffray/projects/jaffray-masc-fhops-model/data/output/ni_18_sub28_lock14_sa_20260301_200539_assignments.csv,/home/rjaffray/projects/jaffray-masc-fhops-model/data/output/stdout/ni_18_sub28_lock14_sa_20260301_200539.out.txt,/home/rjaffray/projects/jaffray-masc-fhops-model/data/output/stderr/ni_18_sub28_lock14_sa_20260301_200539.err.txt,2026-03-01 20:05:39
ni,18,ni_18,,8,56,1,56,mip,True,0,0.0,/home/rjaffray/projects/jaffray-masc-fhops-model/data/output/ni_18_sub56_lock1_mip_20260301_200539.json,/home/rjaffray/projects/jaffray-masc-fhops-model/data/output/ni_18_sub56_lock1_mip_20260301_200539_assignments.csv,/home/rjaffray/projects/jaffray-masc-fhops-model/data/output/stdout/ni_18_sub56_lock1_mip_20260301_200539.out.txt,/home/rjaffray/projects/jaffray-masc-fhops-model/data/output/stderr/ni_18_sub56_lock1_mip_20260301_200539.err.txt,2026-03-01 20:05:39
ni,18,ni_18,,8,56,1,56,sa,True,0,0.0,/home/rjaffray/projects/jaffray-masc-fhops-model/data/output/ni_18_sub56_lock1_sa_20260301_200539.json,/home/rjaffray/projects/jaffray-masc-fhops-model/data/output/ni_18_sub56_lock1_sa_20260301_200539_assignments.csv,/home/rjaffray/projects/jaffray-masc-fhops-model/data/output/stdout/ni_18_sub56_lock1_sa_20260301_200539.out.txt,/home/rjaffray/projects/jaffray-masc-fhops-model/data/output/stderr/ni_18_sub56_lock1_sa_20260301_200539.err.txt,2026-03-01 20:05:39
ni,18,ni_18,,8,56,7,56,mip,True,0,0.0,/home/rjaffray/projects/jaffray-masc-fhops-model/data/output/ni_18_sub56_lock7_mip_20260301_200539.json,/home/rjaffray/projects/jaffray-masc-fhops-model/data/output/ni_18_sub56_lock7_mip_20260301_200539_assignments.csv,/home/rjaffray/projects/jaffray-masc-fhops-model/data/output/stdout/ni_18_sub56_lock7_mip_20260301_200539.out.txt,/home/rjaffray/projects/jaffray-masc-fhops-model/data/output/stderr/ni_18_sub56_lock7_mip_20260301_200539.err.txt,2026-03-01 20:05:39
ni,18,ni_18,,8,56,7,56,sa,True,0,0.0,/home/rjaffray/projects/jaffray-masc-fhops-model/data/output/ni_18_sub56_lock7_sa_20260301_200539.json,/home/rjaffray/projects/jaffray-masc-fhops-model/data/output/ni_18_sub56_lock7_sa_20260301_200539_assignments.csv,/home/rjaffray/projects/jaffray-masc-fhops-model/data/output/stdout/ni_18_sub56_lock7_sa_20260301_200539.out.txt,/home/rjaffray/projects/jaffray-masc-fhops-model/data/output/stderr/ni_18_sub56_lock7_sa_20260301_200539.err.txt,2026-03-01 20:05:39
ni,18,ni_18,,8,56,14,56,mip,True,0,0.0,/home/rjaffray/projects/jaffray-masc-fhops-model/data/output/ni_18_sub56_lock14_mip_20260301_200539.json,/home/rjaffray/projects/jaffray-masc-fhops-model/data/output/ni_18_sub56_lock14_mip_20260301_200539_assignments.csv,/home/rjaffray/projects/jaffray-masc-fhops-model/data/output/stdout/ni_18_sub56_lock14_mip_20260301_200539.out.txt,/home/rjaffray/projects/jaffray-masc-fhops-model/data/output/stderr/ni_18_sub56_lock14_mip_20260301_200539.err.txt,2026-03-01 20:05:39
ni,18,ni_18,,8,56,14,56,sa,True,0,0.0,/home/rjaffray/projects/jaffray-masc-fhops-model/data/output/ni_18_sub56_lock14_sa_20260301_200539.json,/home/rjaffray/projects/jaffray-masc-fhops-model/data/output/ni_18_sub56_lock14_sa_20260301_200539_assignments.csv,/home/rjaffray/projects/jaffray-masc-fhops-model/data/output/stdout/ni_18_sub56_lock14_sa_20260301_200539.out.txt,/home/rjaffray/projects/jaffray-masc-fhops-model/data/output/stderr/ni_18_sub56_lock14_sa_20260301_200539.err.txt,2026-03-01 20:05:39
ni,18,ni_18,,16,112,1,112,mip,True,0,0.0,/home/rjaffray/projects/jaffray-masc-fhops-model/data/output/ni_18_sub112_lock1_mip_20260301_200539.json,/home/rjaffray/projects/jaffray-masc-fhops-model/data/output/ni_18_sub112_lock1_mip_20260301_200539_assignments.csv,/home/rjaffray/projects/jaffray-masc-fhops-model/data/output/stdout/ni_18_sub112_lock1_mip_20260301_200539.out.txt,/home/rjaffray/projects/jaffray-masc-fhops-model/data/output/stderr/ni_18_sub112_lock1_mip_20260301_200539.err.txt,2026-03-01 20:05:39
ni,18,ni_18,,16,112,1,112,sa,True,0,0.0,/home/rjaffray/projects/jaffray-masc-fhops-model/data/output/ni_18_sub112_lock1_sa_20260301_200539.json,/home/rjaffray/projects/jaffray-masc-fhops-model/data/output/ni_18_sub112_lock1_sa_20260301_200539_assignments.csv,/home/rjaffray/projects/jaffray-masc-fhops-model/data/output/stdout/ni_18_sub112_lock1_sa_20260301_200539.out.txt,/home/rjaffray/projects/jaffray-masc-fhops-model/data/output/stderr/ni_18_sub112_lock1_sa_20260301_200539.err.txt,2026-03-01 20:05:39
ni,18,ni_18,,16,112,7,112,mip,True,0,0.0,/home/rjaffray/projects/jaffray-masc-fhops-model/data/output/ni_18_sub112_lock7_mip_20260301_200539.json,/home/rjaffray/projects/jaffray-masc-fhops-model/data/output/ni_18_sub112_lock7_mip_20260301_200539_assignments.csv,/home/rjaffray/projects/jaffray-masc-fhops-model/data/output/stdout/ni_18_sub112_lock7_mip_20260301_200539.out.txt,/home/rjaffray/projects/jaffray-masc-fhops-model/data/output/stderr/ni_18_sub112_lock7_mip_20260301_200539.err.txt,2026-03-01 20:05:39
ni,18,ni_18,,16,112,7,112,sa,True,0,0.0,/home/rjaffray/projects/jaffray-masc-fhops-model/data/output/ni_18_sub112_lock7_sa_20260301_200539.json,/home/rjaffray/projects/jaffray-masc-fhops-model/data/output/ni_18_sub112_lock7_sa_20260301_200539_assignments.csv,/home/rjaffray/projects/jaffray-masc-fhops-model/data/output/stdout/ni_18_sub112_lock7_sa_20260301_200539.out.txt,/home/rjaffray/projects/jaffray-masc-fhops-model/data/output/stderr/ni_18_sub112_lock7_sa_20260301_200539.err.txt,2026-03-01 20:05:39
ni,18,ni_18,,16,112,14,112,mip,True,0,0.0,/home/rjaffray/projects/jaffray-masc-fhops-model/data/output/ni_18_sub112_lock14_mip_20260301_200539.json,/home/rjaffray/projects/jaffray-masc-fhops-model/data/output/ni_18_sub112_lock14_mip_20260301_200539_assignments.csv,/home/rjaffray/projects/jaffray-masc-fhops-model/data/output/stdout/ni_18_sub112_lock14_mip_20260301_200539.out.txt,/home/rjaffray/projects/jaffray-masc-fhops-model/data/output/stderr/ni_18_sub112_lock14_mip_20260301_200539.err.txt,2026-03-01 20:05:39
ni,18,ni_18,,16,112,14,112,sa,True,0,0.0,/home/rjaffray/projects/jaffray-masc-fhops-model/data/output/ni_18_sub112_lock14_sa_20260301_200539.json,/home/rjaffray/projects/jaffray-masc-fhops-model/data/output/ni_18_sub112_lock14_sa_20260301_200539_assignments.csv,/home/rjaffray/projects/jaffray-masc-fhops-model/data/output/stdout/ni_18_sub112_lock14_sa_20260301_200539.out.txt,/home/rjaffray/projects/jaffray-masc-fhops-model/data/output/stderr/ni_18_sub112_lock14_sa_20260301_200539.err.txt,2026-03-01 20:05:39
ni,40,ni_40,,2,14,1,14,mip,True,0,0.0,/home/rjaffray/projects/jaffray-masc-fhops-model/data/output/ni_40_sub14_lock1_mip_20260301_200539.json,/home/rjaffray/projects/jaffray-masc-fhops-model/data/output/ni_40_sub14_lock1_mip_20260301_200539_assignments.csv,/home/rjaffray/projects/jaffray-masc-fhops-model/data/output/stdout/ni_40_sub14_lock1_mip_20260301_200539.out.txt,/home/rjaffray/projects/jaffray-masc-fhops-model/data/output/stderr/ni_40_sub14_lock1_mip_20260301_200539.err.txt,2026-03-01 20:05:39
ni,40,ni_40,,2,14,1,14,sa,True,0,0.0,/home/rjaffray/projects/jaffray-masc-fhops-model/data/output/ni_40_sub14_lock1_sa_20260301_200539.json,/home/rjaffray/projects/jaffray-masc-fhops-model/data/output/ni_40_sub14_lock1_sa_20260301_200539_assignments.csv,/home/rjaffray/projects/jaffray-masc-fhops-model/data/output/stdout/ni_40_sub14_lock1_sa_20260301_200539.out.txt,/home/rjaffray/projects/jaffray-masc-fhops-model/data/output/stderr/ni_40_sub14_lock1_sa_20260301_200539.err.txt,2026-03-01 20:05:39
ni,40,ni_40,,2,14,7,14,mip,True,0,0.0,/home/rjaffray/projects/jaffray-masc-fhops-model/data/output/ni_40_sub14_lock7_mip_20260301_200539.json,/home/rjaffray/projects/jaffray-masc-fhops-model/data/output/ni_40_sub14_lock7_mip_20260301_200539_assignments.csv,/home/rjaffray/projects/jaffray-masc-fhops-model/data/output/stdout/ni_40_sub14_lock7_mip_20260301_200539.out.txt,/home/rjaffray/projects/jaffray-masc-fhops-model/data/output/stderr/ni_40_sub14_lock7_mip_20260301_200539.err.txt,2026-03-01 20:05:39
ni,40,ni_40,,2,14,7,14,sa,True,0,0.0,/home/rjaffray/projects/jaffray-masc-fhops-model/data/output/ni_40_sub14_lock7_sa_20260301_200539.json,/home/rjaffray/projects/jaffray-masc-fhops-model/data/output/ni_40_sub14_lock7_sa_20260301_200539_assignments.csv,/home/rjaffray/projects/jaffray-masc-fhops-model/data/output/stdout/ni_40_sub14_lock7_sa_20260301_200539.out.txt,/home/rjaffray/projects/jaffray-masc-fhops-model/data/output/stderr/ni_40_sub14_lock7_sa_20260301_200539.err.txt,2026-03-01 20:05:39
ni,40,ni_40,,2,14,14,14,mip,True,0,0.0,/home/rjaffray/projects/jaffray-masc-fhops-model/data/output/ni_40_sub14_lock14_mip_20260301_200539.json,/home/rjaffray/projects/jaffray-masc-fhops-model/data/output/ni_40_sub14_lock14_mip_20260301_200539_assignments.csv,/home/rjaffray/projects/jaffray-masc-fhops-model/data/output/stdout/ni_40_sub14_lock14_mip_20260301_200539.out.txt,/home/rjaffray/projects/jaffray-masc-fhops-model/data/output/stderr/ni_40_sub14_lock14_mip_20260301_200539.err.txt,2026-03-01 20:05:39
ni,40,ni_40,,2,14,14,14,sa,True,0,0.0,/home/rjaffray/projects/jaffray-masc-fhops-model/data/output/ni_40_sub14_lock14_sa_20260301_200539.json,/home/rjaffray/projects/jaffray-masc-fhops-model/data/output/ni_40_sub14_lock14_sa_20260301_200539_assignments.csv,/home/rjaffray/projects/jaffray-masc-fhops-model/data/output/stdout/ni_40_sub14_lock14_sa_20260301_200539.out.txt,/home/rjaffray/projects/jaffray-masc-fhops-model/data/output/stderr/ni_40_sub14_lock14_sa_20260301_200539.err.txt,2026-03-01 20:05:39
ni,40,ni_40,,4,28,1,28,mip,True,0,0.0,/home/rjaffray/projects/jaffray-masc-fhops-model/data/output/ni_40_sub28_lock1_mip_20260301_200539.json,/home/rjaffray/projects/jaffray-masc-fhops-model/data/output/ni_40_sub28_lock1_mip_20260301_200539_assignments.csv,/home/rjaffray/projects/jaffray-masc-fhops-model/data/output/stdout/ni_40_sub28_lock1_mip_20260301_200539.out.txt,/home/rjaffray/projects/jaffray-masc-fhops-model/data/output/stderr/ni_40_sub28_lock1_mip_20260301_200539.err.txt,2026-03-01 20:05:39
ni,40,ni_40,,4,28,1,28,sa,True,0,0.0,/home/rjaffray/projects/jaffray-masc-fhops-model/data/output/ni_40_sub28_lock1_sa_20260301_200539.json,/home/rjaffray/projects/jaffray-masc-fhops-model/data/output/ni_40_sub28_lock1_sa_20260301_200539_assignments.csv,/home/rjaffray/projects/jaffray-masc-fhops-model/data/output/stdout/ni_40_sub28_lock1_sa_20260301_200539.out.txt,/home/rjaffray/projects/jaffray-masc-fhops-model/data/output/stderr/ni_40_sub28_lock1_sa_20260301_200539.err.txt,2026-03-01 20:05:39
ni,40,ni_40,,4,28,7,28,mip,True,0,0.0,/home/rjaffray/projects/jaffray-masc-fhops-model/data/output/ni_40_sub28_lock7_mip_20260301_200539.json,/home/rjaffray/projects/jaffray-masc-fhops-model/data/output/ni_40_sub28_lock7_mip_20260301_200539_assignments.csv,/home/rjaffray/projects/jaffray-masc-fhops-model/data/output/stdout/ni_40_sub28_lock7_mip_20260301_200539.out.txt,/home/rjaffray/projects/jaffray-masc-fhops-model/data/output/stderr/ni_40_sub28_lock7_mip_20260301_200539.err.txt,2026-03-01 20:05:39
ni,40,ni_40,,4,28,7,28,sa,True,0,0.0,/home/rjaffray/projects/jaffray-masc-fhops-model/data/output/ni_40_sub28_lock7_sa_20260301_200539.json,/home/rjaffray/projects/jaffray-masc-fhops-model/data/output/ni_40_sub28_lock7_sa_20260301_200539_assignments.csv,/home/rjaffray/projects/jaffray-masc-fhops-model/data/output/stdout/ni_40_sub28_lock7_sa_20260301_200539.out.txt,/home/rjaffray/projects/jaffray-masc-fhops-model/data/output/stderr/ni_40_sub28_lock7_sa_20260301_200539.err.txt,2026-03-01 20:05:39
ni,40,ni_40,,4,28,14,28,mip,True,0,0.0,/home/rjaffray/projects/jaffray-masc-fhops-model/data/output/ni_40_sub28_lock14_mip_20260301_200539.json,/home/rjaffray/projects/jaffray-masc-fhops-model/data/output/ni_40_sub28_lock14_mip_20260301_200539_assignments.csv,/home/rjaffray/projects/jaffray-masc-fhops-model/data/output/stdout/ni_40_sub28_lock14_mip_20260301_200539.out.txt,/home/rjaffray/projects/jaffray-masc-fhops-model/data/output/stderr/ni_40_sub28_lock14_mip_20260301_200539.err.txt,2026-03-01 20:05:39
ni,40,ni_40,,4,28,14,28,sa,True,0,0.0,/home/rjaffray/projects/jaffray-masc-fhops-model/data/output/ni_40_sub28_lock14_sa_20260301_200539.json,/home/rjaffray/projects/jaffray-masc-fhops-model/data/output/ni_40_sub28_lock14_sa_20260301_200539_assignments.csv,/home/rjaffray/projects/jaffray-masc-fhops-model/data/output/stdout/ni_40_sub28_lock14_sa_20260301_200539.out.txt,/home/rjaffray/projects/jaffray-masc-fhops-model/data/output/stderr/ni_40_sub28_lock14_sa_20260301_200539.err.txt,2026-03-01 20:05:39
ni,40,ni_40,,8,56,1,56,mip,True,0,0.0,/home/rjaffray/projects/jaffray-masc-fhops-model/data/output/ni_40_sub56_lock1_mip_20260301_200539.json,/home/rjaffray/projects/jaffray-masc-fhops-model/data/output/ni_40_sub56_lock1_mip_20260301_200539_assignments.csv,/home/rjaffray/projects/jaffray-masc-fhops-model/data/output/stdout/ni_40_sub56_lock1_mip_20260301_200539.out.txt,/home/rjaffray/projects/jaffray-masc-fhops-model/data/output/stderr/ni_40_sub56_lock1_mip_20260301_200539.err.txt,2026-03-01 20:05:39
ni,40,ni_40,,8,56,1,56,sa,True,0,0.0,/home/rjaffray/projects/jaffray-masc-fhops-model/data/output/ni_40_sub56_lock1_sa_20260301_200539.json,/home/rjaffray/projects/jaffray-masc-fhops-model/data/output/ni_40_sub56_lock1_sa_20260301_200539_assignments.csv,/home/rjaffray/projects/jaffray-masc-fhops-model/data/output/stdout/ni_40_sub56_lock1_sa_20260301_200539.out.txt,/home/rjaffray/projects/jaffray-masc-fhops-model/data/output/stderr/ni_40_sub56_lock1_sa_20260301_200539.err.txt,2026-03-01 20:05:39
ni,40,ni_40,,8,56,7,56,mip,True,0,0.0,/home/rjaffray/projects/jaffray-masc-fhops-model/data/output/ni_40_sub56_lock7_mip_20260301_200539.json,/home/rjaffray/projects/jaffray-masc-fhops-model/data/output/ni_40_sub56_lock7_mip_20260301_200539_assignments.csv,/home/rjaffray/projects/jaffray-masc-fhops-model/data/output/stdout/ni_40_sub56_lock7_mip_20260301_200539.out.txt,/home/rjaffray/projects/jaffray-masc-fhops-model/data/output/stderr/ni_40_sub56_lock7_mip_20260301_200539.err.txt,2026-03-01 20:05:39
ni,40,ni_40,,8,56,7,56,sa,True,0,0.0,/home/rjaffray/projects/jaffray-masc-fhops-model/data/output/ni_40_sub56_lock7_sa_20260301_200539.json,/home/rjaffray/projects/jaffray-masc-fhops-model/data/output/ni_40_sub56_lock7_sa_20260301_200539_assignments.csv,/home/rjaffray/projects/jaffray-masc-fhops-model/data/output/stdout/ni_40_sub56_lock7_sa_20260301_200539.out.txt,/home/rjaffray/projects/jaffray-masc-fhops-model/data/output/stderr/ni_40_sub56_lock7_sa_20260301_200539.err.txt,2026-03-01 20:05:39
ni,40,ni_40,,8,56,14,56,mip,True,0,0.0,/home/rjaffray/projects/jaffray-masc-fhops-model/data/output/ni_40_sub56_lock14_mip_20260301_200539.json,/home/rjaffray/projects/jaffray-masc-fhops-model/data/output/ni_40_sub56_lock14_mip_20260301_200539_assignments.csv,/home/rjaffray/projects/jaffray-masc-fhops-model/data/output/stdout/ni_40_sub56_lock14_mip_20260301_200539.out.txt,/home/rjaffray/projects/jaffray-masc-fhops-model/data/output/stderr/ni_40_sub56_lock14_mip_20260301_200539.err.txt,2026-03-01 20:05:39
ni,40,ni_40,,8,56,14,56,sa,True,0,0.0,/home/rjaffray/projects/jaffray-masc-fhops-model/data/output/ni_40_sub56_lock14_sa_20260301_200539.json,/home/rjaffray/projects/jaffray-masc-fhops-model/data/output/ni_40_sub56_lock14_sa_20260301_200539_assignments.csv,/home/rjaffray/projects/jaffray-masc-fhops-model/data/output/stdout/ni_40_sub56_lock14_sa_20260301_200539.out.txt,/home/rjaffray/projects/jaffray-masc-fhops-model/data/output/stderr/ni_40_sub56_lock14_sa_20260301_200539.err.txt,2026-03-01 20:05:39
ni,40,ni_40,,16,112,1,112,mip,True,0,0.0,/home/rjaffray/projects/jaffray-masc-fhops-model/data/output/ni_40_sub112_lock1_mip_20260301_200539.json,/home/rjaffray/projects/jaffray-masc-fhops-model/data/output/ni_40_sub112_lock1_mip_20260301_200539_assignments.csv,/home/rjaffray/projects/jaffray-masc-fhops-model/data/output/stdout/ni_40_sub112_lock1_mip_20260301_200539.out.txt,/home/rjaffray/projects/jaffray-masc-fhops-model/data/output/stderr/ni_40_sub112_lock1_mip_20260301_200539.err.txt,2026-03-01 20:05:39
ni,40,ni_40,,16,112,1,112,sa,True,0,0.0,/home/rjaffray/projects/jaffray-masc-fhops-model/data/output/ni_40_sub112_lock1_sa_20260301_200539.json,/home/rjaffray/projects/jaffray-masc-fhops-model/data/output/ni_40_sub112_lock1_sa_20260301_200539_assignments.csv,/home/rjaffray/projects/jaffray-masc-fhops-model/data/output/stdout/ni_40_sub112_lock1_sa_20260301_200539.out.txt,/home/rjaffray/projects/jaffray-masc-fhops-model/data/output/stderr/ni_40_sub112_lock1_sa_20260301_200539.err.txt,2026-03-01 20:05:39
ni,40,ni_40,,16,112,7,112,mip,True,0,0.0,/home/rjaffray/projects/jaffray-masc-fhops-model/data/output/ni_40_sub112_lock7_mip_20260301_200539.json,/home/rjaffray/projects/jaffray-masc-fhops-model/data/output/ni_40_sub112_lock7_mip_20260301_200539_assignments.csv,/home/rjaffray/projects/jaffray-masc-fhops-model/data/output/stdout/ni_40_sub112_lock7_mip_20260301_200539.out.txt,/home/rjaffray/projects/jaffray-masc-fhops-model/data/output/stderr/ni_40_sub112_lock7_mip_20260301_200539.err.txt,2026-03-01 20:05:39
ni,40,ni_40,,16,112,7,112,sa,True,0,0.0,/home/rjaffray/projects/jaffray-masc-fhops-model/data/output/ni_40_sub112_lock7_sa_20260301_200539.json,/home/rjaffray/projects/jaffray-masc-fhops-model/data/output/ni_40_sub112_lock7_sa_20260301_200539_assignments.csv,/home/rjaffray/projects/jaffray-masc-fhops-model/data/output/stdout/ni_40_sub112_lock7_sa_20260301_200539.out.txt,/home/rjaffray/projects/jaffray-masc-fhops-model/data/output/stderr/ni_40_sub112_lock7_sa_20260301_200539.err.txt,2026-03-01 20:05:39
ni,40,ni_40,,16,112,14,112,mip,True,0,0.0,/home/rjaffray/projects/jaffray-masc-fhops-model/data/output/ni_40_sub112_lock14_mip_20260301_200539.json,/home/rjaffray/projects/jaffray-masc-fhops-model/data/output/ni_40_sub112_lock14_mip_20260301_200539_assignments.csv,/home/rjaffray/projects/jaffray-masc-fhops-model/data/output/stdout/ni_40_sub112_lock14_mip_20260301_200539.out.txt,/home/rjaffray/projects/jaffray-masc-fhops-model/data/output/stderr/ni_40_sub112_lock14_mip_20260301_200539.err.txt,2026-03-01 20:05:39
ni,40,ni_40,,16,112,14,112,sa,True,0,0.0,/home/rjaffray/projects/jaffray-masc-fhops-model/data/output/ni_40_sub112_lock14_sa_20260301_200539.json,/home/rjaffray/projects/jaffray-masc-fhops-model/data/output/ni_40_sub112_lock14_sa_20260301_200539_assignments.csv,/home/rjaffray/projects/jaffray-masc-fhops-model/data/output/stdout/ni_40_sub112_lock14_sa_20260301_200539.out.txt,/home/rjaffray/projects/jaffray-masc-fhops-model/data/output/stderr/ni_40_sub112_lock14_sa_20260301_200539.err.txt,2026-03-01 20:05:39
pg,6,pg_6,,2,14,1,14,mip,True,0,3667.201,/home/rjaffray/projects/jaffray-masc-fhops-model/data/output/pg_6_sub14_lock1_mip_20260301_200611.json,/home/rjaffray/projects/jaffray-masc-fhops-model/data/output/pg_6_sub14_lock1_mip_20260301_200611_assignments.csv,/home/rjaffray/projects/jaffray-masc-fhops-model/data/output/stdout/pg_6_sub14_lock1_mip_20260301_200611.out.txt,/home/rjaffray/projects/jaffray-masc-fhops-model/data/output/stderr/pg_6_sub14_lock1_mip_20260301_200611.err.txt,2026-03-01 21:07:18
pg,6,pg_6,,2,14,1,14,sa,True,0,136.873,/home/rjaffray/projects/jaffray-masc-fhops-model/data/output/pg_6_sub14_lock1_sa_20260301_200611.json,/home/rjaffray/projects/jaffray-masc-fhops-model/data/output/pg_6_sub14_lock1_sa_20260301_200611_assignments.csv,/home/rjaffray/projects/jaffray-masc-fhops-model/data/output/stdout/pg_6_sub14_lock1_sa_20260301_200611.out.txt,/home/rjaffray/projects/jaffray-masc-fhops-model/data/output/stderr/pg_6_sub14_lock1_sa_20260301_200611.err.txt,2026-03-01 21:09:35
pg,6,pg_6,,2,14,7,14,mip,True,0,1982.834,/home/rjaffray/projects/jaffray-masc-fhops-model/data/output/pg_6_sub14_lock7_mip_20260301_210935.json,/home/rjaffray/projects/jaffray-masc-fhops-model/data/output/pg_6_sub14_lock7_mip_20260301_210935_assignments.csv,/home/rjaffray/projects/jaffray-masc-fhops-model/data/output/stdout/pg_6_sub14_lock7_mip_20260301_210935.out.txt,/home/rjaffray/projects/jaffray-masc-fhops-model/data/output/stderr/pg_6_sub14_lock7_mip_20260301_210935.err.txt,2026-03-01 21:42:38
pg,6,pg_6,,2,14,7,14,sa,True,0,28.453,/home/rjaffray/projects/jaffray-masc-fhops-model/data/output/pg_6_sub14_lock7_sa_20260301_210935.json,/home/rjaffray/projects/jaffray-masc-fhops-model/data/output/pg_6_sub14_lock7_sa_20260301_210935_assignments.csv,/home/rjaffray/projects/jaffray-masc-fhops-model/data/output/stdout/pg_6_sub14_lock7_sa_20260301_210935.out.txt,/home/rjaffray/projects/jaffray-masc-fhops-model/data/output/stderr/pg_6_sub14_lock7_sa_20260301_210935.err.txt,2026-03-01 21:43:07
pg,6,pg_6,,2,14,14,14,mip,True,0,1803.625,/home/rjaffray/projects/jaffray-masc-fhops-model/data/output/pg_6_sub14_lock14_mip_20260301_214307.json,/home/rjaffray/projects/jaffray-masc-fhops-model/data/output/pg_6_sub14_lock14_mip_20260301_214307_assignments.csv,/home/rjaffray/projects/jaffray-masc-fhops-model/data/output/stdout/pg_6_sub14_lock14_mip_20260301_214307.out.txt,/home/rjaffray/projects/jaffray-masc-fhops-model/data/output/stderr/pg_6_sub14_lock14_mip_20260301_214307.err.txt,2026-03-01 22:13:10
pg,6,pg_6,,2,14,14,14,sa,True,0,18.691,/home/rjaffray/projects/jaffray-masc-fhops-model/data/output/pg_6_sub14_lock14_sa_20260301_214307.json,/home/rjaffray/projects/jaffray-masc-fhops-model/data/output/pg_6_sub14_lock14_sa_20260301_214307_assignments.csv,/home/rjaffray/projects/jaffray-masc-fhops-model/data/output/stdout/pg_6_sub14_lock14_sa_20260301_214307.out.txt,/home/rjaffray/projects/jaffray-masc-fhops-model/data/output/stderr/pg_6_sub14_lock14_sa_20260301_214307.err.txt,2026-03-01 22:13:29
pg,6,pg_6,,4,28,1,28,mip,True,0,28919.434,/home/rjaffray/projects/jaffray-masc-fhops-model/data/output/pg_6_sub28_lock1_mip_20260301_221329.json,/home/rjaffray/projects/jaffray-masc-fhops-model/data/output/pg_6_sub28_lock1_mip_20260301_221329_assignments.csv,/home/rjaffray/projects/jaffray-masc-fhops-model/data/output/stdout/pg_6_sub28_lock1_mip_20260301_221329.out.txt,/home/rjaffray/projects/jaffray-masc-fhops-model/data/output/stderr/pg_6_sub28_lock1_mip_20260301_221329.err.txt,2026-03-02 06:15:28
pg,6,pg_6,,4,28,1,28,sa,True,0,490.684,/home/rjaffray/projects/jaffray-masc-fhops-model/data/output/pg_6_sub28_lock1_sa_20260301_221329.json,/home/rjaffray/projects/jaffray-masc-fhops-model/data/output/pg_6_sub28_lock1_sa_20260301_221329_assignments.csv,/home/rjaffray/projects/jaffray-masc-fhops-model/data/output/stdout/pg_6_sub28_lock1_sa_20260301_221329.out.txt,/home/rjaffray/projects/jaffray-masc-fhops-model/data/output/stderr/pg_6_sub28_lock1_sa_20260301_221329.err.txt,2026-03-02 06:23:39
pg,6,pg_6,,4,28,7,28,mip,True,0,5591.565,/home/rjaffray/projects/jaffray-masc-fhops-model/data/output/pg_6_sub28_lock7_mip_20260302_062339.json,/home/rjaffray/projects/jaffray-masc-fhops-model/data/output/pg_6_sub28_lock7_mip_20260302_062339_assignments.csv,/home/rjaffray/projects/jaffray-masc-fhops-model/data/output/stdout/pg_6_sub28_lock7_mip_20260302_062339.out.txt,/home/rjaffray/projects/jaffray-masc-fhops-model/data/output/stderr/pg_6_sub28_lock7_mip_20260302_062339.err.txt,2026-03-02 07:56:51
pg,6,pg_6,,4,28,7,28,sa,True,0,84.883,/home/rjaffray/projects/jaffray-masc-fhops-model/data/output/pg_6_sub28_lock7_sa_20260302_062339.json,/home/rjaffray/projects/jaffray-masc-fhops-model/data/output/pg_6_sub28_lock7_sa_20260302_062339_assignments.csv,/home/rjaffray/projects/jaffray-masc-fhops-model/data/output/stdout/pg_6_sub28_lock7_sa_20260302_062339.out.txt,/home/rjaffray/projects/jaffray-masc-fhops-model/data/output/stderr/pg_6_sub28_lock7_sa_20260302_062339.err.txt,2026-03-02 07:58:16
pg,6,pg_6,,4,28,14,28,mip,True,0,3608.981,/home/rjaffray/projects/jaffray-masc-fhops-model/data/output/pg_6_sub28_lock14_mip_20260302_075816.json,/home/rjaffray/projects/jaffray-masc-fhops-model/data/output/pg_6_sub28_lock14_mip_20260302_075816_assignments.csv,/home/rjaffray/projects/jaffray-masc-fhops-model/data/output/stdout/pg_6_sub28_lock14_mip_20260302_075816.out.txt,/home/rjaffray/projects/jaffray-masc-fhops-model/data/output/stderr/pg_6_sub28_lock14_mip_20260302_075816.err.txt,2026-03-02 08:58:24
pg,6,pg_6,,4,28,14,28,sa,True,0,50.043,/home/rjaffray/projects/jaffray-masc-fhops-model/data/output/pg_6_sub28_lock14_sa_20260302_075816.json,/home/rjaffray/projects/jaffray-masc-fhops-model/data/output/pg_6_sub28_lock14_sa_20260302_075816_assignments.csv,/home/rjaffray/projects/jaffray-masc-fhops-model/data/output/stdout/pg_6_sub28_lock14_sa_20260302_075816.out.txt,/home/rjaffray/projects/jaffray-masc-fhops-model/data/output/stderr/pg_6_sub28_lock14_sa_20260302_075816.err.txt,2026-03-02 08:59:15
pg,6,pg_6,,8,56,1,56,mip,True,0,75318.813,/home/rjaffray/projects/jaffray-masc-fhops-model/data/output/pg_6_sub56_lock1_mip_20260302_085915.json,/home/rjaffray/projects/jaffray-masc-fhops-model/data/output/pg_6_sub56_lock1_mip_20260302_085915_assignments.csv,/home/rjaffray/projects/jaffray-masc-fhops-model/data/output/stdout/pg_6_sub56_lock1_mip_20260302_085915.out.txt,/home/rjaffray/projects/jaffray-masc-fhops-model/data/output/stderr/pg_6_sub56_lock1_mip_20260302_085915.err.txt,2026-03-03 05:54:33
pg,6,pg_6,,8,56,1,56,sa,True,0,1738.25,/home/rjaffray/projects/jaffray-masc-fhops-model/data/output/pg_6_sub56_lock1_sa_20260302_085915.json,/home/rjaffray/projects/jaffray-masc-fhops-model/data/output/pg_6_sub56_lock1_sa_20260302_085915_assignments.csv,/home/rjaffray/projects/jaffray-masc-fhops-model/data/output/stdout/pg_6_sub56_lock1_sa_20260302_085915.out.txt,/home/rjaffray/projects/jaffray-masc-fhops-model/data/output/stderr/pg_6_sub56_lock1_sa_20260302_085915.err.txt,2026-03-03 06:23:32
pg,6,pg_6,,8,56,7,56,mip,True,0,12037.221,/home/rjaffray/projects/jaffray-masc-fhops-model/data/output/pg_6_sub56_lock7_mip_20260303_062332.json,/home/rjaffray/projects/jaffray-masc-fhops-model/data/output/pg_6_sub56_lock7_mip_20260303_062332_assignments.csv,/home/rjaffray/projects/jaffray-masc-fhops-model/data/output/stdout/pg_6_sub56_lock7_mip_20260303_062332.out.txt,/home/rjaffray/projects/jaffray-masc-fhops-model/data/output/stderr/pg_6_sub56_lock7_mip_20260303_062332.err.txt,2026-03-03 09:44:09
pg,6,pg_6,,8,56,7,56,sa,True,0,270.452,/home/rjaffray/projects/jaffray-masc-fhops-model/data/output/pg_6_sub56_lock7_sa_20260303_062332.json,/home/rjaffray/projects/jaffray-masc-fhops-model/data/output/pg_6_sub56_lock7_sa_20260303_062332_assignments.csv,/home/rjaffray/projects/jaffray-masc-fhops-model/data/output/stdout/pg_6_sub56_lock7_sa_20260303_062332.out.txt,/home/rjaffray/projects/jaffray-masc-fhops-model/data/output/stderr/pg_6_sub56_lock7_sa_20260303_062332.err.txt,2026-03-03 09:48:39
pg,6,pg_6,,8,56,14,56,mip,True,0,6422.175,/home/rjaffray/projects/jaffray-masc-fhops-model/data/output/pg_6_sub56_lock14_mip_20260303_094839.json,/home/rjaffray/projects/jaffray-masc-fhops-model/data/output/pg_6_sub56_lock14_mip_20260303_094839_assignments.csv,/home/rjaffray/projects/jaffray-masc-fhops-model/data/output/stdout/pg_6_sub56_lock14_mip_20260303_094839.out.txt,/home/rjaffray/projects/jaffray-masc-fhops-model/data/output/stderr/pg_6_sub56_lock14_mip_20260303_094839.err.txt,2026-03-03 11:35:41
pg,6,pg_6,,8,56,14,56,sa,True,0,147.269,/home/rjaffray/projects/jaffray-masc-fhops-model/data/output/pg_6_sub56_lock14_sa_20260303_094839.json,/home/rjaffray/projects/jaffray-masc-fhops-model/data/output/pg_6_sub56_lock14_sa_20260303_094839_assignments.csv,/home/rjaffray/projects/jaffray-masc-fhops-model/data/output/stdout/pg_6_sub56_lock14_sa_20260303_094839.out.txt,/home/rjaffray/projects/jaffray-masc-fhops-model/data/output/stderr/pg_6_sub56_lock14_sa_20260303_094839.err.txt,2026-03-03 11:38:09
ni,6,ni_6,,2,14,1,14,mip,True,0,1644.285,/home/rjaffray/projects/jaffray-masc-fhops-model/data/output/ni_6_sub14_lock1_mip_20260304_031521.json,/home/rjaffray/projects/jaffray-masc-fhops-model/data/output/ni_6_sub14_lock1_mip_20260304_031521_assignments.csv,/home/rjaffray/projects/jaffray-masc-fhops-model/data/output/stdout/ni_6_sub14_lock1_mip_20260304_031521.out.txt,/home/rjaffray/projects/jaffray-masc-fhops-model/data/output/stderr/ni_6_sub14_lock1_mip_20260304_031521.err.txt,2026-03-04 03:42:45
ni,6,ni_6,,2,14,1,14,sa,True,0,149.716,/home/rjaffray/projects/jaffray-masc-fhops-model/data/output/ni_6_sub14_lock1_sa_20260304_031521.json,/home/rjaffray/projects/jaffray-masc-fhops-model/data/output/ni_6_sub14_lock1_sa_20260304_031521_assignments.csv,/home/rjaffray/projects/jaffray-masc-fhops-model/data/output/stdout/ni_6_sub14_lock1_sa_20260304_031521.out.txt,/home/rjaffray/projects/jaffray-masc-fhops-model/data/output/stderr/ni_6_sub14_lock1_sa_20260304_031521.err.txt,2026-03-04 03:45:15
ni,6,ni_6,,2,14,7,14,mip,True,0,334.761,/home/rjaffray/projects/jaffray-masc-fhops-model/data/output/ni_6_sub14_lock7_mip_20260304_034515.json,/home/rjaffray/projects/jaffray-masc-fhops-model/data/output/ni_6_sub14_lock7_mip_20260304_034515_assignments.csv,/home/rjaffray/projects/jaffray-masc-fhops-model/data/output/stdout/ni_6_sub14_lock7_mip_20260304_034515.out.txt,/home/rjaffray/projects/jaffray-masc-fhops-model/data/output/stderr/ni_6_sub14_lock7_mip_20260304_034515.err.txt,2026-03-04 03:50:49
ni,6,ni_6,,2,14,7,14,sa,True,0,32.691,/home/rjaffray/projects/jaffray-masc-fhops-model/data/output/ni_6_sub14_lock7_sa_20260304_034515.json,/home/rjaffray/projects/jaffray-masc-fhops-model/data/output/ni_6_sub14_lock7_sa_20260304_034515_assignments.csv,/home/rjaffray/projects/jaffray-masc-fhops-model/data/output/stdout/ni_6_sub14_lock7_sa_20260304_034515.out.txt,/home/rjaffray/projects/jaffray-masc-fhops-model/data/output/stderr/ni_6_sub14_lock7_sa_20260304_034515.err.txt,2026-03-04 03:51:22
ni,6,ni_6,,2,14,14,14,mip,True,0,200.942,/home/rjaffray/projects/jaffray-masc-fhops-model/data/output/ni_6_sub14_lock14_mip_20260304_035122.json,/home/rjaffray/projects/jaffray-masc-fhops-model/data/output/ni_6_sub14_lock14_mip_20260304_035122_assignments.csv,/home/rjaffray/projects/jaffray-masc-fhops-model/data/output/stdout/ni_6_sub14_lock14_mip_20260304_035122.out.txt,/home/rjaffray/projects/jaffray-masc-fhops-model/data/output/stderr/ni_6_sub14_lock14_mip_20260304_035122.err.txt,2026-03-04 03:54:43
ni,6,ni_6,,2,14,14,14,sa,True,0,22.991,/home/rjaffray/projects/jaffray-masc-fhops-model/data/output/ni_6_sub14_lock14_sa_20260304_035122.json,/home/rjaffray/projects/jaffray-masc-fhops-model/data/output/ni_6_sub14_lock14_sa_20260304_035122_assignments.csv,/home/rjaffray/projects/jaffray-masc-fhops-model/data/output/stdout/ni_6_sub14_lock14_sa_20260304_035122.out.txt,/home/rjaffray/projects/jaffray-masc-fhops-model/data/output/stderr/ni_6_sub14_lock14_sa_20260304_035122.err.txt,2026-03-04 03:55:06
ni,6,ni_6,,4,28,1,28,mip,True,0,24693.14,/home/rjaffray/projects/jaffray-masc-fhops-model/data/output/ni_6_sub28_lock1_mip_20260304_035506.json,/home/rjaffray/projects/jaffray-masc-fhops-model/data/output/ni_6_sub28_lock1_mip_20260304_035506_assignments.csv,/home/rjaffray/projects/jaffray-masc-fhops-model/data/output/stdout/ni_6_sub28_lock1_mip_20260304_035506.out.txt,/home/rjaffray/projects/jaffray-masc-fhops-model/data/output/stderr/ni_6_sub28_lock1_mip_20260304_035506.err.txt,2026-03-04 10:46:39
ni,6,ni_6,,4,28,1,28,sa,True,0,697.557,/home/rjaffray/projects/jaffray-masc-fhops-model/data/output/ni_6_sub28_lock1_sa_20260304_035506.json,/home/rjaffray/projects/jaffray-masc-fhops-model/data/output/ni_6_sub28_lock1_sa_20260304_035506_assignments.csv,/home/rjaffray/projects/jaffray-masc-fhops-model/data/output/stdout/ni_6_sub28_lock1_sa_20260304_035506.out.txt,/home/rjaffray/projects/jaffray-masc-fhops-model/data/output/stderr/ni_6_sub28_lock1_sa_20260304_035506.err.txt,2026-03-04 10:58:17
ni,6,ni_6,,4,28,7,28,mip,True,0,3938.914,/home/rjaffray/projects/jaffray-masc-fhops-model/data/output/ni_6_sub28_lock7_mip_20260304_105817.json,/home/rjaffray/projects/jaffray-masc-fhops-model/data/output/ni_6_sub28_lock7_mip_20260304_105817_assignments.csv,/home/rjaffray/projects/jaffray-masc-fhops-model/data/output/stdout/ni_6_sub28_lock7_mip_20260304_105817.out.txt,/home/rjaffray/projects/jaffray-masc-fhops-model/data/output/stderr/ni_6_sub28_lock7_mip_20260304_105817.err.txt,2026-03-04 12:03:56
ni,6,ni_6,,4,28,7,28,sa,True,0,128.886,/home/rjaffray/projects/jaffray-masc-fhops-model/data/output/ni_6_sub28_lock7_sa_20260304_105817.json,/home/rjaffray/projects/jaffray-masc-fhops-model/data/output/ni_6_sub28_lock7_sa_20260304_105817_assignments.csv,/home/rjaffray/projects/jaffray-masc-fhops-model/data/output/stdout/ni_6_sub28_lock7_sa_20260304_105817.out.txt,/home/rjaffray/projects/jaffray-masc-fhops-model/data/output/stderr/ni_6_sub28_lock7_sa_20260304_105817.err.txt,2026-03-04 12:06:05
ni,6,ni_6,,4,28,14,28,mip,True,0,2002.603,/home/rjaffray/projects/jaffray-masc-fhops-model/data/output/ni_6_sub28_lock14_mip_20260304_120605.json,/home/rjaffray/projects/jaffray-masc-fhops-model/data/output/ni_6_sub28_lock14_mip_20260304_120605_assignments.csv,/home/rjaffray/projects/jaffray-masc-fhops-model/data/output/stdout/ni_6_sub28_lock14_mip_20260304_120605.out.txt,/home/rjaffray/projects/jaffray-masc-fhops-model/data/output/stderr/ni_6_sub28_lock14_mip_20260304_120605.err.txt,2026-03-04 12:39:27
ni,6,ni_6,,4,28,14,28,sa,True,0,78.921,/home/rjaffray/projects/jaffray-masc-fhops-model/data/output/ni_6_sub28_lock14_sa_20260304_120605.json,/home/rjaffray/projects/jaffray-masc-fhops-model/data/output/ni_6_sub28_lock14_sa_20260304_120605_assignments.csv,/home/rjaffray/projects/jaffray-masc-fhops-model/data/output/stdout/ni_6_sub28_lock14_sa_20260304_120605.out.txt,/home/rjaffray/projects/jaffray-masc-fhops-model/data/output/stderr/ni_6_sub28_lock14_sa_20260304_120605.err.txt,2026-03-04 12:40:46
pg,6,pg_6,,16,112,1,112,mip,True,0,106765.511,/home/rjaffray/projects/jaffray-masc-fhops-model/data/output/pg_6_sub112_lock1_mip_20260303_113809.json,/home/rjaffray/projects/jaffray-masc-fhops-model/data/output/pg_6_sub112_lock1_mip_20260303_113809_assignments.csv,/home/rjaffray/projects/jaffray-masc-fhops-model/data/output/stdout/pg_6_sub112_lock1_mip_20260303_113809.out.txt,/home/rjaffray/projects/jaffray-masc-fhops-model/data/output/stderr/pg_6_sub112_lock1_mip_20260303_113809.err.txt,2026-03-04 17:17:34
pg,6,pg_6,,16,112,1,112,sa,True,0,5031.63,/home/rjaffray/projects/jaffray-masc-fhops-model/data/output/pg_6_sub112_lock1_sa_20260303_113809.json,/home/rjaffray/projects/jaffray-masc-fhops-model/data/output/pg_6_sub112_lock1_sa_20260303_113809_assignments.csv,/home/rjaffray/projects/jaffray-masc-fhops-model/data/output/stdout/pg_6_sub112_lock1_sa_20260303_113809.out.txt,/home/rjaffray/projects/jaffray-masc-fhops-model/data/output/stderr/pg_6_sub112_lock1_sa_20260303_113809.err.txt,2026-03-04 18:41:26
pg,6,pg_6,,16,112,7,112,mip,True,0,17004.158,/home/rjaffray/projects/jaffray-masc-fhops-model/data/output/pg_6_sub112_lock7_mip_20260304_184126.json,/home/rjaffray/projects/jaffray-masc-fhops-model/data/output/pg_6_sub112_lock7_mip_20260304_184126_assignments.csv,/home/rjaffray/projects/jaffray-masc-fhops-model/data/output/stdout/pg_6_sub112_lock7_mip_20260304_184126.out.txt,/home/rjaffray/projects/jaffray-masc-fhops-model/data/output/stderr/pg_6_sub112_lock7_mip_20260304_184126.err.txt,2026-03-04 23:24:50
pg,6,pg_6,,16,112,7,112,sa,True,0,807.508,/home/rjaffray/projects/jaffray-masc-fhops-model/data/output/pg_6_sub112_lock7_sa_20260304_184126.json,/home/rjaffray/projects/jaffray-masc-fhops-model/data/output/pg_6_sub112_lock7_sa_20260304_184126_assignments.csv,/home/rjaffray/projects/jaffray-masc-fhops-model/data/output/stdout/pg_6_sub112_lock7_sa_20260304_184126.out.txt,/home/rjaffray/projects/jaffray-masc-fhops-model/data/output/stderr/pg_6_sub112_lock7_sa_20260304_184126.err.txt,2026-03-04 23:38:18
ka,6,ka_6,,2,14,1,14,mip,True,0,7294.038,/home/rjaffray/projects/jaffray-masc-fhops-model/data/output/ka_6_sub14_lock1_mip_20260304_225259.json,/home/rjaffray/projects/jaffray-masc-fhops-model/data/output/ka_6_sub14_lock1_mip_20260304_225259_assignments.csv,/home/rjaffray/projects/jaffray-masc-fhops-model/data/output/stdout/ka_6_sub14_lock1_mip_20260304_225259.out.txt,/home/rjaffray/projects/jaffray-masc-fhops-model/data/output/stderr/ka_6_sub14_lock1_mip_20260304_225259.err.txt,2026-03-05 00:54:33
ka,6,ka_6,,2,14,1,14,sa,True,0,150.192,/home/rjaffray/projects/jaffray-masc-fhops-model/data/output/ka_6_sub14_lock1_sa_20260304_225259.json,/home/rjaffray/projects/jaffray-masc-fhops-model/data/output/ka_6_sub14_lock1_sa_20260304_225259_assignments.csv,/home/rjaffray/projects/jaffray-masc-fhops-model/data/output/stdout/ka_6_sub14_lock1_sa_20260304_225259.out.txt,/home/rjaffray/projects/jaffray-masc-fhops-model/data/output/stderr/ka_6_sub14_lock1_sa_20260304_225259.err.txt,2026-03-05 00:57:03
ka,6,ka_6,,2,14,7,14,mip,True,0,1816.494,/home/rjaffray/projects/jaffray-masc-fhops-model/data/output/ka_6_sub14_lock7_mip_20260305_005703.json,/home/rjaffray/projects/jaffray-masc-fhops-model/data/output/ka_6_sub14_lock7_mip_20260305_005703_assignments.csv,/home/rjaffray/projects/jaffray-masc-fhops-model/data/output/stdout/ka_6_sub14_lock7_mip_20260305_005703.out.txt,/home/rjaffray/projects/jaffray-masc-fhops-model/data/output/stderr/ka_6_sub14_lock7_mip_20260305_005703.err.txt,2026-03-05 01:27:19
ka,6,ka_6,,2,14,7,14,sa,True,0,30.563,/home/rjaffray/projects/jaffray-masc-fhops-model/data/output/ka_6_sub14_lock7_sa_20260305_005703.json,/home/rjaffray/projects/jaffray-masc-fhops-model/data/output/ka_6_sub14_lock7_sa_20260305_005703_assignments.csv,/home/rjaffray/projects/jaffray-masc-fhops-model/data/output/stdout/ka_6_sub14_lock7_sa_20260305_005703.out.txt,/home/rjaffray/projects/jaffray-masc-fhops-model/data/output/stderr/ka_6_sub14_lock7_sa_20260305_005703.err.txt,2026-03-05 01:27:50
ka,6,ka_6,,2,14,14,14,mip,True,0,1804.044,/home/rjaffray/projects/jaffray-masc-fhops-model/data/output/ka_6_sub14_lock14_mip_20260305_012750.json,/home/rjaffray/projects/jaffray-masc-fhops-model/data/output/ka_6_sub14_lock14_mip_20260305_012750_assignments.csv,/home/rjaffray/projects/jaffray-masc-fhops-model/data/output/stdout/ka_6_sub14_lock14_mip_20260305_012750.out.txt,/home/rjaffray/projects/jaffray-masc-fhops-model/data/output/stderr/ka_6_sub14_lock14_mip_20260305_012750.err.txt,2026-03-05 01:57:54
ka,6,ka_6,,2,14,14,14,sa,True,0,21.516,/home/rjaffray/projects/jaffray-masc-fhops-model/data/output/ka_6_sub14_lock14_sa_20260305_012750.json,/home/rjaffray/projects/jaffray-masc-fhops-model/data/output/ka_6_sub14_lock14_sa_20260305_012750_assignments.csv,/home/rjaffray/projects/jaffray-masc-fhops-model/data/output/stdout/ka_6_sub14_lock14_sa_20260305_012750.out.txt,/home/rjaffray/projects/jaffray-masc-fhops-model/data/output/stderr/ka_6_sub14_lock14_sa_20260305_012750.err.txt,2026-03-05 01:58:16
pg,6,pg_6,,16,112,14,112,mip,True,0,9452.472,/home/rjaffray/projects/jaffray-masc-fhops-model/data/output/pg_6_sub112_lock14_mip_20260304_233818.json,/home/rjaffray/projects/jaffray-masc-fhops-model/data/output/pg_6_sub112_lock14_mip_20260304_233818_assignments.csv,/home/rjaffray/projects/jaffray-masc-fhops-model/data/output/stdout/pg_6_sub112_lock14_mip_20260304_233818.out.txt,/home/rjaffray/projects/jaffray-masc-fhops-model/data/output/stderr/pg_6_sub112_lock14_mip_20260304_233818.err.txt,2026-03-05 02:15:50
pg,6,pg_6,,16,112,14,112,sa,True,0,418.609,/home/rjaffray/projects/jaffray-masc-fhops-model/data/output/pg_6_sub112_lock14_sa_20260304_233818.json,/home/rjaffray/projects/jaffray-masc-fhops-model/data/output/pg_6_sub112_lock14_sa_20260304_233818_assignments.csv,/home/rjaffray/projects/jaffray-masc-fhops-model/data/output/stdout/pg_6_sub112_lock14_sa_20260304_233818.out.txt,/home/rjaffray/projects/jaffray-masc-fhops-model/data/output/stderr/pg_6_sub112_lock14_sa_20260304_233818.err.txt,2026-03-05 02:22:49
pg,18,pg_18,,2,14,1,14,mip,True,0,21979.8,/home/rjaffray/projects/jaffray-masc-fhops-model/data/output/pg_18_sub14_lock1_mip_20260305_022249.json,/home/rjaffray/projects/jaffray-masc-fhops-model/data/output/pg_18_sub14_lock1_mip_20260305_022249_assignments.csv,/home/rjaffray/projects/jaffray-masc-fhops-model/data/output/stdout/pg_18_sub14_lock1_mip_20260305_022249.out.txt,/home/rjaffray/projects/jaffray-masc-fhops-model/data/output/stderr/pg_18_sub14_lock1_mip_20260305_022249.err.txt,2026-03-05 08:29:08
pg,18,pg_18,,2,14,1,14,sa,True,0,441.261,/home/rjaffray/projects/jaffray-masc-fhops-model/data/output/pg_18_sub14_lock1_sa_20260305_022249.json,/home/rjaffray/projects/jaffray-masc-fhops-model/data/output/pg_18_sub14_lock1_sa_20260305_022249_assignments.csv,/home/rjaffray/projects/jaffray-masc-fhops-model/data/output/stdout/pg_18_sub14_lock1_sa_20260305_022249.out.txt,/home/rjaffray/projects/jaffray-masc-fhops-model/data/output/stderr/pg_18_sub14_lock1_sa_20260305_022249.err.txt,2026-03-05 08:36:30
pg,18,pg_18,,2,14,7,14,mip,True,0,3657.225,/home/rjaffray/projects/jaffray-masc-fhops-model/data/output/pg_18_sub14_lock7_mip_20260305_083630.json,/home/rjaffray/projects/jaffray-masc-fhops-model/data/output/pg_18_sub14_lock7_mip_20260305_083630_assignments.csv,/home/rjaffray/projects/jaffray-masc-fhops-model/data/output/stdout/pg_18_sub14_lock7_mip_20260305_083630.out.txt,/home/rjaffray/projects/jaffray-masc-fhops-model/data/output/stderr/pg_18_sub14_lock7_mip_20260305_083630.err.txt,2026-03-05 09:37:27
ni,6,ni_6,,8,56,1,56,mip,True,0,75472.958,/home/rjaffray/projects/jaffray-masc-fhops-model/data/output/ni_6_sub56_lock1_mip_20260304_124046.json,/home/rjaffray/projects/jaffray-masc-fhops-model/data/output/ni_6_sub56_lock1_mip_20260304_124046_assignments.csv,/home/rjaffray/projects/jaffray-masc-fhops-model/data/output/stdout/ni_6_sub56_lock1_mip_20260304_124046.out.txt,/home/rjaffray/projects/jaffray-masc-fhops-model/data/output/stderr/ni_6_sub56_lock1_mip_20260304_124046.err.txt,2026-03-05 09:38:39
pg,18,pg_18,,2,14,7,14,sa,True,0,90.458,/home/rjaffray/projects/jaffray-masc-fhops-model/data/output/pg_18_sub14_lock7_sa_20260305_083630.json,/home/rjaffray/projects/jaffray-masc-fhops-model/data/output/pg_18_sub14_lock7_sa_20260305_083630_assignments.csv,/home/rjaffray/projects/jaffray-masc-fhops-model/data/output/stdout/pg_18_sub14_lock7_sa_20260305_083630.out.txt,/home/rjaffray/projects/jaffray-masc-fhops-model/data/output/stderr/pg_18_sub14_lock7_sa_20260305_083630.err.txt,2026-03-05 09:38:57
pg,18,pg_18,,2,14,14,14,mip,True,0,1848.629,/home/rjaffray/projects/jaffray-masc-fhops-model/data/output/pg_18_sub14_lock14_mip_20260305_093857.json,/home/rjaffray/projects/jaffray-masc-fhops-model/data/output/pg_18_sub14_lock14_mip_20260305_093857_assignments.csv,/home/rjaffray/projects/jaffray-masc-fhops-model/data/output/stdout/pg_18_sub14_lock14_mip_20260305_093857.out.txt,/home/rjaffray/projects/jaffray-masc-fhops-model/data/output/stderr/pg_18_sub14_lock14_mip_20260305_093857.err.txt,2026-03-05 10:09:46
pg,18,pg_18,,2,14,14,14,sa,True,0,63.066,/home/rjaffray/projects/jaffray-masc-fhops-model/data/output/pg_18_sub14_lock14_sa_20260305_093857.json,/home/rjaffray/projects/jaffray-masc-fhops-model/data/output/pg_18_sub14_lock14_sa_20260305_093857_assignments.csv,/home/rjaffray/projects/jaffray-masc-fhops-model/data/output/stdout/pg_18_sub14_lock14_sa_20260305_093857.out.txt,/home/rjaffray/projects/jaffray-masc-fhops-model/data/output/stderr/pg_18_sub14_lock14_sa_20260305_093857.err.txt,2026-03-05 10:10:49
ka,6,ka_6,,4,28,1,28,mip,True,0,32007.059,/home/rjaffray/projects/jaffray-masc-fhops-model/data/output/ka_6_sub28_lock1_mip_20260305_015816.json,/home/rjaffray/projects/jaffray-masc-fhops-model/data/output/ka_6_sub28_lock1_mip_20260305_015816_assignments.csv,/home/rjaffray/projects/jaffray-masc-fhops-model/data/output/stdout/ka_6_sub28_lock1_mip_20260305_015816.out.txt,/home/rjaffray/projects/jaffray-masc-fhops-model/data/output/stderr/ka_6_sub28_lock1_mip_20260305_015816.err.txt,2026-03-05 10:51:43
ni,6,ni_6,,8,56,1,56,sa,True,0,4413.514,/home/rjaffray/projects/jaffray-masc-fhops-model/data/output/ni_6_sub56_lock1_sa_20260304_124046.json,/home/rjaffray/projects/jaffray-masc-fhops-model/data/output/ni_6_sub56_lock1_sa_20260304_124046_assignments.csv,/home/rjaffray/projects/jaffray-masc-fhops-model/data/output/stdout/ni_6_sub56_lock1_sa_20260304_124046.out.txt,/home/rjaffray/projects/jaffray-masc-fhops-model/data/output/stderr/ni_6_sub56_lock1_sa_20260304_124046.err.txt,2026-03-05 10:52:13
ka,6,ka_6,,4,28,1,28,sa,True,0,515.885,/home/rjaffray/projects/jaffray-masc-fhops-model/data/output/ka_6_sub28_lock1_sa_20260305_015816.json,/home/rjaffray/projects/jaffray-masc-fhops-model/data/output/ka_6_sub28_lock1_sa_20260305_015816_assignments.csv,/home/rjaffray/projects/jaffray-masc-fhops-model/data/output/stdout/ka_6_sub28_lock1_sa_20260305_015816.out.txt,/home/rjaffray/projects/jaffray-masc-fhops-model/data/output/stderr/ka_6_sub28_lock1_sa_20260305_015816.err.txt,2026-03-05 11:00:18
ka,6,ka_6,,4,28,7,28,mip,True,0,5075.646,/home/rjaffray/projects/jaffray-masc-fhops-model/data/output/ka_6_sub28_lock7_mip_20260305_110018.json,/home/rjaffray/projects/jaffray-masc-fhops-model/data/output/ka_6_sub28_lock7_mip_20260305_110018_assignments.csv,/home/rjaffray/projects/jaffray-masc-fhops-model/data/output/stdout/ka_6_sub28_lock7_mip_20260305_110018.out.txt,/home/rjaffray/projects/jaffray-masc-fhops-model/data/output/stderr/ka_6_sub28_lock7_mip_20260305_110018.err.txt,2026-03-05 12:24:54
ka,6,ka_6,,4,28,7,28,sa,True,0,84.256,/home/rjaffray/projects/jaffray-masc-fhops-model/data/output/ka_6_sub28_lock7_sa_20260305_110018.json,/home/rjaffray/projects/jaffray-masc-fhops-model/data/output/ka_6_sub28_lock7_sa_20260305_110018_assignments.csv,/home/rjaffray/projects/jaffray-masc-fhops-model/data/output/stdout/ka_6_sub28_lock7_sa_20260305_110018.out.txt,/home/rjaffray/projects/jaffray-masc-fhops-model/data/output/stderr/ka_6_sub28_lock7_sa_20260305_110018.err.txt,2026-03-05 12:26:18
ka,6,ka_6,,4,28,14,28,mip,True,0,3250.952,/home/rjaffray/projects/jaffray-masc-fhops-model/data/output/ka_6_sub28_lock14_mip_20260305_122618.json,/home/rjaffray/projects/jaffray-masc-fhops-model/data/output/ka_6_sub28_lock14_mip_20260305_122618_assignments.csv,/home/rjaffray/projects/jaffray-masc-fhops-model/data/output/stdout/ka_6_sub28_lock14_mip_20260305_122618.out.txt,/home/rjaffray/projects/jaffray-masc-fhops-model/data/output/stderr/ka_6_sub28_lock14_mip_20260305_122618.err.txt,2026-03-05 13:20:29
ka,6,ka_6,,4,28,14,28,sa,True,0,53.67,/home/rjaffray/projects/jaffray-masc-fhops-model/data/output/ka_6_sub28_lock14_sa_20260305_122618.json,/home/rjaffray/projects/jaffray-masc-fhops-model/data/output/ka_6_sub28_lock14_sa_20260305_122618_assignments.csv,/home/rjaffray/projects/jaffray-masc-fhops-model/data/output/stdout/ka_6_sub28_lock14_sa_20260305_122618.out.txt,/home/rjaffray/projects/jaffray-masc-fhops-model/data/output/stderr/ka_6_sub28_lock14_sa_20260305_122618.err.txt,2026-03-05 13:21:23
ni,6,ni_6,,8,56,7,56,mip,True,0,11180.503,/home/rjaffray/projects/jaffray-masc-fhops-model/data/output/ni_6_sub56_lock7_mip_20260305_105213.json,/home/rjaffray/projects/jaffray-masc-fhops-model/data/output/ni_6_sub56_lock7_mip_20260305_105213_assignments.csv,/home/rjaffray/projects/jaffray-masc-fhops-model/data/output/stdout/ni_6_sub56_lock7_mip_20260305_105213.out.txt,/home/rjaffray/projects/jaffray-masc-fhops-model/data/output/stderr/ni_6_sub56_lock7_mip_20260305_105213.err.txt,2026-03-05 13:58:33
ni,6,ni_6,,8,56,7,56,sa,True,0,759.566,/home/rjaffray/projects/jaffray-masc-fhops-model/data/output/ni_6_sub56_lock7_sa_20260305_105213.json,/home/rjaffray/projects/jaffray-masc-fhops-model/data/output/ni_6_sub56_lock7_sa_20260305_105213_assignments.csv,/home/rjaffray/projects/jaffray-masc-fhops-model/data/output/stdout/ni_6_sub56_lock7_sa_20260305_105213.out.txt,/home/rjaffray/projects/jaffray-masc-fhops-model/data/output/stderr/ni_6_sub56_lock7_sa_20260305_105213.err.txt,2026-03-05 14:11:13
ni,6,ni_6,,8,56,14,56,mip,True,0,5624.014,/home/rjaffray/projects/jaffray-masc-fhops-model/data/output/ni_6_sub56_lock14_mip_20260305_141113.json,/home/rjaffray/projects/jaffray-masc-fhops-model/data/output/ni_6_sub56_lock14_mip_20260305_141113_assignments.csv,/home/rjaffray/projects/jaffray-masc-fhops-model/data/output/stdout/ni_6_sub56_lock14_mip_20260305_141113.out.txt,/home/rjaffray/projects/jaffray-masc-fhops-model/data/output/stderr/ni_6_sub56_lock14_mip_20260305_141113.err.txt,2026-03-05 15:44:57
ni,6,ni_6,,8,56,14,56,sa,True,0,399.015,/home/rjaffray/projects/jaffray-masc-fhops-model/data/output/ni_6_sub56_lock14_sa_20260305_141113.json,/home/rjaffray/projects/jaffray-masc-fhops-model/data/output/ni_6_sub56_lock14_sa_20260305_141113_assignments.csv,/home/rjaffray/projects/jaffray-masc-fhops-model/data/output/stdout/ni_6_sub56_lock14_sa_20260305_141113.out.txt,/home/rjaffray/projects/jaffray-masc-fhops-model/data/output/stderr/ni_6_sub56_lock14_sa_20260305_141113.err.txt,2026-03-05 15:51:36
pg,18,pg_18,,4,28,1,28,mip,True,0,48017.877,/home/rjaffray/projects/jaffray-masc-fhops-model/data/output/pg_18_sub28_lock1_mip_20260305_101049.json,/home/rjaffray/projects/jaffray-masc-fhops-model/data/output/pg_18_sub28_lock1_mip_20260305_101049_assignments.csv,/home/rjaffray/projects/jaffray-masc-fhops-model/data/output/stdout/pg_18_sub28_lock1_mip_20260305_101049.out.txt,/home/rjaffray/projects/jaffray-masc-fhops-model/data/output/stderr/pg_18_sub28_lock1_mip_20260305_101049.err.txt,2026-03-05 23:31:07
pg,18,pg_18,,4,28,1,28,sa,True,0,2225.261,/home/rjaffray/projects/jaffray-masc-fhops-model/data/output/pg_18_sub28_lock1_sa_20260305_101049.json,/home/rjaffray/projects/jaffray-masc-fhops-model/data/output/pg_18_sub28_lock1_sa_20260305_101049_assignments.csv,/home/rjaffray/projects/jaffray-masc-fhops-model/data/output/stdout/pg_18_sub28_lock1_sa_20260305_101049.out.txt,/home/rjaffray/projects/jaffray-masc-fhops-model/data/output/stderr/pg_18_sub28_lock1_sa_20260305_101049.err.txt,2026-03-06 00:08:12
pg,18,pg_18,,4,28,7,28,mip,True,0,7396.119,/home/rjaffray/projects/jaffray-masc-fhops-model/data/output/pg_18_sub28_lock7_mip_20260306_000812.json,/home/rjaffray/projects/jaffray-masc-fhops-model/data/output/pg_18_sub28_lock7_mip_20260306_000812_assignments.csv,/home/rjaffray/projects/jaffray-masc-fhops-model/data/output/stdout/pg_18_sub28_lock7_mip_20260306_000812.out.txt,/home/rjaffray/projects/jaffray-masc-fhops-model/data/output/stderr/pg_18_sub28_lock7_mip_20260306_000812.err.txt,2026-03-06 02:11:28
pg,18,pg_18,,4,28,7,28,sa,True,0,442.574,/home/rjaffray/projects/jaffray-masc-fhops-model/data/output/pg_18_sub28_lock7_sa_20260306_000812.json,/home/rjaffray/projects/jaffray-masc-fhops-model/data/output/pg_18_sub28_lock7_sa_20260306_000812_assignments.csv,/home/rjaffray/projects/jaffray-masc-fhops-model/data/output/stdout/pg_18_sub28_lock7_sa_20260306_000812.out.txt,/home/rjaffray/projects/jaffray-masc-fhops-model/data/output/stderr/pg_18_sub28_lock7_sa_20260306_000812.err.txt,2026-03-06 02:18:51
ka,6,ka_6,,8,56,1,56,mip,True,0,47403.656,/home/rjaffray/projects/jaffray-masc-fhops-model/data/output/ka_6_sub56_lock1_mip_20260305_132123.json,/home/rjaffray/projects/jaffray-masc-fhops-model/data/output/ka_6_sub56_lock1_mip_20260305_132123_assignments.csv,/home/rjaffray/projects/jaffray-masc-fhops-model/data/output/stdout/ka_6_sub56_lock1_mip_20260305_132123.out.txt,/home/rjaffray/projects/jaffray-masc-fhops-model/data/output/stderr/ka_6_sub56_lock1_mip_20260305_132123.err.txt,2026-03-06 02:31:27
ka,6,ka_6,,8,56,1,56,sa,True,0,1494.486,/home/rjaffray/projects/jaffray-masc-fhops-model/data/output/ka_6_sub56_lock1_sa_20260305_132123.json,/home/rjaffray/projects/jaffray-masc-fhops-model/data/output/ka_6_sub56_lock1_sa_20260305_132123_assignments.csv,/home/rjaffray/projects/jaffray-masc-fhops-model/data/output/stdout/ka_6_sub56_lock1_sa_20260305_132123.out.txt,/home/rjaffray/projects/jaffray-masc-fhops-model/data/output/stderr/ka_6_sub56_lock1_sa_20260305_132123.err.txt,2026-03-06 02:56:21
pg,18,pg_18,,4,28,14,28,mip,True,0,3716.286,/home/rjaffray/projects/jaffray-masc-fhops-model/data/output/pg_18_sub28_lock14_mip_20260306_021851.json,/home/rjaffray/projects/jaffray-masc-fhops-model/data/output/pg_18_sub28_lock14_mip_20260306_021851_assignments.csv,/home/rjaffray/projects/jaffray-masc-fhops-model/data/output/stdout/pg_18_sub28_lock14_mip_20260306_021851.out.txt,/home/rjaffray/projects/jaffray-masc-fhops-model/data/output/stderr/pg_18_sub28_lock14_mip_20260306_021851.err.txt,2026-03-06 03:20:47
pg,18,pg_18,,4,28,14,28,sa,True,0,271.984,/home/rjaffray/projects/jaffray-masc-fhops-model/data/output/pg_18_sub28_lock14_sa_20260306_021851.json,/home/rjaffray/projects/jaffray-masc-fhops-model/data/output/pg_18_sub28_lock14_sa_20260306_021851_assignments.csv,/home/rjaffray/projects/jaffray-masc-fhops-model/data/output/stdout/pg_18_sub28_lock14_sa_20260306_021851.out.txt,/home/rjaffray/projects/jaffray-masc-fhops-model/data/output/stderr/pg_18_sub28_lock14_sa_20260306_021851.err.txt,2026-03-06 03:25:19
ka,6,ka_6,,8,56,7,56,mip,True,0,6619.42,/home/rjaffray/projects/jaffray-masc-fhops-model/data/output/ka_6_sub56_lock7_mip_20260306_025621.json,/home/rjaffray/projects/jaffray-masc-fhops-model/data/output/ka_6_sub56_lock7_mip_20260306_025621_assignments.csv,/home/rjaffray/projects/jaffray-masc-fhops-model/data/output/stdout/ka_6_sub56_lock7_mip_20260306_025621.out.txt,/home/rjaffray/projects/jaffray-masc-fhops-model/data/output/stderr/ka_6_sub56_lock7_mip_20260306_025621.err.txt,2026-03-06 04:46:41
ka,6,ka_6,,8,56,7,56,sa,True,0,224.207,/home/rjaffray/projects/jaffray-masc-fhops-model/data/output/ka_6_sub56_lock7_sa_20260306_025621.json,/home/rjaffray/projects/jaffray-masc-fhops-model/data/output/ka_6_sub56_lock7_sa_20260306_025621_assignments.csv,/home/rjaffray/projects/jaffray-masc-fhops-model/data/output/stdout/ka_6_sub56_lock7_sa_20260306_025621.out.txt,/home/rjaffray/projects/jaffray-masc-fhops-model/data/output/stderr/ka_6_sub56_lock7_sa_20260306_025621.err.txt,2026-03-06 04:50:25
ka,6,ka_6,,8,56,14,56,mip,True,0,3929.985,/home/rjaffray/projects/jaffray-masc-fhops-model/data/output/ka_6_sub56_lock14_mip_20260306_045025.json,/home/rjaffray/projects/jaffray-masc-fhops-model/data/output/ka_6_sub56_lock14_mip_20260306_045025_assignments.csv,/home/rjaffray/projects/jaffray-masc-fhops-model/data/output/stdout/ka_6_sub56_lock14_mip_20260306_045025.out.txt,/home/rjaffray/projects/jaffray-masc-fhops-model/data/output/stderr/ka_6_sub56_lock14_mip_20260306_045025.err.txt,2026-03-06 05:55:55
ka,6,ka_6,,8,56,14,56,sa,True,0,116.338,/home/rjaffray/projects/jaffray-masc-fhops-model/data/output/ka_6_sub56_lock14_sa_20260306_045025.json,/home/rjaffray/projects/jaffray-masc-fhops-model/data/output/ka_6_sub56_lock14_sa_20260306_045025_assignments.csv,/home/rjaffray/projects/jaffray-masc-fhops-model/data/output/stdout/ka_6_sub56_lock14_sa_20260306_045025.out.txt,/home/rjaffray/projects/jaffray-masc-fhops-model/data/output/stderr/ka_6_sub56_lock14_sa_20260306_045025.err.txt,2026-03-06 05:57:51
ka,6,ka_6,,16,112,1,112,mip,True,0,58379.575,/home/rjaffray/projects/jaffray-masc-fhops-model/data/output/ka_6_sub112_lock1_mip_20260306_055751.json,/home/rjaffray/projects/jaffray-masc-fhops-model/data/output/ka_6_sub112_lock1_mip_20260306_055751_assignments.csv,/home/rjaffray/projects/jaffray-masc-fhops-model/data/output/stdout/ka_6_sub112_lock1_mip_20260306_055751.out.txt,/home/rjaffray/projects/jaffray-masc-fhops-model/data/output/stderr/ka_6_sub112_lock1_mip_20260306_055751.err.txt,2026-03-06 22:10:51
ka,6,ka_6,,16,112,1,112,sa,True,0,4051.761,/home/rjaffray/projects/jaffray-masc-fhops-model/data/output/ka_6_sub112_lock1_sa_20260306_055751.json,/home/rjaffray/projects/jaffray-masc-fhops-model/data/output/ka_6_sub112_lock1_sa_20260306_055751_assignments.csv,/home/rjaffray/projects/jaffray-masc-fhops-model/data/output/stdout/ka_6_sub112_lock1_sa_20260306_055751.out.txt,/home/rjaffray/projects/jaffray-masc-fhops-model/data/output/stderr/ka_6_sub112_lock1_sa_20260306_055751.err.txt,2026-03-06 23:18:22
ka,6,ka_6,,16,112,7,112,mip,True,0,8462.751,/home/rjaffray/projects/jaffray-masc-fhops-model/data/output/ka_6_sub112_lock7_mip_20260306_231822.json,/home/rjaffray/projects/jaffray-masc-fhops-model/data/output/ka_6_sub112_lock7_mip_20260306_231822_assignments.csv,/home/rjaffray/projects/jaffray-masc-fhops-model/data/output/stdout/ka_6_sub112_lock7_mip_20260306_231822.out.txt,/home/rjaffray/projects/jaffray-masc-fhops-model/data/output/stderr/ka_6_sub112_lock7_mip_20260306_231822.err.txt,2026-03-07 01:39:25
ka,6,ka_6,,16,112,7,112,sa,True,0,592.325,/home/rjaffray/projects/jaffray-masc-fhops-model/data/output/ka_6_sub112_lock7_sa_20260306_231822.json,/home/rjaffray/projects/jaffray-masc-fhops-model/data/output/ka_6_sub112_lock7_sa_20260306_231822_assignments.csv,/home/rjaffray/projects/jaffray-masc-fhops-model/data/output/stdout/ka_6_sub112_lock7_sa_20260306_231822.out.txt,/home/rjaffray/projects/jaffray-masc-fhops-model/data/output/stderr/ka_6_sub112_lock7_sa_20260306_231822.err.txt,2026-03-07 01:49:18
ka,6,ka_6,,16,112,14,112,mip,True,0,5024.858,/home/rjaffray/projects/jaffray-masc-fhops-model/data/output/ka_6_sub112_lock14_mip_20260307_014918.json,/home/rjaffray/projects/jaffray-masc-fhops-model/data/output/ka_6_sub112_lock14_mip_20260307_014918_assignments.csv,/home/rjaffray/projects/jaffray-masc-fhops-model/data/output/stdout/ka_6_sub112_lock14_mip_20260307_014918.out.txt,/home/rjaffray/projects/jaffray-masc-fhops-model/data/output/stderr/ka_6_sub112_lock14_mip_20260307_014918.err.txt,2026-03-07 03:13:02
ka,6,ka_6,,16,112,14,112,sa,True,0,307.282,/home/rjaffray/projects/jaffray-masc-fhops-model/data/output/ka_6_sub112_lock14_sa_20260307_014918.json,/home/rjaffray/projects/jaffray-masc-fhops-model/data/output/ka_6_sub112_lock14_sa_20260307_014918_assignments.csv,/home/rjaffray/projects/jaffray-masc-fhops-model/data/output/stdout/ka_6_sub112_lock14_sa_20260307_014918.out.txt,/home/rjaffray/projects/jaffray-masc-fhops-model/data/output/stderr/ka_6_sub112_lock14_sa_20260307_014918.err.txt,2026-03-07 03:18:10
pg,18,pg_18,,8,56,1,56,mip,True,0,101514.122,/home/rjaffray/projects/jaffray-masc-fhops-model/data/output/pg_18_sub56_lock1_mip_20260306_032519.json,/home/rjaffray/projects/jaffray-masc-fhops-model/data/output/pg_18_sub56_lock1_mip_20260306_032519_assignments.csv,/home/rjaffray/projects/jaffray-masc-fhops-model/data/output/stdout/pg_18_sub56_lock1_mip_20260306_032519.out.txt,/home/rjaffray/projects/jaffray-masc-fhops-model/data/output/stderr/pg_18_sub56_lock1_mip_20260306_032519.err.txt,2026-03-07 07:37:13
ka,18,ka_18,,2,14,1,14,mip,True,0,21961.984,/home/rjaffray/projects/jaffray-masc-fhops-model/data/output/ka_18_sub14_lock1_mip_20260307_031810.json,/home/rjaffray/projects/jaffray-masc-fhops-model/data/output/ka_18_sub14_lock1_mip_20260307_031810_assignments.csv,/home/rjaffray/projects/jaffray-masc-fhops-model/data/output/stdout/ka_18_sub14_lock1_mip_20260307_031810.out.txt,/home/rjaffray/projects/jaffray-masc-fhops-model/data/output/stderr/ka_18_sub14_lock1_mip_20260307_031810.err.txt,2026-03-07 09:24:12
ka,18,ka_18,,2,14,1,14,sa,True,0,501.525,/home/rjaffray/projects/jaffray-masc-fhops-model/data/output/ka_18_sub14_lock1_sa_20260307_031810.json,/home/rjaffray/projects/jaffray-masc-fhops-model/data/output/ka_18_sub14_lock1_sa_20260307_031810_assignments.csv,/home/rjaffray/projects/jaffray-masc-fhops-model/data/output/stdout/ka_18_sub14_lock1_sa_20260307_031810.out.txt,/home/rjaffray/projects/jaffray-masc-fhops-model/data/output/stderr/ka_18_sub14_lock1_sa_20260307_031810.err.txt,2026-03-07 09:32:33
ka,18,ka_18,,2,14,7,14,mip,True,0,3659.181,/home/rjaffray/projects/jaffray-masc-fhops-model/data/output/ka_18_sub14_lock7_mip_20260307_093233.json,/home/rjaffray/projects/jaffray-masc-fhops-model/data/output/ka_18_sub14_lock7_mip_20260307_093233_assignments.csv,/home/rjaffray/projects/jaffray-masc-fhops-model/data/output/stdout/ka_18_sub14_lock7_mip_20260307_093233.out.txt,/home/rjaffray/projects/jaffray-masc-fhops-model/data/output/stderr/ka_18_sub14_lock7_mip_20260307_093233.err.txt,2026-03-07 10:33:32
ka,18,ka_18,,2,14,7,14,sa,True,0,104.548,/home/rjaffray/projects/jaffray-masc-fhops-model/data/output/ka_18_sub14_lock7_sa_20260307_093233.json,/home/rjaffray/projects/jaffray-masc-fhops-model/data/output/ka_18_sub14_lock7_sa_20260307_093233_assignments.csv,/home/rjaffray/projects/jaffray-masc-fhops-model/data/output/stdout/ka_18_sub14_lock7_sa_20260307_093233.out.txt,/home/rjaffray/projects/jaffray-masc-fhops-model/data/output/stderr/ka_18_sub14_lock7_sa_20260307_093233.err.txt,2026-03-07 10:35:17
ka,18,ka_18,,2,14,14,14,mip,True,0,1838.911,/home/rjaffray/projects/jaffray-masc-fhops-model/data/output/ka_18_sub14_lock14_mip_20260307_103517.json,/home/rjaffray/projects/jaffray-masc-fhops-model/data/output/ka_18_sub14_lock14_mip_20260307_103517_assignments.csv,/home/rjaffray/projects/jaffray-masc-fhops-model/data/output/stdout/ka_18_sub14_lock14_mip_20260307_103517.out.txt,/home/rjaffray/projects/jaffray-masc-fhops-model/data/output/stderr/ka_18_sub14_lock14_mip_20260307_103517.err.txt,2026-03-07 11:05:56
ka,18,ka_18,,2,14,14,14,sa,True,0,68.578,/home/rjaffray/projects/jaffray-masc-fhops-model/data/output/ka_18_sub14_lock14_sa_20260307_103517.json,/home/rjaffray/projects/jaffray-masc-fhops-model/data/output/ka_18_sub14_lock14_sa_20260307_103517_assignments.csv,/home/rjaffray/projects/jaffray-masc-fhops-model/data/output/stdout/ka_18_sub14_lock14_sa_20260307_103517.out.txt,/home/rjaffray/projects/jaffray-masc-fhops-model/data/output/stderr/ka_18_sub14_lock14_sa_20260307_103517.err.txt,2026-03-07 11:07:04
pg,18,pg_18,,8,56,1,56,sa,True,0,13884.648,/home/rjaffray/projects/jaffray-masc-fhops-model/data/output/pg_18_sub56_lock1_sa_20260306_032519.json,/home/rjaffray/projects/jaffray-masc-fhops-model/data/output/pg_18_sub56_lock1_sa_20260306_032519_assignments.csv,/home/rjaffray/projects/jaffray-masc-fhops-model/data/output/stdout/pg_18_sub56_lock1_sa_20260306_032519.out.txt,/home/rjaffray/projects/jaffray-masc-fhops-model/data/output/stderr/pg_18_sub56_lock1_sa_20260306_032519.err.txt,2026-03-07 11:28:38
pg,18,pg_18,,8,56,7,56,mip,True,0,15116.242,/home/rjaffray/projects/jaffray-masc-fhops-model/data/output/pg_18_sub56_lock7_mip_20260307_112838.json,/home/rjaffray/projects/jaffray-masc-fhops-model/data/output/pg_18_sub56_lock7_mip_20260307_112838_assignments.csv,/home/rjaffray/projects/jaffray-masc-fhops-model/data/output/stdout/pg_18_sub56_lock7_mip_20260307_112838.out.txt,/home/rjaffray/projects/jaffray-masc-fhops-model/data/output/stderr/pg_18_sub56_lock7_mip_20260307_112838.err.txt,2026-03-07 15:40:34
pg,18,pg_18,,8,56,7,56,sa,True,0,2414.335,/home/rjaffray/projects/jaffray-masc-fhops-model/data/output/pg_18_sub56_lock7_sa_20260307_112838.json,/home/rjaffray/projects/jaffray-masc-fhops-model/data/output/pg_18_sub56_lock7_sa_20260307_112838_assignments.csv,/home/rjaffray/projects/jaffray-masc-fhops-model/data/output/stdout/pg_18_sub56_lock7_sa_20260307_112838.out.txt,/home/rjaffray/projects/jaffray-masc-fhops-model/data/output/stderr/pg_18_sub56_lock7_sa_20260307_112838.err.txt,2026-03-07 16:20:49
ni,6,ni_6,,16,112,1,112,mip,True,0,177338.803,/home/rjaffray/projects/jaffray-masc-fhops-model/data/output/ni_6_sub112_lock1_mip_20260305_155136.json,/home/rjaffray/projects/jaffray-masc-fhops-model/data/output/ni_6_sub112_lock1_mip_20260305_155136_assignments.csv,/home/rjaffray/projects/jaffray-masc-fhops-model/data/output/stdout/ni_6_sub112_lock1_mip_20260305_155136.out.txt,/home/rjaffray/projects/jaffray-masc-fhops-model/data/output/stderr/ni_6_sub112_lock1_mip_20260305_155136.err.txt,2026-03-07 17:07:14
pg,18,pg_18,,8,56,14,56,mip,True,0,7603.023,/home/rjaffray/projects/jaffray-masc-fhops-model/data/output/pg_18_sub56_lock14_mip_20260307_162049.json,/home/rjaffray/projects/jaffray-masc-fhops-model/data/output/pg_18_sub56_lock14_mip_20260307_162049_assignments.csv,/home/rjaffray/projects/jaffray-masc-fhops-model/data/output/stdout/pg_18_sub56_lock14_mip_20260307_162049.out.txt,/home/rjaffray/projects/jaffray-masc-fhops-model/data/output/stderr/pg_18_sub56_lock14_mip_20260307_162049.err.txt,2026-03-07 18:27:32
pg,18,pg_18,,8,56,14,56,sa,True,0,1325.095,/home/rjaffray/projects/jaffray-masc-fhops-model/data/output/pg_18_sub56_lock14_sa_20260307_162049.json,/home/rjaffray/projects/jaffray-masc-fhops-model/data/output/pg_18_sub56_lock14_sa_20260307_162049_assignments.csv,/home/rjaffray/projects/jaffray-masc-fhops-model/data/output/stdout/pg_18_sub56_lock14_sa_20260307_162049.out.txt,/home/rjaffray/projects/jaffray-masc-fhops-model/data/output/stderr/pg_18_sub56_lock14_sa_20260307_162049.err.txt,2026-03-07 18:49:37
ka,18,ka_18,,4,28,1,28,mip,True,0,47968.93,/home/rjaffray/projects/jaffray-masc-fhops-model/data/output/ka_18_sub28_lock1_mip_20260307_110704.json,/home/rjaffray/projects/jaffray-masc-fhops-model/data/output/ka_18_sub28_lock1_mip_20260307_110704_assignments.csv,/home/rjaffray/projects/jaffray-masc-fhops-model/data/output/stdout/ka_18_sub28_lock1_mip_20260307_110704.out.txt,/home/rjaffray/projects/jaffray-masc-fhops-model/data/output/stderr/ka_18_sub28_lock1_mip_20260307_110704.err.txt,2026-03-08 00:26:33
ni,6,ni_6,,16,112,1,112,sa,True,0,26697.04,/home/rjaffray/projects/jaffray-masc-fhops-model/data/output/ni_6_sub112_lock1_sa_20260305_155136.json,/home/rjaffray/projects/jaffray-masc-fhops-model/data/output/ni_6_sub112_lock1_sa_20260305_155136_assignments.csv,/home/rjaffray/projects/jaffray-masc-fhops-model/data/output/stdout/ni_6_sub112_lock1_sa_20260305_155136.out.txt,/home/rjaffray/projects/jaffray-masc-fhops-model/data/output/stderr/ni_6_sub112_lock1_sa_20260305_155136.err.txt,2026-03-08 00:32:12
ka,18,ka_18,,4,28,1,28,sa,True,0,2161.797,/home/rjaffray/projects/jaffray-masc-fhops-model/data/output/ka_18_sub28_lock1_sa_20260307_110704.json,/home/rjaffray/projects/jaffray-masc-fhops-model/data/output/ka_18_sub28_lock1_sa_20260307_110704_assignments.csv,/home/rjaffray/projects/jaffray-masc-fhops-model/data/output/stdout/ka_18_sub28_lock1_sa_20260307_110704.out.txt,/home/rjaffray/projects/jaffray-masc-fhops-model/data/output/stderr/ka_18_sub28_lock1_sa_20260307_110704.err.txt,2026-03-08 01:02:35
ka,18,ka_18,,4,28,7,28,mip,True,0,7402.168,/home/rjaffray/projects/jaffray-masc-fhops-model/data/output/ka_18_sub28_lock7_mip_20260308_010235.json,/home/rjaffray/projects/jaffray-masc-fhops-model/data/output/ka_18_sub28_lock7_mip_20260308_010235_assignments.csv,/home/rjaffray/projects/jaffray-masc-fhops-model/data/output/stdout/ka_18_sub28_lock7_mip_20260308_010235.out.txt,/home/rjaffray/projects/jaffray-masc-fhops-model/data/output/stderr/ka_18_sub28_lock7_mip_20260308_010235.err.txt,2026-03-08 03:05:57
ka,18,ka_18,,4,28,7,28,sa,True,0,328.412,/home/rjaffray/projects/jaffray-masc-fhops-model/data/output/ka_18_sub28_lock7_sa_20260308_010235.json,/home/rjaffray/projects/jaffray-masc-fhops-model/data/output/ka_18_sub28_lock7_sa_20260308_010235_assignments.csv,/home/rjaffray/projects/jaffray-masc-fhops-model/data/output/stdout/ka_18_sub28_lock7_sa_20260308_010235.out.txt,/home/rjaffray/projects/jaffray-masc-fhops-model/data/output/stderr/ka_18_sub28_lock7_sa_20260308_010235.err.txt,2026-03-08 03:11:26
ka,18,ka_18,,4,28,14,28,mip,True,0,3717.251,/home/rjaffray/projects/jaffray-masc-fhops-model/data/output/ka_18_sub28_lock14_mip_20260308_031126.json,/home/rjaffray/projects/jaffray-masc-fhops-model/data/output/ka_18_sub28_lock14_mip_20260308_031126_assignments.csv,/home/rjaffray/projects/jaffray-masc-fhops-model/data/output/stdout/ka_18_sub28_lock14_mip_20260308_031126.out.txt,/home/rjaffray/projects/jaffray-masc-fhops-model/data/output/stderr/ka_18_sub28_lock14_mip_20260308_031126.err.txt,2026-03-08 04:13:23
ka,18,ka_18,,4,28,14,28,sa,True,0,182.241,/home/rjaffray/projects/jaffray-masc-fhops-model/data/output/ka_18_sub28_lock14_sa_20260308_031126.json,/home/rjaffray/projects/jaffray-masc-fhops-model/data/output/ka_18_sub28_lock14_sa_20260308_031126_assignments.csv,/home/rjaffray/projects/jaffray-masc-fhops-model/data/output/stdout/ka_18_sub28_lock14_sa_20260308_031126.out.txt,/home/rjaffray/projects/jaffray-masc-fhops-model/data/output/stderr/ka_18_sub28_lock14_sa_20260308_031126.err.txt,2026-03-08 04:16:25
ni,6,ni_6,,16,112,7,112,mip,True,0,25737.414,/home/rjaffray/projects/jaffray-masc-fhops-model/data/output/ni_6_sub112_lock7_mip_20260308_003212.json,/home/rjaffray/projects/jaffray-masc-fhops-model/data/output/ni_6_sub112_lock7_mip_20260308_003212_assignments.csv,/home/rjaffray/projects/jaffray-masc-fhops-model/data/output/stdout/ni_6_sub112_lock7_mip_20260308_003212.out.txt,/home/rjaffray/projects/jaffray-masc-fhops-model/data/output/stderr/ni_6_sub112_lock7_mip_20260308_003212.err.txt,2026-03-08 07:41:09
ni,6,ni_6,,16,112,7,112,sa,True,0,3856.836,/home/rjaffray/projects/jaffray-masc-fhops-model/data/output/ni_6_sub112_lock7_sa_20260308_003212.json,/home/rjaffray/projects/jaffray-masc-fhops-model/data/output/ni_6_sub112_lock7_sa_20260308_003212_assignments.csv,/home/rjaffray/projects/jaffray-masc-fhops-model/data/output/stdout/ni_6_sub112_lock7_sa_20260308_003212.out.txt,/home/rjaffray/projects/jaffray-masc-fhops-model/data/output/stderr/ni_6_sub112_lock7_sa_20260308_003212.err.txt,2026-03-08 08:45:26
ni,6,ni_6,,16,112,14,112,mip,True,0,12894.085,/home/rjaffray/projects/jaffray-masc-fhops-model/data/output/ni_6_sub112_lock14_mip_20260308_084526.json,/home/rjaffray/projects/jaffray-masc-fhops-model/data/output/ni_6_sub112_lock14_mip_20260308_084526_assignments.csv,/home/rjaffray/projects/jaffray-masc-fhops-model/data/output/stdout/ni_6_sub112_lock14_mip_20260308_084526.out.txt,/home/rjaffray/projects/jaffray-masc-fhops-model/data/output/stderr/ni_6_sub112_lock14_mip_20260308_084526.err.txt,2026-03-08 12:20:20
ni,6,ni_6,,16,112,14,112,sa,True,0,2056.816,/home/rjaffray/projects/jaffray-masc-fhops-model/data/output/ni_6_sub112_lock14_sa_20260308_084526.json,/home/rjaffray/projects/jaffray-masc-fhops-model/data/output/ni_6_sub112_lock14_sa_20260308_084526_assignments.csv,/home/rjaffray/projects/jaffray-masc-fhops-model/data/output/stdout/ni_6_sub112_lock14_sa_20260308_084526.out.txt,/home/rjaffray/projects/jaffray-masc-fhops-model/data/output/stderr/ni_6_sub112_lock14_sa_20260308_084526.err.txt,2026-03-08 12:54:37
ni,18,ni_18,,2,14,1,14,mip,True,0,21385.222,/home/rjaffray/projects/jaffray-masc-fhops-model/data/output/ni_18_sub14_lock1_mip_20260308_125437.json,/home/rjaffray/projects/jaffray-masc-fhops-model/data/output/ni_18_sub14_lock1_mip_20260308_125437_assignments.csv,/home/rjaffray/projects/jaffray-masc-fhops-model/data/output/stdout/ni_18_sub14_lock1_mip_20260308_125437.out.txt,/home/rjaffray/projects/jaffray-masc-fhops-model/data/output/stderr/ni_18_sub14_lock1_mip_20260308_125437.err.txt,2026-03-08 18:51:02
ni,18,ni_18,,2,14,1,14,sa,True,0,459.614,/home/rjaffray/projects/jaffray-masc-fhops-model/data/output/ni_18_sub14_lock1_sa_20260308_125437.json,/home/rjaffray/projects/jaffray-masc-fhops-model/data/output/ni_18_sub14_lock1_sa_20260308_125437_assignments.csv,/home/rjaffray/projects/jaffray-masc-fhops-model/data/output/stdout/ni_18_sub14_lock1_sa_20260308_125437.out.txt,/home/rjaffray/projects/jaffray-masc-fhops-model/data/output/stderr/ni_18_sub14_lock1_sa_20260308_125437.err.txt,2026-03-08 18:58:42
ni,18,ni_18,,2,14,7,14,mip,True,0,3657.737,/home/rjaffray/projects/jaffray-masc-fhops-model/data/output/ni_18_sub14_lock7_mip_20260308_185842.json,/home/rjaffray/projects/jaffray-masc-fhops-model/data/output/ni_18_sub14_lock7_mip_20260308_185842_assignments.csv,/home/rjaffray/projects/jaffray-masc-fhops-model/data/output/stdout/ni_18_sub14_lock7_mip_20260308_185842.out.txt,/home/rjaffray/projects/jaffray-masc-fhops-model/data/output/stderr/ni_18_sub14_lock7_mip_20260308_185842.err.txt,2026-03-08 19:59:39
ni,18,ni_18,,2,14,7,14,sa,True,0,96.732,/home/rjaffray/projects/jaffray-masc-fhops-model/data/output/ni_18_sub14_lock7_sa_20260308_185842.json,/home/rjaffray/projects/jaffray-masc-fhops-model/data/output/ni_18_sub14_lock7_sa_20260308_185842_assignments.csv,/home/rjaffray/projects/jaffray-masc-fhops-model/data/output/stdout/ni_18_sub14_lock7_sa_20260308_185842.out.txt,/home/rjaffray/projects/jaffray-masc-fhops-model/data/output/stderr/ni_18_sub14_lock7_sa_20260308_185842.err.txt,2026-03-08 20:01:16
ni,18,ni_18,,2,14,14,14,mip,True,0,1842.208,/home/rjaffray/projects/jaffray-masc-fhops-model/data/output/ni_18_sub14_lock14_mip_20260308_200116.json,/home/rjaffray/projects/jaffray-masc-fhops-model/data/output/ni_18_sub14_lock14_mip_20260308_200116_assignments.csv,/home/rjaffray/projects/jaffray-masc-fhops-model/data/output/stdout/ni_18_sub14_lock14_mip_20260308_200116.out.txt,/home/rjaffray/projects/jaffray-masc-fhops-model/data/output/stderr/ni_18_sub14_lock14_mip_20260308_200116.err.txt,2026-03-08 20:31:58
ni,18,ni_18,,2,14,14,14,sa,True,0,66.406,/home/rjaffray/projects/jaffray-masc-fhops-model/data/output/ni_18_sub14_lock14_sa_20260308_200116.json,/home/rjaffray/projects/jaffray-masc-fhops-model/data/output/ni_18_sub14_lock14_sa_20260308_200116_assignments.csv,/home/rjaffray/projects/jaffray-masc-fhops-model/data/output/stdout/ni_18_sub14_lock14_sa_20260308_200116.out.txt,/home/rjaffray/projects/jaffray-masc-fhops-model/data/output/stderr/ni_18_sub14_lock14_sa_20260308_200116.err.txt,2026-03-08 20:33:05
ka,18,ka_18,,8,56,1,56,mip,True,0,101800.527,/home/rjaffray/projects/jaffray-masc-fhops-model/data/output/ka_18_sub56_lock1_mip_20260308_041625.json,/home/rjaffray/projects/jaffray-masc-fhops-model/data/output/ka_18_sub56_lock1_mip_20260308_041625_assignments.csv,/home/rjaffray/projects/jaffray-masc-fhops-model/data/output/stdout/ka_18_sub56_lock1_mip_20260308_041625.out.txt,/home/rjaffray/projects/jaffray-masc-fhops-model/data/output/stderr/ka_18_sub56_lock1_mip_20260308_041625.err.txt,2026-03-09 08:33:06
ni,18,ni_18,,4,28,1,28,mip,True,0,47348.027,/home/rjaffray/projects/jaffray-masc-fhops-model/data/output/ni_18_sub28_lock1_mip_20260308_203305.json,/home/rjaffray/projects/jaffray-masc-fhops-model/data/output/ni_18_sub28_lock1_mip_20260308_203305_assignments.csv,/home/rjaffray/projects/jaffray-masc-fhops-model/data/output/stdout/ni_18_sub28_lock1_mip_20260308_203305.out.txt,/home/rjaffray/projects/jaffray-masc-fhops-model/data/output/stderr/ni_18_sub28_lock1_mip_20260308_203305.err.txt,2026-03-09 09:42:13
ka,18,ka_18,,8,56,1,56,sa,True,0,5479.382,/home/rjaffray/projects/jaffray-masc-fhops-model/data/output/ka_18_sub56_lock1_sa_20260308_041625.json,/home/rjaffray/projects/jaffray-masc-fhops-model/data/output/ka_18_sub56_lock1_sa_20260308_041625_assignments.csv,/home/rjaffray/projects/jaffray-masc-fhops-model/data/output/stdout/ka_18_sub56_lock1_sa_20260308_041625.out.txt,/home/rjaffray/projects/jaffray-masc-fhops-model/data/output/stderr/ka_18_sub56_lock1_sa_20260308_041625.err.txt,2026-03-09 10:04:25
ni,18,ni_18,,4,28,1,28,sa,True,0,2359.33,/home/rjaffray/projects/jaffray-masc-fhops-model/data/output/ni_18_sub28_lock1_sa_20260308_203305.json,/home/rjaffray/projects/jaffray-masc-fhops-model/data/output/ni_18_sub28_lock1_sa_20260308_203305_assignments.csv,/home/rjaffray/projects/jaffray-masc-fhops-model/data/output/stdout/ni_18_sub28_lock1_sa_20260308_203305.out.txt,/home/rjaffray/projects/jaffray-masc-fhops-model/data/output/stderr/ni_18_sub28_lock1_sa_20260308_203305.err.txt,2026-03-09 10:21:32
ni,18,ni_18,,4,28,7,28,mip,True,0,7382.64,/home/rjaffray/projects/jaffray-masc-fhops-model/data/output/ni_18_sub28_lock7_mip_20260309_102132.json,/home/rjaffray/projects/jaffray-masc-fhops-model/data/output/ni_18_sub28_lock7_mip_20260309_102132_assignments.csv,/home/rjaffray/projects/jaffray-masc-fhops-model/data/output/stdout/ni_18_sub28_lock7_mip_20260309_102132.out.txt,/home/rjaffray/projects/jaffray-masc-fhops-model/data/output/stderr/ni_18_sub28_lock7_mip_20260309_102132.err.txt,2026-03-09 12:24:35
ni,18,ni_18,,4,28,7,28,sa,True,0,388.478,/home/rjaffray/projects/jaffray-masc-fhops-model/data/output/ni_18_sub28_lock7_sa_20260309_102132.json,/home/rjaffray/projects/jaffray-masc-fhops-model/data/output/ni_18_sub28_lock7_sa_20260309_102132_assignments.csv,/home/rjaffray/projects/jaffray-masc-fhops-model/data/output/stdout/ni_18_sub28_lock7_sa_20260309_102132.out.txt,/home/rjaffray/projects/jaffray-masc-fhops-model/data/output/stderr/ni_18_sub28_lock7_sa_20260309_102132.err.txt,2026-03-09 12:31:03
ni,18,ni_18,,4,28,14,28,mip,True,0,3713.492,/home/rjaffray/projects/jaffray-masc-fhops-model/data/output/ni_18_sub28_lock14_mip_20260309_123103.json,/home/rjaffray/projects/jaffray-masc-fhops-model/data/output/ni_18_sub28_lock14_mip_20260309_123103_assignments.csv,/home/rjaffray/projects/jaffray-masc-fhops-model/data/output/stdout/ni_18_sub28_lock14_mip_20260309_123103.out.txt,/home/rjaffray/projects/jaffray-masc-fhops-model/data/output/stderr/ni_18_sub28_lock14_mip_20260309_123103.err.txt,2026-03-09 13:32:57
ni,18,ni_18,,4,28,14,28,sa,True,0,281.051,/home/rjaffray/projects/jaffray-masc-fhops-model/data/output/ni_18_sub28_lock14_sa_20260309_123103.json,/home/rjaffray/projects/jaffray-masc-fhops-model/data/output/ni_18_sub28_lock14_sa_20260309_123103_assignments.csv,/home/rjaffray/projects/jaffray-masc-fhops-model/data/output/stdout/ni_18_sub28_lock14_sa_20260309_123103.out.txt,/home/rjaffray/projects/jaffray-masc-fhops-model/data/output/stderr/ni_18_sub28_lock14_sa_20260309_123103.err.txt,2026-03-09 13:37:38
ka,18,ka_18,,8,56,7,56,mip,True,0,15133.926,/home/rjaffray/projects/jaffray-masc-fhops-model/data/output/ka_18_sub56_lock7_mip_20260309_100425.json,/home/rjaffray/projects/jaffray-masc-fhops-model/data/output/ka_18_sub56_lock7_mip_20260309_100425_assignments.csv,/home/rjaffray/projects/jaffray-masc-fhops-model/data/output/stdout/ka_18_sub56_lock7_mip_20260309_100425.out.txt,/home/rjaffray/projects/jaffray-masc-fhops-model/data/output/stderr/ka_18_sub56_lock7_mip_20260309_100425.err.txt,2026-03-09 14:16:39
ka,18,ka_18,,8,56,7,56,sa,True,0,868.83,/home/rjaffray/projects/jaffray-masc-fhops-model/data/output/ka_18_sub56_lock7_sa_20260309_100425.json,/home/rjaffray/projects/jaffray-masc-fhops-model/data/output/ka_18_sub56_lock7_sa_20260309_100425_assignments.csv,/home/rjaffray/projects/jaffray-masc-fhops-model/data/output/stdout/ka_18_sub56_lock7_sa_20260309_100425.out.txt,/home/rjaffray/projects/jaffray-masc-fhops-model/data/output/stderr/ka_18_sub56_lock7_sa_20260309_100425.err.txt,2026-03-09 14:31:08
ka,18,ka_18,,8,56,14,56,mip,True,0,7575.984,/home/rjaffray/projects/jaffray-masc-fhops-model/data/output/ka_18_sub56_lock14_mip_20260309_143108.json,/home/rjaffray/projects/jaffray-masc-fhops-model/data/output/ka_18_sub56_lock14_mip_20260309_143108_assignments.csv,/home/rjaffray/projects/jaffray-masc-fhops-model/data/output/stdout/ka_18_sub56_lock14_mip_20260309_143108.out.txt,/home/rjaffray/projects/jaffray-masc-fhops-model/data/output/stderr/ka_18_sub56_lock14_mip_20260309_143108.err.txt,2026-03-09 16:37:24
ka,18,ka_18,,8,56,14,56,sa,True,0,427.786,/home/rjaffray/projects/jaffray-masc-fhops-model/data/output/ka_18_sub56_lock14_sa_20260309_143108.json,/home/rjaffray/projects/jaffray-masc-fhops-model/data/output/ka_18_sub56_lock14_sa_20260309_143108_assignments.csv,/home/rjaffray/projects/jaffray-masc-fhops-model/data/output/stdout/ka_18_sub56_lock14_sa_20260309_143108.out.txt,/home/rjaffray/projects/jaffray-masc-fhops-model/data/output/stderr/ka_18_sub56_lock14_sa_20260309_143108.err.txt,2026-03-09 16:44:32
pg,18,pg_18,,16,112,1,112,mip,True,0,216398.96,/home/rjaffray/projects/jaffray-masc-fhops-model/data/output/pg_18_sub112_lock1_mip_20260307_184937.json,/home/rjaffray/projects/jaffray-masc-fhops-model/data/output/pg_18_sub112_lock1_mip_20260307_184937_assignments.csv,/home/rjaffray/projects/jaffray-masc-fhops-model/data/output/stdout/pg_18_sub112_lock1_mip_20260307_184937.out.txt,/home/rjaffray/projects/jaffray-masc-fhops-model/data/output/stderr/pg_18_sub112_lock1_mip_20260307_184937.err.txt,2026-03-10 06:56:16
ni,18,ni_18,,8,56,1,56,mip,True,0,101246.178,/home/rjaffray/projects/jaffray-masc-fhops-model/data/output/ni_18_sub56_lock1_mip_20260309_133738.json,/home/rjaffray/projects/jaffray-masc-fhops-model/data/output/ni_18_sub56_lock1_mip_20260309_133738_assignments.csv,/home/rjaffray/projects/jaffray-masc-fhops-model/data/output/stdout/ni_18_sub56_lock1_mip_20260309_133738.out.txt,/home/rjaffray/projects/jaffray-masc-fhops-model/data/output/stderr/ni_18_sub56_lock1_mip_20260309_133738.err.txt,2026-03-10 17:45:04
ni,18,ni_18,,8,56,1,56,sa,True,0,13995.203,/home/rjaffray/projects/jaffray-masc-fhops-model/data/output/ni_18_sub56_lock1_sa_20260309_133738.json,/home/rjaffray/projects/jaffray-masc-fhops-model/data/output/ni_18_sub56_lock1_sa_20260309_133738_assignments.csv,/home/rjaffray/projects/jaffray-masc-fhops-model/data/output/stdout/ni_18_sub56_lock1_sa_20260309_133738.out.txt,/home/rjaffray/projects/jaffray-masc-fhops-model/data/output/stderr/ni_18_sub56_lock1_sa_20260309_133738.err.txt,2026-03-10 21:38:19
ni,18,ni_18,,8,56,7,56,mip,True,0,15125.904,/home/rjaffray/projects/jaffray-masc-fhops-model/data/output/ni_18_sub56_lock7_mip_20260310_213819.json,/home/rjaffray/projects/jaffray-masc-fhops-model/data/output/ni_18_sub56_lock7_mip_20260310_213819_assignments.csv,/home/rjaffray/projects/jaffray-masc-fhops-model/data/output/stdout/ni_18_sub56_lock7_mip_20260310_213819.out.txt,/home/rjaffray/projects/jaffray-masc-fhops-model/data/output/stderr/ni_18_sub56_lock7_mip_20260310_213819.err.txt,2026-03-11 01:50:25
ni,18,ni_18,,8,56,7,56,sa,True,0,2221.721,/home/rjaffray/projects/jaffray-masc-fhops-model/data/output/ni_18_sub56_lock7_sa_20260310_213819.json,/home/rjaffray/projects/jaffray-masc-fhops-model/data/output/ni_18_sub56_lock7_sa_20260310_213819_assignments.csv,/home/rjaffray/projects/jaffray-masc-fhops-model/data/output/stdout/ni_18_sub56_lock7_sa_20260310_213819.out.txt,/home/rjaffray/projects/jaffray-masc-fhops-model/data/output/stderr/ni_18_sub56_lock7_sa_20260310_213819.err.txt,2026-03-11 02:27:27
ni,18,ni_18,,8,56,14,56,mip,True,0,7607.161,/home/rjaffray/projects/jaffray-masc-fhops-model/data/output/ni_18_sub56_lock14_mip_20260311_022727.json,/home/rjaffray/projects/jaffray-masc-fhops-model/data/output/ni_18_sub56_lock14_mip_20260311_022727_assignments.csv,/home/rjaffray/projects/jaffray-masc-fhops-model/data/output/stdout/ni_18_sub56_lock14_mip_20260311_022727.out.txt,/home/rjaffray/projects/jaffray-masc-fhops-model/data/output/stderr/ni_18_sub56_lock14_mip_20260311_022727.err.txt,2026-03-11 04:34:14
ni,18,ni_18,,8,56,14,56,sa,True,0,1411.848,/home/rjaffray/projects/jaffray-masc-fhops-model/data/output/ni_18_sub56_lock14_sa_20260311_022727.json,/home/rjaffray/projects/jaffray-masc-fhops-model/data/output/ni_18_sub56_lock14_sa_20260311_022727_assignments.csv,/home/rjaffray/projects/jaffray-masc-fhops-model/data/output/stdout/ni_18_sub56_lock14_sa_20260311_022727.out.txt,/home/rjaffray/projects/jaffray-masc-fhops-model/data/output/stderr/ni_18_sub56_lock14_sa_20260311_022727.err.txt,2026-03-11 04:57:46
pg,18,pg_18,,16,112,1,112,sa,True,0,87294.695,/home/rjaffray/projects/jaffray-masc-fhops-model/data/output/pg_18_sub112_lock1_sa_20260307_184937.json,/home/rjaffray/projects/jaffray-masc-fhops-model/data/output/pg_18_sub112_lock1_sa_20260307_184937_assignments.csv,/home/rjaffray/projects/jaffray-masc-fhops-model/data/output/stdout/pg_18_sub112_lock1_sa_20260307_184937.out.txt,/home/rjaffray/projects/jaffray-masc-fhops-model/data/output/stderr/pg_18_sub112_lock1_sa_20260307_184937.err.txt,2026-03-11 07:11:10
pg,18,pg_18,,16,112,7,112,mip,True,0,31612.856,/home/rjaffray/projects/jaffray-masc-fhops-model/data/output/pg_18_sub112_lock7_mip_20260311_071110.json,/home/rjaffray/projects/jaffray-masc-fhops-model/data/output/pg_18_sub112_lock7_mip_20260311_071110_assignments.csv,/home/rjaffray/projects/jaffray-masc-fhops-model/data/output/stdout/pg_18_sub112_lock7_mip_20260311_071110.out.txt,/home/rjaffray/projects/jaffray-masc-fhops-model/data/output/stderr/pg_18_sub112_lock7_mip_20260311_071110.err.txt,2026-03-11 15:58:03
pg,18,pg_18,,16,112,7,112,sa,True,0,13290.884,/home/rjaffray/projects/jaffray-masc-fhops-model/data/output/pg_18_sub112_lock7_sa_20260311_071110.json,/home/rjaffray/projects/jaffray-masc-fhops-model/data/output/pg_18_sub112_lock7_sa_20260311_071110_assignments.csv,/home/rjaffray/projects/jaffray-masc-fhops-model/data/output/stdout/pg_18_sub112_lock7_sa_20260311_071110.out.txt,/home/rjaffray/projects/jaffray-masc-fhops-model/data/output/stderr/pg_18_sub112_lock7_sa_20260311_071110.err.txt,2026-03-11 19:39:34
pg,18,pg_18,,16,112,14,112,mip,True,0,15892.059,/home/rjaffray/projects/jaffray-masc-fhops-model/data/output/pg_18_sub112_lock14_mip_20260311_193934.json,/home/rjaffray/projects/jaffray-masc-fhops-model/data/output/pg_18_sub112_lock14_mip_20260311_193934_assignments.csv,/home/rjaffray/projects/jaffray-masc-fhops-model/data/output/stdout/pg_18_sub112_lock14_mip_20260311_193934.out.txt,/home/rjaffray/projects/jaffray-masc-fhops-model/data/output/stderr/pg_18_sub112_lock14_mip_20260311_193934.err.txt,2026-03-12 00:04:26
pg,18,pg_18,,16,112,14,112,sa,True,0,7316.25,/home/rjaffray/projects/jaffray-masc-fhops-model/data/output/pg_18_sub112_lock14_sa_20260311_193934.json,/home/rjaffray/projects/jaffray-masc-fhops-model/data/output/pg_18_sub112_lock14_sa_20260311_193934_assignments.csv,/home/rjaffray/projects/jaffray-masc-fhops-model/data/output/stdout/pg_18_sub112_lock14_sa_20260311_193934.out.txt,/home/rjaffray/projects/jaffray-masc-fhops-model/data/output/stderr/pg_18_sub112_lock14_sa_20260311_193934.err.txt,2026-03-12 02:06:22
ka,18,ka_18,,16,112,1,112,mip,True,0,217663.596,/home/rjaffray/projects/jaffray-masc-fhops-model/data/output/ka_18_sub112_lock1_mip_20260309_164432.json,/home/rjaffray/projects/jaffray-masc-fhops-model/data/output/ka_18_sub112_lock1_mip_20260309_164432_assignments.csv,/home/rjaffray/projects/jaffray-masc-fhops-model/data/output/stdout/ka_18_sub112_lock1_mip_20260309_164432.out.txt,/home/rjaffray/projects/jaffray-masc-fhops-model/data/output/stderr/ka_18_sub112_lock1_mip_20260309_164432.err.txt,2026-03-12 05:12:15
pg,40,pg_40,,2,14,1,14,mip,True,0,26189.645,/home/rjaffray/projects/jaffray-masc-fhops-model/data/output/pg_40_sub14_lock1_mip_20260312_020622.json,/home/rjaffray/projects/jaffray-masc-fhops-model/data/output/pg_40_sub14_lock1_mip_20260312_020622_assignments.csv,/home/rjaffray/projects/jaffray-masc-fhops-model/data/output/stdout/pg_40_sub14_lock1_mip_20260312_020622.out.txt,/home/rjaffray/projects/jaffray-masc-fhops-model/data/output/stderr/pg_40_sub14_lock1_mip_20260312_020622.err.txt,2026-03-12 09:22:52
ka,18,ka_18,,16,112,1,112,sa,True,0,15279.78,/home/rjaffray/projects/jaffray-masc-fhops-model/data/output/ka_18_sub112_lock1_sa_20260309_164432.json,/home/rjaffray/projects/jaffray-masc-fhops-model/data/output/ka_18_sub112_lock1_sa_20260309_164432_assignments.csv,/home/rjaffray/projects/jaffray-masc-fhops-model/data/output/stdout/ka_18_sub112_lock1_sa_20260309_164432.out.txt,/home/rjaffray/projects/jaffray-masc-fhops-model/data/output/stderr/ka_18_sub112_lock1_sa_20260309_164432.err.txt,2026-03-12 09:26:55
pg,40,pg_40,,2,14,1,14,sa,True,0,1550.903,/home/rjaffray/projects/jaffray-masc-fhops-model/data/output/pg_40_sub14_lock1_sa_20260312_020622.json,/home/rjaffray/projects/jaffray-masc-fhops-model/data/output/pg_40_sub14_lock1_sa_20260312_020622_assignments.csv,/home/rjaffray/projects/jaffray-masc-fhops-model/data/output/stdout/pg_40_sub14_lock1_sa_20260312_020622.out.txt,/home/rjaffray/projects/jaffray-masc-fhops-model/data/output/stderr/pg_40_sub14_lock1_sa_20260312_020622.err.txt,2026-03-12 09:48:43
pg,40,pg_40,,2,14,7,14,mip,True,0,4183.687,/home/rjaffray/projects/jaffray-masc-fhops-model/data/output/pg_40_sub14_lock7_mip_20260312_094843.json,/home/rjaffray/projects/jaffray-masc-fhops-model/data/output/pg_40_sub14_lock7_mip_20260312_094843_assignments.csv,/home/rjaffray/projects/jaffray-masc-fhops-model/data/output/stdout/pg_40_sub14_lock7_mip_20260312_094843.out.txt,/home/rjaffray/projects/jaffray-masc-fhops-model/data/output/stderr/pg_40_sub14_lock7_mip_20260312_094843.err.txt,2026-03-12 10:58:27
pg,40,pg_40,,2,14,7,14,sa,True,0,340.337,/home/rjaffray/projects/jaffray-masc-fhops-model/data/output/pg_40_sub14_lock7_sa_20260312_094843.json,/home/rjaffray/projects/jaffray-masc-fhops-model/data/output/pg_40_sub14_lock7_sa_20260312_094843_assignments.csv,/home/rjaffray/projects/jaffray-masc-fhops-model/data/output/stdout/pg_40_sub14_lock7_sa_20260312_094843.out.txt,/home/rjaffray/projects/jaffray-masc-fhops-model/data/output/stderr/pg_40_sub14_lock7_sa_20260312_094843.err.txt,2026-03-12 11:04:07
pg,40,pg_40,,2,14,14,14,mip,True,0,2196.766,/home/rjaffray/projects/jaffray-masc-fhops-model/data/output/pg_40_sub14_lock14_mip_20260312_110407.json,/home/rjaffray/projects/jaffray-masc-fhops-model/data/output/pg_40_sub14_lock14_mip_20260312_110407_assignments.csv,/home/rjaffray/projects/jaffray-masc-fhops-model/data/output/stdout/pg_40_sub14_lock14_mip_20260312_110407.out.txt,/home/rjaffray/projects/jaffray-masc-fhops-model/data/output/stderr/pg_40_sub14_lock14_mip_20260312_110407.err.txt,2026-03-12 11:40:44
pg,40,pg_40,,2,14,14,14,sa,True,0,243.278,/home/rjaffray/projects/jaffray-masc-fhops-model/data/output/pg_40_sub14_lock14_sa_20260312_110407.json,/home/rjaffray/projects/jaffray-masc-fhops-model/data/output/pg_40_sub14_lock14_sa_20260312_110407_assignments.csv,/home/rjaffray/projects/jaffray-masc-fhops-model/data/output/stdout/pg_40_sub14_lock14_sa_20260312_110407.out.txt,/home/rjaffray/projects/jaffray-masc-fhops-model/data/output/stderr/pg_40_sub14_lock14_sa_20260312_110407.err.txt,2026-03-12 11:44:47
ka,18,ka_18,,16,112,7,112,mip,True,0,31988.389,/home/rjaffray/projects/jaffray-masc-fhops-model/data/output/ka_18_sub112_lock7_mip_20260312_092655.json,/home/rjaffray/projects/jaffray-masc-fhops-model/data/output/ka_18_sub112_lock7_mip_20260312_092655_assignments.csv,/home/rjaffray/projects/jaffray-masc-fhops-model/data/output/stdout/ka_18_sub112_lock7_mip_20260312_092655.out.txt,/home/rjaffray/projects/jaffray-masc-fhops-model/data/output/stderr/ka_18_sub112_lock7_mip_20260312_092655.err.txt,2026-03-12 18:20:03
ka,18,ka_18,,16,112,7,112,sa,True,0,2274.279,/home/rjaffray/projects/jaffray-masc-fhops-model/data/output/ka_18_sub112_lock7_sa_20260312_092655.json,/home/rjaffray/projects/jaffray-masc-fhops-model/data/output/ka_18_sub112_lock7_sa_20260312_092655_assignments.csv,/home/rjaffray/projects/jaffray-masc-fhops-model/data/output/stdout/ka_18_sub112_lock7_sa_20260312_092655.out.txt,/home/rjaffray/projects/jaffray-masc-fhops-model/data/output/stderr/ka_18_sub112_lock7_sa_20260312_092655.err.txt,2026-03-12 18:57:58
ka,18,ka_18,,16,112,14,112,mip,True,0,16235.318,/home/rjaffray/projects/jaffray-masc-fhops-model/data/output/ka_18_sub112_lock14_mip_20260312_185758.json,/home/rjaffray/projects/jaffray-masc-fhops-model/data/output/ka_18_sub112_lock14_mip_20260312_185758_assignments.csv,/home/rjaffray/projects/jaffray-masc-fhops-model/data/output/stdout/ka_18_sub112_lock14_mip_20260312_185758.out.txt,/home/rjaffray/projects/jaffray-masc-fhops-model/data/output/stderr/ka_18_sub112_lock14_mip_20260312_185758.err.txt,2026-03-12 23:28:33
ka,18,ka_18,,16,112,14,112,sa,True,0,1184.506,/home/rjaffray/projects/jaffray-masc-fhops-model/data/output/ka_18_sub112_lock14_sa_20260312_185758.json,/home/rjaffray/projects/jaffray-masc-fhops-model/data/output/ka_18_sub112_lock14_sa_20260312_185758_assignments.csv,/home/rjaffray/projects/jaffray-masc-fhops-model/data/output/stdout/ka_18_sub112_lock14_sa_20260312_185758.out.txt,/home/rjaffray/projects/jaffray-masc-fhops-model/data/output/stderr/ka_18_sub112_lock14_sa_20260312_185758.err.txt,2026-03-12 23:48:17
pg,40,pg_40,,4,28,1,28,mip,True,0,59677.435,/home/rjaffray/projects/jaffray-masc-fhops-model/data/output/pg_40_sub28_lock1_mip_20260312_114447.json,/home/rjaffray/projects/jaffray-masc-fhops-model/data/output/pg_40_sub28_lock1_mip_20260312_114447_assignments.csv,/home/rjaffray/projects/jaffray-masc-fhops-model/data/output/stdout/pg_40_sub28_lock1_mip_20260312_114447.out.txt,/home/rjaffray/projects/jaffray-masc-fhops-model/data/output/stderr/pg_40_sub28_lock1_mip_20260312_114447.err.txt,2026-03-13 04:19:24
pg,40,pg_40,,4,28,1,28,sa,True,0,8910.642,/home/rjaffray/projects/jaffray-masc-fhops-model/data/output/pg_40_sub28_lock1_sa_20260312_114447.json,/home/rjaffray/projects/jaffray-masc-fhops-model/data/output/pg_40_sub28_lock1_sa_20260312_114447_assignments.csv,/home/rjaffray/projects/jaffray-masc-fhops-model/data/output/stdout/pg_40_sub28_lock1_sa_20260312_114447.out.txt,/home/rjaffray/projects/jaffray-masc-fhops-model/data/output/stderr/pg_40_sub28_lock1_sa_20260312_114447.err.txt,2026-03-13 06:47:55
ka,40,ka_40,,2,14,1,14,mip,True,0,26234.59,/home/rjaffray/projects/jaffray-masc-fhops-model/data/output/ka_40_sub14_lock1_mip_20260312_234817.json,/home/rjaffray/projects/jaffray-masc-fhops-model/data/output/ka_40_sub14_lock1_mip_20260312_234817_assignments.csv,/home/rjaffray/projects/jaffray-masc-fhops-model/data/output/stdout/ka_40_sub14_lock1_mip_20260312_234817.out.txt,/home/rjaffray/projects/jaffray-masc-fhops-model/data/output/stderr/ka_40_sub14_lock1_mip_20260312_234817.err.txt,2026-03-13 07:05:32
ka,40,ka_40,,2,14,1,14,sa,True,0,1719.689,/home/rjaffray/projects/jaffray-masc-fhops-model/data/output/ka_40_sub14_lock1_sa_20260312_234817.json,/home/rjaffray/projects/jaffray-masc-fhops-model/data/output/ka_40_sub14_lock1_sa_20260312_234817_assignments.csv,/home/rjaffray/projects/jaffray-masc-fhops-model/data/output/stdout/ka_40_sub14_lock1_sa_20260312_234817.out.txt,/home/rjaffray/projects/jaffray-masc-fhops-model/data/output/stderr/ka_40_sub14_lock1_sa_20260312_234817.err.txt,2026-03-13 07:34:12
ka,40,ka_40,,2,14,7,14,mip,True,0,4152.113,/home/rjaffray/projects/jaffray-masc-fhops-model/data/output/ka_40_sub14_lock7_mip_20260313_073412.json,/home/rjaffray/projects/jaffray-masc-fhops-model/data/output/ka_40_sub14_lock7_mip_20260313_073412_assignments.csv,/home/rjaffray/projects/jaffray-masc-fhops-model/data/output/stdout/ka_40_sub14_lock7_mip_20260313_073412.out.txt,/home/rjaffray/projects/jaffray-masc-fhops-model/data/output/stderr/ka_40_sub14_lock7_mip_20260313_073412.err.txt,2026-03-13 08:43:24
ka,40,ka_40,,2,14,7,14,sa,True,0,380.296,/home/rjaffray/projects/jaffray-masc-fhops-model/data/output/ka_40_sub14_lock7_sa_20260313_073412.json,/home/rjaffray/projects/jaffray-masc-fhops-model/data/output/ka_40_sub14_lock7_sa_20260313_073412_assignments.csv,/home/rjaffray/projects/jaffray-masc-fhops-model/data/output/stdout/ka_40_sub14_lock7_sa_20260313_073412.out.txt,/home/rjaffray/projects/jaffray-masc-fhops-model/data/output/stderr/ka_40_sub14_lock7_sa_20260313_073412.err.txt,2026-03-13 08:49:44
pg,40,pg_40,,4,28,7,28,mip,True,0,9108.709,/home/rjaffray/projects/jaffray-masc-fhops-model/data/output/pg_40_sub28_lock7_mip_20260313_064755.json,/home/rjaffray/projects/jaffray-masc-fhops-model/data/output/pg_40_sub28_lock7_mip_20260313_064755_assignments.csv,/home/rjaffray/projects/jaffray-masc-fhops-model/data/output/stdout/pg_40_sub28_lock7_mip_20260313_064755.out.txt,/home/rjaffray/projects/jaffray-masc-fhops-model/data/output/stderr/pg_40_sub28_lock7_mip_20260313_064755.err.txt,2026-03-13 09:19:44
ka,40,ka_40,,2,14,14,14,mip,True,0,2206.739,/home/rjaffray/projects/jaffray-masc-fhops-model/data/output/ka_40_sub14_lock14_mip_20260313_084944.json,/home/rjaffray/projects/jaffray-masc-fhops-model/data/output/ka_40_sub14_lock14_mip_20260313_084944_assignments.csv,/home/rjaffray/projects/jaffray-masc-fhops-model/data/output/stdout/ka_40_sub14_lock14_mip_20260313_084944.out.txt,/home/rjaffray/projects/jaffray-masc-fhops-model/data/output/stderr/ka_40_sub14_lock14_mip_20260313_084944.err.txt,2026-03-13 09:26:31
ka,40,ka_40,,2,14,14,14,sa,True,0,273.623,/home/rjaffray/projects/jaffray-masc-fhops-model/data/output/ka_40_sub14_lock14_sa_20260313_084944.json,/home/rjaffray/projects/jaffray-masc-fhops-model/data/output/ka_40_sub14_lock14_sa_20260313_084944_assignments.csv,/home/rjaffray/projects/jaffray-masc-fhops-model/data/output/stdout/ka_40_sub14_lock14_sa_20260313_084944.out.txt,/home/rjaffray/projects/jaffray-masc-fhops-model/data/output/stderr/ka_40_sub14_lock14_sa_20260313_084944.err.txt,2026-03-13 09:31:05
pg,40,pg_40,,4,28,7,28,sa,True,0,1578.897,/home/rjaffray/projects/jaffray-masc-fhops-model/data/output/pg_40_sub28_lock7_sa_20260313_064755.json,/home/rjaffray/projects/jaffray-masc-fhops-model/data/output/pg_40_sub28_lock7_sa_20260313_064755_assignments.csv,/home/rjaffray/projects/jaffray-masc-fhops-model/data/output/stdout/pg_40_sub28_lock7_sa_20260313_064755.out.txt,/home/rjaffray/projects/jaffray-masc-fhops-model/data/output/stderr/pg_40_sub28_lock7_sa_20260313_064755.err.txt,2026-03-13 09:46:03
pg,40,pg_40,,4,28,14,28,mip,True,0,4773.758,/home/rjaffray/projects/jaffray-masc-fhops-model/data/output/pg_40_sub28_lock14_mip_20260313_094603.json,/home/rjaffray/projects/jaffray-masc-fhops-model/data/output/pg_40_sub28_lock14_mip_20260313_094603_assignments.csv,/home/rjaffray/projects/jaffray-masc-fhops-model/data/output/stdout/pg_40_sub28_lock14_mip_20260313_094603.out.txt,/home/rjaffray/projects/jaffray-masc-fhops-model/data/output/stderr/pg_40_sub28_lock14_mip_20260313_094603.err.txt,2026-03-13 11:05:36
pg,40,pg_40,,4,28,14,28,sa,True,0,1021.351,/home/rjaffray/projects/jaffray-masc-fhops-model/data/output/pg_40_sub28_lock14_sa_20260313_094603.json,/home/rjaffray/projects/jaffray-masc-fhops-model/data/output/pg_40_sub28_lock14_sa_20260313_094603_assignments.csv,/home/rjaffray/projects/jaffray-masc-fhops-model/data/output/stdout/pg_40_sub28_lock14_sa_20260313_094603.out.txt,/home/rjaffray/projects/jaffray-masc-fhops-model/data/output/stderr/pg_40_sub28_lock14_sa_20260313_094603.err.txt,2026-03-13 11:22:38
ni,18,ni_18,,16,112,1,112,mip,True,0,215769.784,/home/rjaffray/projects/jaffray-masc-fhops-model/data/output/ni_18_sub112_lock1_mip_20260311_045746.json,/home/rjaffray/projects/jaffray-masc-fhops-model/data/output/ni_18_sub112_lock1_mip_20260311_045746_assignments.csv,/home/rjaffray/projects/jaffray-masc-fhops-model/data/output/stdout/ni_18_sub112_lock1_mip_20260311_045746.out.txt,/home/rjaffray/projects/jaffray-masc-fhops-model/data/output/stderr/ni_18_sub112_lock1_mip_20260311_045746.err.txt,2026-03-13 16:53:55
ka,40,ka_40,,4,28,1,28,mip,True,0,59674.277,/home/rjaffray/projects/jaffray-masc-fhops-model/data/output/ka_40_sub28_lock1_mip_20260313_093105.json,/home/rjaffray/projects/jaffray-masc-fhops-model/data/output/ka_40_sub28_lock1_mip_20260313_093105_assignments.csv,/home/rjaffray/projects/jaffray-masc-fhops-model/data/output/stdout/ka_40_sub28_lock1_mip_20260313_093105.out.txt,/home/rjaffray/projects/jaffray-masc-fhops-model/data/output/stderr/ka_40_sub28_lock1_mip_20260313_093105.err.txt,2026-03-14 02:05:39
ka,40,ka_40,,4,28,1,28,sa,True,0,10623.43,/home/rjaffray/projects/jaffray-masc-fhops-model/data/output/ka_40_sub28_lock1_sa_20260313_093105.json,/home/rjaffray/projects/jaffray-masc-fhops-model/data/output/ka_40_sub28_lock1_sa_20260313_093105_assignments.csv,/home/rjaffray/projects/jaffray-masc-fhops-model/data/output/stdout/ka_40_sub28_lock1_sa_20260313_093105.out.txt,/home/rjaffray/projects/jaffray-masc-fhops-model/data/output/stderr/ka_40_sub28_lock1_sa_20260313_093105.err.txt,2026-03-14 05:02:42
ka,40,ka_40,,4,28,7,28,mip,True,0,9184.145,/home/rjaffray/projects/jaffray-masc-fhops-model/data/output/ka_40_sub28_lock7_mip_20260314_050242.json,/home/rjaffray/projects/jaffray-masc-fhops-model/data/output/ka_40_sub28_lock7_mip_20260314_050242_assignments.csv,/home/rjaffray/projects/jaffray-masc-fhops-model/data/output/stdout/ka_40_sub28_lock7_mip_20260314_050242.out.txt,/home/rjaffray/projects/jaffray-masc-fhops-model/data/output/stderr/ka_40_sub28_lock7_mip_20260314_050242.err.txt,2026-03-14 07:35:46
ka,40,ka_40,,4,28,7,28,sa,True,0,2019.967,/home/rjaffray/projects/jaffray-masc-fhops-model/data/output/ka_40_sub28_lock7_sa_20260314_050242.json,/home/rjaffray/projects/jaffray-masc-fhops-model/data/output/ka_40_sub28_lock7_sa_20260314_050242_assignments.csv,/home/rjaffray/projects/jaffray-masc-fhops-model/data/output/stdout/ka_40_sub28_lock7_sa_20260314_050242.out.txt,/home/rjaffray/projects/jaffray-masc-fhops-model/data/output/stderr/ka_40_sub28_lock7_sa_20260314_050242.err.txt,2026-03-14 08:09:26
ka,40,ka_40,,4,28,14,28,mip,True,0,4777.521,/home/rjaffray/projects/jaffray-masc-fhops-model/data/output/ka_40_sub28_lock14_mip_20260314_080926.json,/home/rjaffray/projects/jaffray-masc-fhops-model/data/output/ka_40_sub28_lock14_mip_20260314_080926_assignments.csv,/home/rjaffray/projects/jaffray-masc-fhops-model/data/output/stdout/ka_40_sub28_lock14_mip_20260314_080926.out.txt,/home/rjaffray/projects/jaffray-masc-fhops-model/data/output/stderr/ka_40_sub28_lock14_mip_20260314_080926.err.txt,2026-03-14 09:29:04
ka,40,ka_40,,4,28,14,28,sa,True,0,1265.083,/home/rjaffray/projects/jaffray-masc-fhops-model/data/output/ka_40_sub28_lock14_sa_20260314_080926.json,/home/rjaffray/projects/jaffray-masc-fhops-model/data/output/ka_40_sub28_lock14_sa_20260314_080926_assignments.csv,/home/rjaffray/projects/jaffray-masc-fhops-model/data/output/stdout/ka_40_sub28_lock14_sa_20260314_080926.out.txt,/home/rjaffray/projects/jaffray-masc-fhops-model/data/output/stderr/ka_40_sub28_lock14_sa_20260314_080926.err.txt,2026-03-14 09:50:09
ni,18,ni_18,,16,112,1,112,sa,True,0,92884.873,/home/rjaffray/projects/jaffray-masc-fhops-model/data/output/ni_18_sub112_lock1_sa_20260311_045746.json,/home/rjaffray/projects/jaffray-masc-fhops-model/data/output/ni_18_sub112_lock1_sa_20260311_045746_assignments.csv,/home/rjaffray/projects/jaffray-masc-fhops-model/data/output/stdout/ni_18_sub112_lock1_sa_20260311_045746.out.txt,/home/rjaffray/projects/jaffray-masc-fhops-model/data/output/stderr/ni_18_sub112_lock1_sa_20260311_045746.err.txt,2026-03-14 18:42:00
ni,18,ni_18,,16,112,7,112,mip,True,0,31622.996,/home/rjaffray/projects/jaffray-masc-fhops-model/data/output/ni_18_sub112_lock7_mip_20260314_184200.json,/home/rjaffray/projects/jaffray-masc-fhops-model/data/output/ni_18_sub112_lock7_mip_20260314_184200_assignments.csv,/home/rjaffray/projects/jaffray-masc-fhops-model/data/output/stdout/ni_18_sub112_lock7_mip_20260314_184200.out.txt,/home/rjaffray/projects/jaffray-masc-fhops-model/data/output/stderr/ni_18_sub112_lock7_mip_20260314_184200.err.txt,2026-03-15 03:29:03
pg,40,pg_40,,8,56,1,56,mip,True,0,144615.092,/home/rjaffray/projects/jaffray-masc-fhops-model/data/output/pg_40_sub56_lock1_mip_20260313_112238.json,/home/rjaffray/projects/jaffray-masc-fhops-model/data/output/pg_40_sub56_lock1_mip_20260313_112238_assignments.csv,/home/rjaffray/projects/jaffray-masc-fhops-model/data/output/stdout/pg_40_sub56_lock1_mip_20260313_112238.out.txt,/home/rjaffray/projects/jaffray-masc-fhops-model/data/output/stderr/pg_40_sub56_lock1_mip_20260313_112238.err.txt,2026-03-15 03:32:53
ni,18,ni_18,,16,112,7,112,sa,True,0,13771.329,/home/rjaffray/projects/jaffray-masc-fhops-model/data/output/ni_18_sub112_lock7_sa_20260314_184200.json,/home/rjaffray/projects/jaffray-masc-fhops-model/data/output/ni_18_sub112_lock7_sa_20260314_184200_assignments.csv,/home/rjaffray/projects/jaffray-masc-fhops-model/data/output/stdout/ni_18_sub112_lock7_sa_20260314_184200.out.txt,/home/rjaffray/projects/jaffray-masc-fhops-model/data/output/stderr/ni_18_sub112_lock7_sa_20260314_184200.err.txt,2026-03-15 07:18:35
ni,18,ni_18,,16,112,14,112,mip,True,0,15859.662,/home/rjaffray/projects/jaffray-masc-fhops-model/data/output/ni_18_sub112_lock14_mip_20260315_071835.json,/home/rjaffray/projects/jaffray-masc-fhops-model/data/output/ni_18_sub112_lock14_mip_20260315_071835_assignments.csv,/home/rjaffray/projects/jaffray-masc-fhops-model/data/output/stdout/ni_18_sub112_lock14_mip_20260315_071835.out.txt,/home/rjaffray/projects/jaffray-masc-fhops-model/data/output/stderr/ni_18_sub112_lock14_mip_20260315_071835.err.txt,2026-03-15 11:42:54
ni,18,ni_18,,16,112,14,112,sa,True,0,7508.785,/home/rjaffray/projects/jaffray-masc-fhops-model/data/output/ni_18_sub112_lock14_sa_20260315_071835.json,/home/rjaffray/projects/jaffray-masc-fhops-model/data/output/ni_18_sub112_lock14_sa_20260315_071835_assignments.csv,/home/rjaffray/projects/jaffray-masc-fhops-model/data/output/stdout/ni_18_sub112_lock14_sa_20260315_071835.out.txt,/home/rjaffray/projects/jaffray-masc-fhops-model/data/output/stderr/ni_18_sub112_lock14_sa_20260315_071835.err.txt,2026-03-15 13:48:03
pg,40,pg_40,,8,56,1,56,sa,True,0,58423.494,/home/rjaffray/projects/jaffray-masc-fhops-model/data/output/pg_40_sub56_lock1_sa_20260313_112238.json,/home/rjaffray/projects/jaffray-masc-fhops-model/data/output/pg_40_sub56_lock1_sa_20260313_112238_assignments.csv,/home/rjaffray/projects/jaffray-masc-fhops-model/data/output/stdout/pg_40_sub56_lock1_sa_20260313_112238.out.txt,/home/rjaffray/projects/jaffray-masc-fhops-model/data/output/stderr/pg_40_sub56_lock1_sa_20260313_112238.err.txt,2026-03-15 19:46:36
ni,40,ni_40,,2,14,1,14,mip,True,0,26020.133,/home/rjaffray/projects/jaffray-masc-fhops-model/data/output/ni_40_sub14_lock1_mip_20260315_134803.json,/home/rjaffray/projects/jaffray-masc-fhops-model/data/output/ni_40_sub14_lock1_mip_20260315_134803_assignments.csv,/home/rjaffray/projects/jaffray-masc-fhops-model/data/output/stdout/ni_40_sub14_lock1_mip_20260315_134803.out.txt,/home/rjaffray/projects/jaffray-masc-fhops-model/data/output/stderr/ni_40_sub14_lock1_mip_20260315_134803.err.txt,2026-03-15 21:01:43
ni,40,ni_40,,2,14,1,14,sa,True,0,1616.62,/home/rjaffray/projects/jaffray-masc-fhops-model/data/output/ni_40_sub14_lock1_sa_20260315_134803.json,/home/rjaffray/projects/jaffray-masc-fhops-model/data/output/ni_40_sub14_lock1_sa_20260315_134803_assignments.csv,/home/rjaffray/projects/jaffray-masc-fhops-model/data/output/stdout/ni_40_sub14_lock1_sa_20260315_134803.out.txt,/home/rjaffray/projects/jaffray-masc-fhops-model/data/output/stderr/ni_40_sub14_lock1_sa_20260315_134803.err.txt,2026-03-15 21:28:40
ni,40,ni_40,,2,14,7,14,mip,True,0,4182.956,/home/rjaffray/projects/jaffray-masc-fhops-model/data/output/ni_40_sub14_lock7_mip_20260315_212840.json,/home/rjaffray/projects/jaffray-masc-fhops-model/data/output/ni_40_sub14_lock7_mip_20260315_212840_assignments.csv,/home/rjaffray/projects/jaffray-masc-fhops-model/data/output/stdout/ni_40_sub14_lock7_mip_20260315_212840.out.txt,/home/rjaffray/projects/jaffray-masc-fhops-model/data/output/stderr/ni_40_sub14_lock7_mip_20260315_212840.err.txt,2026-03-15 22:38:23
ni,40,ni_40,,2,14,7,14,sa,True,0,345.952,/home/rjaffray/projects/jaffray-masc-fhops-model/data/output/ni_40_sub14_lock7_sa_20260315_212840.json,/home/rjaffray/projects/jaffray-masc-fhops-model/data/output/ni_40_sub14_lock7_sa_20260315_212840_assignments.csv,/home/rjaffray/projects/jaffray-masc-fhops-model/data/output/stdout/ni_40_sub14_lock7_sa_20260315_212840.out.txt,/home/rjaffray/projects/jaffray-masc-fhops-model/data/output/stderr/ni_40_sub14_lock7_sa_20260315_212840.err.txt,2026-03-15 22:44:09
ni,40,ni_40,,2,14,14,14,mip,True,0,2198.274,/home/rjaffray/projects/jaffray-masc-fhops-model/data/output/ni_40_sub14_lock14_mip_20260315_224409.json,/home/rjaffray/projects/jaffray-masc-fhops-model/data/output/ni_40_sub14_lock14_mip_20260315_224409_assignments.csv,/home/rjaffray/projects/jaffray-masc-fhops-model/data/output/stdout/ni_40_sub14_lock14_mip_20260315_224409.out.txt,/home/rjaffray/projects/jaffray-masc-fhops-model/data/output/stderr/ni_40_sub14_lock14_mip_20260315_224409.err.txt,2026-03-15 23:20:47
ni,40,ni_40,,2,14,14,14,sa,True,0,236.287,/home/rjaffray/projects/jaffray-masc-fhops-model/data/output/ni_40_sub14_lock14_sa_20260315_224409.json,/home/rjaffray/projects/jaffray-masc-fhops-model/data/output/ni_40_sub14_lock14_sa_20260315_224409_assignments.csv,/home/rjaffray/projects/jaffray-masc-fhops-model/data/output/stdout/ni_40_sub14_lock14_sa_20260315_224409.out.txt,/home/rjaffray/projects/jaffray-masc-fhops-model/data/output/stderr/ni_40_sub14_lock14_sa_20260315_224409.err.txt,2026-03-15 23:24:43
pg,40,pg_40,,8,56,7,56,mip,True,0,21590.409,/home/rjaffray/projects/jaffray-masc-fhops-model/data/output/pg_40_sub56_lock7_mip_20260315_194636.json,/home/rjaffray/projects/jaffray-masc-fhops-model/data/output/pg_40_sub56_lock7_mip_20260315_194636_assignments.csv,/home/rjaffray/projects/jaffray-masc-fhops-model/data/output/stdout/pg_40_sub56_lock7_mip_20260315_194636.out.txt,/home/rjaffray/projects/jaffray-masc-fhops-model/data/output/stderr/pg_40_sub56_lock7_mip_20260315_194636.err.txt,2026-03-16 01:46:27
ka,40,ka_40,,8,56,1,56,mip,True,0,144700.639,/home/rjaffray/projects/jaffray-masc-fhops-model/data/output/ka_40_sub56_lock1_mip_20260314_095009.json,/home/rjaffray/projects/jaffray-masc-fhops-model/data/output/ka_40_sub56_lock1_mip_20260314_095009_assignments.csv,/home/rjaffray/projects/jaffray-masc-fhops-model/data/output/stdout/ka_40_sub56_lock1_mip_20260314_095009.out.txt,/home/rjaffray/projects/jaffray-masc-fhops-model/data/output/stderr/ka_40_sub56_lock1_mip_20260314_095009.err.txt,2026-03-16 02:01:50
pg,40,pg_40,,8,56,7,56,sa,True,0,9271.393,/home/rjaffray/projects/jaffray-masc-fhops-model/data/output/pg_40_sub56_lock7_sa_20260315_194636.json,/home/rjaffray/projects/jaffray-masc-fhops-model/data/output/pg_40_sub56_lock7_sa_20260315_194636_assignments.csv,/home/rjaffray/projects/jaffray-masc-fhops-model/data/output/stdout/pg_40_sub56_lock7_sa_20260315_194636.out.txt,/home/rjaffray/projects/jaffray-masc-fhops-model/data/output/stderr/pg_40_sub56_lock7_sa_20260315_194636.err.txt,2026-03-16 04:20:58
pg,40,pg_40,,8,56,14,56,mip,True,0,11188.244,/home/rjaffray/projects/jaffray-masc-fhops-model/data/output/pg_40_sub56_lock14_mip_20260316_042058.json,/home/rjaffray/projects/jaffray-masc-fhops-model/data/output/pg_40_sub56_lock14_mip_20260316_042058_assignments.csv,/home/rjaffray/projects/jaffray-masc-fhops-model/data/output/stdout/pg_40_sub56_lock14_mip_20260316_042058.out.txt,/home/rjaffray/projects/jaffray-masc-fhops-model/data/output/stderr/pg_40_sub56_lock14_mip_20260316_042058.err.txt,2026-03-16 07:27:26
pg,40,pg_40,,8,56,14,56,sa,True,0,5465.834,/home/rjaffray/projects/jaffray-masc-fhops-model/data/output/pg_40_sub56_lock14_sa_20260316_042058.json,/home/rjaffray/projects/jaffray-masc-fhops-model/data/output/pg_40_sub56_lock14_sa_20260316_042058_assignments.csv,/home/rjaffray/projects/jaffray-masc-fhops-model/data/output/stdout/pg_40_sub56_lock14_sa_20260316_042058.out.txt,/home/rjaffray/projects/jaffray-masc-fhops-model/data/output/stderr/pg_40_sub56_lock14_sa_20260316_042058.err.txt,2026-03-16 08:58:32
pg,40,pg_40,,16,112,1,112,mip,False,-6,4031.186,/home/rjaffray/projects/jaffray-masc-fhops-model/data/output/pg_40_sub112_lock1_mip_20260316_085832.json,/home/rjaffray/projects/jaffray-masc-fhops-model/data/output/pg_40_sub112_lock1_mip_20260316_085832_assignments.csv,/home/rjaffray/projects/jaffray-masc-fhops-model/data/output/stdout/pg_40_sub112_lock1_mip_20260316_085832.out.txt,/home/rjaffray/projects/jaffray-masc-fhops-model/data/output/stderr/pg_40_sub112_lock1_mip_20260316_085832.err.txt,2026-03-16 10:05:43
ni,40,ni_40,,4,28,1,28,mip,True,0,59114.323,/home/rjaffray/projects/jaffray-masc-fhops-model/data/output/ni_40_sub28_lock1_mip_20260315_232443.json,/home/rjaffray/projects/jaffray-masc-fhops-model/data/output/ni_40_sub28_lock1_mip_20260315_232443_assignments.csv,/home/rjaffray/projects/jaffray-masc-fhops-model/data/output/stdout/ni_40_sub28_lock1_mip_20260315_232443.out.txt,/home/rjaffray/projects/jaffray-masc-fhops-model/data/output/stderr/ni_40_sub28_lock1_mip_20260315_232443.err.txt,2026-03-16 15:49:58
ni,40,ni_40,,4,28,1,28,sa,True,0,8037.244,/home/rjaffray/projects/jaffray-masc-fhops-model/data/output/ni_40_sub28_lock1_sa_20260315_232443.json,/home/rjaffray/projects/jaffray-masc-fhops-model/data/output/ni_40_sub28_lock1_sa_20260315_232443_assignments.csv,/home/rjaffray/projects/jaffray-masc-fhops-model/data/output/stdout/ni_40_sub28_lock1_sa_20260315_232443.out.txt,/home/rjaffray/projects/jaffray-masc-fhops-model/data/output/stderr/ni_40_sub28_lock1_sa_20260315_232443.err.txt,2026-03-16 18:03:55
ni,40,ni_40,,4,28,7,28,mip,True,0,9097.971,/home/rjaffray/projects/jaffray-masc-fhops-model/data/output/ni_40_sub28_lock7_mip_20260316_180355.json,/home/rjaffray/projects/jaffray-masc-fhops-model/data/output/ni_40_sub28_lock7_mip_20260316_180355_assignments.csv,/home/rjaffray/projects/jaffray-masc-fhops-model/data/output/stdout/ni_40_sub28_lock7_mip_20260316_180355.out.txt,/home/rjaffray/projects/jaffray-masc-fhops-model/data/output/stderr/ni_40_sub28_lock7_mip_20260316_180355.err.txt,2026-03-16 20:35:33
ni,40,ni_40,,4,28,7,28,sa,True,0,1460.803,/home/rjaffray/projects/jaffray-masc-fhops-model/data/output/ni_40_sub28_lock7_sa_20260316_180355.json,/home/rjaffray/projects/jaffray-masc-fhops-model/data/output/ni_40_sub28_lock7_sa_20260316_180355_assignments.csv,/home/rjaffray/projects/jaffray-masc-fhops-model/data/output/stdout/ni_40_sub28_lock7_sa_20260316_180355.out.txt,/home/rjaffray/projects/jaffray-masc-fhops-model/data/output/stderr/ni_40_sub28_lock7_sa_20260316_180355.err.txt,2026-03-16 20:59:54
ka,40,ka_40,,8,56,1,56,sa,True,0,71602.666,/home/rjaffray/projects/jaffray-masc-fhops-model/data/output/ka_40_sub56_lock1_sa_20260314_095009.json,/home/rjaffray/projects/jaffray-masc-fhops-model/data/output/ka_40_sub56_lock1_sa_20260314_095009_assignments.csv,/home/rjaffray/projects/jaffray-masc-fhops-model/data/output/stdout/ka_40_sub56_lock1_sa_20260314_095009.out.txt,/home/rjaffray/projects/jaffray-masc-fhops-model/data/output/stderr/ka_40_sub56_lock1_sa_20260314_095009.err.txt,2026-03-16 21:55:12
ni,40,ni_40,,4,28,14,28,mip,True,0,4748.926,/home/rjaffray/projects/jaffray-masc-fhops-model/data/output/ni_40_sub28_lock14_mip_20260316_205954.json,/home/rjaffray/projects/jaffray-masc-fhops-model/data/output/ni_40_sub28_lock14_mip_20260316_205954_assignments.csv,/home/rjaffray/projects/jaffray-masc-fhops-model/data/output/stdout/ni_40_sub28_lock14_mip_20260316_205954.out.txt,/home/rjaffray/projects/jaffray-masc-fhops-model/data/output/stderr/ni_40_sub28_lock14_mip_20260316_205954.err.txt,2026-03-16 22:19:03
ni,40,ni_40,,4,28,14,28,sa,True,0,971.002,/home/rjaffray/projects/jaffray-masc-fhops-model/data/output/ni_40_sub28_lock14_sa_20260316_205954.json,/home/rjaffray/projects/jaffray-masc-fhops-model/data/output/ni_40_sub28_lock14_sa_20260316_205954_assignments.csv,/home/rjaffray/projects/jaffray-masc-fhops-model/data/output/stdout/ni_40_sub28_lock14_sa_20260316_205954.out.txt,/home/rjaffray/projects/jaffray-masc-fhops-model/data/output/stderr/ni_40_sub28_lock14_sa_20260316_205954.err.txt,2026-03-16 22:35:14
ka,40,ka_40,,8,56,7,56,mip,True,0,21560.549,/home/rjaffray/projects/jaffray-masc-fhops-model/data/output/ka_40_sub56_lock7_mip_20260316_215512.json,/home/rjaffray/projects/jaffray-masc-fhops-model/data/output/ka_40_sub56_lock7_mip_20260316_215512_assignments.csv,/home/rjaffray/projects/jaffray-masc-fhops-model/data/output/stdout/ka_40_sub56_lock7_mip_20260316_215512.out.txt,/home/rjaffray/projects/jaffray-masc-fhops-model/data/output/stderr/ka_40_sub56_lock7_mip_20260316_215512.err.txt,2026-03-17 03:54:33
ka,40,ka_40,,8,56,7,56,sa,True,0,11359.26,/home/rjaffray/projects/jaffray-masc-fhops-model/data/output/ka_40_sub56_lock7_sa_20260316_215512.json,/home/rjaffray/projects/jaffray-masc-fhops-model/data/output/ka_40_sub56_lock7_sa_20260316_215512_assignments.csv,/home/rjaffray/projects/jaffray-masc-fhops-model/data/output/stdout/ka_40_sub56_lock7_sa_20260316_215512.out.txt,/home/rjaffray/projects/jaffray-masc-fhops-model/data/output/stderr/ka_40_sub56_lock7_sa_20260316_215512.err.txt,2026-03-17 07:03:52
ka,40,ka_40,,8,56,14,56,mip,True,0,11153.137,/home/rjaffray/projects/jaffray-masc-fhops-model/data/output/ka_40_sub56_lock14_mip_20260317_070352.json,/home/rjaffray/projects/jaffray-masc-fhops-model/data/output/ka_40_sub56_lock14_mip_20260317_070352_assignments.csv,/home/rjaffray/projects/jaffray-masc-fhops-model/data/output/stdout/ka_40_sub56_lock14_mip_20260317_070352.out.txt,/home/rjaffray/projects/jaffray-masc-fhops-model/data/output/stderr/ka_40_sub56_lock14_mip_20260317_070352.err.txt,2026-03-17 10:09:45
ka,40,ka_40,,8,56,14,56,sa,True,0,6525.494,/home/rjaffray/projects/jaffray-masc-fhops-model/data/output/ka_40_sub56_lock14_sa_20260317_070352.json,/home/rjaffray/projects/jaffray-masc-fhops-model/data/output/ka_40_sub56_lock14_sa_20260317_070352_assignments.csv,/home/rjaffray/projects/jaffray-masc-fhops-model/data/output/stdout/ka_40_sub56_lock14_sa_20260317_070352.out.txt,/home/rjaffray/projects/jaffray-masc-fhops-model/data/output/stderr/ka_40_sub56_lock14_sa_20260317_070352.err.txt,2026-03-17 11:58:31
ka,40,ka_40,,16,112,1,112,mip,False,-6,4022.706,/home/rjaffray/projects/jaffray-masc-fhops-model/data/output/ka_40_sub112_lock1_mip_20260317_115831.json,/home/rjaffray/projects/jaffray-masc-fhops-model/data/output/ka_40_sub112_lock1_mip_20260317_115831_assignments.csv,/home/rjaffray/projects/jaffray-masc-fhops-model/data/output/stdout/ka_40_sub112_lock1_mip_20260317_115831.out.txt,/home/rjaffray/projects/jaffray-masc-fhops-model/data/output/stderr/ka_40_sub112_lock1_mip_20260317_115831.err.txt,2026-03-17 13:05:33
