file,scenario,solver,mip_solver,time_limit_s,iteration_index,start_day,horizon_days,lock_days,locked_assignments,objective,solver_status,termination_condition,runtime_s_heuristic
ni_6_sub56_lock7_sa_20260305_123224.json,MASc NI 6 blocks,sa,,,0,1,56,7,99,-143794.643701,,,
ni_6_sub56_lock7_sa_20260305_123224.json,MASc NI 6 blocks,sa,,,1,8,49,7,100,-230114.643701,,,
ni_6_sub56_lock7_sa_20260305_123224.json,MASc NI 6 blocks,sa,,,2,15,42,7,100,-184750.643701,,,
ni_6_sub56_lock7_sa_20260305_123224.json,MASc NI 6 blocks,sa,,,3,22,35,7,101,-206386.643701,,,
ni_6_sub56_lock7_sa_20260305_123224.json,MASc NI 6 blocks,sa,,,4,29,28,7,103,-228022.64370099996,,,
ni_6_sub56_lock7_sa_20260305_123224.json,MASc NI 6 blocks,sa,,,5,36,21,7,101,-255658.64370099996,,,
ni_6_sub56_lock7_sa_20260305_123224.json,MASc NI 6 blocks,sa,,,6,43,14,7,103,-280978.64370099996,,,
ni_6_sub56_lock7_sa_20260305_123224.json,MASc NI 6 blocks,sa,,,7,50,7,7,103,-308614.64370099996,,,
ni_40_sub56_lock7_sa_20260305_210039.json,MASc NI 40 blocks,sa,,,0,1,56,7,308,-893012.519225,,,
ni_40_sub56_lock7_sa_20260305_210039.json,MASc NI 40 blocks,sa,,,1,8,49,7,305,-976232.0606410002,,,
ni_40_sub56_lock7_sa_20260305_210039.json,MASc NI 40 blocks,sa,,,2,15,42,7,312,-1023312.872675,,,
ni_40_sub56_lock7_sa_20260305_210039.json,MASc NI 40 blocks,sa,,,3,22,35,7,320,-1340215.186255,,,
ni_40_sub56_lock7_sa_20260305_210039.json,MASc NI 40 blocks,sa,,,4,29,28,7,306,-1223763.476543,,,
ni_40_sub56_lock7_sa_20260305_210039.json,MASc NI 40 blocks,sa,,,5,36,21,7,309,-1354835.476543,,,
ni_40_sub56_lock7_sa_20260305_210039.json,MASc NI 40 blocks,sa,,,6,43,14,7,311,-1449799.476543,,,
ni_40_sub56_lock7_sa_20260305_210039.json,MASc NI 40 blocks,sa,,,7,50,7,7,316,-1532819.476543,,,
pg_6_sub28_lock7_sa_20260302_062339.json,MASc PG 6 blocks,sa,,,0,1,28,7,104,11413.260361999997,,,
pg_6_sub28_lock7_sa_20260302_062339.json,MASc PG 6 blocks,sa,,,1,8,21,7,102,-6282.670106000001,,,
pg_6_sub28_lock7_sa_20260302_062339.json,MASc PG 6 blocks,sa,,,2,15,14,7,103,-27654.670106,,,
pg_6_sub28_lock7_sa_20260302_062339.json,MASc PG 6 blocks,sa,,,3,22,7,7,105,-52131.962900000006,,,
ni_6_sub28_lock1_mip_20260304_035506.json,MASc NI 6 blocks,mip,highs,1800.0,0,1,28,1,0,,aborted,maxTimeLimit,1800.0
ni_6_sub28_lock1_mip_20260304_035506.json,MASc NI 6 blocks,mip,highs,1800.0,1,2,27,1,0,,aborted,maxTimeLimit,1800.0
ni_6_sub28_lock1_mip_20260304_035506.json,MASc NI 6 blocks,mip,highs,1800.0,2,3,26,1,0,,aborted,maxTimeLimit,1800.0
ni_6_sub28_lock1_mip_20260304_035506.json,MASc NI 6 blocks,mip,highs,1800.0,3,4,25,1,0,,aborted,maxTimeLimit,1800.0
ni_6_sub28_lock1_mip_20260304_035506.json,MASc NI 6 blocks,mip,highs,1800.0,4,5,24,1,9,-232286.64370099996,ok,optimal,
ni_6_sub28_lock1_mip_20260304_035506.json,MASc NI 6 blocks,mip,highs,1800.0,5,6,23,1,0,,aborted,maxTimeLimit,1800.0
ni_6_sub28_lock1_mip_20260304_035506.json,MASc NI 6 blocks,mip,highs,1800.0,6,7,22,1,11,-240182.64370100037,ok,optimal,
ni_6_sub28_lock1_mip_20260304_035506.json,MASc NI 6 blocks,mip,highs,1800.0,7,8,21,1,0,,aborted,maxTimeLimit,1800.0
ni_6_sub28_lock1_mip_20260304_035506.json,MASc NI 6 blocks,mip,highs,1800.0,8,9,20,1,0,,aborted,maxTimeLimit,1800.0
ni_6_sub28_lock1_mip_20260304_035506.json,MASc NI 6 blocks,mip,highs,1800.0,9,10,19,1,9,-252026.64370099996,ok,optimal,
ni_6_sub28_lock1_mip_20260304_035506.json,MASc NI 6 blocks,mip,highs,1800.0,10,11,18,1,10,-255979.17248899996,ok,optimal,
ni_6_sub28_lock1_mip_20260304_035506.json,MASc NI 6 blocks,mip,highs,1800.0,11,12,17,1,9,-259946.08369300026,ok,optimal,
ni_6_sub28_lock1_mip_20260304_035506.json,MASc NI 6 blocks,mip,highs,1800.0,12,13,16,1,8,-263870.6437010002,ok,optimal,
ni_6_sub28_lock1_mip_20260304_035506.json,MASc NI 6 blocks,mip,highs,1800.0,13,14,15,1,9,-267818.64370099996,ok,optimal,
ni_6_sub28_lock1_mip_20260304_035506.json,MASc NI 6 blocks,mip,highs,1800.0,14,15,14,1,8,-271766.64370099996,ok,optimal,
ni_6_sub28_lock1_mip_20260304_035506.json,MASc NI 6 blocks,mip,highs,1800.0,15,16,13,1,9,-275714.64370099996,ok,optimal,
ni_6_sub28_lock1_mip_20260304_035506.json,MASc NI 6 blocks,mip,highs,1800.0,16,17,12,1,9,-279662.64370099996,ok,optimal,
ni_6_sub28_lock1_mip_20260304_035506.json,MASc NI 6 blocks,mip,highs,1800.0,17,18,11,1,8,-283610.64370099996,ok,optimal,
ni_6_sub28_lock1_mip_20260304_035506.json,MASc NI 6 blocks,mip,highs,1800.0,18,19,10,1,9,-287558.64370099996,ok,optimal,
ni_6_sub28_lock1_mip_20260304_035506.json,MASc NI 6 blocks,mip,highs,1800.0,19,20,9,1,8,-291506.64370099996,ok,optimal,
ni_6_sub28_lock1_mip_20260304_035506.json,MASc NI 6 blocks,mip,highs,1800.0,20,21,8,1,9,-295454.64370099996,ok,optimal,
ni_6_sub28_lock1_mip_20260304_035506.json,MASc NI 6 blocks,mip,highs,1800.0,21,22,7,1,8,-299402.6437009998,ok,optimal,
ni_6_sub28_lock1_mip_20260304_035506.json,MASc NI 6 blocks,mip,highs,1800.0,22,23,6,1,9,-303350.64370099996,ok,optimal,
ni_6_sub28_lock1_mip_20260304_035506.json,MASc NI 6 blocks,mip,highs,1800.0,23,24,5,1,8,-307298.64370099996,ok,optimal,
ni_6_sub28_lock1_mip_20260304_035506.json,MASc NI 6 blocks,mip,highs,1800.0,24,25,4,1,8,-311246.64370099996,ok,optimal,
ni_6_sub28_lock1_mip_20260304_035506.json,MASc NI 6 blocks,mip,highs,1800.0,25,26,3,1,7,-315194.64370099996,ok,optimal,
ni_6_sub28_lock1_mip_20260304_035506.json,MASc NI 6 blocks,mip,highs,1800.0,26,27,2,1,8,-319142.64370099996,ok,optimal,
ni_6_sub28_lock1_mip_20260304_035506.json,MASc NI 6 blocks,mip,highs,1800.0,27,28,1,1,0,-323090.64370099996,ok,optimal,
pg_6_sub112_lock1_sa_20260303_113809.json,MASc PG 6 blocks,sa,,,0,1,112,1,6,59923.962899999984,,,
pg_6_sub112_lock1_sa_20260303_113809.json,MASc PG 6 blocks,sa,,,1,2,111,1,6,54923.96289999997,,,
pg_6_sub112_lock1_sa_20260303_113809.json,MASc PG 6 blocks,sa,,,2,3,110,1,6,55923.96289999997,,,
pg_6_sub112_lock1_sa_20260303_113809.json,MASc PG 6 blocks,sa,,,3,4,109,1,6,58923.96289999997,,,
pg_6_sub112_lock1_sa_20260303_113809.json,MASc PG 6 blocks,sa,,,4,5,108,1,6,58923.96289999997,,,
pg_6_sub112_lock1_sa_20260303_113809.json,MASc PG 6 blocks,sa,,,5,6,107,1,6,54923.96289999997,,,
pg_6_sub112_lock1_sa_20260303_113809.json,MASc PG 6 blocks,sa,,,6,7,106,1,6,58923.962899999955,,,
pg_6_sub112_lock1_sa_20260303_113809.json,MASc PG 6 blocks,sa,,,7,8,105,1,6,54923.96289999997,,,
pg_6_sub112_lock1_sa_20260303_113809.json,MASc PG 6 blocks,sa,,,8,9,104,1,6,58923.96289999997,,,
pg_6_sub112_lock1_sa_20260303_113809.json,MASc PG 6 blocks,sa,,,9,10,103,1,6,54923.96289999997,,,
pg_6_sub112_lock1_sa_20260303_113809.json,MASc PG 6 blocks,sa,,,10,11,102,1,6,56923.96289999997,,,
pg_6_sub112_lock1_sa_20260303_113809.json,MASc PG 6 blocks,sa,,,11,12,101,1,6,58923.962899999955,,,
pg_6_sub112_lock1_sa_20260303_113809.json,MASc PG 6 blocks,sa,,,12,13,100,1,6,56923.96289999997,,,
pg_6_sub112_lock1_sa_20260303_113809.json,MASc PG 6 blocks,sa,,,13,14,99,1,6,54923.96289999997,,,
pg_6_sub112_lock1_sa_20260303_113809.json,MASc PG 6 blocks,sa,,,14,15,98,1,6,54923.96289999997,,,
pg_6_sub112_lock1_sa_20260303_113809.json,MASc PG 6 blocks,sa,,,15,16,97,1,6,58923.96289999997,,,
pg_6_sub112_lock1_sa_20260303_113809.json,MASc PG 6 blocks,sa,,,16,17,96,1,6,60923.96289999997,,,
pg_6_sub112_lock1_sa_20260303_113809.json,MASc PG 6 blocks,sa,,,17,18,95,1,6,59923.962899999955,,,
pg_6_sub112_lock1_sa_20260303_113809.json,MASc PG 6 blocks,sa,,,18,19,94,1,6,55923.96289999997,,,
pg_6_sub112_lock1_sa_20260303_113809.json,MASc PG 6 blocks,sa,,,19,20,93,1,6,54923.96289999997,,,
pg_6_sub112_lock1_sa_20260303_113809.json,MASc PG 6 blocks,sa,,,20,21,92,1,6,57923.96289999997,,,
pg_6_sub112_lock1_sa_20260303_113809.json,MASc PG 6 blocks,sa,,,21,22,91,1,6,61923.962899999955,,,
pg_6_sub112_lock1_sa_20260303_113809.json,MASc PG 6 blocks,sa,,,22,23,90,1,6,57923.96289999997,,,
pg_6_sub112_lock1_sa_20260303_113809.json,MASc PG 6 blocks,sa,,,23,24,89,1,6,57923.96289999997,,,
pg_6_sub112_lock1_sa_20260303_113809.json,MASc PG 6 blocks,sa,,,24,25,88,1,6,54923.96289999997,,,
pg_6_sub112_lock1_sa_20260303_113809.json,MASc PG 6 blocks,sa,,,25,26,87,1,6,55923.96289999997,,,
pg_6_sub112_lock1_sa_20260303_113809.json,MASc PG 6 blocks,sa,,,26,27,86,1,6,55923.96289999997,,,
pg_6_sub112_lock1_sa_20260303_113809.json,MASc PG 6 blocks,sa,,,27,28,85,1,6,57923.962899999984,,,
pg_6_sub112_lock1_sa_20260303_113809.json,MASc PG 6 blocks,sa,,,28,29,84,1,6,57923.96289999997,,,
pg_6_sub112_lock1_sa_20260303_113809.json,MASc PG 6 blocks,sa,,,29,30,83,1,6,55923.96289999997,,,
pg_6_sub112_lock1_sa_20260303_113809.json,MASc PG 6 blocks,sa,,,30,31,82,1,6,57923.96289999997,,,
pg_6_sub112_lock1_sa_20260303_113809.json,MASc PG 6 blocks,sa,,,31,32,81,1,6,61923.96289999997,,,
pg_6_sub112_lock1_sa_20260303_113809.json,MASc PG 6 blocks,sa,,,32,33,80,1,6,58923.96289999997,,,
pg_6_sub112_lock1_sa_20260303_113809.json,MASc PG 6 blocks,sa,,,33,34,79,1,6,58923.962899999955,,,
pg_6_sub112_lock1_sa_20260303_113809.json,MASc PG 6 blocks,sa,,,34,35,78,1,6,58923.96289999997,,,
pg_6_sub112_lock1_sa_20260303_113809.json,MASc PG 6 blocks,sa,,,35,36,77,1,6,56923.96289999997,,,
pg_6_sub112_lock1_sa_20260303_113809.json,MASc PG 6 blocks,sa,,,36,37,76,1,6,57923.96289999997,,,
pg_6_sub112_lock1_sa_20260303_113809.json,MASc PG 6 blocks,sa,,,37,38,75,1,6,58923.96289999997,,,
pg_6_sub112_lock1_sa_20260303_113809.json,MASc PG 6 blocks,sa,,,38,39,74,1,6,55923.96289999997,,,
pg_6_sub112_lock1_sa_20260303_113809.json,MASc PG 6 blocks,sa,,,39,40,73,1,6,55923.96289999997,,,
pg_6_sub112_lock1_sa_20260303_113809.json,MASc PG 6 blocks,sa,,,40,41,72,1,6,54923.96289999997,,,
pg_6_sub112_lock1_sa_20260303_113809.json,MASc PG 6 blocks,sa,,,41,42,71,1,6,56923.96289999997,,,
pg_6_sub112_lock1_sa_20260303_113809.json,MASc PG 6 blocks,sa,,,42,43,70,1,6,54923.96289999997,,,
pg_6_sub112_lock1_sa_20260303_113809.json,MASc PG 6 blocks,sa,,,43,44,69,1,6,61923.962899999955,,,
pg_6_sub112_lock1_sa_20260303_113809.json,MASc PG 6 blocks,sa,,,44,45,68,1,6,57923.96289999997,,,
pg_6_sub112_lock1_sa_20260303_113809.json,MASc PG 6 blocks,sa,,,45,46,67,1,6,56923.962899999984,,,
pg_6_sub112_lock1_sa_20260303_113809.json,MASc PG 6 blocks,sa,,,46,47,66,1,6,55923.962899999955,,,
pg_6_sub112_lock1_sa_20260303_113809.json,MASc PG 6 blocks,sa,,,47,48,65,1,6,59923.96289999997,,,
pg_6_sub112_lock1_sa_20260303_113809.json,MASc PG 6 blocks,sa,,,48,49,64,1,6,62923.96289999997,,,
pg_6_sub112_lock1_sa_20260303_113809.json,MASc PG 6 blocks,sa,,,49,50,63,1,6,58923.96289999997,,,
pg_6_sub112_lock1_sa_20260303_113809.json,MASc PG 6 blocks,sa,,,50,51,62,1,6,59923.96289999997,,,
pg_6_sub112_lock1_sa_20260303_113809.json,MASc PG 6 blocks,sa,,,51,52,61,1,6,59923.96289999997,,,
pg_6_sub112_lock1_sa_20260303_113809.json,MASc PG 6 blocks,sa,,,52,53,60,1,6,55923.962899999955,,,
pg_6_sub112_lock1_sa_20260303_113809.json,MASc PG 6 blocks,sa,,,53,54,59,1,6,55923.96289999997,,,
pg_6_sub112_lock1_sa_20260303_113809.json,MASc PG 6 blocks,sa,,,54,55,58,1,6,57923.96289999997,,,
pg_6_sub112_lock1_sa_20260303_113809.json,MASc PG 6 blocks,sa,,,55,56,57,1,6,59923.962899999984,,,
pg_6_sub112_lock1_sa_20260303_113809.json,MASc PG 6 blocks,sa,,,56,57,56,1,6,56923.96289999997,,,
pg_6_sub112_lock1_sa_20260303_113809.json,MASc PG 6 blocks,sa,,,57,58,55,1,6,57923.96289999997,,,
pg_6_sub112_lock1_sa_20260303_113809.json,MASc PG 6 blocks,sa,,,58,59,54,1,6,59923.96289999997,,,
pg_6_sub112_lock1_sa_20260303_113809.json,MASc PG 6 blocks,sa,,,59,60,53,1,6,59923.96289999997,,,
pg_6_sub112_lock1_sa_20260303_113809.json,MASc PG 6 blocks,sa,,,60,61,52,1,6,60923.96289999997,,,
pg_6_sub112_lock1_sa_20260303_113809.json,MASc PG 6 blocks,sa,,,61,62,51,1,6,55923.96289999997,,,
pg_6_sub112_lock1_sa_20260303_113809.json,MASc PG 6 blocks,sa,,,62,63,50,1,6,58923.962899999984,,,
pg_6_sub112_lock1_sa_20260303_113809.json,MASc PG 6 blocks,sa,,,63,64,49,1,6,60923.96289999997,,,
pg_6_sub112_lock1_sa_20260303_113809.json,MASc PG 6 blocks,sa,,,64,65,48,1,6,51132.602227999974,,,
pg_6_sub112_lock1_sa_20260303_113809.json,MASc PG 6 blocks,sa,,,65,66,47,1,6,54500.602227999974,,,
pg_6_sub112_lock1_sa_20260303_113809.json,MASc PG 6 blocks,sa,,,66,67,46,1,6,53868.602227999974,,,
pg_6_sub112_lock1_sa_20260303_113809.json,MASc PG 6 blocks,sa,,,67,68,45,1,6,51236.602227999974,,,
pg_6_sub112_lock1_sa_20260303_113809.json,MASc PG 6 blocks,sa,,,68,69,44,1,6,45441.57174599999,,,
pg_6_sub112_lock1_sa_20260303_113809.json,MASc PG 6 blocks,sa,,,69,70,43,1,6,45809.57174599999,,,
pg_6_sub112_lock1_sa_20260303_113809.json,MASc PG 6 blocks,sa,,,70,71,42,1,6,39656.602227999974,,,
pg_6_sub112_lock1_sa_20260303_113809.json,MASc PG 6 blocks,sa,,,71,72,41,1,6,37024.602227999974,,,
pg_6_sub112_lock1_sa_20260303_113809.json,MASc PG 6 blocks,sa,,,72,73,40,1,6,40392.602227999974,,,
pg_6_sub112_lock1_sa_20260303_113809.json,MASc PG 6 blocks,sa,,,73,74,39,1,6,34760.602227999974,,,
pg_6_sub112_lock1_sa_20260303_113809.json,MASc PG 6 blocks,sa,,,74,75,38,1,6,36128.602227999974,,,
pg_6_sub112_lock1_sa_20260303_113809.json,MASc PG 6 blocks,sa,,,75,76,37,1,6,31333.571745999987,,,
pg_6_sub112_lock1_sa_20260303_113809.json,MASc PG 6 blocks,sa,,,76,77,36,1,6,31701.571745999987,,,
pg_6_sub112_lock1_sa_20260303_113809.json,MASc PG 6 blocks,sa,,,77,78,35,1,6,30134.393288,,,
pg_6_sub112_lock1_sa_20260303_113809.json,MASc PG 6 blocks,sa,,,78,79,34,1,6,27502.393288,,,
pg_6_sub112_lock1_sa_20260303_113809.json,MASc PG 6 blocks,sa,,,79,80,33,1,6,23824.43881999999,,,
pg_6_sub112_lock1_sa_20260303_113809.json,MASc PG 6 blocks,sa,,,80,81,32,1,6,22173.57174599999,,,
pg_6_sub112_lock1_sa_20260303_113809.json,MASc PG 6 blocks,sa,,,81,82,31,1,6,18309.260361999997,,,
pg_6_sub112_lock1_sa_20260303_113809.json,MASc PG 6 blocks,sa,,,82,83,30,1,6,17677.260361999997,,,
pg_6_sub112_lock1_sa_20260303_113809.json,MASc PG 6 blocks,sa,,,83,84,29,1,6,15045.260361999997,,,
pg_6_sub112_lock1_sa_20260303_113809.json,MASc PG 6 blocks,sa,,,84,85,28,1,6,11413.260361999997,,,
pg_6_sub112_lock1_sa_20260303_113809.json,MASc PG 6 blocks,sa,,,85,86,27,1,6,7781.260361999997,,,
pg_6_sub112_lock1_sa_20260303_113809.json,MASc PG 6 blocks,sa,,,86,87,26,1,6,3400.4388199999885,,,
pg_6_sub112_lock1_sa_20260303_113809.json,MASc PG 6 blocks,sa,,,87,88,25,1,6,2768.4388199999958,,,
pg_6_sub112_lock1_sa_20260303_113809.json,MASc PG 6 blocks,sa,,,88,89,24,1,6,2136.4388199999958,,,
pg_6_sub112_lock1_sa_20260303_113809.json,MASc PG 6 blocks,sa,,,89,90,23,1,6,-495.56118000000424,,,
pg_6_sub112_lock1_sa_20260303_113809.json,MASc PG 6 blocks,sa,,,90,91,22,1,6,-4378.739638000006,,,
pg_6_sub112_lock1_sa_20260303_113809.json,MASc PG 6 blocks,sa,,,91,92,21,1,6,-6282.670106000001,,,
pg_6_sub112_lock1_sa_20260303_113809.json,MASc PG 6 blocks,sa,,,92,93,20,1,6,-9958.739638000006,,,
pg_6_sub112_lock1_sa_20260303_113809.json,MASc PG 6 blocks,sa,,,93,94,19,1,6,-12274.739638000006,,,
pg_6_sub112_lock1_sa_20260303_113809.json,MASc PG 6 blocks,sa,,,94,95,18,1,6,-15222.739638000006,,,
pg_6_sub112_lock1_sa_20260303_113809.json,MASc PG 6 blocks,sa,,,95,96,17,1,6,-18854.739638000006,,,
pg_6_sub112_lock1_sa_20260303_113809.json,MASc PG 6 blocks,sa,,,96,97,16,1,6,-21863.962900000006,,,
pg_6_sub112_lock1_sa_20260303_113809.json,MASc PG 6 blocks,sa,,,97,98,15,1,6,-25811.962900000006,,,
pg_6_sub112_lock1_sa_20260303_113809.json,MASc PG 6 blocks,sa,,,98,99,14,1,6,-27654.670106,,,
pg_6_sub112_lock1_sa_20260303_113809.json,MASc PG 6 blocks,sa,,,99,100,13,1,6,-30488.032432000004,,,
pg_6_sub112_lock1_sa_20260303_113809.json,MASc PG 6 blocks,sa,,,100,101,12,1,6,-35023.962900000006,,,
pg_6_sub112_lock1_sa_20260303_113809.json,MASc PG 6 blocks,sa,,,101,102,11,1,6,-39498.670106000005,,,
pg_6_sub112_lock1_sa_20260303_113809.json,MASc PG 6 blocks,sa,,,102,103,10,1,6,-42919.962900000006,,,
pg_6_sub112_lock1_sa_20260303_113809.json,MASc PG 6 blocks,sa,,,103,104,9,1,6,-45551.962900000006,,,
pg_6_sub112_lock1_sa_20260303_113809.json,MASc PG 6 blocks,sa,,,104,105,8,1,6,-49499.962900000006,,,
pg_6_sub112_lock1_sa_20260303_113809.json,MASc PG 6 blocks,sa,,,105,106,7,1,6,-52131.962900000006,,,
pg_6_sub112_lock1_sa_20260303_113809.json,MASc PG 6 blocks,sa,,,106,107,6,1,6,-56079.962900000006,,,
pg_6_sub112_lock1_sa_20260303_113809.json,MASc PG 6 blocks,sa,,,107,108,5,1,6,-60027.962900000006,,,
pg_6_sub112_lock1_sa_20260303_113809.json,MASc PG 6 blocks,sa,,,108,109,4,1,6,-63975.9629,,,
pg_6_sub112_lock1_sa_20260303_113809.json,MASc PG 6 blocks,sa,,,109,110,3,1,6,-67923.9629,,,
pg_6_sub112_lock1_sa_20260303_113809.json,MASc PG 6 blocks,sa,,,110,111,2,1,6,-67923.9629,,,
pg_6_sub112_lock1_sa_20260303_113809.json,MASc PG 6 blocks,sa,,,111,112,1,1,6,-67923.9629,,,
ka_18_sub28_lock7_sa_20260305_014757.json,MASc KA 18 blocks,sa,,,0,1,28,7,178,-44613.865853000025,,,
ka_18_sub28_lock7_sa_20260305_014757.json,MASc KA 18 blocks,sa,,,1,8,21,7,177,-44127.08867500003,,,
ka_18_sub28_lock7_sa_20260305_014757.json,MASc KA 18 blocks,sa,,,2,15,14,7,185,-38040.31172300002,,,
ka_18_sub28_lock7_sa_20260305_014757.json,MASc KA 18 blocks,sa,,,3,22,7,7,176,-71051.35281899999,,,
ni_6_sub14_lock7_sa_20260304_034515.json,MASc NI 6 blocks,sa,,,0,1,14,7,103,-280978.64370099996,,,
ni_6_sub14_lock7_sa_20260304_034515.json,MASc NI 6 blocks,sa,,,1,8,7,7,103,-308614.64370099996,,,
ni_40_sub14_lock7_mip_20260305_154236.json,MASc NI 40 blocks,mip,highs,600.0,0,1,14,7,0,,aborted,maxTimeLimit,600.0
ni_40_sub14_lock7_mip_20260305_154236.json,MASc NI 40 blocks,mip,highs,600.0,1,8,7,7,0,,aborted,maxTimeLimit,600.0
ni_6_sub28_lock14_mip_20260304_120605.json,MASc NI 6 blocks,mip,highs,1800.0,0,1,28,14,0,,aborted,maxTimeLimit,1800.0
ni_6_sub28_lock14_mip_20260304_120605.json,MASc NI 6 blocks,mip,highs,1800.0,1,15,14,14,164,-271766.64370099996,ok,optimal,
ka_18_sub56_lock7_sa_20260305_032310.json,MASc KA 18 blocks,sa,,,0,1,56,7,184,-69613.86585300002,,,
ka_18_sub56_lock7_sa_20260305_032310.json,MASc KA 18 blocks,sa,,,1,8,49,7,184,-67613.86585300002,,,
ka_18_sub56_lock7_sa_20260305_032310.json,MASc KA 18 blocks,sa,,,2,15,42,7,187,-71613.86585300001,,,
ka_18_sub56_lock7_sa_20260305_032310.json,MASc KA 18 blocks,sa,,,3,22,35,7,169,-52613.86585300001,,,
ka_18_sub56_lock7_sa_20260305_032310.json,MASc KA 18 blocks,sa,,,4,29,28,7,178,-44613.865853000025,,,
ka_18_sub56_lock7_sa_20260305_032310.json,MASc KA 18 blocks,sa,,,5,36,21,7,177,-44127.08867500003,,,
ka_18_sub56_lock7_sa_20260305_032310.json,MASc KA 18 blocks,sa,,,6,43,14,7,185,-38040.31172300002,,,
ka_18_sub56_lock7_sa_20260305_032310.json,MASc KA 18 blocks,sa,,,7,50,7,7,176,-71051.35281899999,,,
ni_40_sub28_lock7_sa_20260305_172721.json,MASc NI 40 blocks,sa,,,0,1,28,7,306,-1223763.476543,,,
ni_40_sub28_lock7_sa_20260305_172721.json,MASc NI 40 blocks,sa,,,1,8,21,7,309,-1354835.476543,,,
ni_40_sub28_lock7_sa_20260305_172721.json,MASc NI 40 blocks,sa,,,2,15,14,7,311,-1449799.476543,,,
ni_40_sub28_lock7_sa_20260305_172721.json,MASc NI 40 blocks,sa,,,3,22,7,7,316,-1532819.476543,,,
pg_6_sub14_lock7_sa_20260301_210935.json,MASc PG 6 blocks,sa,,,0,1,14,7,103,-27654.670106,,,
pg_6_sub14_lock7_sa_20260301_210935.json,MASc PG 6 blocks,sa,,,1,8,7,7,105,-52131.962900000006,,,
ni_6_sub56_lock14_sa_20260305_141113.json,MASc NI 6 blocks,sa,,,0,1,56,14,225,-136794.643701,,,
ni_6_sub56_lock14_sa_20260305_141113.json,MASc NI 6 blocks,sa,,,1,15,42,14,226,-179750.643701,,,
ni_6_sub56_lock14_sa_20260305_141113.json,MASc NI 6 blocks,sa,,,2,29,28,14,229,-227022.64370099996,,,
ni_6_sub56_lock14_sa_20260305_141113.json,MASc NI 6 blocks,sa,,,3,43,14,14,229,-280978.64370099996,,,
pg_6_sub56_lock7_mip_20260303_062332.json,MASc PG 6 blocks,mip,highs,1800.0,0,1,56,7,90,67923.96290000003,ok,optimal,
pg_6_sub56_lock7_mip_20260303_062332.json,MASc PG 6 blocks,mip,highs,1800.0,1,8,49,7,0,,aborted,maxTimeLimit,1800.0
pg_6_sub56_lock7_mip_20260303_062332.json,MASc PG 6 blocks,mip,highs,1800.0,2,15,42,7,0,,aborted,maxTimeLimit,1800.0
pg_6_sub56_lock7_mip_20260303_062332.json,MASc PG 6 blocks,mip,highs,1800.0,3,22,35,7,0,,aborted,maxTimeLimit,1800.0
pg_6_sub56_lock7_mip_20260303_062332.json,MASc PG 6 blocks,mip,highs,1800.0,4,29,28,7,0,,aborted,maxTimeLimit,1800.0
pg_6_sub56_lock7_mip_20260303_062332.json,MASc PG 6 blocks,mip,highs,1800.0,5,36,21,7,0,,aborted,maxTimeLimit,1800.0
pg_6_sub56_lock7_mip_20260303_062332.json,MASc PG 6 blocks,mip,highs,1800.0,6,43,14,7,0,,aborted,maxTimeLimit,1800.0
pg_6_sub56_lock7_mip_20260303_062332.json,MASc PG 6 blocks,mip,highs,1800.0,7,50,7,7,74,-44235.962900000006,ok,optimal,
pg_6_sub14_lock14_sa_20260301_214307.json,MASc PG 6 blocks,sa,,,0,1,14,14,220,-27654.670106,,,
pg_6_sub14_lock7_mip_20260305_223204.json,MASc PG 6 blocks,mip,highs,600.0,0,1,14,7,0,,aborted,maxTimeLimit,600.0
pg_6_sub14_lock7_mip_20260305_223204.json,MASc PG 6 blocks,mip,highs,600.0,1,8,7,7,74,-44235.962900000006,ok,optimal,
ka_6_sub28_lock14_mip_20260305_122618.json,MASc KA 6 blocks,mip,highs,1800.0,0,1,28,14,223,30913.355594999994,ok,optimal,
ka_6_sub28_lock14_mip_20260305_122618.json,MASc KA 6 blocks,mip,highs,1800.0,1,15,14,14,0,,aborted,maxTimeLimit,1800.0
ka_6_sub28_lock1_sa_20260305_015816.json,MASc KA 6 blocks,sa,,,0,1,28,1,6,15847.597830999988,,,
ka_6_sub28_lock1_sa_20260305_015816.json,MASc KA 6 blocks,sa,,,1,2,27,1,6,9621.527430999995,,,
ka_6_sub28_lock1_sa_20260305_015816.json,MASc KA 6 blocks,sa,,,2,3,26,1,6,17305.527430999995,,,
ka_6_sub28_lock1_sa_20260305_015816.json,MASc KA 6 blocks,sa,,,3,4,25,1,6,17989.527430999988,,,
ka_6_sub28_lock1_sa_20260305_015816.json,MASc KA 6 blocks,sa,,,4,5,24,1,6,14041.527430999995,,,
ka_6_sub28_lock1_sa_20260305_015816.json,MASc KA 6 blocks,sa,,,5,6,23,1,6,7042.3652829999955,,,
ka_6_sub28_lock1_sa_20260305_015816.json,MASc KA 6 blocks,sa,,,6,7,22,1,6,12726.365282999996,,,
ka_6_sub28_lock1_sa_20260305_015816.json,MASc KA 6 blocks,sa,,,7,8,21,1,6,9410.365282999992,,,
ka_6_sub28_lock1_sa_20260305_015816.json,MASc KA 6 blocks,sa,,,8,9,20,1,6,9466.319340999999,,,
ka_6_sub28_lock1_sa_20260305_015816.json,MASc KA 6 blocks,sa,,,9,10,19,1,6,-1221.634717000008,,,
ka_6_sub28_lock1_sa_20260305_015816.json,MASc KA 6 blocks,sa,,,10,11,18,1,6,1891.5390569999945,,,
ka_6_sub28_lock1_sa_20260305_015816.json,MASc KA 6 blocks,sa,,,11,12,17,1,6,-1174.5753109999987,,,
ka_6_sub28_lock1_sa_20260305_015816.json,MASc KA 6 blocks,sa,,,12,13,16,1,6,-1429.6806590000015,,,
ka_6_sub28_lock1_sa_20260305_015816.json,MASc KA 6 blocks,sa,,,13,14,15,1,6,-4372.460943000002,,,
ka_6_sub28_lock1_sa_20260305_015816.json,MASc KA 6 blocks,sa,,,14,15,14,1,6,-381.3555949999991,,,
ka_6_sub28_lock1_sa_20260305_015816.json,MASc KA 6 blocks,sa,,,15,16,13,1,6,-5697.355594999999,,,
ka_6_sub28_lock1_sa_20260305_015816.json,MASc KA 6 blocks,sa,,,16,17,12,1,6,-13909.355595,,,
ka_6_sub28_lock1_sa_20260305_015816.json,MASc KA 6 blocks,sa,,,17,18,11,1,6,-8277.355595,,,
ka_6_sub28_lock1_sa_20260305_015816.json,MASc KA 6 blocks,sa,,,18,19,10,1,6,-21593.355595,,,
ka_6_sub28_lock1_sa_20260305_015816.json,MASc KA 6 blocks,sa,,,19,20,9,1,6,-17857.355595,,,
ka_6_sub28_lock1_sa_20260305_015816.json,MASc KA 6 blocks,sa,,,20,21,8,1,6,-22489.355595,,,
ka_6_sub28_lock1_sa_20260305_015816.json,MASc KA 6 blocks,sa,,,21,22,7,1,6,-25437.355595,,,
ka_6_sub28_lock1_sa_20260305_015816.json,MASc KA 6 blocks,sa,,,22,23,6,1,6,-26701.355595,,,
ka_6_sub28_lock1_sa_20260305_015816.json,MASc KA 6 blocks,sa,,,23,24,5,1,6,-30017.355595,,,
ka_6_sub28_lock1_sa_20260305_015816.json,MASc KA 6 blocks,sa,,,24,25,4,1,6,-27965.355595,,,
ka_6_sub28_lock1_sa_20260305_015816.json,MASc KA 6 blocks,sa,,,25,26,3,1,6,-33913.355595,,,
ka_6_sub28_lock1_sa_20260305_015816.json,MASc KA 6 blocks,sa,,,26,27,2,1,6,-34913.355595,,,
ka_6_sub28_lock1_sa_20260305_015816.json,MASc KA 6 blocks,sa,,,27,28,1,1,6,-30913.355595,,,
ka_40_sub28_lock7_mip_20260305_040445.json,MASc KA 40 blocks,mip,highs,600.0,0,1,28,7,0,,aborted,maxTimeLimit,600.0
ka_40_sub28_lock7_mip_20260305_040445.json,MASc KA 40 blocks,mip,highs,600.0,1,8,21,7,0,,aborted,maxTimeLimit,600.0
ka_40_sub28_lock7_mip_20260305_040445.json,MASc KA 40 blocks,mip,highs,600.0,2,15,14,7,0,,aborted,maxTimeLimit,600.0
ka_40_sub28_lock7_mip_20260305_040445.json,MASc KA 40 blocks,mip,highs,600.0,3,22,7,7,0,,aborted,maxTimeLimit,600.0
ka_6_sub14_lock1_sa_20260304_225259.json,MASc KA 6 blocks,sa,,,0,1,14,1,6,-381.3555949999991,,,
ka_6_sub14_lock1_sa_20260304_225259.json,MASc KA 6 blocks,sa,,,1,2,13,1,6,-5697.355594999999,,,
ka_6_sub14_lock1_sa_20260304_225259.json,MASc KA 6 blocks,sa,,,2,3,12,1,6,-13909.355595,,,
ka_6_sub14_lock1_sa_20260304_225259.json,MASc KA 6 blocks,sa,,,3,4,11,1,6,-8277.355595,,,
ka_6_sub14_lock1_sa_20260304_225259.json,MASc KA 6 blocks,sa,,,4,5,10,1,6,-21593.355595,,,
ka_6_sub14_lock1_sa_20260304_225259.json,MASc KA 6 blocks,sa,,,5,6,9,1,6,-17857.355595,,,
ka_6_sub14_lock1_sa_20260304_225259.json,MASc KA 6 blocks,sa,,,6,7,8,1,6,-22489.355595,,,
ka_6_sub14_lock1_sa_20260304_225259.json,MASc KA 6 blocks,sa,,,7,8,7,1,6,-25437.355595,,,
ka_6_sub14_lock1_sa_20260304_225259.json,MASc KA 6 blocks,sa,,,8,9,6,1,6,-26701.355595,,,
ka_6_sub14_lock1_sa_20260304_225259.json,MASc KA 6 blocks,sa,,,9,10,5,1,6,-30017.355595,,,
ka_6_sub14_lock1_sa_20260304_225259.json,MASc KA 6 blocks,sa,,,10,11,4,1,6,-27965.355595,,,
ka_6_sub14_lock1_sa_20260304_225259.json,MASc KA 6 blocks,sa,,,11,12,3,1,6,-33913.355595,,,
ka_6_sub14_lock1_sa_20260304_225259.json,MASc KA 6 blocks,sa,,,12,13,2,1,6,-34913.355595,,,
ka_6_sub14_lock1_sa_20260304_225259.json,MASc KA 6 blocks,sa,,,13,14,1,1,6,-30913.355595,,,
pg_18_sub14_lock1_sa_20260305_022249.json,MASc PG 18 blocks,sa,,,0,1,14,1,9,-468484.983972,,,
pg_18_sub14_lock1_sa_20260305_022249.json,MASc PG 18 blocks,sa,,,1,2,13,1,9,-477696.983972,,,
pg_18_sub14_lock1_sa_20260305_022249.json,MASc PG 18 blocks,sa,,,2,3,12,1,9,-484592.19902400003,,,
pg_18_sub14_lock1_sa_20260305_022249.json,MASc PG 18 blocks,sa,,,3,4,11,1,9,-487953.053504,,,
pg_18_sub14_lock1_sa_20260305_022249.json,MASc PG 18 blocks,sa,,,4,5,10,1,9,-495533.053504,,,
pg_18_sub14_lock1_sa_20260305_022249.json,MASc PG 18 blocks,sa,,,5,6,9,1,9,-505850.34629799996,,,
pg_18_sub14_lock1_sa_20260305_022249.json,MASc PG 18 blocks,sa,,,6,7,8,1,9,-514228.983972,,,
pg_18_sub14_lock1_sa_20260305_022249.json,MASc PG 18 blocks,sa,,,7,8,7,1,9,-524862.276766,,,
pg_18_sub14_lock1_sa_20260305_022249.json,MASc PG 18 blocks,sa,,,8,9,6,1,9,-536390.276766,,,
pg_18_sub14_lock1_sa_20260305_022249.json,MASc PG 18 blocks,sa,,,9,10,5,1,9,-541970.276766,,,
pg_18_sub14_lock1_sa_20260305_022249.json,MASc PG 18 blocks,sa,,,10,11,4,1,9,-550866.276766,,,
pg_18_sub14_lock1_sa_20260305_022249.json,MASc PG 18 blocks,sa,,,11,12,3,1,9,-557762.276766,,,
pg_18_sub14_lock1_sa_20260305_022249.json,MASc PG 18 blocks,sa,,,12,13,2,1,9,-557762.276766,,,
pg_18_sub14_lock1_sa_20260305_022249.json,MASc PG 18 blocks,sa,,,13,14,1,1,9,-557762.276766,,,
ka_6_sub56_lock7_sa_20260305_004026.json,MASc KA 6 blocks,sa,,,0,1,56,7,94,12913.355594999986,,,
ka_6_sub56_lock7_sa_20260305_004026.json,MASc KA 6 blocks,sa,,,1,8,49,7,97,-3086.64440500001,,,
ka_6_sub56_lock7_sa_20260305_004026.json,MASc KA 6 blocks,sa,,,2,15,42,7,87,12913.355594999986,,,
ka_6_sub56_lock7_sa_20260305_004026.json,MASc KA 6 blocks,sa,,,3,22,35,7,89,10913.35559499999,,,
ka_6_sub56_lock7_sa_20260305_004026.json,MASc KA 6 blocks,sa,,,4,29,28,7,96,7847.597830999988,,,
ka_6_sub56_lock7_sa_20260305_004026.json,MASc KA 6 blocks,sa,,,5,36,21,7,88,5410.3652829999955,,,
ka_6_sub56_lock7_sa_20260305_004026.json,MASc KA 6 blocks,sa,,,6,43,14,7,89,-3381.355594999999,,,
ka_6_sub56_lock7_sa_20260305_004026.json,MASc KA 6 blocks,sa,,,7,50,7,7,94,-25437.355595,,,
pg_6_sub112_lock7_sa_20260304_184126.json,MASc PG 6 blocks,sa,,,0,1,112,7,105,59923.962899999984,,,
pg_6_sub112_lock7_sa_20260304_184126.json,MASc PG 6 blocks,sa,,,1,8,105,7,105,54923.96289999997,,,
pg_6_sub112_lock7_sa_20260304_184126.json,MASc PG 6 blocks,sa,,,2,15,98,7,105,54923.96289999997,,,
pg_6_sub112_lock7_sa_20260304_184126.json,MASc PG 6 blocks,sa,,,3,22,91,7,105,61923.962899999955,,,
pg_6_sub112_lock7_sa_20260304_184126.json,MASc PG 6 blocks,sa,,,4,29,84,7,105,57923.96289999997,,,
pg_6_sub112_lock7_sa_20260304_184126.json,MASc PG 6 blocks,sa,,,5,36,77,7,103,56923.96289999997,,,
pg_6_sub112_lock7_sa_20260304_184126.json,MASc PG 6 blocks,sa,,,6,43,70,7,105,54923.96289999997,,,
pg_6_sub112_lock7_sa_20260304_184126.json,MASc PG 6 blocks,sa,,,7,50,63,7,105,58923.96289999997,,,
pg_6_sub112_lock7_sa_20260304_184126.json,MASc PG 6 blocks,sa,,,8,57,56,7,105,56923.96289999997,,,
pg_6_sub112_lock7_sa_20260304_184126.json,MASc PG 6 blocks,sa,,,9,64,49,7,104,60923.96289999997,,,
pg_6_sub112_lock7_sa_20260304_184126.json,MASc PG 6 blocks,sa,,,10,71,42,7,104,39656.602227999974,,,
pg_6_sub112_lock7_sa_20260304_184126.json,MASc PG 6 blocks,sa,,,11,78,35,7,104,30134.393288,,,
pg_6_sub112_lock7_sa_20260304_184126.json,MASc PG 6 blocks,sa,,,12,85,28,7,104,11413.260361999997,,,
pg_6_sub112_lock7_sa_20260304_184126.json,MASc PG 6 blocks,sa,,,13,92,21,7,102,-6282.670106000001,,,
pg_6_sub112_lock7_sa_20260304_184126.json,MASc PG 6 blocks,sa,,,14,99,14,7,103,-27654.670106,,,
pg_6_sub112_lock7_sa_20260304_184126.json,MASc PG 6 blocks,sa,,,15,106,7,7,105,-52131.962900000006,,,
ka_18_sub14_lock7_mip_20260305_004241.json,MASc KA 18 blocks,mip,highs,600.0,0,1,14,7,0,,aborted,maxTimeLimit,600.0
ka_18_sub14_lock7_mip_20260305_004241.json,MASc KA 18 blocks,mip,highs,600.0,1,8,7,7,0,,aborted,maxTimeLimit,600.0
ni_6_sub28_lock14_sa_20260304_120605.json,MASc NI 6 blocks,sa,,,0,1,28,14,229,-227022.64370099996,,,
ni_6_sub28_lock14_sa_20260304_120605.json,MASc NI 6 blocks,sa,,,1,15,14,14,229,-280978.64370099996,,,
ka_6_sub28_lock14_sa_20260305_122618.json,MASc KA 6 blocks,sa,,,0,1,28,14,192,15847.597830999988,,,
ka_6_sub28_lock14_sa_20260305_122618.json,MASc KA 6 blocks,sa,,,1,15,14,14,192,-381.3555949999991,,,
ni_6_sub56_lock7_mip_20260305_105213.json,MASc NI 6 blocks,mip,highs,1800.0,0,1,56,7,0,,aborted,maxTimeLimit,1800.0
ni_6_sub56_lock7_mip_20260305_105213.json,MASc NI 6 blocks,mip,highs,1800.0,1,8,49,7,0,,aborted,maxTimeLimit,1800.0
ni_6_sub56_lock7_mip_20260305_105213.json,MASc NI 6 blocks,mip,highs,1800.0,2,15,42,7,0,,aborted,maxTimeLimit,1800.0
ni_6_sub56_lock7_mip_20260305_105213.json,MASc NI 6 blocks,mip,highs,1800.0,3,22,35,7,0,,aborted,maxTimeLimit,1800.0
ni_6_sub56_lock7_mip_20260305_105213.json,MASc NI 6 blocks,mip,highs,1800.0,4,29,28,7,0,,aborted,maxTimeLimit,1800.0
ni_6_sub56_lock7_mip_20260305_105213.json,MASc NI 6 blocks,mip,highs,1800.0,5,36,21,7,0,,aborted,maxTimeLimit,1800.0
ni_6_sub56_lock7_mip_20260305_105213.json,MASc NI 6 blocks,mip,highs,1800.0,6,43,14,7,84,-271766.64370099996,ok,optimal,
ni_6_sub56_lock7_mip_20260305_105213.json,MASc NI 6 blocks,mip,highs,1800.0,7,50,7,7,86,-299402.6437009998,ok,optimal,
ka_6_sub14_lock7_sa_20260305_005703.json,MASc KA 6 blocks,sa,,,0,1,14,7,89,-381.3555949999991,,,
ka_6_sub14_lock7_sa_20260305_005703.json,MASc KA 6 blocks,sa,,,1,8,7,7,94,-25437.355595,,,
pg_18_sub14_lock1_mip_20260305_022249.json,MASc PG 18 blocks,mip,highs,1800.0,0,1,14,1,0,,aborted,maxTimeLimit,1800.0
pg_18_sub14_lock1_mip_20260305_022249.json,MASc PG 18 blocks,mip,highs,1800.0,1,2,13,1,0,,aborted,maxTimeLimit,1800.0
pg_18_sub14_lock1_mip_20260305_022249.json,MASc PG 18 blocks,mip,highs,1800.0,2,3,12,1,0,,aborted,maxTimeLimit,1800.0
pg_18_sub14_lock1_mip_20260305_022249.json,MASc PG 18 blocks,mip,highs,1800.0,3,4,11,1,0,,aborted,maxTimeLimit,1800.0
pg_18_sub14_lock1_mip_20260305_022249.json,MASc PG 18 blocks,mip,highs,1800.0,4,5,10,1,0,,aborted,maxTimeLimit,1800.0
pg_18_sub14_lock1_mip_20260305_022249.json,MASc PG 18 blocks,mip,highs,1800.0,5,6,9,1,0,,aborted,maxTimeLimit,1800.0
pg_18_sub14_lock1_mip_20260305_022249.json,MASc PG 18 blocks,mip,highs,1800.0,6,7,8,1,0,,aborted,maxTimeLimit,1800.0
pg_18_sub14_lock1_mip_20260305_022249.json,MASc PG 18 blocks,mip,highs,1800.0,7,8,7,1,0,,aborted,maxTimeLimit,1800.0
pg_18_sub14_lock1_mip_20260305_022249.json,MASc PG 18 blocks,mip,highs,1800.0,8,9,6,1,0,,aborted,maxTimeLimit,1800.0
pg_18_sub14_lock1_mip_20260305_022249.json,MASc PG 18 blocks,mip,highs,1800.0,9,10,5,1,0,,aborted,maxTimeLimit,1800.0
pg_18_sub14_lock1_mip_20260305_022249.json,MASc PG 18 blocks,mip,highs,1800.0,10,11,4,1,0,,aborted,maxTimeLimit,1800.0
pg_18_sub14_lock1_mip_20260305_022249.json,MASc PG 18 blocks,mip,highs,1800.0,11,12,3,1,0,,aborted,maxTimeLimit,1800.0
pg_18_sub14_lock1_mip_20260305_022249.json,MASc PG 18 blocks,mip,highs,1800.0,12,13,2,1,16,-545931.376206,ok,optimal,
pg_18_sub14_lock1_mip_20260305_022249.json,MASc PG 18 blocks,mip,highs,1800.0,13,14,1,1,0,-557762.276766,ok,optimal,
ka_6_sub28_lock1_mip_20260305_015816.json,MASc KA 6 blocks,mip,highs,1800.0,0,1,28,1,11,30913.355594999994,ok,optimal,
ka_6_sub28_lock1_mip_20260305_015816.json,MASc KA 6 blocks,mip,highs,1800.0,1,2,27,1,11,30913.355594999997,ok,optimal,
ka_6_sub28_lock1_mip_20260305_015816.json,MASc KA 6 blocks,mip,highs,1800.0,2,3,26,1,0,,aborted,maxTimeLimit,1800.0
ka_6_sub28_lock1_mip_20260305_015816.json,MASc KA 6 blocks,mip,highs,1800.0,3,4,25,1,0,,aborted,maxTimeLimit,1800.0
ka_6_sub28_lock1_mip_20260305_015816.json,MASc KA 6 blocks,mip,highs,1800.0,4,5,24,1,0,,aborted,maxTimeLimit,1800.0
ka_6_sub28_lock1_mip_20260305_015816.json,MASc KA 6 blocks,mip,highs,1800.0,5,6,23,1,0,,aborted,maxTimeLimit,1800.0
ka_6_sub28_lock1_mip_20260305_015816.json,MASc KA 6 blocks,mip,highs,1800.0,6,7,22,1,0,,aborted,maxTimeLimit,1800.0
ka_6_sub28_lock1_mip_20260305_015816.json,MASc KA 6 blocks,mip,highs,1800.0,7,8,21,1,0,,aborted,maxTimeLimit,1800.0
ka_6_sub28_lock1_mip_20260305_015816.json,MASc KA 6 blocks,mip,highs,1800.0,8,9,20,1,0,,aborted,maxTimeLimit,1800.0
ka_6_sub28_lock1_mip_20260305_015816.json,MASc KA 6 blocks,mip,highs,1800.0,9,10,19,1,0,,aborted,maxTimeLimit,1800.0
ka_6_sub28_lock1_mip_20260305_015816.json,MASc KA 6 blocks,mip,highs,1800.0,10,11,18,1,0,,aborted,maxTimeLimit,1800.0
ka_6_sub28_lock1_mip_20260305_015816.json,MASc KA 6 blocks,mip,highs,1800.0,11,12,17,1,0,,aborted,maxTimeLimit,1800.0
ka_6_sub28_lock1_mip_20260305_015816.json,MASc KA 6 blocks,mip,highs,1800.0,12,13,16,1,0,,aborted,maxTimeLimit,1800.0
ka_6_sub28_lock1_mip_20260305_015816.json,MASc KA 6 blocks,mip,highs,1800.0,13,14,15,1,0,,aborted,maxTimeLimit,1800.0
ka_6_sub28_lock1_mip_20260305_015816.json,MASc KA 6 blocks,mip,highs,1800.0,14,15,14,1,0,,aborted,maxTimeLimit,1800.0
ka_6_sub28_lock1_mip_20260305_015816.json,MASc KA 6 blocks,mip,highs,1800.0,15,16,13,1,0,,aborted,maxTimeLimit,1800.0
ka_6_sub28_lock1_mip_20260305_015816.json,MASc KA 6 blocks,mip,highs,1800.0,16,17,12,1,0,,aborted,maxTimeLimit,1800.0
ka_6_sub28_lock1_mip_20260305_015816.json,MASc KA 6 blocks,mip,highs,1800.0,17,18,11,1,10,4584.022137000036,ok,optimal,
ka_6_sub28_lock1_mip_20260305_015816.json,MASc KA 6 blocks,mip,highs,1800.0,18,19,10,1,8,2049.0827910001044,ok,optimal,
ka_6_sub28_lock1_mip_20260305_015816.json,MASc KA 6 blocks,mip,highs,1800.0,19,20,9,1,8,-485.85655499958193,ok,optimal,
ka_6_sub28_lock1_mip_20260305_015816.json,MASc KA 6 blocks,mip,highs,1800.0,20,21,8,1,8,-3374.416247999925,ok,optimal,
ka_6_sub28_lock1_mip_20260305_015816.json,MASc KA 6 blocks,mip,highs,1800.0,21,22,7,1,7,-7225.355594999995,ok,optimal,
ka_6_sub28_lock1_mip_20260305_015816.json,MASc KA 6 blocks,mip,highs,1800.0,22,23,6,1,8,-11173.355595,ok,optimal,
ka_6_sub28_lock1_mip_20260305_015816.json,MASc KA 6 blocks,mip,highs,1800.0,23,24,5,1,7,-15121.355595,ok,optimal,
ka_6_sub28_lock1_mip_20260305_015816.json,MASc KA 6 blocks,mip,highs,1800.0,24,25,4,1,9,-19069.355595,ok,optimal,
ka_6_sub28_lock1_mip_20260305_015816.json,MASc KA 6 blocks,mip,highs,1800.0,25,26,3,1,7,-23017.355595,ok,optimal,
ka_6_sub28_lock1_mip_20260305_015816.json,MASc KA 6 blocks,mip,highs,1800.0,26,27,2,1,7,-26965.355595,ok,optimal,
ka_6_sub28_lock1_mip_20260305_015816.json,MASc KA 6 blocks,mip,highs,1800.0,27,28,1,1,0,-30913.355595,ok,optimal,
ka_40_sub28_lock7_sa_20260305_051654.json,MASc KA 40 blocks,sa,,,0,1,28,7,349,-919701.363741,,,
ka_40_sub28_lock7_sa_20260305_051654.json,MASc KA 40 blocks,sa,,,1,8,21,7,349,-672766.711213,,,
ka_40_sub28_lock7_sa_20260305_051654.json,MASc KA 40 blocks,sa,,,2,15,14,7,343,-403387.805251,,,
ka_40_sub28_lock7_sa_20260305_051654.json,MASc KA 40 blocks,sa,,,3,22,7,7,346,-385003.025899,,,
ka_40_sub14_lock7_sa_20260305_040056.json,MASc KA 40 blocks,sa,,,0,1,14,7,343,-403387.805251,,,
ka_40_sub14_lock7_sa_20260305_040056.json,MASc KA 40 blocks,sa,,,1,8,7,7,346,-385003.025899,,,
pg_6_sub112_lock14_mip_20260304_233818.json,MASc PG 6 blocks,mip,highs,1800.0,0,1,112,14,78,67923.96290000001,ok,optimal,
pg_6_sub112_lock14_mip_20260304_233818.json,MASc PG 6 blocks,mip,highs,1800.0,1,15,98,14,71,67923.9629,ok,optimal,
pg_6_sub112_lock14_mip_20260304_233818.json,MASc PG 6 blocks,mip,highs,1800.0,2,29,84,14,83,67923.96289999995,ok,optimal,
pg_6_sub112_lock14_mip_20260304_233818.json,MASc PG 6 blocks,mip,highs,1800.0,3,43,70,14,148,67923.96289999946,ok,optimal,
pg_6_sub112_lock14_mip_20260304_233818.json,MASc PG 6 blocks,mip,highs,1800.0,4,57,56,14,185,67923.96290000003,ok,optimal,
pg_6_sub112_lock14_mip_20260304_233818.json,MASc PG 6 blocks,mip,highs,1800.0,5,71,42,14,0,,aborted,maxTimeLimit,1800.0
pg_6_sub112_lock14_mip_20260304_233818.json,MASc PG 6 blocks,mip,highs,1800.0,6,85,28,14,0,,aborted,maxTimeLimit,1800.0
pg_6_sub112_lock14_mip_20260304_233818.json,MASc PG 6 blocks,mip,highs,1800.0,7,99,14,14,0,,aborted,maxTimeLimit,1800.0
ka_18_sub56_lock7_mip_20260305_015112.json,MASc KA 18 blocks,mip,highs,600.0,0,1,56,7,0,,aborted,maxTimeLimit,600.0
ka_18_sub56_lock7_mip_20260305_015112.json,MASc KA 18 blocks,mip,highs,600.0,1,8,49,7,0,,aborted,maxTimeLimit,600.0
ka_18_sub56_lock7_mip_20260305_015112.json,MASc KA 18 blocks,mip,highs,600.0,2,15,42,7,0,,aborted,maxTimeLimit,600.0
ka_18_sub56_lock7_mip_20260305_015112.json,MASc KA 18 blocks,mip,highs,600.0,3,22,35,7,0,,aborted,maxTimeLimit,600.0
ka_18_sub56_lock7_mip_20260305_015112.json,MASc KA 18 blocks,mip,highs,600.0,4,29,28,7,0,,aborted,maxTimeLimit,600.0
ka_18_sub56_lock7_mip_20260305_015112.json,MASc KA 18 blocks,mip,highs,600.0,5,36,21,7,0,,aborted,maxTimeLimit,600.0
ka_18_sub56_lock7_mip_20260305_015112.json,MASc KA 18 blocks,mip,highs,600.0,6,43,14,7,0,,aborted,maxTimeLimit,600.0
ka_18_sub56_lock7_mip_20260305_015112.json,MASc KA 18 blocks,mip,highs,600.0,7,50,7,7,0,,aborted,maxTimeLimit,600.0
ni_6_sub14_lock14_mip_20260304_035122.json,MASc NI 6 blocks,mip,highs,1800.0,0,1,14,14,164,-271766.64370099996,ok,optimal,
ka_6_sub56_lock7_mip_20260304_234335.json,MASc KA 6 blocks,mip,highs,600.0,0,1,56,7,52,30913.355594999994,ok,optimal,
ka_6_sub56_lock7_mip_20260304_234335.json,MASc KA 6 blocks,mip,highs,600.0,1,8,49,7,53,30913.355594999997,ok,optimal,
ka_6_sub56_lock7_mip_20260304_234335.json,MASc KA 6 blocks,mip,highs,600.0,2,15,42,7,92,30913.355594999917,ok,optimal,
ka_6_sub56_lock7_mip_20260304_234335.json,MASc KA 6 blocks,mip,highs,600.0,3,22,35,7,96,30913.35559499998,ok,optimal,
ka_6_sub56_lock7_mip_20260304_234335.json,MASc KA 6 blocks,mip,highs,600.0,4,29,28,7,0,,aborted,maxTimeLimit,600.0
ka_6_sub56_lock7_mip_20260304_234335.json,MASc KA 6 blocks,mip,highs,600.0,5,36,21,7,0,,aborted,maxTimeLimit,600.0
ka_6_sub56_lock7_mip_20260304_234335.json,MASc KA 6 blocks,mip,highs,600.0,6,43,14,7,0,,aborted,maxTimeLimit,600.0
ka_6_sub56_lock7_mip_20260304_234335.json,MASc KA 6 blocks,mip,highs,600.0,7,50,7,7,71,-7225.355594999995,ok,optimal,
ka_6_sub14_lock7_mip_20260304_230140.json,MASc KA 6 blocks,mip,highs,600.0,0,1,14,7,0,,aborted,maxTimeLimit,600.0
ka_6_sub14_lock7_mip_20260304_230140.json,MASc KA 6 blocks,mip,highs,600.0,1,8,7,7,71,-7225.355594999995,ok,optimal,
pg_6_sub56_lock14_sa_20260303_094839.json,MASc PG 6 blocks,sa,,,0,1,56,14,222,56923.96289999997,,,
pg_6_sub56_lock14_sa_20260303_094839.json,MASc PG 6 blocks,sa,,,1,15,42,14,220,39656.602227999974,,,
pg_6_sub56_lock14_sa_20260303_094839.json,MASc PG 6 blocks,sa,,,2,29,28,14,219,11413.260361999997,,,
pg_6_sub56_lock14_sa_20260303_094839.json,MASc PG 6 blocks,sa,,,3,43,14,14,220,-27654.670106,,,
ka_40_sub56_lock7_mip_20260305_053645.json,MASc KA 40 blocks,mip,highs,600.0,0,1,56,7,0,,aborted,maxTimeLimit,600.0
ka_40_sub56_lock7_mip_20260305_053645.json,MASc KA 40 blocks,mip,highs,600.0,1,8,49,7,0,,aborted,maxTimeLimit,600.0
ka_40_sub56_lock7_mip_20260305_053645.json,MASc KA 40 blocks,mip,highs,600.0,2,15,42,7,0,,aborted,maxTimeLimit,600.0
ka_40_sub56_lock7_mip_20260305_053645.json,MASc KA 40 blocks,mip,highs,600.0,3,22,35,7,0,,aborted,maxTimeLimit,600.0
ka_40_sub56_lock7_mip_20260305_053645.json,MASc KA 40 blocks,mip,highs,600.0,4,29,28,7,0,,aborted,maxTimeLimit,600.0
ka_40_sub56_lock7_mip_20260305_053645.json,MASc KA 40 blocks,mip,highs,600.0,5,36,21,7,0,,aborted,maxTimeLimit,600.0
ka_40_sub56_lock7_mip_20260305_053645.json,MASc KA 40 blocks,mip,highs,600.0,6,43,14,7,0,,aborted,maxTimeLimit,600.0
ka_40_sub56_lock7_mip_20260305_053645.json,MASc KA 40 blocks,mip,highs,600.0,7,50,7,7,0,,aborted,maxTimeLimit,600.0
ka_6_sub14_lock7_mip_20260305_005703.json,MASc KA 6 blocks,mip,highs,1800.0,0,1,14,7,0,,aborted,maxTimeLimit,1800.0
ka_6_sub14_lock7_mip_20260305_005703.json,MASc KA 6 blocks,mip,highs,1800.0,1,8,7,7,71,-7225.355594999995,ok,optimal,
ni_6_sub14_lock14_sa_20260304_035122.json,MASc NI 6 blocks,sa,,,0,1,14,14,229,-280978.64370099996,,,
pg_6_sub56_lock7_sa_20260303_062332.json,MASc PG 6 blocks,sa,,,0,1,56,7,105,56923.96289999997,,,
pg_6_sub56_lock7_sa_20260303_062332.json,MASc PG 6 blocks,sa,,,1,8,49,7,104,60923.96289999997,,,
pg_6_sub56_lock7_sa_20260303_062332.json,MASc PG 6 blocks,sa,,,2,15,42,7,104,39656.602227999974,,,
pg_6_sub56_lock7_sa_20260303_062332.json,MASc PG 6 blocks,sa,,,3,22,35,7,104,30134.393288,,,
pg_6_sub56_lock7_sa_20260303_062332.json,MASc PG 6 blocks,sa,,,4,29,28,7,104,11413.260361999997,,,
pg_6_sub56_lock7_sa_20260303_062332.json,MASc PG 6 blocks,sa,,,5,36,21,7,102,-6282.670106000001,,,
pg_6_sub56_lock7_sa_20260303_062332.json,MASc PG 6 blocks,sa,,,6,43,14,7,103,-27654.670106,,,
pg_6_sub56_lock7_sa_20260303_062332.json,MASc PG 6 blocks,sa,,,7,50,7,7,105,-52131.962900000006,,,
pg_18_sub14_lock14_mip_20260305_093857.json,MASc PG 18 blocks,mip,highs,1800.0,0,1,14,14,0,,aborted,maxTimeLimit,1800.0
pg_6_sub56_lock1_mip_20260302_085915.json,MASc PG 6 blocks,mip,highs,1800.0,0,1,56,1,9,67923.96290000003,ok,optimal,
pg_6_sub56_lock1_mip_20260302_085915.json,MASc PG 6 blocks,mip,highs,1800.0,1,2,55,1,9,67923.96290000003,ok,optimal,
pg_6_sub56_lock1_mip_20260302_085915.json,MASc PG 6 blocks,mip,highs,1800.0,2,3,54,1,7,67923.9629,ok,optimal,
pg_6_sub56_lock1_mip_20260302_085915.json,MASc PG 6 blocks,mip,highs,1800.0,3,4,53,1,10,67923.96290000001,ok,optimal,
pg_6_sub56_lock1_mip_20260302_085915.json,MASc PG 6 blocks,mip,highs,1800.0,4,5,52,1,0,,aborted,maxTimeLimit,1800.0
pg_6_sub56_lock1_mip_20260302_085915.json,MASc PG 6 blocks,mip,highs,1800.0,5,6,51,1,11,67923.96290000016,ok,optimal,
pg_6_sub56_lock1_mip_20260302_085915.json,MASc PG 6 blocks,mip,highs,1800.0,6,7,50,1,9,67923.9629,ok,optimal,
pg_6_sub56_lock1_mip_20260302_085915.json,MASc PG 6 blocks,mip,highs,1800.0,7,8,49,1,0,,aborted,maxTimeLimit,1800.0
pg_6_sub56_lock1_mip_20260302_085915.json,MASc PG 6 blocks,mip,highs,1800.0,8,9,48,1,0,,aborted,maxTimeLimit,1800.0
pg_6_sub56_lock1_mip_20260302_085915.json,MASc PG 6 blocks,mip,highs,1800.0,9,10,47,1,0,,aborted,maxTimeLimit,1800.0
pg_6_sub56_lock1_mip_20260302_085915.json,MASc PG 6 blocks,mip,highs,1800.0,10,11,46,1,0,,aborted,maxTimeLimit,1800.0
pg_6_sub56_lock1_mip_20260302_085915.json,MASc PG 6 blocks,mip,highs,1800.0,11,12,45,1,0,,aborted,maxTimeLimit,1800.0
pg_6_sub56_lock1_mip_20260302_085915.json,MASc PG 6 blocks,mip,highs,1800.0,12,13,44,1,0,,aborted,maxTimeLimit,1800.0
pg_6_sub56_lock1_mip_20260302_085915.json,MASc PG 6 blocks,mip,highs,1800.0,13,14,43,1,0,,aborted,maxTimeLimit,1800.0
pg_6_sub56_lock1_mip_20260302_085915.json,MASc PG 6 blocks,mip,highs,1800.0,14,15,42,1,0,,aborted,maxTimeLimit,1800.0
pg_6_sub56_lock1_mip_20260302_085915.json,MASc PG 6 blocks,mip,highs,1800.0,15,16,41,1,0,,aborted,maxTimeLimit,1800.0
pg_6_sub56_lock1_mip_20260302_085915.json,MASc PG 6 blocks,mip,highs,1800.0,16,17,40,1,0,,aborted,maxTimeLimit,1800.0
pg_6_sub56_lock1_mip_20260302_085915.json,MASc PG 6 blocks,mip,highs,1800.0,17,18,39,1,0,,aborted,maxTimeLimit,1800.0
pg_6_sub56_lock1_mip_20260302_085915.json,MASc PG 6 blocks,mip,highs,1800.0,18,19,38,1,0,,aborted,maxTimeLimit,1800.0
pg_6_sub56_lock1_mip_20260302_085915.json,MASc PG 6 blocks,mip,highs,1800.0,19,20,37,1,0,,aborted,maxTimeLimit,1800.0
pg_6_sub56_lock1_mip_20260302_085915.json,MASc PG 6 blocks,mip,highs,1800.0,20,21,36,1,0,,aborted,maxTimeLimit,1800.0
pg_6_sub56_lock1_mip_20260302_085915.json,MASc PG 6 blocks,mip,highs,1800.0,21,22,35,1,0,,aborted,maxTimeLimit,1800.0
pg_6_sub56_lock1_mip_20260302_085915.json,MASc PG 6 blocks,mip,highs,1800.0,22,23,34,1,0,,aborted,maxTimeLimit,1800.0
pg_6_sub56_lock1_mip_20260302_085915.json,MASc PG 6 blocks,mip,highs,1800.0,23,24,33,1,0,,aborted,maxTimeLimit,1800.0
pg_6_sub56_lock1_mip_20260302_085915.json,MASc PG 6 blocks,mip,highs,1800.0,24,25,32,1,0,,aborted,maxTimeLimit,1800.0
pg_6_sub56_lock1_mip_20260302_085915.json,MASc PG 6 blocks,mip,highs,1800.0,25,26,31,1,0,,aborted,maxTimeLimit,1800.0
pg_6_sub56_lock1_mip_20260302_085915.json,MASc PG 6 blocks,mip,highs,1800.0,26,27,30,1,0,,aborted,maxTimeLimit,1800.0
pg_6_sub56_lock1_mip_20260302_085915.json,MASc PG 6 blocks,mip,highs,1800.0,27,28,29,1,0,,aborted,maxTimeLimit,1800.0
pg_6_sub56_lock1_mip_20260302_085915.json,MASc PG 6 blocks,mip,highs,1800.0,28,29,28,1,0,,aborted,maxTimeLimit,1800.0
pg_6_sub56_lock1_mip_20260302_085915.json,MASc PG 6 blocks,mip,highs,1800.0,29,30,27,1,0,,aborted,maxTimeLimit,1800.0
pg_6_sub56_lock1_mip_20260302_085915.json,MASc PG 6 blocks,mip,highs,1800.0,30,31,26,1,0,,aborted,maxTimeLimit,1800.0
pg_6_sub56_lock1_mip_20260302_085915.json,MASc PG 6 blocks,mip,highs,1800.0,31,32,25,1,0,,aborted,maxTimeLimit,1800.0
pg_6_sub56_lock1_mip_20260302_085915.json,MASc PG 6 blocks,mip,highs,1800.0,32,33,24,1,0,,aborted,maxTimeLimit,1800.0
pg_6_sub56_lock1_mip_20260302_085915.json,MASc PG 6 blocks,mip,highs,1800.0,33,34,23,1,0,,aborted,maxTimeLimit,1800.0
pg_6_sub56_lock1_mip_20260302_085915.json,MASc PG 6 blocks,mip,highs,1800.0,34,35,22,1,0,,aborted,maxTimeLimit,1800.0
pg_6_sub56_lock1_mip_20260302_085915.json,MASc PG 6 blocks,mip,highs,1800.0,35,36,21,1,0,,aborted,maxTimeLimit,1800.0
pg_6_sub56_lock1_mip_20260302_085915.json,MASc PG 6 blocks,mip,highs,1800.0,36,37,20,1,0,,aborted,maxTimeLimit,1800.0
pg_6_sub56_lock1_mip_20260302_085915.json,MASc PG 6 blocks,mip,highs,1800.0,37,38,19,1,0,,aborted,maxTimeLimit,1800.0
pg_6_sub56_lock1_mip_20260302_085915.json,MASc PG 6 blocks,mip,highs,1800.0,38,39,18,1,0,,aborted,maxTimeLimit,1800.0
pg_6_sub56_lock1_mip_20260302_085915.json,MASc PG 6 blocks,mip,highs,1800.0,39,40,17,1,0,,aborted,maxTimeLimit,1800.0
pg_6_sub56_lock1_mip_20260302_085915.json,MASc PG 6 blocks,mip,highs,1800.0,40,41,16,1,0,,aborted,maxTimeLimit,1800.0
pg_6_sub56_lock1_mip_20260302_085915.json,MASc PG 6 blocks,mip,highs,1800.0,41,42,15,1,0,,aborted,maxTimeLimit,1800.0
pg_6_sub56_lock1_mip_20260302_085915.json,MASc PG 6 blocks,mip,highs,1800.0,42,43,14,1,0,,aborted,maxTimeLimit,1800.0
pg_6_sub56_lock1_mip_20260302_085915.json,MASc PG 6 blocks,mip,highs,1800.0,43,44,13,1,9,-20547.96290000001,ok,optimal,
pg_6_sub56_lock1_mip_20260302_085915.json,MASc PG 6 blocks,mip,highs,1800.0,44,45,12,1,8,-24495.962900000006,ok,optimal,
pg_6_sub56_lock1_mip_20260302_085915.json,MASc PG 6 blocks,mip,highs,1800.0,45,46,11,1,11,-28443.962900000006,ok,optimal,
pg_6_sub56_lock1_mip_20260302_085915.json,MASc PG 6 blocks,mip,highs,1800.0,46,47,10,1,8,-32391.962900000006,ok,optimal,
pg_6_sub56_lock1_mip_20260302_085915.json,MASc PG 6 blocks,mip,highs,1800.0,47,48,9,1,10,-36339.96289999767,ok,optimal,
pg_6_sub56_lock1_mip_20260302_085915.json,MASc PG 6 blocks,mip,highs,1800.0,48,49,8,1,8,-40287.962900000006,ok,optimal,
pg_6_sub56_lock1_mip_20260302_085915.json,MASc PG 6 blocks,mip,highs,1800.0,49,50,7,1,7,-44235.962900000006,ok,optimal,
pg_6_sub56_lock1_mip_20260302_085915.json,MASc PG 6 blocks,mip,highs,1800.0,50,51,6,1,10,-48183.962900000006,ok,optimal,
pg_6_sub56_lock1_mip_20260302_085915.json,MASc PG 6 blocks,mip,highs,1800.0,51,52,5,1,8,-52131.962900000006,ok,optimal,
pg_6_sub56_lock1_mip_20260302_085915.json,MASc PG 6 blocks,mip,highs,1800.0,52,53,4,1,9,-56079.962899999984,ok,optimal,
pg_6_sub56_lock1_mip_20260302_085915.json,MASc PG 6 blocks,mip,highs,1800.0,53,54,3,1,7,-60027.96289999962,ok,optimal,
pg_6_sub56_lock1_mip_20260302_085915.json,MASc PG 6 blocks,mip,highs,1800.0,54,55,2,1,5,-63975.9629,ok,optimal,
pg_6_sub56_lock1_mip_20260302_085915.json,MASc PG 6 blocks,mip,highs,1800.0,55,56,1,1,0,-67923.9629,ok,optimal,
pg_6_sub112_lock7_mip_20260304_184126.json,MASc PG 6 blocks,mip,highs,1800.0,0,1,112,7,43,67923.96290000001,ok,optimal,
pg_6_sub112_lock7_mip_20260304_184126.json,MASc PG 6 blocks,mip,highs,1800.0,1,8,105,7,51,67923.96290000001,ok,optimal,
pg_6_sub112_lock7_mip_20260304_184126.json,MASc PG 6 blocks,mip,highs,1800.0,2,15,98,7,42,67923.9629,ok,optimal,
pg_6_sub112_lock7_mip_20260304_184126.json,MASc PG 6 blocks,mip,highs,1800.0,3,22,91,7,47,67923.96289999998,ok,optimal,
pg_6_sub112_lock7_mip_20260304_184126.json,MASc PG 6 blocks,mip,highs,1800.0,4,29,84,7,36,67923.96289999995,ok,optimal,
pg_6_sub112_lock7_mip_20260304_184126.json,MASc PG 6 blocks,mip,highs,1800.0,5,36,77,7,52,67923.96290000001,ok,optimal,
pg_6_sub112_lock7_mip_20260304_184126.json,MASc PG 6 blocks,mip,highs,1800.0,6,43,70,7,70,67923.96289999946,ok,optimal,
pg_6_sub112_lock7_mip_20260304_184126.json,MASc PG 6 blocks,mip,highs,1800.0,7,50,63,7,77,67923.96289999985,ok,optimal,
pg_6_sub112_lock7_mip_20260304_184126.json,MASc PG 6 blocks,mip,highs,1800.0,8,57,56,7,90,67923.96290000003,ok,optimal,
pg_6_sub112_lock7_mip_20260304_184126.json,MASc PG 6 blocks,mip,highs,1800.0,9,64,49,7,0,,aborted,maxTimeLimit,1800.0
pg_6_sub112_lock7_mip_20260304_184126.json,MASc PG 6 blocks,mip,highs,1800.0,10,71,42,7,0,,aborted,maxTimeLimit,1800.0
pg_6_sub112_lock7_mip_20260304_184126.json,MASc PG 6 blocks,mip,highs,1800.0,11,78,35,7,0,,aborted,maxTimeLimit,1800.0
pg_6_sub112_lock7_mip_20260304_184126.json,MASc PG 6 blocks,mip,highs,1800.0,12,85,28,7,0,,aborted,maxTimeLimit,1800.0
pg_6_sub112_lock7_mip_20260304_184126.json,MASc PG 6 blocks,mip,highs,1800.0,13,92,21,7,0,,aborted,maxTimeLimit,1800.0
pg_6_sub112_lock7_mip_20260304_184126.json,MASc PG 6 blocks,mip,highs,1800.0,14,99,14,7,0,,aborted,maxTimeLimit,1800.0
pg_6_sub112_lock7_mip_20260304_184126.json,MASc PG 6 blocks,mip,highs,1800.0,15,106,7,7,74,-44235.962900000006,ok,optimal,
pg_6_sub14_lock14_mip_20260301_214307.json,MASc PG 6 blocks,mip,highs,1800.0,0,1,14,14,0,,aborted,maxTimeLimit,1800.0
ka_6_sub28_lock7_mip_20260305_110018.json,MASc KA 6 blocks,mip,highs,1800.0,0,1,28,7,107,30913.355594999994,ok,optimal,
ka_6_sub28_lock7_mip_20260305_110018.json,MASc KA 6 blocks,mip,highs,1800.0,1,8,21,7,0,,aborted,maxTimeLimit,1800.0
ka_6_sub28_lock7_mip_20260305_110018.json,MASc KA 6 blocks,mip,highs,1800.0,2,15,14,7,0,,aborted,maxTimeLimit,1800.0
ka_6_sub28_lock7_mip_20260305_110018.json,MASc KA 6 blocks,mip,highs,1800.0,3,22,7,7,71,-7225.355594999995,ok,optimal,
pg_6_sub28_lock7_mip_20260305_224530.json,MASc PG 6 blocks,mip,highs,600.0,0,1,28,7,0,,aborted,maxTimeLimit,600.0
pg_6_sub28_lock7_mip_20260305_224530.json,MASc PG 6 blocks,mip,highs,600.0,1,8,21,7,0,,aborted,maxTimeLimit,600.0
pg_6_sub28_lock7_mip_20260305_224530.json,MASc PG 6 blocks,mip,highs,600.0,2,15,14,7,0,,aborted,maxTimeLimit,600.0
pg_6_sub28_lock7_mip_20260305_224530.json,MASc PG 6 blocks,mip,highs,600.0,3,22,7,7,74,-44235.962900000006,ok,optimal,
pg_6_sub28_lock1_sa_20260301_221329.json,MASc PG 6 blocks,sa,,,0,1,28,1,6,11413.260361999997,,,
pg_6_sub28_lock1_sa_20260301_221329.json,MASc PG 6 blocks,sa,,,1,2,27,1,6,7781.260361999997,,,
pg_6_sub28_lock1_sa_20260301_221329.json,MASc PG 6 blocks,sa,,,2,3,26,1,6,3400.4388199999885,,,
pg_6_sub28_lock1_sa_20260301_221329.json,MASc PG 6 blocks,sa,,,3,4,25,1,6,2768.4388199999958,,,
pg_6_sub28_lock1_sa_20260301_221329.json,MASc PG 6 blocks,sa,,,4,5,24,1,6,2136.4388199999958,,,
pg_6_sub28_lock1_sa_20260301_221329.json,MASc PG 6 blocks,sa,,,5,6,23,1,6,-495.56118000000424,,,
pg_6_sub28_lock1_sa_20260301_221329.json,MASc PG 6 blocks,sa,,,6,7,22,1,6,-4378.739638000006,,,
pg_6_sub28_lock1_sa_20260301_221329.json,MASc PG 6 blocks,sa,,,7,8,21,1,6,-6282.670106000001,,,
pg_6_sub28_lock1_sa_20260301_221329.json,MASc PG 6 blocks,sa,,,8,9,20,1,6,-9958.739638000006,,,
pg_6_sub28_lock1_sa_20260301_221329.json,MASc PG 6 blocks,sa,,,9,10,19,1,6,-12274.739638000006,,,
pg_6_sub28_lock1_sa_20260301_221329.json,MASc PG 6 blocks,sa,,,10,11,18,1,6,-15222.739638000006,,,
pg_6_sub28_lock1_sa_20260301_221329.json,MASc PG 6 blocks,sa,,,11,12,17,1,6,-18854.739638000006,,,
pg_6_sub28_lock1_sa_20260301_221329.json,MASc PG 6 blocks,sa,,,12,13,16,1,6,-21863.962900000006,,,
pg_6_sub28_lock1_sa_20260301_221329.json,MASc PG 6 blocks,sa,,,13,14,15,1,6,-25811.962900000006,,,
pg_6_sub28_lock1_sa_20260301_221329.json,MASc PG 6 blocks,sa,,,14,15,14,1,6,-27654.670106,,,
pg_6_sub28_lock1_sa_20260301_221329.json,MASc PG 6 blocks,sa,,,15,16,13,1,6,-30488.032432000004,,,
pg_6_sub28_lock1_sa_20260301_221329.json,MASc PG 6 blocks,sa,,,16,17,12,1,6,-35023.962900000006,,,
pg_6_sub28_lock1_sa_20260301_221329.json,MASc PG 6 blocks,sa,,,17,18,11,1,6,-39498.670106000005,,,
pg_6_sub28_lock1_sa_20260301_221329.json,MASc PG 6 blocks,sa,,,18,19,10,1,6,-42919.962900000006,,,
pg_6_sub28_lock1_sa_20260301_221329.json,MASc PG 6 blocks,sa,,,19,20,9,1,6,-45551.962900000006,,,
pg_6_sub28_lock1_sa_20260301_221329.json,MASc PG 6 blocks,sa,,,20,21,8,1,6,-49499.962900000006,,,
pg_6_sub28_lock1_sa_20260301_221329.json,MASc PG 6 blocks,sa,,,21,22,7,1,6,-52131.962900000006,,,
pg_6_sub28_lock1_sa_20260301_221329.json,MASc PG 6 blocks,sa,,,22,23,6,1,6,-56079.962900000006,,,
pg_6_sub28_lock1_sa_20260301_221329.json,MASc PG 6 blocks,sa,,,23,24,5,1,6,-60027.962900000006,,,
pg_6_sub28_lock1_sa_20260301_221329.json,MASc PG 6 blocks,sa,,,24,25,4,1,6,-63975.9629,,,
pg_6_sub28_lock1_sa_20260301_221329.json,MASc PG 6 blocks,sa,,,25,26,3,1,6,-67923.9629,,,
pg_6_sub28_lock1_sa_20260301_221329.json,MASc PG 6 blocks,sa,,,26,27,2,1,6,-67923.9629,,,
pg_6_sub28_lock1_sa_20260301_221329.json,MASc PG 6 blocks,sa,,,27,28,1,1,6,-67923.9629,,,
pg_18_sub14_lock7_mip_20260305_083630.json,MASc PG 18 blocks,mip,highs,1800.0,0,1,14,7,0,,aborted,maxTimeLimit,1800.0
pg_18_sub14_lock7_mip_20260305_083630.json,MASc PG 18 blocks,mip,highs,1800.0,1,8,7,7,0,,aborted,maxTimeLimit,1800.0
pg_6_sub56_lock7_sa_20260306_003329.json,MASc PG 6 blocks,sa,,,0,1,56,7,105,56923.96289999997,,,
pg_6_sub56_lock7_sa_20260306_003329.json,MASc PG 6 blocks,sa,,,1,8,49,7,104,60923.96289999997,,,
pg_6_sub56_lock7_sa_20260306_003329.json,MASc PG 6 blocks,sa,,,2,15,42,7,104,38177.57174599999,,,
pg_6_sub56_lock7_sa_20260306_003329.json,MASc PG 6 blocks,sa,,,3,22,35,7,104,30134.393288,,,
pg_6_sub56_lock7_sa_20260306_003329.json,MASc PG 6 blocks,sa,,,4,29,28,7,104,10413.260361999997,,,
pg_6_sub56_lock7_sa_20260306_003329.json,MASc PG 6 blocks,sa,,,5,36,21,7,102,-6282.670106000001,,,
pg_6_sub56_lock7_sa_20260306_003329.json,MASc PG 6 blocks,sa,,,6,43,14,7,103,-28970.670106,,,
pg_6_sub56_lock7_sa_20260306_003329.json,MASc PG 6 blocks,sa,,,7,50,7,7,104,-53447.962900000006,,,
pg_18_sub28_lock1_mip_20260305_101049.json,MASc PG 18 blocks,mip,highs,1800.0,0,1,28,1,0,,aborted,maxTimeLimit,1800.0
pg_18_sub28_lock1_mip_20260305_101049.json,MASc PG 18 blocks,mip,highs,1800.0,1,2,27,1,0,,aborted,maxTimeLimit,1800.0
pg_18_sub28_lock1_mip_20260305_101049.json,MASc PG 18 blocks,mip,highs,1800.0,2,3,26,1,0,,aborted,maxTimeLimit,1800.0
pg_18_sub28_lock1_mip_20260305_101049.json,MASc PG 18 blocks,mip,highs,1800.0,3,4,25,1,0,,aborted,maxTimeLimit,1800.0
pg_18_sub28_lock1_mip_20260305_101049.json,MASc PG 18 blocks,mip,highs,1800.0,4,5,24,1,0,,aborted,maxTimeLimit,1800.0
pg_18_sub28_lock1_mip_20260305_101049.json,MASc PG 18 blocks,mip,highs,1800.0,5,6,23,1,0,,aborted,maxTimeLimit,1800.0
pg_18_sub28_lock1_mip_20260305_101049.json,MASc PG 18 blocks,mip,highs,1800.0,6,7,22,1,0,,aborted,maxTimeLimit,1800.0
pg_18_sub28_lock1_mip_20260305_101049.json,MASc PG 18 blocks,mip,highs,1800.0,7,8,21,1,0,,aborted,maxTimeLimit,1800.0
pg_18_sub28_lock1_mip_20260305_101049.json,MASc PG 18 blocks,mip,highs,1800.0,8,9,20,1,0,,aborted,maxTimeLimit,1800.0
pg_18_sub28_lock1_mip_20260305_101049.json,MASc PG 18 blocks,mip,highs,1800.0,9,10,19,1,0,,aborted,maxTimeLimit,1800.0
pg_18_sub28_lock1_mip_20260305_101049.json,MASc PG 18 blocks,mip,highs,1800.0,10,11,18,1,0,,aborted,maxTimeLimit,1800.0
pg_18_sub28_lock1_mip_20260305_101049.json,MASc PG 18 blocks,mip,highs,1800.0,11,12,17,1,0,,aborted,maxTimeLimit,1800.0
pg_18_sub28_lock1_mip_20260305_101049.json,MASc PG 18 blocks,mip,highs,1800.0,12,13,16,1,0,,aborted,maxTimeLimit,1800.0
pg_18_sub28_lock1_mip_20260305_101049.json,MASc PG 18 blocks,mip,highs,1800.0,13,14,15,1,0,,aborted,maxTimeLimit,1800.0
pg_18_sub28_lock1_mip_20260305_101049.json,MASc PG 18 blocks,mip,highs,1800.0,14,15,14,1,0,,aborted,maxTimeLimit,1800.0
pg_18_sub28_lock1_mip_20260305_101049.json,MASc PG 18 blocks,mip,highs,1800.0,15,16,13,1,0,,aborted,maxTimeLimit,1800.0
pg_18_sub28_lock1_mip_20260305_101049.json,MASc PG 18 blocks,mip,highs,1800.0,16,17,12,1,0,,aborted,maxTimeLimit,1800.0
pg_18_sub28_lock1_mip_20260305_101049.json,MASc PG 18 blocks,mip,highs,1800.0,17,18,11,1,0,,aborted,maxTimeLimit,1800.0
pg_18_sub28_lock1_mip_20260305_101049.json,MASc PG 18 blocks,mip,highs,1800.0,18,19,10,1,0,,aborted,maxTimeLimit,1800.0
pg_18_sub28_lock1_mip_20260305_101049.json,MASc PG 18 blocks,mip,highs,1800.0,19,20,9,1,0,,aborted,maxTimeLimit,1800.0
pg_18_sub28_lock1_mip_20260305_101049.json,MASc PG 18 blocks,mip,highs,1800.0,20,21,8,1,0,,aborted,maxTimeLimit,1800.0
pg_18_sub28_lock1_mip_20260305_101049.json,MASc PG 18 blocks,mip,highs,1800.0,21,22,7,1,0,,aborted,maxTimeLimit,1800.0
pg_18_sub28_lock1_mip_20260305_101049.json,MASc PG 18 blocks,mip,highs,1800.0,22,23,6,1,0,,aborted,maxTimeLimit,1800.0
pg_18_sub28_lock1_mip_20260305_101049.json,MASc PG 18 blocks,mip,highs,1800.0,23,24,5,1,0,,aborted,maxTimeLimit,1800.0
pg_18_sub28_lock1_mip_20260305_101049.json,MASc PG 18 blocks,mip,highs,1800.0,24,25,4,1,0,,aborted,maxTimeLimit,1800.0
pg_18_sub28_lock1_mip_20260305_101049.json,MASc PG 18 blocks,mip,highs,1800.0,25,26,3,1,0,,aborted,maxTimeLimit,1800.0
pg_18_sub28_lock1_mip_20260305_101049.json,MASc PG 18 blocks,mip,highs,1800.0,26,27,2,1,16,-545931.376206,ok,optimal,
pg_18_sub28_lock1_mip_20260305_101049.json,MASc PG 18 blocks,mip,highs,1800.0,27,28,1,1,0,-557762.276766,ok,optimal,
pg_6_sub14_lock7_mip_20260301_210935.json,MASc PG 6 blocks,mip,highs,1800.0,0,1,14,7,0,,aborted,maxTimeLimit,1800.0
pg_6_sub14_lock7_mip_20260301_210935.json,MASc PG 6 blocks,mip,highs,1800.0,1,8,7,7,74,-44235.962900000006,ok,optimal,
pg_6_sub14_lock1_mip_20260301_200611.json,MASc PG 6 blocks,mip,highs,1800.0,0,1,14,1,0,,aborted,maxTimeLimit,1800.0
pg_6_sub14_lock1_mip_20260301_200611.json,MASc PG 6 blocks,mip,highs,1800.0,1,2,13,1,9,-20547.96290000001,ok,optimal,
pg_6_sub14_lock1_mip_20260301_200611.json,MASc PG 6 blocks,mip,highs,1800.0,2,3,12,1,8,-24495.962900000006,ok,optimal,
pg_6_sub14_lock1_mip_20260301_200611.json,MASc PG 6 blocks,mip,highs,1800.0,3,4,11,1,11,-28443.962900000006,ok,optimal,
pg_6_sub14_lock1_mip_20260301_200611.json,MASc PG 6 blocks,mip,highs,1800.0,4,5,10,1,8,-32391.962900000006,ok,optimal,
pg_6_sub14_lock1_mip_20260301_200611.json,MASc PG 6 blocks,mip,highs,1800.0,5,6,9,1,10,-36339.96289999767,ok,optimal,
pg_6_sub14_lock1_mip_20260301_200611.json,MASc PG 6 blocks,mip,highs,1800.0,6,7,8,1,8,-40287.962900000006,ok,optimal,
pg_6_sub14_lock1_mip_20260301_200611.json,MASc PG 6 blocks,mip,highs,1800.0,7,8,7,1,7,-44235.962900000006,ok,optimal,
pg_6_sub14_lock1_mip_20260301_200611.json,MASc PG 6 blocks,mip,highs,1800.0,8,9,6,1,10,-48183.962900000006,ok,optimal,
pg_6_sub14_lock1_mip_20260301_200611.json,MASc PG 6 blocks,mip,highs,1800.0,9,10,5,1,8,-52131.962900000006,ok,optimal,
pg_6_sub14_lock1_mip_20260301_200611.json,MASc PG 6 blocks,mip,highs,1800.0,10,11,4,1,9,-56079.962899999984,ok,optimal,
pg_6_sub14_lock1_mip_20260301_200611.json,MASc PG 6 blocks,mip,highs,1800.0,11,12,3,1,7,-60027.96289999962,ok,optimal,
pg_6_sub14_lock1_mip_20260301_200611.json,MASc PG 6 blocks,mip,highs,1800.0,12,13,2,1,5,-63975.9629,ok,optimal,
pg_6_sub14_lock1_mip_20260301_200611.json,MASc PG 6 blocks,mip,highs,1800.0,13,14,1,1,0,-67923.9629,ok,optimal,
ka_18_sub28_lock7_mip_20260305_010440.json,MASc KA 18 blocks,mip,highs,600.0,0,1,28,7,0,,aborted,maxTimeLimit,600.0
ka_18_sub28_lock7_mip_20260305_010440.json,MASc KA 18 blocks,mip,highs,600.0,1,8,21,7,0,,aborted,maxTimeLimit,600.0
ka_18_sub28_lock7_mip_20260305_010440.json,MASc KA 18 blocks,mip,highs,600.0,2,15,14,7,0,,aborted,maxTimeLimit,600.0
ka_18_sub28_lock7_mip_20260305_010440.json,MASc KA 18 blocks,mip,highs,600.0,3,22,7,7,0,,aborted,maxTimeLimit,600.0
ka_18_sub14_lock7_sa_20260305_010336.json,MASc KA 18 blocks,sa,,,0,1,14,7,185,-38040.31172300002,,,
ka_18_sub14_lock7_sa_20260305_010336.json,MASc KA 18 blocks,sa,,,1,8,7,7,176,-71051.35281899999,,,
pg_6_sub28_lock1_mip_20260301_221329.json,MASc PG 6 blocks,mip,highs,1800.0,0,1,28,1,0,,aborted,maxTimeLimit,1800.0
pg_6_sub28_lock1_mip_20260301_221329.json,MASc PG 6 blocks,mip,highs,1800.0,1,2,27,1,0,,aborted,maxTimeLimit,1800.0
pg_6_sub28_lock1_mip_20260301_221329.json,MASc PG 6 blocks,mip,highs,1800.0,2,3,26,1,0,,aborted,maxTimeLimit,1800.0
pg_6_sub28_lock1_mip_20260301_221329.json,MASc PG 6 blocks,mip,highs,1800.0,3,4,25,1,0,,aborted,maxTimeLimit,1800.0
pg_6_sub28_lock1_mip_20260301_221329.json,MASc PG 6 blocks,mip,highs,1800.0,4,5,24,1,0,,aborted,maxTimeLimit,1800.0
pg_6_sub28_lock1_mip_20260301_221329.json,MASc PG 6 blocks,mip,highs,1800.0,5,6,23,1,0,,aborted,maxTimeLimit,1800.0
pg_6_sub28_lock1_mip_20260301_221329.json,MASc PG 6 blocks,mip,highs,1800.0,6,7,22,1,0,,aborted,maxTimeLimit,1800.0
pg_6_sub28_lock1_mip_20260301_221329.json,MASc PG 6 blocks,mip,highs,1800.0,7,8,21,1,0,,aborted,maxTimeLimit,1800.0
pg_6_sub28_lock1_mip_20260301_221329.json,MASc PG 6 blocks,mip,highs,1800.0,8,9,20,1,0,,aborted,maxTimeLimit,1800.0
pg_6_sub28_lock1_mip_20260301_221329.json,MASc PG 6 blocks,mip,highs,1800.0,9,10,19,1,0,,aborted,maxTimeLimit,1800.0
pg_6_sub28_lock1_mip_20260301_221329.json,MASc PG 6 blocks,mip,highs,1800.0,10,11,18,1,0,,aborted,maxTimeLimit,1800.0
pg_6_sub28_lock1_mip_20260301_221329.json,MASc PG 6 blocks,mip,highs,1800.0,11,12,17,1,0,,aborted,maxTimeLimit,1800.0
pg_6_sub28_lock1_mip_20260301_221329.json,MASc PG 6 blocks,mip,highs,1800.0,12,13,16,1,0,,aborted,maxTimeLimit,1800.0
pg_6_sub28_lock1_mip_20260301_221329.json,MASc PG 6 blocks,mip,highs,1800.0,13,14,15,1,0,,aborted,maxTimeLimit,1800.0
pg_6_sub28_lock1_mip_20260301_221329.json,MASc PG 6 blocks,mip,highs,1800.0,14,15,14,1,0,,aborted,maxTimeLimit,1800.0
pg_6_sub28_lock1_mip_20260301_221329.json,MASc PG 6 blocks,mip,highs,1800.0,15,16,13,1,9,-20547.96290000001,ok,optimal,
pg_6_sub28_lock1_mip_20260301_221329.json,MASc PG 6 blocks,mip,highs,1800.0,16,17,12,1,8,-24495.962900000006,ok,optimal,
pg_6_sub28_lock1_mip_20260301_221329.json,MASc PG 6 blocks,mip,highs,1800.0,17,18,11,1,11,-28443.962900000006,ok,optimal,
pg_6_sub28_lock1_mip_20260301_221329.json,MASc PG 6 blocks,mip,highs,1800.0,18,19,10,1,8,-32391.962900000006,ok,optimal,
pg_6_sub28_lock1_mip_20260301_221329.json,MASc PG 6 blocks,mip,highs,1800.0,19,20,9,1,10,-36339.96289999767,ok,optimal,
pg_6_sub28_lock1_mip_20260301_221329.json,MASc PG 6 blocks,mip,highs,1800.0,20,21,8,1,8,-40287.962900000006,ok,optimal,
pg_6_sub28_lock1_mip_20260301_221329.json,MASc PG 6 blocks,mip,highs,1800.0,21,22,7,1,7,-44235.962900000006,ok,optimal,
pg_6_sub28_lock1_mip_20260301_221329.json,MASc PG 6 blocks,mip,highs,1800.0,22,23,6,1,10,-48183.962900000006,ok,optimal,
pg_6_sub28_lock1_mip_20260301_221329.json,MASc PG 6 blocks,mip,highs,1800.0,23,24,5,1,8,-52131.962900000006,ok,optimal,
pg_6_sub28_lock1_mip_20260301_221329.json,MASc PG 6 blocks,mip,highs,1800.0,24,25,4,1,9,-56079.962899999984,ok,optimal,
pg_6_sub28_lock1_mip_20260301_221329.json,MASc PG 6 blocks,mip,highs,1800.0,25,26,3,1,7,-60027.96289999962,ok,optimal,
pg_6_sub28_lock1_mip_20260301_221329.json,MASc PG 6 blocks,mip,highs,1800.0,26,27,2,1,5,-63975.9629,ok,optimal,
pg_6_sub28_lock1_mip_20260301_221329.json,MASc PG 6 blocks,mip,highs,1800.0,27,28,1,1,0,-67923.9629,ok,optimal,
ni_40_sub28_lock7_mip_20260305_161529.json,MASc NI 40 blocks,mip,highs,600.0,0,1,28,7,0,,aborted,maxTimeLimit,600.0
ni_40_sub28_lock7_mip_20260305_161529.json,MASc NI 40 blocks,mip,highs,600.0,1,8,21,7,0,,aborted,maxTimeLimit,600.0
ni_40_sub28_lock7_mip_20260305_161529.json,MASc NI 40 blocks,mip,highs,600.0,2,15,14,7,0,,aborted,maxTimeLimit,600.0
ni_40_sub28_lock7_mip_20260305_161529.json,MASc NI 40 blocks,mip,highs,600.0,3,22,7,7,0,,aborted,maxTimeLimit,600.0
ni_6_sub56_lock1_sa_20260304_124046.json,MASc NI 6 blocks,sa,,,0,1,56,1,6,-136794.643701,,,
ni_6_sub56_lock1_sa_20260304_124046.json,MASc NI 6 blocks,sa,,,1,2,55,1,6,-156058.643701,,,
ni_6_sub56_lock1_sa_20260304_124046.json,MASc NI 6 blocks,sa,,,2,3,54,1,6,-148374.643701,,,
ni_6_sub56_lock1_sa_20260304_124046.json,MASc NI 6 blocks,sa,,,3,4,53,1,6,-171006.643701,,,
ni_6_sub56_lock1_sa_20260304_124046.json,MASc NI 6 blocks,sa,,,4,5,52,1,6,-152270.643701,,,
ni_6_sub56_lock1_sa_20260304_124046.json,MASc NI 6 blocks,sa,,,5,6,51,1,6,-160218.643701,,,
ni_6_sub56_lock1_sa_20260304_124046.json,MASc NI 6 blocks,sa,,,6,7,50,1,6,-159166.643701,,,
ni_6_sub56_lock1_sa_20260304_124046.json,MASc NI 6 blocks,sa,,,7,8,49,1,6,-225114.643701,,,
ni_6_sub56_lock1_sa_20260304_124046.json,MASc NI 6 blocks,sa,,,8,9,48,1,6,-161694.643701,,,
ni_6_sub56_lock1_sa_20260304_124046.json,MASc NI 6 blocks,sa,,,9,10,47,1,6,-165010.643701,,,
ni_6_sub56_lock1_sa_20260304_124046.json,MASc NI 6 blocks,sa,,,10,11,46,1,6,-169642.643701,,,
ni_6_sub56_lock1_sa_20260304_124046.json,MASc NI 6 blocks,sa,,,11,12,45,1,6,-171906.643701,,,
ni_6_sub56_lock1_sa_20260304_124046.json,MASc NI 6 blocks,sa,,,12,13,44,1,6,-181854.643701,,,
ni_6_sub56_lock1_sa_20260304_124046.json,MASc NI 6 blocks,sa,,,13,14,43,1,6,-181486.643701,,,
ni_6_sub56_lock1_sa_20260304_124046.json,MASc NI 6 blocks,sa,,,14,15,42,1,6,-179750.643701,,,
ni_6_sub56_lock1_sa_20260304_124046.json,MASc NI 6 blocks,sa,,,15,16,41,1,6,-187698.643701,,,
ni_6_sub56_lock1_sa_20260304_124046.json,MASc NI 6 blocks,sa,,,16,17,40,1,6,-183330.643701,,,
ni_6_sub56_lock1_sa_20260304_124046.json,MASc NI 6 blocks,sa,,,17,18,39,1,6,-191962.643701,,,
ni_6_sub56_lock1_sa_20260304_124046.json,MASc NI 6 blocks,sa,,,18,19,38,1,6,-187542.643701,,,
ni_6_sub56_lock1_sa_20260304_124046.json,MASc NI 6 blocks,sa,,,19,20,37,1,6,-198858.643701,,,
ni_6_sub56_lock1_sa_20260304_124046.json,MASc NI 6 blocks,sa,,,20,21,36,1,6,-200438.643701,,,
ni_6_sub56_lock1_sa_20260304_124046.json,MASc NI 6 blocks,sa,,,21,22,35,1,6,-204386.643701,,,
ni_6_sub56_lock1_sa_20260304_124046.json,MASc NI 6 blocks,sa,,,22,23,34,1,6,-207650.64370099996,,,
ni_6_sub56_lock1_sa_20260304_124046.json,MASc NI 6 blocks,sa,,,23,24,33,1,6,-207282.64370099996,,,
ni_6_sub56_lock1_sa_20260304_124046.json,MASc NI 6 blocks,sa,,,24,25,32,1,6,-213546.64370099996,,,
ni_6_sub56_lock1_sa_20260304_124046.json,MASc NI 6 blocks,sa,,,25,26,31,1,6,-215546.64370099996,,,
ni_6_sub56_lock1_sa_20260304_124046.json,MASc NI 6 blocks,sa,,,26,27,30,1,6,-221442.64370099996,,,
ni_6_sub56_lock1_sa_20260304_124046.json,MASc NI 6 blocks,sa,,,27,28,29,1,6,-225390.64370099996,,,
ni_6_sub56_lock1_sa_20260304_124046.json,MASc NI 6 blocks,sa,,,28,29,28,1,6,-227022.64370099996,,,
ni_6_sub56_lock1_sa_20260304_124046.json,MASc NI 6 blocks,sa,,,29,30,27,1,6,-230970.64370099996,,,
ni_6_sub56_lock1_sa_20260304_124046.json,MASc NI 6 blocks,sa,,,30,31,26,1,6,-233602.64370099996,,,
ni_6_sub56_lock1_sa_20260304_124046.json,MASc NI 6 blocks,sa,,,31,32,25,1,6,-240182.64370099996,,,
ni_6_sub56_lock1_sa_20260304_124046.json,MASc NI 6 blocks,sa,,,32,33,24,1,6,-244814.64370099996,,,
ni_6_sub56_lock1_sa_20260304_124046.json,MASc NI 6 blocks,sa,,,33,34,23,1,6,-246762.64370099996,,,
ni_6_sub56_lock1_sa_20260304_124046.json,MASc NI 6 blocks,sa,,,34,35,22,1,6,-250710.64370099996,,,
ni_6_sub56_lock1_sa_20260304_124046.json,MASc NI 6 blocks,sa,,,35,36,21,1,6,-255658.64370099996,,,
ni_6_sub56_lock1_sa_20260304_124046.json,MASc NI 6 blocks,sa,,,36,37,20,1,6,-258606.64370099996,,,
ni_6_sub56_lock1_sa_20260304_124046.json,MASc NI 6 blocks,sa,,,37,38,19,1,6,-262554.64370099996,,,
ni_6_sub56_lock1_sa_20260304_124046.json,MASc NI 6 blocks,sa,,,38,39,18,1,6,-266502.64370099996,,,
ni_6_sub56_lock1_sa_20260304_124046.json,MASc NI 6 blocks,sa,,,39,40,17,1,6,-270450.64370099996,,,
ni_6_sub56_lock1_sa_20260304_124046.json,MASc NI 6 blocks,sa,,,40,41,16,1,6,-274398.64370099996,,,
ni_6_sub56_lock1_sa_20260304_124046.json,MASc NI 6 blocks,sa,,,41,42,15,1,6,-277030.64370099996,,,
ni_6_sub56_lock1_sa_20260304_124046.json,MASc NI 6 blocks,sa,,,42,43,14,1,6,-280978.64370099996,,,
ni_6_sub56_lock1_sa_20260304_124046.json,MASc NI 6 blocks,sa,,,43,44,13,1,6,-285926.64370099996,,,
ni_6_sub56_lock1_sa_20260304_124046.json,MASc NI 6 blocks,sa,,,44,45,12,1,6,-289874.64370099996,,,
ni_6_sub56_lock1_sa_20260304_124046.json,MASc NI 6 blocks,sa,,,45,46,11,1,6,-295454.64370099996,,,
ni_6_sub56_lock1_sa_20260304_124046.json,MASc NI 6 blocks,sa,,,46,47,10,1,6,-297770.64370099996,,,
ni_6_sub56_lock1_sa_20260304_124046.json,MASc NI 6 blocks,sa,,,47,48,9,1,6,-300402.64370099996,,,
ni_6_sub56_lock1_sa_20260304_124046.json,MASc NI 6 blocks,sa,,,48,49,8,1,6,-303350.64370099996,,,
ni_6_sub56_lock1_sa_20260304_124046.json,MASc NI 6 blocks,sa,,,49,50,7,1,6,-308614.64370099996,,,
ni_6_sub56_lock1_sa_20260304_124046.json,MASc NI 6 blocks,sa,,,50,51,6,1,6,-311246.64370099996,,,
ni_6_sub56_lock1_sa_20260304_124046.json,MASc NI 6 blocks,sa,,,51,52,5,1,6,-317510.64370099996,,,
ni_6_sub56_lock1_sa_20260304_124046.json,MASc NI 6 blocks,sa,,,52,53,4,1,6,-319142.64370099996,,,
ni_6_sub56_lock1_sa_20260304_124046.json,MASc NI 6 blocks,sa,,,53,54,3,1,6,-323090.64370099996,,,
ni_6_sub56_lock1_sa_20260304_124046.json,MASc NI 6 blocks,sa,,,54,55,2,1,6,-323090.64370099996,,,
ni_6_sub56_lock1_sa_20260304_124046.json,MASc NI 6 blocks,sa,,,55,56,1,1,6,-323090.64370099996,,,
ni_18_sub56_lock7_sa_20260305_151951.json,MASc NI 18 blocks,sa,,,0,1,56,7,157,-454314.04554800014,,,
ni_18_sub56_lock7_sa_20260305_151951.json,MASc NI 18 blocks,sa,,,1,8,49,7,162,-420512.4707940001,,,
ni_18_sub56_lock7_sa_20260305_151951.json,MASc NI 18 blocks,sa,,,2,15,42,7,157,-455204.4707940001,,,
ni_18_sub56_lock7_sa_20260305_151951.json,MASc NI 18 blocks,sa,,,3,22,35,7,159,-505192.58617399994,,,
ni_18_sub56_lock7_sa_20260305_151951.json,MASc NI 18 blocks,sa,,,4,29,28,7,157,-560148.5861739999,,,
ni_18_sub56_lock7_sa_20260305_151951.json,MASc NI 18 blocks,sa,,,5,36,21,7,163,-598580.5861739999,,,
ni_18_sub56_lock7_sa_20260305_151951.json,MASc NI 18 blocks,sa,,,6,43,14,7,163,-665064.5861739999,,,
ni_18_sub56_lock7_sa_20260305_151951.json,MASc NI 18 blocks,sa,,,7,50,7,7,176,-723255.886696,,,
ni_6_sub56_lock1_mip_20260304_124046.json,MASc NI 6 blocks,mip,highs,1800.0,0,1,56,1,0,,aborted,maxTimeLimit,1800.0
ni_6_sub56_lock1_mip_20260304_124046.json,MASc NI 6 blocks,mip,highs,1800.0,1,2,55,1,0,,aborted,maxTimeLimit,1800.0
ni_6_sub56_lock1_mip_20260304_124046.json,MASc NI 6 blocks,mip,highs,1800.0,2,3,54,1,0,,aborted,maxTimeLimit,1800.0
ni_6_sub56_lock1_mip_20260304_124046.json,MASc NI 6 blocks,mip,highs,1800.0,3,4,53,1,0,,aborted,maxTimeLimit,1800.0
ni_6_sub56_lock1_mip_20260304_124046.json,MASc NI 6 blocks,mip,highs,1800.0,4,5,52,1,0,,aborted,maxTimeLimit,1800.0
ni_6_sub56_lock1_mip_20260304_124046.json,MASc NI 6 blocks,mip,highs,1800.0,5,6,51,1,0,,aborted,maxTimeLimit,1800.0
ni_6_sub56_lock1_mip_20260304_124046.json,MASc NI 6 blocks,mip,highs,1800.0,6,7,50,1,0,,aborted,maxTimeLimit,1800.0
ni_6_sub56_lock1_mip_20260304_124046.json,MASc NI 6 blocks,mip,highs,1800.0,7,8,49,1,0,,aborted,maxTimeLimit,1800.0
ni_6_sub56_lock1_mip_20260304_124046.json,MASc NI 6 blocks,mip,highs,1800.0,8,9,48,1,0,,aborted,maxTimeLimit,1800.0
ni_6_sub56_lock1_mip_20260304_124046.json,MASc NI 6 blocks,mip,highs,1800.0,9,10,47,1,0,,aborted,maxTimeLimit,1800.0
ni_6_sub56_lock1_mip_20260304_124046.json,MASc NI 6 blocks,mip,highs,1800.0,10,11,46,1,0,,aborted,maxTimeLimit,1800.0
ni_6_sub56_lock1_mip_20260304_124046.json,MASc NI 6 blocks,mip,highs,1800.0,11,12,45,1,0,,aborted,maxTimeLimit,1800.0
ni_6_sub56_lock1_mip_20260304_124046.json,MASc NI 6 blocks,mip,highs,1800.0,12,13,44,1,0,,aborted,maxTimeLimit,1800.0
ni_6_sub56_lock1_mip_20260304_124046.json,MASc NI 6 blocks,mip,highs,1800.0,13,14,43,1,0,,aborted,maxTimeLimit,1800.0
ni_6_sub56_lock1_mip_20260304_124046.json,MASc NI 6 blocks,mip,highs,1800.0,14,15,42,1,0,,aborted,maxTimeLimit,1800.0
ni_6_sub56_lock1_mip_20260304_124046.json,MASc NI 6 blocks,mip,highs,1800.0,15,16,41,1,0,,aborted,maxTimeLimit,1800.0
ni_6_sub56_lock1_mip_20260304_124046.json,MASc NI 6 blocks,mip,highs,1800.0,16,17,40,1,0,,aborted,maxTimeLimit,1800.0
ni_6_sub56_lock1_mip_20260304_124046.json,MASc NI 6 blocks,mip,highs,1800.0,17,18,39,1,0,,aborted,maxTimeLimit,1800.0
ni_6_sub56_lock1_mip_20260304_124046.json,MASc NI 6 blocks,mip,highs,1800.0,18,19,38,1,0,,aborted,maxTimeLimit,1800.0
ni_6_sub56_lock1_mip_20260304_124046.json,MASc NI 6 blocks,mip,highs,1800.0,19,20,37,1,0,,aborted,maxTimeLimit,1800.0
ni_6_sub56_lock1_mip_20260304_124046.json,MASc NI 6 blocks,mip,highs,1800.0,20,21,36,1,0,,aborted,maxTimeLimit,1800.0
ni_6_sub56_lock1_mip_20260304_124046.json,MASc NI 6 blocks,mip,highs,1800.0,21,22,35,1,0,,aborted,maxTimeLimit,1800.0
ni_6_sub56_lock1_mip_20260304_124046.json,MASc NI 6 blocks,mip,highs,1800.0,22,23,34,1,0,,aborted,maxTimeLimit,1800.0
ni_6_sub56_lock1_mip_20260304_124046.json,MASc NI 6 blocks,mip,highs,1800.0,23,24,33,1,0,,aborted,maxTimeLimit,1800.0
ni_6_sub56_lock1_mip_20260304_124046.json,MASc NI 6 blocks,mip,highs,1800.0,24,25,32,1,0,,aborted,maxTimeLimit,1800.0
ni_6_sub56_lock1_mip_20260304_124046.json,MASc NI 6 blocks,mip,highs,1800.0,25,26,31,1,0,,aborted,maxTimeLimit,1800.0
ni_6_sub56_lock1_mip_20260304_124046.json,MASc NI 6 blocks,mip,highs,1800.0,26,27,30,1,0,,aborted,maxTimeLimit,1800.0
ni_6_sub56_lock1_mip_20260304_124046.json,MASc NI 6 blocks,mip,highs,1800.0,27,28,29,1,0,,aborted,maxTimeLimit,1800.0
ni_6_sub56_lock1_mip_20260304_124046.json,MASc NI 6 blocks,mip,highs,1800.0,28,29,28,1,0,,aborted,maxTimeLimit,1800.0
ni_6_sub56_lock1_mip_20260304_124046.json,MASc NI 6 blocks,mip,highs,1800.0,29,30,27,1,0,,aborted,maxTimeLimit,1800.0
ni_6_sub56_lock1_mip_20260304_124046.json,MASc NI 6 blocks,mip,highs,1800.0,30,31,26,1,0,,aborted,maxTimeLimit,1800.0
ni_6_sub56_lock1_mip_20260304_124046.json,MASc NI 6 blocks,mip,highs,1800.0,31,32,25,1,0,,aborted,maxTimeLimit,1800.0
ni_6_sub56_lock1_mip_20260304_124046.json,MASc NI 6 blocks,mip,highs,1800.0,32,33,24,1,9,-232286.64370099996,ok,optimal,
ni_6_sub56_lock1_mip_20260304_124046.json,MASc NI 6 blocks,mip,highs,1800.0,33,34,23,1,0,,aborted,maxTimeLimit,1800.0
ni_6_sub56_lock1_mip_20260304_124046.json,MASc NI 6 blocks,mip,highs,1800.0,34,35,22,1,11,-240182.64370100037,ok,optimal,
ni_6_sub56_lock1_mip_20260304_124046.json,MASc NI 6 blocks,mip,highs,1800.0,35,36,21,1,0,,aborted,maxTimeLimit,1800.0
ni_6_sub56_lock1_mip_20260304_124046.json,MASc NI 6 blocks,mip,highs,1800.0,36,37,20,1,0,,aborted,maxTimeLimit,1800.0
ni_6_sub56_lock1_mip_20260304_124046.json,MASc NI 6 blocks,mip,highs,1800.0,37,38,19,1,0,,aborted,maxTimeLimit,1800.0
ni_6_sub56_lock1_mip_20260304_124046.json,MASc NI 6 blocks,mip,highs,1800.0,38,39,18,1,10,-255979.17248899996,ok,optimal,
ni_6_sub56_lock1_mip_20260304_124046.json,MASc NI 6 blocks,mip,highs,1800.0,39,40,17,1,9,-259946.08369300026,ok,optimal,
ni_6_sub56_lock1_mip_20260304_124046.json,MASc NI 6 blocks,mip,highs,1800.0,40,41,16,1,8,-263870.6437010002,ok,optimal,
ni_6_sub56_lock1_mip_20260304_124046.json,MASc NI 6 blocks,mip,highs,1800.0,41,42,15,1,9,-267818.64370099996,ok,optimal,
ni_6_sub56_lock1_mip_20260304_124046.json,MASc NI 6 blocks,mip,highs,1800.0,42,43,14,1,8,-271766.64370099996,ok,optimal,
ni_6_sub56_lock1_mip_20260304_124046.json,MASc NI 6 blocks,mip,highs,1800.0,43,44,13,1,9,-275714.64370099996,ok,optimal,
ni_6_sub56_lock1_mip_20260304_124046.json,MASc NI 6 blocks,mip,highs,1800.0,44,45,12,1,9,-279662.64370099996,ok,optimal,
ni_6_sub56_lock1_mip_20260304_124046.json,MASc NI 6 blocks,mip,highs,1800.0,45,46,11,1,8,-283610.64370099996,ok,optimal,
ni_6_sub56_lock1_mip_20260304_124046.json,MASc NI 6 blocks,mip,highs,1800.0,46,47,10,1,9,-287558.64370099996,ok,optimal,
ni_6_sub56_lock1_mip_20260304_124046.json,MASc NI 6 blocks,mip,highs,1800.0,47,48,9,1,8,-291506.64370099996,ok,optimal,
ni_6_sub56_lock1_mip_20260304_124046.json,MASc NI 6 blocks,mip,highs,1800.0,48,49,8,1,9,-295454.64370099996,ok,optimal,
ni_6_sub56_lock1_mip_20260304_124046.json,MASc NI 6 blocks,mip,highs,1800.0,49,50,7,1,8,-299402.6437009998,ok,optimal,
ni_6_sub56_lock1_mip_20260304_124046.json,MASc NI 6 blocks,mip,highs,1800.0,50,51,6,1,9,-303350.64370099996,ok,optimal,
ni_6_sub56_lock1_mip_20260304_124046.json,MASc NI 6 blocks,mip,highs,1800.0,51,52,5,1,8,-307298.64370099996,ok,optimal,
ni_6_sub56_lock1_mip_20260304_124046.json,MASc NI 6 blocks,mip,highs,1800.0,52,53,4,1,8,-311246.64370099996,ok,optimal,
ni_6_sub56_lock1_mip_20260304_124046.json,MASc NI 6 blocks,mip,highs,1800.0,53,54,3,1,7,-315194.64370099996,ok,optimal,
ni_6_sub56_lock1_mip_20260304_124046.json,MASc NI 6 blocks,mip,highs,1800.0,54,55,2,1,8,-319142.64370099996,ok,optimal,
ni_6_sub56_lock1_mip_20260304_124046.json,MASc NI 6 blocks,mip,highs,1800.0,55,56,1,1,0,-323090.64370099996,ok,optimal,
ni_18_sub56_lock7_mip_20260305_134841.json,MASc NI 18 blocks,mip,highs,600.0,0,1,56,7,0,,aborted,maxTimeLimit,600.0
ni_18_sub56_lock7_mip_20260305_134841.json,MASc NI 18 blocks,mip,highs,600.0,1,8,49,7,0,,aborted,maxTimeLimit,600.0
ni_18_sub56_lock7_mip_20260305_134841.json,MASc NI 18 blocks,mip,highs,600.0,2,15,42,7,0,,aborted,maxTimeLimit,600.0
ni_18_sub56_lock7_mip_20260305_134841.json,MASc NI 18 blocks,mip,highs,600.0,3,22,35,7,0,,aborted,maxTimeLimit,600.0
ni_18_sub56_lock7_mip_20260305_134841.json,MASc NI 18 blocks,mip,highs,600.0,4,29,28,7,0,,aborted,maxTimeLimit,600.0
ni_18_sub56_lock7_mip_20260305_134841.json,MASc NI 18 blocks,mip,highs,600.0,5,36,21,7,0,,aborted,maxTimeLimit,600.0
ni_18_sub56_lock7_mip_20260305_134841.json,MASc NI 18 blocks,mip,highs,600.0,6,43,14,7,0,,aborted,maxTimeLimit,600.0
ni_18_sub56_lock7_mip_20260305_134841.json,MASc NI 18 blocks,mip,highs,600.0,7,50,7,7,0,,aborted,maxTimeLimit,600.0
ka_6_sub28_lock7_sa_20260304_234243.json,MASc KA 6 blocks,sa,,,0,1,28,7,96,7847.597830999988,,,
ka_6_sub28_lock7_sa_20260304_234243.json,MASc KA 6 blocks,sa,,,1,8,21,7,88,5410.3652829999955,,,
ka_6_sub28_lock7_sa_20260304_234243.json,MASc KA 6 blocks,sa,,,2,15,14,7,89,-3381.355594999999,,,
ka_6_sub28_lock7_sa_20260304_234243.json,MASc KA 6 blocks,sa,,,3,22,7,7,94,-25437.355595,,,
pg_6_sub14_lock7_sa_20260305_224512.json,MASc PG 6 blocks,sa,,,0,1,14,7,103,-28970.670106,,,
pg_6_sub14_lock7_sa_20260305_224512.json,MASc PG 6 blocks,sa,,,1,8,7,7,104,-53447.962900000006,,,
pg_18_sub28_lock1_sa_20260305_101049.json,MASc PG 18 blocks,sa,,,0,1,28,1,9,-360643.851046,,,
pg_18_sub28_lock1_sa_20260305_101049.json,MASc PG 18 blocks,sa,,,1,2,27,1,9,-352835.109482,,,
pg_18_sub28_lock1_sa_20260305_101049.json,MASc PG 18 blocks,sa,,,2,3,26,1,9,-368645.77330400003,,,
pg_18_sub28_lock1_sa_20260305_101049.json,MASc PG 18 blocks,sa,,,3,4,25,1,9,-383312.983972,,,
pg_18_sub28_lock1_sa_20260305_101049.json,MASc PG 18 blocks,sa,,,4,5,24,1,9,-383944.983972,,,
pg_18_sub28_lock1_sa_20260305_101049.json,MASc PG 18 blocks,sa,,,5,6,23,1,9,-386892.983972,,,
pg_18_sub28_lock1_sa_20260305_101049.json,MASc PG 18 blocks,sa,,,6,7,22,1,9,-396377.842836,,,
pg_18_sub28_lock1_sa_20260305_101049.json,MASc PG 18 blocks,sa,,,7,8,21,1,9,-406177.77330400003,,,
pg_18_sub28_lock1_sa_20260305_101049.json,MASc PG 18 blocks,sa,,,8,9,20,1,9,-419266.276766,,,
pg_18_sub28_lock1_sa_20260305_101049.json,MASc PG 18 blocks,sa,,,9,10,19,1,9,-422582.90623,,,
pg_18_sub28_lock1_sa_20260305_101049.json,MASc PG 18 blocks,sa,,,10,11,18,1,9,-435522.975762,,,
pg_18_sub28_lock1_sa_20260305_101049.json,MASc PG 18 blocks,sa,,,11,12,17,1,9,-441261.053504,,,
pg_18_sub28_lock1_sa_20260305_101049.json,MASc PG 18 blocks,sa,,,12,13,16,1,9,-447543.92057799996,,,
pg_18_sub28_lock1_sa_20260305_101049.json,MASc PG 18 blocks,sa,,,13,14,15,1,9,-460809.21337199997,,,
pg_18_sub28_lock1_sa_20260305_101049.json,MASc PG 18 blocks,sa,,,14,15,14,1,9,-468484.983972,,,
pg_18_sub28_lock1_sa_20260305_101049.json,MASc PG 18 blocks,sa,,,15,16,13,1,9,-477696.983972,,,
pg_18_sub28_lock1_sa_20260305_101049.json,MASc PG 18 blocks,sa,,,16,17,12,1,9,-484592.19902400003,,,
pg_18_sub28_lock1_sa_20260305_101049.json,MASc PG 18 blocks,sa,,,17,18,11,1,9,-487953.053504,,,
pg_18_sub28_lock1_sa_20260305_101049.json,MASc PG 18 blocks,sa,,,18,19,10,1,9,-495533.053504,,,
pg_18_sub28_lock1_sa_20260305_101049.json,MASc PG 18 blocks,sa,,,19,20,9,1,9,-505850.34629799996,,,
pg_18_sub28_lock1_sa_20260305_101049.json,MASc PG 18 blocks,sa,,,20,21,8,1,9,-514228.983972,,,
pg_18_sub28_lock1_sa_20260305_101049.json,MASc PG 18 blocks,sa,,,21,22,7,1,9,-524862.276766,,,
pg_18_sub28_lock1_sa_20260305_101049.json,MASc PG 18 blocks,sa,,,22,23,6,1,9,-536390.276766,,,
pg_18_sub28_lock1_sa_20260305_101049.json,MASc PG 18 blocks,sa,,,23,24,5,1,9,-541970.276766,,,
pg_18_sub28_lock1_sa_20260305_101049.json,MASc PG 18 blocks,sa,,,24,25,4,1,9,-550866.276766,,,
pg_18_sub28_lock1_sa_20260305_101049.json,MASc PG 18 blocks,sa,,,25,26,3,1,9,-557762.276766,,,
pg_18_sub28_lock1_sa_20260305_101049.json,MASc PG 18 blocks,sa,,,26,27,2,1,9,-557762.276766,,,
pg_18_sub28_lock1_sa_20260305_101049.json,MASc PG 18 blocks,sa,,,27,28,1,1,9,-557762.276766,,,
pg_18_sub14_lock7_mip_20260306_003620.json,MASc PG 18 blocks,mip,highs,600.0,0,1,14,7,0,,aborted,maxTimeLimit,600.0
pg_18_sub14_lock7_mip_20260306_003620.json,MASc PG 18 blocks,mip,highs,600.0,1,8,7,7,0,,aborted,maxTimeLimit,600.0
ka_6_sub14_lock14_mip_20260305_012750.json,MASc KA 6 blocks,mip,highs,1800.0,0,1,14,14,0,,aborted,maxTimeLimit,1800.0
ni_6_sub28_lock7_mip_20260304_105817.json,MASc NI 6 blocks,mip,highs,1800.0,0,1,28,7,0,,aborted,maxTimeLimit,1800.0
ni_6_sub28_lock7_mip_20260304_105817.json,MASc NI 6 blocks,mip,highs,1800.0,1,8,21,7,0,,aborted,maxTimeLimit,1800.0
ni_6_sub28_lock7_mip_20260304_105817.json,MASc NI 6 blocks,mip,highs,1800.0,2,15,14,7,84,-271766.64370099996,ok,optimal,
ni_6_sub28_lock7_mip_20260304_105817.json,MASc NI 6 blocks,mip,highs,1800.0,3,22,7,7,86,-299402.6437009998,ok,optimal,
pg_6_sub112_lock14_sa_20260304_233818.json,MASc PG 6 blocks,sa,,,0,1,112,14,220,59923.962899999984,,,
pg_6_sub112_lock14_sa_20260304_233818.json,MASc PG 6 blocks,sa,,,1,15,98,14,222,54923.96289999997,,,
pg_6_sub112_lock14_sa_20260304_233818.json,MASc PG 6 blocks,sa,,,2,29,84,14,222,57923.96289999997,,,
pg_6_sub112_lock14_sa_20260304_233818.json,MASc PG 6 blocks,sa,,,3,43,70,14,222,54923.96289999997,,,
pg_6_sub112_lock14_sa_20260304_233818.json,MASc PG 6 blocks,sa,,,4,57,56,14,222,56923.96289999997,,,
pg_6_sub112_lock14_sa_20260304_233818.json,MASc PG 6 blocks,sa,,,5,71,42,14,220,39656.602227999974,,,
pg_6_sub112_lock14_sa_20260304_233818.json,MASc PG 6 blocks,sa,,,6,85,28,14,219,11413.260361999997,,,
pg_6_sub112_lock14_sa_20260304_233818.json,MASc PG 6 blocks,sa,,,7,99,14,14,220,-27654.670106,,,
pg_6_sub112_lock1_mip_20260303_113809.json,MASc PG 6 blocks,mip,highs,1800.0,0,1,112,1,8,67923.96290000001,ok,optimal,
pg_6_sub112_lock1_mip_20260303_113809.json,MASc PG 6 blocks,mip,highs,1800.0,1,2,111,1,5,67923.9629,ok,optimal,
pg_6_sub112_lock1_mip_20260303_113809.json,MASc PG 6 blocks,mip,highs,1800.0,2,3,110,1,6,67923.9629,ok,optimal,
pg_6_sub112_lock1_mip_20260303_113809.json,MASc PG 6 blocks,mip,highs,1800.0,3,4,109,1,7,67923.9629,ok,optimal,
pg_6_sub112_lock1_mip_20260303_113809.json,MASc PG 6 blocks,mip,highs,1800.0,4,5,108,1,5,67923.9629,ok,optimal,
pg_6_sub112_lock1_mip_20260303_113809.json,MASc PG 6 blocks,mip,highs,1800.0,5,6,107,1,6,67923.9629,ok,optimal,
pg_6_sub112_lock1_mip_20260303_113809.json,MASc PG 6 blocks,mip,highs,1800.0,6,7,106,1,6,67923.9629,ok,optimal,
pg_6_sub112_lock1_mip_20260303_113809.json,MASc PG 6 blocks,mip,highs,1800.0,7,8,105,1,8,67923.96290000001,ok,optimal,
pg_6_sub112_lock1_mip_20260303_113809.json,MASc PG 6 blocks,mip,highs,1800.0,8,9,104,1,5,67923.96290000001,ok,optimal,
pg_6_sub112_lock1_mip_20260303_113809.json,MASc PG 6 blocks,mip,highs,1800.0,9,10,103,1,6,67923.9629,ok,optimal,
pg_6_sub112_lock1_mip_20260303_113809.json,MASc PG 6 blocks,mip,highs,1800.0,10,11,102,1,5,67923.9629,ok,optimal,
pg_6_sub112_lock1_mip_20260303_113809.json,MASc PG 6 blocks,mip,highs,1800.0,11,12,101,1,6,67923.9629,ok,optimal,
pg_6_sub112_lock1_mip_20260303_113809.json,MASc PG 6 blocks,mip,highs,1800.0,12,13,100,1,6,67923.9629,ok,optimal,
pg_6_sub112_lock1_mip_20260303_113809.json,MASc PG 6 blocks,mip,highs,1800.0,13,14,99,1,8,67923.96289999956,ok,optimal,
pg_6_sub112_lock1_mip_20260303_113809.json,MASc PG 6 blocks,mip,highs,1800.0,14,15,98,1,8,67923.9629,ok,optimal,
pg_6_sub112_lock1_mip_20260303_113809.json,MASc PG 6 blocks,mip,highs,1800.0,15,16,97,1,6,67923.9629,ok,optimal,
pg_6_sub112_lock1_mip_20260303_113809.json,MASc PG 6 blocks,mip,highs,1800.0,16,17,96,1,6,67923.9629,ok,optimal,
pg_6_sub112_lock1_mip_20260303_113809.json,MASc PG 6 blocks,mip,highs,1800.0,17,18,95,1,4,67923.9629,ok,optimal,
pg_6_sub112_lock1_mip_20260303_113809.json,MASc PG 6 blocks,mip,highs,1800.0,18,19,94,1,5,67923.96290000108,ok,optimal,
pg_6_sub112_lock1_mip_20260303_113809.json,MASc PG 6 blocks,mip,highs,1800.0,19,20,93,1,2,67923.9629,ok,optimal,
pg_6_sub112_lock1_mip_20260303_113809.json,MASc PG 6 blocks,mip,highs,1800.0,20,21,92,1,5,67923.96290000343,ok,optimal,
pg_6_sub112_lock1_mip_20260303_113809.json,MASc PG 6 blocks,mip,highs,1800.0,21,22,91,1,5,67923.96289999998,ok,optimal,
pg_6_sub112_lock1_mip_20260303_113809.json,MASc PG 6 blocks,mip,highs,1800.0,22,23,90,1,4,67923.9629,ok,optimal,
pg_6_sub112_lock1_mip_20260303_113809.json,MASc PG 6 blocks,mip,highs,1800.0,23,24,89,1,7,67923.96290000029,ok,optimal,
pg_6_sub112_lock1_mip_20260303_113809.json,MASc PG 6 blocks,mip,highs,1800.0,24,25,88,1,7,67923.9629,ok,optimal,
pg_6_sub112_lock1_mip_20260303_113809.json,MASc PG 6 blocks,mip,highs,1800.0,25,26,87,1,5,67923.9629,ok,optimal,
pg_6_sub112_lock1_mip_20260303_113809.json,MASc PG 6 blocks,mip,highs,1800.0,26,27,86,1,7,67923.9629,ok,optimal,
pg_6_sub112_lock1_mip_20260303_113809.json,MASc PG 6 blocks,mip,highs,1800.0,27,28,85,1,7,67923.9629,ok,optimal,
pg_6_sub112_lock1_mip_20260303_113809.json,MASc PG 6 blocks,mip,highs,1800.0,28,29,84,1,4,67923.96289999995,ok,optimal,
pg_6_sub112_lock1_mip_20260303_113809.json,MASc PG 6 blocks,mip,highs,1800.0,29,30,83,1,4,67923.9629,ok,optimal,
pg_6_sub112_lock1_mip_20260303_113809.json,MASc PG 6 blocks,mip,highs,1800.0,30,31,82,1,8,67923.96290000001,ok,optimal,
pg_6_sub112_lock1_mip_20260303_113809.json,MASc PG 6 blocks,mip,highs,1800.0,31,32,81,1,7,67923.9629,ok,optimal,
pg_6_sub112_lock1_mip_20260303_113809.json,MASc PG 6 blocks,mip,highs,1800.0,32,33,80,1,4,67923.9629,ok,optimal,
pg_6_sub112_lock1_mip_20260303_113809.json,MASc PG 6 blocks,mip,highs,1800.0,33,34,79,1,6,67923.9629,ok,optimal,
pg_6_sub112_lock1_mip_20260303_113809.json,MASc PG 6 blocks,mip,highs,1800.0,34,35,78,1,8,67923.9629,ok,optimal,
pg_6_sub112_lock1_mip_20260303_113809.json,MASc PG 6 blocks,mip,highs,1800.0,35,36,77,1,5,67923.96290000001,ok,optimal,
pg_6_sub112_lock1_mip_20260303_113809.json,MASc PG 6 blocks,mip,highs,1800.0,36,37,76,1,8,67923.96289999923,ok,optimal,
pg_6_sub112_lock1_mip_20260303_113809.json,MASc PG 6 blocks,mip,highs,1800.0,37,38,75,1,6,67923.96290000001,ok,optimal,
pg_6_sub112_lock1_mip_20260303_113809.json,MASc PG 6 blocks,mip,highs,1800.0,38,39,74,1,7,67923.96289999982,ok,optimal,
pg_6_sub112_lock1_mip_20260303_113809.json,MASc PG 6 blocks,mip,highs,1800.0,39,40,73,1,6,67923.96290000001,ok,optimal,
pg_6_sub112_lock1_mip_20260303_113809.json,MASc PG 6 blocks,mip,highs,1800.0,40,41,72,1,5,67923.96290000003,ok,optimal,
pg_6_sub112_lock1_mip_20260303_113809.json,MASc PG 6 blocks,mip,highs,1800.0,41,42,71,1,8,67923.9629,ok,optimal,
pg_6_sub112_lock1_mip_20260303_113809.json,MASc PG 6 blocks,mip,highs,1800.0,42,43,70,1,8,67923.96289999946,ok,optimal,
pg_6_sub112_lock1_mip_20260303_113809.json,MASc PG 6 blocks,mip,highs,1800.0,43,44,69,1,6,67923.9629,ok,optimal,
pg_6_sub112_lock1_mip_20260303_113809.json,MASc PG 6 blocks,mip,highs,1800.0,44,45,68,1,8,67923.96289999998,ok,optimal,
pg_6_sub112_lock1_mip_20260303_113809.json,MASc PG 6 blocks,mip,highs,1800.0,45,46,67,1,5,67923.9629,ok,optimal,
pg_6_sub112_lock1_mip_20260303_113809.json,MASc PG 6 blocks,mip,highs,1800.0,46,47,66,1,6,67923.9629,ok,optimal,
pg_6_sub112_lock1_mip_20260303_113809.json,MASc PG 6 blocks,mip,highs,1800.0,47,48,65,1,3,67923.9629,ok,optimal,
pg_6_sub112_lock1_mip_20260303_113809.json,MASc PG 6 blocks,mip,highs,1800.0,48,49,64,1,8,67923.9629,ok,optimal,
pg_6_sub112_lock1_mip_20260303_113809.json,MASc PG 6 blocks,mip,highs,1800.0,49,50,63,1,8,67923.96289999985,ok,optimal,
pg_6_sub112_lock1_mip_20260303_113809.json,MASc PG 6 blocks,mip,highs,1800.0,50,51,62,1,11,67923.9629,ok,optimal,
pg_6_sub112_lock1_mip_20260303_113809.json,MASc PG 6 blocks,mip,highs,1800.0,51,52,61,1,7,67923.9629,ok,optimal,
pg_6_sub112_lock1_mip_20260303_113809.json,MASc PG 6 blocks,mip,highs,1800.0,52,53,60,1,6,67923.96290000004,ok,optimal,
pg_6_sub112_lock1_mip_20260303_113809.json,MASc PG 6 blocks,mip,highs,1800.0,53,54,59,1,6,67923.96290000009,ok,optimal,
pg_6_sub112_lock1_mip_20260303_113809.json,MASc PG 6 blocks,mip,highs,1800.0,54,55,58,1,9,67923.96290000001,ok,optimal,
pg_6_sub112_lock1_mip_20260303_113809.json,MASc PG 6 blocks,mip,highs,1800.0,55,56,57,1,8,67923.96290000001,ok,optimal,
pg_6_sub112_lock1_mip_20260303_113809.json,MASc PG 6 blocks,mip,highs,1800.0,56,57,56,1,9,67923.96290000003,ok,optimal,
pg_6_sub112_lock1_mip_20260303_113809.json,MASc PG 6 blocks,mip,highs,1800.0,57,58,55,1,9,67923.96290000003,ok,optimal,
pg_6_sub112_lock1_mip_20260303_113809.json,MASc PG 6 blocks,mip,highs,1800.0,58,59,54,1,7,67923.9629,ok,optimal,
pg_6_sub112_lock1_mip_20260303_113809.json,MASc PG 6 blocks,mip,highs,1800.0,59,60,53,1,10,67923.96290000001,ok,optimal,
pg_6_sub112_lock1_mip_20260303_113809.json,MASc PG 6 blocks,mip,highs,1800.0,60,61,52,1,0,,aborted,maxTimeLimit,1800.0
pg_6_sub112_lock1_mip_20260303_113809.json,MASc PG 6 blocks,mip,highs,1800.0,61,62,51,1,11,67923.96290000016,ok,optimal,
pg_6_sub112_lock1_mip_20260303_113809.json,MASc PG 6 blocks,mip,highs,1800.0,62,63,50,1,9,67923.9629,ok,optimal,
pg_6_sub112_lock1_mip_20260303_113809.json,MASc PG 6 blocks,mip,highs,1800.0,63,64,49,1,0,,aborted,maxTimeLimit,1800.0
pg_6_sub112_lock1_mip_20260303_113809.json,MASc PG 6 blocks,mip,highs,1800.0,64,65,48,1,0,,aborted,maxTimeLimit,1800.0
pg_6_sub112_lock1_mip_20260303_113809.json,MASc PG 6 blocks,mip,highs,1800.0,65,66,47,1,0,,aborted,maxTimeLimit,1800.0
pg_6_sub112_lock1_mip_20260303_113809.json,MASc PG 6 blocks,mip,highs,1800.0,66,67,46,1,0,,aborted,maxTimeLimit,1800.0
pg_6_sub112_lock1_mip_20260303_113809.json,MASc PG 6 blocks,mip,highs,1800.0,67,68,45,1,0,,aborted,maxTimeLimit,1800.0
pg_6_sub112_lock1_mip_20260303_113809.json,MASc PG 6 blocks,mip,highs,1800.0,68,69,44,1,0,,aborted,maxTimeLimit,1800.0
pg_6_sub112_lock1_mip_20260303_113809.json,MASc PG 6 blocks,mip,highs,1800.0,69,70,43,1,0,,aborted,maxTimeLimit,1800.0
pg_6_sub112_lock1_mip_20260303_113809.json,MASc PG 6 blocks,mip,highs,1800.0,70,71,42,1,0,,aborted,maxTimeLimit,1800.0
pg_6_sub112_lock1_mip_20260303_113809.json,MASc PG 6 blocks,mip,highs,1800.0,71,72,41,1,0,,aborted,maxTimeLimit,1800.0
pg_6_sub112_lock1_mip_20260303_113809.json,MASc PG 6 blocks,mip,highs,1800.0,72,73,40,1,0,,aborted,maxTimeLimit,1800.0
pg_6_sub112_lock1_mip_20260303_113809.json,MASc PG 6 blocks,mip,highs,1800.0,73,74,39,1,0,,aborted,maxTimeLimit,1800.0
pg_6_sub112_lock1_mip_20260303_113809.json,MASc PG 6 blocks,mip,highs,1800.0,74,75,38,1,0,,aborted,maxTimeLimit,1800.0
pg_6_sub112_lock1_mip_20260303_113809.json,MASc PG 6 blocks,mip,highs,1800.0,75,76,37,1,0,,aborted,maxTimeLimit,1800.0
pg_6_sub112_lock1_mip_20260303_113809.json,MASc PG 6 blocks,mip,highs,1800.0,76,77,36,1,0,,aborted,maxTimeLimit,1800.0
pg_6_sub112_lock1_mip_20260303_113809.json,MASc PG 6 blocks,mip,highs,1800.0,77,78,35,1,0,,aborted,maxTimeLimit,1800.0
pg_6_sub112_lock1_mip_20260303_113809.json,MASc PG 6 blocks,mip,highs,1800.0,78,79,34,1,0,,aborted,maxTimeLimit,1800.0
pg_6_sub112_lock1_mip_20260303_113809.json,MASc PG 6 blocks,mip,highs,1800.0,79,80,33,1,0,,aborted,maxTimeLimit,1800.0
pg_6_sub112_lock1_mip_20260303_113809.json,MASc PG 6 blocks,mip,highs,1800.0,80,81,32,1,0,,aborted,maxTimeLimit,1800.0
pg_6_sub112_lock1_mip_20260303_113809.json,MASc PG 6 blocks,mip,highs,1800.0,81,82,31,1,0,,aborted,maxTimeLimit,1800.0
pg_6_sub112_lock1_mip_20260303_113809.json,MASc PG 6 blocks,mip,highs,1800.0,82,83,30,1,0,,aborted,maxTimeLimit,1800.0
pg_6_sub112_lock1_mip_20260303_113809.json,MASc PG 6 blocks,mip,highs,1800.0,83,84,29,1,0,,aborted,maxTimeLimit,1800.0
pg_6_sub112_lock1_mip_20260303_113809.json,MASc PG 6 blocks,mip,highs,1800.0,84,85,28,1,0,,aborted,maxTimeLimit,1800.0
pg_6_sub112_lock1_mip_20260303_113809.json,MASc PG 6 blocks,mip,highs,1800.0,85,86,27,1,0,,aborted,maxTimeLimit,1800.0
pg_6_sub112_lock1_mip_20260303_113809.json,MASc PG 6 blocks,mip,highs,1800.0,86,87,26,1,0,,aborted,maxTimeLimit,1800.0
pg_6_sub112_lock1_mip_20260303_113809.json,MASc PG 6 blocks,mip,highs,1800.0,87,88,25,1,0,,aborted,maxTimeLimit,1800.0
pg_6_sub112_lock1_mip_20260303_113809.json,MASc PG 6 blocks,mip,highs,1800.0,88,89,24,1,0,,aborted,maxTimeLimit,1800.0
pg_6_sub112_lock1_mip_20260303_113809.json,MASc PG 6 blocks,mip,highs,1800.0,89,90,23,1,0,,aborted,maxTimeLimit,1800.0
pg_6_sub112_lock1_mip_20260303_113809.json,MASc PG 6 blocks,mip,highs,1800.0,90,91,22,1,0,,aborted,maxTimeLimit,1800.0
pg_6_sub112_lock1_mip_20260303_113809.json,MASc PG 6 blocks,mip,highs,1800.0,91,92,21,1,0,,aborted,maxTimeLimit,1800.0
pg_6_sub112_lock1_mip_20260303_113809.json,MASc PG 6 blocks,mip,highs,1800.0,92,93,20,1,0,,aborted,maxTimeLimit,1800.0
pg_6_sub112_lock1_mip_20260303_113809.json,MASc PG 6 blocks,mip,highs,1800.0,93,94,19,1,0,,aborted,maxTimeLimit,1800.0
pg_6_sub112_lock1_mip_20260303_113809.json,MASc PG 6 blocks,mip,highs,1800.0,94,95,18,1,0,,aborted,maxTimeLimit,1800.0
pg_6_sub112_lock1_mip_20260303_113809.json,MASc PG 6 blocks,mip,highs,1800.0,95,96,17,1,0,,aborted,maxTimeLimit,1800.0
pg_6_sub112_lock1_mip_20260303_113809.json,MASc PG 6 blocks,mip,highs,1800.0,96,97,16,1,0,,aborted,maxTimeLimit,1800.0
pg_6_sub112_lock1_mip_20260303_113809.json,MASc PG 6 blocks,mip,highs,1800.0,97,98,15,1,0,,aborted,maxTimeLimit,1800.0
pg_6_sub112_lock1_mip_20260303_113809.json,MASc PG 6 blocks,mip,highs,1800.0,98,99,14,1,0,,aborted,maxTimeLimit,1800.0
pg_6_sub112_lock1_mip_20260303_113809.json,MASc PG 6 blocks,mip,highs,1800.0,99,100,13,1,9,-20547.96290000001,ok,optimal,
pg_6_sub112_lock1_mip_20260303_113809.json,MASc PG 6 blocks,mip,highs,1800.0,100,101,12,1,8,-24495.962900000006,ok,optimal,
pg_6_sub112_lock1_mip_20260303_113809.json,MASc PG 6 blocks,mip,highs,1800.0,101,102,11,1,11,-28443.962900000006,ok,optimal,
pg_6_sub112_lock1_mip_20260303_113809.json,MASc PG 6 blocks,mip,highs,1800.0,102,103,10,1,8,-32391.962900000006,ok,optimal,
pg_6_sub112_lock1_mip_20260303_113809.json,MASc PG 6 blocks,mip,highs,1800.0,103,104,9,1,10,-36339.96289999767,ok,optimal,
pg_6_sub112_lock1_mip_20260303_113809.json,MASc PG 6 blocks,mip,highs,1800.0,104,105,8,1,8,-40287.962900000006,ok,optimal,
pg_6_sub112_lock1_mip_20260303_113809.json,MASc PG 6 blocks,mip,highs,1800.0,105,106,7,1,7,-44235.962900000006,ok,optimal,
pg_6_sub112_lock1_mip_20260303_113809.json,MASc PG 6 blocks,mip,highs,1800.0,106,107,6,1,10,-48183.962900000006,ok,optimal,
pg_6_sub112_lock1_mip_20260303_113809.json,MASc PG 6 blocks,mip,highs,1800.0,107,108,5,1,8,-52131.962900000006,ok,optimal,
pg_6_sub112_lock1_mip_20260303_113809.json,MASc PG 6 blocks,mip,highs,1800.0,108,109,4,1,9,-56079.962899999984,ok,optimal,
pg_6_sub112_lock1_mip_20260303_113809.json,MASc PG 6 blocks,mip,highs,1800.0,109,110,3,1,7,-60027.96289999962,ok,optimal,
pg_6_sub112_lock1_mip_20260303_113809.json,MASc PG 6 blocks,mip,highs,1800.0,110,111,2,1,5,-63975.9629,ok,optimal,
pg_6_sub112_lock1_mip_20260303_113809.json,MASc PG 6 blocks,mip,highs,1800.0,111,112,1,1,0,-67923.9629,ok,optimal,
ni_6_sub14_lock7_sa_20260305_105836.json,MASc NI 6 blocks,sa,,,0,1,14,7,103,-280978.64370099996,,,
ni_6_sub14_lock7_sa_20260305_105836.json,MASc NI 6 blocks,sa,,,1,8,7,7,103,-308614.64370099996,,,
ni_6_sub28_lock1_sa_20260304_035506.json,MASc NI 6 blocks,sa,,,0,1,28,1,6,-227022.64370099996,,,
ni_6_sub28_lock1_sa_20260304_035506.json,MASc NI 6 blocks,sa,,,1,2,27,1,6,-230970.64370099996,,,
ni_6_sub28_lock1_sa_20260304_035506.json,MASc NI 6 blocks,sa,,,2,3,26,1,6,-233602.64370099996,,,
ni_6_sub28_lock1_sa_20260304_035506.json,MASc NI 6 blocks,sa,,,3,4,25,1,6,-240182.64370099996,,,
ni_6_sub28_lock1_sa_20260304_035506.json,MASc NI 6 blocks,sa,,,4,5,24,1,6,-244814.64370099996,,,
ni_6_sub28_lock1_sa_20260304_035506.json,MASc NI 6 blocks,sa,,,5,6,23,1,6,-246762.64370099996,,,
ni_6_sub28_lock1_sa_20260304_035506.json,MASc NI 6 blocks,sa,,,6,7,22,1,6,-250710.64370099996,,,
ni_6_sub28_lock1_sa_20260304_035506.json,MASc NI 6 blocks,sa,,,7,8,21,1,6,-255658.64370099996,,,
ni_6_sub28_lock1_sa_20260304_035506.json,MASc NI 6 blocks,sa,,,8,9,20,1,6,-258606.64370099996,,,
ni_6_sub28_lock1_sa_20260304_035506.json,MASc NI 6 blocks,sa,,,9,10,19,1,6,-262554.64370099996,,,
ni_6_sub28_lock1_sa_20260304_035506.json,MASc NI 6 blocks,sa,,,10,11,18,1,6,-266502.64370099996,,,
ni_6_sub28_lock1_sa_20260304_035506.json,MASc NI 6 blocks,sa,,,11,12,17,1,6,-270450.64370099996,,,
ni_6_sub28_lock1_sa_20260304_035506.json,MASc NI 6 blocks,sa,,,12,13,16,1,6,-274398.64370099996,,,
ni_6_sub28_lock1_sa_20260304_035506.json,MASc NI 6 blocks,sa,,,13,14,15,1,6,-277030.64370099996,,,
ni_6_sub28_lock1_sa_20260304_035506.json,MASc NI 6 blocks,sa,,,14,15,14,1,6,-280978.64370099996,,,
ni_6_sub28_lock1_sa_20260304_035506.json,MASc NI 6 blocks,sa,,,15,16,13,1,6,-285926.64370099996,,,
ni_6_sub28_lock1_sa_20260304_035506.json,MASc NI 6 blocks,sa,,,16,17,12,1,6,-289874.64370099996,,,
ni_6_sub28_lock1_sa_20260304_035506.json,MASc NI 6 blocks,sa,,,17,18,11,1,6,-295454.64370099996,,,
ni_6_sub28_lock1_sa_20260304_035506.json,MASc NI 6 blocks,sa,,,18,19,10,1,6,-297770.64370099996,,,
ni_6_sub28_lock1_sa_20260304_035506.json,MASc NI 6 blocks,sa,,,19,20,9,1,6,-300402.64370099996,,,
ni_6_sub28_lock1_sa_20260304_035506.json,MASc NI 6 blocks,sa,,,20,21,8,1,6,-303350.64370099996,,,
ni_6_sub28_lock1_sa_20260304_035506.json,MASc NI 6 blocks,sa,,,21,22,7,1,6,-308614.64370099996,,,
ni_6_sub28_lock1_sa_20260304_035506.json,MASc NI 6 blocks,sa,,,22,23,6,1,6,-311246.64370099996,,,
ni_6_sub28_lock1_sa_20260304_035506.json,MASc NI 6 blocks,sa,,,23,24,5,1,6,-317510.64370099996,,,
ni_6_sub28_lock1_sa_20260304_035506.json,MASc NI 6 blocks,sa,,,24,25,4,1,6,-319142.64370099996,,,
ni_6_sub28_lock1_sa_20260304_035506.json,MASc NI 6 blocks,sa,,,25,26,3,1,6,-323090.64370099996,,,
ni_6_sub28_lock1_sa_20260304_035506.json,MASc NI 6 blocks,sa,,,26,27,2,1,6,-323090.64370099996,,,
ni_6_sub28_lock1_sa_20260304_035506.json,MASc NI 6 blocks,sa,,,27,28,1,1,6,-323090.64370099996,,,
ni_6_sub14_lock7_mip_20260305_105300.json,MASc NI 6 blocks,mip,highs,600.0,0,1,14,7,84,-271766.64370099996,ok,optimal,
ni_6_sub14_lock7_mip_20260305_105300.json,MASc NI 6 blocks,mip,highs,600.0,1,8,7,7,86,-299402.6437009998,ok,optimal,
pg_6_sub56_lock7_mip_20260305_231941.json,MASc PG 6 blocks,mip,highs,600.0,0,1,56,7,0,,aborted,maxTimeLimit,600.0
pg_6_sub56_lock7_mip_20260305_231941.json,MASc PG 6 blocks,mip,highs,600.0,1,8,49,7,0,,aborted,maxTimeLimit,600.0
pg_6_sub56_lock7_mip_20260305_231941.json,MASc PG 6 blocks,mip,highs,600.0,2,15,42,7,0,,aborted,maxTimeLimit,600.0
pg_6_sub56_lock7_mip_20260305_231941.json,MASc PG 6 blocks,mip,highs,600.0,3,22,35,7,0,,aborted,maxTimeLimit,600.0
pg_6_sub56_lock7_mip_20260305_231941.json,MASc PG 6 blocks,mip,highs,600.0,4,29,28,7,0,,aborted,maxTimeLimit,600.0
pg_6_sub56_lock7_mip_20260305_231941.json,MASc PG 6 blocks,mip,highs,600.0,5,36,21,7,0,,aborted,maxTimeLimit,600.0
pg_6_sub56_lock7_mip_20260305_231941.json,MASc PG 6 blocks,mip,highs,600.0,6,43,14,7,0,,aborted,maxTimeLimit,600.0
pg_6_sub56_lock7_mip_20260305_231941.json,MASc PG 6 blocks,mip,highs,600.0,7,50,7,7,74,-44235.962900000006,ok,optimal,
ni_6_sub28_lock7_mip_20260305_105856.json,MASc NI 6 blocks,mip,highs,600.0,0,1,28,7,0,,aborted,maxTimeLimit,600.0
ni_6_sub28_lock7_mip_20260305_105856.json,MASc NI 6 blocks,mip,highs,600.0,1,8,21,7,0,,aborted,maxTimeLimit,600.0
ni_6_sub28_lock7_mip_20260305_105856.json,MASc NI 6 blocks,mip,highs,600.0,2,15,14,7,84,-271766.64370099996,ok,optimal,
ni_6_sub28_lock7_mip_20260305_105856.json,MASc NI 6 blocks,mip,highs,600.0,3,22,7,7,86,-299402.6437009998,ok,optimal,
ka_6_sub14_lock7_sa_20260304_231157.json,MASc KA 6 blocks,sa,,,0,1,14,7,89,-3381.355594999999,,,
ka_6_sub14_lock7_sa_20260304_231157.json,MASc KA 6 blocks,sa,,,1,8,7,7,94,-25437.355595,,,
ka_6_sub28_lock7_mip_20260304_231216.json,MASc KA 6 blocks,mip,highs,600.0,0,1,28,7,0,,aborted,maxTimeLimit,600.0
ka_6_sub28_lock7_mip_20260304_231216.json,MASc KA 6 blocks,mip,highs,600.0,1,8,21,7,0,,aborted,maxTimeLimit,600.0
ka_6_sub28_lock7_mip_20260304_231216.json,MASc KA 6 blocks,mip,highs,600.0,2,15,14,7,0,,aborted,maxTimeLimit,600.0
ka_6_sub28_lock7_mip_20260304_231216.json,MASc KA 6 blocks,mip,highs,600.0,3,22,7,7,71,-7225.355594999995,ok,optimal,
pg_6_sub28_lock14_mip_20260302_075816.json,MASc PG 6 blocks,mip,highs,1800.0,0,1,28,14,0,,aborted,maxTimeLimit,1800.0
pg_6_sub28_lock14_mip_20260302_075816.json,MASc PG 6 blocks,mip,highs,1800.0,1,15,14,14,0,,aborted,maxTimeLimit,1800.0
ni_6_sub56_lock7_sa_20260305_105213.json,MASc NI 6 blocks,sa,,,0,1,56,7,99,-136794.643701,,,
ni_6_sub56_lock7_sa_20260305_105213.json,MASc NI 6 blocks,sa,,,1,8,49,7,100,-225114.643701,,,
ni_6_sub56_lock7_sa_20260305_105213.json,MASc NI 6 blocks,sa,,,2,15,42,7,100,-179750.643701,,,
ni_6_sub56_lock7_sa_20260305_105213.json,MASc NI 6 blocks,sa,,,3,22,35,7,101,-204386.643701,,,
ni_6_sub56_lock7_sa_20260305_105213.json,MASc NI 6 blocks,sa,,,4,29,28,7,103,-227022.64370099996,,,
ni_6_sub56_lock7_sa_20260305_105213.json,MASc NI 6 blocks,sa,,,5,36,21,7,101,-255658.64370099996,,,
ni_6_sub56_lock7_sa_20260305_105213.json,MASc NI 6 blocks,sa,,,6,43,14,7,103,-280978.64370099996,,,
ni_6_sub56_lock7_sa_20260305_105213.json,MASc NI 6 blocks,sa,,,7,50,7,7,103,-308614.64370099996,,,
ni_6_sub56_lock14_mip_20260305_141113.json,MASc NI 6 blocks,mip,highs,1800.0,0,1,56,14,0,,aborted,maxTimeLimit,1800.0
ni_6_sub56_lock14_mip_20260305_141113.json,MASc NI 6 blocks,mip,highs,1800.0,1,15,42,14,0,,aborted,maxTimeLimit,1800.0
ni_6_sub56_lock14_mip_20260305_141113.json,MASc NI 6 blocks,mip,highs,1800.0,2,29,28,14,0,,aborted,maxTimeLimit,1800.0
ni_6_sub56_lock14_mip_20260305_141113.json,MASc NI 6 blocks,mip,highs,1800.0,3,43,14,14,164,-271766.64370099996,ok,optimal,
pg_6_sub56_lock14_mip_20260303_094839.json,MASc PG 6 blocks,mip,highs,1800.0,0,1,56,14,185,67923.96290000003,ok,optimal,
pg_6_sub56_lock14_mip_20260303_094839.json,MASc PG 6 blocks,mip,highs,1800.0,1,15,42,14,0,,aborted,maxTimeLimit,1800.0
pg_6_sub56_lock14_mip_20260303_094839.json,MASc PG 6 blocks,mip,highs,1800.0,2,29,28,14,0,,aborted,maxTimeLimit,1800.0
pg_6_sub56_lock14_mip_20260303_094839.json,MASc PG 6 blocks,mip,highs,1800.0,3,43,14,14,0,,aborted,maxTimeLimit,1800.0
ni_18_sub28_lock7_mip_20260305_130142.json,MASc NI 18 blocks,mip,highs,600.0,0,1,28,7,0,,aborted,maxTimeLimit,600.0
ni_18_sub28_lock7_mip_20260305_130142.json,MASc NI 18 blocks,mip,highs,600.0,1,8,21,7,0,,aborted,maxTimeLimit,600.0
ni_18_sub28_lock7_mip_20260305_130142.json,MASc NI 18 blocks,mip,highs,600.0,2,15,14,7,0,,aborted,maxTimeLimit,600.0
ni_18_sub28_lock7_mip_20260305_130142.json,MASc NI 18 blocks,mip,highs,600.0,3,22,7,7,0,,aborted,maxTimeLimit,600.0
pg_18_sub14_lock14_sa_20260305_093857.json,MASc PG 18 blocks,sa,,,0,1,14,14,404,-468484.983972,,,
pg_18_sub14_lock7_sa_20260306_005717.json,MASc PG 18 blocks,sa,,,0,1,14,7,165,-468484.983972,,,
pg_18_sub14_lock7_sa_20260306_005717.json,MASc PG 18 blocks,sa,,,1,8,7,7,180,-524862.276766,,,
ka_6_sub14_lock1_mip_20260304_225259.json,MASc KA 6 blocks,mip,highs,1800.0,0,1,14,1,0,,aborted,maxTimeLimit,1800.0
ka_6_sub14_lock1_mip_20260304_225259.json,MASc KA 6 blocks,mip,highs,1800.0,1,2,13,1,0,,aborted,maxTimeLimit,1800.0
ka_6_sub14_lock1_mip_20260304_225259.json,MASc KA 6 blocks,mip,highs,1800.0,2,3,12,1,0,,aborted,maxTimeLimit,1800.0
ka_6_sub14_lock1_mip_20260304_225259.json,MASc KA 6 blocks,mip,highs,1800.0,3,4,11,1,10,4584.022137000036,ok,optimal,
ka_6_sub14_lock1_mip_20260304_225259.json,MASc KA 6 blocks,mip,highs,1800.0,4,5,10,1,8,2049.0827910001044,ok,optimal,
ka_6_sub14_lock1_mip_20260304_225259.json,MASc KA 6 blocks,mip,highs,1800.0,5,6,9,1,8,-485.85655499958193,ok,optimal,
ka_6_sub14_lock1_mip_20260304_225259.json,MASc KA 6 blocks,mip,highs,1800.0,6,7,8,1,8,-3374.416247999925,ok,optimal,
ka_6_sub14_lock1_mip_20260304_225259.json,MASc KA 6 blocks,mip,highs,1800.0,7,8,7,1,7,-7225.355594999995,ok,optimal,
ka_6_sub14_lock1_mip_20260304_225259.json,MASc KA 6 blocks,mip,highs,1800.0,8,9,6,1,8,-11173.355595,ok,optimal,
ka_6_sub14_lock1_mip_20260304_225259.json,MASc KA 6 blocks,mip,highs,1800.0,9,10,5,1,7,-15121.355595,ok,optimal,
ka_6_sub14_lock1_mip_20260304_225259.json,MASc KA 6 blocks,mip,highs,1800.0,10,11,4,1,9,-19069.355595,ok,optimal,
ka_6_sub14_lock1_mip_20260304_225259.json,MASc KA 6 blocks,mip,highs,1800.0,11,12,3,1,7,-23017.355595,ok,optimal,
ka_6_sub14_lock1_mip_20260304_225259.json,MASc KA 6 blocks,mip,highs,1800.0,12,13,2,1,7,-26965.355595,ok,optimal,
ka_6_sub14_lock1_mip_20260304_225259.json,MASc KA 6 blocks,mip,highs,1800.0,13,14,1,1,0,-30913.355595,ok,optimal,
ka_40_sub56_lock7_sa_20260305_085720.json,MASc KA 40 blocks,sa,,,0,1,56,7,353,-1249625.6559470005,,,
ka_40_sub56_lock7_sa_20260305_085720.json,MASc KA 40 blocks,sa,,,1,8,49,7,350,-1166294.329435,,,
ka_40_sub56_lock7_sa_20260305_085720.json,MASc KA 40 blocks,sa,,,2,15,42,7,351,-1184692.025265,,,
ka_40_sub56_lock7_sa_20260305_085720.json,MASc KA 40 blocks,sa,,,3,22,35,7,350,-1168971.5524829999,,,
ka_40_sub56_lock7_sa_20260305_085720.json,MASc KA 40 blocks,sa,,,4,29,28,7,349,-919701.363741,,,
ka_40_sub56_lock7_sa_20260305_085720.json,MASc KA 40 blocks,sa,,,5,36,21,7,349,-672766.711213,,,
ka_40_sub56_lock7_sa_20260305_085720.json,MASc KA 40 blocks,sa,,,6,43,14,7,343,-403387.805251,,,
ka_40_sub56_lock7_sa_20260305_085720.json,MASc KA 40 blocks,sa,,,7,50,7,7,346,-385003.025899,,,
ni_6_sub14_lock1_sa_20260304_031521.json,MASc NI 6 blocks,sa,,,0,1,14,1,6,-280978.64370099996,,,
ni_6_sub14_lock1_sa_20260304_031521.json,MASc NI 6 blocks,sa,,,1,2,13,1,6,-285926.64370099996,,,
ni_6_sub14_lock1_sa_20260304_031521.json,MASc NI 6 blocks,sa,,,2,3,12,1,6,-289874.64370099996,,,
ni_6_sub14_lock1_sa_20260304_031521.json,MASc NI 6 blocks,sa,,,3,4,11,1,6,-295454.64370099996,,,
ni_6_sub14_lock1_sa_20260304_031521.json,MASc NI 6 blocks,sa,,,4,5,10,1,6,-297770.64370099996,,,
ni_6_sub14_lock1_sa_20260304_031521.json,MASc NI 6 blocks,sa,,,5,6,9,1,6,-300402.64370099996,,,
ni_6_sub14_lock1_sa_20260304_031521.json,MASc NI 6 blocks,sa,,,6,7,8,1,6,-303350.64370099996,,,
ni_6_sub14_lock1_sa_20260304_031521.json,MASc NI 6 blocks,sa,,,7,8,7,1,6,-308614.64370099996,,,
ni_6_sub14_lock1_sa_20260304_031521.json,MASc NI 6 blocks,sa,,,8,9,6,1,6,-311246.64370099996,,,
ni_6_sub14_lock1_sa_20260304_031521.json,MASc NI 6 blocks,sa,,,9,10,5,1,6,-317510.64370099996,,,
ni_6_sub14_lock1_sa_20260304_031521.json,MASc NI 6 blocks,sa,,,10,11,4,1,6,-319142.64370099996,,,
ni_6_sub14_lock1_sa_20260304_031521.json,MASc NI 6 blocks,sa,,,11,12,3,1,6,-323090.64370099996,,,
ni_6_sub14_lock1_sa_20260304_031521.json,MASc NI 6 blocks,sa,,,12,13,2,1,6,-323090.64370099996,,,
ni_6_sub14_lock1_sa_20260304_031521.json,MASc NI 6 blocks,sa,,,13,14,1,1,6,-323090.64370099996,,,
ni_6_sub28_lock7_sa_20260304_105817.json,MASc NI 6 blocks,sa,,,0,1,28,7,103,-227022.64370099996,,,
ni_6_sub28_lock7_sa_20260304_105817.json,MASc NI 6 blocks,sa,,,1,8,21,7,101,-255658.64370099996,,,
ni_6_sub28_lock7_sa_20260304_105817.json,MASc NI 6 blocks,sa,,,2,15,14,7,103,-280978.64370099996,,,
ni_6_sub28_lock7_sa_20260304_105817.json,MASc NI 6 blocks,sa,,,3,22,7,7,103,-308614.64370099996,,,
ni_18_sub28_lock7_sa_20260305_134444.json,MASc NI 18 blocks,sa,,,0,1,28,7,157,-560148.5861739999,,,
ni_18_sub28_lock7_sa_20260305_134444.json,MASc NI 18 blocks,sa,,,1,8,21,7,163,-598580.5861739999,,,
ni_18_sub28_lock7_sa_20260305_134444.json,MASc NI 18 blocks,sa,,,2,15,14,7,163,-665064.5861739999,,,
ni_18_sub28_lock7_sa_20260305_134444.json,MASc NI 18 blocks,sa,,,3,22,7,7,176,-723255.886696,,,
ni_6_sub56_lock7_mip_20260305_112603.json,MASc NI 6 blocks,mip,highs,600.0,0,1,56,7,0,,aborted,maxTimeLimit,600.0
ni_6_sub56_lock7_mip_20260305_112603.json,MASc NI 6 blocks,mip,highs,600.0,1,8,49,7,0,,aborted,maxTimeLimit,600.0
ni_6_sub56_lock7_mip_20260305_112603.json,MASc NI 6 blocks,mip,highs,600.0,2,15,42,7,0,,aborted,maxTimeLimit,600.0
ni_6_sub56_lock7_mip_20260305_112603.json,MASc NI 6 blocks,mip,highs,600.0,3,22,35,7,0,,aborted,maxTimeLimit,600.0
ni_6_sub56_lock7_mip_20260305_112603.json,MASc NI 6 blocks,mip,highs,600.0,4,29,28,7,0,,aborted,maxTimeLimit,600.0
ni_6_sub56_lock7_mip_20260305_112603.json,MASc NI 6 blocks,mip,highs,600.0,5,36,21,7,0,,aborted,maxTimeLimit,600.0
ni_6_sub56_lock7_mip_20260305_112603.json,MASc NI 6 blocks,mip,highs,600.0,6,43,14,7,84,-271766.64370099996,ok,optimal,
ni_6_sub56_lock7_mip_20260305_112603.json,MASc NI 6 blocks,mip,highs,600.0,7,50,7,7,86,-299402.6437009998,ok,optimal,
ka_6_sub14_lock14_sa_20260305_012750.json,MASc KA 6 blocks,sa,,,0,1,14,14,192,-381.3555949999991,,,
pg_6_sub28_lock14_sa_20260302_075816.json,MASc PG 6 blocks,sa,,,0,1,28,14,219,11413.260361999997,,,
pg_6_sub28_lock14_sa_20260302_075816.json,MASc PG 6 blocks,sa,,,1,15,14,14,220,-27654.670106,,,
ni_40_sub14_lock7_sa_20260305_161159.json,MASc NI 40 blocks,sa,,,0,1,14,7,311,-1449799.476543,,,
ni_40_sub14_lock7_sa_20260305_161159.json,MASc NI 40 blocks,sa,,,1,8,7,7,316,-1532819.476543,,,
ka_40_sub14_lock7_mip_20260305_033129.json,MASc KA 40 blocks,mip,highs,600.0,0,1,14,7,0,,aborted,maxTimeLimit,600.0
ka_40_sub14_lock7_mip_20260305_033129.json,MASc KA 40 blocks,mip,highs,600.0,1,8,7,7,0,,aborted,maxTimeLimit,600.0
ni_18_sub14_lock7_mip_20260305_123943.json,MASc NI 18 blocks,mip,highs,600.0,0,1,14,7,0,,aborted,maxTimeLimit,600.0
ni_18_sub14_lock7_mip_20260305_123943.json,MASc NI 18 blocks,mip,highs,600.0,1,8,7,7,0,,aborted,maxTimeLimit,600.0
ni_18_sub14_lock7_sa_20260305_130046.json,MASc NI 18 blocks,sa,,,0,1,14,7,163,-665064.5861739999,,,
ni_18_sub14_lock7_sa_20260305_130046.json,MASc NI 18 blocks,sa,,,1,8,7,7,176,-723255.886696,,,
ni_40_sub56_lock7_mip_20260305_174303.json,MASc NI 40 blocks,mip,highs,600.0,0,1,56,7,0,,aborted,maxTimeLimit,600.0
ni_40_sub56_lock7_mip_20260305_174303.json,MASc NI 40 blocks,mip,highs,600.0,1,8,49,7,0,,aborted,maxTimeLimit,600.0
ni_40_sub56_lock7_mip_20260305_174303.json,MASc NI 40 blocks,mip,highs,600.0,2,15,42,7,0,,aborted,maxTimeLimit,600.0
ni_40_sub56_lock7_mip_20260305_174303.json,MASc NI 40 blocks,mip,highs,600.0,3,22,35,7,0,,aborted,maxTimeLimit,600.0
ni_40_sub56_lock7_mip_20260305_174303.json,MASc NI 40 blocks,mip,highs,600.0,4,29,28,7,0,,aborted,maxTimeLimit,600.0
ni_40_sub56_lock7_mip_20260305_174303.json,MASc NI 40 blocks,mip,highs,600.0,5,36,21,7,0,,aborted,maxTimeLimit,600.0
ni_40_sub56_lock7_mip_20260305_174303.json,MASc NI 40 blocks,mip,highs,600.0,6,43,14,7,0,,aborted,maxTimeLimit,600.0
ni_40_sub56_lock7_mip_20260305_174303.json,MASc NI 40 blocks,mip,highs,600.0,7,50,7,7,0,,aborted,maxTimeLimit,600.0
ni_6_sub14_lock7_mip_20260304_034515.json,MASc NI 6 blocks,mip,highs,1800.0,0,1,14,7,84,-271766.64370099996,ok,optimal,
ni_6_sub14_lock7_mip_20260304_034515.json,MASc NI 6 blocks,mip,highs,1800.0,1,8,7,7,86,-299402.6437009998,ok,optimal,
pg_6_sub14_lock1_sa_20260301_200611.json,MASc PG 6 blocks,sa,,,0,1,14,1,6,-27654.670106,,,
pg_6_sub14_lock1_sa_20260301_200611.json,MASc PG 6 blocks,sa,,,1,2,13,1,6,-30488.032432000004,,,
pg_6_sub14_lock1_sa_20260301_200611.json,MASc PG 6 blocks,sa,,,2,3,12,1,6,-35023.962900000006,,,
pg_6_sub14_lock1_sa_20260301_200611.json,MASc PG 6 blocks,sa,,,3,4,11,1,6,-39498.670106000005,,,
pg_6_sub14_lock1_sa_20260301_200611.json,MASc PG 6 blocks,sa,,,4,5,10,1,6,-42919.962900000006,,,
pg_6_sub14_lock1_sa_20260301_200611.json,MASc PG 6 blocks,sa,,,5,6,9,1,6,-45551.962900000006,,,
pg_6_sub14_lock1_sa_20260301_200611.json,MASc PG 6 blocks,sa,,,6,7,8,1,6,-49499.962900000006,,,
pg_6_sub14_lock1_sa_20260301_200611.json,MASc PG 6 blocks,sa,,,7,8,7,1,6,-52131.962900000006,,,
pg_6_sub14_lock1_sa_20260301_200611.json,MASc PG 6 blocks,sa,,,8,9,6,1,6,-56079.962900000006,,,
pg_6_sub14_lock1_sa_20260301_200611.json,MASc PG 6 blocks,sa,,,9,10,5,1,6,-60027.962900000006,,,
pg_6_sub14_lock1_sa_20260301_200611.json,MASc PG 6 blocks,sa,,,10,11,4,1,6,-63975.9629,,,
pg_6_sub14_lock1_sa_20260301_200611.json,MASc PG 6 blocks,sa,,,11,12,3,1,6,-67923.9629,,,
pg_6_sub14_lock1_sa_20260301_200611.json,MASc PG 6 blocks,sa,,,12,13,2,1,6,-67923.9629,,,
pg_6_sub14_lock1_sa_20260301_200611.json,MASc PG 6 blocks,sa,,,13,14,1,1,6,-67923.9629,,,
ni_6_sub14_lock1_mip_20260304_031521.json,MASc NI 6 blocks,mip,highs,1800.0,0,1,14,1,8,-271766.64370099996,ok,optimal,
ni_6_sub14_lock1_mip_20260304_031521.json,MASc NI 6 blocks,mip,highs,1800.0,1,2,13,1,9,-275714.64370099996,ok,optimal,
ni_6_sub14_lock1_mip_20260304_031521.json,MASc NI 6 blocks,mip,highs,1800.0,2,3,12,1,9,-279662.64370099996,ok,optimal,
ni_6_sub14_lock1_mip_20260304_031521.json,MASc NI 6 blocks,mip,highs,1800.0,3,4,11,1,8,-283610.64370099996,ok,optimal,
ni_6_sub14_lock1_mip_20260304_031521.json,MASc NI 6 blocks,mip,highs,1800.0,4,5,10,1,9,-287558.64370099996,ok,optimal,
ni_6_sub14_lock1_mip_20260304_031521.json,MASc NI 6 blocks,mip,highs,1800.0,5,6,9,1,8,-291506.64370099996,ok,optimal,
ni_6_sub14_lock1_mip_20260304_031521.json,MASc NI 6 blocks,mip,highs,1800.0,6,7,8,1,9,-295454.64370099996,ok,optimal,
ni_6_sub14_lock1_mip_20260304_031521.json,MASc NI 6 blocks,mip,highs,1800.0,7,8,7,1,8,-299402.6437009998,ok,optimal,
ni_6_sub14_lock1_mip_20260304_031521.json,MASc NI 6 blocks,mip,highs,1800.0,8,9,6,1,9,-303350.64370099996,ok,optimal,
ni_6_sub14_lock1_mip_20260304_031521.json,MASc NI 6 blocks,mip,highs,1800.0,9,10,5,1,8,-307298.64370099996,ok,optimal,
ni_6_sub14_lock1_mip_20260304_031521.json,MASc NI 6 blocks,mip,highs,1800.0,10,11,4,1,8,-311246.64370099996,ok,optimal,
ni_6_sub14_lock1_mip_20260304_031521.json,MASc NI 6 blocks,mip,highs,1800.0,11,12,3,1,7,-315194.64370099996,ok,optimal,
ni_6_sub14_lock1_mip_20260304_031521.json,MASc NI 6 blocks,mip,highs,1800.0,12,13,2,1,8,-319142.64370099996,ok,optimal,
ni_6_sub14_lock1_mip_20260304_031521.json,MASc NI 6 blocks,mip,highs,1800.0,13,14,1,1,0,-323090.64370099996,ok,optimal,
pg_6_sub28_lock7_sa_20260305_231847.json,MASc PG 6 blocks,sa,,,0,1,28,7,104,10413.260361999997,,,
pg_6_sub28_lock7_sa_20260305_231847.json,MASc PG 6 blocks,sa,,,1,8,21,7,102,-6282.670106000001,,,
pg_6_sub28_lock7_sa_20260305_231847.json,MASc PG 6 blocks,sa,,,2,15,14,7,103,-28970.670106,,,
pg_6_sub28_lock7_sa_20260305_231847.json,MASc PG 6 blocks,sa,,,3,22,7,7,104,-53447.962900000006,,,
ni_6_sub28_lock7_sa_20260305_112442.json,MASc NI 6 blocks,sa,,,0,1,28,7,103,-228022.64370099996,,,
ni_6_sub28_lock7_sa_20260305_112442.json,MASc NI 6 blocks,sa,,,1,8,21,7,101,-255658.64370099996,,,
ni_6_sub28_lock7_sa_20260305_112442.json,MASc NI 6 blocks,sa,,,2,15,14,7,103,-280978.64370099996,,,
ni_6_sub28_lock7_sa_20260305_112442.json,MASc NI 6 blocks,sa,,,3,22,7,7,103,-308614.64370099996,,,
pg_6_sub28_lock7_mip_20260302_062339.json,MASc PG 6 blocks,mip,highs,1800.0,0,1,28,7,0,,aborted,maxTimeLimit,1800.0
pg_6_sub28_lock7_mip_20260302_062339.json,MASc PG 6 blocks,mip,highs,1800.0,1,8,21,7,0,,aborted,maxTimeLimit,1800.0
pg_6_sub28_lock7_mip_20260302_062339.json,MASc PG 6 blocks,mip,highs,1800.0,2,15,14,7,0,,aborted,maxTimeLimit,1800.0
pg_6_sub28_lock7_mip_20260302_062339.json,MASc PG 6 blocks,mip,highs,1800.0,3,22,7,7,74,-44235.962900000006,ok,optimal,
pg_6_sub56_lock1_sa_20260302_085915.json,MASc PG 6 blocks,sa,,,0,1,56,1,6,56923.96289999997,,,
pg_6_sub56_lock1_sa_20260302_085915.json,MASc PG 6 blocks,sa,,,1,2,55,1,6,57923.96289999997,,,
pg_6_sub56_lock1_sa_20260302_085915.json,MASc PG 6 blocks,sa,,,2,3,54,1,6,59923.96289999997,,,
pg_6_sub56_lock1_sa_20260302_085915.json,MASc PG 6 blocks,sa,,,3,4,53,1,6,59923.96289999997,,,
pg_6_sub56_lock1_sa_20260302_085915.json,MASc PG 6 blocks,sa,,,4,5,52,1,6,60923.96289999997,,,
pg_6_sub56_lock1_sa_20260302_085915.json,MASc PG 6 blocks,sa,,,5,6,51,1,6,55923.96289999997,,,
pg_6_sub56_lock1_sa_20260302_085915.json,MASc PG 6 blocks,sa,,,6,7,50,1,6,58923.962899999984,,,
pg_6_sub56_lock1_sa_20260302_085915.json,MASc PG 6 blocks,sa,,,7,8,49,1,6,60923.96289999997,,,
pg_6_sub56_lock1_sa_20260302_085915.json,MASc PG 6 blocks,sa,,,8,9,48,1,6,51132.602227999974,,,
pg_6_sub56_lock1_sa_20260302_085915.json,MASc PG 6 blocks,sa,,,9,10,47,1,6,54500.602227999974,,,
pg_6_sub56_lock1_sa_20260302_085915.json,MASc PG 6 blocks,sa,,,10,11,46,1,6,53868.602227999974,,,
pg_6_sub56_lock1_sa_20260302_085915.json,MASc PG 6 blocks,sa,,,11,12,45,1,6,51236.602227999974,,,
pg_6_sub56_lock1_sa_20260302_085915.json,MASc PG 6 blocks,sa,,,12,13,44,1,6,45441.57174599999,,,
pg_6_sub56_lock1_sa_20260302_085915.json,MASc PG 6 blocks,sa,,,13,14,43,1,6,45809.57174599999,,,
pg_6_sub56_lock1_sa_20260302_085915.json,MASc PG 6 blocks,sa,,,14,15,42,1,6,39656.602227999974,,,
pg_6_sub56_lock1_sa_20260302_085915.json,MASc PG 6 blocks,sa,,,15,16,41,1,6,37024.602227999974,,,
pg_6_sub56_lock1_sa_20260302_085915.json,MASc PG 6 blocks,sa,,,16,17,40,1,6,40392.602227999974,,,
pg_6_sub56_lock1_sa_20260302_085915.json,MASc PG 6 blocks,sa,,,17,18,39,1,6,34760.602227999974,,,
pg_6_sub56_lock1_sa_20260302_085915.json,MASc PG 6 blocks,sa,,,18,19,38,1,6,36128.602227999974,,,
pg_6_sub56_lock1_sa_20260302_085915.json,MASc PG 6 blocks,sa,,,19,20,37,1,6,31333.571745999987,,,
pg_6_sub56_lock1_sa_20260302_085915.json,MASc PG 6 blocks,sa,,,20,21,36,1,6,31701.571745999987,,,
pg_6_sub56_lock1_sa_20260302_085915.json,MASc PG 6 blocks,sa,,,21,22,35,1,6,30134.393288,,,
pg_6_sub56_lock1_sa_20260302_085915.json,MASc PG 6 blocks,sa,,,22,23,34,1,6,27502.393288,,,
pg_6_sub56_lock1_sa_20260302_085915.json,MASc PG 6 blocks,sa,,,23,24,33,1,6,23824.43881999999,,,
pg_6_sub56_lock1_sa_20260302_085915.json,MASc PG 6 blocks,sa,,,24,25,32,1,6,22173.57174599999,,,
pg_6_sub56_lock1_sa_20260302_085915.json,MASc PG 6 blocks,sa,,,25,26,31,1,6,18309.260361999997,,,
pg_6_sub56_lock1_sa_20260302_085915.json,MASc PG 6 blocks,sa,,,26,27,30,1,6,17677.260361999997,,,
pg_6_sub56_lock1_sa_20260302_085915.json,MASc PG 6 blocks,sa,,,27,28,29,1,6,15045.260361999997,,,
pg_6_sub56_lock1_sa_20260302_085915.json,MASc PG 6 blocks,sa,,,28,29,28,1,6,11413.260361999997,,,
pg_6_sub56_lock1_sa_20260302_085915.json,MASc PG 6 blocks,sa,,,29,30,27,1,6,7781.260361999997,,,
pg_6_sub56_lock1_sa_20260302_085915.json,MASc PG 6 blocks,sa,,,30,31,26,1,6,3400.4388199999885,,,
pg_6_sub56_lock1_sa_20260302_085915.json,MASc PG 6 blocks,sa,,,31,32,25,1,6,2768.4388199999958,,,
pg_6_sub56_lock1_sa_20260302_085915.json,MASc PG 6 blocks,sa,,,32,33,24,1,6,2136.4388199999958,,,
pg_6_sub56_lock1_sa_20260302_085915.json,MASc PG 6 blocks,sa,,,33,34,23,1,6,-495.56118000000424,,,
pg_6_sub56_lock1_sa_20260302_085915.json,MASc PG 6 blocks,sa,,,34,35,22,1,6,-4378.739638000006,,,
pg_6_sub56_lock1_sa_20260302_085915.json,MASc PG 6 blocks,sa,,,35,36,21,1,6,-6282.670106000001,,,
pg_6_sub56_lock1_sa_20260302_085915.json,MASc PG 6 blocks,sa,,,36,37,20,1,6,-9958.739638000006,,,
pg_6_sub56_lock1_sa_20260302_085915.json,MASc PG 6 blocks,sa,,,37,38,19,1,6,-12274.739638000006,,,
pg_6_sub56_lock1_sa_20260302_085915.json,MASc PG 6 blocks,sa,,,38,39,18,1,6,-15222.739638000006,,,
pg_6_sub56_lock1_sa_20260302_085915.json,MASc PG 6 blocks,sa,,,39,40,17,1,6,-18854.739638000006,,,
pg_6_sub56_lock1_sa_20260302_085915.json,MASc PG 6 blocks,sa,,,40,41,16,1,6,-21863.962900000006,,,
pg_6_sub56_lock1_sa_20260302_085915.json,MASc PG 6 blocks,sa,,,41,42,15,1,6,-25811.962900000006,,,
pg_6_sub56_lock1_sa_20260302_085915.json,MASc PG 6 blocks,sa,,,42,43,14,1,6,-27654.670106,,,
pg_6_sub56_lock1_sa_20260302_085915.json,MASc PG 6 blocks,sa,,,43,44,13,1,6,-30488.032432000004,,,
pg_6_sub56_lock1_sa_20260302_085915.json,MASc PG 6 blocks,sa,,,44,45,12,1,6,-35023.962900000006,,,
pg_6_sub56_lock1_sa_20260302_085915.json,MASc PG 6 blocks,sa,,,45,46,11,1,6,-39498.670106000005,,,
pg_6_sub56_lock1_sa_20260302_085915.json,MASc PG 6 blocks,sa,,,46,47,10,1,6,-42919.962900000006,,,
pg_6_sub56_lock1_sa_20260302_085915.json,MASc PG 6 blocks,sa,,,47,48,9,1,6,-45551.962900000006,,,
pg_6_sub56_lock1_sa_20260302_085915.json,MASc PG 6 blocks,sa,,,48,49,8,1,6,-49499.962900000006,,,
pg_6_sub56_lock1_sa_20260302_085915.json,MASc PG 6 blocks,sa,,,49,50,7,1,6,-52131.962900000006,,,
pg_6_sub56_lock1_sa_20260302_085915.json,MASc PG 6 blocks,sa,,,50,51,6,1,6,-56079.962900000006,,,
pg_6_sub56_lock1_sa_20260302_085915.json,MASc PG 6 blocks,sa,,,51,52,5,1,6,-60027.962900000006,,,
pg_6_sub56_lock1_sa_20260302_085915.json,MASc PG 6 blocks,sa,,,52,53,4,1,6,-63975.9629,,,
pg_6_sub56_lock1_sa_20260302_085915.json,MASc PG 6 blocks,sa,,,53,54,3,1,6,-67923.9629,,,
pg_6_sub56_lock1_sa_20260302_085915.json,MASc PG 6 blocks,sa,,,54,55,2,1,6,-67923.9629,,,
pg_6_sub56_lock1_sa_20260302_085915.json,MASc PG 6 blocks,sa,,,55,56,1,1,6,-67923.9629,,,
ka_6_sub28_lock7_sa_20260305_110018.json,MASc KA 6 blocks,sa,,,0,1,28,7,91,15847.597830999988,,,
ka_6_sub28_lock7_sa_20260305_110018.json,MASc KA 6 blocks,sa,,,1,8,21,7,88,9410.365282999992,,,
ka_6_sub28_lock7_sa_20260305_110018.json,MASc KA 6 blocks,sa,,,2,15,14,7,89,-381.3555949999991,,,
ka_6_sub28_lock7_sa_20260305_110018.json,MASc KA 6 blocks,sa,,,3,22,7,7,94,-25437.355595,,,
pg_18_sub14_lock7_sa_20260305_083630.json,MASc PG 18 blocks,sa,,,0,1,14,7,165,-468484.983972,,,
pg_18_sub14_lock7_sa_20260305_083630.json,MASc PG 18 blocks,sa,,,1,8,7,7,180,-524862.276766,,,
