
Gurobi 13.0.3 (linux64) logging started Sat Oct 10 06:10:18 2026

Set parameter LogFile to value "/home/gep/projects/jaffray-masc-fhops-model/data/output/rerun_v101_calib/ni_18_sub14_lock7.gurobi.log"
Gurobi Optimizer version 13.0.3 build v13.0.3rc0 (linux64 - "Ubuntu 24.04.3 LTS")

CPU model: Intel(R) Xeon(R) Gold 6254 CPU @ 3.10GHz, instruction set [SSE2|AVX|AVX2|AVX512]
Thread count: 36 physical cores, 72 logical processors, using up to 1 threads

Non-default parameters:
TimeLimit  7200
Threads  1

Optimize a model with 25371 rows, 27686 columns and 85614 nonzeros (Max)
Model fingerprint: 0x6f5bb8f4
Model has 774 linear objective coefficients
Variable types: 17406 continuous, 10280 integer (10280 binary)
Coefficient statistics:
  Matrix range     [1e+00, 5e+04]
  Objective range  [1e+00, 1e+00]
  Bounds range     [1e+00, 1e+00]
  RHS range        [1e+00, 2e+05]

Found heuristic solution: objective -755749.6354
Presolve removed 5711 rows and 5875 columns
Presolve time: 0.21s
Presolved: 19660 rows, 21811 columns, 72599 nonzeros
Variable types: 12258 continuous, 9553 integer (9550 binary)

Root simplex log...

Iteration    Objective       Primal Inf.    Dual Inf.      Time
   29315   -5.9393077e+05   1.711337e+05   0.000000e+00      5s
   40899   -5.9440030e+05   5.294078e+04   0.000000e+00     10s
   51965   -5.9461473e+05   2.719484e+06   0.000000e+00     15s
   60415   -5.9461475e+05   2.596355e+05   0.000000e+00     20s
   71293   -6.0174534e+05   5.268069e+07   0.000000e+00     25s
   83407   -6.0174804e+05   1.064902e+07   0.000000e+00     30s
   92607   -6.0174821e+05   2.214124e+06   0.000000e+00     35s
  100977   -6.0174823e+05   1.341932e+05   0.000000e+00     40s
  105263   -6.0177764e+05   0.000000e+00   0.000000e+00     43s

Root relaxation: objective -6.017776e+05, 105263 iterations, 42.74 seconds (38.87 work units)

    Nodes    |    Current Node    |     Objective Bounds      |     Work
 Expl Unexpl |  Obj  Depth IntInf | Incumbent    BestBd   Gap | It/Node Time

     0     0 -601777.64    0  347 -755749.64 -601777.64  20.4%     -   45s
H    0     0                    -631545.9338 -601777.64  4.71%     -   45s
     0     0 -601777.64    0  510 -631545.93 -601777.64  4.71%     -   46s
H    0     0                    -627166.9273 -601777.64  4.05%     -   47s
     0     0 -601777.64    0  517 -627166.93 -601777.64  4.05%     -   47s
     0     0 -601777.64    0  549 -627166.93 -601777.64  4.05%     -   51s
     0     0 -601777.64    0  282 -627166.93 -601777.64  4.05%     -   56s
H    0     0                    -620947.0412 -601777.64  3.09%     -   56s
H    0     0                    -616671.4564 -601777.64  2.42%     -   56s
H    0     0                    -615015.9625 -601777.64  2.15%     -   56s
H    0     0                    -613884.3739 -601777.64  1.97%     -   56s
H    0     0                    -613381.9054 -601777.64  1.89%     -   56s
H    0     0                    -613204.6592 -601777.64  1.86%     -   56s
     0     0 -601777.64    0  283 -613204.66 -601777.64  1.86%     -   57s
     0     0 -601777.64    0  388 -613204.66 -601777.64  1.86%     -   58s
     0     0 -601777.64    0  218 -613204.66 -601777.64  1.86%     -   61s
     0     0 -601777.64    0  231 -613204.66 -601777.64  1.86%     -   61s
     0     0 -601777.64    0  359 -613204.66 -601777.64  1.86%     -   62s
     0     0 -601777.64    0  194 -613204.66 -601777.64  1.86%     -   66s
H    0     0                    -612195.3721 -601777.64  1.70%     -   66s
     0     0 -601777.64    0  224 -612195.37 -601777.64  1.70%     -   66s
     0     0 -601777.64    0  235 -612195.37 -601777.64  1.70%     -   67s
     0     0 -601777.64    0  184 -612195.37 -601777.64  1.70%     -   69s
H    0     0                    -608640.7404 -601777.64  1.13%     -   70s
H    0     0                    -607695.4339 -601777.64  0.97%     -   70s
H    0     0                    -607577.5919 -601777.64  0.95%     -   70s
H    0     0                    -607432.8609 -601777.64  0.93%     -   70s
     0     0 -601777.64    0  205 -607432.86 -601777.64  0.93%     -   71s
     0     0 -601777.64    0  293 -607432.86 -601777.64  0.93%     -   72s
     0     0 -601777.64    0  180 -607432.86 -601777.64  0.93%     -   74s
H    0     0                    -607414.1414 -601777.64  0.93%     -   74s
H    0     0                    -607231.3539 -601777.64  0.90%     -   75s
H    0     0                    -607103.0783 -601777.64  0.88%     -   75s
     0     0 -601777.64    0  225 -607103.08 -601777.64  0.88%     -   75s
     0     0 -601777.64    0  272 -607103.08 -601777.64  0.88%     -   76s
     0     0 -601777.64    0  165 -607103.08 -601777.64  0.88%     -   78s
     0     0 -601777.64    0  179 -607103.08 -601777.64  0.88%     -   79s
     0     0 -601777.64    0  248 -607103.08 -601777.64  0.88%     -   80s
     0     0 -601777.64    0  167 -607103.08 -601777.64  0.88%     -   83s
H    0     0                    -606912.8828 -601777.64  0.85%     -   83s
     0     0 -601777.64    0  234 -606912.88 -601777.64  0.85%     -   84s
     0     0 -601777.64    0  322 -606912.88 -601777.64  0.85%     -   85s
     0     0 -601777.64    0  184 -606912.88 -601777.64  0.85%     -   87s
     0     0 -601777.64    0  184 -606912.88 -601777.64  0.85%     -   88s
     0     0 -601777.64    0  137 -606912.88 -601777.64  0.85%     -   89s
H    0     0                    -606856.5525 -601777.64  0.84%     -   91s
H    0     0                    -606804.8534 -601777.64  0.83%     -   93s
H    0     0                    -606613.4480 -601777.64  0.80%     -   93s
H    0     0                    -606418.3187 -601777.64  0.77%     -   93s
H    0     0                    -606019.9632 -601777.64  0.70%     -   93s
     0     2 -601777.64    0  137 -606019.96 -601777.64  0.70%     -   96s
H    2     2                    -605844.8342 -601777.64  0.67%   268   97s
H    2     2                    -605838.7174 -601777.64  0.67%   268   97s
H    2     2                    -605838.7173 -601777.64  0.67%   268   97s
     4     6 -601777.64    2  180 -605838.72 -601777.64  0.67%   571  100s
     7     9 -601777.64    4  162 -605838.72 -601777.64  0.67%   656  111s
    17    19 -601777.64   11  163 -605838.72 -601777.64  0.67%   577  115s
    35    37 -601777.64   24  158 -605838.72 -601777.64  0.67%   482  120s
    43    45 -601777.64   29  172 -605838.72 -601777.64  0.67%   555  125s
H   55    55                    -605756.3201 -601777.64  0.66%   513  128s
H   61    61                    -605720.2723 -601777.64  0.65%   512  130s
    69    71 -601777.64   44  285 -605720.27 -601777.64  0.65%   539  135s
    81    83 -601777.64   53  197 -605720.27 -601777.64  0.65%   508  140s
   100   102 -601777.64   69  185 -605720.27 -601777.64  0.65%   466  145s
   118   120 -601777.64   82  326 -605720.27 -601777.64  0.65%   474  150s
   134   136 -601777.64   95  184 -605720.27 -601777.64  0.65%   460  155s
   179   181 -601777.64  133  225 -605720.27 -601777.64  0.65%   411  160s
   201   203 -601777.64  149  258 -605720.27 -601777.64  0.65%   410  167s
   211   213 -601777.64  155  248 -605720.27 -601777.64  0.65%   416  170s
H  220   220                    -605607.8994 -601777.64  0.63%   418  176s
H  220   220                    -605516.2462 -601777.64  0.62%   418  180s
   230   232 -601777.64  167  239 -605516.25 -601777.64  0.62%   425  185s
H  236   236                    -605482.4284 -601777.64  0.61%   427  186s
H  238   238                    -605445.6753 -601777.64  0.61%   429  190s
   264   266 -601801.16  191  232 -605445.68 -601777.64  0.61%   435  195s
H  294   292                    -605290.3177 -601777.64  0.58%   418  198s
   294   294 -601801.16  214  206 -605290.32 -601777.64  0.58%   418  201s
H  300   298                    -605267.2533 -601777.64  0.58%   421  210s
   323   323 -601801.16  233  216 -605267.25 -601777.64  0.58%   427  215s
   371   369 -603869.91  262  170 -605267.25 -601777.64  0.58%   408  221s
   477   457 -601777.64    6  220 -605267.25 -601777.64  0.58%   340  225s
   499   479 -601777.64   20  272 -605267.25 -601777.64  0.58%   351  230s
   512   492 -601777.64   28  281 -605267.25 -601777.64  0.58%   360  236s
   525   504 -601777.64  105  137 -605267.25 -601777.64  0.58%   360  261s
   527   505 -601777.64   12  422 -605267.25 -601777.64  0.58%   358  302s
   528   506 -601777.64   16  311 -605267.25 -601777.64  0.58%   358  313s
   530   507 -605050.27  335  210 -605267.25 -601777.64  0.58%   356  320s
   532   509 -601777.64   34  211 -605267.25 -601777.64  0.58%   355  326s
   534   510 -601777.64   60  139 -605267.25 -601777.64  0.58%   354  331s
   536   511 -601777.64   87  200 -605267.25 -601777.64  0.58%   352  338s
H  537   486                    -605215.6608 -601777.64  0.57%   352  350s
H  537   461                    -605209.5439 -601777.64  0.57%   352  353s
   538   462 -604773.34  331  161 -605209.54 -601777.64  0.57%   351  356s
   540   463 -601777.64  164  173 -605209.54 -601777.64  0.57%   350  362s
   542   464 -601777.64  139  187 -605209.54 -601777.64  0.57%   348  368s
   544   466 -602319.64  155  182 -605209.54 -601777.64  0.57%   347  375s
   546   467 -601777.64  117  187 -605209.54 -601777.64  0.57%   346  381s
   547   468 -601777.64   39  140 -605209.54 -601777.64  0.57%   345  422s
   548   468 -601777.64   27  140 -605209.54 -601777.64  0.57%   345  451s
   549   471 -601777.64   11  130 -605209.54 -601777.64  0.57%   975  470s
   550   472 -601777.64   11  240 -605209.54 -601777.64  0.57%   976  484s
   552   473 -601777.64   12  258 -605209.54 -601777.64  0.57%   976  485s
   564   481 -601777.64   18  326 -605209.54 -601777.64  0.57%   977  490s
   572   486 -601777.64   22  324 -605209.54 -601777.64  0.57%   984  495s
   584   494 -601777.64   28  359 -605209.54 -601777.64  0.57%   985  500s
   595   502 -601777.64   34  306 -605209.54 -601777.64  0.57%   984  505s
   608   510 -601777.64   40  165 -605209.54 -601777.64  0.57%  1013  512s
   616   516 -601777.64   44  241 -605209.54 -601777.64  0.57%  1010  515s
   618   517 -601777.64   45  242 -605209.54 -601777.64  0.57%  1010  532s
   624   521 -601777.64   48  224 -605209.54 -601777.64  0.57%  1009  535s
   644   534 -601777.64   58  278 -605209.54 -601777.64  0.57%   995  540s
   661   546 -601777.64   67  297 -605209.54 -601777.64  0.57%   981  545s
   688   564 -601777.64   80  274 -605209.54 -601777.64  0.57%   955  550s
   714   581 -601777.64   93  317 -605209.54 -601777.64  0.57%   934  555s
   733   594 -601777.64  103  280 -605209.54 -601777.64  0.57%   926  560s
   748   604 -601777.64  110  283 -605209.54 -601777.64  0.57%   922  565s
   766   616 -601846.64  119  318 -605209.54 -601777.64  0.57%   912  570s
   782   626 -601920.94  127  307 -605209.54 -601777.64  0.57%   908  575s
   795   635 -601920.94  134  278 -605209.54 -601777.64  0.57%   906  580s
   815   646 -602306.90  144  264 -605209.54 -601777.64  0.57%   895  585s
   837   661 -602306.90  155  243 -605209.54 -601777.64  0.57%   881  590s
   854   672 -602306.90  163  228 -605209.54 -601777.64  0.57%   875  595s
   875   686 -602306.90  174  278 -605209.54 -601777.64  0.57%   864  600s
   893   698 -602306.90  183  248 -605209.54 -601777.64  0.57%   858  605s
   914   712 -602306.90  193  278 -605209.54 -601777.64  0.57%   847  632s
   915   713 -602306.90  194  247 -605209.54 -601777.64  0.57%   846  640s
   931   724 -602306.90  202  261 -605209.54 -601777.64  0.57%   840  645s
   949   736 -602306.90  211  249 -605209.54 -601777.64  0.57%   833  650s
   963   745 -602306.90  218  290 -605209.54 -601777.64  0.57%   832  655s
   980   756 -602848.90  226  273 -605209.54 -601777.64  0.57%   828  660s
   998   768 -602521.37  235  252 -605209.54 -601777.64  0.57%   823  665s
  1018   782 -603054.90  245  248 -605209.54 -601777.64  0.57%   816  670s
  1052   804 -605064.09  262  216 -605209.54 -601777.64  0.57%   799  675s
  1091   826 -603837.37  282  202 -605209.54 -601777.64  0.57%   779  680s
  1132   845 -603987.15  302  224 -605209.54 -601777.64  0.57%   761  685s
  1149   844 -601777.64   17  290 -605209.54 -601777.64  0.57%   759  690s
  1158   850 -601777.64   21  400 -605209.54 -601777.64  0.57%   763  695s
  1164   854 -601777.64   24  401 -605209.54 -601777.64  0.57%   765  700s
  1175   861 -601777.64   30  199 -605209.54 -601777.64  0.57%   778  706s
  1176   862 -601777.64   30  222 -605209.54 -601777.64  0.57%   795  741s
  1190   871 -601777.64   37  199 -605209.54 -601777.64  0.57%   792  745s
H 1200   836                    -605040.3219 -601777.64  0.54%   788  762s
  1200   838 -601777.64   42  271 -605040.32 -601777.64  0.54%   789  767s
  1206   842 -601777.64   45  230 -605040.32 -601777.64  0.54%   789  770s
  1225   855 -601777.64   55  298 -605040.32 -601777.64  0.54%   785  775s
  1239   864 -601777.64   62  295 -605040.32 -601777.64  0.54%   784  780s
  1259   877 -601777.64   72  273 -605040.32 -601777.64  0.54%   778  785s
  1276   889 -601777.64   80  167 -605040.32 -601777.64  0.54%   781  790s
  1294   901 -601777.64   89  262 -605040.32 -601777.64  0.54%   779  795s
  1313   913 -601777.64   99  260 -605040.32 -601777.64  0.54%   776  800s
  1329   920 -603004.36  106  287 -605040.32 -601777.64  0.54%   774  805s
  1344   926 -601777.64  114  349 -605040.32 -601777.64  0.54%   772  810s
  1356   934 -601777.64  120  188 -605040.32 -601777.64  0.54%   783  816s
  1363   939 -602227.56  123  237 -605040.32 -601777.64  0.54%   792  820s
  1382   945 -602228.32  133  297 -605040.32 -601777.64  0.54%   787  825s
  1408   959 -602228.32  146  262 -605040.32 -601777.64  0.54%   778  830s
  1434   972 -602378.03  159  264 -605040.32 -601777.64  0.54%   770  835s
  1461   990 -603478.57  172  177 -605040.32 -601777.64  0.54%   762  840s
  1498  1015 -602378.03  191  280 -605040.32 -601777.64  0.54%   747  845s
  1526  1033 -603233.80  205  258 -605040.32 -601777.64  0.54%   739  850s
  1549  1049 -603233.80  216  254 -605040.32 -601777.64  0.54%   734  855s
  1571  1063 -603233.80  227  209 -605040.32 -601777.64  0.54%   730  860s
  1579  1069 -603233.80  231  259 -605040.32 -601777.64  0.54%   729  879s
  1582  1071 -603233.80  233  209 -605040.32 -601777.64  0.54%   728  880s
  1605  1086 -603233.80  244  238 -605040.32 -601777.64  0.54%   724  885s
  1627  1101 -603657.82  255  194 -605040.32 -601777.64  0.54%   720  890s
  1668  1124 -603775.63  276  250 -605040.32 -601777.64  0.54%   706  895s
  1692  1135 -603775.63  288  231 -605040.32 -601777.64  0.54%   702  900s
  1710  1147 -603775.63  297  231 -605040.32 -601777.64  0.54%   702  905s
  1733  1160 -603775.63  308  246 -605040.32 -601777.64  0.54%   700  910s
  1758  1177 -604345.67  321  187 -605040.32 -601777.64  0.54%   697  915s
  1791  1180 -601777.64   17  265 -605040.32 -601777.64  0.54%   692  920s
  1800  1186 -601777.64   22  320 -605040.32 -601777.64  0.54%   701  925s
  1812  1194 -601777.64   28  291 -605040.32 -601777.64  0.54%   702  930s
  1827  1204 -601777.64   35  280 -605040.32 -601777.64  0.54%   701  935s
  1837  1211 -601777.64   40  199 -605040.32 -601777.64  0.54%   711  941s
  1848  1218 -601777.64   46  333 -605040.32 -601777.64  0.54%   711  945s
  1857  1224 -601777.64   50  220 -605040.32 -601777.64  0.54%   722  950s
  1871  1233 -601777.64   57  308 -605040.32 -601777.64  0.54%   721  955s
  1882  1241 -601777.64   63  330 -605040.32 -601777.64  0.54%   729  960s
  1891  1250 -601777.64   67  371 -605040.32 -601777.64  0.54%   729  980s
  1904  1261 -601777.64   73  383 -605040.32 -601777.64  0.54%   728  985s
  1918  1271 -601777.64   80  194 -605040.32 -601777.64  0.54%   736  992s
  1921  1274 -601777.64   81  184 -605040.32 -601777.64  0.54%   744  995s
  1948  1301 -601777.64   95  219 -605040.32 -601777.64  0.54%   738 1000s
  1971  1324 -601912.26  106  300 -605040.32 -601777.64  0.54%   735 1005s
H 1975  1287                    -604704.5927 -601777.64  0.48%   733 1035s
  1975  1289 -601777.64  108  287 -604704.59 -601777.64  0.48%   734 1054s
  1977  1291 -601777.64  109  300 -604704.59 -601777.64  0.48%   734 1055s
  1993  1307 -601777.64  117  293 -604704.59 -601777.64  0.48%   732 1060s
  2016  1330 -601777.64  129  306 -604704.59 -601777.64  0.48%   727 1065s
  2035  1349 -602716.65  138  237 -604704.59 -601777.64  0.48%   731 1070s
  2046  1360 -601777.64  144  288 -604704.59 -601777.64  0.48%   729 1089s
  2047  1361 -601777.64  144  206 -604704.59 -601777.64  0.48%   729 1090s
  2061  1375 -601777.64  151  260 -604704.59 -601777.64  0.48%   729 1095s
  2076  1390 -601777.64  159  247 -604704.59 -601777.64  0.48%   729 1100s
  2093  1407 -602641.87  167  219 -604704.59 -601777.64  0.48%   727 1105s
  2105  1419 -601777.64  173  303 -604704.59 -601777.64  0.48%   728 1110s
  2119  1433 -601777.64  180  196 -604704.59 -601777.64  0.48%   738 1116s
  2134  1448 -602143.08  188  240 -604704.59 -601777.64  0.48%   736 1120s
  2159  1470 -603312.79  200  198 -604704.59 -601777.64  0.48%   733 1125s
H 2187  1494                    -604581.9143 -601777.64  0.46%   727 1134s
H 2187  1477                    -604386.1216 -601777.64  0.43%   727 1134s
H 2187  1433                    -604123.2504 -601777.64  0.39%   727 1135s
  2187  1435 -603992.37  214  199 -604123.25 -601777.64  0.39%   727 1148s
  2196  1441 -603506.46  219  234 -604123.25 -601777.64  0.39%   726 1150s
  2231  1448 -601777.64   16  213 -604123.25 -601777.64  0.39%   719 1155s
  2248  1465 -601777.64   24  291 -604123.25 -601777.64  0.39%   718 1160s
  2261  1478 -601777.64   31  360 -604123.25 -601777.64  0.39%   719 1165s
  2273  1490 -601777.64   37  356 -604123.25 -601777.64  0.39%   720 1170s
  2280  1497 -601777.64   40  165 -604123.25 -601777.64  0.39%   737 1177s
  2284  1501 -601777.64   42  181 -604123.25 -601777.64  0.39%   737 1192s
  2297  1514 -601777.64   49  191 -604123.25 -601777.64  0.39%   736 1195s
  2314  1531 -601777.64   57  268 -604123.25 -601777.64  0.39%   736 1200s
  2349  1566 -601777.64   75  254 -604123.25 -601777.64  0.39%   727 1205s
  2380  1597 -601777.64   90  146 -604123.25 -601777.64  0.39%   726 1210s
  2392  1609 -601777.64   96  150 -604123.25 -601777.64  0.39%   727 1215s
  2411  1628 -601777.64  106  168 -604123.25 -601777.64  0.39%   727 1220s
  2432  1649 -602641.87  116  218 -604123.25 -601777.64  0.39%   724 1225s
  2445  1662 -601777.64  123  241 -604123.25 -601777.64  0.39%   729 1230s
  2461  1678 -601777.64  131  309 -604123.25 -601777.64  0.39%   728 1235s
  2478  1693 -601809.91  139  380 -604123.25 -601777.64  0.39%   728 1240s
  2495  1710 -601777.64  148  285 -604123.25 -601777.64  0.39%   727 1245s
  2507  1722 -602468.84  154  326 -604123.25 -601777.64  0.39%   728 1250s
  2518  1733 -601777.64  159  369 -604123.25 -601777.64  0.39%   728 1271s
  2528  1743 -601777.64  164  358 -604123.25 -601777.64  0.39%   733 1275s
  2544  1759 -601955.98  172  299 -604123.25 -601777.64  0.39%   732 1280s
  2558  1772 -602997.27  179  335 -604123.25 -601777.64  0.39%   732 1285s
  2575  1789 -602179.41  188  318 -604123.25 -601777.64  0.39%   730 1290s
  2588  1802 -602179.41  194  297 -604123.25 -601777.64  0.39%   730 1295s
  2603  1817 -602356.70  202  274 -604123.25 -601777.64  0.39%   730 1300s
  2617  1831 -602356.70  209  268 -604123.25 -601777.64  0.39%   730 1305s
  2635  1849 -602356.70  218  252 -604123.25 -601777.64  0.39%   730 1310s
  2652  1866 -602356.70  226  232 -604123.25 -601777.64  0.39%   729 1315s
  2676  1890 -602356.70  238  268 -604123.25 -601777.64  0.39%   727 1320s
  2692  1906 -602356.70  246  286 -604123.25 -601777.64  0.39%   726 1325s
  2709  1923 -602356.70  255  288 -604123.25 -601777.64  0.39%   726 1330s
  2727  1941 -602356.70  264  234 -604123.25 -601777.64  0.39%   725 1335s
  2747  1961 -602356.70  274  253 -604123.25 -601777.64  0.39%   723 1340s
  2764  1978 -602356.70  282  273 -604123.25 -601777.64  0.39%   723 1345s
  2780  1990 -602925.54  290  236 -604123.25 -601777.64  0.39%   722 1370s
  2781  1991 -602356.74  291  262 -604123.25 -601777.64  0.39%   721 1387s
  2791  2001 -602356.74  296  248 -604123.25 -601777.64  0.39%   721 1390s
  2812  2022 -602356.74  306  254 -604123.25 -601777.64  0.39%   719 1395s
  2828  2038 -602722.04  314  270 -604123.25 -601777.64  0.39%   720 1400s
  2861  2067 -602642.70  331  208 -604123.25 -601777.64  0.39%   717 1405s
  2919  2121 -603704.45  360  172 -604123.25 -601777.64  0.39%   707 1410s
  2979  2172 -603704.45  390  165 -604123.25 -601777.64  0.39%   698 1415s
  3042  2221 -604025.05  423  190 -604123.25 -601777.64  0.39%   687 1420s
  3087  2228 -601777.64   21  136 -604123.25 -601777.64  0.39%   686 1425s
  3108  2249 -601777.64   31  241 -604123.25 -601777.64  0.39%   686 1430s
  3120  2261 -601777.64   37  216 -604123.25 -601777.64  0.39%   687 1435s
  3142  2283 -601777.64   48  218 -604123.25 -601777.64  0.39%   686 1440s
  3155  2296 -601777.64   55  278 -604123.25 -601777.64  0.39%   687 1445s
  3166  2307 -601777.64   60  175 -604123.25 -601777.64  0.39%   692 1465s
  3180  2321 -601777.64   67  355 -604123.25 -601777.64  0.39%   692 1470s
  3192  2333 -601777.64   73  389 -604123.25 -601777.64  0.39%   692 1475s
  3201  2342 -601777.64   78  314 -604123.25 -601777.64  0.39%   693 1480s
  3212  2353 -601777.64   83  320 -604123.25 -601777.64  0.39%   694 1485s
  3224  2365 -601777.64   89  355 -604123.25 -601777.64  0.39%   694 1490s
  3231  2372 -601777.64   93  330 -604123.25 -601777.64  0.39%   700 1495s
  3243  2384 -601777.64   99  299 -604123.25 -601777.64  0.39%   700 1500s
  3250  2391 -601777.64  102  279 -604123.25 -601777.64  0.39%   708 1505s
  3266  2407 -601777.64  110  284 -604123.25 -601777.64  0.39%   708 1510s
  3284  2425 -601777.64  119  335 -604123.25 -601777.64  0.39%   707 1515s
  3292  2433 -602280.10  123  334 -604123.25 -601777.64  0.39%   713 1520s
  3307  2448 -601912.26  131  275 -604123.25 -601777.64  0.39%   713 1525s
  3324  2465 -601912.26  139  324 -604123.25 -601777.64  0.39%   712 1530s
  3349  2490 -602004.34  152  269 -604123.25 -601777.64  0.39%   710 1535s
  3354  2495 -602216.39  154  278 -604123.25 -601777.64  0.39%   710 1552s
  3372  2513 -602414.41  163  253 -604123.25 -601777.64  0.39%   708 1555s
  3391  2532 -602414.41  173  285 -604123.25 -601777.64  0.39%   707 1560s
  3410  2551 -602414.41  182  318 -604123.25 -601777.64  0.39%   706 1565s
  3428  2569 -602414.41  191  327 -604123.25 -601777.64  0.39%   705 1570s
  3447  2588 -602414.41  201  304 -604123.25 -601777.64  0.39%   703 1575s
  3460  2601 -602414.41  207  350 -604123.25 -601777.64  0.39%   705 1580s
  3488  2628 -603563.91  221  309 -604123.25 -601777.64  0.39%   702 1585s
  3536  2662 -603396.16  245  246 -604123.25 -601777.64  0.39%   695 1590s
  3565  2690 -603036.90  260  267 -604123.25 -601777.64  0.39%   693 1595s
  3585  2707 -603036.90  270  314 -604123.25 -601777.64  0.39%   693 1600s
  3607  2720 -603036.90  281  304 -604123.25 -601777.64  0.39%   691 1605s
  3628  2734 -603036.90  291  363 -604123.25 -601777.64  0.39%   689 1619s
  3632  2737 -603036.90  293  315 -604123.25 -601777.64  0.39%   688 1620s
  3651  2753 -603036.90  303  291 -604123.25 -601777.64  0.39%   688 1625s
  3669  2771 -603036.90  312  298 -604123.25 -601777.64  0.39%   687 1630s
  3671  2773 -603036.90  313  350 -604123.25 -601777.64  0.39%   687 1648s
  3675  2777 -603036.90  315  318 -604123.25 -601777.64  0.39%   688 1650s
  3691  2793 -603036.90  323  295 -604123.25 -601777.64  0.39%   687 1655s
  3708  2810 -603161.98  332  247 -604123.25 -601777.64  0.39%   687 1660s
  3733  2835 -603161.98  344  239 -604123.25 -601777.64  0.39%   685 1665s
  3759  2861 -603161.98  357  264 -604123.25 -601777.64  0.39%   684 1670s
  3789  2888 -603161.98  372  255 -604123.25 -601777.64  0.39%   681 1675s
  3812  2911 -603161.98  384  259 -604123.25 -601777.64  0.39%   680 1680s
  3832  2931 -603161.98  394  226 -604123.25 -601777.64  0.39%   679 1685s
  3854  2953 -603161.98  405  248 -604123.25 -601777.64  0.39%   679 1690s
  3892  2981 -603739.80  424  237 -604123.25 -601777.64  0.39%   676 1695s
  3948  3010 -603004.36   36  171 -604123.25 -601777.64  0.39%   669 1700s
  3976  3038 -601777.64   50  183 -604123.25 -601777.64  0.39%   671 1705s
  4009  3071 -601777.64   67  222 -604123.25 -601777.64  0.39%   666 1710s
  4030  3092 -601777.64   77  265 -604123.25 -601777.64  0.39%   666 1715s
  4047  3109 -601777.64   86  230 -604123.25 -601777.64  0.39%   666 1720s
  4064  3126 -601777.64   94  283 -604123.25 -601777.64  0.39%   666 1754s
  4065  3127 -601777.64   95  287 -604123.25 -601777.64  0.39%   666 1772s
  4075  3137 -601777.64  100  278 -604123.25 -601777.64  0.39%   666 1775s
  4082  3144 -601777.64  103  318 -604123.25 -601777.64  0.39%   671 1780s
  4096  3158 -601777.64  110  181 -604123.25 -601777.64  0.39%   674 1785s
  4109  3171 -601777.64  117  240 -604123.25 -601777.64  0.39%   675 1790s
  4130  3192 -601777.64  127  258 -604123.25 -601777.64  0.39%   674 1795s
  4144  3206 -601777.64  134  302 -604123.25 -601777.64  0.39%   675 1800s
  4156  3218 -603004.36  140  296 -604123.25 -601777.64  0.39%   675 1805s
  4169  3231 -601777.64  147  316 -604123.25 -601777.64  0.39%   675 1810s
  4176  3238 -601777.64  150  216 -604123.25 -601777.64  0.39%   683 1816s
  4188  3250 -601863.02  156  259 -604123.25 -601777.64  0.39%   683 1820s
  4205  3267 -601777.64  165  330 -604123.25 -601777.64  0.39%   683 1825s
  4219  3281 -601777.64  172  208 -604123.25 -601777.64  0.39%   686 1830s
  4243  3305 -601777.64  184  252 -604123.25 -601777.64  0.39%   686 1835s
  4270  3332 -602461.70  197  285 -604123.25 -601777.64  0.39%   685 1840s
  4276  3338 -602267.77  200  256 -604123.25 -601777.64  0.39%   685 1852s
  4289  3351 -602267.77  207  305 -604123.25 -601777.64  0.39%   684 1855s
  4314  3375 -602275.82  219  318 -604123.25 -601777.64  0.39%   683 1860s
  4366  3417 -603427.57  246  329 -604123.25 -601777.64  0.39%   677 1865s
  4391  3438 -603429.36  259  300 -604123.25 -601777.64  0.39%   675 1870s
  4413  3451 -603429.36  271  336 -604123.25 -601777.64  0.39%   674 1875s
  4431  3466 -603429.36  281  276 -604123.25 -601777.64  0.39%   673 1880s
  4480  3478 -603429.36  311  261 -604123.25 -601777.64  0.39%   668 1885s
  4495  3491 -603429.36  318  284 -604123.25 -601777.64  0.39%   668 1890s
  4517  3512 -603429.36  330  251 -604123.25 -601777.64  0.39%   668 1895s
  4542  3535 -603777.99  342  277 -604123.25 -601777.64  0.39%   667 1900s
  4558  3549 -603429.36  350  272 -604123.25 -601777.64  0.39%   667 1916s
  4570  3561 -603777.99  356  271 -604123.25 -601777.64  0.39%   666 1920s
  4593  3583 -603777.99  368  261 -604123.25 -601777.64  0.39%   666 1925s
  4615  3602 -603429.36  379  317 -604123.25 -601777.64  0.39%   665 1930s
  4635  3620 -603429.36  389  323 -604123.25 -601777.64  0.39%   665 1935s
  4654  3637 -603429.36  399  295 -604123.25 -601777.64  0.39%   665 1940s
  4677  3660 -603429.36  410  281 -604123.25 -601777.64  0.39%   664 1945s
  4697  3680 -603436.78  420  296 -604123.25 -601777.64  0.39%   664 1950s
  4716  3695 -603436.78  430  288 -604123.25 -601777.64  0.39%   664 1955s
  4737  3716 -603436.78  440  297 -604123.25 -601777.64  0.39%   665 1960s
  4754  3733 -603436.78  449  263 -604123.25 -601777.64  0.39%   665 1965s
H 4776  3681                    -603967.8928 -601777.64  0.36%   664 1980s
  4777  3684 -603436.78  460  242 -603967.89 -601777.64  0.36%   665 1985s
  4804  3710 -603498.77  474  250 -603967.89 -601777.64  0.36%   665 1990s
  4849  3732 -601777.64   34  276 -603967.89 -601777.64  0.36%   662 1995s
  4869  3752 -601777.64   44  230 -603967.89 -601777.64  0.36%   662 2000s
  4891  3774 -601777.64   55  281 -603967.89 -601777.64  0.36%   662 2005s
  4911  3794 -601777.64   65  296 -603967.89 -601777.64  0.36%   663 2010s
  4931  3814 -601777.64   75  334 -603967.89 -601777.64  0.36%   663 2015s
  4941  3824 -601777.64   80  144 -603967.89 -601777.64  0.36%   667 2021s
  4954  3837 -601777.64   87  253 -603967.89 -601777.64  0.36%   668 2025s
  4975  3858 -602561.89   97  347 -603967.89 -601777.64  0.36%   667 2030s
  4988  3871 -601777.64  104  290 -603967.89 -601777.64  0.36%   667 2035s
  5010  3893 -601777.64  115  278 -603967.89 -601777.64  0.36%   665 2042s
  5021  3904 -601777.64  120  288 -603967.89 -601777.64  0.36%   665 2045s
  5048  3931 -601777.64  134  255 -603967.89 -601777.64  0.36%   664 2050s
  5061  3944 -601777.64  140  176 -603967.89 -601777.64  0.36%   671 2056s
  5073  3956 -601777.64  146  261 -603967.89 -601777.64  0.36%   671 2060s
  5092  3975 -601941.87  156  317 -603967.89 -601777.64  0.36%   671 2065s
  5101  3984 -602564.40  160  346 -603967.89 -601777.64  0.36%   672 2070s
  5121  4004 -602174.55  170  337 -603967.89 -601777.64  0.36%   672 2075s
  5141  4024 -602174.55  180  326 -603967.89 -601777.64  0.36%   671 2080s
  5165  4048 -603005.83  192  320 -603967.89 -601777.64  0.36%   671 2085s
  5188  4067 -602552.88  204  333 -603967.89 -601777.64  0.36%   670 2090s
  5209  4084 -602580.52  214  350 -603967.89 -601777.64  0.36%   670 2095s
  5216  4089 -602580.52  218  343 -603967.89 -601777.64  0.36%   670 2139s
  5219  4092 -603868.88  219  329 -603967.89 -601777.64  0.36%   670 2140s
  5240  4112 -602748.15  230  335 -603967.89 -601777.64  0.36%   669 2145s
  5262  4131 -602774.72  241  312 -603967.89 -601777.64  0.36%   668 2150s
  5291  4160 -602774.72  255  323 -603967.89 -601777.64  0.36%   667 2155s
  5310  4179 -602774.72  265  284 -603967.89 -601777.64  0.36%   667 2160s
  5333  4202 -602774.72  276  292 -603967.89 -601777.64  0.36%   666 2165s
  5365  4232 -602880.96  292  284 -603967.89 -601777.64  0.36%   665 2170s
  5385  4252 -602880.96  302  260 -603967.89 -601777.64  0.36%   665 2175s
  5427  4288 -603819.36  323  244 -603967.89 -601777.64  0.36%   662 2180s
  5453  4314 -603460.11  336  266 -603967.89 -601777.64  0.36%   662 2185s
  5485  4335 -603491.00  352  297 -603967.89 -601777.64  0.36%   660 2190s
  5508  4353 -603491.00  364  293 -603967.89 -601777.64  0.36%   660 2195s
  5539  4370 -601777.64   46  349 -603967.89 -601777.64  0.36%   659 2201s
  5547  4378 -601777.64   50  163 -603967.89 -601777.64  0.36%   661 2205s
  5561  4392 -601777.64   57  284 -603967.89 -601777.64  0.36%   662 2210s
  5581  4412 -602302.90   67  338 -603967.89 -601777.64  0.36%   661 2215s
  5597  4428 -601777.64   75  268 -603967.89 -601777.64  0.36%   662 2220s
  5619  4450 -601777.64   86  321 -603967.89 -601777.64  0.36%   661 2225s
  5629  4460 -601777.64   91  352 -603967.89 -601777.64  0.36%   662 2230s
  5642  4473 -601777.64   98  368 -603967.89 -601777.64  0.36%   663 2235s
  5661  4492 -602641.87  107  309 -603967.89 -601777.64  0.36%   662 2240s
  5681  4510 -602421.05  117  340 -603967.89 -601777.64  0.36%   662 2245s
  5683  4512 -601777.64  118  317 -603967.89 -601777.64  0.36%   662 2254s
  5684  4513 -601777.64  119  307 -603967.89 -601777.64  0.36%   662 2255s
  5713  4542 -602041.79  133  361 -603967.89 -601777.64  0.36%   661 2260s
  5729  4558 -601777.64  141  272 -603967.89 -601777.64  0.36%   663 2265s
  5755  4584 -601777.64  154  325 -603967.89 -601777.64  0.36%   662 2270s
  5773  4602 -601777.64  163  333 -603967.89 -601777.64  0.36%   662 2275s
  5786  4613 -601777.64  169  330 -603967.89 -601777.64  0.36%   662 2280s
  5798  4621 -602069.85  175  327 -603967.89 -601777.64  0.36%   666 2285s
  5833  4656 -601912.26  192  323 -603967.89 -601777.64  0.36%   664 2290s
  5867  4690 -601912.26  209  352 -603967.89 -601777.64  0.36%   662 2295s
  5880  4703 -601912.26  216  286 -603967.89 -601777.64  0.36%   662 2300s
  5905  4722 -601912.26  228  337 -603967.89 -601777.64  0.36%   661 2305s
  5924  4739 -601912.26  237  322 -603967.89 -601777.64  0.36%   661 2310s
H 5929  4639                    -603866.1566 -601777.64  0.35%   661 2322s
  5929  4641 -601953.28  240  269 -603866.16 -601777.64  0.35%   661 2325s
  5947  4659 -601966.05  249  326 -603866.16 -601777.64  0.35%   661 2330s
  5973  4681 -601966.05  261  297 -603866.16 -601777.64  0.35%   660 2335s
  5993  4701 -601966.05  271  323 -603866.16 -601777.64  0.35%   660 2340s
  6018  4726 -601966.05  284  284 -603866.16 -601777.64  0.35%   659 2345s
  6035  4743 -601966.05  292  315 -603866.16 -601777.64  0.35%   659 2350s
  6059  4767 -601966.05  304  265 -603866.16 -601777.64  0.35%   659 2355s
  6081  4789 -601966.05  315  278 -603866.16 -601777.64  0.35%   658 2360s
  6106  4814 -601966.05  328  256 -603866.16 -601777.64  0.35%   657 2365s
  6124  4832 -601966.05  337  296 -603866.16 -601777.64  0.35%   658 2370s
  6145  4853 -601966.05  347  267 -603866.16 -601777.64  0.35%   658 2375s
  6165  4873 -601966.05  357  297 -603866.16 -601777.64  0.35%   658 2380s
  6185  4893 -601982.75  367  281 -603866.16 -601777.64  0.35%   658 2385s
H 6198  4894                    -603852.5349 -601777.64  0.34%   658 2396s
  6198  4896 -601983.25  374  265 -603852.53 -601777.64  0.34%   658 2424s
  6200  4898 -601998.99  375  260 -603852.53 -601777.64  0.34%   658 2425s
  6231  4929 -602046.91  390  279 -603852.53 -601777.64  0.34%   657 2430s
  6259  4957 -602137.89  404  265 -603852.53 -601777.64  0.34%   657 2435s
  6287  4983 -603510.94  418  200 -603852.53 -601777.64  0.34%   656 2440s
  6360  5025 -601777.64   42  287 -603852.53 -601777.64  0.34%   651 2445s
  6370  5035 -601777.64   50  216 -603852.53 -601777.64  0.34%   654 2451s
  6386  5051 -601777.64   62  362 -603852.53 -601777.64  0.34%   653 2455s
  6395  5060 -601777.64   70  234 -603852.53 -601777.64  0.34%   656 2460s
  6405  5070 -601777.64   70  243 -603852.53 -601777.64  0.34%   663 2467s
  6413  5076 -601777.64   75  247 -603852.53 -601777.64  0.34%   663 2470s
  6422  5085 -601777.64   80  249 -603852.53 -601777.64  0.34%   668 2476s
  6423  5086 -601777.64   80  248 -603852.53 -601777.64  0.34%   672 2480s
  6447  5108 -602659.03   89  362 -603852.53 -601777.64  0.34%   672 2485s
  6459  5120 -601916.33   97  289 -603852.53 -601777.64  0.34%   672 2490s
  6482  5143 -601962.56  108  322 -603852.53 -601777.64  0.34%   671 2495s
  6513  5172 -602103.47  125  308 -603852.53 -601777.64  0.34%   669 2500s
  6550  5203 -602110.77  157  306 -603852.53 -601777.64  0.34%   667 2505s
  6579  5232 -602298.36  173  299 -603852.53 -601777.64  0.34%   666 2510s
  6606  5259 -602482.19  187  304 -603852.53 -601777.64  0.34%   665 2515s
  6634  5285 -602482.19  203  303 -603852.53 -601777.64  0.34%   664 2520s
  6657  5308 -602482.19  207  305 -603852.53 -601777.64  0.34%   663 2525s
  6683  5334 -602482.19  217  301 -603852.53 -601777.64  0.34%   663 2530s
  6710  5361 -602894.05  224  362 -603852.53 -601777.64  0.34%   662 2535s
  6744  5393 -602931.66  237  351 -603852.53 -601777.64  0.34%   660 2562s
  6756  5405 -602919.79  245  348 -603852.53 -601777.64  0.34%   659 2565s
  6786  5435 -602919.79  260  360 -603852.53 -601777.64  0.34%   658 2570s
  6802  5451 -602919.79  269  335 -603852.53 -601777.64  0.34%   658 2575s
  6828  5477 -602919.79  276  343 -603852.53 -601777.64  0.34%   657 2580s
  6850  5499 -602919.79  285  334 -603852.53 -601777.64  0.34%   657 2585s
  6873  5522 -602919.79  294  355 -603852.53 -601777.64  0.34%   657 2590s
  6890  5539 -602919.79  302  363 -603852.53 -601777.64  0.34%   657 2595s
  6913  5562 -602919.79  311  314 -603852.53 -601777.64  0.34%   657 2600s
  6938  5587 -602919.79  317  317 -603852.53 -601777.64  0.34%   656 2605s
  6982  5631 -603618.79  334  295 -603852.53 -601777.64  0.34%   654 2610s
  7014  5647 -603700.33  342  315 -603852.53 -601777.64  0.34%   653 2615s
  7043  5674 -603700.33  353  313 -603852.53 -601777.64  0.34%   652 2620s
  7079  5690 infeasible  365      -603852.53 -601777.64  0.34%   651 2625s
  7098  5705 -601777.64   36  292 -603852.53 -601777.64  0.34%   651 2630s
  7116  5721 -601777.64   47  307 -603852.53 -601777.64  0.34%   651 2659s
  7119  5724 -601777.64   50  195 -603852.53 -601777.64  0.34%   653 2661s
  7134  5737 -601777.64   60  248 -603852.53 -601777.64  0.34%   653 2665s
  7148  5751 -601777.64   67  333 -603852.53 -601777.64  0.34%   654 2670s
  7170  5773 -601866.56   79  340 -603852.53 -601777.64  0.34%   653 2675s
  7188  5791 -601878.10   89  381 -603852.53 -601777.64  0.34%   653 2680s
  7213  5810 -602318.92  103  353 -603852.53 -601777.64  0.34%   652 2685s
  7249  5844 -602331.39  133  327 -603852.53 -601777.64  0.34%   650 2690s
  7285  5877 -602765.16  158  311 -603852.53 -601777.64  0.34%   648 2695s
  7309  5901 -602765.16  181  331 -603852.53 -601777.64  0.34%   647 2700s
  7329  5921 -603631.48  197  296 -603852.53 -601777.64  0.34%   647 2705s
  7348  5938 -603793.45  198  348 -603852.53 -601777.64  0.34%   646 2710s
  7385  5952 -601777.64   44  264 -603852.53 -601777.64  0.34%   645 2715s
  7408  5975 -601777.64   60  175 -603852.53 -601777.64  0.34%   647 2721s
  7413  5980 -601777.64   62  254 -603852.53 -601777.64  0.34%   649 2725s
  7439  6006 -601777.64   82  325 -603852.53 -601777.64  0.34%   649 2730s
  7467  6034 -601777.64  109  216 -603852.53 -601777.64  0.34%   649 2735s
  7531  6098 -602098.64  169  285 -603852.53 -601777.64  0.34%   645 2740s
  7557  6124 -601777.64  184  341 -603852.53 -601777.64  0.34%   644 2745s
  7597  6164 -601777.64  220  335 -603852.53 -601777.64  0.34%   642 2750s
  7624  6191 -601933.13  233  380 -603852.53 -601777.64  0.34%   641 2755s
  7653  6220 -601933.13  253  284 -603852.53 -601777.64  0.34%   640 2760s
  7676  6243 -601933.13  258  288 -603852.53 -601777.64  0.34%   639 2765s
  7702  6267 -602827.70  266  306 -603852.53 -601777.64  0.34%   639 2770s
  7739  6290 -602717.10  281  251 -603852.53 -601777.64  0.34%   637 2775s
  7761  6312 -602717.10  293  295 -603852.53 -601777.64  0.34%   637 2780s
  7784  6333 -603421.29  310  327 -603852.53 -601777.64  0.34%   637 2785s
  7812  6361 -602717.10  327  302 -603852.53 -601777.64  0.34%   636 2790s
  7815  6364 -602717.10  325  290 -603852.53 -601777.64  0.34%   636 2804s
  7816  6365 -602717.10  324  280 -603852.53 -601777.64  0.34%   636 2805s
  7837  6386 -602717.10  341  327 -603852.53 -601777.64  0.34%   636 2810s
  7858  6407 -603259.10  350  288 -603852.53 -601777.64  0.34%   636 2815s
  7878  6427 -603259.10  361  252 -603852.53 -601777.64  0.34%   635 2820s
  7902  6446 -603266.37  360  285 -603852.53 -601777.64  0.34%   635 2825s
  7943  6452 -601777.64  154  262 -603852.53 -601777.64  0.34%   633 2830s
  7968  6477 -602297.65  170  273 -603852.53 -601777.64  0.34%   632 2835s
  7990  6499 -602297.65  183  283 -603852.53 -601777.64  0.34%   632 2840s
  8004  6513 -602330.45  192  405 -603852.53 -601777.64  0.34%   632 2845s
  8021  6530 -602422.78  202  414 -603852.53 -601777.64  0.34%   632 2850s
  8035  6544 -602422.78  206  350 -603852.53 -601777.64  0.34%   632 2855s
  8053  6562 -602528.15  215  362 -603852.53 -601777.64  0.34%   632 2860s
  8070  6573 -602775.19  225  298 -603852.53 -601777.64  0.34%   631 2865s
  8098  6597 -603209.28  229  310 -603852.53 -601777.64  0.34%   631 2882s
  8119  6610 -603209.28  232  329 -603852.53 -601777.64  0.34%   630 2885s
  8163  6647 -603428.28  247  326 -603852.53 -601777.64  0.34%   627 2890s
  8197  6666 -602444.24  162  273 -603852.53 -601777.64  0.34%   626 2895s
  8219  6685 -602580.52  176  324 -603852.53 -601777.64  0.34%   626 2900s
  8252  6711 -602794.99  198  289 -603852.53 -601777.64  0.34%   624 2905s
  8283  6742 -602797.61  226  265 -603852.53 -601777.64  0.34%   623 2910s
  8314  6773 -602797.61  245  309 -603852.53 -601777.64  0.34%   622 2915s
  8336  6795 -602797.61  262  325 -603852.53 -601777.64  0.34%   621 2920s
  8363  6822 -602803.68  283  287 -603852.53 -601777.64  0.34%   620 2925s
  8379  6838 -602972.65  291  330 -603852.53 -601777.64  0.34%   620 2963s
  8384  6843 -602972.65  291  332 -603852.53 -601777.64  0.34%   620 2965s
  8410  6860 -602972.69  301  355 -603852.53 -601777.64  0.34%   619 2970s
H 8434  6292                    -603564.5362 -601777.64  0.30%   618 2976s
  8434  6294 -603512.53  306  302 -603564.54 -601777.64  0.30%   619 2986s
  8452  6292 -601777.64  156  249 -603564.54 -601777.64  0.30%   618 2990s
  8469  6308 -602321.98  165  383 -603564.54 -601777.64  0.30%   618 2995s
  8485  6323 -602528.15  170  294 -603564.54 -601777.64  0.30%   618 3000s
  8499  6337 -602528.15  175  316 -603564.54 -601777.64  0.30%   619 3005s
  8528  6356 -602742.62  189  339 -603564.54 -601777.64  0.30%   618 3010s
  8540  6366 -602742.62  192  339 -603564.54 -601777.64  0.30%   618 3015s
  8561  6384 -602742.62  203  331 -603564.54 -601777.64  0.30%   618 3020s
  8593  6404 -602832.11  216  324 -603564.54 -601777.64  0.30%   617 3025s
  8640  6420 -602485.36  162  364 -603564.54 -601777.64  0.30%   615 3030s
  8666  6439 -602968.29  176  256 -603564.54 -601777.64  0.30%   613 3042s
  8680  6452 -603308.41  183  288 -603564.54 -601777.64  0.30%   613 3045s
  8705  6467 -603262.93  184  302 -603564.54 -601777.64  0.30%   613 3050s
  8712  6468 -603346.91  187  310 -603564.54 -601777.64  0.30%   613 3066s
  8729  6482 -603374.54  204  293 -603564.54 -601777.64  0.30%   612 3070s
  8748  6490 -603438.78  207  302 -603564.54 -601777.64  0.30%   612 3075s
  8785  6501 -602297.65  166  278 -603564.54 -601777.64  0.30%   611 3080s
  8801  6510 -603007.91  175  345 -603564.54 -601777.64  0.30%   612 3085s
  8817  6526 -603214.76  184  364 -603564.54 -601777.64  0.30%   612 3090s
  8839  6530     cutoff  191      -603564.54 -601777.64  0.30%   611 3095s
  8858  6544 -603530.15  176  226 -603564.54 -601777.64  0.30%   612 3100s
  8892  6545 -603295.59  164  286 -603564.54 -601777.64  0.30%   611 3105s
  8913  6544 -601777.64  129  311 -603564.54 -601777.64  0.30%   611 3110s
  8919  6549 -601777.64  132  282 -603564.54 -601777.64  0.30%   613 3115s
  8931  6561 -601777.64  138  263 -603564.54 -601777.64  0.30%   613 3120s
  8954  6579 -603421.82  149  289 -603564.54 -601777.64  0.30%   613 3125s
  8976  6597 -603043.89  160  259 -603564.54 -601777.64  0.30%   612 3130s
  9003  6624 -602175.11  174  285 -603564.54 -601777.64  0.30%   611 3135s
  9027  6648 -602175.11  186  314 -603564.54 -601777.64  0.30%   611 3140s
  9060  6680 -602630.92  202  303 -603564.54 -601777.64  0.30%   609 3145s
  9080  6700 -602182.85  212  306 -603564.54 -601777.64  0.30%   609 3150s
  9105  6721 -603510.83  225  336 -603564.54 -601777.64  0.30%   609 3155s
  9124  6726 -603534.36  232  287 -603564.54 -601777.64  0.30%   609 3160s
  9155  6727 -601777.64  121  296 -603564.54 -601777.64  0.30%   608 3165s
  9188  6755 -603398.04  153  344 -603564.54 -601777.64  0.30%   607 3170s
  9230  6782 -603442.47  194  333 -603564.54 -601777.64  0.30%   605 3175s
  9274  6811 -603442.47  234  330 -603564.54 -601777.64  0.30%   603 3180s
  9312  6815 -602766.93  119  325 -603564.54 -601777.64  0.30%   601 3185s
  9343  6837 -603264.88  130  299 -603564.54 -601777.64  0.30%   600 3190s
  9350  6838 -603199.23  129  293 -603564.54 -601777.64  0.30%   600 3202s
  9369  6844 -603408.39  139  301 -603564.54 -601777.64  0.30%   599 3205s
  9396  6850 -603431.91  150  291 -603564.54 -601777.64  0.30%   599 3210s
  9421  6859 -601973.91  121  344 -603564.54 -601777.64  0.30%   598 3215s
  9466  6883 -603502.87  156  313 -603564.54 -601777.64  0.30%   596 3220s
  9497  6894 -601777.64  158  344 -603564.54 -601777.64  0.30%   595 3225s
  9526  6906 -603417.45  175  430 -603564.54 -601777.64  0.30%   595 3230s
  9549  6911 -601854.72  105  332 -603564.54 -601777.64  0.30%   594 3235s
  9572  6927 -603083.18  111  323 -603564.54 -601777.64  0.30%   594 3240s
  9603  6942 -603117.29  119  277 -603564.54 -601777.64  0.30%   593 3245s
  9633  6969 -603548.66  149  321 -603564.54 -601777.64  0.30%   592 3250s
  9653  6978 -602113.94  107  288 -603564.54 -601777.64  0.30%   593 3255s
  9685  6987 -601777.64  100  174 -603564.54 -601777.64  0.30%   593 3260s
  9703  7001 -602749.82  117  239 -603564.54 -601777.64  0.30%   593 3265s
  9753  7043 -603346.13  165  300 -603564.54 -601777.64  0.30%   590 3270s
  9793  7072 -603284.72  114  334 -603564.54 -601777.64  0.30%   589 3287s
  9812  7090 -603376.21  133  315 -603564.54 -601777.64  0.30%   588 3290s
  9866  7122 -603376.21  186  309 -603564.54 -601777.64  0.30%   586 3295s
  9901  7133 -603376.21  208  311 -603564.54 -601777.64  0.30%   585 3300s
  9921  7137 -603185.05  107  165 -603564.54 -601777.64  0.30%   586 3305s
  9973  7154 -601854.72   99  292 -603564.54 -601777.64  0.30%   583 3310s
  9998  7179 -602282.37  124  333 -603564.54 -601777.64  0.30%   583 3315s
 10025  7189 -603475.44  139  305 -603564.54 -601777.64  0.30%   582 3320s
 10053  7200 -601777.64  100  166 -603564.54 -601777.64  0.30%   583 3326s
 10065  7211 -601777.64  104  240 -603564.54 -601777.64  0.30%   583 3330s
 10104  7246 -602617.18  130  251 -603564.54 -601777.64  0.30%   582 3335s
 10142  7279 -602667.99  147  272 -603564.54 -601777.64  0.30%   581 3340s
 10188  7323 -602856.86  177  292 -603564.54 -601777.64  0.30%   579 3352s
 10202  7336 -602856.86  191  271 -603564.54 -601777.64  0.30%   578 3593s
 10208  7342 -602856.86  197  308 -603564.54 -601777.64  0.30%   578 3595s
 10233  7367 -602856.86  217  292 -603564.54 -601777.64  0.30%   578 3600s
 10268  7402 -602979.06  229  298 -603564.54 -601777.64  0.30%   577 3605s
 10310  7431 -603102.42  259  258 -603564.54 -601777.64  0.30%   576 3610s
 10360  7446 -601777.64   89  344 -603564.54 -601777.64  0.30%   574 3615s
 10385  7455 -601777.64   74  322 -603564.54 -601777.64  0.30%   574 3620s
 10394  7464 -601981.14   83  245 -603564.54 -601777.64  0.30%   576 3625s
 10422  7481 -601777.64   42  301 -603564.54 -601777.64  0.30%   575 3630s
 10436  7495 -601777.64   56  162 -603564.54 -601777.64  0.30%   576 3635s
 10446  7505 -601777.64   66  236 -603564.54 -601777.64  0.30%   576 3688s
 10447  7506 -601777.64   67  231 -603564.54 -601777.64  0.30%   576 3693s
 10450  7509 -601777.64   70  193 -603564.54 -601777.64  0.30%   578 3696s
 10478  7532 -603536.32   96  227 -603564.54 -601777.64  0.30%   577 3700s
 10505  7545 -602979.06  133  304 -603564.54 -601777.64  0.30%   576 3705s
 10536  7546 -601777.64  140  204 -603564.54 -601777.64  0.30%   577 3712s
 10547  7554 -602576.41  146  287 -603564.54 -601777.64  0.30%   577 3715s
 10556  7558 -602324.44  146  297 -603564.54 -601777.64  0.30%   577 3721s
 10569  7570 -603027.09  151  304 -603564.54 -601777.64  0.30%   577 3725s
 10585  7586 -602576.41  156  317 -603564.54 -601777.64  0.30%   577 3730s
 10601  7598 -602861.18  160  302 -603564.54 -601777.64  0.30%   577 3735s
 10623  7617 -603273.35  168  346 -603564.54 -601777.64  0.30%   577 3740s
 10634  7624 -603058.88  168  284 -603564.54 -601777.64  0.30%   577 3745s
 10657  7635     cutoff  172      -603564.54 -601777.64  0.30%   577 3750s
 10674  7636 -603474.92  179  329 -603564.54 -601777.64  0.30%   577 3755s
 10721  7649 -603254.50  163  246 -603564.54 -601777.64  0.30%   576 3772s
 10734  7661 -603389.13  176  275 -603564.54 -601777.64  0.30%   575 3775s
 10765  7686 -603505.08  204  297 -603564.54 -601777.64  0.30%   575 3780s
 10793  7712 -603505.08  231  282 -603564.54 -601777.64  0.30%   574 3785s
 10817  7724 -603505.08  249  286 -603564.54 -601777.64  0.30%   574 3790s
 10846  7744 -603505.08  278  312 -603564.54 -601777.64  0.30%   573 3795s
 10870  7768 -603505.08  302  316 -603564.54 -601777.64  0.30%   573 3800s
 10897  7775 -603005.97  154  278 -603564.54 -601777.64  0.30%   572 3805s
 10903  7775 -603110.41  156  263 -603564.54 -601777.64  0.30%   572 3815s
 10926  7789 -603389.17  173  337 -603564.54 -601777.64  0.30%   571 3820s
 10954  7791 -603027.84  157  342 -603564.54 -601777.64  0.30%   571 3825s
 10994  7792 -602274.12  155  272 -603564.54 -601777.64  0.30%   570 3830s
 11025  7819 -603504.10  185  283 -603564.54 -601777.64  0.30%   569 3835s
 11053  7843 -603504.10  211  240 -603564.54 -601777.64  0.30%   569 3840s
 11090  7872 -603535.45  245  287 -603564.54 -601777.64  0.30%   568 3845s
 11113  7893 -603535.45  267  265 -603564.54 -601777.64  0.30%   568 3850s
 11135  7915 -603535.45  289  318 -603564.54 -601777.64  0.30%   567 3855s
 11161  7924 -602324.44  160  298 -603564.54 -601777.64  0.30%   567 3860s
 11175  7938 -602818.51  166  242 -603564.54 -601777.64  0.30%   567 3865s
 11209  7969 -602818.51  190  302 -603564.54 -601777.64  0.30%   566 3870s
 11226  7986 -602818.51  201  334 -603564.54 -601777.64  0.30%   566 3885s
 11249  8008 -603050.82  216  264 -603564.54 -601777.64  0.30%   566 3890s
 11280  8032 -602881.89  242  322 -603564.54 -601777.64  0.30%   565 3895s
 11313  8057 -603191.56  255  299 -603564.54 -601777.64  0.30%   565 3900s
 11348  8062 -603389.17  162  235 -603564.54 -601777.64  0.30%   564 3905s
 11380  8081 -602790.88  171  264 -603564.54 -601777.64  0.30%   563 3910s
 11422  8109 -603262.99  212  258 -603564.54 -601777.64  0.30%   562 3915s
 11456  8136 -603281.93  241  268 -603564.54 -601777.64  0.30%   561 3920s
 11490  8167 -603426.44  274  317 -603564.54 -601777.64  0.30%   561 3925s
 11518  8195 -603426.44  302  297 -603564.54 -601777.64  0.30%   560 3930s
 11540  8217 -603426.44  324  350 -603564.54 -601777.64  0.30%   560 3935s
 11558  8232 -603426.44  341  398 -603564.54 -601777.64  0.30%   560 3940s
 11575  8249 -603426.44  358  323 -603564.54 -601777.64  0.30%   560 3945s
 11588  8262 -603426.44  371  349 -603564.54 -601777.64  0.30%   560 3950s
 11598  8263 -603426.84  375  342 -603564.54 -601777.64  0.30%   560 3966s
 11636  8281 -602952.96  156  269 -603564.54 -601777.64  0.30%   559 3970s
 11667  8291 -603549.20  174  276 -603564.54 -601777.64  0.30%   558 3975s
 11691  8298 -603260.23  150  284 -603564.54 -601777.64  0.30%   558 3980s
 11714  8309 -602742.62  163  330 -603564.54 -601777.64  0.30%   558 3985s
 11741  8334 -603025.56  189  317 -603564.54 -601777.64  0.30%   557 3990s
 11765  8355 -603025.56  212  319 -603564.54 -601777.64  0.30%   557 3995s
 11819  8376 -603485.36  238  347 -603564.54 -601777.64  0.30%   555 4000s
 11839  8378 -603485.36  242  320 -603564.54 -601777.64  0.30%   555 4005s
 11864  8384 -603503.75  167  275 -603564.54 -601777.64  0.30%   555 4010s
 11880  8396 -603503.75  180  272 -603564.54 -601777.64  0.30%   555 4015s
 11916  8428 -603503.75  216  325 -603564.54 -601777.64  0.30%   554 4020s
 11946  8446     cutoff  239      -603564.54 -601777.64  0.30%   553 4025s
 11967  8447 -602297.65  147  212 -603564.54 -601777.64  0.30%   553 4030s
 11996  8464 -602789.07  155  310 -603564.54 -601777.64  0.30%   553 4044s
 11997  8465 -602789.07  156  319 -603564.54 -601777.64  0.30%   553 4045s
 12010  8478 -602554.95  158  336 -603564.54 -601777.64  0.30%   553 4050s
 12024  8488 -602554.95  160  319 -603564.54 -601777.64  0.30%   553 4055s
 12041  8502 -603561.79  165  303 -603564.54 -601777.64  0.30%   553 4060s
 12073  8504     cutoff  148      -603564.54 -601777.64  0.30%   552 4065s
 12100  8513 -603389.17  162  318 -603564.54 -601777.64  0.30%   552 4070s
 12126  8523 -603542.55  162  263 -603564.54 -601777.64  0.30%   552 4075s
 12160  8547     cutoff  193      -603564.54 -601777.64  0.30%   551 4080s
 12178  8557 -602324.44  148  314 -603564.54 -601777.64  0.30%   551 4085s
 12197  8576 -602869.61  156  330 -603564.54 -601777.64  0.30%   551 4090s
 12224  8579 -603505.82  144  320 -603564.54 -601777.64  0.30%   551 4095s
 12232  8579 -603505.82  145  319 -603564.54 -601777.64  0.30%   550 4110s
 12247  8590 -603505.82  158  329 -603564.54 -601777.64  0.30%   550 4115s
 12272  8598 -603479.02  145  285 -603564.54 -601777.64  0.30%   550 4120s
 12287  8611 -602469.42  152  338 -603564.54 -601777.64  0.30%   550 4125s
 12305  8628 -602683.89  161  311 -603564.54 -601777.64  0.30%   551 4130s
 12325  8642 -602683.89  171  337 -603564.54 -601777.64  0.30%   551 4135s
 12340  8653 -602911.08  179  333 -603564.54 -601777.64  0.30%   551 4140s
 12359  8666 -603171.10  188  304 -603564.54 -601777.64  0.30%   551 4145s
 12388  8693 -602903.37  203  315 -603564.54 -601777.64  0.30%   551 4150s
 12406  8701 -602903.37  212  295 -603564.54 -601777.64  0.30%   551 4155s
 12444  8708 -603252.47  231  316 -603564.54 -601777.64  0.30%   550 4160s
 12482  8724 -603428.00  160  241 -603564.54 -601777.64  0.30%   549 4165s
 12506  8743     cutoff  184      -603564.54 -601777.64  0.30%   549 4170s
 12533  8754 -603428.00  195  322 -603564.54 -601777.64  0.30%   548 4175s
 12556  8777 -603428.00  218  271 -603564.54 -601777.64  0.30%   548 4180s
 12581  8802 -603428.00  243  304 -603564.54 -601777.64  0.30%   548 4185s
 12588  8809 -603428.00  250  297 -603564.54 -601777.64  0.30%   548 4199s
 12590  8811 -603428.00  252  304 -603564.54 -601777.64  0.30%   548 4200s
 12614  8835 -603428.00  276  296 -603564.54 -601777.64  0.30%   547 4205s
 12633  8854 -603428.00  295  284 -603564.54 -601777.64  0.30%   547 4210s
 12648  8869 -603428.00  310  304 -603564.54 -601777.64  0.30%   548 4215s
 12669  8890 -603428.00  331  311 -603564.54 -601777.64  0.30%   547 4220s
 12689  8907 -603428.00  349  303 -603564.54 -601777.64  0.30%   547 4225s
 12706  8924 -603428.00  366  288 -603564.54 -601777.64  0.30%   547 4230s
 12735  8947 -603549.91  392  286 -603564.54 -601777.64  0.30%   547 4235s
 12769  8953 -603207.53  151  249 -603564.54 -601777.64  0.30%   547 4240s
 12813  8976 -603386.71  182  259 -603564.54 -601777.64  0.30%   546 4245s
 12850  9005 -603459.22  216  315 -603564.54 -601777.64  0.30%   545 4250s
 12879  9022 -603484.27  243  276 -603564.54 -601777.64  0.30%   545 4255s
 12907  9023 -601777.64  130  156 -603564.54 -601777.64  0.30%   546 4266s
 12929  9044 -603425.05  152  240 -603564.54 -601777.64  0.30%   545 4270s
 12957  9058 -601826.04  136  325 -603564.54 -601777.64  0.30%   545 4275s
 13001  9069 -602693.08  142  322 -603564.54 -601777.64  0.30%   544 4280s
 13028  9079 -603532.77  141  319 -603564.54 -601777.64  0.30%   544 4285s
 13048  9082 -603070.65  143  347 -603564.54 -601777.64  0.30%   544 4324s
 13050  9082 -603479.76  147  275 -603564.54 -601777.64  0.30%   544 4325s
 13072  9100 -603479.76  156  322 -603564.54 -601777.64  0.30%   544 4330s
 13094  9110 -603528.96  164  322 -603564.54 -601777.64  0.30%   544 4335s
 13105  9113 -603528.96  167  293 -603564.54 -601777.64  0.30%   544 4341s
 13122  9124 -603528.96  170  338 -603564.54 -601777.64  0.30%   544 4345s
 13141  9130 -603528.96  174  344 -603564.54 -601777.64  0.30%   544 4350s
 13155  9138 -603528.96  181  317 -603564.54 -601777.64  0.30%   544 4355s
 13169  9146 -603528.96  183  344 -603564.54 -601777.64  0.30%   544 4360s
 13184  9153     cutoff  186      -603564.54 -601777.64  0.30%   545 4365s
 13204  9159 -603027.26  139  300 -603564.54 -601777.64  0.30%   545 4370s
 13213  9168 -602576.41  147  301 -603564.54 -601777.64  0.30%   545 4378s
 13223  9178 -602576.41  154  264 -603564.54 -601777.64  0.30%   545 4380s
 13244  9199 -602576.41  167  302 -603564.54 -601777.64  0.30%   545 4385s
 13267  9222 -602576.41  184  284 -603564.54 -601777.64  0.30%   544 4390s
 13302  9255 -603533.15  200  238 -603564.54 -601777.64  0.30%   543 4395s
 13354  9304 -603128.15  220  341 -603564.54 -601777.64  0.30%   542 4400s
 13378  9328 -603128.15  237  271 -603564.54 -601777.64  0.30%   542 4405s
 13411  9360 -603128.15  266  239 -603564.54 -601777.64  0.30%   542 4410s
 13441  9382 -603128.15  285  276 -603564.54 -601777.64  0.30%   541 4415s
 13472  9413 -603128.15  303  274 -603564.54 -601777.64  0.30%   541 4420s
 13483  9424 -603128.15  310  254 -603564.54 -601777.64  0.30%   541 4431s
 13495  9435 -603128.15  315  312 -603564.54 -601777.64  0.30%   541 4435s
 13514  9454 -603128.15  321  293 -603564.54 -601777.64  0.30%   541 4440s
 13546  9486 -603128.20  336  256 -603564.54 -601777.64  0.30%   541 4445s
 13576  9516 -603128.15  347  297 -603564.54 -601777.64  0.30%   541 4450s
H13591  7815                    -603380.0550 -601777.64  0.27%   541 4457s
 13591  7817 -603128.15  350  284 -603380.05 -601777.64  0.27%   541 4464s
 13595  7821 -603128.15  350  267 -603380.05 -601777.64  0.27%   541 4465s
 13620  7844 -603128.15  358  240 -603380.05 -601777.64  0.27%   541 4470s
 13650  7874 -603128.15  360  229 -603380.05 -601777.64  0.27%   541 4475s
 13681  7905 -603128.15  374  227 -603380.05 -601777.64  0.27%   541 4480s
 13709  7933 -603128.15  383  231 -603380.05 -601777.64  0.27%   541 4485s
 13745  7969 -603202.70  397  241 -603380.05 -601777.64  0.27%   541 4490s
 13792  7998 -603247.64  407  216 -603380.05 -601777.64  0.27%   540 4495s
 13834  7997 -602528.15  144  345 -603380.05 -601777.64  0.27%   539 4500s
 13863  8021 -603357.76  171  356 -603380.05 -601777.64  0.27%   539 4505s
 13872  8024 -603357.76  175  347 -603380.05 -601777.64  0.27%   539 4519s
 13873  8025 -603357.76  176  360 -603380.05 -601777.64  0.27%   539 4520s
 13901  8033 -603132.35  143  284 -603380.05 -601777.64  0.27%   539 4525s
 13947  8051 -602936.03  148  280 -603380.05 -601777.64  0.27%   538 4530s
 13976  8063     cutoff  166      -603380.05 -601777.64  0.27%   538 4535s
 14004  8068 -602963.88  159  308 -603380.05 -601777.64  0.27%   537 4540s
 14039  8080 -603293.37  179  299 -603380.05 -601777.64  0.27%   537 4545s
 14082  8090 -602905.46  146  357 -603380.05 -601777.64  0.27%   536 4550s
 14102  8109 -602905.46  166  321 -603380.05 -601777.64  0.27%   536 4555s
 14136  8121 -601960.45  134  339 -603380.05 -601777.64  0.27%   536 4560s
 14167  8142 -602769.42  149  279 -603380.05 -601777.64  0.27%   535 4565s
 14179  8154 -602769.42  155  293 -603380.05 -601777.64  0.27%   536 4570s
 14193  8166 -602769.42  162  290 -603380.05 -601777.64  0.27%   536 4575s
 14208  8179 -602769.42  169  328 -603380.05 -601777.64  0.27%   536 4580s
 14227  8190 -602799.30  178  331 -603380.05 -601777.64  0.27%   536 4585s
 14249  8205 -603199.39  189  343 -603380.05 -601777.64  0.27%   536 4590s
 14274  8218 -603013.77  204  289 -603380.05 -601777.64  0.27%   536 4601s
 14311  8229 -602604.04  146  292 -603380.05 -601777.64  0.27%   535 4605s
 14341  8259 -602604.04  168  299 -603380.05 -601777.64  0.27%   535 4610s
 14366  8284 -602702.11  179  267 -603380.05 -601777.64  0.27%   535 4615s
 14399  8313 -602708.70  203  307 -603380.05 -601777.64  0.27%   535 4620s
 14415  8325 -602708.70  211  333 -603380.05 -601777.64  0.27%   535 4625s
 14455  8353 -603028.17  241  306 -603380.05 -601777.64  0.27%   534 4630s
 14484  8372 -603079.41  255  305 -603380.05 -601777.64  0.27%   534 4644s
 14487  8375 -603079.41  255  289 -603380.05 -601777.64  0.27%   534 4645s
 14515  8383 -602289.79  140  374 -603380.05 -601777.64  0.27%   534 4650s
 14543  8388     cutoff  147      -603380.05 -601777.64  0.27%   533 4655s
 14574  8417 -602769.42  164  252 -603380.05 -601777.64  0.27%   533 4660s
 14603  8429 -603211.79  180  344 -603380.05 -601777.64  0.27%   533 4665s
 14633  8448 -602936.03  154  315 -603380.05 -601777.64  0.27%   532 4670s
 14669  8451 -603093.64  136  291 -603380.05 -601777.64  0.27%   532 4675s
 14717  8480 -602936.03  166  337 -603380.05 -601777.64  0.27%   531 4680s
 14756  8517 -603360.85  204  288 -603380.05 -601777.64  0.27%   530 4685s
 14781  8533 -603365.97  225  291 -603380.05 -601777.64  0.27%   530 4690s
 14810  8555 -603364.97  250  278 -603380.05 -601777.64  0.27%   530 4695s
 14840  8580 -603373.15  278  301 -603380.05 -601777.64  0.27%   530 4700s
 14866  8589 -603150.50  139  280 -603380.05 -601777.64  0.27%   529 4705s
 14882  8604 -603150.50  155  346 -603380.05 -601777.64  0.27%   529 4718s
 14890  8612 -603150.50  163  347 -603380.05 -601777.64  0.27%   529 4720s
 14931  8627 -601777.64  131  286 -603380.05 -601777.64  0.27%   528 4725s
 14966  8653 -603119.93  160  302 -603380.05 -601777.64  0.27%   528 4730s
 15004  8679 -603119.93  188  284 -603380.05 -601777.64  0.27%   527 4735s
 15030  8689 -601777.64  129  352 -603380.05 -601777.64  0.27%   527 4741s
 15041  8700 -602297.65  133  229 -603380.05 -601777.64  0.27%   528 4745s
 15062  8719 -602554.95  147  304 -603380.05 -601777.64  0.27%   528 4750s
 15080  8735 -602554.95  162  376 -603380.05 -601777.64  0.27%   528 4755s
 15092  8743 -602854.40  164  341 -603380.05 -601777.64  0.27%   529 4760s
 15104  8751 -602964.05  169  290 -603380.05 -601777.64  0.27%   528 4836s
 15117  8762     cutoff  178      -603380.05 -601777.64  0.27%   529 4840s
 15133  8776 -603174.35  180  343 -603380.05 -601777.64  0.27%   529 4845s
 15162  8777 -601777.64  127  339 -603380.05 -601777.64  0.27%   528 4856s
 15191  8806 -603150.50  156  273 -603380.05 -601777.64  0.27%   528 4860s
 15217  8818 -603150.50  173  322 -603380.05 -601777.64  0.27%   527 4867s
 15236  8836 -603150.50  192  303 -603380.05 -601777.64  0.27%   527 4870s
 15275  8864 -603183.02  227  269 -603380.05 -601777.64  0.27%   526 4875s
 15303  8885 -603183.02  253  314 -603380.05 -601777.64  0.27%   526 4880s
 15331  8906 -603183.02  275  283 -603380.05 -601777.64  0.27%   526 4885s
 15367  8912 -602274.12  132  308 -603380.05 -601777.64  0.27%   525 4890s
 15394  8934 -603110.85  156  323 -603380.05 -601777.64  0.27%   525 4906s
 15411  8947 -603151.97  171  343 -603380.05 -601777.64  0.27%   525 4910s
 15451  8961 -602936.03  142  294 -603380.05 -601777.64  0.27%   524 4915s
 15488  8996 -603105.96  178  327 -603380.05 -601777.64  0.27%   524 4920s
 15520  9004 -603040.08  138  298 -603380.05 -601777.64  0.27%   523 4925s
 15552  9035 -603040.08  170  307 -603380.05 -601777.64  0.27%   523 4930s
 15580  9059 -603040.08  195  320 -603380.05 -601777.64  0.27%   523 4935s
 15604  9079 -603040.08  216  334 -603380.05 -601777.64  0.27%   523 4940s
 15634  9100 -603352.79  240  298 -603380.05 -601777.64  0.27%   522 4945s
 15661  9119 -603352.79  262  302 -603380.05 -601777.64  0.27%   522 4950s
 15691  9137 -603352.79  283  319 -603380.05 -601777.64  0.27%   522 4955s
 15733  9156 -603294.98  151  284 -603380.05 -601777.64  0.27%   521 4960s
 15751  9162 -601777.64   77  266 -603380.05 -601777.64  0.27%   521 4974s
 15757  9168 -601777.64   83  275 -603380.05 -601777.64  0.27%   521 4975s
 15776  9187 -602629.97  102  290 -603380.05 -601777.64  0.27%   522 4980s
 15805  9213 -603244.10  131  300 -603380.05 -601777.64  0.27%   521 4985s
 15830  9226     cutoff  149      -603380.05 -601777.64  0.27%   521 4990s
 15848  9238 -602267.77  113  345 -603380.05 -601777.64  0.27%   521 4995s
 15872  9255 -602267.77  125  373 -603380.05 -601777.64  0.27%   521 5000s
 15891  9270 -602815.07  134  360 -603380.05 -601777.64  0.27%   521 5005s
 15917  9290 -603219.30  148  378 -603380.05 -601777.64  0.27%   522 5010s
 15946  9309 -602678.91  162  320 -603380.05 -601777.64  0.27%   521 5015s
 15962  9325 -602678.91  170  319 -603380.05 -601777.64  0.27%   521 5020s
 15993  9343 -602772.36  186  333 -603380.05 -601777.64  0.27%   521 5025s
 16009  9357 -602772.36  194  330 -603380.05 -601777.64  0.27%   521 5030s
 16035  9366 -603075.49  207  298 -603380.05 -601777.64  0.27%   521 5035s
 16052  9377 -602849.45  216  318 -603380.05 -601777.64  0.27%   521 5047s
 16069  9380 -602980.42  221  314 -603380.05 -601777.64  0.27%   521 5050s
 16107  9391 -602512.12  126  285 -603380.05 -601777.64  0.27%   521 5055s
 16129  9405 -603220.99  144  324 -603380.05 -601777.64  0.27%   521 5060s
 16144  9410 -601777.64  120  162 -603380.05 -601777.64  0.27%   522 5065s
 16180  9424 -602576.41  161  284 -603380.05 -601777.64  0.27%   521 5070s
 16201  9443 -602576.41  174  272 -603380.05 -601777.64  0.27%   521 5075s
 16233  9475 -602576.41  198  270 -603380.05 -601777.64  0.27%   521 5080s
 16262  9504 -602576.41  223  281 -603380.05 -601777.64  0.27%   521 5085s
 16290  9532 -602576.41  243  334 -603380.05 -601777.64  0.27%   521 5090s
 16309  9550 -602576.41  262  312 -603380.05 -601777.64  0.27%   521 5106s
 16327  9568 -602576.41  273  318 -603380.05 -601777.64  0.27%   521 5110s
 16344  9585 -602576.41  277  315 -603380.05 -601777.64  0.27%   521 5115s
 16367  9608 -602576.41  295  316 -603380.05 -601777.64  0.27%   521 5120s
 16382  9623 -602576.41  303  358 -603380.05 -601777.64  0.27%   521 5125s
 16408  9647 -602576.41  316  387 -603380.05 -601777.64  0.27%   521 5130s
 16440  9679 -602576.41  338  338 -603380.05 -601777.64  0.27%   520 5135s
 16463  9698 -602576.41  342  297 -603380.05 -601777.64  0.27%   520 5140s
 16498  9727 -603354.12  347  308 -603380.05 -601777.64  0.27%   520 5145s
 16526  9749 -602981.96  359  281 -603380.05 -601777.64  0.27%   520 5150s
 16548  9767 -602981.96  372  297 -603380.05 -601777.64  0.27%   520 5155s
 16576  9795 -602981.96  380  344 -603380.05 -601777.64  0.27%   520 5160s
 16597  9816 -602981.96  391  324 -603380.05 -601777.64  0.27%   520 5165s
 16619  9838 -602981.96  408  294 -603380.05 -601777.64  0.27%   520 5170s
 16648  9867 -602981.96  420  247 -603380.05 -601777.64  0.27%   520 5175s
 16673  9892 -602981.96  426  268 -603380.05 -601777.64  0.27%   520 5190s
 16697  9916 -602981.96  433  294 -603380.05 -601777.64  0.27%   520 5195s
 16730  9945 -603124.15  439  260 -603380.05 -601777.64  0.27%   520 5200s
 16801 10004 -603166.22  459  230 -603380.05 -601777.64  0.27%   519 5205s
 16857 10050 -603194.41  467  235 -603380.05 -601777.64  0.27%   518 5210s
 16966 10098 -602626.69  129  259 -603380.05 -601777.64  0.27%   515 5215s
 17009 10125 -602677.51  125  293 -603380.05 -601777.64  0.27%   515 5220s
 17040 10146 -603069.43  149  285 -603380.05 -601777.64  0.27%   514 5225s
 17077 10150 -601777.64  118  305 -603380.05 -601777.64  0.27%   514 5230s
 17114 10182 -603253.80  153  294 -603380.05 -601777.64  0.27%   514 5235s
 17142 10190 -601777.64  118  335 -603380.05 -601777.64  0.27%   513 5240s
 17172 10201 -602936.03  128  214 -603380.05 -601777.64  0.27%   513 5256s
 17191 10217 -603150.50  132  239 -603380.05 -601777.64  0.27%   513 5260s
 17211 10233 -603150.50  141  322 -603380.05 -601777.64  0.27%   513 5265s
 17233 10250 -603150.50  148  312 -603380.05 -601777.64  0.27%   513 5270s
 17270 10257 -603167.49  159  330 -603380.05 -601777.64  0.27%   513 5275s
 17292 10260 -603254.72  126  256 -603380.05 -601777.64  0.27%   514 5280s
 17321 10267 -602860.14  123  365 -603380.05 -601777.64  0.27%   513 5285s
 17346 10281 -603021.56  139  426 -603380.05 -601777.64  0.27%   513 5290s
 17381 10300 -603254.72  124  280 -603380.05 -601777.64  0.27%   513 5295s
 17418 10330     cutoff  159      -603380.05 -601777.64  0.27%   513 5300s
 17430 10330 -603356.01  159  339 -603380.05 -601777.64  0.27%   513 5305s
 17452 10347 -603070.65  129  212 -603380.05 -601777.64  0.27%   514 5310s
 17479 10359 -602313.32  120  384 -603380.05 -601777.64  0.27%   514 5316s
 17505 10383 -602576.41  138  259 -603380.05 -601777.64  0.27%   513 5320s
 17534 10412 -602576.41  162  319 -603380.05 -601777.64  0.27%   513 5325s
 17561 10439 -602576.41  181  282 -603380.05 -601777.64  0.27%   513 5330s
 17587 10465 -602576.41  197  282 -603380.05 -601777.64  0.27%   513 5335s
 17616 10494 -602576.41  218  247 -603380.05 -601777.64  0.27%   513 5340s
 17636 10514 -602929.38  222  237 -603380.05 -601777.64  0.27%   513 5359s
 17648 10524 -602773.08  231  272 -603380.05 -601777.64  0.27%   512 5360s
 17696 10560 -603078.88  257  272 -603380.05 -601777.64  0.27%   512 5365s
 17734 10572 -603113.68  124  252 -603380.05 -601777.64  0.27%   511 5370s
 17762 10589 -603060.26  142  358 -603380.05 -601777.64  0.27%   511 5375s
 17796 10605 -603285.12  140  348 -603380.05 -601777.64  0.27%   511 5380s
 17839 10635 -603005.52  145  320 -603380.05 -601777.64  0.27%   510 5385s
 17870 10655 infeasible  170      -603380.05 -601777.64  0.27%   510 5390s
 17902 10670 -601777.64  115  328 -603380.05 -601777.64  0.27%   510 5395s
 17931 10690 -602654.36  129  359 -603380.05 -601777.64  0.27%   510 5400s
 17955 10709 -602655.42  142  295 -603380.05 -601777.64  0.27%   510 5405s
 17988 10735 -602851.55  158  288 -603380.05 -601777.64  0.27%   509 5410s
 18007 10754 -602851.55  168  299 -603380.05 -601777.64  0.27%   509 5415s
 18027 10772 -602851.55  178  299 -603380.05 -601777.64  0.27%   509 5420s
 18043 10782 -602851.55  186  289 -603380.05 -601777.64  0.27%   510 5425s
 18077 10791 -602851.55  203  341 -603380.05 -601777.64  0.27%   509 5430s
 18103 10805 -602851.55  216  348 -603380.05 -601777.64  0.27%   509 5435s
 18146 10824 -603120.10  119  248 -603380.05 -601777.64  0.27%   509 5440s
 18181 10827 -601777.64  113  299 -603380.05 -601777.64  0.27%   508 5445s
 18202 10836     cutoff  122      -603380.05 -601777.64  0.27%   508 5450s
 18230 10840     cutoff  129      -603380.05 -601777.64  0.27%   508 5455s
 18243 10849 -602267.77  120  313 -603380.05 -601777.64  0.27%   508 5465s
 18267 10872 -603147.33  144  343 -603380.05 -601777.64  0.27%   508 5470s
 18299 10884 -602445.90  137  282 -603380.05 -601777.64  0.27%   508 5475s
 18340 10909 -603254.72  126  280 -603380.05 -601777.64  0.27%   507 5480s
 18392 10937 -601777.64   91  274 -603380.05 -601777.64  0.27%   506 5485s
 18415 10960 -601912.26  104  288 -603380.05 -601777.64  0.27%   506 5490s
 18437 10982 -601912.26  117  267 -603380.05 -601777.64  0.27%   506 5495s
 18462 11005 -601912.26  131  346 -603380.05 -601777.64  0.27%   506 5500s
 18489 11032 -601912.26  150  324 -603380.05 -601777.64  0.27%   506 5505s
 18520 11063 -601912.26  170  326 -603380.05 -601777.64  0.27%   506 5510s
 18546 11089 -601912.26  192  339 -603380.05 -601777.64  0.27%   506 5515s
 18573 11116 -601912.26  216  349 -603380.05 -601777.64  0.27%   505 5520s
 18580 11123 -601912.26  222  346 -603380.05 -601777.64  0.27%   505 5529s
 18582 11125 -601912.26  224  338 -603380.05 -601777.64  0.27%   505 5530s
 18604 11147 -601912.26  240  307 -603380.05 -601777.64  0.27%   505 5535s
 18624 11167 -601912.26  251  322 -603380.05 -601777.64  0.27%   505 5540s
 18638 11181 -602139.16  257  291 -603380.05 -601777.64  0.27%   505 5545s
 18669 11209 -602578.89  270  290 -603380.05 -601777.64  0.27%   505 5550s
 18690 11230 -602578.89  286  307 -603380.05 -601777.64  0.27%   505 5555s
 18714 11254 -602578.89  299  352 -603380.05 -601777.64  0.27%   505 5560s
 18733 11273 -602578.89  305  297 -603380.05 -601777.64  0.27%   505 5565s
 18748 11288 -602578.89  314  357 -603380.05 -601777.64  0.27%   505 5570s
 18768 11308 -602578.89  325  333 -603380.05 -601777.64  0.27%   505 5575s
 18786 11326 -602578.89  332  316 -603380.05 -601777.64  0.27%   505 5580s
 18814 11351 -602598.83  346  265 -603380.05 -601777.64  0.27%   505 5585s
 18831 11368 -602598.83  358  329 -603380.05 -601777.64  0.27%   505 5590s
 18850 11387 -602598.83  361  320 -603380.05 -601777.64  0.27%   505 5595s
 18853 11390 -602598.83  363  289 -603380.05 -601777.64  0.27%   505 5607s
 18854 11391 -602598.83  364  319 -603380.05 -601777.64  0.27%   505 5622s
 18864 11401 -602598.83  366  328 -603380.05 -601777.64  0.27%   505 5625s
 18880 11417 -602598.83  374  321 -603380.05 -601777.64  0.27%   506 5630s
 18895 11432 -602598.83  381  319 -603380.05 -601777.64  0.27%   506 5635s
 18913 11450 -602598.83  385  331 -603380.05 -601777.64  0.27%   506 5640s
 18928 11465 -602598.83  392  322 -603380.05 -601777.64  0.27%   506 5645s
 18946 11483 -602598.83  401  288 -603380.05 -601777.64  0.27%   506 5650s
 18961 11498 -602598.83  400  334 -603380.05 -601777.64  0.27%   507 5655s
 18983 11520 -602598.83  410  324 -603380.05 -601777.64  0.27%   507 5660s
 19005 11540 -602600.38  425  297 -603380.05 -601777.64  0.27%   507 5665s
 19026 11561 -602600.38  436  256 -603380.05 -601777.64  0.27%   507 5670s
 19066 11591 -602813.35  448  258 -603380.05 -601777.64  0.27%   506 5675s
 19103 11624 -602829.11  457  281 -603380.05 -601777.64  0.27%   506 5680s
 19167 11632 -601777.64  100  147 -603380.05 -601777.64  0.27%   506 5686s
 19199 11664 -602324.44  132  256 -603380.05 -601777.64  0.27%   505 5690s
 19224 11686 -603254.55  156  321 -603380.05 -601777.64  0.27%   505 5695s
 19247 11698 -603321.05  174  346 -603380.05 -601777.64  0.27%   505 5700s
 19289 11721 -602780.69  131  298 -603380.05 -601777.64  0.27%   505 5705s
 19319 11742     cutoff  156      -603380.05 -601777.64  0.27%   505 5710s
 19354 11762 -603254.72  113  305 -603380.05 -601777.64  0.27%   504 5715s
 19381 11778 -601777.64  105  291 -603380.05 -601777.64  0.27%   504 5720s
 19404 11789 -602267.77  109  205 -603380.05 -601777.64  0.27%   505 5725s
 19434 11819 -603360.16  139  269 -603380.05 -601777.64  0.27%   505 5730s
 19487 11851 -603329.06  130  303 -603380.05 -601777.64  0.27%   504 5735s
 19519 11873 -602267.77  118  337 -603380.05 -601777.64  0.27%   504 5740s
 19556 11893     cutoff  143      -603380.05 -601777.64  0.27%   503 5745s
 19582 11909 -603038.74  113  328 -603380.05 -601777.64  0.27%   503 5750s
 19604 11912 -602445.90  131  171 -603380.05 -601777.64  0.27%   504 5755s
 19626 11923 -601777.64   91  312 -603380.05 -601777.64  0.27%   504 5770s
 19627 11924 -601777.64   92  298 -603380.05 -601777.64  0.27%   504 5857s
 19647 11942 -602036.74  104  260 -603380.05 -601777.64  0.27%   504 5860s
 19668 11963 -602036.74  116  317 -603380.05 -601777.64  0.27%   504 5865s
 19684 11975 -602182.43  123  406 -603380.05 -601777.64  0.27%   504 5870s
 19706 11997 -602094.96  136  356 -603380.05 -601777.64  0.27%   504 5875s
 19725 12016 -603014.71  141  285 -603380.05 -601777.64  0.27%   504 5880s
 19734 12025 -602419.43  146  332 -603380.05 -601777.64  0.27%   504 5899s
 19737 12028 -602583.82  146  313 -603380.05 -601777.64  0.27%   504 5900s
 19784 12046     cutoff  167      -603380.05 -601777.64  0.27%   503 5905s
 19826 12070 -602940.55  120  278 -603380.05 -601777.64  0.27%   503 5910s
 19874 12111 -603123.45  140  345 -603380.05 -601777.64  0.27%   502 5915s
 19908 12132 -603123.45  163  342 -603380.05 -601777.64  0.27%   502 5920s
 19942 12152 -602576.41  156  288 -603380.05 -601777.64  0.27%   502 5925s
 19989 12167 -601777.64   97  302 -603380.05 -601777.64  0.27%   501 5930s
 20019 12181 -602300.92   99  284 -603380.05 -601777.64  0.27%   501 5935s
 20059 12207 -603256.68  129  293 -603380.05 -601777.64  0.27%   501 5940s
 20089 12212 -601912.26   96  262 -603380.05 -601777.64  0.27%   500 5945s
 20123 12246 -602189.17  130  320 -603380.05 -601777.64  0.27%   500 5950s
 20167 12286 -602842.89  172  356 -603380.05 -601777.64  0.27%   500 5955s
 20195 12299 -601777.64  100  191 -603380.05 -601777.64  0.27%   500 5962s
 20219 12321 -602623.46  123  216 -603380.05 -601777.64  0.27%   500 5965s
 20249 12344 -602815.98  150  327 -603380.05 -601777.64  0.27%   500 5976s
 20271 12350 -601777.64   98  308 -603380.05 -601777.64  0.27%   500 5980s
 20292 12363     cutoff  116      -603380.05 -601777.64  0.27%   500 5985s
 20324 12370 -601777.64   94  304 -603380.05 -601777.64  0.27%   500 5990s
 20359 12397 -602402.39  113  287 -603380.05 -601777.64  0.27%   500 5995s
 20404 12439 -603005.77  136  297 -603380.05 -601777.64  0.27%   499 6000s
 20444 12479 -603005.77  166  249 -603380.05 -601777.64  0.27%   499 6005s
 20470 12505 -603005.77  179  301 -603380.05 -601777.64  0.27%   499 6010s
 20506 12541 -603005.77  201  310 -603380.05 -601777.64  0.27%   498 6015s
 20532 12567 -603005.77  222  294 -603380.05 -601777.64  0.27%   498 6020s
 20563 12594 -603022.28  246  301 -603380.05 -601777.64  0.27%   498 6033s
 20573 12601 -603045.22  255  302 -603380.05 -601777.64  0.27%   498 6035s
 20599 12615 -601777.64   20  183 -603380.05 -601777.64  0.27%   499 6042s
 20609 12625 -601777.64   30  212 -603380.05 -601777.64  0.27%   499 6045s
 20642 12657 -603242.66   63  229 -603380.05 -601777.64  0.27%   499 6050s
 20672 12679 -602737.79   47  295 -603380.05 -601777.64  0.27%   498 6055s
 20712 12688 -603336.68   62  283 -603380.05 -601777.64  0.27%   498 6060s
 20729 12701 -601912.26   55  192 -603380.05 -601777.64  0.27%   498 6065s
 20762 12731 -602754.14   87  253 -603380.05 -601777.64  0.27%   498 6070s
 20787 12754 -603290.58  111  290 -603380.05 -601777.64  0.27%   498 6075s
 20799 12763 -603290.58  122  273 -603380.05 -601777.64  0.27%   498 6080s
 20831 12792 -603290.58  153  274 -603380.05 -601777.64  0.27%   497 6085s
 20874 12822 -603357.22  192  234 -603380.05 -601777.64  0.27%   497 6090s
 20896 12826 -601777.64   80  166 -603380.05 -601777.64  0.27%   498 6096s
 20910 12840 -602218.79   94  298 -603380.05 -601777.64  0.27%   498 6100s
 20927 12857 -602654.62  111  324 -603380.05 -601777.64  0.27%   498 6105s
 20959 12874 -603324.53  138  355 -603380.05 -601777.64  0.27%   498 6110s
 20983 12896 -601912.26  104  292 -603380.05 -601777.64  0.27%   497 6115s
 21011 12924 -602587.91  132  287 -603380.05 -601777.64  0.27%   497 6120s
 21042 12949 -602839.87  159  264 -603380.05 -601777.64  0.27%   497 6126s
 21064 12971 -602906.38  181  261 -603380.05 -601777.64  0.27%   497 6130s
 21093 12999 -602906.38  210  328 -603380.05 -601777.64  0.27%   497 6135s
 21113 13018 -602906.38  230  318 -603380.05 -601777.64  0.27%   497 6140s
 21132 13035 -602906.38  248  332 -603380.05 -601777.64  0.27%   497 6145s
 21150 13053 -602906.38  266  346 -603380.05 -601777.64  0.27%   496 6158s
 21157 13060 -602906.38  273  338 -603380.05 -601777.64  0.27%   496 6160s
 21174 13077 -602906.38  290  313 -603380.05 -601777.64  0.27%   496 6165s
 21206 13109 -602906.38  322  251 -603380.05 -601777.64  0.27%   496 6170s
 21225 13128 -602906.38  341  338 -603380.05 -601777.64  0.27%   496 6175s
 21261 13162 -603378.49  376  316 -603380.05 -601777.64  0.27%   496 6180s
 21282 13177 -603378.49  395  337 -603380.05 -601777.64  0.27%   496 6185s
 21301 13187     cutoff  411      -603380.05 -601777.64  0.27%   496 6190s
 21310 13187 -601777.64   86  261 -603380.05 -601777.64  0.27%   496 6195s
 21352 13224 -602896.90  125  293 -603380.05 -601777.64  0.27%   495 6200s
 21364 13234 -602909.72  136  301 -603380.05 -601777.64  0.27%   495 6212s
 21376 13246 -602909.72  148  277 -603380.05 -601777.64  0.27%   495 6215s
 21398 13267 -602909.72  170  317 -603380.05 -601777.64  0.27%   495 6220s
 21422 13288 -603173.95  192  301 -603380.05 -601777.64  0.27%   495 6225s
 21456 13298 -602189.17   99  307 -603380.05 -601777.64  0.27%   495 6230s
 21484 13326 -602453.93  127  290 -603380.05 -601777.64  0.27%   495 6235s
 21513 13353 -602722.31  155  327 -603380.05 -601777.64  0.27%   494 6240s
 21535 13375 -602776.91  177  309 -603380.05 -601777.64  0.27%   494 6245s
 21558 13393 -602776.91  198  382 -603380.05 -601777.64  0.27%   494 6250s
 21580 13415 -602776.91  220  338 -603380.05 -601777.64  0.27%   494 6255s
 21615 13436 -601777.64   95  339 -603380.05 -601777.64  0.27%   494 6260s
 21626 13442 -603254.12  103  217 -603380.05 -601777.64  0.27%   495 6265s
 21652 13449 -603366.12  119  386 -603380.05 -601777.64  0.27%   495 6270s
 21672 13456 -603070.65  125  305 -603380.05 -601777.64  0.27%   495 6275s
 21687 13467 -603285.12  133  340 -603380.05 -601777.64  0.27%   495 6280s
 21701 13478 -603285.12  140  315 -603380.05 -601777.64  0.27%   495 6285s
 21706 13483 -603285.12  142  317 -603380.05 -601777.64  0.27%   495 6296s
 21721 13498 -603285.12  150  290 -603380.05 -601777.64  0.27%   495 6300s
 21738 13510 -603285.12  158  304 -603380.05 -601777.64  0.27%   495 6305s
 21758 13508     cutoff  160      -603380.05 -601777.64  0.27%   496 6310s
 21783 13527 -602434.69  108  306 -603380.05 -601777.64  0.27%   495 6315s
 21826 13548 -603248.24  134  272 -603380.05 -601777.64  0.27%   495 6320s
 21840 13551 -601777.64   94  220 -603380.05 -601777.64  0.27%   496 6325s
 21864 13573 -602446.93  103  231 -603380.05 -601777.64  0.27%   496 6330s
 21912 13614 -603251.78  129  251 -603380.05 -601777.64  0.27%   495 6335s
 21926 13628 -603251.78  137  298 -603380.05 -601777.64  0.27%   495 6341s
 21940 13642 -603251.78  147  277 -603380.05 -601777.64  0.27%   495 6345s
 21963 13658     cutoff  158      -603380.05 -601777.64  0.27%   495 6350s
 21990 13672 -602586.67  104  322 -603380.05 -601777.64  0.27%   495 6355s
 22023 13685 -603258.95  125  303 -603380.05 -601777.64  0.27%   495 6360s
 22064 13694 -601777.64   85  324 -603380.05 -601777.64  0.27%   494 6365s
 22077 13707 -601777.64   90  225 -603380.05 -601777.64  0.27%   495 6372s
 22082 13712 -601777.64   90  172 -603380.05 -601777.64  0.27%   496 6375s
 22087 13717 -601777.64   93  189 -603380.05 -601777.64  0.27%   496 6381s
 22100 13730 -601777.64   97  262 -603380.05 -601777.64  0.27%   496 6385s
 22119 13739 -602771.62  104  323 -603380.05 -601777.64  0.27%   496 6390s
 22159 13755 -602103.30  101  266 -603380.05 -601777.64  0.27%   496 6395s
 22202 13796 -603029.82  143  279 -603380.05 -601777.64  0.27%   495 6400s
 22243 13813 -602123.00   98  332 -603380.05 -601777.64  0.27%   495 6405s
 22250 13820 -602472.09  105  278 -603380.05 -601777.64  0.27%   495 6417s
 22277 13820 -602905.46  157  289 -603380.05 -601777.64  0.27%   494 6420s
 22301 13830 -603040.08  172  312 -603380.05 -601777.64  0.27%   494 6425s
 22325 13848 -603254.55  193  302 -603380.05 -601777.64  0.27%   494 6430s
 22346 13851     cutoff  203      -603380.05 -601777.64  0.27%   494 6435s
 22371 13872 -603345.60  106  276 -603380.05 -601777.64  0.27%   494 6440s
 22410 13885 -603285.12  130  270 -603380.05 -601777.64  0.27%   494 6445s
 22451 13899 -603304.55  170  279 -603380.05 -601777.64  0.27%   493 6450s
 22487 13920 -603084.83  182  281 -603380.05 -601777.64  0.27%   493 6455s
 22521 13930     cutoff  200      -603380.05 -601777.64  0.27%   493 6460s
 22531 13938 -601912.26   94  170 -603380.05 -601777.64  0.27%   494 6465s
 22564 13971 -603262.99  127  237 -603380.05 -601777.64  0.27%   493 6470s
 22590 13986 -603262.99  144  294 -603380.05 -601777.64  0.27%   493 6475s
 22593 13988 -603262.99  147  298 -603380.05 -601777.64  0.27%   493 6489s
 22595 13990 -603262.99  149  309 -603380.05 -601777.64  0.27%   493 6490s
 22624 14012 -603262.99  174  340 -603380.05 -601777.64  0.27%   493 6495s
 22648 14027     cutoff  193      -603380.05 -601777.64  0.27%   493 6500s
 22678 14055 -603290.62  221  259 -603380.05 -601777.64  0.27%   493 6505s
 22710 14064 -601777.64   78  301 -603380.05 -601777.64  0.27%   493 6510s
 22717 14071 -601864.03   84  407 -603380.05 -601777.64  0.27%   494 6515s
 22734 14088 -601847.25   92  289 -603380.05 -601777.64  0.27%   494 6520s
 22752 14100 -602006.42   98  266 -603380.05 -601777.64  0.27%   494 6525s
 22805 14137 -603040.76  119  275 -603380.05 -601777.64  0.27%   494 6530s
 22825 14140 -601777.64   80  209 -603380.05 -601777.64  0.27%   494 6536s
 22837 14150 -602351.03   91  310 -603380.05 -601777.64  0.27%   494 6540s
 22874 14183 -603253.04  127  348 -603380.05 -601777.64  0.27%   494 6545s
 22886 14185 -602268.59   85  240 -603380.05 -601777.64  0.27%   495 6550s
 22913 14194 -601777.64  110  145 -603380.05 -601777.64  0.27%   495 6556s
 22947 14222 -603285.12  141  258 -603380.05 -601777.64  0.27%   495 6560s
 22975 14242     cutoff  167      -603380.05 -601777.64  0.27%   495 6565s
 22990 14243 -603288.74  169  333 -603380.05 -601777.64  0.27%   495 6570s
 22999 14243 -603288.74  167  314 -603380.05 -601777.64  0.27%   495 6585s
 23014 14241 -603300.30  169  324 -603380.05 -601777.64  0.27%   495 6590s
 23044 14255 -602580.52  120  295 -603380.05 -601777.64  0.27%   495 6595s
 23083 14277 -603227.62  140  237 -603380.05 -601777.64  0.27%   494 6600s
 23118 14308 -603227.62  149  268 -603380.05 -601777.64  0.27%   494 6605s
 23144 14324 -603227.62  155  324 -603380.05 -601777.64  0.27%   494 6610s
 23171 14334 -603227.62  166  291 -603380.05 -601777.64  0.27%   494 6615s
 23191 14342 -603227.62  168  273 -603380.05 -601777.64  0.27%   494 6620s
 23227 14350 -601777.64   90  185 -603380.05 -601777.64  0.27%   494 6627s
 23238 14360 -603345.60  101  248 -603380.05 -601777.64  0.27%   494 6630s
 23248 14360 -601777.64   80  180 -603380.05 -601777.64  0.27%   495 6635s
 23258 14370 -601777.64   85  305 -603380.05 -601777.64  0.27%   495 6640s
 23274 14384 -601777.64   93  302 -603380.05 -601777.64  0.27%   495 6645s
 23288 14396 -601777.64  100  284 -603380.05 -601777.64  0.27%   495 6650s
 23290 14398 -601777.64  101  335 -603380.05 -601777.64  0.27%   495 6655s
 23301 14409 -602494.86  106  331 -603380.05 -601777.64  0.27%   496 6660s
 23310 14418 -601781.27  111  423 -603380.05 -601777.64  0.27%   496 6665s
 23321 14429 -602005.49  116  343 -603380.05 -601777.64  0.27%   496 6670s
 23339 14441 -602093.65  125  388 -603380.05 -601777.64  0.27%   496 6675s
 23355 14455 -602859.39  133  283 -603380.05 -601777.64  0.27%   496 6680s
 23390 14475 -603349.29  106  293 -603380.05 -601777.64  0.27%   496 6685s
 23418 14490 -602402.42   87  320 -603380.05 -601777.64  0.27%   496 6690s
 23443 14499 -601777.64   76  411 -603380.05 -601777.64  0.27%   496 6695s
 23451 14507 -602734.65   84  266 -603380.05 -601777.64  0.27%   496 6700s
 23473 14511 -603221.84   92  232 -603380.05 -601777.64  0.27%   496 6715s
 23507 14531 -602777.36  105  260 -603380.05 -601777.64  0.27%   496 6720s
 23531 14552 -602945.84  128  335 -603380.05 -601777.64  0.27%   496 6725s
 23555 14564     cutoff  147      -603380.05 -601777.64  0.27%   496 6730s
 23585 14580 -601777.64   79  415 -603380.05 -601777.64  0.27%   496 6735s
 23590 14585 -601777.64   83  226 -603380.05 -601777.64  0.27%   496 6740s
 23601 14596 -601864.04   89  330 -603380.05 -601777.64  0.27%   497 6745s
 23630 14618 -603003.98  101  280 -603380.05 -601777.64  0.27%   496 6750s
 23673 14645 -603043.01  127  392 -603380.05 -601777.64  0.27%   496 6755s
 23691 14646 -601777.64   80  216 -603380.05 -601777.64  0.27%   497 6761s
 23704 14658 -602449.32   93  281 -603380.05 -601777.64  0.27%   497 6765s
 23731 14674 -602267.77  108  255 -603380.05 -601777.64  0.27%   496 6770s
 23738 14679 -602519.74  114  276 -603380.05 -601777.64  0.27%   496 6783s
 23754 14694 -603038.66  130  253 -603380.05 -601777.64  0.27%   496 6785s
 23790 14717 -603115.75  159  285 -603380.05 -601777.64  0.27%   496 6790s
 23822 14747 -603115.75  190  276 -603380.05 -601777.64  0.27%   496 6795s
 23854 14766 -601777.64   79  326 -603380.05 -601777.64  0.27%   495 6800s
 23863 14773 -602123.00   87  277 -603380.05 -601777.64  0.27%   496 6805s
 23891 14790 -601777.64   76  313 -603380.05 -601777.64  0.27%   496 6810s
 23922 14815 -603371.22  105  296 -603380.05 -601777.64  0.27%   496 6815s
 23946 14833 -602015.63   86  304 -603380.05 -601777.64  0.27%   496 6820s
 23979 14856 -602966.56  111  308 -603380.05 -601777.64  0.27%   495 6825s
 23995 14861 -601777.64   70  172 -603380.05 -601777.64  0.27%   496 6831s
 24007 14873 -601917.84   82  277 -603380.05 -601777.64  0.27%   496 6835s
 24030 14887 -603285.73  102  321 -603380.05 -601777.64  0.27%   496 6840s
 24061 14896 -601777.64   83  321 -603380.05 -601777.64  0.27%   496 6845s
 24092 14923 -603227.99  113  341 -603380.05 -601777.64  0.27%   496 6850s
 24113 14928 -601777.64   82  184 -603380.05 -601777.64  0.27%   496 6855s
 24115 14930 -601777.64   84  186 -603380.05 -601777.64  0.27%   496 6868s
 24120 14935 -602817.92   89  256 -603380.05 -601777.64  0.27%   496 6870s
 24141 14942 -601777.64   80  223 -603380.05 -601777.64  0.27%   497 6875s
 24164 14965 -602621.70  103  301 -603380.05 -601777.64  0.27%   497 6880s
 24196 14984 -602555.04   88  336 -603380.05 -601777.64  0.27%   497 6885s
 24215 15003 -603204.12  107  346 -603380.05 -601777.64  0.27%   497 6890s
 24244 15027 -603204.12  134  289 -603380.05 -601777.64  0.27%   496 6895s
 24263 15045 -603204.12  153  336 -603380.05 -601777.64  0.27%   496 6900s
 24281 15063 -603204.12  171  325 -603380.05 -601777.64  0.27%   496 6905s
 24307 15072 -603204.12  187  380 -603380.05 -601777.64  0.27%   496 6910s
 24318 15079 -601777.64   81  195 -603380.05 -601777.64  0.27%   497 6915s
 24334 15095 -602247.48   91  260 -603380.05 -601777.64  0.27%   497 6920s
 24349 15109 -601777.64  105  240 -603380.05 -601777.64  0.27%   497 6973s
 24352 15112 -601777.64  107  316 -603380.05 -601777.64  0.27%   497 6975s
 24368 15126 -601777.64  114  302 -603380.05 -601777.64  0.27%   497 6980s
 24385 15141 -601777.64  120  252 -603380.05 -601777.64  0.27%   498 6987s
 24402 15150 -602509.21  132  260 -603380.05 -601777.64  0.27%   498 6990s
 24422 15154 -601777.64   70  169 -603380.05 -601777.64  0.27%   498 6995s
 24444 15167 -601777.64   69  332 -603380.05 -601777.64  0.27%   498 7000s
 24452 15175 -602563.60   77  304 -603380.05 -601777.64  0.27%   499 7005s
 24459 15182 -603231.30   84  229 -603380.05 -601777.64  0.27%   499 7021s
 24485 15194 -601777.64   76  305 -603380.05 -601777.64  0.27%   499 7025s
 24510 15217 -602116.58   89  271 -603380.05 -601777.64  0.27%   499 7030s
 24528 15233 -602116.58   98  316 -603380.05 -601777.64  0.27%   499 7035s
 24540 15245 -602116.58  104  364 -603380.05 -601777.64  0.27%   499 7040s
 24542 15247 -602116.58  105  306 -603380.05 -601777.64  0.27%   499 7057s
 24555 15260 -602246.55  111  345 -603380.05 -601777.64  0.27%   499 7060s
 24575 15280 -602644.11  121  305 -603380.05 -601777.64  0.27%   499 7065s
 24591 15293 -602427.38  130  318 -603380.05 -601777.64  0.27%   499 7070s
 24610 15309 -602722.48  139  306 -603380.05 -601777.64  0.27%   499 7075s
 24627 15322 -602727.31  148  340 -603380.05 -601777.64  0.27%   499 7080s
 24646 15335 -602727.31  157  348 -603380.05 -601777.64  0.27%   499 7085s
 24660 15349 -602727.31  164  325 -603380.05 -601777.64  0.27%   500 7090s
 24675 15361 -602727.31  172  376 -603380.05 -601777.64  0.27%   500 7095s
 24691 15377 -602727.31  180  360 -603380.05 -601777.64  0.27%   500 7100s
 24717 15390 -602727.31  194  367 -603380.05 -601777.64  0.27%   500 7105s
 24728 15401 -602727.31  200  357 -603380.05 -601777.64  0.27%   500 7110s
 24746 15416 -602727.31  209  297 -603380.05 -601777.64  0.27%   500 7115s
 24760 15428 -602727.31  216  326 -603380.05 -601777.64  0.27%   500 7120s
 24774 15442 -602727.31  223  326 -603380.05 -601777.64  0.27%   500 7125s
 24788 15456 -602727.31  230  314 -603380.05 -601777.64  0.27%   500 7130s
 24815 15465 -602727.31  244  317 -603380.05 -601777.64  0.27%   500 7135s
 24860 15474 -602285.62   82  338 -603380.05 -601777.64  0.27%   500 7140s
 24894 15504 -603261.27  115  305 -603380.05 -601777.64  0.27%   500 7145s
 24917 15511 -601777.64   71  220 -603380.05 -601777.64  0.27%   500 7150s
 24922 15516 -601777.64   76  330 -603380.05 -601777.64  0.27%   500 7156s
 24934 15522 -602886.01   84  247 -603380.05 -601777.64  0.27%   500 7160s
 24950 15525 -601777.64   70  186 -603380.05 -601777.64  0.27%   501 7165s
 24973 15548 -603057.89   93  247 -603380.05 -601777.64  0.27%   501 7170s
 25007 15568 -601777.64   59  356 -603380.05 -601777.64  0.27%   500 7175s
 25030 15591 -602832.39   82  212 -603380.05 -601777.64  0.27%   501 7180s
 25050 15610 -602873.55  102  325 -603380.05 -601777.64  0.27%   501 7185s
 25087 15629 -603169.64  125  327 -603380.05 -601777.64  0.27%   500 7190s
 25113 15640 -601801.16   77  323 -603380.05 -601777.64  0.27%   500 7195s

Cutting planes:
  Gomory: 12
  Lift-and-project: 22
  Cover: 135
  Implied bound: 134
  MIR: 70
  Flow cover: 180
  Zero half: 4
  RLT: 4
  Relax-and-lift: 1
  BQP: 1
  PSD: 1

Explored 25146 nodes (12880804 simplex iterations) in 7200.01 seconds (7512.13 work units)
Thread count was 1 (of 72 available processors)

Solution count 10: -603380 -603380 -603565 ... -604705

Time limit reached
Best objective -6.033800549900e+05, best bound -6.017776353780e+05, gap 0.2656%

Gurobi 13.0.3 (linux64) logging started Sat Oct 10 08:10:19 2026

Set parameter LogFile to value "/home/gep/projects/jaffray-masc-fhops-model/data/output/rerun_v101_calib/ni_18_sub14_lock7.gurobi.log"
Gurobi Optimizer version 13.0.3 build v13.0.3rc0 (linux64 - "Ubuntu 24.04.3 LTS")

CPU model: Intel(R) Xeon(R) Gold 6254 CPU @ 3.10GHz, instruction set [SSE2|AVX|AVX2|AVX512]
Thread count: 36 physical cores, 72 logical processors, using up to 1 threads

Non-default parameters:
TimeLimit  1800
Threads  1

Optimize a model with 25372 rows, 27686 columns and 86388 nonzeros (Max)
Model fingerprint: 0x39d678e7
Model has 9072 linear objective coefficients
Variable types: 17406 continuous, 10280 integer (10280 binary)
Coefficient statistics:
  Matrix range     [1e+00, 5e+04]
  Objective range  [2e-02, 1e+00]
  Bounds range     [1e+00, 1e+00]
  RHS range        [1e+00, 6e+05]

Loaded user MIP start with objective 180431

Presolve removed 5265 rows and 5202 columns
Presolve time: 0.19s
Presolved: 20107 rows, 22484 columns, 74723 nonzeros
Variable types: 12631 continuous, 9853 integer (9853 binary)
Found heuristic solution: objective 180590.63059

Root simplex log...

Iteration    Objective       Primal Inf.    Dual Inf.      Time
   36303    2.8263944e+05   3.480990e+05   0.000000e+00      5s
   48151    2.8073033e+05   8.774299e+05   0.000000e+00     10s
   57108    2.8019923e+05   2.717388e+04   0.000000e+00     15s
   58140    2.8018041e+05   0.000000e+00   0.000000e+00     16s

Root relaxation: objective 2.801804e+05, 58140 iterations, 15.47 seconds (15.85 work units)

    Nodes    |    Current Node    |     Objective Bounds      |     Work
 Expl Unexpl |  Obj  Depth IntInf | Incumbent    BestBd   Gap | It/Node Time

     0     0 280180.413    0  926 180590.631 280180.413  55.1%     -   16s
H    0     0                    180703.54578 280180.413  55.0%     -   16s
H    0     0                    189807.76266 280180.413  47.6%     -   16s
     0     0 280082.621    0 1136 189807.763 280082.621  47.6%     -   17s
     0     0 280082.621    0 1123 189807.763 280082.621  47.6%     -   18s
     0     0 280062.333    0 1185 189807.763 280062.333  47.6%     -   19s
H    0     0                    194372.26456 280062.333  44.1%     -   20s
H    0     0                    202609.13017 280062.333  38.2%     -   20s
H    0     0                    203816.48185 280062.333  37.4%     -   20s
H    0     0                    203842.94550 280062.333  37.4%     -   20s
H    0     0                    203855.20737 280062.333  37.4%     -   20s
     0     0 280052.473    0 1169 203855.207 280052.473  37.4%     -   20s
     0     0 280051.276    0 1179 203855.207 280051.276  37.4%     -   20s
     0     0 280051.059    0 1177 203855.207 280051.059  37.4%     -   20s
     0     0 280051.059    0 1185 203855.207 280051.059  37.4%     -   20s
     0     0 280038.906    0 1267 203855.207 280038.906  37.4%     -   21s
     0     0 280037.088    0 1246 203855.207 280037.088  37.4%     -   21s
     0     0 280035.772    0 1230 203855.207 280035.772  37.4%     -   21s
     0     0 280035.772    0 1236 203855.207 280035.772  37.4%     -   21s
     0     0 280024.248    0 1250 203855.207 280024.248  37.4%     -   22s
H    0     0                    204843.68154 280024.248  36.7%     -   22s
H    0     0                    205107.36900 280024.248  36.5%     -   22s
     0     0 280023.650    0 1239 205107.369 280023.650  36.5%     -   22s
     0     0 280023.650    0 1258 205107.369 280023.650  36.5%     -   22s
     0     0 280019.243    0 1236 205107.369 280019.243  36.5%     -   23s
H    0     0                    211911.66606 280019.243  32.1%     -   23s
H    0     0                    211935.53469 280019.243  32.1%     -   23s
     0     0 280019.234    0 1263 211935.535 280019.234  32.1%     -   23s
     0     0 280018.327    0 1287 211935.535 280018.327  32.1%     -   24s
H    0     0                    212381.98934 280018.327  31.8%     -   24s
H    0     0                    212588.85718 280018.327  31.7%     -   24s
H    0     0                    213066.76547 280018.327  31.4%     -   24s
H    0     0                    214254.59028 280018.327  30.7%     -   24s
H    0     0                    214931.92854 280018.327  30.3%     -   24s
H    0     0                    215103.72721 280018.327  30.2%     -   24s
H    0     0                    216338.06055 280018.327  29.4%     -   24s
H    0     0                    217283.14607 280018.327  28.9%     -   24s
     0     0 280015.595    0 1268 217283.146 280015.595  28.9%     -   25s
     0     0 280015.288    0 1292 217283.146 280015.288  28.9%     -   25s
     0     0 280014.963    0 1294 217283.146 280014.963  28.9%     -   25s
     0     0 280014.941    0 1297 217283.146 280014.941  28.9%     -   25s
     0     0 280010.575    0 1313 217283.146 280010.575  28.9%     -   25s
     0     0 280009.025    0 1305 217283.146 280009.025  28.9%     -   26s
     0     0 280008.374    0 1296 217283.146 280008.374  28.9%     -   26s
     0     0 280008.359    0 1313 217283.146 280008.359  28.9%     -   26s
     0     0 280003.173    0 1302 217283.146 280003.173  28.9%     -   26s
H    0     0                    217375.04482 280003.173  28.8%     -   27s
H    0     0                    217392.48022 280003.173  28.8%     -   27s
H    0     0                    217562.27234 280003.173  28.7%     -   27s
H    0     0                    219724.60405 280003.173  27.4%     -   27s
H    0     0                    220303.22049 280003.173  27.1%     -   27s
H    0     0                    220751.26413 280003.173  26.8%     -   28s
     0     0 280002.603    0 1312 220751.264 280002.603  26.8%     -   28s
     0     0 280000.945    0 1304 220751.264 280000.945  26.8%     -   28s
     0     0 280000.945    0 1309 220751.264 280000.945  26.8%     -   28s
     0     0 279999.281    0 1314 220751.264 279999.281  26.8%     -   28s
     0     0 279998.585    0 1323 220751.264 279998.585  26.8%     -   29s
     0     0 279998.378    0 1317 220751.264 279998.378  26.8%     -   29s
     0     0 279998.144    0 1316 220751.264 279998.144  26.8%     -   29s
     0     0 279998.144    0 1317 220751.264 279998.144  26.8%     -   29s
     0     0 279995.851    0 1320 220751.264 279995.851  26.8%     -   29s
     0     0 279990.308    0 1303 220751.264 279990.308  26.8%     -   30s
     0     0 279990.215    0 1324 220751.264 279990.215  26.8%     -   30s
     0     0 279989.736    0 1314 220751.264 279989.736  26.8%     -   30s
     0     0 279989.606    0 1327 220751.264 279989.606  26.8%     -   30s
     0     0 279989.584    0 1333 220751.264 279989.584  26.8%     -   30s
     0     0 279981.420    0 1309 220751.264 279981.420  26.8%     -   30s
     0     0 279980.634    0 1325 220751.264 279980.634  26.8%     -   31s
     0     0 279980.621    0 1331 220751.264 279980.621  26.8%     -   31s
     0     0 279976.186    0 1310 220751.264 279976.186  26.8%     -   31s
     0     0 279976.182    0 1323 220751.264 279976.182  26.8%     -   31s
     0     0 279973.823    0 1286 220751.264 279973.823  26.8%     -   32s
     0     0 279969.962    0 1305 220751.264 279969.962  26.8%     -   32s
     0     0 279968.403    0 1281 220751.264 279968.403  26.8%     -   33s
     0     0 279967.020    0 1294 220751.264 279967.020  26.8%     -   33s
     0     0 279966.456    0 1301 220751.264 279966.456  26.8%     -   33s
     0     0 279966.453    0 1321 220751.264 279966.453  26.8%     -   33s
     0     0 279965.561    0 1311 220751.264 279965.561  26.8%     -   33s
     0     0 279965.561    0 1320 220751.264 279965.561  26.8%     -   34s
     0     0 279965.347    0 1356 220751.264 279965.347  26.8%     -   34s
H    0     0                    220838.94758 279965.347  26.8%     -   35s
H    0     0                    221479.50540 279965.347  26.4%     -   35s
H    0     0                    222984.92811 279965.347  25.6%     -   35s
H    0     0                    222995.22951 279965.347  25.5%     -   35s
     0     0 279965.034    0 1366 222995.230 279965.034  25.5%     -   35s
     0     0 279965.034    0 1373 222995.230 279965.034  25.5%     -   35s
     0     0 279957.923    0 1340 222995.230 279957.923  25.5%     -   36s
     0     0 279956.735    0 1345 222995.230 279956.735  25.5%     -   36s
     0     0 279956.016    0 1347 222995.230 279956.016  25.5%     -   36s
     0     0 279955.668    0 1347 222995.230 279955.668  25.5%     -   36s
     0     0 279955.660    0 1357 222995.230 279955.660  25.5%     -   37s
     0     0 279954.664    0 1333 222995.230 279954.664  25.5%     -   37s
H    0     0                    223275.92879 279954.664  25.4%     -   37s
H    0     0                    223515.29859 279954.664  25.3%     -   38s
     0     0 279954.389    0 1347 223515.299 279954.389  25.3%     -   38s
     0     0 279954.389    0 1349 223515.299 279954.389  25.3%     -   38s
     0     0 279954.259    0 1342 223515.299 279954.259  25.3%     -   39s
     0     0 279954.248    0 1355 223515.299 279954.248  25.3%     -   39s
     0     0 279952.157    0 1345 223515.299 279952.157  25.2%     -   39s
H    0     0                    223597.18215 279952.157  25.2%     -   40s
H    0     0                    223636.04268 279952.157  25.2%     -   40s
H    0     0                    223879.92782 279952.157  25.0%     -   40s
H    0     0                    224035.36994 279952.157  25.0%     -   41s
H    0     0                    224921.98462 279952.157  24.5%     -   41s
H    0     0                    224934.91802 279952.157  24.5%     -   41s
     0     0 279952.070    0 1356 224934.918 279952.070  24.5%     -   42s
     0     0 279951.830    0 1357 224934.918 279951.830  24.5%     -   42s
     0     0 279951.814    0 1360 224934.918 279951.814  24.5%     -   43s
     0     0 279948.455    0 1323 224934.918 279948.455  24.5%     -   43s
     0     0 279948.021    0 1349 224934.918 279948.021  24.5%     -   43s
     0     0 279947.692    0 1364 224934.918 279947.692  24.5%     -   43s
     0     0 279946.846    0 1353 224934.918 279946.846  24.5%     -   44s
     0     0 279946.063    0 1347 224934.918 279946.063  24.5%     -   44s
     0     0 279946.052    0 1359 224934.918 279946.052  24.5%     -   44s
     0     0 279942.816    0 1326 224934.918 279942.816  24.5%     -   44s
     0     0 279942.245    0 1345 224934.918 279942.245  24.5%     -   45s
     0     0 279942.227    0 1365 224934.918 279942.227  24.5%     -   45s
     0     0 279940.857    0 1359 224934.918 279940.857  24.5%     -   45s
H    0     0                    225919.58380 279940.857  23.9%     -   46s
     0     0 279939.019    0 1357 225919.584 279939.019  23.9%     -   46s
     0     0 279938.350    0 1369 225919.584 279938.350  23.9%     -   46s
     0     0 279938.283    0 1380 225919.584 279938.283  23.9%     -   46s
     0     0 279938.279    0 1385 225919.584 279938.279  23.9%     -   46s
     0     0 279933.134    0 1356 225919.584 279933.134  23.9%     -   47s
     0     0 279932.531    0 1372 225919.584 279932.531  23.9%     -   47s
     0     0 279932.506    0 1390 225919.584 279932.506  23.9%     -   47s
     0     0 279929.842    0 1388 225919.584 279929.842  23.9%     -   48s
     0     0 279929.603    0 1399 225919.584 279929.603  23.9%     -   48s
     0     0 279928.710    0 1393 225919.584 279928.710  23.9%     -   48s
     0     0 279927.773    0 1405 225919.584 279927.773  23.9%     -   48s
     0     0 279927.696    0 1400 225919.584 279927.696  23.9%     -   48s
     0     0 279927.658    0 1406 225919.584 279927.658  23.9%     -   48s
     0     0 279927.288    0 1407 225919.584 279927.288  23.9%     -   48s
     0     0 279925.499    0 1394 225919.584 279925.499  23.9%     -   49s
     0     0 279925.471    0 1420 225919.584 279925.471  23.9%     -   49s
     0     0 279925.232    0 1419 225919.584 279925.232  23.9%     -   49s
     0     0 279924.831    0 1417 225919.584 279924.831  23.9%     -   49s
     0     0 279923.989    0 1414 225919.584 279923.989  23.9%     -   49s
     0     0 279923.933    0 1415 225919.584 279923.933  23.9%     -   50s
     0     0 279922.045    0 1353 225919.584 279922.045  23.9%     -   50s
     0     0 279920.930    0 1397 225919.584 279920.930  23.9%     -   50s
     0     0 279917.759    0 1394 225919.584 279917.759  23.9%     -   51s
     0     0 279917.575    0 1409 225919.584 279917.575  23.9%     -   51s
     0     0 279917.547    0 1419 225919.584 279917.547  23.9%     -   51s
     0     0 279909.300    0 1400 225919.584 279909.300  23.9%     -   51s
     0     0 279907.504    0 1402 225919.584 279907.504  23.9%     -   52s
     0     0 279906.757    0 1383 225919.584 279906.757  23.9%     -   52s
     0     0 279906.680    0 1384 225919.584 279906.680  23.9%     -   52s
     0     0 279906.646    0 1387 225919.584 279906.646  23.9%     -   52s
     0     0 279904.582    0 1382 225919.584 279904.582  23.9%     -   52s
     0     0 279902.619    0 1381 225919.584 279902.619  23.9%     -   53s
     0     0 279902.065    0 1403 225919.584 279902.065  23.9%     -   53s
     0     0 279901.946    0 1404 225919.584 279901.946  23.9%     -   53s
     0     0 279901.785    0 1410 225919.584 279901.785  23.9%     -   53s
     0     0 279901.767    0 1420 225919.584 279901.767  23.9%     -   53s
     0     0 279893.327    0 1345 225919.584 279893.327  23.9%     -   53s
     0     0 279891.261    0 1374 225919.584 279891.261  23.9%     -   54s
     0     0 279890.798    0 1390 225919.584 279890.798  23.9%     -   54s
     0     0 279890.575    0 1404 225919.584 279890.575  23.9%     -   54s
     0     0 279890.575    0 1416 225919.584 279890.575  23.9%     -   54s
     0     0 279890.420    0 1408 225919.584 279890.420  23.9%     -   54s
     0     0 279890.337    0 1425 225919.584 279890.337  23.9%     -   55s
     0     0 279889.807    0 1413 225919.584 279889.807  23.9%     -   55s
     0     0 279889.770    0 1419 225919.584 279889.770  23.9%     -   55s
     0     0 279885.918    0 1411 225919.584 279885.918  23.9%     -   55s
     0     0 279884.960    0 1426 225919.584 279884.960  23.9%     -   55s
     0     0 279881.023    0 1390 225919.584 279881.023  23.9%     -   56s
     0     0 279877.641    0 1385 225919.584 279877.641  23.9%     -   56s
     0     0 279877.428    0 1395 225919.584 279877.428  23.9%     -   56s
     0     0 279877.360    0 1422 225919.584 279877.360  23.9%     -   56s
     0     0 279877.359    0 1422 225919.584 279877.359  23.9%     -   56s
     0     0 279875.952    0 1391 225919.584 279875.952  23.9%     -   57s
     0     0 279875.358    0 1410 225919.584 279875.358  23.9%     -   57s
     0     0 279875.314    0 1427 225919.584 279875.314  23.9%     -   57s
     0     0 279873.793    0 1391 225919.584 279873.793  23.9%     -   57s
     0     0 279873.742    0 1410 225919.584 279873.742  23.9%     -   58s
     0     0 279867.729    0 1335 225919.584 279867.729  23.9%     -   58s
     0     0 279865.833    0 1354 225919.584 279865.833  23.9%     -   59s
     0     0 279865.430    0 1393 225919.584 279865.430  23.9%     -   59s
     0     0 279865.425    0 1397 225919.584 279865.425  23.9%     -   59s
     0     0 279861.854    0 1423 225919.584 279861.854  23.9%     -   59s
     0     0 279861.600    0 1432 225919.584 279861.600  23.9%     -   60s
     0     0 279861.102    0 1444 225919.584 279861.102  23.9%     -   60s
     0     0 279860.948    0 1429 225919.584 279860.948  23.9%     -   60s
     0     0 279860.948    0 1432 225919.584 279860.948  23.9%     -   60s
     0     0 279858.117    0 1407 225919.584 279858.117  23.9%     -   60s
     0     0 279857.782    0 1422 225919.584 279857.782  23.9%     -   61s
     0     0 279857.771    0 1444 225919.584 279857.771  23.9%     -   61s
     0     0 279857.131    0 1431 225919.584 279857.131  23.9%     -   61s
     0     0 279857.131    0 1431 225919.584 279857.131  23.9%     -   61s
     0     0 279857.131    0 1182 225919.584 279857.131  23.9%     -   62s
     0     2 279857.131    0 1161 225919.584 279857.131  23.9%     -   69s
H    1     1                    225956.21344 279857.131  23.9%   0.0   79s
H    1     1                    226742.46987 279857.131  23.4%   0.0   80s
H    1     1                    226760.45289 279857.131  23.4%   0.0   80s
H    1     1                    226787.90781 279857.131  23.4%   0.0   80s
H    1     1                    227100.08078 279857.131  23.2%   0.0   81s
H    1     1                    227353.72133 279857.131  23.1%   0.0   81s
H    1     1                    227772.17099 279857.131  22.9%   0.0   82s
H    1     1                    227911.87394 279857.131  22.8%   0.0   83s
H    1     1                    228079.04525 279857.131  22.7%   0.0   84s
H    1     1                    228540.82047 279857.131  22.5%   0.0   84s
H    1     1                    228730.88140 279857.131  22.4%   0.0   84s
H    1     1                    228737.49915 279857.131  22.3%   0.0   84s
H    1     1                    228743.69130 279857.131  22.3%   0.0   85s
H    1     1                    228796.75896 279857.131  22.3%   0.0   88s
H    1     1                    228845.49086 279857.131  22.3%   0.0  102s
     1     3 279835.354    1 1092 228845.491 279857.131  22.3%   698  116s
H    2     2                    229209.07277 279857.131  22.1%   349  116s
H    2     2                    229287.11602 279857.131  22.1%   349  116s
H    2     2                    229379.01476 279857.131  22.0%   349  117s
H    2     2                    229386.13875 279857.131  22.0%   349  117s
H    2     2                    229581.24686 279857.131  21.9%   349  117s
H    5     5                    229582.68426 279852.775  21.9%   567  120s
H    5     5                    229859.07681 279852.775  21.7%   567  120s
H    5     5                    229998.56003 279852.775  21.7%   567  120s
H    5     5                    230003.83532 279852.775  21.7%   567  120s
H    5     5                    230088.93692 279852.775  21.6%   567  120s
H    5     5                    230253.21397 279852.775  21.5%   567  121s
H    5     5                    230270.39666 279852.775  21.5%   567  121s
H    7     7                    230327.01507 279835.354  21.5%   735  123s
H    7     7                    231053.84163 279835.354  21.1%   735  123s
H   11    11                    231075.44915 279835.354  21.1%   688  125s
H   11    11                    231190.64910 279835.354  21.0%   688  125s
H   11    11                    231431.33091 279835.354  20.9%   688  126s
H   11    11                    231472.41680 279835.354  20.9%   688  126s
H   11    11                    231634.83821 279835.354  20.8%   688  126s
H   11    11                    231730.21015 279835.354  20.8%   688  128s
H   11    11                    231763.34953 279835.354  20.7%   688  130s
    11    13 279815.299    6 1097 231763.350 279835.354  20.7%   716  138s
    16    18 279768.932    8 1063 231763.350 279835.354  20.7%   648  140s
    41    43 279676.459   21 1041 231763.350 279835.354  20.7%   426  145s
    59    61 279371.525   31 1022 231763.350 279835.354  20.7%   439  150s
    72    74 279148.146   38  959 231763.350 279835.354  20.7%   494  155s
    83    85 279264.749   44 1004 231763.350 279835.354  20.7%   516  160s
   102   104 279180.884   55  982 231763.350 279835.354  20.7%   498  165s
   135   137 278951.416   76  956 231763.350 279835.354  20.7%   430  170s
   172   174 278771.952   95  874 231763.350 279835.354  20.7%   381  175s
   201   203 278593.584  113  880 231763.350 279835.354  20.7%   366  180s
   239   241 278402.051  136  890 231763.350 279835.354  20.7%   340  185s
   267   269 278040.117  152  835 231763.350 279835.354  20.7%   335  190s
   324   326 277948.563  184  780 231763.350 279835.354  20.7%   299  195s
   377   379 277641.427  215  716 231763.350 279835.354  20.7%   278  200s
   407   407 infeasible  234      231763.350 279835.354  20.7%   318  211s
   433   433 276625.578  248  656 231763.350 279835.354  20.7%   315  215s
   476   476 276284.255  273  667 231763.350 279835.354  20.7%   307  220s
   494   494 276193.257  283  632 231763.350 279835.354  20.7%   303  232s
   511   511 276072.290  293  645 231763.350 279835.354  20.7%   304  235s
   541   541 275132.682  310  633 231763.350 279835.354  20.7%   314  240s
   586   584 infeasible  335      231763.350 279835.354  20.7%   314  245s
H  612   595                    231765.17230 279835.354  20.7%   309  251s
   613   596 276299.047  271 1182 231765.172 279835.354  20.7%   308  282s
   615   597 276148.706  285  915 231765.172 279835.354  20.7%   307  299s
   616   598 279108.026   54 1011 231765.172 279835.354  20.7%   307  302s
   618   599 276017.409  300 1166 231765.172 279835.354  20.7%   306  305s
H  625   573                    231834.29228 279835.354  20.7%   302  311s
H  625   544                    231842.40737 279835.354  20.7%   302  311s
H  625   517                    231865.02724 279835.354  20.7%   302  311s
H  625   491                    231894.12190 279835.354  20.7%   302  311s
H  625   466                    231928.48164 279835.354  20.7%   302  311s
   633   471 278354.768   38 1314 231928.482 279835.354  20.7%   299  316s
H  638   451                    231941.67915 279835.354  20.6%   296  322s
   645   455 279490.808   33 1360 231941.679 279829.929  20.6%   293  327s
   651   459 279492.201   34 1552 231941.679 279823.031  20.6%   290  330s
H  651   435                    231961.04895 279820.792  20.6%   290  334s
H  651   413                    232232.98376 279820.792  20.5%   290  334s
   653   415 279679.429   19 1521 232232.984 279819.885  20.5%   289  335s
   658   418 277126.331  240 1542 232232.984 279805.517  20.5%   287  340s
H  663   399                    232285.30932 279800.342  20.5%   285  345s
H  663   378                    232503.31450 279800.342  20.3%   285  345s
H  669   362                    232523.05061 279792.162  20.3%   282  351s
H  674   347                    232530.89403 279785.786  20.3%   280  356s
H  674   328                    232622.81033 279785.786  20.3%   280  357s
H  674   311                    232711.75922 279785.786  20.2%   280  357s
H  674   294                    232733.79821 279785.786  20.2%   280  357s
H  674   279                    232787.55819 279785.786  20.2%   280  357s
   680   283 277652.927  208 1655 232787.558 279782.826  20.2%   278  360s
   686   287 277904.991  191 1668 232787.558 279775.532  20.2%   275  366s
H  686   271                    232933.28379 279768.381  20.1%   275  369s
   689   273 275100.473  332 1699 232933.284 279767.842  20.1%   274  370s
   694   276 279759.905    7 1652 232933.284 279759.905  20.1%   272  375s
H  701   265                    232936.63420 279754.356  20.1%   270  381s
H  701   251                    233023.81121 279754.356  20.1%   270  383s
H  701   237                    233069.89119 279754.356  20.0%   270  383s
H  701   223                    233080.61212 279754.356  20.0%   270  385s
H  701   211                    233141.42430 279754.356  20.0%   270  386s
H  701   199                    233146.43244 279754.356  20.0%   270  386s
   702   199 279754.356    3 1416 233146.432 279754.356  20.0%   269  394s
   703   200 277903.423  188 1681 233146.432 279753.662  20.0%   269  395s
H  708   191                    233158.28043 279749.415  20.0%   267  400s
   716   197 279108.026   54 1677 233158.280 279737.428  20.0%   264  405s
   724   202 278431.061  130 1680 233158.280 279727.404  20.0%   261  410s
   730   206 279717.400    3 1725 233158.280 279720.678  20.0%   259  415s
H  734   196                    233173.64042 279717.187  20.0%   257  423s
   737   198 276748.110  245 1739 233173.640 279712.145  20.0%   256  425s
   747   204 278896.402   83 1793 233173.640 279706.768  20.0%   253  430s
   751   207 279492.201   34 1787 233173.640 279702.574  20.0%   252  435s
   761   214 279477.838   35 1765 233173.640 279694.880  20.0%   248  440s
   768   218 278637.810  107 1776 233173.640 279692.215  20.0%   246  445s
   775   223 275508.027  315 1769 233173.640 279679.771  19.9%   244  450s
   776   224 275374.110  328 1494 233173.640 279674.993  19.9%   244  455s
   782   228 279262.562   50 1497 233173.640 279669.746  19.9%   242  460s
   788   232 277643.246  213 1555 233173.640 279664.340  19.9%   240  465s
   794   236 279655.122    7 1514 233173.640 279655.122  19.9%   238  470s
   801   240 276937.999  258 1498 233173.640 279642.211  19.9%   236  481s
   810   246 277169.433  241 1486 233173.640 279633.158  19.9%   233  486s
   817   251 277654.124  210 1493 233173.640 279625.392  19.9%   231  491s
   823   255 277637.945  214 1549 233173.640 279619.169  19.9%   230  496s
   828   258 278885.444   88 1461 233173.640 279614.645  19.9%   228  501s
   834   262 277854.763  194 1482 233173.640 279608.322  19.9%   227  505s
   840   266 277126.331  240 1494 233173.640 279602.909  19.9%   225  510s
   846   270 277692.753  206 1544 233173.640 279598.207  19.9%   223  515s
   852   274 275413.098  323 1509 233173.640 279586.923  19.9%   222  521s
   856   277 273762.435  340 1550 233173.640 279584.014  19.9%   221  525s
   860   280 278850.553   93 1686 233173.640 279578.750  19.9%   220  530s
   866   284 275508.394  315 1553 233173.640 279574.264  19.9%   218  535s
   870   286 278694.878   79 1549 233173.640 279570.492  19.9%   217  540s
   877   291 278951.669   71 1587 233173.640 279564.854  19.9%   215  546s
   882   294 279262.562   50 1607 233173.640 279559.681  19.9%   214  551s
   888   298 277643.246  213 1576 233173.640 279548.506  19.9%   213  557s
   892   301 278874.478   80 1600 233173.640 279546.005  19.9%   212  563s
   895   303 275224.612  327 1932 233173.640 279545.631  19.9%   211  565s
   900   306 277942.636  183 1814 233173.640 279537.576  19.9%   210  570s
   904   309 279477.838   35 1552 233173.640 279530.109  19.9%   209  575s
   910   313 277169.433  241 1595 233173.640 279521.751  19.9%   208  581s
   916   317 279108.026   54 1581 233173.640 279516.982  19.9%   206  589s
   917   318 277654.124  210 1803 233173.640 279515.420  19.9%   206  591s
   922   321 275641.957  308 1574 233173.640 279511.029  19.9%   205  596s
   927   324 276302.687  268 1605 233173.640 279499.886  19.9%   204  601s
   933   328 278354.768   38 1552 233173.640 279491.580  19.9%   203  606s
   939   332 275745.964  294 1617 233173.640 279487.848  19.9%   201  613s
   941   334 276725.723  255 1594 233173.640 279486.986  19.9%   201  616s
   946   337 277692.753  206 1616 233173.640 279484.640  19.9%   200  621s
   950   340 278841.017   91 1632 233173.640 279477.652  19.9%   199  626s
   959   346 276748.110  245 1631 233173.640 279468.384  19.9%   197  632s
   963   348 277507.382  226 1648 233173.640 279463.268  19.9%   196  637s
   967   351 278459.522  123 1643 233173.640 279455.450  19.8%   195  645s
   971   354 275320.992  325 1621 233173.640 279451.510  19.8%   195  650s
   975   356 275508.027  315 1668 233173.640 279448.972  19.8%   194  655s
   979   359 277652.904  208 1880 233173.640 279446.910  19.8%   193  660s
   985   363 279309.538   42 1665 233173.640 279443.712  19.8%   192  666s
   990   366 276071.731  294 1644 233173.640 279438.881  19.8%   191  671s
   995   370 275224.612  327 1647 233173.640 279437.031  19.8%   190  676s
   999   372 278694.878   79 1665 233173.640 279434.153  19.8%   189  680s
  1004   376 279431.318   35 1647 233173.640 279431.318  19.8%   188  685s
  1008   378 276148.706  285 1618 233173.640 279428.987  19.8%   187  690s
  1013   382 276299.047  271 1656 233173.640 279426.382  19.8%   187  700s
  1017   384 277654.124  210 1708 233173.640 279424.709  19.8%   186  705s
  1020   386 275320.992  325 1892 233173.640 279423.505  19.8%   185  710s
H 1022   362                    233223.16234 279421.903  19.8%   185  714s
H 1022   337                    233280.22573 279421.903  19.8%   185  714s
H 1022   314                    233407.80720 279421.903  19.7%   185  714s
H 1022   291                    233488.61563 279421.903  19.7%   185  714s
  1024   292 278431.061  130 1872 233488.616 279421.547  19.7%   185  715s
  1029   295 278645.735  116 1943 233488.616 279419.789  19.7%   184  720s
  1033   298 278354.768   38 1676 233488.616 279414.138  19.7%   183  755s
  1039   302 275745.964  294 1644 233488.616 279402.268  19.7%   182  762s
  1041   303 276725.723  255 1673 233488.616 279400.734  19.7%   182  766s
  1046   307 277692.753  206 1680 233488.616 279395.277  19.7%   181  772s
  1053   311 279393.406   19 2015 233488.616 279393.406  19.7%   179  775s
  1057   314 278694.878   79 2004 233488.616 279389.555  19.7%   179  780s
  1059   315 276748.110  245 1700 233488.616 279387.339  19.7%   178  785s
  1065   319 276253.697  273 1671 233488.616 279384.320  19.7%   177  791s
  1074   325 274975.760  330 2027 233488.616 279381.085  19.7%   176  795s
  1078   328 275986.373  299 2023 233488.616 279378.226  19.7%   175  800s
  1084   332 275512.192  317 2022 233488.616 279373.490  19.7%   174  805s
  1087   334 279369.780   28 1949 233488.616 279369.780  19.7%   174  810s
  1094   339 279364.950    7 1920 233488.616 279364.950  19.6%   173  815s
  1098   341 278360.351  141 1678 233488.616 279358.374  19.6%   172  820s
  1105   346 279352.739    3 1705 233488.616 279352.739  19.6%   171  825s
  1109   349 276272.937  270 1708 233488.616 279348.729  19.6%   170  831s
  1116   353 279108.026   54 2061 233488.616 279345.954  19.6%   169  835s
  1120   356 275320.992  325 1701 233488.616 279340.628  19.6%   169  842s
  1125   359 279336.802    2 2019 233488.616 279336.802  19.6%   168  845s
  1128   361 278885.444   88 1898 233488.616 279324.112  19.6%   168  851s
  1134   365 277854.763  194 1649 233488.616 279318.341  19.6%   167  858s
  1137   367 276748.110  245 1911 233488.616 279314.329  19.6%   166  860s
  1141   370 276725.723  255 1858 233488.616 279308.155  19.6%   166  865s
  1146   373 277692.753  206 1884 233488.616 279300.829  19.6%   165  870s
  1152   377 275413.098  323 1652 233488.616 279288.200  19.6%   164  877s
  1156   380 273762.435  340 1979 233488.616 279284.373  19.6%   163  880s
  1163   385 277507.382  226 1710 233488.616 279280.397  19.6%   162  887s
  1168   388 278637.810  107 2019 233488.616 279278.796  19.6%   162  890s
  1172   391 278526.609  118 1983 233488.616 279274.760  19.6%   161  895s
  1176   393 275374.110  328 1957 233488.616 279271.869  19.6%   161  900s
  1181   397 277637.945  214 1785 233488.616 279269.363  19.6%   160  905s
  1186   400 277904.991  191 1759 233488.616 279265.430  19.6%   159  913s
  1189   402 275100.473  332 1972 233488.616 279263.393  19.6%   159  915s
  1197   408 278684.896  112  917 233488.616 279261.048  19.6%   757  934s
  1198   409 278360.351  141 1078 233488.616 279261.048  19.6%   756  939s
  1199   410 278694.878   79 1226 233488.616 279261.048  19.6%   756  943s
  1200   410 277942.636  183 1253 233488.616 279261.048  19.6%   755  947s
  1202   412 279261.048    3 1452 233488.616 279261.048  19.6%   754  951s
  1204   413 279261.048   35 1522 233488.616 279261.048  19.6%   752  955s
  1213   419 276299.047  271 1662 233488.616 279260.794  19.6%   747  960s
  1214   420 279110.912   60 1633 233488.616 279254.157  19.6%   746  965s
  1218   422 276017.409  300 1610 233488.616 279249.766  19.6%   744  972s
  1222   425 275641.957  308 1774 233488.616 279245.322  19.6%   741  975s
H 1222   403                    233519.24853 279239.090  19.6%   741  981s
  1229   408 278645.735  116 1630 233519.249 279234.915  19.6%   737  987s
  1234   411 277854.763  194 1815 233519.249 279232.754  19.6%   734  991s
H 1234   390                    233532.88056 279230.866  19.6%   734  994s
  1236   391 278026.864  158 1790 233532.881 279230.150  19.6%   733  995s
  1240   394 277126.331  240 1695 233532.881 279227.415  19.6%   731 1001s
H 1243   375                    233583.63111 279226.663  19.5%   729 1007s
H 1243   355                    233590.95872 279226.663  19.5%   729 1007s
  1250   360 278841.017   91 1930 233590.959 279225.040  19.5%   725 1010s
  1253   362 279221.814   19 1861 233590.959 279221.814  19.5%   723 1015s
H 1258   346                    233841.22211 279217.553  19.4%   720 1021s
  1267   352 278459.522  123 1874 233841.222 279213.302  19.4%   715 1025s
  1269   353 278147.699  148 1836 233841.222 279210.979  19.4%   714 1030s
H 1272   336                    234039.09882 279206.410  19.3%   712 1036s
H 1272   318                    234070.11981 279206.410  19.3%   712 1036s
H 1272   301                    234070.20001 279206.410  19.3%   712 1036s
  1279   306 277652.904  208 1886 234070.200 279203.709  19.3%   708 1040s
  1281   307 277637.945  214 1864 234070.200 279201.452  19.3%   707 1045s
  1285   310 279200.203   42 1679 234070.200 279200.203  19.3%   705 1064s
  1286   311 277904.991  191 1830 234070.200 279199.407  19.3%   705 1065s
  1289   313 275100.473  332 1869 234070.200 279197.167  19.3%   703 1070s
  1296   317 275433.799  322 1659 234070.200 279194.183  19.3%   699 1075s
  1300   320 277942.636  183 1822 234070.200 279188.003  19.3%   697 1080s
  1304   323 279184.165   35 1658 234070.200 279184.165  19.3%   695 1085s
  1310   327 277169.433  241 1636 234070.200 279180.718  19.3%   692 1090s
  1314   329 279110.912   60 1792 234070.200 279177.808  19.3%   689 1095s
  1317   331 277654.124  210 1661 234070.200 279175.942  19.3%   688 1100s
  1322   335 275641.957  308 1636 234070.200 279172.681  19.3%   685 1105s
  1327   338 276302.687  268 1681 234070.200 279166.757  19.3%   683 1110s
  1335   343 276192.970  284 1661 234070.200 279160.325  19.3%   679 1116s
  1339   346 275745.964  294 1895 234070.200 279153.403  19.3%   677 1120s
  1344   349 278782.329  102 1833 234070.200 279147.180  19.3%   674 1126s
  1352   355 275413.098  323 1661 234070.200 279141.772  19.3%   670 1132s
  1358   359 277126.331  240 1935 234070.200 279139.195  19.3%   667 1135s
  1362   361 279130.249   34 1876 234070.200 279130.249  19.3%   665 1140s
  1368   365 278637.810  107 1908 234070.200 279126.930  19.2%   662 1145s
H 1371   345                    234100.44268 279123.443  19.2%   661 1150s
H 1371   325                    234116.27999 279123.443  19.2%   661 1150s
  1378   330 275986.373  299 1677 234116.280 279118.901  19.2%   657 1157s
  1383   333 278583.573  119 1970 234116.280 279116.846  19.2%   655 1160s
  1385   335 279113.395   42 1724 234116.280 279113.395  19.2%   654 1165s
  1389   337 275100.473  332 1886 234116.280 279110.315  19.2%   652 1170s
  1394   341 279109.073    7 1917 234116.280 279109.073  19.2%   650 1175s
  1399   344 278694.878   79 1723 234116.280 279105.358  19.2%   648 1180s
H 1403   326                    234117.81821 279099.513  19.2%   646 1185s
  1409   330 276272.937  270 1954 234117.818 279094.721  19.2%   643 1190s
  1414   333 279090.799   60 1991 234117.818 279090.799  19.2%   641 1195s
  1419   336 273762.435  340 1762 234117.818 279086.881  19.2%   638 1201s
  1424   340 278431.061  130 1966 234117.818 279082.576  19.2%   636 1205s
  1429   343 278645.735  116 1956 234117.818 279080.656  19.2%   634 1210s
  1433   346 278354.768   38 2021 234117.818 279078.003  19.2%   632 1215s
  1437   348 276748.110  245 1910 234117.818 279073.301  19.2%   630 1220s
  1442   352 278014.412  165 1733 234117.818 279070.393  19.2%   628 1226s
  1447   355 278896.402   83 1723 234117.818 279066.164  19.2%   626 1232s
  1452   358 275413.098  323 1717 234117.818 279063.035  19.2%   624 1237s
  1457   362 278694.878   79 1781 234117.818 279057.988  19.2%   622 1242s
  1461   364 279055.561   35 2009 234117.818 279055.561  19.2%   620 1245s
  1465   367 276253.697  273 1704 234117.818 279053.099  19.2%   618 1250s
  1470   370 278694.878   79 1735 234117.818 279050.739  19.2%   616 1255s
  1475   374 275508.027  315 1763 234117.818 279048.973  19.2%   614 1260s
  1480   377 277652.927  208 1675 234117.818 279042.030  19.2%   612 1266s
  1485   380 279040.153   42 1990 234117.818 279040.153  19.2%   610 1270s
  1486   381 277904.991  191 1716 234117.818 279038.712  19.2%   610 1275s
  1491   384 277623.877  216 1785 234117.818 279032.048  19.2%   608 1281s
  1498   389 278360.351  141 1999 234117.818 279026.964  19.2%   605 1285s
  1504   393 279023.026   35 2040 234117.818 279023.026  19.2%   602 1290s
  1509   396 276272.937  270 1941 234117.818 279017.781  19.2%   600 1295s
  1515   400 276148.706  285 1746 234117.818 279015.477  19.2%   598 1301s
  1519   403 273762.435  340 1739 234117.818 279011.734  19.2%   596 1306s
  1525   407 279005.414    2 2023 234117.818 279005.414  19.2%   594 1310s
  1531   411 279001.277   14 1971 234117.818 279001.277  19.2%   592 1315s
  1535   414 276192.970  284 1831 234117.818 278996.361  19.2%   590 1320s
  1541   418 276725.723  255 1711 234117.818 278991.364  19.2%   588 1327s
  1545   420 278989.437   33 2005 234117.818 278989.437  19.2%   586 1330s
  1550   424 278841.017   91 1966 234117.818 278985.720  19.2%   585 1335s
  1554   426 275887.357  304 1927 234117.818 278980.484  19.2%   583 1340s
  1557   428 278694.878   79 1689 234117.818 278975.737  19.2%   582 1345s
  1564   433 278686.290  110 1765 234117.818 278971.798  19.2%   579 1351s
  1570   437 278694.878   79 1723 234117.818 278967.461  19.2%   577 1357s
  1574   440 274975.760  330 2022 234117.818 278963.898  19.2%   576 1360s
  1577   442 278951.669   71 1716 234117.818 278957.897  19.2%   575 1365s
H 1584   417                    234127.57362 278952.020  19.1%   572 1373s
H 1584   390                    234137.32903 278952.020  19.1%   572 1373s
H 1584   364                    234196.92350 278952.020  19.1%   572 1374s
H 1584   339                    234442.43168 278952.020  19.0%   572 1377s
H 1584   316                    234448.08699 278952.020  19.0%   572 1377s
H 1584   293                    234472.31476 278952.020  19.0%   572 1381s
H 1584   272                    234497.99196 278952.020  19.0%   572 1382s
H 1584   252                    234736.47859 278952.020  18.8%   572 1382s
H 1584   233                    234737.59609 278952.020  18.8%   572 1382s
  1585   234 278952.020   42 1712 234737.596 278952.020  18.8%   572 1393s
  1587   235 278951.421   28 1959 234737.596 278951.421  18.8%   571 1395s
  1592   239 278874.478   80 1957 234737.596 278948.129  18.8%   569 1400s
  1598   243 278360.351  141 1787 234737.596 278943.686  18.8%   567 1406s
  1603   246 277903.423  188 1810 234737.596 278942.360  18.8%   565 1411s
  1608   249 276148.706  285 1965 234737.596 278937.863  18.8%   563 1415s
  1613   253 276299.047  271 1804 234737.596 278932.707  18.8%   562 1420s
  1617   255 277654.124  210 1994 234737.596 278931.511  18.8%   560 1425s
  1626   262 276148.706  285  918 234737.596 278930.434  18.8%   906 1445s
  1627   263 276302.687  268 1094 234737.596 278930.434  18.8%   905 1453s
  1628   264 278885.444   88 1201 234737.596 278930.434  18.8%   905 1457s
  1629   264 278645.735  116 1272 234737.596 278930.434  18.8%   904 1461s
  1631   266 278930.434   14 1404 234737.596 278930.434  18.8%   903 1466s
  1634   268 277854.763  194 1490 234737.596 278930.434  18.8%   901 1471s
  1638   270 275666.922  308 1589 234737.596 278930.434  18.8%   899 1475s
  1644   274 278782.329  102 1692 234737.596 278929.544  18.8%   896 1482s
  1648   277 276148.706  285 1807 234737.596 278923.672  18.8%   894 1486s
  1649   278 277962.432  180 1701 234737.596 278923.019  18.8%   893 1490s
  1653   280 278921.619   19 1700 234737.596 278921.619  18.8%   891 1496s
  1657   283 278694.878   79 1699 234737.596 278920.140  18.8%   889 1503s
  1661   286 278917.734   35 1860 234737.596 278917.734  18.8%   887 1505s
H 1662   271                    234744.65959 278916.941  18.8%   886 1510s
  1670   277 278694.878   79 1733 234744.660 278913.660  18.8%   882 1518s
  1671   277 275320.992  325 1847 234744.660 278913.574  18.8%   881 1520s
  1673   279 277967.599  173 1889 234744.660 278913.354  18.8%   880 1526s
  1675   280 275508.027  315 1922 234744.660 278913.066  18.8%   879 1530s
  1677   281 278912.363   71 1720 234744.660 278912.363  18.8%   878 1535s
  1678   282 275986.373  299 1624 234744.660 278912.363  18.8%   878 1553s
H 1678   267                    234783.68121 278912.363  18.8%   878 1601s
H 1679   253                    234803.19202 278912.363  18.8%   969 1602s
H 1680   240                    234829.40393 278912.363  18.8%   968 1606s
H 1681   228                    234929.65867 278912.363  18.7%   969 1610s
H 1681   215                    234936.98628 278912.363  18.7%   969 1610s
H 1681   204                    234942.26157 278912.363  18.7%   969 1610s
H 1682   194                    234991.03859 278898.335  18.7%   970 1611s
H 1682   183                    235304.99201 278898.335  18.5%   970 1611s
H 1682   173                    235355.74739 278898.335  18.5%   970 1612s
  1683   175 278806.026   39 1526 235355.747 278898.335  18.5%   972 1617s
H 1684   165                    235449.13085 278898.335  18.5%   972 1619s
H 1684   156                    235498.65275 278898.335  18.4%   972 1622s
H 1684   147                    235658.83478 278898.335  18.3%   972 1624s
H 1685   140                    235711.16035 278898.335  18.3%   972 1627s
H 1686   132                    235747.99068 278885.364  18.3%   973 1631s
H 1686   125                    235760.32172 278885.364  18.3%   973 1632s
H 1686   118                    235770.00662 278885.364  18.3%   973 1633s
  1686   120 278884.681   41 1579 235770.007 278885.364  18.3%   973 1636s
H 1690   114                    235774.81450 278884.575  18.3%   973 1659s
  1690   116 278833.271   43 1474 235774.815 278884.575  18.3%   975 1661s
  1694   119 278856.953   45 1523 235774.815 278881.175  18.3%   975 1665s
  1698   121 278847.788   47 1526 235774.815 278881.175  18.3%   977 1670s
  1706   127 278726.969   51 1466 235774.815 278881.175  18.3%   979 1678s
  1708   128 278843.282   52 1463 235774.815 278881.175  18.3%   979 1680s
  1715   133 278623.080   55 1488 235774.815 278881.175  18.3%   979 1686s
  1719   135 278500.183   57 1396 235774.815 278881.175  18.3%   980 1690s
H 1725   131                    236005.70620 278881.175  18.2%   980 1697s
H 1725   125                    236035.75110 278881.175  18.2%   980 1698s
H 1725   119                    236038.36467 278881.175  18.2%   980 1698s
  1725   121 278802.623   60 1414 236038.365 278881.175  18.2%   981 1702s
  1730   125 278714.727   63 1437 236038.365 278881.175  18.2%   980 1706s
  1738   130 278776.631   67 1332 236038.365 278881.175  18.2%   979 1710s
  1748   137 278564.695   72 1273 236038.365 278881.175  18.2%   979 1717s
  1757   143 278757.888   76 1358 236038.365 278881.175  18.2%   977 1720s
  1770   151 278735.177   83 1290 236038.365 278881.175  18.2%   973 1725s
  1783   160 278727.120   89 1267 236038.365 278881.175  18.2%   970 1730s
  1797   169 278716.467   96 1214 236038.365 278881.175  18.2%   965 1735s
  1813   180 278709.205  104 1180 236038.365 278881.175  18.2%   961 1740s
  1824   187 278700.751  110 1173 236038.365 278881.175  18.2%   959 1745s
  1835   195 278622.426  115 1082 236038.365 278881.175  18.2%   957 1750s
  1843   200 278654.059  119 1156 236038.365 278881.175  18.2%   957 1755s
  1857   209 278555.252  126 1111 236038.365 278881.175  18.2%   954 1761s
  1861   212 277663.097  128 1090 236038.365 278881.175  18.2%   964 1800s

Cutting planes:
  Gomory: 9
  Cover: 26
  Implied bound: 24
  MIR: 433
  Flow cover: 379
  Zero half: 7

Explored 1862 nodes (1885563 simplex iterations) in 1800.02 seconds (1830.17 work units)
Thread count was 1 (of 72 available processors)

Solution count 10: 236038 236038 236036 ... 235659

Time limit reached
Best objective 2.360383646727e+05, best bound 2.788811751428e+05, gap 18.1508%
