
Gurobi 13.0.3 (linux64) logging started Sat Oct 10 06:10:23 2026

Set parameter LogFile to value "/home/gep/projects/jaffray-masc-fhops-model/data/output/rerun_v101_calib/ni_18_sub56_lock7.gurobi.log"
Gurobi Optimizer version 13.0.3 build v13.0.3rc0 (linux64 - "Ubuntu 24.04.3 LTS")

CPU model: Intel(R) Xeon(R) Gold 6254 CPU @ 3.10GHz, instruction set [SSE2|AVX|AVX2|AVX512]
Thread count: 36 physical cores, 72 logical processors, using up to 1 threads

Non-default parameters:
TimeLimit  7200
Threads  1

Optimize a model with 103728 rows, 111514 columns and 350172 nonzeros (Max)
Model fingerprint: 0xde0f44b3
Model has 3042 linear objective coefficients
Variable types: 69570 continuous, 41944 integer (41944 binary)
Coefficient statistics:
  Matrix range     [1e+00, 2e+05]
  Objective range  [1e+00, 1e+00]
  Bounds range     [1e+00, 1e+00]
  RHS range        [1e+00, 2e+05]

Found heuristic solution: objective -755749.6354
Presolve removed 17800 rows and 17960 columns
Presolve time: 1.13s
Presolved: 85928 rows, 93554 columns, 320021 nonzeros
Variable types: 52354 continuous, 41200 integer (41200 binary)

Root simplex log...

Iteration    Objective       Primal Inf.    Dual Inf.      Time
   13949   -2.5839123e+05   4.002908e+07   0.000000e+00      5s
   19259   -2.5839130e+05   2.908868e+07   0.000000e+00     10s
   23429   -2.5839133e+05   3.914173e+06   0.000000e+00     15s
   27829   -2.5839134e+05   1.953690e+07   0.000000e+00     20s
   31639   -2.5839135e+05   3.724048e+05   0.000000e+00     25s
   32576   -2.5838995e+05   0.000000e+00   0.000000e+00     26s
   32576   -2.5838995e+05   0.000000e+00   0.000000e+00     26s

Use crossover to convert LP symmetric solution to basic solution...

Root crossover log...

       3 DPushes remaining with DInf 0.0000000e+00                27s
       0 DPushes remaining with DInf 0.0000000e+00                27s

    8936 PPushes remaining with PInf 0.0000000e+00                27s
       0 PPushes remaining with PInf 0.0000000e+00                27s

  Push phase complete: Pinf 0.0000000e+00, Dinf 5.7172414e-11     27s


Root simplex log...

Iteration    Objective       Primal Inf.    Dual Inf.      Time
   41518   -2.5838995e+05   0.000000e+00   0.000000e+00     27s
Crossover time: 0.41 seconds (0.24 work units)

Root relaxation: objective -2.583899e+05, 41518 iterations, 25.65 seconds (29.54 work units)

    Nodes    |    Current Node    |     Objective Bounds      |     Work
 Expl Unexpl |  Obj  Depth IntInf | Incumbent    BestBd   Gap | It/Node Time

     0     0 -258389.95    0  296 -755749.64 -258389.95  65.8%     -   50s
H    0     0                    -280350.8839 -258389.95  7.83%     -   51s
H    0     0                    -278240.2331 -258389.95  7.13%     -   52s
     0     0 -258389.95    0  393 -278240.23 -258389.95  7.13%     -   57s
H    0     0                    -273493.1684 -258389.95  5.52%     -   58s
     0     0 -258389.95    0  379 -273493.17 -258389.95  5.52%     -   59s
     0     0 -258389.95    0  417 -273493.17 -258389.95  5.52%     -   66s
     0     0 -258389.95    0  131 -273493.17 -258389.95  5.52%     -   77s
H    0     0                    -264788.5699 -258389.95  2.42%     -   78s
H    0     0                    -264166.5042 -258389.95  2.19%     -   79s
H    0     0                    -263099.8860 -258389.95  1.79%     -   80s
H    0     0                    -262894.3649 -258389.95  1.71%     -   80s
H    0     0                    -262754.3712 -258389.95  1.66%     -   80s
H    0     0                    -262657.7134 -258389.95  1.62%     -   80s
     0     0 -258389.95    0  154 -262657.71 -258389.95  1.62%     -   82s
     0     0 -258389.95    0  209 -262657.71 -258389.95  1.62%     -   85s
     0     0 -258389.95    0   97 -262657.71 -258389.95  1.62%     -   94s
     0     0 -258389.95    0   99 -262657.71 -258389.95  1.62%     -   95s
     0     0 -258389.95    0  185 -262657.71 -258389.95  1.62%     -   97s
     0     0 -258389.95    0   83 -262657.71 -258389.95  1.62%     -  104s
     0     0 -258389.95    0   93 -262657.71 -258389.95  1.62%     -  105s
     0     0 -258389.95    0  138 -262657.71 -258389.95  1.62%     -  106s
     0     0 -258389.95    0   77 -262657.71 -258389.95  1.62%     -  111s
     0     0 -258389.95    0   89 -262657.71 -258389.95  1.62%     -  113s
     0     0 -258389.95    0  124 -262657.71 -258389.95  1.62%     -  115s
     0     0 -258389.95    0   64 -262657.71 -258389.95  1.62%     -  121s
H    0     0                    -262581.5402 -258389.95  1.60%     -  125s
H    0     0                    -262538.7524 -258389.95  1.58%     -  126s
     0     0 -258389.95    0   72 -262538.75 -258389.95  1.58%     -  128s
     0     0 -258389.95    0  131 -262538.75 -258389.95  1.58%     -  129s
     0     0 -258389.95    0   68 -262538.75 -258389.95  1.58%     -  134s
     0     0 -258389.95    0  101 -262538.75 -258389.95  1.58%     -  136s
     0     0 -258389.95    0   53 -262538.75 -258389.95  1.58%     -  140s
H    0     0                    -262461.8825 -258389.95  1.55%     -  147s
     0     0 -258389.95    0   57 -262461.88 -258389.95  1.55%     -  148s
     0     0 -258389.95    0  148 -262461.88 -258389.95  1.55%     -  150s
     0     0 -258389.95    0   66 -262461.88 -258389.95  1.55%     -  155s
     0     0 -258389.95    0   64 -262461.88 -258389.95  1.55%     -  157s
     0     0 -258389.95    0  138 -262461.88 -258389.95  1.55%     -  158s
     0     0 -258389.95    0   41 -262461.88 -258389.95  1.55%     -  164s
     0     0 -258389.95    0   41 -262461.88 -258389.95  1.55%     -  164s
     0     0 -258389.95    0   95 -262461.88 -258389.95  1.55%     -  165s
     0     0 -258389.95    0   65 -262461.88 -258389.95  1.55%     -  168s
     0     0 -258389.95    0   65 -262461.88 -258389.95  1.55%     -  169s
     0     0 -258389.95    0   65 -262461.88 -258389.95  1.55%     -  169s
     0     0 -258389.95    0   52 -262461.88 -258389.95  1.55%     -  171s
H    0     0                    -262198.8200 -258389.95  1.45%     -  175s
H    0     0                    -261502.3327 -258389.95  1.19%     -  186s
H    0     0                    -261275.1613 -258389.95  1.10%     -  190s
H    0     0                    -261103.0277 -258389.95  1.04%     -  190s
     0     2 -258389.95    0   49 -261103.03 -258389.95  1.04%     -  190s
H    2     2                    -261060.2003 -258389.95  1.02%   471  192s
H    2     2                    -261036.7454 -258389.95  1.01%   471  192s
H    2     2                    -260983.5849 -258389.95  0.99%   471  192s
H    2     2                    -260925.6466 -258389.95  0.97%   471  192s
H    2     2                    -260763.2820 -258389.95  0.91%   471  192s
H    2     2                    -260752.8315 -258389.95  0.91%   471  192s
H    2     2                    -260714.8065 -258389.95  0.89%   471  193s
H    2     2                    -260552.5059 -258389.95  0.83%   471  193s
     2     4 -258389.95    1   80 -260552.51 -258389.95  0.83%   892  202s
     6     8 -258389.95    3   87 -260552.51 -258389.95  0.83%   579  205s
    17    19 -258389.95   10  148 -260552.51 -258389.95  0.83%   518  210s
    29    31 -258840.09   17  131 -260552.51 -258389.95  0.83%   400  215s
    41    43 -258389.95   24  179 -260552.51 -258389.95  0.83%   383  220s
    51    53 -258389.95   31  180 -260552.51 -258389.95  0.83%   354  225s
    57    59 -258389.95   35  182 -260552.51 -258389.95  0.83%   381  230s
    63    65 -258389.95   38  319 -260552.51 -258389.95  0.83%   434  235s
    71    73 -258389.95   44  228 -260552.51 -258389.95  0.83%   450  240s
    79    81 -258389.95   49  199 -260552.51 -258389.95  0.83%   442  245s
    88    90 -258389.95   53  193 -260552.51 -258389.95  0.83%   426  250s
   103   105 -258389.95   65  231 -260552.51 -258389.95  0.83%   397  255s
   106   108 -258389.95   67  243 -260552.51 -258389.95  0.83%   412  260s
   115   117 -258389.95   72  218 -260552.51 -258389.95  0.83%   419  266s
   121   123 -258389.95   75  306 -260552.51 -258389.95  0.83%   451  271s
   125   127 -258389.95   78  327 -260552.51 -258389.95  0.83%   476  275s
   127   129 -258389.95   79  256 -260552.51 -258389.95  0.83%   482  280s
   132   134 -258389.95   83  280 -260552.51 -258389.95  0.83%   497  285s
   140   142 -258840.09   87  245 -260552.51 -258389.95  0.83%   500  292s
   146   148 -258389.95   92  267 -260552.51 -258389.95  0.83%   490  296s
   147   149 -258389.95   93  267 -260552.51 -258389.95  0.83%   487  321s
   152   154 -258389.95   97  269 -260552.51 -258389.95  0.83%   501  325s
   154   156 -258389.95   98  309 -260552.51 -258389.95  0.83%   530  331s
   158   160 -258389.95  100  293 -260552.51 -258389.95  0.83%   532  335s
   161   163 -258389.95  102  264 -260552.51 -258389.95  0.83%   536  340s
   166   168 -258389.95  104  279 -260552.51 -258389.95  0.83%   544  346s
   174   176 -258840.09  109  257 -260552.51 -258389.95  0.83%   529  350s
   183   185 -258389.95  116  263 -260552.51 -258389.95  0.83%   524  356s
   189   191 -258389.95  119  289 -260552.51 -258389.95  0.83%   528  360s
   196   198 -258389.95  123  274 -260552.51 -258389.95  0.83%   523  365s
   202   204 -258389.95  127  273 -260552.51 -258389.95  0.83%   518  370s
   206   208 -258389.95  129  312 -260552.51 -258389.95  0.83%   523  375s
   212   214 -258389.95  134  284 -260552.51 -258389.95  0.83%   521  380s
   218   220 -258389.95  138  275 -260552.51 -258389.95  0.83%   519  385s
   226   228 -258389.95  144  272 -260552.51 -258389.95  0.83%   527  390s
   237   239 -258389.95  151  282 -260552.51 -258389.95  0.83%   517  397s
   247   249 -258389.95  158  281 -260552.51 -258389.95  0.83%   509  400s
   259   261 -258389.95  165  278 -260552.51 -258389.95  0.83%   509  405s
   269   271 -258389.95  172  336 -260552.51 -258389.95  0.83%   510  410s
   277   279 -258389.95  177  329 -260552.51 -258389.95  0.83%   506  415s
   286   288 -258389.95  181  324 -260552.51 -258389.95  0.83%   498  420s
   301   303 -258389.95  194  341 -260552.51 -258389.95  0.83%   490  425s
   324   326 -258840.09  208  286 -260552.51 -258389.95  0.83%   467  430s
   348   350 -258389.95  224  324 -260552.51 -258389.95  0.83%   445  435s
   367   369 -258389.95  237  342 -260552.51 -258389.95  0.83%   436  443s
   372   374 -258848.21  240  297 -260552.51 -258389.95  0.83%   433  445s
   376   378 -258389.95  244  319 -260552.51 -258389.95  0.83%   436  451s
   381   383 -258389.95  247  390 -260552.51 -258389.95  0.83%   444  456s
   388   390 -258389.95  250  340 -260552.51 -258389.95  0.83%   447  460s
   398   400 -258389.95  256  392 -260552.51 -258389.95  0.83%   449  466s
   401   403 -258389.95  258  353 -260552.51 -258389.95  0.83%   448  470s
H  410   410                    -260525.7079 -258389.95  0.82%   449  477s
   419   421 -258389.95  270  367 -260525.71 -258389.95  0.82%   447  480s
   433   435 -258389.95  281  323 -260525.71 -258389.95  0.82%   445  485s
   444   446 -258389.95  287  360 -260525.71 -258389.95  0.82%   447  490s
   451   453 -258389.95  292  364 -260525.71 -258389.95  0.82%   452  495s
   458   460 -258389.95  296  349 -260525.71 -258389.95  0.82%   449  500s
   468   470 -258389.95  303  362 -260525.71 -258389.95  0.82%   447  505s
   476   478 -258389.95  309  354 -260525.71 -258389.95  0.82%   447  511s
   485   487 -258389.95  315  355 -260525.71 -258389.95  0.82%   447  515s
   492   494 -258389.95  321  422 -260525.71 -258389.95  0.82%   450  520s
   494   496 -258389.95  322  351 -260525.71 -258389.95  0.82%   449  526s
   497   499 -258389.95  324  344 -260525.71 -258389.95  0.82%   450  531s
   502   504 -258389.95  328  339 -260525.71 -258389.95  0.82%   447  535s
   516   518 -258389.95  338  471 -260525.71 -258389.95  0.82%   452  543s
   519   521 -258840.09  339  383 -260525.71 -258389.95  0.82%   455  545s
   525   527 -258389.95  343  411 -260525.71 -258389.95  0.82%   458  550s
   531   533 -258389.95  347  450 -260525.71 -258389.95  0.82%   461  556s
   533   535 -258389.95  348  397 -260525.71 -258389.95  0.82%   462  560s
   540   542 -258389.95  354  443 -260525.71 -258389.95  0.82%   466  565s
   546   548 -258389.95  358  437 -260525.71 -258389.95  0.82%   473  570s
   551   553 -258840.09  360  326 -260525.71 -258389.95  0.82%   473  576s
   567   569 -258389.95  371  343 -260525.71 -258389.95  0.82%   466  580s
   570   572 -258389.95  373  321 -260525.71 -258389.95  0.82%   467  585s
   583   585 -258389.95  381  434 -260525.71 -258389.95  0.82%   468  591s
   593   595 -258389.95  389  372 -260525.71 -258389.95  0.82%   467  595s
   598   600 -258840.09  392  339 -260525.71 -258389.95  0.82%   469  600s
   605   607 -258389.95  397  397 -260525.71 -258389.95  0.82%   472  605s
   606   608 -258389.95  398  348 -260525.71 -258389.95  0.82%   472  643s
   613   615 -258840.09  403  346 -260525.71 -258389.95  0.82%   468  646s
   622   624 -258389.95  410  371 -260525.71 -258389.95  0.82%   464  650s
   626   628 -258389.95  412  377 -260525.71 -258389.95  0.82%   467  657s
   634   636 -258389.95  418  385 -260525.71 -258389.95  0.82%   465  660s
   648   650 -258389.95  429  378 -260525.71 -258389.95  0.82%   461  665s
   660   662 -258389.95  438  370 -260525.71 -258389.95  0.82%   459  670s
   661   663 -258389.95  438  359 -260525.71 -258389.95  0.82%   460  675s
   666   668 -258389.95  441  440 -260525.71 -258389.95  0.82%   463  682s
   668   670 -258840.09  442  382 -260525.71 -258389.95  0.82%   467  685s
   675   677 -258389.95  446  360 -260525.71 -258389.95  0.82%   472  690s
   685   687 -258389.95  453  384 -260525.71 -258389.95  0.82%   473  695s
   687   689 -258840.09  454  378 -260525.71 -258389.95  0.82%   479  702s
   690   692 -258389.95  456  453 -260525.71 -258389.95  0.82%   480  705s
   701   703 -258389.95  463  428 -260525.71 -258389.95  0.82%   480  710s
   707   709 -258389.95  466  400 -260525.71 -258389.95  0.82%   483  715s
   714   716 -258389.95  470  376 -260525.71 -258389.95  0.82%   486  720s
   720   722 -258389.95  474  387 -260525.71 -258389.95  0.82%   485  728s
   726   728 -258840.09  478  390 -260525.71 -258389.95  0.82%   484  730s
   737   739 -258389.95  485  409 -260525.71 -258389.95  0.82%   484  735s
   743   745 -258389.95  489  434 -260525.71 -258389.95  0.82%   488  740s
   746   748 -258389.95  491  520 -260525.71 -258389.95  0.82%   495  745s
   748   750 -258389.95  492  505 -260525.71 -258389.95  0.82%   493  750s
   753   755 -258840.09  495  524 -260525.71 -258389.95  0.82%   498  757s
   759   761 -258389.95  499  444 -260525.71 -258389.95  0.82%   498  760s
   770   772 -258389.95  506  459 -260525.71 -258389.95  0.82%   501  766s
   772   774 -258389.95  507  414 -260525.71 -258389.95  0.82%   506  774s
   773   775 -258389.95  508  399 -260525.71 -258389.95  0.82%   505  775s
   791   793 -258389.95  522  381 -260525.71 -258389.95  0.82%   500  780s
   800   802 -258389.95  527  420 -260525.71 -258389.95  0.82%   502  785s
   807   809 -258389.95  532  425 -260525.71 -258389.95  0.82%   505  791s
   808   810 -258389.95  533  404 -260525.71 -258389.95  0.82%   504  797s
   811   813 -258389.95  535  431 -260525.71 -258389.95  0.82%   506  800s
   812   814 -258389.95  535  439 -260525.71 -258389.95  0.82%   507  807s
   822   824 -258389.95  541  417 -260525.71 -258389.95  0.82%   504  810s
   835   837 -258389.95  550  455 -260525.71 -258389.95  0.82%   503  815s
   847   849 -258389.95  558  391 -260525.71 -258389.95  0.82%   501  820s
   858   860 -258389.95  566  395 -260525.71 -258389.95  0.82%   504  826s
   859   861 -258389.95  567  388 -260525.71 -258389.95  0.82%   504  831s
   869   871 -258389.95  573  408 -260525.71 -258389.95  0.82%   503  835s
   878   880 -258389.95  580  436 -260525.71 -258389.95  0.82%   504  840s
   888   890 -258389.95  587  384 -260525.71 -258389.95  0.82%   504  845s
   894   896 -258389.95  591  388 -260525.71 -258389.95  0.82%   507  855s
   905   907 -258389.95  600  369 -260525.71 -258389.95  0.82%   505  860s
   921   923 -258840.09  610  395 -260525.71 -258389.95  0.82%   502  865s
   928   930 -258840.09  614  385 -260525.71 -258389.95  0.82%   504  870s
   938   940 -258840.09  621  426 -260525.71 -258389.95  0.82%   505  876s
   939   941 -258840.09  621  413 -260525.71 -258389.95  0.82%   506  882s
   943   945 -258840.09  623  508 -260525.71 -258389.95  0.82%   509  886s
   946   948 -258840.09  625  433 -260525.71 -258389.95  0.82%   512  890s
   953   955 -258840.09  629  434 -260525.71 -258389.95  0.82%   512  934s
   955   957 -258840.09  630  412 -260525.71 -258389.95  0.82%   513  935s
   956   958 -258840.09  631  425 -260525.71 -258389.95  0.82%   513  940s
   965   967 -258840.09  636  376 -260525.71 -258389.95  0.82%   513  945s
   966   968 -258840.09  637  370 -260525.71 -258389.95  0.82%   513  951s
   974   976 -258840.09  643  404 -260525.71 -258389.95  0.82%   512  955s
   979   981 -258840.09  647  343 -260525.71 -258389.95  0.82%   511  969s
   982   984 -258840.09  648  383 -260525.71 -258389.95  0.82%   511  970s
   998  1000 -258840.09  661  418 -260525.71 -258389.95  0.82%   508  975s
  1009  1011 -258840.09  669  401 -260525.71 -258389.95  0.82%   508  980s
  1016  1018 -258840.09  673  407 -260525.71 -258389.95  0.82%   509  991s
  1024  1026 -258840.09  678  440 -260525.71 -258389.95  0.82%   511  995s
  1032  1034 -258840.09  683  395 -260525.71 -258389.95  0.82%   512 1000s
  1043  1045 -258840.09  691  350 -260525.71 -258389.95  0.82%   512 1005s
  1048  1050 -258840.09  694  346 -260525.71 -258389.95  0.82%   514 1012s
  1054  1056 -258840.09  699  377 -260525.71 -258389.95  0.82%   514 1015s
  1062  1064 -258840.09  704  406 -260525.71 -258389.95  0.82%   516 1020s
  1073  1075 -258840.09  711  363 -260525.71 -258389.95  0.82%   516 1025s
  1086  1088 -258840.09  719  353 -260525.71 -258389.95  0.82%   515 1034s
  1087  1089 -258840.09  719  388 -260525.71 -258389.95  0.82%   516 1035s
  1096  1098 -258840.09  726  347 -260525.71 -258389.95  0.82%   519 1040s
  1105  1107 -258840.09  731  374 -260525.71 -258389.95  0.82%   521 1045s
  1112  1114 -258840.09  735  376 -260525.71 -258389.95  0.82%   521 1054s
  1115  1117 -259298.34  737  366 -260525.71 -258389.95  0.82%   521 1055s
  1126  1128 -258840.09  746  359 -260525.71 -258389.95  0.82%   521 1060s
  1138  1140 -258840.09  754  366 -260525.71 -258389.95  0.82%   521 1065s
  1151  1153 -258840.09  764  340 -260525.71 -258389.95  0.82%   520 1070s
  1154  1156 -258840.09  766  381 -260525.71 -258389.95  0.82%   521 1076s
  1165  1167 -258840.09  774  362 -260525.71 -258389.95  0.82%   520 1080s
  1179  1181 -258840.09  784  381 -260525.71 -258389.95  0.82%   519 1085s
  1195  1197 -258840.09  797  372 -260525.71 -258389.95  0.82%   517 1090s
  1203  1205 -258840.09  803  426 -260525.71 -258389.95  0.82%   517 1098s
  1207  1209 -258840.09  807  410 -260525.71 -258389.95  0.82%   516 1100s
  1224  1226 -258840.09  820  377 -260525.71 -258389.95  0.82%   514 1105s
  1244  1246 -258840.09  838  347 -260525.71 -258389.95  0.82%   510 1110s
  1267  1269 -258840.09  855  347 -260525.71 -258389.95  0.82%   504 1115s
  1284  1286 -259206.09  871  341 -260525.71 -258389.95  0.82%   500 1122s
  1291  1293 -259071.22  875  356 -260525.71 -258389.95  0.82%   499 1125s
  1309  1311 -259071.22  887  358 -260525.71 -258389.95  0.82%   496 1130s
  1330  1332 -259071.22  901  352 -260525.71 -258389.95  0.82%   492 1135s
  1351  1353 -259071.22  915  370 -260525.71 -258389.95  0.82%   488 1140s
  1355  1357 -259071.22  918  335 -260525.71 -258389.95  0.82%   489 1147s
  1365  1367 -259071.22  925  312 -260525.71 -258389.95  0.82%   487 1150s
  1388  1390 -259071.22  941  300 -260525.71 -258389.95  0.82%   482 1155s
  1410  1412 -259071.22  955  346 -260525.71 -258389.95  0.82%   478 1162s
  1420  1422 -259071.22  960  310 -260525.71 -258389.95  0.82%   477 1165s
  1451  1453 -259071.22  980  345 -260525.71 -258389.95  0.82%   470 1170s
  1454  1456 -259071.22  982  333 -260525.71 -258389.95  0.82%   469 1176s
  1467  1469 -259071.22  990  320 -260525.71 -258389.95  0.82%   467 1180s
  1499  1501 -259071.22 1011  355 -260525.71 -258389.95  0.82%   461 1185s
  1518  1520 -259673.99 1021  355 -260525.71 -258389.95  0.82%   459 1190s
  1534  1536 -259071.22 1031  378 -260525.71 -258389.95  0.82%   458 1200s
  1556  1558 -259071.22 1045  337 -260525.71 -258389.95  0.82%   455 1205s
  1578  1580 -259437.23 1061  364 -260525.71 -258389.95  0.82%   452 1210s
  1592  1594 -259071.22 1069  424 -260525.71 -258389.95  0.82%   453 1215s
  1595  1597 -259071.22 1071  415 -260525.71 -258389.95  0.82%   454 1221s
  1604  1606 -259071.22 1078  404 -260525.71 -258389.95  0.82%   455 1225s
  1618  1620 -259071.22 1086  416 -260525.71 -258389.95  0.82%   456 1230s
  1631  1633 -259071.22 1094  435 -260525.71 -258389.95  0.82%   456 1235s
  1633  1635 -259071.22 1095  452 -260525.71 -258389.95  0.82%   457 1243s
  1639  1641 -259071.22 1099  442 -260525.71 -258389.95  0.82%   457 1245s
  1668  1670 -259071.22 1125  409 -260525.71 -258389.95  0.82%   451 1250s
  1707  1709 -259071.22 1153  388 -260525.71 -258389.95  0.82%   443 1255s
  1748  1750 -259465.77 1189  363 -260525.71 -258389.95  0.82%   435 1260s
  1771  1773 -259830.84 1204  346 -260525.71 -258389.95  0.82%   432 1265s
  1789  1791 -259465.77 1215  349 -260525.71 -258389.95  0.82%   428 1272s
  1806  1808 -259848.51 1226  350 -260525.71 -258389.95  0.82%   426 1275s
  1836  1838 -260068.08 1245  382 -260525.71 -258389.95  0.82%   423 1280s
  1866  1864 -260114.68 1266  350 -260525.71 -258389.95  0.82%   419 1285s
  1926  1922 -260114.68 1318  302 -260525.71 -258389.95  0.82%   407 1290s
  1970  1956 -258389.95  235   52 -260525.71 -258389.95  0.82%   399 1415s
  1972  1957 -259071.22  903  223 -260525.71 -258389.95  0.82%   398 1529s
  1973  1958 -259071.22  942  125 -260525.71 -258389.95  0.82%   398 1542s
  1975  1959 -258840.09  710  107 -260525.71 -258389.95  0.82%   398 1553s
  1976  1960 -258389.95  264  127 -260525.71 -258389.95  0.82%   397 1555s
  1977  1961 -260196.84 1223  105 -260525.71 -258389.95  0.82%   397 1563s
  1979  1962 -259071.22  902   86 -260525.71 -258389.95  0.82%   397 1573s
  1981  1963 -259465.77 1200   68 -260525.71 -258389.95  0.82%   396 1582s
  1983  1965 -259222.18 1183   62 -260525.71 -258389.95  0.82%   396 1613s
  1985  1966 -258389.95  119   85 -260525.71 -258389.95  0.82%   396 1623s
  1986  1967 -258389.95  115  102 -260525.71 -258389.95  0.82%   395 1625s
  1987  1967 -260114.68 1311   70 -260525.71 -258389.95  0.82%   395 1634s
  1988  1968 -258840.09  312   79 -260525.71 -258389.95  0.82%   395 1635s
  1989  1969 -260196.84 1222   74 -260525.71 -258389.95  0.82%   395 1643s
  1991  1970 -260114.68 1314   57 -260525.71 -258389.95  0.82%   394 1651s
  1993  1971 -258389.95  507   73 -260525.71 -258389.95  0.82%   394 1659s
  1994  1972 -259465.77 1194   53 -260525.71 -258389.95  0.82%   394 1755s
H 1994  1873                    -260525.7079 -258389.95  0.82%   394 1770s
  1995  1874 -260114.68 1308   53 -260525.71 -258389.95  0.82%   394 1791s
  1996  1876 -258389.95   13   67 -260525.71 -258389.95  0.82%   617 1801s
  1997  1877 -258389.95   13   90 -260525.71 -258389.95  0.82%   617 1810s
  1998  1878 -258389.95   14  100 -260525.71 -258389.95  0.82%   617 1819s
  1999  1878 -258389.95   14   78 -260525.71 -258389.95  0.82%   617 1827s
  2000  1879 -258389.95   15   82 -260525.71 -258389.95  0.82%   617 1835s
  2001  1880 -258389.95   15   87 -260525.71 -258389.95  0.82%   617 1842s
  2007  1884 -258389.95   18  117 -260525.71 -258389.95  0.82%   616 1845s
  2010  1886 -258389.95   20   96 -260525.71 -258389.95  0.82%   615 1857s
  2011  1886 -258389.95   20   97 -260525.71 -258389.95  0.82%   615 1865s
  2022  1894 -258389.95   26  127 -260525.71 -258389.95  0.82%   613 1870s
  2035  1902 -258389.95   32  190 -260525.71 -258389.95  0.82%   612 1875s
  2046  1910 -258389.95   38  117 -260525.71 -258389.95  0.82%   609 1880s
  2059  1918 -258389.95   44  128 -260525.71 -258389.95  0.82%   606 1885s
  2067  1924 -258389.95   48  133 -260525.71 -258389.95  0.82%   604 1896s
  2074  1928 -258389.95   52   48 -260525.71 -258389.95  0.82%   615 1902s
  2079  1932 -258389.95   54   88 -260525.71 -258389.95  0.82%   614 1905s
  2090  1939 -258389.95   60   75 -260525.71 -258389.95  0.82%   612 1910s
  2097  1944 -258389.95   63  102 -260525.71 -258389.95  0.82%   612 1915s
  2102  1947 -258389.95   66   93 -260525.71 -258389.95  0.82%   611 1920s
  2111  1953 -258389.95   70  144 -260525.71 -258389.95  0.82%   610 1925s
  2118  1958 -258389.95   74  109 -260525.71 -258389.95  0.82%   609 1930s
  2120  1959 -258389.95   75  123 -260525.71 -258389.95  0.82%   609 1939s
  2122  1960 -258389.95   76  139 -260525.71 -258389.95  0.82%   609 1940s
  2131  1966 -258389.95   80  125 -260525.71 -258389.95  0.82%   608 1945s
  2142  1974 -258389.95   86  125 -260525.71 -258389.95  0.82%   606 1950s
  2153  1981 -258389.95   91  117 -260525.71 -258389.95  0.82%   604 1955s
  2165  1989 -258389.95   97  149 -260525.71 -258389.95  0.82%   602 1960s
  2168  1991 -258389.95   99  140 -260525.71 -258389.95  0.82%   601 2018s
H 2169  1895                    -260525.7074 -258389.95  0.82%   601 2024s
  2169  1897 -258389.95   99  130 -260525.71 -258389.95  0.82%   601 2026s
  2170  1897 -258389.95  100  134 -260525.71 -258389.95  0.82%   601 2034s
  2171  1898 -258389.95  100  127 -260525.71 -258389.95  0.82%   600 2035s
  2181  1905 -258992.72  105  144 -260525.71 -258389.95  0.82%   599 2040s
  2194  1913 -258389.95  112  138 -260525.71 -258389.95  0.82%   597 2045s
  2208  1923 -258389.95  119  132 -260525.71 -258389.95  0.82%   594 2050s
  2219  1930 -258389.95  124  133 -260525.71 -258389.95  0.82%   593 2055s
  2226  1935 -258389.95  128  136 -260525.71 -258389.95  0.82%   592 2065s
  2236  1941 -258389.95  133  118 -260525.71 -258389.95  0.82%   590 2070s
  2250  1951 -258389.95  140  128 -260525.71 -258389.95  0.82%   588 2075s
  2266  1961 -258389.95  148  155 -260525.71 -258389.95  0.82%   585 2080s
  2279  1970 -258389.95  154  130 -260525.71 -258389.95  0.82%   583 2085s
  2293  1979 -258389.95  161  147 -260525.71 -258389.95  0.82%   580 2090s
  2296  1981 -258389.95  163  142 -260525.71 -258389.95  0.82%   580 2098s
  2303  1986 -258389.95  166  138 -260525.71 -258389.95  0.82%   578 2100s
  2316  1995 -258389.95  173  168 -260525.71 -258389.95  0.82%   576 2105s
  2328  2003 -258389.95  179  214 -260525.71 -258389.95  0.82%   574 2110s
  2338  2009 -258389.95  184  178 -260525.71 -258389.95  0.82%   573 2115s
  2350  2017 -258389.95  190  244 -260525.71 -258389.95  0.82%   572 2120s
  2356  2021 -258389.95  193  243 -260525.71 -258389.95  0.82%   571 2131s
  2364  2027 -258389.95  197  189 -260525.71 -258389.95  0.82%   570 2135s
  2374  2033 -258389.95  202  190 -260525.71 -258389.95  0.82%   569 2140s
  2387  2042 -258389.95  208  180 -260525.71 -258389.95  0.82%   567 2145s
  2399  2050 -258389.95  214  189 -260525.71 -258389.95  0.82%   566 2150s
  2412  2059 -258389.95  221  181 -260525.71 -258389.95  0.82%   564 2155s
  2423  2066 -258992.72  226  174 -260525.71 -258389.95  0.82%   563 2160s
  2426  2068 -258840.09  228  175 -260525.71 -258389.95  0.82%   562 2167s
  2431  2071 -258840.09  230  168 -260525.71 -258389.95  0.82%   562 2170s
  2445  2081 -258840.09  237  155 -260525.71 -258389.95  0.82%   559 2175s
  2460  2091 -258389.95  245  182 -260525.71 -258389.95  0.82%   556 2180s
  2469  2097 -258840.09  249  189 -260525.71 -258389.95  0.82%   555 2185s
  2481  2105 -258389.95  255  198 -260525.71 -258389.95  0.82%   553 2190s
  2486  2108 -258389.95  258  197 -260525.71 -258389.95  0.82%   552 2200s
  2498  2116 -258389.95  264  193 -260525.71 -258389.95  0.82%   550 2205s
  2509  2123 -258840.09  269  191 -260525.71 -258389.95  0.82%   548 2210s
  2521  2131 -258840.09  275  188 -260525.71 -258389.95  0.82%   546 2215s
  2533  2139 -258840.09  281  199 -260525.71 -258389.95  0.82%   543 2220s
  2546  2148 -258389.95  288  200 -260525.71 -258389.95  0.82%   541 2225s
  2561  2158 -258840.09  295  206 -260525.71 -258389.95  0.82%   538 2230s
  2566  2161 -258389.95  298  235 -260525.71 -258389.95  0.82%   537 2240s
  2577  2169 -258848.21  303  236 -260525.71 -258389.95  0.82%   535 2245s
  2589  2177 -258389.95  309  223 -260525.71 -258389.95  0.82%   533 2250s
  2602  2185 -258389.95  316  231 -260525.71 -258389.95  0.82%   531 2255s
  2614  2193 -258389.95  322  215 -260525.71 -258389.95  0.82%   529 2260s
  2626  2201 -258389.95  328  223 -260525.71 -258389.95  0.82%   527 2265s
  2639  2210 -258840.09  334  215 -260525.71 -258389.95  0.82%   525 2270s
  2644  2213 -258389.95  337  227 -260525.71 -258389.95  0.82%   524 2281s
  2651  2218 -258389.95  340  227 -260525.71 -258389.95  0.82%   523 2285s
  2656  2221 -258389.95  343  271 -260525.71 -258389.95  0.82%   524 2290s
  2661  2225 -258389.95  345  252 -260525.71 -258389.95  0.82%   524 2295s
  2669  2230 -258848.21  349  245 -260525.71 -258389.95  0.82%   523 2300s
  2677  2235 -258389.95  353  248 -260525.71 -258389.95  0.82%   522 2305s
  2683  2239 -258840.09  356  284 -260525.71 -258389.95  0.82%   522 2310s
  2692  2245 -258389.95  361  273 -260525.71 -258389.95  0.82%   520 2323s
  2696  2248 -258389.95  363  265 -260525.71 -258389.95  0.82%   520 2325s
  2706  2255 -258389.95  368  273 -260525.71 -258389.95  0.82%   519 2330s
  2715  2261 -258840.09  372  263 -260525.71 -258389.95  0.82%   518 2335s
  2722  2265 -258389.95  376  290 -260525.71 -258389.95  0.82%   518 2340s
  2731  2271 -258840.09  380  255 -260525.71 -258389.95  0.82%   517 2345s
  2742  2279 -258389.95  386  281 -260525.71 -258389.95  0.82%   516 2350s
  2755  2287 -258389.95  392  380 -260525.71 -258389.95  0.82%   515 2364s
  2756  2288 -258389.95  393  274 -260525.71 -258389.95  0.82%   514 2365s
  2770  2297 -258389.95  400  253 -260525.71 -258389.95  0.82%   513 2370s
  2782  2305 -258389.95  406  228 -260525.71 -258389.95  0.82%   511 2375s
  2791  2311 -258840.09  410  269 -260525.71 -258389.95  0.82%   511 2380s
  2802  2319 -258840.09  416  275 -260525.71 -258389.95  0.82%   509 2385s
  2812  2325 -258840.09  421  266 -260525.71 -258389.95  0.82%   508 2390s
  2818  2329 -258840.09  424  264 -260525.71 -258389.95  0.82%   508 2401s
  2827  2335 -259298.34  428  263 -260525.71 -258389.95  0.82%   506 2405s
  2838  2343 -258840.09  434  228 -260525.71 -258389.95  0.82%   505 2410s
  2849  2350 -258840.09  439  281 -260525.71 -258389.95  0.82%   504 2416s
  2858  2356 -258840.09  444  201 -260525.71 -258389.95  0.82%   503 2420s
  2869  2363 -259298.34  449  223 -260525.71 -258389.95  0.82%   502 2425s
  2879  2370 -259298.34  454  206 -260525.71 -258389.95  0.82%   501 2430s
  2889  2377 -258840.09  459  238 -260525.71 -258389.95  0.82%   500 2444s
  2890  2377 -258840.09  460  191 -260525.71 -258389.95  0.82%   500 2445s
  2902  2385 -258840.09  466  204 -260525.71 -258389.95  0.82%   498 2451s
  2913  2393 -259442.86  471  186 -260525.71 -258389.95  0.82%   497 2455s
  2925  2401 -259442.86  477  194 -260525.71 -258389.95  0.82%   495 2460s
  2937  2409 -259442.86  483  205 -260525.71 -258389.95  0.82%   494 2465s
  2948  2416 -258840.09  489  203 -260525.71 -258389.95  0.82%   492 2470s
  2958  2423 -258840.09  494  196 -260525.71 -258389.95  0.82%   491 2489s
  2960  2424 -258840.09  495  190 -260525.71 -258389.95  0.82%   491 2490s
  2962  2425 -258840.09  496  191 -260525.71 -258389.95  0.82%   491 2503s
  2967  2429 -259298.34  498  174 -260525.71 -258389.95  0.82%   490 2505s
  2979  2437 -258840.09  504  173 -260525.71 -258389.95  0.82%   489 2510s
  2991  2445 -258840.09  510  188 -260525.71 -258389.95  0.82%   488 2515s
  2997  2449 -259206.09  513  230 -260525.71 -258389.95  0.82%   488 2520s
  3006  2455 -258840.09  518  199 -260525.71 -258389.95  0.82%   487 2539s
  3007  2455 -259206.09  518  189 -260525.71 -258389.95  0.82%   487 2540s
  3021  2465 -259442.86  525  190 -260525.71 -258389.95  0.82%   485 2545s
  3031  2471 -259206.09  530  181 -260525.71 -258389.95  0.82%   485 2550s
  3041  2478 -259298.34  535  182 -260525.71 -258389.95  0.82%   483 2555s
  3054  2487 -258840.09  542  173 -260525.71 -258389.95  0.82%   482 2570s
  3067  2495 -259442.86  548  171 -260525.71 -258389.95  0.82%   481 2575s
  3080  2504 -258840.09  555  174 -260525.71 -258389.95  0.82%   479 2580s
  3093  2513 -259442.86  561  179 -260525.71 -258389.95  0.82%   478 2585s
  3106  2521 -258840.09  568  197 -260525.71 -258389.95  0.82%   477 2590s
  3120  2531 -258840.09  575  204 -260525.71 -258389.95  0.82%   475 2595s
  3132  2539 -258840.09  581  183 -260525.71 -258389.95  0.82%   474 2600s
  3145  2547 -259206.09  587  179 -260525.71 -258389.95  0.82%   473 2605s
  3158  2556 -258840.09  594  179 -260525.71 -258389.95  0.82%   471 2610s
  3169  2563 -259442.86  599  167 -260525.71 -258389.95  0.82%   470 2623s
  3175  2567 -259442.86  602  176 -260525.71 -258389.95  0.82%   470 2625s
  3188  2576 -258840.09  609  172 -260525.71 -258389.95  0.82%   468 2630s
  3202  2585 -258840.09  616  195 -260525.71 -258389.95  0.82%   467 2635s
  3216  2595 -258840.09  623  201 -260525.71 -258389.95  0.82%   466 2640s
  3227  2602 -259449.68  628  190 -260525.71 -258389.95  0.82%   465 2645s
  3241  2611 -259449.68  635  186 -260525.71 -258389.95  0.82%   464 2650s
  3252  2619 -259083.68  641  193 -260525.71 -258389.95  0.82%   463 2655s
  3254  2620 -259083.68  642  198 -260525.71 -258389.95  0.82%   463 2665s
  3265  2627 -259449.68  647  187 -260525.71 -258389.95  0.82%   462 2670s
  3274  2633 -259083.68  652  185 -260525.71 -258389.95  0.82%   461 2703s
  3277  2635 -259083.68  653  179 -260525.71 -258389.95  0.82%   461 2705s
  3285  2641 -259083.68  657  180 -260525.71 -258389.95  0.82%   461 2710s
  3287  2642 -259083.68  658  193 -260525.71 -258389.95  0.82%   461 2719s
  3290  2644 -259083.68  660  203 -260525.71 -258389.95  0.82%   461 2720s
  3302  2652 -259083.68  666  190 -260525.71 -258389.95  0.82%   460 2725s
  3315  2661 -259083.68  672  206 -260525.71 -258389.95  0.82%   459 2730s
  3327  2669 -259449.68  678  183 -260525.71 -258389.95  0.82%   458 2735s
  3339  2677 -259541.93  684  187 -260525.71 -258389.95  0.82%   457 2740s
  3350  2684 -259083.68  690  210 -260525.71 -258389.95  0.82%   457 2746s
  3360  2691 -259083.68  695  204 -260525.71 -258389.95  0.82%   456 2750s
  3369  2697 -259541.93  699  203 -260525.71 -258389.95  0.82%   455 2763s
  3373  2699 -259083.68  701  251 -260525.71 -258389.95  0.82%   455 2766s
  3383  2706 -259449.68  706  201 -260525.71 -258389.95  0.82%   454 2770s
  3395  2714 -259449.68  712  215 -260525.71 -258389.95  0.82%   453 2775s
  3405  2721 -259541.93  717  208 -260525.71 -258389.95  0.82%   452 2780s
  3418  2729 -259083.68  724  227 -260525.71 -258389.95  0.82%   451 2785s
  3429  2737 -259449.68  729  195 -260525.71 -258389.95  0.82%   450 2790s
  3442  2745 -259083.68  736  201 -260525.71 -258389.95  0.82%   449 2795s
  3453  2753 -259541.93  741  199 -260525.71 -258389.95  0.82%   448 2800s
  3461  2758 -259541.93  745  183 -260525.71 -258389.95  0.82%   448 2810s
  3472  2765 -259083.68  751  207 -260525.71 -258389.95  0.82%   447 2815s
  3484  2773 -259083.68  757  171 -260525.71 -258389.95  0.82%   446 2820s
  3496  2781 -259083.68  763  188 -260525.71 -258389.95  0.82%   445 2825s
  3508  2789 -259083.68  769  186 -260525.71 -258389.95  0.82%   444 2830s
  3524  2800 -259083.68  777  190 -260525.71 -258389.95  0.82%   442 2835s
  3537  2809 -259449.68  783  192 -260525.71 -258389.95  0.82%   441 2847s
  3544  2813 -259083.68  787  170 -260525.71 -258389.95  0.82%   441 2850s
  3556  2821 -259083.68  793  184 -260525.71 -258389.95  0.82%   440 2855s
  3570  2831 -259083.68  800  188 -260525.71 -258389.95  0.82%   439 2860s
  3583  2839 -259083.68  806  278 -260525.71 -258389.95  0.82%   439 2866s
  3593  2846 -259449.68  811  199 -260525.71 -258389.95  0.82%   439 2870s
  3605  2854 -259449.68  817  184 -260525.71 -258389.95  0.82%   438 2875s
  3615  2861 -259615.15  822  197 -260525.71 -258389.95  0.82%   437 2880s
  3619  2863 -259907.94  824  199 -260525.71 -258389.95  0.82%   437 2888s
  3623  2866 -259449.68  826  193 -260525.71 -258389.95  0.82%   437 2890s
  3637  2875 -259680.82  833  187 -260525.71 -258389.95  0.82%   436 2895s
  3654  2887 -259680.82  842  196 -260525.71 -258389.95  0.82%   435 2900s
  3671  2898 -259680.82  850  188 -260525.71 -258389.95  0.82%   434 2905s
  3689  2910 -259680.82  859  186 -260525.71 -258389.95  0.82%   433 2910s
  3702  2919 -259680.82  866  193 -260525.71 -258389.95  0.82%   432 2922s
  3713  2926 -259680.82  871  184 -260525.71 -258389.95  0.82%   431 2925s
  3729  2937 -259680.82  879  198 -260525.71 -258389.95  0.82%   430 2930s
  3746  2948 -259680.82  888  162 -260525.71 -258389.95  0.82%   429 2935s
  3763  2959 -259680.82  896  179 -260525.71 -258389.95  0.82%   427 2940s
  3777  2969 -260421.41  903  198 -260525.71 -258389.95  0.82%   427 2945s
  3789  2977 -259680.82  909  191 -260525.71 -258389.95  0.82%   425 2957s
  3799  2983 -259680.82  914  191 -260525.71 -258389.95  0.82%   425 2960s
  3816  2995 -259680.82  923  175 -260525.71 -258389.95  0.82%   424 2965s
  3837  3009 -259680.82  933  196 -260525.71 -258389.95  0.82%   422 2970s
  3855  3021 -259680.82  942  189 -260525.71 -258389.95  0.82%   421 2975s
  3875  3034 -259680.82  952  187 -260525.71 -258389.95  0.82%   420 2980s
  3888  3043 -259680.82  959  179 -260525.71 -258389.95  0.82%   419 2985s
  3901  3051 -260421.41  965  192 -260525.71 -258389.95  0.82%   419 2990s
  3917  3062 -259680.82  973  192 -260525.71 -258389.95  0.82%   418 2995s
  3925  3067 -259680.82  977  188 -260525.71 -258389.95  0.82%   417 3003s
  3932  3072 -259680.82  981  192 -260525.71 -258389.95  0.82%   417 3005s
  3941  3078 -259680.82  985  203 -260525.71 -258389.95  0.82%   416 3033s
  3942  3079 -259680.82  986  206 -260525.71 -258389.95  0.82%   416 3042s
  3943  3079 -259680.82  986  200 -260525.71 -258389.95  0.82%   416 3110s
  3944  3080 -259680.82  987  204 -260525.71 -258389.95  0.82%   416 3118s
  3951  3085 -259695.18  990  188 -260525.71 -258389.95  0.82%   415 3120s
  3952  3085 -259680.82  991  189 -260525.71 -258389.95  0.82%   415 3128s
  3958  3089 -259680.82  994  202 -260525.71 -258389.95  0.82%   415 3130s
  3975  3101 -259680.82 1002  194 -260525.71 -258389.95  0.82%   414 3135s
  3992  3112 -259680.82 1011  202 -260525.71 -258389.95  0.82%   413 3140s
  4010  3124 -259680.82 1020  198 -260525.71 -258389.95  0.82%   412 3145s
  4028  3136 -259680.82 1029  189 -260525.71 -258389.95  0.82%   411 3150s
  4049  3150 -259680.82 1039  196 -260525.71 -258389.95  0.82%   410 3155s
  4067  3162 -259680.82 1048  193 -260525.71 -258389.95  0.82%   409 3160s
  4070  3164 -259680.82 1050  166 -260525.71 -258389.95  0.82%   408 3174s
  4074  3167 -259680.82 1052  173 -260525.71 -258389.95  0.82%   408 3175s
  4089  3177 -260421.41 1059  178 -260525.71 -258389.95  0.82%   407 3180s
  4112  3192 -259680.82 1071  185 -260525.71 -258389.95  0.82%   406 3185s
  4129  3203 -260045.88 1079  166 -260525.71 -258389.95  0.82%   405 3190s
  4145  3214 -259680.82 1087  191 -260525.71 -258389.95  0.82%   404 3195s
  4167  3229 -259680.82 1098  182 -260525.71 -258389.95  0.82%   403 3200s
  4182  3239 -259680.82 1106  186 -260525.71 -258389.95  0.82%   402 3205s
  4200  3251 -259680.82 1115  176 -260525.71 -258389.95  0.82%   401 3210s
  4224  3267 -259680.82 1127  177 -260525.71 -258389.95  0.82%   399 3215s
  4243  3279 -259680.82 1136  182 -260525.71 -258389.95  0.82%   398 3220s
  4266  3295 -259680.82 1148  181 -260525.71 -258389.95  0.82%   396 3225s
  4286  3308 -259680.82 1158  178 -260525.71 -258389.95  0.82%   395 3230s
  4306  3321 -259680.82 1168  166 -260525.71 -258389.95  0.82%   394 3241s
  4325  3333 -259695.18 1177  187 -260525.71 -258389.95  0.82%   393 3245s
  4348  3348 -259680.82 1189  162 -260525.71 -258389.95  0.82%   391 3250s
  4369  3359 -260045.88 1199  169 -260525.71 -258389.95  0.82%   390 3255s
  4395  3374 -260207.34 1212  171 -260525.71 -258389.95  0.82%   389 3260s
  4424  3393 -259680.82 1227  157 -260525.71 -258389.95  0.82%   387 3265s
  4450  3408 -259680.82 1240  155 -260525.71 -258389.95  0.82%   385 3270s
  4467  3420 -259680.82 1248  161 -260525.71 -258389.95  0.82%   384 3282s
  4482  3430 -259680.82 1256  186 -260525.71 -258389.95  0.82%   383 3285s
  4497  3439 -260207.34 1263  182 -260525.71 -258389.95  0.82%   382 3290s
  4522  3451 -260045.88 1276  180 -260525.71 -258389.95  0.82%   381 3295s
  4550  3469 -259697.55 1290  180 -260525.71 -258389.95  0.82%   379 3300s
  4577  3482 -259878.51 1305  165 -260525.71 -258389.95  0.82%   377 3305s
  4608  3491 -259878.51 1323  175 -260525.71 -258389.95  0.82%   375 3310s
  4633  3502 -260029.47 1337  183 -260525.71 -258389.95  0.82%   374 3315s
  4641  3508 -260029.47 1341  187 -260525.71 -258389.95  0.82%   374 3324s
  4643  3509 -260029.47 1342  209 -260525.71 -258389.95  0.82%   374 3325s
  4660  3519 -260043.84 1351  179 -260525.71 -258389.95  0.82%   373 3330s
  4675  3524 -260029.47 1360  217 -260525.71 -258389.95  0.82%   373 3335s
  4698  3533 -260029.47 1373  200 -260525.71 -258389.95  0.82%   372 3340s
  4722  3542 -260056.29 1386  194 -260525.71 -258389.95  0.82%   370 3345s
  4749  3560 -260094.91 1399  191 -260525.71 -258389.95  0.82%   368 3350s
  4780  3567 -260114.68 1416  174 -260525.71 -258389.95  0.82%   367 3355s
  4788  3573 -260114.68 1420  164 -260525.71 -258389.95  0.82%   366 3363s
  4797  3579 -260114.68 1425  129 -260525.71 -258389.95  0.82%   366 3365s
  4825  3595 -260114.68 1439  131 -260525.71 -258389.95  0.82%   364 3370s
  4858  3605 -260462.49 1453  128 -260525.71 -258389.95  0.82%   362 3375s
  4893  3626 -260462.49 1471   95 -260525.71 -258389.95  0.82%   360 3380s
  4923  3641 -260462.49 1486  106 -260525.71 -258389.95  0.82%   359 3385s
  4924  3641 -260462.49 1487   92 -260525.71 -258389.95  0.82%   359 3408s
  4925  3642 -260462.49 1487   93 -260525.71 -258389.95  0.82%   359 3416s
  4952  3634 -260462.49 1489   91 -260525.71 -258389.95  0.82%   357 3420s
  4978  3627 -258389.95   18  101 -260525.71 -258389.95  0.82%   356 3425s
  4988  3634 -258389.95   23  206 -260525.71 -258389.95  0.82%   357 3430s
  5003  3644 -258389.95   31  103 -260525.71 -258389.95  0.82%   356 3435s
  5020  3655 -258840.09   39  104 -260525.71 -258389.95  0.82%   356 3440s
  5037  3667 -258389.95   48  106 -260525.71 -258389.95  0.82%   356 3445s
  5056  3679 -258840.09   57   95 -260525.71 -258389.95  0.82%   355 3450s
  5077  3693 -258389.95   68  106 -260525.71 -258389.95  0.82%   355 3455s
  5095  3705 -258389.95   77  129 -260525.71 -258389.95  0.82%   354 3460s
  5101  3709 -258389.95   80  126 -260525.71 -258389.95  0.82%   354 3467s
  5108  3714 -258840.09   83  103 -260525.71 -258389.95  0.82%   354 3470s
  5124  3725 -258840.09   91  114 -260525.71 -258389.95  0.82%   353 3475s
  5141  3736 -258389.95  100  118 -260525.71 -258389.95  0.82%   353 3480s
  5145  3739 -258389.95  102  530 -260525.71 -258389.95  0.82%   355 3487s
  5154  3745 -258389.95  106  128 -260525.71 -258389.95  0.82%   355 3490s
  5172  3757 -258389.95  115  158 -260525.71 -258389.95  0.82%   355 3495s
  5189  3768 -258389.95  124  155 -260525.71 -258389.95  0.82%   354 3500s
  5202  3777 -258389.95  130  149 -260525.71 -258389.95  0.82%   354 3505s
  5215  3785 -258389.95  137  169 -260525.71 -258389.95  0.82%   354 3510s
  5234  3798 -258389.95  146  161 -260525.71 -258389.95  0.82%   353 3515s
  5256  3813 -258389.95  157  161 -260525.71 -258389.95  0.82%   353 3520s
  5272  3823 -258389.95  165  120 -260525.71 -258389.95  0.82%   352 3525s
  5289  3833 -258389.95  174  148 -260525.71 -258389.95  0.82%   352 3530s
  5301  3841 -258840.09  180  143 -260525.71 -258389.95  0.82%   352 3535s
  5316  3851 -258840.09  187  144 -260525.71 -258389.95  0.82%   351 3540s
  5335  3863 -258389.95  197  142 -260525.71 -258389.95  0.82%   351 3545s
  5350  3873 -258840.09  204  144 -260525.71 -258389.95  0.82%   350 3550s
  5365  3883 -258389.95  212  138 -260525.71 -258389.95  0.82%   350 3555s
  5386  3897 -258840.09  222  151 -260525.71 -258389.95  0.82%   349 3560s
  5402  3908 -258840.09  230  139 -260525.71 -258389.95  0.82%   349 3565s
  5420  3920 -258840.09  239  139 -260525.71 -258389.95  0.82%   348 3570s
  5437  3931 -258389.95  248  151 -260525.71 -258389.95  0.82%   348 3575s
  5458  3945 -258840.09  258  132 -260525.71 -258389.95  0.82%   347 3580s
  5472  3955 -258840.09  265  181 -260525.71 -258389.95  0.82%   347 3585s
  5491  3967 -259298.34  275  146 -260525.71 -258389.95  0.82%   346 3590s
  5512  3981 -258840.09  285  140 -260525.71 -258389.95  0.82%   345 3595s
  5527  3991 -258840.09  293  136 -260525.71 -258389.95  0.82%   345 3600s
  5542  4001 -259298.34  300  118 -260525.71 -258389.95  0.82%   344 3605s
  5559  4013 -258840.09  309  137 -260525.71 -258389.95  0.82%   344 3610s
  5579  4026 -258840.09  319  128 -260525.71 -258389.95  0.82%   343 3615s
  5601  4041 -258840.09  330  161 -260525.71 -258389.95  0.82%   343 3620s
  5616  4051 -259298.34  337  177 -260525.71 -258389.95  0.82%   343 3625s
  5631  4061 -258840.09  345  171 -260525.71 -258389.95  0.82%   342 3630s
  5642  4068 -258840.09  350  160 -260525.71 -258389.95  0.82%   342 3635s
  5656  4077 -258840.09  357  169 -260525.71 -258389.95  0.82%   342 3640s
  5676  4091 -258840.09  367  171 -260525.71 -258389.95  0.82%   341 3645s
  5695  4103 -258840.09  377  164 -260525.71 -258389.95  0.82%   341 3650s
  5716  4117 -258840.09  387  168 -260525.71 -258389.95  0.82%   340 3655s
  5730  4127 -259442.86  394  166 -260525.71 -258389.95  0.82%   339 3660s
  5745  4137 -258840.09  402  178 -260525.71 -258389.95  0.82%   339 3665s
  5768  4152 -258840.09  413  161 -260525.71 -258389.95  0.82%   339 3670s
  5785  4163 -258840.09  422  155 -260525.71 -258389.95  0.82%   338 3675s
  5808  4179 -259206.09  433  149 -260525.71 -258389.95  0.82%   338 3680s
  5827  4191 -258840.09  443  147 -260525.71 -258389.95  0.82%   337 3685s
  5850  4207 -258840.09  454  137 -260525.71 -258389.95  0.82%   336 3690s
  5877  4225 -258840.09  468  156 -260525.71 -258389.95  0.82%   335 3695s
  5897  4238 -258840.09  478  152 -260525.71 -258389.95  0.82%   334 3700s
  5907  4245 -258840.09  483  161 -260525.71 -258389.95  0.82%   334 3734s
  5909  4246 -259442.86  484  158 -260525.71 -258389.95  0.82%   334 3735s
  5931  4261 -258840.09  495  145 -260525.71 -258389.95  0.82%   334 3740s
  5944  4269 -259442.86  501  157 -260525.71 -258389.95  0.82%   333 3745s
  5960  4280 -259442.86  509  157 -260525.71 -258389.95  0.82%   333 3750s
  5980  4293 -258840.09  519  146 -260525.71 -258389.95  0.82%   333 3755s
  5998  4305 -259298.34  528  150 -260525.71 -258389.95  0.82%   332 3760s
  6025  4323 -258840.09  542  142 -260525.71 -258389.95  0.82%   331 3765s
  6045  4337 -258840.09  552  127 -260525.71 -258389.95  0.82%   331 3770s
  6072  4355 -259206.09  565  128 -260525.71 -258389.95  0.82%   330 3775s
  6097  4371 -259206.09  578  119 -260525.71 -258389.95  0.82%   329 3781s
  6113  4382 -259206.09  586  143 -260525.71 -258389.95  0.82%   329 3785s
  6137  4398 -258840.09  598  146 -260525.71 -258389.95  0.82%   328 3790s
H 6151  4316                    -260525.7074 -258389.95  0.82%   328 3797s
  6151  4318 -258840.09  605  135 -260525.71 -258389.95  0.82%   328 3800s
  6175  4334 -258840.09  617  127 -260525.71 -258389.95  0.82%   327 3805s
  6199  4350 -258840.09  629  111 -260525.71 -258389.95  0.82%   327 3810s
  6205  4354 -258840.09  632  109 -260525.71 -258389.95  0.82%   326 3819s
  6206  4355 -259298.34  632  107 -260525.71 -258389.95  0.82%   326 3820s
  6218  4363 -259298.34  638  124 -260525.71 -258389.95  0.82%   326 3825s
  6238  4376 -259442.86  648  132 -260525.71 -258389.95  0.82%   326 3830s
  6259  4390 -258840.09  659  128 -260525.71 -258389.95  0.82%   325 3835s
  6282  4406 -259442.86  670  151 -260525.71 -258389.95  0.82%   324 3840s
  6303  4420 -258840.09  681  153 -260525.71 -258389.95  0.82%   324 3845s
  6313  4426 -258840.09  686  149 -260525.71 -258389.95  0.82%   324 3854s
  6317  4429 -258840.09  688  152 -260525.71 -258389.95  0.82%   324 3855s
  6335  4441 -258840.09  697  158 -260525.71 -258389.95  0.82%   323 3860s
  6353  4453 -258840.09  706  146 -260525.71 -258389.95  0.82%   323 3865s
  6367  4462 -258840.09  713  153 -260525.71 -258389.95  0.82%   323 3870s
  6394  4480 -259442.86  726  162 -260525.71 -258389.95  0.82%   322 3875s
  6419  4497 -258840.09  739  160 -260525.71 -258389.95  0.82%   321 3880s
  6421  4498 -258840.09  740  154 -260525.71 -258389.95  0.82%   321 3889s
  6426  4502 -258840.09  742  159 -260525.71 -258389.95  0.82%   321 3890s
  6445  4514 -258840.09  752  145 -260525.71 -258389.95  0.82%   321 3895s
  6467  4529 -259083.68  763  155 -260525.71 -258389.95  0.82%   320 3900s
  6480  4538 -259083.68  769  221 -260525.71 -258389.95  0.82%   320 3905s
  6501  4552 -259083.68  780  144 -260525.71 -258389.95  0.82%   320 3910s
  6523  4566 -259083.68  791  136 -260525.71 -258389.95  0.82%   319 3972s
  6529  4570 -259083.68  794  144 -260525.71 -258389.95  0.82%   319 3980s
  6550  4584 -259541.93  804  137 -260525.71 -258389.95  0.82%   318 3985s
  6563  4593 -259083.68  811  140 -260525.71 -258389.95  0.82%   318 3990s
  6576  4602 -259541.93  817  143 -260525.71 -258389.95  0.82%   318 3995s
  6583  4606 -259083.68  821  164 -260525.71 -258389.95  0.82%   318 4002s
  6591  4612 -259083.68  825  162 -260525.71 -258389.95  0.82%   318 4005s
  6617  4629 -259314.81  838  146 -260525.71 -258389.95  0.82%   317 4010s
  6637  4642 -259314.81  848  152 -260525.71 -258389.95  0.82%   316 4017s
  6648  4650 -259680.82  853  159 -260525.71 -258389.95  0.82%   316 4020s
  6668  4663 -259458.15  863  148 -260525.71 -258389.95  0.82%   316 4025s
  6686  4675 -259329.18  872  147 -260525.71 -258389.95  0.82%   316 4030s
  6702  4686 -259407.59  880  190 -260525.71 -258389.95  0.82%   316 4035s
  6722  4699 -259329.18  890  153 -260525.71 -258389.95  0.82%   315 4040s
  6745  4714 -259314.81  902  151 -260525.71 -258389.95  0.82%   315 4047s
  6752  4719 -259314.81  905  153 -260525.71 -258389.95  0.82%   315 4050s
  6771  4732 -259314.81  915  150 -260525.71 -258389.95  0.82%   314 4055s
  6787  4742 -259314.81  923  175 -260525.71 -258389.95  0.82%   314 4060s
  6799  4750 -259314.81  929  214 -260525.71 -258389.95  0.82%   314 4065s
  6817  4762 -259314.81  938  182 -260525.71 -258389.95  0.82%   314 4070s
  6831  4772 -259314.81  945  175 -260525.71 -258389.95  0.82%   314 4075s
  6852  4785 -259680.82  956  182 -260525.71 -258389.95  0.82%   313 4080s
  6867  4795 -259680.82  963  175 -260525.71 -258389.95  0.82%   313 4085s
  6891  4811 -259680.82  975  155 -260525.71 -258389.95  0.82%   313 4090s
  6893  4812 -259680.82  976  173 -260525.71 -258389.95  0.82%   313 4097s
  6905  4820 -259680.82  982  172 -260525.71 -258389.95  0.82%   312 4100s
  6930  4837 -259680.82  995  193 -260525.71 -258389.95  0.82%   312 4105s
  6951  4851 -259680.82 1005  190 -260525.71 -258389.95  0.82%   312 4110s
  6961  4857 -259680.82 1010  197 -260525.71 -258389.95  0.82%   311 4119s
  6964  4859 -259680.82 1012  207 -260525.71 -258389.95  0.82%   311 4120s
  6983  4872 -259680.82 1021  208 -260525.71 -258389.95  0.82%   311 4125s
  7002  4885 -260045.88 1031  176 -260525.71 -258389.95  0.82%   311 4130s
  7025  4900 -259695.18 1042  180 -260525.71 -258389.95  0.82%   310 4135s
  7049  4916 -259695.18 1054  184 -260525.71 -258389.95  0.82%   310 4140s
  7069  4931 -259695.18 1064  189 -260525.71 -258389.95  0.82%   310 4151s
  7082  4944 -259695.18 1071  164 -260525.71 -258389.95  0.82%   309 4155s
  7108  4970 -259695.18 1084  169 -260525.71 -258389.95  0.82%   309 4160s
  7135  4997 -260060.25 1097  161 -260525.71 -258389.95  0.82%   308 4165s
  7162  5023 -259695.18 1111  163 -260525.71 -258389.95  0.82%   307 4170s
  7177  5038 -259695.18 1118  164 -260525.71 -258389.95  0.82%   307 4179s
  7182  5043 -259695.18 1121  169 -260525.71 -258389.95  0.82%   307 4180s
  7205  5066 -259695.18 1132  184 -260525.71 -258389.95  0.82%   306 4185s
  7231  5088 -259695.18 1145  163 -260525.71 -258389.95  0.82%   306 4190s
  7260  5113 -260060.25 1159  155 -260525.71 -258389.95  0.82%   305 4195s
  7282  5131 -259695.18 1170  174 -260525.71 -258389.95  0.82%   305 4200s
  7285  5132 -259695.18 1172  147 -260525.71 -258389.95  0.82%   305 4206s
  7304  5143 -259695.18 1181  165 -260525.71 -258389.95  0.82%   304 4210s
  7326  5161 -259695.18 1191  162 -260525.71 -258389.95  0.82%   304 4215s
  7348  5173 -259695.18 1202  178 -260525.71 -258389.95  0.82%   304 4220s
  7370  5193 -259695.18 1213  175 -260525.71 -258389.95  0.82%   303 4225s
  7393  5216 -259695.18 1225  188 -260525.71 -258389.95  0.82%   303 4236s
  7409  5230 -259695.18 1232  191 -260525.71 -258389.95  0.82%   303 4240s
  7434  5255 -259695.18 1245  190 -260525.71 -258389.95  0.82%   302 4245s
  7462  5259     cutoff 1258      -260525.71 -258389.95  0.82%   301 4250s
  7487  5268 -259695.18 1271  191 -260525.71 -258389.95  0.82%   301 4255s
  7503  5275 -259695.18 1278  215 -260525.71 -258389.95  0.82%   301 4264s
  7505  5275     cutoff 1279      -260525.71 -258389.95  0.82%   301 4265s
  7532  5290 -259711.92 1293  196 -260525.71 -258389.95  0.82%   300 4270s
  7558  5312 -259711.92 1305  195 -260525.71 -258389.95  0.82%   299 4275s
  7579  5322 -259711.92 1315  203 -260525.71 -258389.95  0.82%   299 4280s
  7608  5346 -259892.88 1330  193 -260525.71 -258389.95  0.82%   298 4285s
  7611  5347 -259892.88 1332  186 -260525.71 -258389.95  0.82%   298 4291s
  7635  5368 -259892.88 1345  224 -260525.71 -258389.95  0.82%   298 4295s
  7665  5387 -259892.88 1360  214 -260525.71 -258389.95  0.82%   297 4300s
  7685  5405 -259892.88 1370  200 -260525.71 -258389.95  0.82%   296 4305s
  7710  5425 -259892.88 1382  204 -260525.71 -258389.95  0.82%   296 4310s
  7721  5429 -259892.88 1389  190 -260525.71 -258389.95  0.82%   296 4319s
  7727  5432 -259892.88 1392  200 -260525.71 -258389.95  0.82%   295 4320s
  7753  5451 -260082.45 1407  208 -260525.71 -258389.95  0.82%   295 4325s
  7782  5464 -260114.68 1421  196 -260525.71 -258389.95  0.82%   294 4330s
  7816  5472 -260114.68 1427  206 -260525.71 -258389.95  0.82%   293 4335s
  7833  5465 -260114.68 1424  192 -260525.71 -258389.95  0.82%   293 4344s
  7839  5463 -258389.95   16   88 -260525.71 -258389.95  0.82%   293 4345s
  7856  5480 -258389.95   25  108 -260525.71 -258389.95  0.82%   293 4350s
  7873  5497 -258389.95   33   90 -260525.71 -258389.95  0.82%   293 4398s
  7880  5504 -258389.95   37  130 -260525.71 -258389.95  0.82%   293 4400s
  7895  5519 -258840.09   44   90 -260525.71 -258389.95  0.82%   293 4405s
  7915  5539 -258840.09   54  113 -260525.71 -258389.95  0.82%   293 4410s
  7929  5553 -258840.09   61  132 -260525.71 -258389.95  0.82%   293 4415s
  7941  5565 -258840.09   67   96 -260525.71 -258389.95  0.82%   293 4425s
  7957  5581 -258389.95   75  162 -260525.71 -258389.95  0.82%   293 4430s
  7974  5598 -258389.95   84  147 -260525.71 -258389.95  0.82%   293 4435s
  7992  5616 -258389.95   93  148 -260525.71 -258389.95  0.82%   293 4440s
  7995  5619 -258840.09   94  144 -260525.71 -258389.95  0.82%   293 4445s
  8014  5638 -258389.95  104  144 -260525.71 -258389.95  0.82%   292 4450s
  8035  5659 -258389.95  114  134 -260525.71 -258389.95  0.82%   292 4455s
  8050  5674 -258389.95  122  155 -260525.71 -258389.95  0.82%   292 4460s
  8051  5675 -258389.95  122   52 -260525.71 -258389.95  0.82%   296 4465s
  8065  5689 -258840.09  129   77 -260525.71 -258389.95  0.82%   296 4470s
  8085  5709 -258840.09  139   77 -260525.71 -258389.95  0.82%   295 4475s
  8103  5727 -258389.95  148   77 -260525.71 -258389.95  0.82%   295 4480s
  8125  5749 -258840.09  159   87 -260525.71 -258389.95  0.82%   295 4485s
  8148  5772 -258389.95  171   95 -260525.71 -258389.95  0.82%   295 4490s
  8157  5781 -258840.09  175   89 -260525.71 -258389.95  0.82%   295 4499s
  8159  5783 -258840.09  176   78 -260525.71 -258389.95  0.82%   295 4500s
  8182  5806 -258389.95  188  108 -260525.71 -258389.95  0.82%   295 4505s
  8204  5828 -258389.95  199  105 -260525.71 -258389.95  0.82%   295 4510s
  8211  5835 -258840.09  202  105 -260525.71 -258389.95  0.82%   295 4516s
  8230  5854 -258389.95  212   94 -260525.71 -258389.95  0.82%   294 4520s
  8255  5879 -258389.95  224  116 -260525.71 -258389.95  0.82%   294 4525s
  8275  5899 -258840.09  234   83 -260525.71 -258389.95  0.82%   293 4530s
  8302  5926 -258389.95  248   95 -260525.71 -258389.95  0.82%   293 4535s
  8319  5943 -258840.09  256  102 -260525.71 -258389.95  0.82%   293 4542s
  8330  5954 -258840.09  262  103 -260525.71 -258389.95  0.82%   293 4545s
  8355  5979 -258840.09  274  105 -260525.71 -258389.95  0.82%   292 4550s
  8373  5997 -258840.09  283  151 -260525.71 -258389.95  0.82%   293 4555s
  8390  6014 -258840.09  292  109 -260525.71 -258389.95  0.82%   292 4560s
  8415  6039 -258840.09  304   93 -260525.71 -258389.95  0.82%   292 4565s
  8427  6051 -258840.09  310  102 -260525.71 -258389.95  0.82%   292 4572s
  8439  6063 -258840.09  316  104 -260525.71 -258389.95  0.82%   292 4575s
  8459  6083 -258840.09  326  126 -260525.71 -258389.95  0.82%   292 4580s
  8481  6105 -258840.09  337  124 -260525.71 -258389.95  0.82%   292 4586s
  8496  6120 -258840.09  345  117 -260525.71 -258389.95  0.82%   292 4590s
  8512  6136 -258840.09  353  139 -260525.71 -258389.95  0.82%   292 4595s
  8526  6150 -258840.09  360  127 -260525.71 -258389.95  0.82%   292 4600s
  8535  6159 -259442.86  364  119 -260525.71 -258389.95  0.82%   292 4606s
  8554  6178 -258840.09  374  130 -260525.71 -258389.95  0.82%   292 4610s
  8566  6190 -258840.09  380  127 -260525.71 -258389.95  0.82%   291 4636s
  8580  6204 -258840.09  387  134 -260525.71 -258389.95  0.82%   291 4640s
  8589  6213 -259298.34  391  133 -260525.71 -258389.95  0.82%   291 4645s
  8613  6237 -258840.09  403  136 -260525.71 -258389.95  0.82%   291 4650s
  8628  6252 -258840.09  411  155 -260525.71 -258389.95  0.82%   291 4655s
  8641  6265 -258840.09  417  143 -260525.71 -258389.95  0.82%   291 4660s
  8671  6295 -259298.34  432  148 -260525.71 -258389.95  0.82%   291 4665s
  8692  6316 -258840.09  443  133 -260525.71 -258389.95  0.82%   290 4670s
  8710  6334 -258840.09  452  139 -260525.71 -258389.95  0.82%   290 4675s
  8734  6358 -258840.09  464  111 -260525.71 -258389.95  0.82%   290 4680s
  8751  6375 -258840.09  472  120 -260525.71 -258389.95  0.82%   290 4688s
  8761  6385 -259442.86  477  134 -260525.71 -258389.95  0.82%   290 4690s
  8783  6407 -259298.34  488  111 -260525.71 -258389.95  0.82%   289 4695s
  8807  6431 -259298.34  500  123 -260525.71 -258389.95  0.82%   289 4700s
  8834  6458 -258840.09  514  127 -260525.71 -258389.95  0.82%   289 4705s
  8853  6477 -259298.34  523  142 -260525.71 -258389.95  0.82%   289 4710s
  8861  6485 -259298.34  527  123 -260525.71 -258389.95  0.82%   289 4721s
  8880  6504 -258840.09  537  128 -260525.71 -258389.95  0.82%   288 4725s
  8896  6520 -258840.09  545  139 -260525.71 -258389.95  0.82%   288 4730s
  8913  6537 -258840.09  553  124 -260525.71 -258389.95  0.82%   288 4742s
  8921  6545 -258840.09  557  153 -260525.71 -258389.95  0.82%   288 4745s
  8945  6569 -258840.09  569  141 -260525.71 -258389.95  0.82%   288 4750s
  8967  6591 -258840.09  580  136 -260525.71 -258389.95  0.82%   288 4759s
  8972  6596 -258840.09  583  145 -260525.71 -258389.95  0.82%   288 4760s
  8994  6618 -258840.09  594  149 -260525.71 -258389.95  0.82%   287 4765s
  9017  6641 -259298.34  605  146 -260525.71 -258389.95  0.82%   287 4770s
  9021  6645 -259298.34  607  138 -260525.71 -258389.95  0.82%   287 4776s
  9040  6664 -258840.09  617  163 -260525.71 -258389.95  0.82%   287 4780s
  9053  6677 -259298.34  623  141 -260525.71 -258389.95  0.82%   287 4785s
  9071  6695 -258840.09  632  145 -260525.71 -258389.95  0.82%   287 4790s
  9094  6718 -258840.09  644  159 -260525.71 -258389.95  0.82%   286 4795s
  9113  6737 -259298.34  653  156 -260525.71 -258389.95  0.82%   286 4800s
  9130  6754 -258840.09  662  161 -260525.71 -258389.95  0.82%   286 4805s
  9152  6776 -258840.09  673  167 -260525.71 -258389.95  0.82%   286 4810s
  9177  6801 -259673.99  685  125 -260525.71 -258389.95  0.82%   286 4815s
  9201  6825 -259071.22  697  160 -260525.71 -258389.95  0.82%   286 4820s
  9222  6846 -259071.22  708  130 -260525.71 -258389.95  0.82%   286 4825s
  9237  6861 -259071.22  715  129 -260525.71 -258389.95  0.82%   286 4835s
  9260  6884 -259071.22  727  127 -260525.71 -258389.95  0.82%   285 4840s
  9288  6912 -259071.22  741  150 -260525.71 -258389.95  0.82%   285 4845s
  9309  6933 -259673.99  751  147 -260525.71 -258389.95  0.82%   285 4850s
  9334  6958 -259071.22  764  180 -260525.71 -258389.95  0.82%   284 4855s
  9345  6969 -259071.22  769  164 -260525.71 -258389.95  0.82%   284 4864s
  9348  6972 -259071.22  771  163 -260525.71 -258389.95  0.82%   284 4865s
  9370  6994 -259071.22  782  145 -260525.71 -258389.95  0.82%   284 4870s
  9388  7012 -259071.22  791  142 -260525.71 -258389.95  0.82%   284 4875s
  9406  7030 -259071.22  800  142 -260525.71 -258389.95  0.82%   284 4880s
  9427  7051 -259680.82  810  146 -260525.71 -258389.95  0.82%   283 4885s
  9448  7072 -259314.81  821  145 -260525.71 -258389.95  0.82%   283 4890s
  9457  7081 -259314.81  825  146 -260525.71 -258389.95  0.82%   283 4899s
  9462  7086 -259680.82  828  133 -260525.71 -258389.95  0.82%   283 4900s
  9481  7105 -259680.82  837  133 -260525.71 -258389.95  0.82%   283 4905s
  9497  7121 -259680.82  845  165 -260525.71 -258389.95  0.82%   283 4910s
  9508  7132 -259314.81  851  147 -260525.71 -258389.95  0.82%   283 5008s
  9511  7135 -259680.82  852  147 -260525.71 -258389.95  0.82%   283 5015s
  9527  7151 -259314.81  860  153 -260525.71 -258389.95  0.82%   283 5020s
  9551  7175 -259680.82  872  136 -260525.71 -258389.95  0.82%   283 5025s
  9573  7197 -259314.81  883  151 -260525.71 -258389.95  0.82%   283 5030s
  9593  7217 -259680.82  893  178 -260525.71 -258389.95  0.82%   282 5035s
  9613  7237 -259680.82  903  149 -260525.71 -258389.95  0.82%   282 5040s
  9619  7243 -259680.82  906  151 -260525.71 -258389.95  0.82%   282 5046s
  9636  7260 -259314.81  915  156 -260525.71 -258389.95  0.82%   282 5050s
  9652  7276 -259314.81  923  163 -260525.71 -258389.95  0.82%   282 5055s
  9667  7291 -259680.82  930  170 -260525.71 -258389.95  0.82%   282 5060s
  9681  7305 -259680.82  937  217 -260525.71 -258389.95  0.82%   282 5065s
  9703  7327 -259680.82  948  177 -260525.71 -258389.95  0.82%   282 5070s
  9728  7352 -259680.82  961  157 -260525.71 -258389.95  0.82%   282 5075s
  9757  7381 -259680.82  975  150 -260525.71 -258389.95  0.82%   281 5080s
  9781  7405 -259680.82  987  165 -260525.71 -258389.95  0.82%   281 5091s
  9794  7418 -259680.82  994  163 -260525.71 -258389.95  0.82%   281 5095s
  9818  7442 -259680.82 1006  164 -260525.71 -258389.95  0.82%   281 5100s
  9839  7463 -259680.82 1016  153 -260525.71 -258389.95  0.82%   280 5172s
  9854  7478 -259680.82 1024  163 -260525.71 -258389.95  0.82%   280 5175s
  9887  7511 -259680.82 1040  166 -260525.71 -258389.95  0.82%   280 5180s
  9889  7513 -259680.82 1041  175 -260525.71 -258389.95  0.82%   280 5187s
  9902  7526 -259680.82 1048  178 -260525.71 -258389.95  0.82%   280 5190s
  9926  7550 -259680.82 1060  181 -260525.71 -258389.95  0.82%   279 5195s
  9947  7571 -259680.82 1070  170 -260525.71 -258389.95  0.82%   279 5200s
  9967  7591 -259680.82 1080  174 -260525.71 -258389.95  0.82%   279 5205s
  9992  7616 -259680.82 1093  202 -260525.71 -258389.95  0.82%   279 5210s
  9997  7621 -259680.82 1095  197 -260525.71 -258389.95  0.82%   279 5218s
 10003  7627 -259680.82 1098  192 -260525.71 -258389.95  0.82%   279 5220s
 10034  7658 -259680.82 1114  175 -260525.71 -258389.95  0.82%   278 5225s
 10061  7685 -260045.88 1127  181 -260525.71 -258389.95  0.82%   278 5230s
 10079  7703 -259680.82 1136  195 -260525.71 -258389.95  0.82%   278 5235s
 10104  7728 -259680.82 1149  200 -260525.71 -258389.95  0.82%   278 5240s
 10124  7748 -259680.82 1159  187 -260525.71 -258389.95  0.82%   277 5245s
 10153  7777 -259680.82 1173  186 -260525.71 -258389.95  0.82%   277 5250s
 10159  7783 -259680.82 1176  200 -260525.71 -258389.95  0.82%   277 5259s
 10161  7785 -259680.82 1177  192 -260525.71 -258389.95  0.82%   277 5260s
 10186  7810 -259680.82 1190  172 -260525.71 -258389.95  0.82%   277 5265s
 10202  7826 -259680.82 1198  181 -260525.71 -258389.95  0.82%   277 6032s
 10213  7837 -260045.88 1203  179 -260525.71 -258389.95  0.82%   277 6036s
 10231  7855 -260045.88 1212  174 -260525.71 -258389.95  0.82%   276 6040s
 10257  7881 -259680.82 1225  188 -260525.71 -258389.95  0.82%   276 6045s
 10267  7891 -259680.82 1230  187 -260525.71 -258389.95  0.82%   276 6054s
 10271  7895 -259680.82 1232  197 -260525.71 -258389.95  0.82%   276 6055s
 10289  7913 -259680.82 1241  217 -260525.71 -258389.95  0.82%   276 6060s
 10313  7937 -259680.82 1253  207 -260525.71 -258389.95  0.82%   276 6065s
 10321  7945 -259680.82 1257  212 -260525.71 -258389.95  0.82%   276 6071s
 10336  7960 -259680.82 1265  207 -260525.71 -258389.95  0.82%   276 6075s
 10364  7988 -259697.55 1279  206 -260525.71 -258389.95  0.82%   275 6080s
 10393  8017 -259697.55 1293  215 -260525.71 -258389.95  0.82%   275 6085s
 10420  8044 -259697.55 1307  207 -260525.71 -258389.95  0.82%   274 6090s
 10429  8053 -259697.55 1311  208 -260525.71 -258389.95  0.82%   274 6097s
 10443  8067 -259711.92 1318  193 -260525.71 -258389.95  0.82%   274 6100s
 10463  8087 -259697.55 1328  172 -260525.71 -258389.95  0.82%   274 6105s
 10482  8106 -259878.51 1338  217 -260525.71 -258389.95  0.82%   274 6110s
 10499  8123 -259892.88 1346  219 -260525.71 -258389.95  0.82%   274 6115s
 10526  8150 -259892.88 1360  209 -260525.71 -258389.95  0.82%   273 6120s
 10537  8161 -259892.88 1365  189 -260525.71 -258389.95  0.82%   273 6128s
 10550  8172 -259878.51 1372  216 -260525.71 -258389.95  0.82%   273 6130s
 10575  8194 -259878.51 1384  197 -260525.71 -258389.95  0.82%   273 6135s
 10602  8217 -259878.51 1398  203 -260525.71 -258389.95  0.82%   272 6140s
 10638  8235 -259878.51 1415  190 -260525.71 -258389.95  0.82%   272 6145s
 10646  8234 -259878.51 1419  189 -260525.71 -258389.95  0.82%   272 6153s
 10657  8235 -259878.51 1426  190 -260525.71 -258389.95  0.82%   272 6155s
 10690  8259 -260029.47 1443  221 -260525.71 -258389.95  0.82%   271 6160s
 10712  8281 -260029.47 1454  217 -260525.71 -258389.95  0.82%   271 6165s
 10731  8292     cutoff 1464      -260525.71 -258389.95  0.82%   271 6170s
 10767  8313 -260119.50 1479  201 -260525.71 -258389.95  0.82%   270 6175s
 10770  8316 -260119.50 1481  200 -260525.71 -258389.95  0.82%   270 6180s
 10798  8344 -260119.50 1495  176 -260525.71 -258389.95  0.82%   270 6185s
 10825  8371 -260119.50 1508  171 -260525.71 -258389.95  0.82%   269 6190s
 10856  8401 -260119.50 1524  150 -260525.71 -258389.95  0.82%   269 6195s
 10894  8437 -260119.50 1543  120 -260525.71 -258389.95  0.82%   269 6200s
 10926  8458 -260362.35 1560  160 -260525.71 -258389.95  0.82%   268 6205s
 10960  8475 -260362.35 1571  145 -260525.71 -258389.95  0.82%   268 6210s
 10985  8478 -258389.95   21  121 -260525.71 -258389.95  0.82%   268 6215s
 11012  8505 -258389.95   34  104 -260525.71 -258389.95  0.82%   268 6220s
 11023  8516 -258389.95   40  938 -260525.71 -258389.95  0.82%   273 6267s
 11028  8521 -258389.95   42  104 -260525.71 -258389.95  0.82%   273 6276s
 11055  8548 -258389.95   56   99 -260525.71 -258389.95  0.82%   272 6280s
 11080  8573 -258389.95   68  111 -260525.71 -258389.95  0.82%   273 6285s
 11100  8593 -258848.21   78  117 -260525.71 -258389.95  0.82%   273 6290s
 11120  8613 -258840.09   88  107 -260525.71 -258389.95  0.82%   272 6295s
 11136  8629 -258840.09   96  115 -260525.71 -258389.95  0.82%   272 6306s
 11152  8645 -258389.95  104  124 -260525.71 -258389.95  0.82%   273 6310s
 11178  8671 -258389.95  117  118 -260525.71 -258389.95  0.82%   272 6315s
 11190  8683 -258840.09  123  120 -260525.71 -258389.95  0.82%   272 6322s
 11203  8696 -258389.95  130  110 -260525.71 -258389.95  0.82%   272 6325s
 11232  8725 -258840.09  144  118 -260525.71 -258389.95  0.82%   272 6330s
 11260  8753 -258840.09  158  139 -260525.71 -258389.95  0.82%   272 6335s
 11289  8782 -258389.95  173  133 -260525.71 -258389.95  0.82%   272 6340s
 11311  8804 -258840.09  184  122 -260525.71 -258389.95  0.82%   272 6345s
 11338  8831 -258840.09  197  123 -260525.71 -258389.95  0.82%   271 6350s
 11352  8845 -258840.09  204  128 -260525.71 -258389.95  0.82%   271 6359s
 11358  8851 -258840.09  207  117 -260525.71 -258389.95  0.82%   271 6360s
 11385  8878 -258389.95  221  110 -260525.71 -258389.95  0.82%   271 6365s
 11406  8899 -258840.09  231  136 -260525.71 -258389.95  0.82%   271 6375s
 11436  8929 -258848.21  246  106 -260525.71 -258389.95  0.82%   270 6380s
 11471  8964 -258389.95  264  129 -260525.71 -258389.95  0.82%   270 6385s
 11499  8992 -258389.95  278  127 -260525.71 -258389.95  0.82%   270 6390s
 11528  9021 -259298.34  292  114 -260525.71 -258389.95  0.82%   269 6395s
 11538  9031 -258840.09  297  135 -260525.71 -258389.95  0.82%   269 6401s
 11555  9048 -258840.09  306  129 -260525.71 -258389.95  0.82%   269 6405s
 11580  9073 -258840.09  318  142 -260525.71 -258389.95  0.82%   269 6410s
 11592  9085 -258840.09  324  159 -260525.71 -258389.95  0.82%   269 6415s
 11618  9111 -258840.09  337  157 -260525.71 -258389.95  0.82%   269 6420s
 11650  9143 -259298.34  353  128 -260525.71 -258389.95  0.82%   269 6425s
 11667  9160 -258840.09  362  153 -260525.71 -258389.95  0.82%   269 6431s
 11688  9181 -259298.34  372  141 -260525.71 -258389.95  0.82%   269 6435s
 11712  9205 -259298.34  384  139 -260525.71 -258389.95  0.82%   269 6440s
 11734  9227 -259298.34  395  161 -260525.71 -258389.95  0.82%   269 6445s
 11760  9253 -258840.09  408  151 -260525.71 -258389.95  0.82%   268 6450s
 11775  9268 -258840.09  416  155 -260525.71 -258389.95  0.82%   268 6455s
 11797  9290 -258840.09  427  482 -260525.71 -258389.95  0.82%   269 6466s
 11815  9308 -258840.09  436  166 -260525.71 -258389.95  0.82%   269 6470s
 11829  9322 -258840.09  443  160 -260525.71 -258389.95  0.82%   269 6476s
 11846  9339 -259298.34  451  167 -260525.71 -258389.95  0.82%   269 6480s
 11880  9373 -259298.34  468  160 -260525.71 -258389.95  0.82%   269 6485s
 11902  9395 -258840.09  479  182 -260525.71 -258389.95  0.82%   269 6490s
 11924  9417 -258840.09  490  177 -260525.71 -258389.95  0.82%   269 6495s
 11937  9430 -258840.09  497  169 -260525.71 -258389.95  0.82%   269 6503s
 11940  9433 -258840.09  498  185 -260525.71 -258389.95  0.82%   269 6505s
 11971  9464 -258840.09  514  179 -260525.71 -258389.95  0.82%   268 6510s
 11995  9488 -258840.09  526  174 -260525.71 -258389.95  0.82%   268 6515s
 12020  9513 -258840.09  538  172 -260525.71 -258389.95  0.82%   268 6520s
 12045  9538 -258840.09  551  144 -260525.71 -258389.95  0.82%   268 6525s
 12072  9565 -259298.34  564  173 -260525.71 -258389.95  0.82%   267 6530s
 12096  9589 -258840.09  576  158 -260525.71 -258389.95  0.82%   267 6535s
 12099  9592 -258840.09  578  166 -260525.71 -258389.95  0.82%   267 6543s
 12106  9599 -258840.09  581  186 -260525.71 -258389.95  0.82%   267 6545s
 12127  9620 -258840.09  592  169 -260525.71 -258389.95  0.82%   268 6550s
 12150  9643 -259298.34  603  165 -260525.71 -258389.95  0.82%   267 6555s
 12176  9669 -259811.82  616  154 -260525.71 -258389.95  0.82%   267 6565s
 12202  9695 -259071.22  629  188 -260525.71 -258389.95  0.82%   267 6570s
 12229  9722 -259071.22  643  174 -260525.71 -258389.95  0.82%   267 6575s
 12260  9753 -259437.23  658  181 -260525.71 -258389.95  0.82%   267 6580s
 12295  9788 -259071.22  676  155 -260525.71 -258389.95  0.82%   266 6585s
 12326  9819 -259071.22  691  174 -260525.71 -258389.95  0.82%   266 6590s
 12355  9848 -259071.22  706  146 -260525.71 -258389.95  0.82%   266 6595s
 12384  9877 -259071.22  720  201 -260525.71 -258389.95  0.82%   266 6600s
 12394  9887 -259673.99  725  155 -260525.71 -258389.95  0.82%   266 6606s
 12413  9906 -259071.22  735  156 -260525.71 -258389.95  0.82%   266 6610s
 12436  9929 -259673.99  746  160 -260525.71 -258389.95  0.82%   266 6615s
 12465  9958 -259071.22  761  183 -260525.71 -258389.95  0.82%   265 6620s
 12491  9984 -259071.22  774  172 -260525.71 -258389.95  0.82%   265 6625s
 12520 10013 -259071.22  788  171 -260525.71 -258389.95  0.82%   265 6630s
 12529 10022 -259071.22  793  162 -260525.71 -258389.95  0.82%   265 6635s
 12549 10042 -259071.22  803  175 -260525.71 -258389.95  0.82%   265 6640s
 12579 10072 -259071.22  818  175 -260525.71 -258389.95  0.82%   265 6645s
 12611 10104 -259071.22  834  174 -260525.71 -258389.95  0.82%   264 6650s
 12641 10134 -259071.22  849  171 -260525.71 -258389.95  0.82%   264 6655s
 12665 10158 -259071.22  861  155 -260525.71 -258389.95  0.82%   264 6664s
 12670 10163 -259071.22  863  164 -260525.71 -258389.95  0.82%   264 6665s
 12700 10193 -259437.23  878  214 -260525.71 -258389.95  0.82%   263 6670s
 12722 10215 -259437.23  889  174 -260525.71 -258389.95  0.82%   263 6675s
 12751 10244 -259314.81  904  156 -260525.71 -258389.95  0.82%   263 6680s
 12775 10268 -259314.81  916  182 -260525.71 -258389.95  0.82%   263 6685s
 12792 10285 -259680.82  924  203 -260525.71 -258389.95  0.82%   263 6690s
 12817 10310 -259314.81  937  207 -260525.71 -258389.95  0.82%   263 6695s
 12832 10325 -259680.82  944  190 -260525.71 -258389.95  0.82%   263 6700s
 12844 10337 -259680.82  950  175 -260525.71 -258389.95  0.82%   263 6705s
 12875 10368 -259680.82  966  177 -260525.71 -258389.95  0.82%   263 6716s
 12893 10386 -259680.82  975  226 -260525.71 -258389.95  0.82%   263 6720s
 12914 10407 -259680.82  985  199 -260525.71 -258389.95  0.82%   262 6725s
 12933 10426 -259680.82  995  198 -260525.71 -258389.95  0.82%   262 6730s
 12960 10453 -259680.82 1008  184 -260525.71 -258389.95  0.82%   262 6735s
 12983 10476 -259680.82 1020  196 -260525.71 -258389.95  0.82%   262 6745s
 13006 10499 -259680.82 1031  200 -260525.71 -258389.95  0.82%   262 6750s
 13035 10528 -259680.82 1046  185 -260525.71 -258389.95  0.82%   262 6755s
 13063 10556 -259680.82 1060  197 -260525.71 -258389.95  0.82%   262 6760s
 13081 10574 -259695.18 1069  196 -260525.71 -258389.95  0.82%   262 6765s
 13097 10590 -259680.82 1077  425 -260525.71 -258389.95  0.82%   262 6771s
 13118 10611 -259680.82 1087  222 -260525.71 -258389.95  0.82%   262 6775s
 13127 10620 -259680.82 1092  212 -260525.71 -258389.95  0.82%   262 6784s
 13129 10622 -259680.82 1093  211 -260525.71 -258389.95  0.82%   262 6785s
 13155 10648 -259680.82 1106  199 -260525.71 -258389.95  0.82%   262 6790s
 13179 10672 -259680.82 1118  180 -260525.71 -258389.95  0.82%   262 6795s
 13209 10702 -260045.88 1133  159 -260525.71 -258389.95  0.82%   261 6800s
 13241 10734 -259680.82 1149  170 -260525.71 -258389.95  0.82%   261 6805s
 13274 10767 -260421.41 1165  150 -260525.71 -258389.95  0.82%   261 6810s
 13301 10794 -259680.82 1179  179 -260525.71 -258389.95  0.82%   261 6815s
 13327 10820 -259680.82 1192  197 -260525.71 -258389.95  0.82%   260 6820s
 13348 10841 -259680.82 1202  197 -260525.71 -258389.95  0.82%   260 6825s
 13376 10868 -259695.18 1216  195 -260525.71 -258389.95  0.82%   260 6830s
 13400 10892 -259680.82 1228  183 -260525.71 -258389.95  0.82%   260 6842s
 13412 10904 -259695.18 1234  204 -260525.71 -258389.95  0.82%   260 6845s
 13439 10931 -259680.82 1248  197 -260525.71 -258389.95  0.82%   260 6850s
 13471 10963 -259680.82 1264  216 -260525.71 -258389.95  0.82%   260 6855s
 13492 10984 -259680.82 1274  208 -260525.71 -258389.95  0.82%   259 6954s
 13493 10985 -259680.82 1275  222 -260525.71 -258389.95  0.82%   259 6955s
 13515 11007 -259680.82 1286  229 -260525.71 -258389.95  0.82%   259 6960s
 13538 11030 -260045.88 1297  210 -260525.71 -258389.95  0.82%   259 6965s
 13547 11039 -259680.82 1302  200 -260525.71 -258389.95  0.82%   259 6976s
 13566 11058 -259695.18 1311  211 -260525.71 -258389.95  0.82%   259 6980s
 13589 11081 -259680.82 1323  195 -260525.71 -258389.95  0.82%   259 6985s
 13601 11093 -259680.82 1329  195 -260525.71 -258389.95  0.82%   259 6993s
 13611 11103 -260045.88 1334  183 -260525.71 -258389.95  0.82%   259 6995s
 13641 11133 -259697.55 1349  202 -260525.71 -258389.95  0.82%   258 7000s
 13662 11154 -260438.15 1359  193 -260525.71 -258389.95  0.82%   258 7005s
 13687 11179 -259697.55 1372  186 -260525.71 -258389.95  0.82%   258 7010s
 13709 11201 -259697.55 1383  203 -260525.71 -258389.95  0.82%   258 7015s
 13721 11213 -259697.55 1389  216 -260525.71 -258389.95  0.82%   258 7020s
 13742 11234 -259697.55 1399  227 -260525.71 -258389.95  0.82%   258 7025s
 13763 11253 -259697.55 1409  251 -260525.71 -258389.95  0.82%   257 7036s
 13771 11261 -259697.55 1413  245 -260525.71 -258389.95  0.82%   257 7095s
 13802 11287 -259878.51 1429  231 -260525.71 -258389.95  0.82%   257 7100s
 13834 11311 -259878.51 1446  216 -260525.71 -258389.95  0.82%   257 7105s
 13872 11335 -259878.51 1467  203 -260525.71 -258389.95  0.82%   256 7117s
 13896 11342     cutoff 1480      -260525.71 -258389.95  0.82%   256 7120s
 13925 11364 -259878.51 1495  199 -260525.71 -258389.95  0.82%   256 7125s
 13947 11382     cutoff 1506      -260525.71 -258389.95  0.82%   256 7130s
 13977 11396 -260099.08 1523  204 -260525.71 -258389.95  0.82%   255 7135s
 13980 11399 -260061.38 1525  203 -260525.71 -258389.95  0.82%   255 7144s
 13984 11403 -260099.08 1527  195 -260525.71 -258389.95  0.82%   255 7145s
 14015 11429 -260075.74 1543  220 -260525.71 -258389.95  0.82%   255 7150s
 14052 11458 -260282.99 1562  229 -260525.71 -258389.95  0.82%   255 7155s
 14088 11494 -260282.99 1580  216 -260525.71 -258389.95  0.82%   254 7160s
 14120 11523 -260282.99 1597  170 -260525.71 -258389.95  0.82%   254 7165s
 14151 11548 -260282.99 1612  179 -260525.71 -258389.95  0.82%   254 7170s
 14177 11572 -260282.99 1625  173 -260525.71 -258389.95  0.82%   254 7175s
 14213 11606 -260282.99 1643  139 -260525.71 -258389.95  0.82%   253 7180s
 14243 11636 -260282.99 1658  141 -260525.71 -258389.95  0.82%   253 7191s
 14271 11663 -260282.99 1672  133 -260525.71 -258389.95  0.82%   253 7195s

Cutting planes:
  Gomory: 11
  Lift-and-project: 12
  Cover: 24
  Implied bound: 25
  MIR: 69
  Flow cover: 74
  Mod-K: 1

Explored 14309 nodes (4042381 simplex iterations) in 7200.06 seconds (6541.89 work units)
Thread count was 1 (of 72 available processors)

Solution count 10: -260526 -260526 -260526 ... -260926

Time limit reached
Best objective -2.605257073930e+05, best bound -2.583899490189e+05, gap 0.8198%

Gurobi 13.0.3 (linux64) logging started Sat Oct 10 08:10:27 2026

Set parameter LogFile to value "/home/gep/projects/jaffray-masc-fhops-model/data/output/rerun_v101_calib/ni_18_sub56_lock7.gurobi.log"
Gurobi Optimizer version 13.0.3 build v13.0.3rc0 (linux64 - "Ubuntu 24.04.3 LTS")

CPU model: Intel(R) Xeon(R) Gold 6254 CPU @ 3.10GHz, instruction set [SSE2|AVX|AVX2|AVX512]
Thread count: 36 physical cores, 72 logical processors, using up to 1 threads

Non-default parameters:
TimeLimit  1800
Threads  1

Optimize a model with 103729 rows, 111514 columns and 353214 nonzeros (Max)
Model fingerprint: 0xf4bd3f5e
Model has 36288 linear objective coefficients
Variable types: 69570 continuous, 41944 integer (41944 binary)
Coefficient statistics:
  Matrix range     [1e+00, 2e+05]
  Objective range  [6e-03, 1e+00]
  Bounds range     [1e+00, 1e+00]
  RHS range        [1e+00, 3e+05]

Loaded user MIP start with objective 484278

Presolve removed 17361 rows and 17294 columns
Presolve time: 0.86s
Presolved: 86368 rows, 94220 columns, 322071 nonzeros
Variable types: 52714 continuous, 41506 integer (41506 binary)

Root simplex log...

Iteration    Objective       Primal Inf.    Dual Inf.      Time
   18924    8.3681091e+05   4.613497e+06   0.000000e+00      5s
   29344    8.3274841e+05   2.453527e+05   0.000000e+00     10s
   33908    8.3255543e+05   0.000000e+00   0.000000e+00     13s
   34843    8.3255543e+05   0.000000e+00   0.000000e+00     13s

Extra simplex iterations after uncrush: 935

Use crossover to convert LP symmetric solution to basic solution...

Root crossover log...

    3629 DPushes remaining with DInf 0.0000000e+00                13s
       0 DPushes remaining with DInf 0.0000000e+00                14s

    7113 PPushes remaining with PInf 0.0000000e+00                14s
       0 PPushes remaining with PInf 0.0000000e+00                14s

  Push phase complete: Pinf 0.0000000e+00, Dinf 3.1245889e-01     14s


Root simplex log...

Iteration    Objective       Primal Inf.    Dual Inf.      Time
   45045    8.3255543e+05   0.000000e+00   3.124589e-01     14s
   45048    8.3255543e+05   0.000000e+00   0.000000e+00     14s
Crossover time: 0.95 seconds (1.09 work units)

Root relaxation: objective 8.325554e+05, 45048 iterations, 13.20 seconds (11.81 work units)

    Nodes    |    Current Node    |     Objective Bounds      |     Work
 Expl Unexpl |  Obj  Depth IntInf | Incumbent    BestBd   Gap | It/Node Time

     0     0 832555.432    0 2935 484277.750 832555.432  71.9%     -   18s
H    0     0                    501712.57149 832555.432  65.9%     -   19s
     0     0 832553.085    0 3719 501712.571 832553.085  65.9%     -   26s
     0     0 832553.085    0 3696 501712.571 832553.085  65.9%     -   28s
     0     0 832552.728    0 3924 501712.571 832552.728  65.9%     -   34s
H    0     0                    502209.58047 832552.728  65.8%     -   36s
H    0     0                    502220.07029 832552.728  65.8%     -   36s
H    0     0                    505388.57446 832552.728  64.7%     -   36s
H    0     0                    505575.16614 832552.728  64.7%     -   36s
H    0     0                    509368.03314 832552.728  63.4%     -   36s
H    0     0                    514642.09478 832552.728  61.8%     -   36s
H    0     0                    519760.54317 832552.728  60.2%     -   36s
H    0     0                    525639.41549 832552.728  58.4%     -   37s
H    0     0                    578535.46163 832552.728  43.9%     -   37s
     0     0 832552.728    0 3870 578535.462 832552.728  43.9%     -   38s
     0     0 832549.961    0 4065 578535.462 832549.961  43.9%     -   45s
     0     0 832548.818    0 4072 578535.462 832548.818  43.9%     -   49s
     0     0 832548.517    0 4074 578535.462 832548.517  43.9%     -   49s
     0     0 832548.352    0 4024 578535.462 832548.352  43.9%     -   50s
     0     0 832548.352    0 4100 578535.462 832548.352  43.9%     -   50s
     0     0 832537.110    0 4038 578535.462 832537.110  43.9%     -   58s
H    0     0                    606150.79956 832537.110  37.3%     -   79s
     0     0 832536.141    0 4121 606150.800 832536.141  37.3%     -   80s
     0     0 832535.810    0 4102 606150.800 832535.810  37.3%     -   81s
     0     0 832535.741    0 4119 606150.800 832535.741  37.3%     -   82s
     0     0 832534.429    0 4234 606150.800 832534.429  37.3%     -   85s
H    0     0                    607746.55034 832534.429  37.0%     -   87s
H    0     0                    609210.40042 832534.429  36.7%     -   87s
H    0     0                    621630.56186 832534.429  33.9%     -   87s
H    0     0                    621671.88968 832534.429  33.9%     -   87s
     0     0 832533.056    0 4185 621671.890 832533.056  33.9%     -   89s
     0     0 832532.863    0 4249 621671.890 832532.863  33.9%     -   90s
     0     0 832532.293    0 4249 621671.890 832532.293  33.9%     -   91s
     0     0 832531.524    0 4242 621671.890 832531.524  33.9%     -   91s
     0     0 832531.493    0 4271 621671.890 832531.493  33.9%     -   91s
     0     0 832527.818    0 4245 621671.890 832527.818  33.9%     -   95s
     0     0 832527.810    0 4255 621671.890 832527.810  33.9%     -   98s
     0     0 832523.877    0 4311 621671.890 832523.877  33.9%     -  103s
     0     0 832523.722    0 4319 621671.890 832523.722  33.9%     -  105s
     0     0 832523.642    0 4332 621671.890 832523.642  33.9%     -  106s
     0     0 832523.026    0 4430 621671.890 832523.026  33.9%     -  108s
     0     0 832522.954    0 4444 621671.890 832522.954  33.9%     -  110s
     0     0 832521.327    0 4309 621671.890 832521.327  33.9%     -  112s
     0     0 832516.920    0 4305 621671.890 832516.920  33.9%     -  117s
     0     0 832516.712    0 4306 621671.890 832516.712  33.9%     -  118s
     0     0 832516.690    0 4334 621671.890 832516.690  33.9%     -  118s
     0     0 832515.962    0 4387 621671.890 832515.962  33.9%     -  120s
     0     0 832515.594    0 4389 621671.890 832515.594  33.9%     -  122s
     0     0 832515.313    0 4392 621671.890 832515.313  33.9%     -  123s
     0     0 832515.313    0 4476 621671.890 832515.313  33.9%     -  123s
     0     0 832514.861    0 4427 621671.890 832514.861  33.9%     -  125s
     0     0 832514.512    0 4441 621671.890 832514.512  33.9%     -  127s
     0     0 832514.423    0 4469 621671.890 832514.423  33.9%     -  127s
     0     0 832513.401    0 4472 621671.890 832513.401  33.9%     -  130s
     0     0 832513.401    0 4470 621671.890 832513.401  33.9%     -  131s
     0     0 832513.401    0 3158 621671.890 832513.401  33.9%     -  138s
H    0     0                    621986.78421 832513.401  33.8%     -  163s
H    0     0                    627167.16577 832513.401  32.7%     -  195s
H    0     0                    629945.96225 832513.401  32.2%     -  209s
H    0     0                    633131.99049 832513.401  31.5%     -  220s
H    0     0                    636441.44602 832513.401  30.8%     -  229s
H    0     0                    640598.47597 832513.401  30.0%     -  242s
H    0     0                    669623.25275 832513.401  24.3%     -  253s
H    0     0                    683211.34241 832513.401  21.9%     -  263s
H    0     0                    683214.76485 832513.401  21.9%     -  263s
H    0     0                    694812.69354 832513.401  19.8%     -  275s
H    0     0                    694819.53841 832513.401  19.8%     -  275s
H    0     0                    704424.06317 832513.401  18.2%     -  286s
     0     2 832513.066    0 3096 704424.063 832513.066  18.2%     -  290s
     6     8 832506.284    3 3092 704424.063 832511.843  18.2%   650  295s
H    9     9                    704845.58416 832511.799  18.1%   649  304s
H    9     9                    705691.33177 832511.799  18.0%   649  307s
H    9     9                    707005.48898 832511.799  17.8%   649  308s
H    9     9                    709009.50240 832511.799  17.4%   649  310s
H    9     9                    709335.82385 832511.799  17.4%   649  312s
H    9     9                    709346.47848 832511.799  17.4%   649  313s
H    9     9                    709982.01535 832511.799  17.3%   649  315s
H    9     9                    710539.83739 832511.799  17.2%   649  315s
H    9     9                    711454.48321 832511.799  17.0%   649  316s
H    9     9                    711892.21847 832511.799  16.9%   649  317s
H    9     9                    712032.63866 832511.799  16.9%   649  319s
H    9     9                    712411.63236 832511.799  16.9%   649  320s
H    9     9                    712511.08286 832511.799  16.8%   649  320s
H    9     9                    712913.38179 832511.799  16.8%   649  321s
H    9     9                    713230.59042 832511.799  16.7%   649  321s
H    9     9                    713527.20949 832511.799  16.7%   649  322s
H    9     9                    714299.27033 832511.799  16.5%   649  323s
H    9     9                    716536.64767 832511.799  16.2%   649  326s
H    9     9                    722525.22410 832511.799  15.2%   649  327s
H    9     9                    723422.83725 832511.799  15.1%   649  334s
H    9     9                    723692.51580 832511.799  15.0%   649  336s
H    9     9                    726912.65422 832511.799  14.5%   649  342s
     9    11 832510.293    5 3118 726912.654 832511.799  14.5%   700  352s
    15    17 832508.888    8 3059 726912.654 832511.799  14.5%   676  356s
    21    23 832505.246   11 3093 726912.654 832511.799  14.5%   667  361s
    27    29 832492.690   14 3046 726912.654 832511.799  14.5%   625  365s
    40    42 832502.818   22 3075 726912.654 832511.799  14.5%   504  370s
    52    54 832498.915   28 3036 726912.654 832511.799  14.5%   452  375s
    71    73 832498.925   37 3005 726912.654 832511.799  14.5%   378  380s
    89    91 832496.745   47 2982 726912.654 832511.799  14.5%   340  385s
    96    98 832435.450   51 2935 726912.654 832511.799  14.5%   374  390s
   107   109 832486.969   57 2943 726912.654 832511.799  14.5%   367  395s
   123   125 832429.269   66 2899 726912.654 832511.799  14.5%   355  400s
   137   139 832481.144   73 2892 726912.654 832511.799  14.5%   341  405s
   144   146 832475.724   77 2883 726912.654 832511.799  14.5%   355  410s
   154   156 832459.520   82 2875 726912.654 832511.799  14.5%   362  415s
   166   168 832465.571   89 2877 726912.654 832511.799  14.5%   360  420s
   175   177 832324.998   94 2895 726912.654 832511.799  14.5%   373  425s
   187   189 832449.998  100 2867 726912.654 832511.799  14.5%   369  430s
   197   199 832422.853  106 2881 726912.654 832511.799  14.5%   373  435s
   208   210 832409.888  111 2844 726912.654 832511.799  14.5%   369  440s
   220   222 832237.785  118 2837 726912.654 832511.799  14.5%   369  445s
   231   233 832357.233  124 2818 726912.654 832511.799  14.5%   364  450s
   243   245 832349.625  131 2783 726912.654 832511.799  14.5%   364  455s
   251   253 832336.560  135 2783 726912.654 832511.799  14.5%   367  460s
   266   268 832331.394  143 2764 726912.654 832511.799  14.5%   362  465s
   280   282 832331.837  151 2753 726912.654 832511.799  14.5%   355  470s
   298   300 832311.676  164 2720 726912.654 832511.799  14.5%   347  475s
   307   309 832268.236  169 2774 726912.654 832511.799  14.5%   353  481s
   313   315 832280.132  172 2755 726912.654 832511.799  14.5%   354  485s
   322   324 832266.669  177 2773 726912.654 832511.799  14.5%   357  490s
   334   336 832253.585  184 2789 726912.654 832511.799  14.5%   355  495s
   346   348 832196.200  190 2808 726912.654 832511.799  14.5%   356  500s
   360   362 832196.227  199 2905 726912.654 832511.799  14.5%   353  505s
   374   376 832184.215  206 2922 726912.654 832511.799  14.5%   350  510s
   389   391 832055.889  215 2942 726912.654 832511.799  14.5%   346  515s
   394   394 831547.188  218 2988 726912.654 832511.799  14.5%   356  520s
   404   404 831969.929  224 2888 726912.654 832511.799  14.5%   357  525s
   417   417 831965.318  231 2869 726912.654 832511.799  14.5%   356  530s
   426   426 831927.394  235 2906 726912.654 832511.799  14.5%   360  535s
   439   439 831970.594  242 2896 726912.654 832511.799  14.5%   359  540s
   459   459 831288.214  254 2882 726912.654 832511.799  14.5%   352  545s
   481   481 831876.093  267 2852 726912.654 832511.799  14.5%   344  550s
   498   498 831759.082  276 2865 726912.654 832511.799  14.5%   340  555s
   509   509 831790.237  282 2836 726912.654 832511.799  14.5%   340  560s
   524   524 831193.334  290 2880 726912.654 832511.799  14.5%   339  565s
   539   539 831753.584  298 2831 726912.654 832511.799  14.5%   336  570s
   562   562 831736.361  313 2915 726912.654 832511.799  14.5%   328  575s
   579   579 831706.077  323 2788 726912.654 832511.799  14.5%   326  580s
   589   589 831627.341  329 2764 726912.654 832511.799  14.5%   329  585s
   606   606 831486.859  339 2777 726912.654 832511.799  14.5%   328  590s
   617   617 831521.245  345 2726 726912.654 832511.799  14.5%   328  595s
   625   625 831383.263  350 2653 726912.654 832511.799  14.5%   333  601s
   630   630 831200.799  353 2850 726912.654 832511.799  14.5%   339  606s
   637   637 831349.305  357 2673 726912.654 832511.799  14.5%   341  610s
   645   645 831160.771  361 2707 726912.654 832511.799  14.5%   343  615s
   659   659 831059.502  368 2583 726912.654 832511.799  14.5%   341  620s
   671   671 831031.468  374 2552 726912.654 832511.799  14.5%   341  625s
   685   685 830945.830  382 2483 726912.654 832511.799  14.5%   340  630s
   712   712 830923.447  396 2536 726912.654 832511.799  14.5%   332  635s
   723   723 830803.602  401 2518 726912.654 832511.799  14.5%   334  640s
   735   735 830814.504  408 2501 726912.654 832511.799  14.5%   333  645s
   753   753 830737.671  418 2539 726912.654 832511.799  14.5%   331  650s
   769   769 830678.414  427 2539 726912.654 832511.799  14.5%   329  655s
   790   790 830659.367  439 2475 726912.654 832511.799  14.5%   325  660s
   808   808 830011.814  448 2489 726912.654 832511.799  14.5%   323  665s
   822   822 829885.603  458 2460 726912.654 832511.799  14.5%   323  670s
   838   838 829500.550  466 2483 726912.654 832511.799  14.5%   321  675s
   860   860 829779.689  480 2453 726912.654 832511.799  14.5%   317  680s
   877   877 829760.485  489 2448 726912.654 832511.799  14.5%   315  685s
H  882   880                    727041.11907 832511.799  14.5%   314  689s
H  882   880                    727669.52875 832511.799  14.4%   314  704s
H  882   880                    727900.61812 832511.799  14.4%   314  710s
H  882   880                    727901.82428 832511.799  14.4%   314  716s
H  882   880                    729566.08152 832511.799  14.1%   314  719s
   882   882 829343.924  492 2552 729566.082 832511.799  14.1%   315  721s
   898   898 829717.155  501 2535 729566.082 832511.799  14.1%   312  725s
   915   915 829488.506  510 2508 729566.082 832511.799  14.1%   312  730s
   931   931 829055.506  520 2447 729566.082 832511.799  14.1%   311  735s
   950   950 828564.285  531 2603 729566.082 832511.799  14.1%   309  740s
   967   967 829007.796  540 2425 729566.082 832511.799  14.1%   308  745s
   984   984 828914.690  549 2422 729566.082 832511.799  14.1%   308  750s
   999   999 828883.353  558 2347 729566.082 832511.799  14.1%   308  755s
  1021  1021 828870.091  570 2451 729566.082 832511.799  14.1%   305  760s
  1044  1044 828511.098  582 2445 729566.082 832511.799  14.1%   303  765s
  1066  1066 828809.684  593 2318 729566.082 832511.799  14.1%   300  770s
  1093  1093 828764.311  609 2306 729566.082 832511.799  14.1%   297  775s
  1116  1116 828734.477  621 2339 729566.082 832511.799  14.1%   294  780s
  1140  1140 828677.612  634 2329 729566.082 832511.799  14.1%   292  785s
  1167  1166 828639.556  650 2230 729566.082 832511.799  14.1%   288  790s
  1192  1191 828427.992  664 2282 729566.082 832511.799  14.1%   286  795s
  1217  1216 828521.886  677 2242 729566.082 832511.799  14.1%   283  800s
  1243  1242 828071.329  691 2242 729566.082 832511.799  14.1%   280  805s
  1264  1263 828432.740  703 2198 729566.082 832511.799  14.1%   279  810s
  1290  1289 828406.678  717 2173 729566.082 832511.799  14.1%   276  815s
  1311  1310 828387.314  728 2170 729566.082 832511.799  14.1%   275  820s
  1340  1339 828209.846  748 2171 729566.082 832511.799  14.1%   271  825s
  1358  1355 826647.726  759 2174 729566.082 832511.799  14.1%   271  830s
  1380  1377 826855.282  771 2259 729566.082 832511.799  14.1%   270  835s
  1404  1401 826152.962  785 2269 729566.082 832511.799  14.1%   268  840s
  1432  1429 826183.100  800 2215 729566.082 832511.799  14.1%   266  845s
  1457  1454 826165.458  814 2152 729566.082 832511.799  14.1%   264  850s
H 1481  1476                    729576.34883 832511.799  14.1%   262  856s
H 1481  1476                    729749.80383 832511.799  14.1%   262  868s
H 1481  1476                    729762.36228 832511.799  14.1%   262  873s
H 1481  1476                    729941.11225 832511.799  14.1%   262  880s
H 1481  1476                    730206.19599 832511.799  14.0%   262  885s
H 1481  1476                    730542.40076 832511.799  14.0%   262  890s
H 1481  1476                    730892.15599 832511.799  13.9%   262  895s
H 1481  1476                    731447.94163 832511.799  13.8%   262  901s
H 1481  1476                    732517.37834 832511.799  13.7%   262  902s
H 1481  1476                    733608.89151 832511.799  13.5%   262  904s
H 1481  1476                    734453.40922 832511.799  13.4%   262  905s
H 1481  1476                    735158.25703 832511.799  13.2%   262  906s
H 1481  1476                    736427.03574 832511.799  13.0%   262  908s
H 1481  1476                    736495.57104 832511.799  13.0%   262  909s
H 1481  1476                    736688.54456 832511.799  13.0%   262  911s
H 1481  1476                    739675.46804 832511.799  12.6%   262  914s
H 1481  1476                    739861.23343 832511.799  12.5%   262  924s
H 1481  1476                    743509.16490 832511.799  12.0%   262  929s
H 1481  1476                    743545.66490 832511.799  12.0%   262  930s
H 1481  1476                    745111.53045 832511.799  11.7%   262  932s
H 1481  1476                    745138.94711 832511.799  11.7%   262  936s
H 1481  1476                    745163.15936 832511.799  11.7%   262  937s
H 1481  1476                    745186.60699 832511.799  11.7%   262  938s
H 1481  1476                    746103.97051 832511.799  11.6%   262  946s
H 1481  1476                    747238.81469 832511.799  11.4%   262  948s
H 1481  1476                    747503.12915 832511.799  11.4%   262  958s
  1481  1478 826106.701  829 2105 747503.129 832511.799  11.4%   262  968s
  1494  1491 826105.410  836 2090 747503.129 832511.799  11.4%   260  970s
  1523  1520 826040.290  855 2136 747503.129 832511.799  11.4%   257  975s
  1552  1549 825959.705  872 2104 747503.129 832511.799  11.4%   255  980s
  1571  1568 825898.900  882 2118 747503.129 832511.799  11.4%   254  985s
  1593  1590 825398.751  895 2201 747503.129 832511.799  11.4%   254  990s
  1614  1611 825308.032  909 2190 747503.129 832511.799  11.4%   253  995s
  1633  1630 825110.695  922 2205 747503.129 832511.799  11.4%   252 1000s
  1654  1651 825372.248  934 2190 747503.129 832511.799  11.4%   252 1005s
H 1659  1654                    747505.55038 832511.799  11.4%   251 1006s
H 1659  1654                    747937.98000 832511.799  11.3%   251 1009s
H 1659  1654                    748386.18360 832511.799  11.2%   251 1011s
H 1659  1654                    749106.40197 832511.799  11.1%   251 1013s
H 1659  1654                    751740.26538 832511.799  10.7%   251 1015s
H 1659  1654                    751864.25583 832511.799  10.7%   251 1018s
H 1659  1654                    751904.80669 832511.799  10.7%   251 1019s
H 1659  1654                    752824.55993 832511.799  10.6%   251 1021s
  1659  1656 825403.923  938 2191 752824.560 832511.799  10.6%   251 1043s
  1671  1668 825397.400  947 2181 752824.560 832511.799  10.6%   250 1045s
  1699  1696 825341.470  968 2127 752824.560 832511.799  10.6%   248 1050s
  1738  1735 825204.036 1001 2171 752824.560 832511.799  10.6%   244 1055s
  1768  1765 825144.746 1021 2152 752824.560 832511.799  10.6%   241 1060s
  1779  1776 824846.628 1027 2136 752824.560 832511.799  10.6%   242 1065s
  1804  1801 825044.088 1045 2084 752824.560 832511.799  10.6%   241 1070s
  1825  1822 824732.267 1059 2137 752824.560 832511.799  10.6%   241 1075s
  1844  1839 824923.391 1072 2124 752824.560 832511.799  10.6%   240 1080s
  1865  1860 824637.110 1085 2119 752824.560 832511.799  10.6%   240 1085s
  1884  1879 824785.660 1098 2087 752824.560 832511.799  10.6%   240 1090s
  1907  1902 823684.385 1113 2093 752824.560 832511.799  10.6%   239 1095s
  1927  1914 infeasible 1128      752824.560 832511.799  10.6%   239 1100s
  1965  1950 824265.176 1163 2062 752824.560 832511.799  10.6%   236 1105s
  1985  1970 824367.689 1175 2056 752824.560 832511.799  10.6%   235 1110s
  2026  2011 824273.041 1210 2014 752824.560 832511.799  10.6%   232 1115s
  2057  2042 824041.121 1234 2025 752824.560 832511.799  10.6%   230 1120s
  2071  2056 824184.325 1244 2245 752824.560 832511.799  10.6%   231 1125s
  2089  2074 824174.103 1253 2346 752824.560 832511.799  10.6%   231 1130s
  2115  2100 824143.359 1275 2263 752824.560 832511.799  10.6%   230 1135s
  2149  2134 824079.071 1304 2261 752824.560 832511.799  10.6%   227 1140s
  2181  2166 823757.415 1329 2212 752824.560 832511.799  10.6%   225 1145s
  2211  2196 823784.542 1351 2166 752824.560 832511.799  10.6%   224 1150s
  2244  2229 823864.863 1377 2173 752824.560 832511.799  10.6%   222 1155s
  2287  2272 823628.464 1417 2129 752824.560 832511.799  10.6%   219 1160s
  2332  2317 823697.244 1460 2098 752824.560 832511.799  10.6%   215 1165s
  2373  2358 823642.523 1491 2060 752824.560 832511.799  10.6%   213 1170s
  2405  2390 823569.794 1518 2169 752824.560 832511.799  10.6%   211 1175s
  2439  2424 823498.193 1547 2119 752824.560 832511.799  10.6%   209 1180s
  2463  2448 823446.377 1563 2107 752824.560 832511.799  10.6%   209 1185s
  2488  2473 823354.007 1578 2110 752824.560 832511.799  10.6%   208 1190s
  2515  2500 823270.840 1597 2084 752824.560 832511.799  10.6%   207 1195s
  2531  2515 823020.673 1606 2121 752824.560 832511.799  10.6%   209 1200s
  2551  2534 824235.643 1231 3158 752824.560 832511.799  10.6%   208 1348s
  2553  2535 828404.779  720 2915 752824.560 832511.799  10.6%   208 1412s
  2554  2536 825763.485  817 3217 752824.560 832511.799  10.6%   208 1431s
  2555  2537 825985.550  868 3651 752824.560 832511.799  10.6%   208 1437s
  2556  2537 832431.279  101 3788 752824.560 832511.799  10.6%   208 1441s
  2558  2539 832299.348  171 3884 752824.560 832511.799  10.6%   208 1445s
  2562  2541 831740.020  310 3862 752824.560 832511.799  10.6%   207 1451s
  2563  2542 824131.069 1249 3412 752824.560 832511.799  10.6%   207 1473s
  2564  2543 832336.219  145 3840 752824.560 832511.799  10.6%   207 1475s
  2566  2544 823422.688 1559 3609 752824.560 832511.365  10.6%   207 1493s
  2567  2545 826004.660  867 4168 752824.560 832511.092  10.6%   207 1496s
  2568  2545 831628.484  329 4280 752824.560 832510.993  10.6%   207 1500s
  2569  2546 824002.766 1332 3728 752824.560 832509.842  10.6%   207 1516s
  2570  2547 828417.740  709 4462 752824.560 832509.700  10.6%   207 1520s
  2572  2548 831758.771  277 4695 752824.560 832509.469  10.6%   206 1526s
  2573  2549 826067.631  848 3694 752824.560 832509.013  10.6%   206 1542s
  2574  2549 828688.634  634 4441 752824.560 832505.220  10.6%   206 1550s
  2575  2550 823378.248 1576 4645 752824.560 832505.141  10.6%   206 1555s
  2576  2551 828082.940  756 3806 752824.560 832504.711  10.6%   206 1584s
  2577  2551 832499.444   36 4599 752824.560 832504.487  10.6%   206 1588s
  2578  2552 832326.156  158 4762 752824.560 832504.296  10.6%   206 1590s
  2580  2553 824265.155 1164 4893 752824.560 832504.069  10.6%   206 1595s
  2581  2554 830735.041  419 3779 752824.560 832502.529  10.6%   206 1613s
  2582  2555 831753.248  298 4661 752824.560 832502.427  10.6%   206 1620s
  2583  2555 825558.333  877 3858 752824.560 832501.884  10.6%   206 1638s
  2584  2556 826512.014  761 4735 752824.560 832500.856  10.6%   205 1643s
  2585  2557 823788.068 1413 5018 752824.560 832500.488  10.6%   205 1647s
  2587  2558 832431.275  101 5093 752824.560 832500.211  10.6%   205 1654s
  2588  2559 825397.400  948 3877 752824.560 832499.385  10.6%   205 1673s
  2589  2559 831927.394  236 4822 752824.560 832498.966  10.6%   205 1677s
  2590  2560 831772.900  250 5094 752824.560 832498.456  10.6%   205 1682s
  2592  2561 828863.227  576 5278 752824.560 832498.030  10.6%   205 1686s
  2593  2562 828424.559  710 5300 752824.560 832497.963  10.6%   205 1691s
  2594  2563 829677.554  505 3930 752824.560 832497.052  10.6%   205 1707s
  2599  2567 828640.093  644 2888 752824.560 832497.052  10.6%   340 1769s
  2600  2568 826180.452  801 3086 752824.560 832497.052  10.6%   340 1792s

Cutting planes:
  Gomory: 10
  Cover: 20
  Implied bound: 1
  MIR: 428
  Flow cover: 744

Explored 2600 nodes (1135386 simplex iterations) in 1800.03 seconds (1813.01 work units)
Thread count was 1 (of 72 available processors)

Solution count 10: 752825 752825 751905 ... 747503

Time limit reached
Best objective 7.528245599266e+05, best bound 8.324970515891e+05, gap 10.5831%
