
Gurobi 13.0.3 (linux64) logging started Sat Oct 10 06:10:20 2026

Set parameter LogFile to value "/home/gep/projects/jaffray-masc-fhops-model/data/output/rerun_v101_calib/pg_18_sub28_lock7.gurobi.log"
Gurobi Optimizer version 13.0.3 build v13.0.3rc0 (linux64 - "Ubuntu 24.04.3 LTS")

CPU model: Intel(R) Xeon(R) Gold 6254 CPU @ 3.10GHz, instruction set [SSE2|AVX|AVX2|AVX512]
Thread count: 36 physical cores, 72 logical processors, using up to 1 threads

Non-default parameters:
TimeLimit  7200
Threads  1

Optimize a model with 51615 rows, 55671 columns and 174177 nonzeros (Max)
Model fingerprint: 0xda3f54be
Model has 1530 linear objective coefficients
Variable types: 34794 continuous, 20877 integer (20877 binary)
Coefficient statistics:
  Matrix range     [1e+00, 1e+05]
  Objective range  [1e+00, 1e+00]
  Bounds range     [1e+00, 1e+00]
  RHS range        [1e+00, 1e+05]

Found heuristic solution: objective -557762.2768
Presolve removed 9749 rows and 9918 columns
Presolve time: 0.48s
Presolved: 41866 rows, 45753 columns, 155731 nonzeros
Variable types: 25637 continuous, 20116 integer (20116 binary)

Root simplex log...

Iteration    Objective       Primal Inf.    Dual Inf.      Time
   14246   -2.8974135e+05   7.895388e+05   0.000000e+00      5s
   17060   -2.8974079e+05   0.000000e+00   0.000000e+00      7s
   17060   -2.8974079e+05   0.000000e+00   0.000000e+00      7s

Use crossover to convert LP symmetric solution to basic solution...

Root crossover log...

      14 DPushes remaining with DInf 0.0000000e+00                 7s
       0 DPushes remaining with DInf 0.0000000e+00                 7s

    4194 PPushes remaining with PInf 0.0000000e+00                 7s
       0 PPushes remaining with PInf 0.0000000e+00                 7s

  Push phase complete: Pinf 0.0000000e+00, Dinf 3.1054755e-11      7s


Root simplex log...

Iteration    Objective       Primal Inf.    Dual Inf.      Time
   21271   -2.8974079e+05   0.000000e+00   0.000000e+00      7s
Crossover time: 0.16 seconds (0.11 work units)

Root relaxation: objective -2.897408e+05, 21271 iterations, 6.56 seconds (7.12 work units)

    Nodes    |    Current Node    |     Objective Bounds      |     Work
 Expl Unexpl |  Obj  Depth IntInf | Incumbent    BestBd   Gap | It/Node Time

     0     0 -289740.79    0  382 -557762.28 -289740.79  48.1%     -   14s
H    0     0                    -307435.0684 -289740.79  5.76%     -   14s
H    0     0                    -306329.2980 -289740.79  5.42%     -   14s
     0     0 -289740.79    0  570 -306329.30 -289740.79  5.42%     -   19s
     0     0 -289740.79    0  543 -306329.30 -289740.79  5.42%     -   20s
     0     0 -289740.79    0  547 -306329.30 -289740.79  5.42%     -   26s
     0     0 -289740.79    0  321 -306329.30 -289740.79  5.42%     -   41s
H    0     0                    -305016.0067 -289740.79  5.01%     -   42s
H    0     0                    -304703.8709 -289740.79  4.91%     -   42s
H    0     0                    -304493.4463 -289740.79  4.84%     -   43s
H    0     0                    -304445.6562 -289740.79  4.83%     -   43s
H    0     0                    -304275.6252 -289740.79  4.78%     -   43s
     0     0 -289740.79    0  343 -304275.63 -289740.79  4.78%     -   44s
     0     0 -289740.79    0  438 -304275.63 -289740.79  4.78%     -   47s
     0     0 -289740.79    0  294 -304275.63 -289740.79  4.78%     -   60s
H    0     0                    -303123.8005 -289740.79  4.42%     -   60s
     0     0 -289740.79    0  311 -303123.80 -289740.79  4.42%     -   62s
     0     0 -289740.79    0  399 -303123.80 -289740.79  4.42%     -   65s
     0     0 -289740.79    0  234 -303123.80 -289740.79  4.42%     -   73s
H    0     0                    -300671.0070 -289740.79  3.64%     -   73s
     0     0 -289740.79    0  266 -300671.01 -289740.79  3.64%     -   74s
     0     0 -289740.79    0  360 -300671.01 -289740.79  3.64%     -   77s
     0     0 -289740.79    0  251 -300671.01 -289740.79  3.64%     -   88s
     0     0 -289740.79    0  283 -300671.01 -289740.79  3.64%     -   90s
     0     0 -289740.79    0  425 -300671.01 -289740.79  3.64%     -   93s
     0     0 -289740.79    0  267 -300671.01 -289740.79  3.64%     -  104s
H    0     0                    -300583.6409 -289740.79  3.61%     -  107s
H    0     0                    -299729.8288 -289740.79  3.33%     -  107s
H    0     0                    -299671.0774 -289740.79  3.31%     -  107s
H    0     0                    -298654.1033 -289740.79  2.98%     -  109s
     0     0 -289740.79    0  257 -298654.10 -289740.79  2.98%     -  113s
     0     0 -289740.79    0  344 -298654.10 -289740.79  2.98%     -  116s
     0     0 -289740.79    0  241 -298654.10 -289740.79  2.98%     -  125s
     0     0 -289740.79    0  301 -298654.10 -289740.79  2.98%     -  127s
     0     0 -289740.79    0  378 -298654.10 -289740.79  2.98%     -  129s
     0     0 -289740.79    0  224 -298654.10 -289740.79  2.98%     -  136s
     0     0 -289740.79    0  224 -298654.10 -289740.79  2.98%     -  136s
     0     0 -289740.79    0  224 -298654.10 -289740.79  2.98%     -  136s
     0     0 -289740.79    0  160 -298654.10 -289740.79  2.98%     -  142s
H    0     0                    -298491.6691 -289740.79  2.93%     -  150s
H    0     0                    -298104.2829 -289740.79  2.81%     -  150s
H    0     0                    -298010.6825 -289740.79  2.78%     -  150s
H    0     0                    -297672.1202 -289740.79  2.66%     -  151s
H    0     0                    -297331.9816 -289740.79  2.55%     -  151s
H    0     0                    -296901.0137 -289740.79  2.41%     -  152s
     0     2 -289740.79    0  160 -296901.01 -289740.79  2.41%     -  164s
     1     3 -289740.79    1  179 -296901.01 -289740.79  2.41%   614  165s
H    2     2                    -296901.0054 -289740.79  2.41%   307  174s
H    2     2                    -296739.3345 -289740.79  2.36%   307  182s
H    2     2                    -296730.6471 -289740.79  2.36%   307  184s
H    2     2                    -296718.3286 -289740.79  2.35%   307  186s
     7     9 -289740.79    4  214 -296718.33 -289740.79  2.35%   703  190s
    15    17 -289740.79    8  258 -296718.33 -289740.79  2.35%  1031  195s
H   20    20                    -296707.9460 -289740.79  2.35%  1033  201s
    25    27 -289740.79   15  320 -296707.95 -289740.79  2.35%  1039  206s
    31    33 -289740.79   18  303 -296707.95 -289740.79  2.35%  1187  211s
    44    46 -289740.79   27  274 -296707.95 -289740.79  2.35%   925  215s
H   45    45                    -296659.6183 -289740.79  2.33%   905  218s
H   45    45                    -296658.7057 -289740.79  2.33%   905  218s
H   45    45                    -296531.3038 -289740.79  2.29%   905  218s
H   45    45                    -296490.2711 -289740.79  2.28%   905  218s
H   45    45                    -296459.9504 -289740.79  2.27%   905  219s
H   45    45                    -296220.9197 -289740.79  2.19%   905  219s
H   45    45                    -296125.6984 -289740.79  2.16%   905  219s
    45    47 -289740.79   28  245 -296125.70 -289740.79  2.16%   922  220s
    57    59 -289740.79   37  279 -296125.70 -289740.79  2.16%   889  225s
    60    62 -289740.79   39  267 -296125.70 -289740.79  2.16%   950  230s
    67    69 -289740.79   44  332 -296125.70 -289740.79  2.16%   918  235s
H   68    68                    -295737.6073 -289740.79  2.03%   904  237s
H   68    68                    -295653.7290 -289740.79  2.00%   904  239s
H   68    68                    -295584.5696 -289740.79  1.98%   904  240s
    82    84 -289740.79   55  235 -295584.57 -289740.79  1.98%   883  245s
    87    89 -289740.79   58  233 -295584.57 -289740.79  1.98%   924  250s
    96    98 -289740.79   66  253 -295584.57 -289740.79  1.98%   901  256s
   105   107 -289740.79   72  243 -295584.57 -289740.79  1.98%   910  260s
H  109   109                    -295526.7203 -289740.79  1.96%   908  262s
H  109   109                    -295455.8867 -289740.79  1.93%   908  262s
H  109   109                    -295318.1918 -289740.79  1.89%   908  262s
H  111   111                    -295160.7962 -289740.79  1.84%   924  264s
H  111   111                    -295002.7757 -289740.79  1.78%   924  264s
   111   113 -289740.79   76  295 -295002.78 -289740.79  1.78%   952  265s
   113   115 -289740.79   77  270 -295002.78 -289740.79  1.78%   955  271s
   117   119 -289740.79   79  298 -295002.78 -289740.79  1.78%   987  275s
   126   128 -289740.79   85  321 -295002.78 -289740.79  1.78%  1016  281s
H  127   127                    -294750.1418 -289740.79  1.70%  1008  285s
   131   133 -289740.79   88  292 -294750.14 -289740.79  1.70%  1035  290s
   133   135 -289740.79   90  304 -294750.14 -289740.79  1.70%  1041  296s
   142   144 -289740.79   96  344 -294750.14 -289740.79  1.70%  1022  300s
   146   148 -289740.79   98  310 -294750.14 -289740.79  1.70%  1026  309s
   148   150 -289740.79   99  331 -294750.14 -289740.79  1.70%  1021  310s
   162   164 -289740.79  109  278 -294750.14 -289740.79  1.70%  1014  315s
   175   177 -289740.79  118  272 -294750.14 -289740.79  1.70%  1014  325s
   187   189 -289740.79  126  275 -294750.14 -289740.79  1.70%  1035  330s
   195   197 -289740.79  131  266 -294750.14 -289740.79  1.70%  1052  335s
   215   217 -289740.79  144  253 -294750.14 -289740.79  1.70%  1050  340s
   228   230 -289740.79  152  253 -294750.14 -289740.79  1.70%  1070  345s
   247   249 -289740.79  162  250 -294750.14 -289740.79  1.70%  1078  350s
H  256   256                    -294685.9918 -289740.79  1.68%  1077  357s
H  256   256                    -294655.7961 -289740.79  1.67%  1077  357s
   256   258 -289740.79  166  299 -294655.80 -289740.79  1.67%  1082  360s
   270   272 -289740.79  176  271 -294655.80 -289740.79  1.67%  1097  365s
   280   282 -289954.54  181  306 -294655.80 -289740.79  1.67%  1127  370s
   291   293 -289740.79  187  283 -294655.80 -289740.79  1.67%  1143  375s
   304   306 -289740.79  195  312 -294655.80 -289740.79  1.67%  1153  380s
   318   320 -289740.79  204  286 -294655.80 -289740.79  1.67%  1147  385s
   334   336 -289740.79  213  286 -294655.80 -289740.79  1.67%  1150  390s
H  346   346                    -294638.6627 -289740.79  1.66%  1146  406s
H  346   346                    -294186.3365 -289740.79  1.51%  1146  407s
H  347   347                    -294186.3282 -289740.79  1.51%  1152  417s
   347   349 -289740.79  221  283 -294186.33 -289740.79  1.51%  1155  433s
   354   356 -289740.79  226  278 -294186.33 -289740.79  1.51%  1156  435s
   368   370 -289740.79  235  253 -294186.33 -289740.79  1.51%  1165  440s
   376   378 -289740.79  239  287 -294186.33 -289740.79  1.51%  1179  446s
   387   389 -289740.79  246  258 -294186.33 -289740.79  1.51%  1181  450s
   409   411 -289740.79  262  241 -294186.33 -289740.79  1.51%  1169  455s
   427   429 -289740.79  272  259 -294186.33 -289740.79  1.51%  1172  460s
   446   448 -289740.79  284  271 -294186.33 -289740.79  1.51%  1168  465s
   468   470 -289740.79  300  248 -294186.33 -289740.79  1.51%  1159  470s
   480   482 -289740.79  308  249 -294186.33 -289740.79  1.51%  1156  475s
H  497   497                    -294142.9129 -289740.79  1.50%  1150  484s
   497   499 -289740.79  318  239 -294142.91 -289740.79  1.50%  1152  491s
   511   513 -289740.79  328  278 -294142.91 -289740.79  1.50%  1152  495s
   529   531 -289740.79  338  245 -294142.91 -289740.79  1.50%  1153  500s
   549   551 -289740.79  350  280 -294142.91 -289740.79  1.50%  1149  505s
   564   566 -289740.79  359  267 -294142.91 -289740.79  1.50%  1159  510s
   579   581 -290193.85  368  290 -294142.91 -289740.79  1.50%  1169  515s
   598   600 -289890.71  381  260 -294142.91 -289740.79  1.50%  1166  520s
   606   608 -289740.79  386  275 -294142.91 -289740.79  1.50%  1166  525s
   623   625 -289890.71  396  297 -294142.91 -289740.79  1.50%  1161  530s
   642   644 -290239.26  408  273 -294142.91 -289740.79  1.50%  1160  535s
   662   664 -289740.79  421  323 -294142.91 -289740.79  1.50%  1160  540s
   685   687 -289964.39  435  308 -294142.91 -289740.79  1.50%  1152  545s
   705   707 -290168.28  447  330 -294142.91 -289740.79  1.50%  1148  550s
   717   719 -290555.16  454  281 -294142.91 -289740.79  1.50%  1144  564s
   721   723 -290952.57  457  272 -294142.91 -289740.79  1.50%  1142  565s
   766   768 -291836.50  492  257 -294142.91 -289740.79  1.50%  1095  570s
   815   815 -291848.01  530  244 -294142.91 -289740.79  1.50%  1051  575s
   867   867 -291858.31  566  226 -294142.91 -289740.79  1.50%  1007  580s
   931   931 -292983.80  615  174 -294142.91 -289740.79  1.50%   951  585s
  1021  1011 -293707.08  691  123 -294142.91 -289740.79  1.50%   875  590s
  1098  1086 -293835.97  757  138 -294142.91 -289740.79  1.50%   818  595s
  1169  1144     cutoff  798      -294142.91 -289740.79  1.50%   776  600s
  1252  1207 -294083.38  856  131 -294142.91 -289740.79  1.50%   729  605s
  1310  1250 -289740.79  135  160 -294142.91 -289740.79  1.50%   700  682s
  1312  1251 -291851.12  531  448 -294142.91 -289740.79  1.50%   699  727s
  1313  1252 -291845.60  511  305 -294142.91 -289740.79  1.50%   699  749s
  1314  1253 -293868.02  629  294 -294142.91 -289740.79  1.50%   698  752s
  1315  1253 -289740.79  389  261 -294142.91 -289740.79  1.50%   698  770s
  1317  1255 -294083.38  841  271 -294142.91 -289740.79  1.50%   696  790s
  1319  1256 -293835.97  777  266 -294142.91 -289740.79  1.50%   695  814s
  1320  1257 -293671.13  653  310 -294142.91 -289740.79  1.50%   695  818s
  1321  1257 -293671.13  653  223 -294142.91 -289740.79  1.50%   694  832s
  1322  1258 -289740.79  167  322 -294142.91 -289740.79  1.50%   694  836s
H 1322  1194                    -294010.0663 -289740.79  1.45%   694  876s
H 1322  1134                    -293951.3221 -289740.79  1.43%   694  881s
  1323  1135 -293951.32  836  266 -293951.32 -289740.79  1.43%   693  898s
  1324  1135 -293951.32  877  274 -293951.32 -289740.79  1.43%   693  901s
  1325  1136 -293951.32  584  235 -293951.32 -289740.79  1.43%   692  915s
  1327  1137 -290641.32  443  220 -293951.32 -289740.79  1.43%   691  934s
  1328  1138 -289740.79  275  289 -293951.32 -289740.79  1.43%   691  937s
  1329  1139 -293951.32  845  249 -293951.32 -289740.79  1.43%   690  952s
  1330  1139 -289740.79  338  341 -293951.32 -289740.79  1.43%   690  956s
  1331  1140 -292264.74  573  271 -293951.32 -289740.79  1.43%   689  972s
  1332  1141 -289740.79  158  187 -293951.32 -289740.79  1.43%   689 1019s
H 1332  1084                    -293928.2427 -289740.79  1.42%   689 1072s
H 1332  1029                    -293928.1142 -289740.79  1.42%   689 1090s
  1333  1029 -289740.79   71  187 -293928.11 -289740.79  1.42%   688 1099s
H 1334   979                    -293886.7124 -289740.79  1.41%   983 1117s
  1334   981 -289740.79   10  183 -293886.71 -289740.79  1.41%   983 1138s
  1335   982 -289740.79   10  244 -293886.71 -289740.79  1.41%   984 1140s
  1339   984 -289740.79   12  318 -293886.71 -289740.79  1.41%   984 1146s
  1341   986 -289740.79   13  339 -293886.71 -289740.79  1.41%   985 1150s
  1346   989 -289740.79   16  201 -293886.71 -289740.79  1.41%   984 1155s
  1352   993 -289740.79   19  215 -293886.71 -289740.79  1.41%   983 1160s
  1355   995 -289740.79   20  374 -293886.71 -289740.79  1.41%   984 1165s
  1358   997 -289889.00   22  338 -293886.71 -289740.79  1.41%   984 1170s
  1364  1001 -289740.79   25  258 -293886.71 -289740.79  1.41%   982 1175s
  1366  1002 -289740.79   26  331 -293886.71 -289740.79  1.41%   984 1180s
  1370  1005 -289740.79   28  267 -293886.71 -289740.79  1.41%   984 1185s
  1375  1008 -289740.79   30  365 -293886.71 -289740.79  1.41%   985 1192s
  1379  1011 -289740.79   32  377 -293886.71 -289740.79  1.41%   985 1197s
  1381  1012 -289740.79   33  328 -293886.71 -289740.79  1.41%   986 1200s
  1387  1016 -289740.79   36  403 -293886.71 -289740.79  1.41%   986 1208s
  1389  1018 -289740.79   37  302 -293886.71 -289740.79  1.41%   986 1210s
H 1390   966                    -293786.4567 -289740.79  1.38%   985 1221s
  1390   968 -289740.79   38  298 -293786.46 -289740.79  1.38%   985 1238s
  1391   969 -289740.79   38  347 -293786.46 -289740.79  1.38%   986 1240s
  1396   972 -289740.79   41  299 -293786.46 -289740.79  1.38%   984 1245s
  1398   974 -289740.79   42  292 -293786.46 -289740.79  1.38%   986 1250s
  1405   978 -289740.79   45  361 -293786.46 -289740.79  1.38%   985 1256s
  1409   981 -289740.79   47  311 -293786.46 -289740.79  1.38%   984 1260s
  1415   985 -289740.79   50  317 -293786.46 -289740.79  1.38%   982 1265s
  1419   988 -289774.71   52  422 -293786.46 -289740.79  1.38%   983 1270s
  1422   990 -289740.79   54  427 -293786.46 -289740.79  1.38%   984 1276s
  1427   993 -289740.79   56  336 -293786.46 -289740.79  1.38%   984 1280s
  1430   995 -289740.79   58  317 -293786.46 -289740.79  1.38%   985 1285s
  1433   997 -289740.79   59  223 -293786.46 -289740.79  1.38%  1004 1296s
  1436   999 -289740.79   61  207 -293786.46 -289740.79  1.38%  1003 1339s
  1437  1000 -289740.79   61  354 -293786.46 -289740.79  1.38%  1004 1342s
  1439  1001 -289740.79   62  289 -293786.46 -289740.79  1.38%  1004 1345s
  1442  1003 -289740.79   64  256 -293786.46 -289740.79  1.38%  1004 1350s
  1450  1008 -289740.79   68  261 -293786.46 -289740.79  1.38%  1002 1355s
  1455  1012 -289740.79   70  323 -293786.46 -289740.79  1.38%  1001 1360s
  1461  1016 -289740.79   73  250 -293786.46 -289740.79  1.38%  1001 1365s
  1466  1019 -289740.79   76  254 -293786.46 -289740.79  1.38%  1000 1370s
  1471  1022 -289740.79   78  334 -293786.46 -289740.79  1.38%  1001 1376s
H 1473   975                    -293680.8611 -289740.79  1.34%   999 1395s
H 1473   931                    -293657.2606 -289740.79  1.33%   999 1397s
  1473   933 -289740.79   79  343 -293657.26 -289740.79  1.33%  1001 1407s
  1477   935 -289740.79   81  261 -293657.26 -289740.79  1.33%   999 1410s
  1484   940 -289740.79   85  315 -293657.26 -289740.79  1.33%   998 1416s
  1489   943 -289740.79   87  295 -293657.26 -289740.79  1.33%   997 1420s
  1496   948 -289740.79   91  343 -293657.26 -289740.79  1.33%   996 1426s
  1501   951 -289740.79   93  312 -293657.26 -289740.79  1.33%   994 1430s
  1508   956 -289740.79   97  346 -293657.26 -289740.79  1.33%   992 1435s
  1511   958 -289740.79   98  441 -293657.26 -289740.79  1.33%   995 1442s
  1514   960 -289740.79  100  350 -293657.26 -289740.79  1.33%   994 1445s
  1519   963 -289740.79  102  336 -293657.26 -289740.79  1.33%   994 1450s
  1523   966 -289740.79  104  381 -293657.26 -289740.79  1.33%   995 1456s
  1526   968 -289740.79  106  397 -293657.26 -289740.79  1.33%   995 1460s
  1530   971 -289740.79  108  453 -293657.26 -289740.79  1.33%   996 1467s
  1532   972 -289740.79  109  378 -293657.26 -289740.79  1.33%   998 1470s
  1537   975 -289740.79  111  351 -293657.26 -289740.79  1.33%   997 1475s
  1542   979 -289740.79  114  353 -293657.26 -289740.79  1.33%   995 1480s
  1545   981 -289740.79  115  451 -293657.26 -289740.79  1.33%   997 1486s
  1547   982 -289740.79  116  451 -293657.26 -289740.79  1.33%   997 1490s
  1550   984 -289740.79  118  412 -293657.26 -289740.79  1.33%  1000 1496s
  1554   987 -289740.79  120  406 -293657.26 -289740.79  1.33%   999 1500s
  1557   989 -289740.79  121  425 -293657.26 -289740.79  1.33%   999 1505s
  1561   991 -289740.79  123  407 -293657.26 -289740.79  1.33%  1000 1510s
  1564   993 -289740.79  125  484 -293657.26 -289740.79  1.33%  1003 1518s
  1565   994 -289740.79  125  398 -293657.26 -289740.79  1.33%  1004 1520s
  1571   998 -289740.79  128  403 -293657.26 -289740.79  1.33%  1002 1525s
  1575  1001 -289740.79  130  436 -293657.26 -289740.79  1.33%  1002 1530s
  1577  1002 -289740.79  131  459 -293657.26 -289740.79  1.33%  1004 1579s
  1578  1003 -289740.79  132  445 -293657.26 -289740.79  1.33%  1004 1581s
  1582  1005 -289740.79  134  427 -293657.26 -289740.79  1.33%  1003 1585s
  1586  1008 -289740.79  136  439 -293657.26 -289740.79  1.33%  1003 1590s
  1590  1011 -289740.79  138  422 -293657.26 -289740.79  1.33%  1002 1595s
  1595  1014 -289740.79  140  444 -293657.26 -289740.79  1.33%  1001 1601s
  1599  1017 -289740.79  142  452 -293657.26 -289740.79  1.33%  1002 1606s
  1604  1020 -289740.79  145  443 -293657.26 -289740.79  1.33%  1000 1611s
  1608  1023 -289740.79  147  462 -293657.26 -289740.79  1.33%   999 1615s
  1613  1026 -289740.79  149  426 -293657.26 -289740.79  1.33%   998 1621s
  1617  1029 -289740.79  151  445 -293657.26 -289740.79  1.33%   998 1626s
  1622  1032 -289740.79  154  471 -293657.26 -289740.79  1.33%   997 1631s
  1625  1034 -289880.30  155  489 -293657.26 -289740.79  1.33%   997 1636s
  1628  1036 -289740.79  157  426 -293657.26 -289740.79  1.33%   997 1641s
  1631  1038 -289740.79  158  438 -293657.26 -289740.79  1.33%   998 1646s
  1635  1041 -289740.79  160  452 -293657.26 -289740.79  1.33%   998 1651s
  1638  1043 -289740.79  162  401 -293657.26 -289740.79  1.33%   998 1655s
  1641  1045 -289741.50  163  456 -293657.26 -289740.79  1.33%   999 1660s
  1644  1047 -289740.79  165  446 -293657.26 -289740.79  1.33%  1001 1667s
  1647  1049 -289937.42  166  401 -293657.26 -289740.79  1.33%  1001 1670s
  1649  1050 -290181.30  167  465 -293657.26 -289740.79  1.33%  1003 1675s
  1653  1053 -290543.99  169  403 -293657.26 -289740.79  1.33%  1005 1682s
  1655  1054 -289942.71  170  451 -293657.26 -289740.79  1.33%  1006 1685s
  1658  1056 -289900.72  172  489 -293657.26 -289740.79  1.33%  1007 1690s
  1661  1058 -290229.28  173  462 -293657.26 -289740.79  1.33%  1008 1696s
  1663  1059 -290304.52  174  461 -293657.26 -289740.79  1.33%  1009 1700s
  1667  1062 -291072.18  176  452 -293657.26 -289740.79  1.33%  1010 1705s
  1670  1064 -290602.57  178  445 -293657.26 -289740.79  1.33%  1012 1711s
  1673  1066 -289915.69  179  491 -293657.26 -289740.79  1.33%  1012 1715s
  1676  1068 -289777.50  181  443 -293657.26 -289740.79  1.33%  1014 1721s
  1681  1071 -290874.99  183  446 -293657.26 -289740.79  1.33%  1014 1727s
  1685  1074 -290122.16  185  429 -293657.26 -289740.79  1.33%  1013 1730s
  1689  1077 -290874.99  187  409 -293657.26 -289740.79  1.33%  1014 1736s
  1691  1078 -290888.14  188  468 -293657.26 -289740.79  1.33%  1016 1741s
  1695  1081 -289799.05  190  378 -293657.26 -289740.79  1.33%  1016 1745s
  1699  1083 -290259.95  192  438 -293657.26 -289740.79  1.33%  1016 1750s
  1704  1087 -289800.66  195  434 -293657.26 -289740.79  1.33%  1016 1755s
  1710  1091 -289837.58  198  387 -293657.26 -289740.79  1.33%  1015 1760s
  1715  1094 -290941.56  200  442 -293657.26 -289740.79  1.33%  1014 1766s
  1719  1097 -290948.23  202  431 -293657.26 -289740.79  1.33%  1015 1771s
H 1722  1055                    -293650.9557 -289740.79  1.33%  1014 1786s
  1722  1057 -289838.50  204  399 -293650.96 -289740.79  1.33%  1015 1810s
  1723  1057 -290575.47  204  450 -293650.96 -289740.79  1.33%  1015 1843s
  1724  1058 -289838.58  205  390 -293650.96 -289740.79  1.33%  1015 1845s
  1729  1061 -290953.19  207  451 -293650.96 -289740.79  1.33%  1016 1852s
  1732  1063 -290419.04  209  444 -293650.96 -289740.79  1.33%  1016 1855s
  1736  1066 -290100.96  211  450 -293650.96 -289740.79  1.33%  1017 1860s
  1741  1069 -290120.74  213  398 -293650.96 -289740.79  1.33%  1016 1866s
  1745  1072 -290120.74  215  419 -293650.96 -289740.79  1.33%  1016 1870s
  1750  1075 -290100.96  218  393 -293650.96 -289740.79  1.33%  1015 1875s
  1755  1079 -290120.74  220  409 -293650.96 -289740.79  1.33%  1014 1880s
  1759  1081 -290347.61  222  439 -293650.96 -289740.79  1.33%  1014 1885s
  1765  1085 -290120.74  225  421 -293650.96 -289740.79  1.33%  1013 1891s
  1770  1089 -290100.96  228  400 -293650.96 -289740.79  1.33%  1013 1895s
  1776  1093 -290100.96  231  384 -293650.96 -289740.79  1.33%  1011 1900s
  1781  1096 -290120.74  233  407 -293650.96 -289740.79  1.33%  1011 1905s
  1786  1099 -290120.74  236  403 -293650.96 -289740.79  1.33%  1010 1910s
  1791  1103 -290167.53  238  416 -293650.96 -289740.79  1.33%  1010 1916s
  1796  1106 -290183.02  241  405 -293650.96 -289740.79  1.33%  1009 1920s
  1801  1109 -290229.81  243  423 -293650.96 -289740.79  1.33%  1008 1925s
  1807  1113 -290229.81  246  497 -293650.96 -289740.79  1.33%  1008 1931s
  1812  1117 -290183.02  249  379 -293650.96 -289740.79  1.33%  1007 1935s
  1819  1121 -290229.81  252  400 -293650.96 -289740.79  1.33%  1005 1940s
  1824  1125 -290183.02  255  417 -293650.96 -289740.79  1.33%  1005 1945s
  1831  1129 -290229.81  258  391 -293650.96 -289740.79  1.33%  1003 1951s
  1836  1133 -290183.02  261  378 -293650.96 -289740.79  1.33%  1002 1955s
  1839  1135 -290229.81  262  412 -293650.96 -289740.79  1.33%  1002 1989s
  1840  1135 -290183.02  263  371 -293650.96 -289740.79  1.33%  1001 1990s
  1845  1139 -290229.81  265  428 -293650.96 -289740.79  1.33%  1001 1995s
  1851  1143 -290229.81  268  468 -293650.96 -289740.79  1.33%  1001 2001s
  1857  1147 -290229.81  271  377 -293650.96 -289740.79  1.33%  1000 2005s
  1865  1152 -290367.23  275  454 -293650.96 -289740.79  1.33%   998 2011s
  1871  1156 -290308.11  278  445 -293650.96 -289740.79  1.33%   997 2015s
  1877  1160 -291222.14  281  408 -293650.96 -289740.79  1.33%   995 2020s
  1885  1165 -290857.04  285  419 -293650.96 -289740.79  1.33%   993 2025s
  1891  1169 -290992.08  288  403 -293650.96 -289740.79  1.33%   992 2031s
  1896  1173 -290492.19  291  444 -293650.96 -289740.79  1.33%   992 2035s
  1900  1175 -290492.19  293  436 -293650.96 -289740.79  1.33%   991 2040s
  1903  1177 -290492.19  294  448 -293650.96 -289740.79  1.33%   992 2045s
  1909  1181 -290492.19  297  447 -293650.96 -289740.79  1.33%   991 2051s
  1912  1183 -290492.19  299  435 -293650.96 -289740.79  1.33%   991 2055s
  1918  1187 -290492.19  302  431 -293650.96 -289740.79  1.33%   990 2061s
  1922  1190 -290492.19  304  409 -293650.96 -289740.79  1.33%   990 2065s
  1929  1195 -290492.19  307  420 -293650.96 -289740.79  1.33%   989 2071s
  1932  1197 -290492.19  309  421 -293650.96 -289740.79  1.33%   989 2075s
  1937  1200 -290492.19  311  465 -293650.96 -289740.79  1.33%   989 2081s
  1941  1203 -290492.19  313  416 -293650.96 -289740.79  1.33%   989 2085s
  1946  1206 -290492.19  316  404 -293650.96 -289740.79  1.33%   988 2090s
  1952  1210 -290492.19  319  376 -293650.96 -289740.79  1.33%   987 2095s
  1958  1214 -290492.19  322  376 -293650.96 -289740.79  1.33%   986 2100s
  1962  1217 -290492.19  324  396 -293650.96 -289740.79  1.33%   986 2105s
  1966  1219 -290492.19  326  384 -293650.96 -289740.79  1.33%   987 2110s
  1973  1224 -290492.19  329  395 -293650.96 -289740.79  1.33%   985 2115s
  1979  1228 -290492.19  332  371 -293650.96 -289740.79  1.33%   984 2120s
  1981  1229 -290492.19  333  370 -293650.96 -289740.79  1.33%   984 2155s
  1989  1235 -290492.19  337  388 -293650.96 -289740.79  1.33%   982 2161s
  1993  1237 -290492.19  339  398 -293650.96 -289740.79  1.33%   982 2165s
H 1995  1196                    -293580.5403 -289740.79  1.31%   981 2189s
  1995  1198 -290492.19  340  389 -293580.54 -289740.79  1.31%   982 2219s
  1996  1198 -290492.19  341  387 -293580.54 -289740.79  1.31%   981 2221s
  1998  1200 -290492.19  342  369 -293580.54 -289740.79  1.31%   981 2225s
  2003  1203 -290492.19  344  366 -293580.54 -289740.79  1.31%   980 2230s
  2004  1204 -290492.19  345  355 -293580.54 -289740.79  1.31%   980 2241s
  2009  1207 -290492.19  347  426 -293580.54 -289740.79  1.31%   979 2246s
  2013  1210 -290492.19  349  371 -293580.54 -289740.79  1.31%   979 2250s
  2019  1214 -290492.19  352  376 -293580.54 -289740.79  1.31%   978 2255s
  2025  1218 -290492.19  355  362 -293580.54 -289740.79  1.31%   977 2260s
  2030  1221 -290492.19  358  345 -293580.54 -289740.79  1.31%   976 2265s
  2037  1226 -290492.19  361  391 -293580.54 -289740.79  1.31%   975 2270s
  2043  1230 -290492.19  364  372 -293580.54 -289740.79  1.31%   974 2276s
  2048  1233 -290492.19  367  333 -293580.54 -289740.79  1.31%   973 2280s
  2054  1237 -290492.19  370  367 -293580.54 -289740.79  1.31%   973 2286s
  2061  1242 -291131.27  373  369 -293580.54 -289740.79  1.31%   972 2290s
  2068  1246 -290526.73  377  335 -293580.54 -289740.79  1.31%   970 2295s
  2074  1250 -290526.73  380  341 -293580.54 -289740.79  1.31%   970 2300s
  2080  1254 -290526.73  383  351 -293580.54 -289740.79  1.31%   969 2305s
  2085  1258 -290526.73  385  396 -293580.54 -289740.79  1.31%   969 2310s
  2090  1261 -290526.73  388  335 -293580.54 -289740.79  1.31%   968 2349s
  2091  1262 -290526.73  388  381 -293580.54 -289740.79  1.31%   969 2350s
  2097  1266 -291264.41  391  365 -293580.54 -289740.79  1.31%   968 2355s
  2103  1270 -291027.63  394  418 -293580.54 -289740.79  1.31%   967 2360s
  2109  1274 -291173.73  397  392 -293580.54 -289740.79  1.31%   967 2366s
  2114  1277 -290682.59  400  410 -293580.54 -289740.79  1.31%   967 2371s
  2118  1280 -290682.59  402  378 -293580.54 -289740.79  1.31%   967 2375s
  2123  1283 -290682.59  404  422 -293580.54 -289740.79  1.31%   966 2380s
  2128  1286 -290682.59  407  395 -293580.54 -289740.79  1.31%   965 2385s
  2131  1288 -290682.59  408  411 -293580.54 -289740.79  1.31%   966 2390s
  2136  1292 -290682.59  411  406 -293580.54 -289740.79  1.31%   965 2395s
  2142  1296 -290722.15  414  409 -293580.54 -289740.79  1.31%   963 2400s
  2147  1299 -290749.16  416  448 -293580.54 -289740.79  1.31%   963 2405s
  2153  1303 -290749.16  419  447 -293580.54 -289740.79  1.31%   962 2411s
  2157  1306 -290749.16  421  465 -293580.54 -289740.79  1.31%   961 2415s
  2162  1309 -290722.15  424  444 -293580.54 -289740.79  1.31%   961 2420s
  2167  1312 -290749.16  426  427 -293580.54 -289740.79  1.31%   960 2425s
  2171  1315 -290749.16  428  454 -293580.54 -289740.79  1.31%   961 2430s
  2177  1319 -290749.16  431  453 -293580.54 -289740.79  1.31%   959 2435s
  2183  1323 -290749.16  434  420 -293580.54 -289740.79  1.31%   959 2440s
  2188  1326 -290722.15  437  430 -293580.54 -289740.79  1.31%   958 2445s
  2192  1329 -290722.15  439  393 -293580.54 -289740.79  1.31%   959 2450s
  2198  1333 -290722.15  442  394 -293580.54 -289740.79  1.31%   958 2455s
  2203  1336 -290749.16  444  422 -293580.54 -289740.79  1.31%   957 2460s
  2209  1340 -290749.16  447  405 -293580.54 -289740.79  1.31%   957 2465s
  2214  1344 -290749.16  450  389 -293580.54 -289740.79  1.31%   956 2470s
  2219  1347 -290749.16  452  396 -293580.54 -289740.79  1.31%   956 2475s
  2224  1350 -290752.08  455  397 -293580.54 -289740.79  1.31%   956 2480s
  2229  1354 -291195.28  457  440 -293580.54 -289740.79  1.31%   956 2486s
  2232  1356 -290756.01  459  419 -293580.54 -289740.79  1.31%   957 2490s
  2237  1359 -291036.69  461  447 -293580.54 -289740.79  1.31%   957 2496s
H 2239  1320                    -293577.5255 -289740.79  1.31%   956 2512s
  2239  1322 -291947.82  462  417 -293577.53 -289740.79  1.31%   956 2521s
  2243  1325 -292018.49  464  411 -293577.53 -289740.79  1.31%   956 2525s
  2247  1328 -292032.37  466  417 -293577.53 -289740.79  1.31%   956 2530s
  2251  1330 -291083.62  468  403 -293577.53 -289740.79  1.31%   956 2535s
  2255  1333 -291067.46  470  451 -293577.53 -289740.79  1.31%   957 2541s
  2259  1336 -291080.15  472  402 -293577.53 -289740.79  1.31%   957 2545s
  2267  1341 -291080.15  476  418 -293577.53 -289740.79  1.31%   955 2550s
  2273  1345 -291080.15  479  384 -293577.53 -289740.79  1.31%   955 2555s
  2278  1348 -291080.15  482  362 -293577.53 -289740.79  1.31%   954 2560s
  2283  1352 -291080.15  484  402 -293577.53 -289740.79  1.31%   955 2565s
  2288  1355 -291080.15  487  508 -293577.53 -289740.79  1.31%   955 2571s
  2292  1358 -291080.15  489  412 -293577.53 -289740.79  1.31%   955 2576s
  2297  1361 -291080.15  491  391 -293577.53 -289740.79  1.31%   956 2581s
  2300  1363 -291080.15  493  404 -293577.53 -289740.79  1.31%   956 2585s
  2305  1366 -291080.15  495  453 -293577.53 -289740.79  1.31%   956 2590s
  2311  1370 -291356.57  498  405 -293577.53 -289740.79  1.31%   956 2596s
  2315  1373 -291431.70  500  389 -293577.53 -289740.79  1.31%   956 2600s
  2319  1376 -291264.10  502  396 -293577.53 -289740.79  1.31%   956 2605s
  2324  1379 -291264.10  505  397 -293577.53 -289740.79  1.31%   956 2610s
  2329  1382 -291677.94  507  378 -293577.53 -289740.79  1.31%   956 2615s
  2334  1386 -291264.10  510  364 -293577.53 -289740.79  1.31%   956 2620s
H 2335  1348                    -293527.4771 -289740.79  1.29%   955 2630s
H 2335  1314                    -293454.4493 -289740.79  1.27%   955 2639s
  2335  1316 -291677.94  510  364 -293454.45 -289740.79  1.27%   956 2649s
  2336  1317 -291264.10  511  364 -293454.45 -289740.79  1.27%   956 2650s
  2341  1320 -291677.94  513  376 -293454.45 -289740.79  1.27%   956 2655s
  2347  1324 -291677.94  516  395 -293454.45 -289740.79  1.27%   956 2661s
  2351  1327 -291264.10  518  378 -293454.45 -289740.79  1.27%   956 2665s
  2356  1330 -291677.94  521  358 -293454.45 -289740.79  1.27%   956 2671s
  2361  1334 -291677.94  523  374 -293454.45 -289740.79  1.27%   956 2675s
  2365  1336 -291677.94  525  395 -293454.45 -289740.79  1.27%   956 2680s
  2370  1340 -291717.15  528  419 -293454.45 -289740.79  1.27%   956 2686s
  2375  1343 -291264.10  530  374 -293454.45 -289740.79  1.27%   956 2691s
  2380  1346 -291264.10  533  347 -293454.45 -289740.79  1.27%   956 2695s
  2385  1350 -291264.10  535  373 -293454.45 -289740.79  1.27%   955 2701s
  2391  1354 -291496.61  538  390 -293454.45 -289740.79  1.27%   955 2705s
  2397  1358 -291280.26  541  375 -293454.45 -289740.79  1.27%   954 2710s
  2403  1362 -291264.10  544  377 -293454.45 -289740.79  1.27%   953 2715s
  2407  1364 -291264.10  546  385 -293454.45 -289740.79  1.27%   954 2720s
  2413  1368 -291717.15  549  405 -293454.45 -289740.79  1.27%   954 2726s
  2418  1372 -291717.15  552  368 -293454.45 -289740.79  1.27%   953 2730s
  2425  1376 -291303.65  555  390 -293454.45 -289740.79  1.27%   952 2735s
  2427  1378 -291264.10  556  368 -293454.45 -289740.79  1.27%   952 2786s
H 2428  1343                    -293431.7848 -289740.79  1.26%   952 2794s
  2428  1345 -291264.10  557  372 -293431.78 -289740.79  1.26%   952 2818s
  2429  1346 -291264.10  557  433 -293431.78 -289740.79  1.26%   952 2820s
  2434  1349 -291264.10  560  380 -293431.78 -289740.79  1.26%   952 2825s
  2441  1354 -291280.26  563  364 -293431.78 -289740.79  1.26%   951 2830s
  2447  1358 -292213.96  566  413 -293431.78 -289740.79  1.26%   951 2836s
  2452  1361 -291264.10  569  388 -293431.78 -289740.79  1.26%   950 2840s
  2456  1364 -291677.94  571  363 -293431.78 -289740.79  1.26%   951 2845s
  2461  1367 -291677.94  573  383 -293431.78 -289740.79  1.26%   951 2850s
  2466  1371 -291264.10  576  346 -293431.78 -289740.79  1.26%   951 2855s
  2473  1375 -291264.10  579  344 -293431.78 -289740.79  1.26%   950 2860s
  2479  1379 -291677.94  582  361 -293431.78 -289740.79  1.26%   950 2865s
  2485  1383 -291677.94  585  384 -293431.78 -289740.79  1.26%   950 2870s
  2491  1387 -291303.65  588  370 -293431.78 -289740.79  1.26%   949 2875s
  2497  1391 -291264.10  591  412 -293431.78 -289740.79  1.26%   949 2881s
  2502  1395 -291677.94  594  375 -293431.78 -289740.79  1.26%   949 2885s
  2507  1398 -291677.94  596  387 -293431.78 -289740.79  1.26%   949 2890s
  2513  1402 -291264.10  599  412 -293431.78 -289740.79  1.26%   948 2895s
  2519  1406 -291677.94  602  404 -293431.78 -289740.79  1.26%   948 2901s
  2525  1410 -291677.94  605  358 -293431.78 -289740.79  1.26%   948 2905s
  2531  1414 -291717.15  608  408 -293431.78 -289740.79  1.26%   947 2910s
  2536  1417 -291717.15  611  396 -293431.78 -289740.79  1.26%   947 2915s
  2542  1421 -291402.73  614  352 -293431.78 -289740.79  1.26%   947 2920s
  2549  1426 -291309.51  617  347 -293431.78 -289740.79  1.26%   946 2925s
  2555  1430 -291264.10  620  415 -293431.78 -289740.79  1.26%   946 2930s
  2560  1433 -291264.10  623  367 -293431.78 -289740.79  1.26%   945 2935s
  2562  1435 -291264.10  624  380 -293431.78 -289740.79  1.26%   945 2962s
  2567  1438 -291264.10  626  377 -293431.78 -289740.79  1.26%   945 2965s
  2573  1442 -291717.15  629  379 -293431.78 -289740.79  1.26%   944 2971s
  2579  1446 -291317.20  632  379 -293431.78 -289740.79  1.26%   944 2975s
  2584  1449 -291264.10  635  398 -293431.78 -289740.79  1.26%   943 2980s
  2589  1453 -291264.10  637  385 -293431.78 -289740.79  1.26%   944 2985s
  2596  1457 -291264.10  641  390 -293431.78 -289740.79  1.26%   943 2990s
  2601  1461 -291717.15  643  399 -293431.78 -289740.79  1.26%   943 2995s
  2607  1465 -291264.10  646  393 -293431.78 -289740.79  1.26%   942 3000s
  2613  1469 -291717.15  649  433 -293431.78 -289740.79  1.26%   942 3006s
  2617  1471 -291717.15  651  398 -293431.78 -289740.79  1.26%   942 3010s
  2622  1475 -291264.10  654  394 -293431.78 -289740.79  1.26%   943 3015s
  2627  1478 -291717.15  656  392 -293431.78 -289740.79  1.26%   943 3020s
  2632  1481 -291554.12  659  383 -293431.78 -289740.79  1.26%   943 3025s
  2638  1485 -292007.17  662  399 -293431.78 -289740.79  1.26%   943 3030s
  2643  1489 -292007.17  664  399 -293431.78 -289740.79  1.26%   942 3035s
  2649  1493 -292007.17  667  387 -293431.78 -289740.79  1.26%   942 3040s
  2654  1496 -291554.12  670  387 -293431.78 -289740.79  1.26%   943 3045s
  2663  1502 -291599.53  674  440 -293431.78 -289740.79  1.26%   942 3051s
  2669  1506 -292482.78  677  367 -293431.78 -289740.79  1.26%   941 3055s
  2675  1510 -291974.13  680  374 -293431.78 -289740.79  1.26%   940 3060s
  2679  1513 -291974.13  682  362 -293431.78 -289740.79  1.26%   940 3093s
  2682  1515 -291990.28  684  353 -293431.78 -289740.79  1.26%   940 3096s
  2688  1518 -291974.13  687  331 -293431.78 -289740.79  1.26%   939 3100s
  2695  1522 -291974.13  690  340 -293431.78 -289740.79  1.26%   938 3105s
  2701  1526 -291974.13  693  383 -293431.78 -289740.79  1.26%   938 3110s
  2708  1531 -291995.67  697  382 -293431.78 -289740.79  1.26%   937 3115s
  2715  1536 -291995.67  700  357 -293431.78 -289740.79  1.26%   936 3120s
  2722  1540 -291995.67  704  359 -293431.78 -289740.79  1.26%   936 3125s
  2730  1546 -291995.67  708  370 -293431.78 -289740.79  1.26%   935 3130s
  2737  1550 -291995.67  711  407 -293431.78 -289740.79  1.26%   934 3135s
  2745  1556 -292134.29  715  366 -293431.78 -289740.79  1.26%   933 3140s
  2754  1562 -291995.67  720  375 -293431.78 -289740.79  1.26%   932 3145s
  2762  1567 -291995.67  724  396 -293431.78 -289740.79  1.26%   931 3150s
  2769  1572 -292041.08  727  386 -293431.78 -289740.79  1.26%   930 3155s
  2776  1576 -291995.67  731  370 -293431.78 -289740.79  1.26%   929 3160s
  2782  1580 -292134.29  734  383 -293431.78 -289740.79  1.26%   929 3165s
  2789  1585 -292134.29  737  395 -293431.78 -289740.79  1.26%   928 3170s
  2795  1589 -292134.29  740  386 -293431.78 -289740.79  1.26%   928 3175s
  2803  1594 -292161.71  744  376 -293431.78 -289740.79  1.26%   927 3181s
  2810  1597 -292962.90  748  400 -293431.78 -289740.79  1.26%   927 3186s
  2813  1599 -292962.90  749  419 -293431.78 -289740.79  1.26%   927 3190s
  2818  1602 -292962.90  752  351 -293431.78 -289740.79  1.26%   927 3195s
  2826  1608 -292962.90  756  375 -293431.78 -289740.79  1.26%   926 3200s
  2833  1612 -292962.90  759  344 -293431.78 -289740.79  1.26%   926 3205s
  2842  1612     cutoff  763      -293431.78 -289740.79  1.26%   925 3210s
  2849  1613 -292962.90  765  414 -293431.78 -289740.79  1.26%   925 3215s
  2853  1616 -292962.90  767  421 -293431.78 -289740.79  1.26%   924 3247s
  2857  1618 -292991.62  769  366 -293431.78 -289740.79  1.26%   924 3250s
  2863  1622 -292962.90  772  374 -293431.78 -289740.79  1.26%   924 3255s
  2872  1628 -292962.90  776  354 -293431.78 -289740.79  1.26%   922 3260s
  2878  1628 -293390.15  779  400 -293431.78 -289740.79  1.26%   922 3265s
  2885  1633 -292962.90  782  388 -293431.78 -289740.79  1.26%   922 3270s
  2888  1635 -292962.90  784  383 -293431.78 -289740.79  1.26%   921 3335s
  2894  1636 -292976.04  787  424 -293431.78 -289740.79  1.26%   921 3340s
  2902  1640 -292969.54  791  380 -293431.78 -289740.79  1.26%   920 3345s
  2917  1635 -289740.79   13  237 -293431.78 -289740.79  1.26%   916 3350s
  2920  1637 -289740.79   14  354 -293431.78 -289740.79  1.26%   917 3355s
  2924  1640 -289740.79   16  346 -293431.78 -289740.79  1.26%   917 3360s
  2928  1643 -289740.79   18  317 -293431.78 -289740.79  1.26%   917 3365s
  2933  1646 -289740.79   21  372 -293431.78 -289740.79  1.26%   917 3370s
  2937  1649 -289740.79   23  354 -293431.78 -289740.79  1.26%   917 3375s
  2940  1651 -289740.79   24  469 -293431.78 -289740.79  1.26%   918 3382s
  2942  1652 -289740.79   25  339 -293431.78 -289740.79  1.26%   918 3385s
H 2945  1612                    -293380.8031 -289740.79  1.24%   919 3407s
  2945  1614 -289740.79   27  412 -293380.80 -289740.79  1.24%   919 3431s
  2948  1616 -289740.79   28  400 -293380.80 -289740.79  1.24%   919 3435s
  2952  1619 -289740.79   30  365 -293380.80 -289740.79  1.24%   919 3440s
  2955  1621 -289740.79   32  464 -293380.80 -289740.79  1.24%   920 3447s
  2958  1623 -289740.79   33  400 -293380.80 -289740.79  1.24%   920 3548s
  2959  1623 -289740.79   34  427 -293380.80 -289740.79  1.24%   920 3551s
  2962  1625 -289740.79   35  461 -293380.80 -289740.79  1.24%   921 3558s
  2964  1627 -289740.79   36  383 -293380.80 -289740.79  1.24%   921 3560s
  2970  1631 -289740.79   39  367 -293380.80 -289740.79  1.24%   920 3565s
  2974  1633 -289740.79   41  429 -293380.80 -289740.79  1.24%   921 3571s
  2976  1635 -289740.79   42  359 -293380.80 -289740.79  1.24%   921 3575s
  2982  1639 -289740.79   45  374 -293380.80 -289740.79  1.24%   920 3580s
  2987  1642 -289740.79   48  376 -293380.80 -289740.79  1.24%   920 3585s
  2990  1644 -289740.79   49  410 -293380.80 -289740.79  1.24%   921 3590s
  2992  1645 -289740.79   50  426 -293380.80 -289740.79  1.24%   920 3595s
  2995  1647 -289740.79   52  390 -293380.80 -289740.79  1.24%   921 3600s
  3000  1651 -289740.79   54  388 -293380.80 -289740.79  1.24%   920 3605s
  3003  1653 -289740.79   56  402 -293380.80 -289740.79  1.24%   920 3610s
  3005  1654 -289740.79   57  405 -293380.80 -289740.79  1.24%   921 3615s
  3009  1657 -289740.79   59  407 -293380.80 -289740.79  1.24%   921 3620s
  3013  1659 -289740.79   61  404 -293380.80 -289740.79  1.24%   920 3625s
  3014  1660 -289740.79   61  424 -293380.80 -289740.79  1.24%   921 3670s
  3017  1662 -289740.79   63  412 -293380.80 -289740.79  1.24%   921 3675s
  3021  1665 -289740.79   65  441 -293380.80 -289740.79  1.24%   921 3680s
  3026  1668 -289740.79   67  417 -293380.80 -289740.79  1.24%   920 3686s
  3030  1671 -289740.79   69  432 -293380.80 -289740.79  1.24%   920 3690s
  3034  1673 -289740.79   71  440 -293380.80 -289740.79  1.24%   920 3695s
  3038  1676 -289740.79   73  408 -293380.80 -289740.79  1.24%   920 3700s
  3042  1679 -289740.79   75  450 -293380.80 -289740.79  1.24%   919 3705s
  3048  1683 -289740.79   78  422 -293380.80 -289740.79  1.24%   919 3710s
  3053  1686 -289740.79   81  433 -293380.80 -289740.79  1.24%   919 3716s
  3057  1689 -289740.79   83  420 -293380.80 -289740.79  1.24%   918 3720s
  3061  1691 -289743.61   85  512 -293380.80 -289740.79  1.24%   918 3726s
  3065  1694 -289740.79   87  425 -293380.80 -289740.79  1.24%   918 3730s
  3069  1697 -289740.79   89  431 -293380.80 -289740.79  1.24%   918 3735s
  3072  1699 -289740.79   90  465 -293380.80 -289740.79  1.24%   918 3740s
  3076  1701 -289740.79   92  532 -293380.80 -289740.79  1.24%   918 3745s
  3080  1704 -289740.79   94  451 -293380.80 -289740.79  1.24%   918 3750s
  3083  1707 -289767.75   96  481 -293380.80 -289740.79  1.24%   918 3757s
  3086  1710 -289740.79   97  498 -293380.80 -289740.79  1.24%   918 3761s
  3089  1713 -290191.90   99  427 -293380.80 -289740.79  1.24%   918 3766s
  3092  1716 -289740.79  100  470 -293380.80 -289740.79  1.24%   918 3770s
  3096  1720 -289745.91  102  473 -293380.80 -289740.79  1.24%   918 3775s
  3099  1723 -289740.79  104  533 -293380.80 -289740.79  1.24%   919 3780s
  3103  1727 -289740.79  106  483 -293380.80 -289740.79  1.24%   918 3786s
  3107  1731 -289740.79  108  503 -293380.80 -289740.79  1.24%   918 3790s
  3109  1733 -289869.06  109  578 -293380.80 -289740.79  1.24%   919 3795s
  3112  1736 -289747.59  110  501 -293380.80 -289740.79  1.24%   919 3800s
  3116  1740 -289740.79  112  500 -293380.80 -289740.79  1.24%   919 3805s
  3120  1744 -289888.54  114  539 -293380.80 -289740.79  1.24%   919 3811s
  3124  1748 -290523.84  116  511 -293380.80 -289740.79  1.24%   919 3816s
  3128  1752 -289753.29  118  546 -293380.80 -289740.79  1.24%   918 3821s
  3132  1756 -289740.88  120  549 -293380.80 -289740.79  1.24%   918 3826s
  3136  1760 -290492.02  122  546 -293380.80 -289740.79  1.24%   918 3831s
  3139  1763 -289743.05  124  529 -293380.80 -289740.79  1.24%   918 3835s
  3146  1770 -289869.33  127  508 -293380.80 -289740.79  1.24%   917 3841s
  3152  1776 -289804.35  130  447 -293380.80 -289740.79  1.24%   916 3845s
  3162  1786 -290578.13  135  452 -293380.80 -289740.79  1.24%   914 3851s
  3166  1790 -289959.72  137  481 -293380.80 -289740.79  1.24%   914 3855s
  3168  1792 -289860.02  138  484 -293380.80 -289740.79  1.24%   913 3886s
  3172  1796 -289953.63  140  498 -293380.80 -289740.79  1.24%   913 3890s
  3176  1800 -290334.49  142  453 -293380.80 -289740.79  1.24%   913 3895s
  3181  1805 -290064.30  145  484 -293380.80 -289740.79  1.24%   913 3901s
  3184  1808 -290064.30  146  501 -293380.80 -289740.79  1.24%   913 3905s
  3188  1812 -290574.40  148  482 -293380.80 -289740.79  1.24%   912 3910s
  3197  1821 -290236.35  153  473 -293380.80 -289740.79  1.24%   910 3915s
  3203  1827 -290272.72  156  478 -293380.80 -289740.79  1.24%   910 3920s
  3208  1832 -290946.23  158  470 -293380.80 -289740.79  1.24%   909 3925s
  3213  1837 -290480.88  161  430 -293380.80 -289740.79  1.24%   909 3930s
  3218  1842 -290480.88  163  470 -293380.80 -289740.79  1.24%   909 3936s
  3224  1848 -290597.71  166  445 -293380.80 -289740.79  1.24%   908 3941s
  3228  1852 -290597.71  168  405 -293380.80 -289740.79  1.24%   907 3945s
  3233  1857 -290597.71  171  446 -293380.80 -289740.79  1.24%   907 3950s
  3239  1861 -290597.71  174  465 -293380.80 -289740.79  1.24%   906 3955s
  3244  1866 -290597.71  176  429 -293380.80 -289740.79  1.24%   906 3960s
  3248  1870 -290597.71  178  469 -293380.80 -289740.79  1.24%   905 3965s
  3254  1876 -290597.71  181  450 -293380.80 -289740.79  1.24%   905 3971s
  3257  1879 -290597.71  183  486 -293380.80 -289740.79  1.24%   905 3975s
  3262  1884 -290597.71  185  467 -293380.80 -289740.79  1.24%   905 3981s
  3264  1886 -290597.71  186  523 -293380.80 -289740.79  1.24%   905 3985s
  3269  1891 -290597.71  189  459 -293380.80 -289740.79  1.24%   905 3990s
  3273  1895 -290597.71  191  512 -293380.80 -289740.79  1.24%   905 3995s
  3278  1900 -290597.71  193  501 -293380.80 -289740.79  1.24%   904 4001s
  3282  1904 -290597.71  195  464 -293380.80 -289740.79  1.24%   904 4005s
  3287  1909 -290597.71  198  480 -293380.80 -289740.79  1.24%   904 4011s
  3291  1913 -290597.71  200  485 -293380.80 -289740.79  1.24%   903 4059s
  3292  1914 -290597.71  200  516 -293380.80 -289740.79  1.24%   904 4211s
  3294  1916 -290597.71  201  540 -293380.80 -289740.79  1.24%   904 4216s
  3298  1920 -290597.71  203  468 -293380.80 -289740.79  1.24%   903 4220s
  3303  1925 -290597.71  206  510 -293380.80 -289740.79  1.24%   903 4225s
  3308  1930 -290597.71  208  475 -293380.80 -289740.79  1.24%   902 4231s
  3314  1936 -290597.71  211  517 -293380.80 -289740.79  1.24%   902 4236s
  3317  1939 -290597.71  213  457 -293380.80 -289740.79  1.24%   902 4240s
  3321  1943 -290597.71  215  449 -293380.80 -289740.79  1.24%   902 4245s
  3325  1947 -290597.71  217  425 -293380.80 -289740.79  1.24%   902 4250s
  3329  1951 -290597.71  219  468 -293380.80 -289740.79  1.24%   902 4255s
  3332  1954 -290597.71  220  462 -293380.80 -289740.79  1.24%   902 4261s
  3336  1958 -290597.71  222  451 -293380.80 -289740.79  1.24%   902 4265s
  3341  1963 -290597.71  225  437 -293380.80 -289740.79  1.24%   902 4270s
  3345  1967 -290597.71  227  472 -293380.80 -289740.79  1.24%   901 4275s
  3351  1973 -290597.71  230  425 -293380.80 -289740.79  1.24%   901 4280s
  3354  1976 -290597.71  231  462 -293380.80 -289740.79  1.24%   901 4323s
  3356  1978 -290597.71  232  438 -293380.80 -289740.79  1.24%   901 4325s
  3362  1984 -290597.71  235  473 -293380.80 -289740.79  1.24%   900 4331s
  3365  1987 -290597.71  237  402 -293380.80 -289740.79  1.24%   900 4336s
  3369  1991 -290597.71  239  424 -293380.80 -289740.79  1.24%   900 4340s
  3374  1996 -290597.71  241  416 -293380.80 -289740.79  1.24%   900 4345s
  3380  2002 -290597.71  244  441 -293380.80 -289740.79  1.24%   899 4350s
  3385  2007 -290597.71  247  435 -293380.80 -289740.79  1.24%   898 4355s
  3387  2009 -290597.71  248  455 -293380.80 -289740.79  1.24%   899 4360s
  3394  2016 -290597.71  251  436 -293380.80 -289740.79  1.24%   898 4366s
  3399  2021 -290597.71  254  410 -293380.80 -289740.79  1.24%   897 4370s
  3404  2026 -290597.71  256  498 -293380.80 -289740.79  1.24%   897 4375s
  3407  2029 -290597.71  258  514 -293380.80 -289740.79  1.24%   897 4381s
  3411  2033 -290597.71  260  437 -293380.80 -289740.79  1.24%   897 4385s
  3416  2038 -290597.71  262  453 -293380.80 -289740.79  1.24%   896 4390s
  3421  2043 -290597.71  265  396 -293380.80 -289740.79  1.24%   896 4395s
  3424  2046 -290597.71  266  549 -293380.80 -289740.79  1.24%   896 4400s
  3428  2050 -290597.71  268  549 -293380.80 -289740.79  1.24%   897 4407s
  3432  2054 -290597.71  270  493 -293380.80 -289740.79  1.24%   897 4411s
  3435  2057 -290597.71  272  449 -293380.80 -289740.79  1.24%   897 4415s
  3440  2062 -290597.71  274  448 -293380.80 -289740.79  1.24%   897 4421s
  3443  2065 -291062.37  276  415 -293380.80 -289740.79  1.24%   897 4425s
  3447  2069 -291104.83  278  403 -293380.80 -289740.79  1.24%   897 4430s
  3451  2073 -291260.41  280  460 -293380.80 -289740.79  1.24%   897 4436s
  3454  2076 -291260.41  281  453 -293380.80 -289740.79  1.24%   897 4440s
  3460  2082 -291260.41  284  420 -293380.80 -289740.79  1.24%   897 4445s
  3464  2086 -291260.41  286  443 -293380.80 -289740.79  1.24%   896 4450s
  3467  2089 -291260.41  288  437 -293380.80 -289740.79  1.24%   897 4455s
  3472  2094 -291260.41  290  440 -293380.80 -289740.79  1.24%   896 4460s
  3477  2099 -291260.41  293  460 -293380.80 -289740.79  1.24%   896 4466s
  3479  2101 -291260.41  294  436 -293380.80 -289740.79  1.24%   896 4470s
  3484  2106 -291260.41  296  426 -293380.80 -289740.79  1.24%   896 4475s
  3489  2111 -291260.41  299  377 -293380.80 -289740.79  1.24%   895 4480s
  3492  2114 -291260.41  300  453 -293380.80 -289740.79  1.24%   896 4485s
H 3495  2114                    -293351.2024 -289740.79  1.23%   895 4499s
  3495  2116 -291260.41  302  409 -293351.20 -289740.79  1.23%   895 4522s
  3497  2118 -291813.08  303  473 -293351.20 -289740.79  1.23%   896 4526s
  3501  2122 -291260.41  305  435 -293351.20 -289740.79  1.23%   895 4530s
  3506  2127 -291260.41  307  392 -293351.20 -289740.79  1.23%   895 4535s
  3510  2131 -291260.41  309  446 -293351.20 -289740.79  1.23%   895 4540s
  3514  2135 -291260.41  311  482 -293351.20 -289740.79  1.23%   895 4545s
  3518  2139 -291260.41  313  479 -293351.20 -289740.79  1.23%   895 4550s
  3522  2143 -291260.41  315  452 -293351.20 -289740.79  1.23%   895 4556s
  3525  2146 -291260.41  317  408 -293351.20 -289740.79  1.23%   895 4560s
  3528  2149 -291260.41  318  446 -293351.20 -289740.79  1.23%   896 4565s
  3533  2154 -291260.41  321  371 -293351.20 -289740.79  1.23%   895 4570s
  3537  2158 -291260.41  323  390 -293351.20 -289740.79  1.23%   896 4576s
  3541  2162 -291260.41  325  366 -293351.20 -289740.79  1.23%   896 4580s
  3545  2166 -291260.41  327  373 -293351.20 -289740.79  1.23%   896 4585s
  3549  2170 -291260.41  329  405 -293351.20 -289740.79  1.23%   896 4591s
  3552  2173 -291260.41  330  448 -293351.20 -289740.79  1.23%   897 4596s
  3557  2178 -291260.41  333  368 -293351.20 -289740.79  1.23%   896 4600s
  3561  2182 -291260.41  335  398 -293351.20 -289740.79  1.23%   896 4605s
  3566  2187 -291260.41  337  380 -293351.20 -289740.79  1.23%   896 4610s
  3572  2193 -291381.31  340  418 -293351.20 -289740.79  1.23%   895 4615s
  3578  2199 -291260.41  343  389 -293351.20 -289740.79  1.23%   895 4620s
  3583  2204 -291260.41  346  369 -293351.20 -289740.79  1.23%   894 4625s
  3588  2209 -291457.26  348  373 -293351.20 -289740.79  1.23%   894 4630s
  3593  2214 -291457.26  351  409 -293351.20 -289740.79  1.23%   894 4635s
  3597  2218 -291260.41  353  392 -293351.20 -289740.79  1.23%   894 4640s
  3599  2220 -291260.41  354  417 -293351.20 -289740.79  1.23%   895 4645s
  3604  2225 -291260.41  356  416 -293351.20 -289740.79  1.23%   895 4651s
  3608  2229 -291457.26  358  398 -293351.20 -289740.79  1.23%   895 4655s
  3612  2233 -291260.41  360  445 -293351.20 -289740.79  1.23%   895 4660s
  3617  2238 -291260.41  363  400 -293351.20 -289740.79  1.23%   895 4665s
  3621  2242 -291260.41  365  444 -293351.20 -289740.79  1.23%   895 4670s
  3627  2248 -291260.41  368  405 -293351.20 -289740.79  1.23%   895 4675s
  3629  2250 -291260.41  369  401 -293351.20 -289740.79  1.23%   894 4717s
  3631  2252 -291260.41  370  394 -293351.20 -289740.79  1.23%   894 4720s
  3636  2257 -291260.41  372  468 -293351.20 -289740.79  1.23%   894 4726s
  3640  2261 -291260.41  374  395 -293351.20 -289740.79  1.23%   894 4730s
  3645  2266 -291260.41  377  441 -293351.20 -289740.79  1.23%   894 4735s
  3651  2272 -291260.41  380  422 -293351.20 -289740.79  1.23%   893 4741s
  3654  2275 -291260.41  381  435 -293351.20 -289740.79  1.23%   893 4745s
  3658  2279 -291457.26  383  460 -293351.20 -289740.79  1.23%   894 4751s
  3662  2283 -291260.41  385  433 -293351.20 -289740.79  1.23%   894 4756s
  3666  2287 -291260.41  387  406 -293351.20 -289740.79  1.23%   894 4760s
  3672  2293 -291260.41  390  388 -293351.20 -289740.79  1.23%   893 4765s
  3678  2299 -291260.41  393  410 -293351.20 -289740.79  1.23%   893 4770s
  3683  2304 -291260.41  396  412 -293351.20 -289740.79  1.23%   892 4775s
  3688  2309 -291457.26  398  414 -293351.20 -289740.79  1.23%   892 4780s
  3691  2312 -291260.41  400  426 -293351.20 -289740.79  1.23%   892 4785s
  3696  2317 -291315.58  402  421 -293351.20 -289740.79  1.23%   892 4790s
  3701  2322 -291474.17  405  396 -293351.20 -289740.79  1.23%   892 4795s
  3707  2328 -291260.41  408  394 -293351.20 -289740.79  1.23%   892 4800s
  3710  2331 -291315.58  409  487 -293351.20 -289740.79  1.23%   893 4806s
  3714  2335 -291315.58  411  435 -293351.20 -289740.79  1.23%   893 4811s
  3718  2339 -291260.41  413  491 -293351.20 -289740.79  1.23%   893 4816s
  3724  2345 -291260.41  416  447 -293351.20 -289740.79  1.23%   893 4821s
  3729  2350 -291260.41  419  450 -293351.20 -289740.79  1.23%   892 4826s
  3733  2354 -291260.41  421  468 -293351.20 -289740.79  1.23%   893 4831s
  3738  2359 -291474.17  423  421 -293351.20 -289740.79  1.23%   892 4835s
  3742  2363 -291260.41  425  433 -293351.20 -289740.79  1.23%   892 4840s
  3748  2369 -291474.17  428  420 -293351.20 -289740.79  1.23%   892 4846s
  3752  2373 -291474.17  430  402 -293351.20 -289740.79  1.23%   892 4850s
  3757  2378 -291260.41  433  420 -293351.20 -289740.79  1.23%   891 4855s
  3761  2382 -291260.41  435  433 -293351.20 -289740.79  1.23%   891 4860s
  3766  2387 -291474.17  437  417 -293351.20 -289740.79  1.23%   891 4865s
  3772  2393 -291457.26  440  410 -293351.20 -289740.79  1.23%   891 4870s
  3776  2397 -291260.41  442  427 -293351.20 -289740.79  1.23%   891 4875s
  3781  2402 -291260.41  445  414 -293351.20 -289740.79  1.23%   891 4880s
  3786  2407 -291474.17  447  429 -293351.20 -289740.79  1.23%   890 4915s
  3791  2412 -291260.41  450  413 -293351.20 -289740.79  1.23%   890 4921s
  3795  2416 -291260.41  452  422 -293351.20 -289740.79  1.23%   890 4925s
  3800  2421 -291474.17  454  440 -293351.20 -289740.79  1.23%   890 4931s
  3804  2425 -291474.17  456  410 -293351.20 -289740.79  1.23%   890 4935s
  3810  2431 -291474.17  459  467 -293351.20 -289740.79  1.23%   890 4941s
  3815  2436 -291260.41  462  406 -293351.20 -289740.79  1.23%   890 4945s
  3822  2443 -291474.17  465  430 -293351.20 -289740.79  1.23%   890 4951s
  3826  2447 -291474.17  467  459 -293351.20 -289740.79  1.23%   890 4955s
  3831  2452 -291260.41  470  407 -293351.20 -289740.79  1.23%   890 4960s
  3836  2457 -291457.26  472  412 -293351.20 -289740.79  1.23%   890 4965s
  3843  2464 -291260.41  476  410 -293351.20 -289740.79  1.23%   889 4970s
  3846  2467 -291474.17  477  476 -293351.20 -289740.79  1.23%   890 4976s
  3850  2471 -291474.17  479  433 -293351.20 -289740.79  1.23%   890 4980s
  3854  2475 -291474.17  481  440 -293351.20 -289740.79  1.23%   891 4985s
  3857  2478 -291260.41  483  424 -293351.20 -289740.79  1.23%   891 4990s
  3862  2483 -291260.41  485  396 -293351.20 -289740.79  1.23%   891 4995s
  3867  2488 -291260.41  488  432 -293351.20 -289740.79  1.23%   891 5000s
  3872  2493 -291457.26  490  392 -293351.20 -289740.79  1.23%   891 5005s
  3878  2499 -291457.26  493  423 -293351.20 -289740.79  1.23%   891 5010s
  3882  2503 -291260.41  495  511 -293351.20 -289740.79  1.23%   891 5016s
  3886  2507 -291474.17  497  471 -293351.20 -289740.79  1.23%   891 5021s
  3889  2510 -291260.41  499  416 -293351.20 -289740.79  1.23%   891 5025s
  3895  2516 -291260.41  502  412 -293351.20 -289740.79  1.23%   891 5030s
  3900  2521 -291457.26  504  447 -293351.20 -289740.79  1.23%   891 5035s
  3904  2525 -291260.41  506  480 -293351.20 -289740.79  1.23%   891 5040s
  3905  2526 -291260.41  507  475 -293351.20 -289740.79  1.23%   891 5076s
  3909  2530 -291260.41  509  441 -293351.20 -289740.79  1.23%   891 5080s
  3913  2534 -291260.41  511  455 -293351.20 -289740.79  1.23%   891 5085s
  3919  2540 -291260.41  514  417 -293351.20 -289740.79  1.23%   891 5090s
  3923  2544 -291616.76  516  392 -293351.20 -289740.79  1.23%   891 5095s
  3926  2547 -291864.22  517  401 -293351.20 -289740.79  1.23%   892 5100s
  3931  2552 -291864.22  520  391 -293351.20 -289740.79  1.23%   892 5105s
  3934  2555 -291864.22  521  391 -293351.20 -289740.79  1.23%   892 5110s
  3939  2560 -291864.22  524  363 -293351.20 -289740.79  1.23%   892 5115s
  3941  2562 -291864.22  525  368 -293351.20 -289740.79  1.23%   892 5293s
  3942  2563 -291864.22  525  415 -293351.20 -289740.79  1.23%   892 5332s
  3944  2565 -291864.22  526  392 -293351.20 -289740.79  1.23%   892 5335s
  3949  2570 -291864.22  529  415 -293351.20 -289740.79  1.23%   892 5341s
  3954  2575 -291864.22  531  412 -293351.20 -289740.79  1.23%   893 5346s
  3958  2579 -291864.22  533  398 -293351.20 -289740.79  1.23%   892 5350s
  3963  2584 -291864.22  536  380 -293351.20 -289740.79  1.23%   892 5355s
  3970  2591 -291864.22  539  369 -293351.20 -289740.79  1.23%   892 5360s
  3976  2597 -291864.22  542  347 -293351.20 -289740.79  1.23%   891 5365s
  3982  2603 -291864.22  545  374 -293351.20 -289740.79  1.23%   891 5370s
  3987  2608 -292147.20  548  393 -293351.20 -289740.79  1.23%   891 5375s
  3992  2613 -292147.20  550  393 -293351.20 -289740.79  1.23%   891 5380s
  3997  2618 -292147.20  553  400 -293351.20 -289740.79  1.23%   891 5385s
  4004  2625 -292147.20  556  391 -293351.20 -289740.79  1.23%   891 5390s
  4010  2631 -292147.20  559  374 -293351.20 -289740.79  1.23%   891 5395s
  4016  2637 -292147.20  562  353 -293351.20 -289740.79  1.23%   890 5401s
  4021  2642 -292147.20  565  365 -293351.20 -289740.79  1.23%   890 5405s
  4026  2647 -292648.21  567  323 -293351.20 -289740.79  1.23%   890 5410s
  4032  2653 -292147.20  570  400 -293351.20 -289740.79  1.23%   890 5415s
  4038  2659 -292147.20  573  373 -293351.20 -289740.79  1.23%   890 5420s
  4043  2664 -292147.20  576  349 -293351.20 -289740.79  1.23%   890 5425s
  4049  2670 -292648.21  579  358 -293351.20 -289740.79  1.23%   889 5430s
  4056  2677 -292147.20  582  350 -293351.20 -289740.79  1.23%   889 5436s
  4061  2682 -292147.20  585  351 -293351.20 -289740.79  1.23%   889 5440s
  4066  2687 -292648.21  587  390 -293351.20 -289740.79  1.23%   889 5445s
  4072  2693 -292648.21  590  375 -293351.20 -289740.79  1.23%   889 5450s
  4078  2699 -292648.21  593  351 -293351.20 -289740.79  1.23%   889 5455s
  4082  2703 -292648.21  595  379 -293351.20 -289740.79  1.23%   889 5484s
  4084  2705 -292648.21  596  381 -293351.20 -289740.79  1.23%   889 5485s
  4087  2708 -292147.20  598  361 -293351.20 -289740.79  1.23%   889 5490s
  4092  2713 -292648.21  600  382 -293351.20 -289740.79  1.23%   889 5495s
  4098  2719 -292648.21  603  390 -293351.20 -289740.79  1.23%   889 5500s
  4103  2724 -292147.20  606  370 -293351.20 -289740.79  1.23%   889 5505s
  4108  2729 -292294.88  608  365 -293351.20 -289740.79  1.23%   889 5510s
  4114  2735 -292648.21  611  362 -293351.20 -289740.79  1.23%   889 5515s
  4120  2741 -292294.88  614  378 -293351.20 -289740.79  1.23%   889 5520s
  4125  2746 -292177.78  617  378 -293351.20 -289740.79  1.23%   889 5525s
  4130  2750 -292678.13  619  340 -293351.20 -289740.79  1.23%   889 5530s
  4135  2755 -292264.29  622  341 -293351.20 -289740.79  1.23%   889 5535s
  4141  2761 -292264.29  625  334 -293351.20 -289740.79  1.23%   889 5540s
  4147  2767 -292264.29  628  357 -293351.20 -289740.79  1.23%   889 5546s
  4152  2772 -292678.13  630  345 -293351.20 -289740.79  1.23%   889 5550s
  4157  2777 -292264.29  633  352 -293351.20 -289740.79  1.23%   889 5555s
  4162  2782 -292678.13  635  364 -293351.20 -289740.79  1.23%   889 5560s
  4168  2788 -292678.13  638  360 -293351.20 -289740.79  1.23%   889 5566s
  4173  2793 -292554.31  641  386 -293351.20 -289740.79  1.23%   889 5570s
  4178  2798 -292554.31  643  367 -293351.20 -289740.79  1.23%   889 5575s
  4183  2803 -292554.31  646  333 -293351.20 -289740.79  1.23%   889 5580s
  4188  2807 -292701.99  648  379 -293351.20 -289740.79  1.23%   890 5585s
  4193  2810 -292596.61  651  336 -293351.20 -289740.79  1.23%   889 5625s
  4199  2816 -292596.61  654  357 -293351.20 -289740.79  1.23%   889 5630s
  4206  2823 -292744.29  657  329 -293351.20 -289740.79  1.23%   889 5635s
  4213  2828 -292744.29  661  358 -293351.20 -289740.79  1.23%   888 5640s
  4219  2834 -292596.61  664  312 -293351.20 -289740.79  1.23%   888 5645s
  4227  2841 -292596.61  668  339 -293351.20 -289740.79  1.23%   888 5650s
  4233  2846 -292597.61  671  347 -293351.20 -289740.79  1.23%   887 5655s
  4239  2852 -292597.61  674  353 -293351.20 -289740.79  1.23%   887 5660s
  4244  2857 -292597.61  677  349 -293351.20 -289740.79  1.23%   887 5665s
  4251  2864 -292768.52  680  337 -293351.20 -289740.79  1.23%   887 5670s
  4258  2871 -292768.52  684  330 -293351.20 -289740.79  1.23%   887 5675s
  4264  2877 -292768.52  687  355 -293351.20 -289740.79  1.23%   886 5680s
  4270  2883 -292768.52  690  342 -293351.20 -289740.79  1.23%   886 5685s
  4276  2888 -292854.63  693  421 -293351.20 -289740.79  1.23%   886 5691s
  4282  2894 -292768.52  696  370 -293351.20 -289740.79  1.23%   886 5695s
  4287  2899 -292768.52  698  364 -293351.20 -289740.79  1.23%   886 5700s
  4294  2906 -292768.52  702  383 -293351.20 -289740.79  1.23%   886 5705s
  4302  2914 -292768.52  706  384 -293351.20 -289740.79  1.23%   885 5710s
  4308  2920 -292768.52  709  371 -293351.20 -289740.79  1.23%   885 5715s
  4315  2926 -292787.48  712  356 -293351.20 -289740.79  1.23%   885 5720s
  4321  2930 -292787.48  715  376 -293351.20 -289740.79  1.23%   885 5725s
  4329  2936 -292768.52  719  390 -293351.20 -289740.79  1.23%   884 5730s
  4337  2942 -292816.82  723  391 -293351.20 -289740.79  1.23%   884 5735s
  4351  2946 -293007.09  734  331 -293351.20 -289740.79  1.23%   882 5740s
  4362  2955 -293102.01  739  363 -293351.20 -289740.79  1.23%   881 5745s
  4371  2961 -293087.66  744  336 -293351.20 -289740.79  1.23%   881 5750s
  4379  2968 -293173.57  748  377 -293351.20 -289740.79  1.23%   881 5755s
  4385  2974 -293173.57  751  401 -293351.20 -289740.79  1.23%   882 5760s
  4393  2982 -293069.00  755  376 -293351.20 -289740.79  1.23%   882 5765s
  4401  2990 -293087.66  759  348 -293351.20 -289740.79  1.23%   882 5770s
  4409  2997 -293069.00  764  369 -293351.20 -289740.79  1.23%   882 5775s
  4411  2999 -293069.00  765  368 -293351.20 -289740.79  1.23%   882 5810s
  4417  3002 -293173.57  768  400 -293351.20 -289740.79  1.23%   883 5815s
  4425  3010 -293173.57  772  379 -293351.20 -289740.79  1.23%   883 5820s
  4433  3016 -293177.05  777  383 -293351.20 -289740.79  1.23%   882 5825s
  4441  3023 -293206.13  781  358 -293351.20 -289740.79  1.23%   883 5830s
  4449  3029 -293206.13  785  347 -293351.20 -289740.79  1.23%   883 5835s
  4458  3038 -293328.01  789  363 -293351.20 -289740.79  1.23%   882 5840s
  4471  3049 -293328.01  797  378 -293351.20 -289740.79  1.23%   881 5845s
  4488  3051 -293328.01  799  412 -293351.20 -289740.79  1.23%   880 5850s
  4507  3046 -289740.79   14  291 -293351.20 -289740.79  1.23%   877 5855s
  4510  3049 -289740.79   15  337 -293351.20 -289740.79  1.23%   877 5860s
  4514  3053 -290873.99   17  526 -293351.20 -289740.79  1.23%   878 5869s
  4515  3054 -289740.79   18  333 -293351.20 -289740.79  1.23%   878 5870s
  4518  3057 -289740.79   19  346 -293351.20 -289740.79  1.23%   879 5875s
  4519  3058 -289740.79   20  526 -293351.20 -289740.79  1.23%   880 5880s
  4522  3061 -289740.79   21  478 -293351.20 -289740.79  1.23%   880 5885s
  4526  3065 -290124.20   23  420 -293351.20 -289740.79  1.23%   880 5891s
  4530  3069 -289740.79   25  432 -293351.20 -289740.79  1.23%   880 5895s
  4534  3073 -289740.79   27  461 -293351.20 -289740.79  1.23%   880 5901s
  4536  3075 -289740.79   28  446 -293351.20 -289740.79  1.23%   880 5905s
  4541  3080 -289740.79   31  389 -293351.20 -289740.79  1.23%   880 5911s
  4543  3082 -289740.79   32  453 -293351.20 -289740.79  1.23%   881 5915s
  4548  3087 -289740.79   34  458 -293351.20 -289740.79  1.23%   881 5921s
  4551  3090 -289740.79   36  393 -293351.20 -289740.79  1.23%   880 5931s
  4554  3093 -289740.79   37  437 -293351.20 -289740.79  1.23%   880 5935s
  4560  3097 -289740.79   40  478 -293351.20 -289740.79  1.23%   880 5941s
  4565  3100 -289740.79   42  490 -293351.20 -289740.79  1.23%   880 5945s
  4569  3104 -289815.13   44  548 -293351.20 -289740.79  1.23%   880 5952s
  4571  3106 -289740.79   45  453 -293351.20 -289740.79  1.23%   880 5955s
  4574  3109 -289740.79   47  527 -293351.20 -289740.79  1.23%   880 5997s
  4577  3112 -289740.79   48  488 -293351.20 -289740.79  1.23%   880 6000s
  4578  3113 -289740.79   49  462 -293351.20 -289740.79  1.23%   880 6123s
  4579  3114 -289740.79   49  239 -293351.20 -289740.79  1.23%   886 6132s
  4583  3118 -289873.56   51  484 -293351.20 -289740.79  1.23%   886 6136s
  4587  3122 -289740.79   53  488 -293351.20 -289740.79  1.23%   885 6141s
  4590  3125 -290920.10   55  457 -293351.20 -289740.79  1.23%   886 6146s
  4594  3129 -289740.79   57  442 -293351.20 -289740.79  1.23%   885 6150s
  4597  3132 -289743.59   58  466 -293351.20 -289740.79  1.23%   886 6155s
  4600  3135 -289849.20   60  524 -293351.20 -289740.79  1.23%   886 6161s
  4604  3139 -289740.79   62  427 -293351.20 -289740.79  1.23%   886 6165s
  4607  3142 -289754.26   63  482 -293351.20 -289740.79  1.23%   886 6171s
  4610  3145 -289740.79   65  488 -293351.20 -289740.79  1.23%   886 6176s
  4612  3147 -290308.04   66  459 -293351.20 -289740.79  1.23%   887 6181s
  4616  3151 -289740.79   68  515 -293351.20 -289740.79  1.23%   886 6229s
  4617  3152 -289740.79   68  466 -293351.20 -289740.79  1.23%   886 6231s
  4621  3156 -290288.85   70  469 -293351.20 -289740.79  1.23%   886 6235s
  4627  3162 -291569.04   73  504 -293351.20 -289740.79  1.23%   886 6241s
  4636  3171 -289772.79   78  493 -293351.20 -289740.79  1.23%   884 6245s
  4643  3178 -290656.26   81  491 -293351.20 -289740.79  1.23%   883 6251s
  4647  3182 -290133.19   83  429 -293351.20 -289740.79  1.23%   883 6255s
  4651  3186 -290168.50   85  520 -293351.20 -289740.79  1.23%   883 6260s
  4653  3188 -290168.50   86  467 -293351.20 -289740.79  1.23%   884 6265s
  4659  3194 -290168.50   89  465 -293351.20 -289740.79  1.23%   883 6270s
  4663  3198 -290168.50   91  465 -293351.20 -289740.79  1.23%   883 6276s
  4668  3203 -290168.50   94  419 -293351.20 -289740.79  1.23%   883 6280s
  4673  3208 -290168.50   96  460 -293351.20 -289740.79  1.23%   883 6286s
  4677  3212 -290599.22   98  443 -293351.20 -289740.79  1.23%   883 6291s
  4681  3216 -290168.50  100  522 -293351.20 -289740.79  1.23%   883 6297s
  4684  3219 -290183.25  102  493 -293351.20 -289740.79  1.23%   883 6300s
  4688  3223 -290168.50  104  494 -293351.20 -289740.79  1.23%   883 6305s
  4692  3227 -290183.35  106  486 -293351.20 -289740.79  1.23%   883 6311s
  4697  3232 -290347.88  108  482 -293351.20 -289740.79  1.23%   883 6315s
  4703  3238 -290168.50  111  533 -293351.20 -289740.79  1.23%   882 6322s
  4707  3242 -290168.50  113  519 -293351.20 -289740.79  1.23%   882 6326s
  4710  3245 -290168.50  115  479 -293351.20 -289740.79  1.23%   882 6330s
  4714  3249 -290168.50  117  477 -293351.20 -289740.79  1.23%   882 6335s
  4718  3253 -290168.50  119  497 -293351.20 -289740.79  1.23%   882 6340s
  4722  3257 -290183.89  121  517 -293351.20 -289740.79  1.23%   882 6346s
  4724  3259 -290183.89  122  541 -293351.20 -289740.79  1.23%   883 6351s
  4729  3264 -290636.94  124  505 -293351.20 -289740.79  1.23%   882 6355s
  4733  3268 -290397.94  126  493 -293351.20 -289740.79  1.23%   882 6360s
  4737  3272 -290850.99  128  516 -293351.20 -289740.79  1.23%   882 6365s
  4742  3277 -290397.94  131  553 -293351.20 -289740.79  1.23%   882 6371s
  4746  3281 -290397.94  133  502 -293351.20 -289740.79  1.23%   882 6375s
  4751  3286 -290397.94  135  496 -293351.20 -289740.79  1.23%   882 6380s
  4755  3290 -290397.94  137  520 -293351.20 -289740.79  1.23%   882 6385s
  4761  3296 -290850.99  140  529 -293351.20 -289740.79  1.23%   881 6390s
  4765  3300 -290850.99  142  512 -293351.20 -289740.79  1.23%   881 6395s
  4769  3304 -290850.99  144  548 -293351.20 -289740.79  1.23%   882 6400s
  4773  3308 -290850.99  146  560 -293351.20 -289740.79  1.23%   882 6406s
  4777  3312 -290850.99  148  530 -293351.20 -289740.79  1.23%   882 6411s
  4781  3316 -290850.99  150  514 -293351.20 -289740.79  1.23%   883 6416s
  4783  3318 -290850.99  151  540 -293351.20 -289740.79  1.23%   883 6420s
  4784  3319 -290397.94  152  513 -293351.20 -289740.79  1.23%   883 6455s
  4788  3323 -290397.94  154  480 -293351.20 -289740.79  1.23%   883 6460s
  4793  3328 -290850.99  156  504 -293351.20 -289740.79  1.23%   883 6466s
  4797  3332 -290397.94  158  507 -293351.20 -289740.79  1.23%   883 6472s
  4800  3335 -290397.94  160  506 -293351.20 -289740.79  1.23%   883 6476s
  4804  3339 -290397.94  162  495 -293351.20 -289740.79  1.23%   883 6481s
  4808  3343 -290397.94  164  480 -293351.20 -289740.79  1.23%   883 6485s
  4811  3346 -290838.48  165  515 -293351.20 -289740.79  1.23%   883 6490s
  4816  3351 -290397.94  168  467 -293351.20 -289740.79  1.23%   883 6495s
  4820  3355 -290582.23  170  535 -293351.20 -289740.79  1.23%   883 6501s
  4824  3359 -290397.94  172  476 -293351.20 -289740.79  1.23%   883 6505s
  4827  3362 -290741.97  173  548 -293351.20 -289740.79  1.23%   883 6511s
  4829  3364 -290850.99  174  495 -293351.20 -289740.79  1.23%   884 6515s
  4834  3369 -290397.94  177  492 -293351.20 -289740.79  1.23%   884 6520s
  4839  3374 -290850.99  179  451 -293351.20 -289740.79  1.23%   884 6526s
  4841  3376 -290397.94  180  476 -293351.20 -289740.79  1.23%   884 6530s
  4846  3381 -290397.94  183  522 -293351.20 -289740.79  1.23%   884 6536s
  4849  3384 -290397.94  184  505 -293351.20 -289740.79  1.23%   884 6540s
  4853  3388 -290397.94  186  489 -293351.20 -289740.79  1.23%   884 6545s
  4857  3392 -290397.94  188  505 -293351.20 -289740.79  1.23%   884 6551s
  4861  3396 -290397.94  190  493 -293351.20 -289740.79  1.23%   885 6556s
  4866  3401 -290397.94  193  491 -293351.20 -289740.79  1.23%   884 6560s
  4869  3404 -290583.11  194  534 -293351.20 -289740.79  1.23%   885 6565s
  4875  3410 -290488.36  197  542 -293351.20 -289740.79  1.23%   885 6571s
  4881  3416 -291247.34  200  487 -293351.20 -289740.79  1.23%   884 6575s
  4885  3420 -290805.64  202  502 -293351.20 -289740.79  1.23%   885 6580s
  4893  3428 -290816.66  206  470 -293351.20 -289740.79  1.23%   884 6585s
  4898  3433 -290411.88  209  488 -293351.20 -289740.79  1.23%   884 6590s
  4903  3438 -290448.50  211  483 -293351.20 -289740.79  1.23%   884 6596s
  4905  3440 -290448.50  212  449 -293351.20 -289740.79  1.23%   884 6638s
  4906  3441 -290448.50  213  512 -293351.20 -289740.79  1.23%   884 6641s
  4909  3444 -290901.56  214  540 -293351.20 -289740.79  1.23%   884 6645s
  4913  3448 -290448.50  216  485 -293351.20 -289740.79  1.23%   884 6650s
  4918  3453 -290448.50  219  499 -293351.20 -289740.79  1.23%   884 6655s
  4923  3458 -290626.37  221  521 -293351.20 -289740.79  1.23%   884 6661s
  4925  3460 -291033.93  222  562 -293351.20 -289740.79  1.23%   885 6665s
  4930  3465 -290455.18  225  558 -293351.20 -289740.79  1.23%   885 6672s
  4933  3468 -290455.18  226  460 -293351.20 -289740.79  1.23%   885 6675s
  4938  3473 -290455.18  229  492 -293351.20 -289740.79  1.23%   885 6680s
  4943  3478 -290455.18  231  482 -293351.20 -289740.79  1.23%   884 6685s
  4946  3481 -290455.18  233  489 -293351.20 -289740.79  1.23%   885 6690s
  4951  3486 -290570.55  235  492 -293351.20 -289740.79  1.23%   885 6696s
  4954  3489 -290455.18  237  442 -293351.20 -289740.79  1.23%   885 6700s
  4958  3493 -290455.18  239  414 -293351.20 -289740.79  1.23%   885 6705s
  4963  3498 -290455.18  241  454 -293351.20 -289740.79  1.23%   885 6710s
  4967  3502 -290455.18  243  505 -293351.20 -289740.79  1.23%   885 6716s
  4971  3506 -290455.18  245  453 -293351.20 -289740.79  1.23%   885 6720s
  4978  3513 -290455.18  249  491 -293351.20 -289740.79  1.23%   885 6726s
  4981  3516 -290554.54  250  463 -293351.20 -289740.79  1.23%   885 6730s
  4985  3520 -291289.29  252  452 -293351.20 -289740.79  1.23%   885 6737s
  4987  3522 -291284.56  253  476 -293351.20 -289740.79  1.23%   886 6740s
  4989  3524 -291515.52  254  473 -293351.20 -289740.79  1.23%   885 6745s
  4995  3530 -290709.42  257  477 -293351.20 -289740.79  1.23%   885 6750s
  4998  3533 -290709.42  259  429 -293351.20 -289740.79  1.23%   886 6755s
  5002  3537 -290709.42  261  494 -293351.20 -289740.79  1.23%   886 6761s
  5005  3540 -290742.00  262  488 -293351.20 -289740.79  1.23%   886 6765s
  5009  3544 -290709.42  264  460 -293351.20 -289740.79  1.23%   886 6770s
  5010  3545 -290709.42  265  522 -293351.20 -289740.79  1.23%   887 6787s
  5014  3549 -290709.42  267  470 -293351.20 -289740.79  1.23%   886 6790s
  5019  3554 -290709.42  269  476 -293351.20 -289740.79  1.23%   886 6795s
  5026  3561 -290709.42  273  497 -293351.20 -289740.79  1.23%   886 6800s
  5033  3568 -290709.42  276  487 -293351.20 -289740.79  1.23%   886 6806s
  5036  3571 -290709.42  278  446 -293351.20 -289740.79  1.23%   886 6810s
  5041  3576 -290709.42  280  482 -293351.20 -289740.79  1.23%   886 6815s
  5044  3579 -290709.42  282  522 -293351.20 -289740.79  1.23%   886 6820s
  5048  3583 -290709.42  284  499 -293351.20 -289740.79  1.23%   886 6825s
  5055  3590 -291162.47  287  480 -293351.20 -289740.79  1.23%   886 6831s
  5061  3596 -290709.42  290  489 -293351.20 -289740.79  1.23%   885 6836s
  5064  3599 -290709.42  292  498 -293351.20 -289740.79  1.23%   885 6840s
  5070  3605 -290709.42  295  484 -293351.20 -289740.79  1.23%   885 6845s
  5075  3610 -290742.00  297  553 -293351.20 -289740.79  1.23%   885 6851s
  5079  3614 -290709.42  299  429 -293351.20 -289740.79  1.23%   885 6855s
  5085  3620 -290709.42  302  479 -293351.20 -289740.79  1.23%   885 6860s
  5091  3626 -290709.42  305  475 -293351.20 -289740.79  1.23%   885 6866s
  5095  3630 -290709.42  307  494 -293351.20 -289740.79  1.23%   885 6871s
  5097  3632 -290709.42  308  467 -293351.20 -289740.79  1.23%   886 6875s
  5101  3636 -290709.42  310  476 -293351.20 -289740.79  1.23%   886 6881s
  5105  3640 -290709.42  312  498 -293351.20 -289740.79  1.23%   886 6886s
  5109  3644 -290709.42  314  452 -293351.20 -289740.79  1.23%   886 6890s
  5113  3648 -290709.42  316  473 -293351.20 -289740.79  1.23%   887 6895s
  5119  3654 -290709.42  319  436 -293351.20 -289740.79  1.23%   886 6900s
  5124  3659 -290709.42  322  440 -293351.20 -289740.79  1.23%   887 6905s
  5128  3663 -290709.42  324  469 -293351.20 -289740.79  1.23%   887 6910s
  5131  3666 -290709.42  325  454 -293351.20 -289740.79  1.23%   887 6915s
  5138  3673 -290709.42  329  453 -293351.20 -289740.79  1.23%   887 6920s
  5144  3679 -290709.42  332  429 -293351.20 -289740.79  1.23%   887 6925s
  5149  3684 -290742.00  334  511 -293351.20 -289740.79  1.23%   887 6932s
  5153  3688 -290709.42  336  499 -293351.20 -289740.79  1.23%   888 6937s
  5158  3693 -291162.47  339  440 -293351.20 -289740.79  1.23%   888 6940s
  5163  3698 -291162.47  341  437 -293351.20 -289740.79  1.23%   888 6945s
  5168  3703 -290709.42  344  406 -293351.20 -289740.79  1.23%   888 6950s
  5175  3710 -290709.42  347  439 -293351.20 -289740.79  1.23%   888 6955s
  5180  3715 -290709.42  350  441 -293351.20 -289740.79  1.23%   888 6960s
  5185  3720 -290709.42  352  457 -293351.20 -289740.79  1.23%   888 6965s
  5190  3725 -290709.42  355  428 -293351.20 -289740.79  1.23%   888 6970s
  5194  3729 -290709.42  357  470 -293351.20 -289740.79  1.23%   888 6975s
  5200  3735 -290709.42  360  444 -293351.20 -289740.79  1.23%   888 6980s
  5207  3742 -290742.00  363  422 -293351.20 -289740.79  1.23%   888 6985s
  5213  3748 -290709.42  366  473 -293351.20 -289740.79  1.23%   887 6990s
  5220  3755 -291109.61  370  456 -293351.20 -289740.79  1.23%   887 6995s
  5227  3762 -291162.47  373  473 -293351.20 -289740.79  1.23%   886 7000s
  5233  3768 -291123.26  376  453 -293351.20 -289740.79  1.23%   886 7005s
  5239  3774 -290709.42  379  456 -293351.20 -289740.79  1.23%   886 7010s
  5243  3778 -291034.11  381  450 -293351.20 -289740.79  1.23%   886 7015s
  5246  3781 -290709.42  383  474 -293351.20 -289740.79  1.23%   886 7020s
  5251  3786 -291162.47  385  470 -293351.20 -289740.79  1.23%   886 7025s
  5255  3790 -291123.26  387  493 -293351.20 -289740.79  1.23%   887 7030s
  5262  3797 -290709.42  391  463 -293351.20 -289740.79  1.23%   886 7035s
  5267  3802 -290709.42  393  450 -293351.20 -289740.79  1.23%   886 7040s
  5272  3807 -290709.42  396  443 -293351.20 -289740.79  1.23%   886 7045s
  5278  3813 -290709.42  399  435 -293351.20 -289740.79  1.23%   886 7050s
  5283  3818 -290709.42  401  445 -293351.20 -289740.79  1.23%   886 7055s
  5288  3823 -290709.42  404  462 -293351.20 -289740.79  1.23%   886 7060s
  5294  3829 -290709.42  407  483 -293351.20 -289740.79  1.23%   886 7066s
  5297  3832 -291006.69  408  486 -293351.20 -289740.79  1.23%   886 7070s
  5303  3838 -290709.42  411  479 -293351.20 -289740.79  1.23%   886 7075s
  5309  3844 -291272.61  414  483 -293351.20 -289740.79  1.23%   886 7081s
  5314  3849 -290709.42  417  462 -293351.20 -289740.79  1.23%   886 7085s
  5319  3854 -291006.69  419  446 -293351.20 -289740.79  1.23%   886 7090s
  5326  3861 -290709.42  423  497 -293351.20 -289740.79  1.23%   886 7097s
  5330  3865 -290709.42  425  451 -293351.20 -289740.79  1.23%   886 7100s
  5336  3871 -290709.42  428  475 -293351.20 -289740.79  1.23%   886 7105s
  5345  3880 -290806.75  432  481 -293351.20 -289740.79  1.23%   886 7111s
  5348  3883 -290709.42  434  455 -293351.20 -289740.79  1.23%   886 7116s
  5353  3888 -290709.42  436  487 -293351.20 -289740.79  1.23%   886 7121s
  5359  3894 -291272.61  439  449 -293351.20 -289740.79  1.23%   886 7126s
  5363  3898 -291272.61  441  458 -293351.20 -289740.79  1.23%   887 7131s
  5367  3902 -290709.42  443  522 -293351.20 -289740.79  1.23%   887 7136s
  5373  3908 -291162.47  446  455 -293351.20 -289740.79  1.23%   887 7140s
  5379  3914 -290709.42  449  442 -293351.20 -289740.79  1.23%   887 7145s
  5387  3922 -291384.76  453  459 -293351.20 -289740.79  1.23%   886 7150s
  5393  3928 -290931.71  456  473 -293351.20 -289740.79  1.23%   886 7155s
  5399  3934 -290931.71  459  411 -293351.20 -289740.79  1.23%   886 7160s
  5405  3940 -291006.69  462  449 -293351.20 -289740.79  1.23%   886 7165s
  5411  3946 -291029.04  465  438 -293351.20 -289740.79  1.23%   886 7171s
  5416  3951 -290959.12  468  447 -293351.20 -289740.79  1.23%   886 7175s
  5420  3955 -291034.11  470  447 -293351.20 -289740.79  1.23%   887 7180s
  5425  3960 -291034.11  472  422 -293351.20 -289740.79  1.23%   887 7185s
  5430  3965 -290959.12  475  399 -293351.20 -289740.79  1.23%   887 7190s
  5434  3969 -290959.12  477  396 -293351.20 -289740.79  1.23%   887 7195s
  5437  3972 -291004.77  478  458 -293351.20 -289740.79  1.23%   888 7200s

Cutting planes:
  Gomory: 6
  Lift-and-project: 11
  Cover: 32
  Implied bound: 31
  MIR: 34
  Flow cover: 50

Explored 5438 nodes (5113305 simplex iterations) in 7200.02 seconds (8365.87 work units)
Thread count was 1 (of 72 available processors)

Solution count 10: -293351 -293351 -293381 ... -293657

Time limit reached
Best objective -2.933512024400e+05, best bound -2.897407927155e+05, gap 1.2307%

Gurobi 13.0.3 (linux64) logging started Sat Oct 10 08:10:22 2026

Set parameter LogFile to value "/home/gep/projects/jaffray-masc-fhops-model/data/output/rerun_v101_calib/pg_18_sub28_lock7.gurobi.log"
Gurobi Optimizer version 13.0.3 build v13.0.3rc0 (linux64 - "Ubuntu 24.04.3 LTS")

CPU model: Intel(R) Xeon(R) Gold 6254 CPU @ 3.10GHz, instruction set [SSE2|AVX|AVX2|AVX512]
Thread count: 36 physical cores, 72 logical processors, using up to 1 threads

Non-default parameters:
TimeLimit  1800
Threads  1

Optimize a model with 51616 rows, 55671 columns and 175707 nonzeros (Max)
Model fingerprint: 0x351e705a
Model has 18144 linear objective coefficients
Variable types: 34794 continuous, 20877 integer (20877 binary)
Coefficient statistics:
  Matrix range     [1e+00, 1e+05]
  Objective range  [1e-02, 1e+00]
  Bounds range     [1e+00, 1e+00]
  RHS range        [1e+00, 3e+05]

Loaded user MIP start with objective 268193

Presolve removed 9262 rows and 9197 columns
Presolve time: 0.40s
Presolved: 42354 rows, 46474 columns, 157923 nonzeros
Variable types: 26034 continuous, 20440 integer (20440 binary)

Root simplex log...

Iteration    Objective       Primal Inf.    Dual Inf.      Time
   17789    3.9554462e+05   1.599487e+06   0.000000e+00      5s
   28379    3.9274954e+05   1.427284e+06   0.000000e+00     10s
   37286    3.9238733e+05   0.000000e+00   0.000000e+00     14s
   37355    3.9238733e+05   0.000000e+00   0.000000e+00     14s

Extra simplex iterations after uncrush: 69

Use crossover to convert LP symmetric solution to basic solution...

Root crossover log...

    1326 DPushes remaining with DInf 0.0000000e+00                14s
       0 DPushes remaining with DInf 0.0000000e+00                14s

    4097 PPushes remaining with PInf 0.0000000e+00                14s
       0 PPushes remaining with PInf 0.0000000e+00                15s

  Push phase complete: Pinf 0.0000000e+00, Dinf 1.3086536e-11     15s


Root simplex log...

Iteration    Objective       Primal Inf.    Dual Inf.      Time
   42760    3.9238733e+05   0.000000e+00   0.000000e+00     15s
Crossover time: 0.43 seconds (0.52 work units)

Root relaxation: objective 3.923873e+05, 42760 iterations, 14.09 seconds (13.73 work units)

    Nodes    |    Current Node    |     Objective Bounds      |     Work
 Expl Unexpl |  Obj  Depth IntInf | Incumbent    BestBd   Gap | It/Node Time

     0     0 392387.329    0 2558 268193.149 392387.329  46.3%     -   18s
     0     0 392385.594    0 3025 268193.149 392385.594  46.3%     -   22s
     0     0 392385.517    0 3008 268193.149 392385.517  46.3%     -   24s
     0     0 392385.517    0 3008 268193.149 392385.517  46.3%     -   24s
     0     0 392381.184    0 3108 268193.149 392381.184  46.3%     -   29s
H    0     0                    269573.08754 392381.184  45.6%     -   29s
H    0     0                    269664.90621 392381.184  45.5%     -   29s
H    0     0                    270336.36097 392381.184  45.1%     -   30s
H    0     0                    271046.47390 392381.184  44.8%     -   30s
H    0     0                    272632.17335 392381.184  43.9%     -   30s
H    0     0                    274375.22534 392381.184  43.0%     -   30s
H    0     0                    280199.12344 392381.184  40.0%     -   30s
H    0     0                    283995.25931 392381.184  38.2%     -   30s
H    0     0                    288281.98699 392381.184  36.1%     -   30s
H    0     0                    291122.27999 392381.184  34.8%     -   30s
H    0     0                    294324.41452 392381.184  33.3%     -   31s
     0     0 392380.489    0 3100 294324.415 392380.489  33.3%     -   31s
     0     0 392380.245    0 3089 294324.415 392380.245  33.3%     -   31s
     0     0 392380.239    0 3093 294324.415 392380.239  33.3%     -   31s
     0     0 392376.248    0 3137 294324.415 392376.248  33.3%     -   35s
     0     0 392375.383    0 3170 294324.415 392375.383  33.3%     -   37s
     0     0 392375.334    0 3190 294324.415 392375.334  33.3%     -   37s
     0     0 392368.180    0 3254 294324.415 392368.180  33.3%     -   42s
H    0     0                    304260.08979 392368.180  29.0%     -   49s
     0     0 392367.747    0 3218 304260.090 392367.747  29.0%     -   50s
     0     0 392367.612    0 3214 304260.090 392367.612  29.0%     -   51s
     0     0 392367.612    0 3226 304260.090 392367.612  29.0%     -   51s
     0     0 392363.650    0 3256 304260.090 392363.650  29.0%     -   54s
     0     0 392363.087    0 3240 304260.090 392363.087  29.0%     -   56s
     0     0 392362.874    0 3249 304260.090 392362.874  29.0%     -   57s
     0     0 392362.817    0 3225 304260.090 392362.817  29.0%     -   57s
     0     0 392362.046    0 3279 304260.090 392362.046  29.0%     -   59s
     0     0 392361.640    0 3291 304260.090 392361.640  29.0%     -   60s
     0     0 392361.640    0 3306 304260.090 392361.640  29.0%     -   60s
     0     0 392359.998    0 3364 304260.090 392359.998  29.0%     -   62s
     0     0 392359.364    0 3305 304260.090 392359.364  29.0%     -   64s
     0     0 392359.364    0 3328 304260.090 392359.364  29.0%     -   65s
     0     0 392357.881    0 3351 304260.090 392357.881  29.0%     -   68s
     0     0 392357.697    0 3327 304260.090 392357.697  29.0%     -   69s
     0     0 392357.498    0 3335 304260.090 392357.498  29.0%     -   70s
     0     0 392357.495    0 3333 304260.090 392357.495  29.0%     -   70s
     0     0 392356.299    0 3340 304260.090 392356.299  29.0%     -   72s
     0     0 392356.240    0 3357 304260.090 392356.240  29.0%     -   73s
     0     0 392355.708    0 3359 304260.090 392355.708  29.0%     -   75s
     0     0 392354.887    0 3371 304260.090 392354.887  29.0%     -   77s
     0     0 392354.885    0 3386 304260.090 392354.885  29.0%     -   78s
     0     0 392351.462    0 3376 304260.090 392351.462  29.0%     -   82s
     0     0 392351.144    0 3376 304260.090 392351.144  29.0%     -   83s
     0     0 392351.141    0 3380 304260.090 392351.141  29.0%     -   83s
     0     0 392350.979    0 3415 304260.090 392350.979  29.0%     -   85s
     0     0 392350.664    0 3407 304260.090 392350.664  29.0%     -   86s
     0     0 392350.661    0 3422 304260.090 392350.661  29.0%     -   86s
     0     0 392350.215    0 3416 304260.090 392350.215  29.0%     -   87s
     0     0 392350.215    0 3416 304260.090 392350.215  29.0%     -   88s
     0     0 392350.215    0 3416 304260.090 392350.215  29.0%     -   88s
     0     0 392350.215    0 2737 304260.090 392350.215  29.0%     -   96s
H    0     0                    304608.60075 392350.215  28.8%     -  118s
H    0     0                    304879.28056 392350.215  28.7%     -  127s
H    0     0                    304986.48200 392350.215  28.6%     -  127s
H    0     0                    305162.47485 392350.215  28.6%     -  127s
H    0     0                    328128.60674 392350.215  19.6%     -  156s
H    0     0                    332026.05388 392350.215  18.2%     -  170s
H    0     0                    334446.77910 392350.215  17.3%     -  186s
H    0     0                    337108.82733 392350.215  16.4%     -  198s
     0     2 392350.182    0 2637 337108.827 392350.182  16.4%     -  211s
H    2     2                    337122.13683 392350.116  16.4%   587  213s
H    2     2                    337154.00179 392350.116  16.4%   587  214s
H    2     2                    337272.62288 392350.116  16.3%   587  215s
H    2     2                    337824.34174 392350.116  16.1%   587  216s
H    2     2                    338172.47424 392350.116  16.0%   587  217s
H    2     2                    339664.60501 392350.116  15.5%   587  217s
H    2     2                    340104.66457 392350.116  15.4%   587  217s
H    2     2                    340506.84983 392350.116  15.2%   587  218s
H    2     2                    340878.91174 392350.116  15.1%   587  218s
H    2     2                    341744.77690 392350.116  14.8%   587  218s
H    2     2                    343956.31069 392350.116  14.1%   587  219s
H    2     2                    343992.04450 392350.116  14.1%   587  219s
H    2     2                    344079.53503 392350.116  14.0%   587  219s
H    2     2                    344352.44225 392350.116  13.9%   587  220s
H    2     2                    344525.57112 392350.116  13.9%   587  220s
H    2     2                    345361.16689 392350.116  13.6%   587  221s
H    2     2                    346113.92153 392350.116  13.4%   587  223s
H    2     2                    346144.83453 392350.116  13.3%   587  223s
H    2     2                    346216.12617 392350.116  13.3%   587  224s
H    2     2                    346595.36828 392350.116  13.2%   587  226s
H    2     2                    347184.84687 392350.116  13.0%   587  226s
H    2     2                    347185.03400 392350.116  13.0%   587  226s
H    2     2                    347224.30951 392350.116  13.0%   587  229s
H    2     2                    347367.65536 392350.116  12.9%   587  230s
H    2     2                    347389.11970 392350.116  12.9%   587  231s
H    2     2                    347389.58973 392350.116  12.9%   587  231s
H    2     2                    347415.46079 392350.116  12.9%   587  233s
     5     7 392347.079    3 2625 347415.461 392347.599  12.9%   599  235s
    12    14 392344.242    6 2640 347415.461 392347.138  12.9%   575  240s
    17    19 392332.723    9 2619 347415.461 392347.138  12.9%   705  245s
    23    25 392341.743   12 2635 347415.461 392347.138  12.9%   781  251s
    29    31 392335.162   16 2610 347415.461 392347.138  12.9%   763  256s
    36    38 392333.707   20 2577 347415.461 392347.138  12.9%   705  260s
    47    49 392328.022   25 2558 347415.461 392347.138  12.9%   626  265s
    56    58 392337.992   30 2536 347415.461 392347.138  12.9%   600  270s
    65    67 392334.568   35 2531 347415.461 392347.138  12.9%   592  275s
    73    75 392327.744   39 2502 347415.461 392347.138  12.9%   591  280s
    82    84 392329.802   43 2498 347415.461 392347.138  12.9%   581  285s
    87    89 390443.639   46 2574 347415.461 392347.138  12.9%   735  302s
    91    93 392318.746   48 2516 347415.461 392347.138  12.9%   726  305s
    96    98 390467.273   51 2578 347415.461 392347.138  12.9%   822  318s
    99   101 392298.897   52 2462 347415.461 392347.138  12.9%   811  320s
   108   110 392286.282   57 2484 347415.461 392347.138  12.9%   790  325s
   114   116 392209.979   60 2492 347415.461 392347.138  12.9%   804  332s
   119   121 392254.768   63 2505 347415.461 392347.138  12.9%   798  335s
   129   131 392242.088   69 2471 347415.461 392347.138  12.9%   767  340s
   134   136 392158.303   71 2493 347415.461 392347.138  12.9%   778  345s
   140   142 392225.471   74 2466 347415.461 392347.138  12.9%   775  350s
   150   152 392207.240   80 2458 347415.461 392347.138  12.9%   752  355s
H  153   153                    347454.45851 392347.138  12.9%   743  358s
H  153   153                    347522.70451 392347.138  12.9%   743  358s
H  153   153                    347809.14685 392347.138  12.8%   743  358s
H  153   153                    347836.84329 392347.138  12.8%   743  358s
H  153   153                    347843.65619 392347.138  12.8%   743  358s
H  153   153                    348039.12730 392347.138  12.7%   743  358s
H  153   153                    348045.67041 392347.138  12.7%   743  358s
H  153   153                    348048.49868 392347.138  12.7%   743  358s
H  153   153                    348050.81040 392347.138  12.7%   743  358s
   155   157 392203.239   82 2453 348050.810 392347.138  12.7%   753  360s
   165   167 392192.588   88 2474 348050.810 392347.138  12.7%   733  365s
H  168   168                    348059.51588 392347.138  12.7%   721  370s
H  168   168                    348584.34814 392347.138  12.6%   721  371s
H  168   168                    348601.85339 392347.138  12.5%   721  372s
H  168   168                    348605.84934 392347.138  12.5%   721  373s
H  168   168                    348706.03053 392347.138  12.5%   721  375s
H  168   168                    348824.71462 392347.138  12.5%   721  377s
H  168   168                    348914.69970 392347.138  12.4%   721  379s
H  168   168                    348947.26150 392347.138  12.4%   721  380s
H  168   168                    349328.89746 392347.138  12.3%   721  381s
H  168   168                    349543.53296 392347.138  12.2%   721  383s
H  168   168                    349768.06405 392347.138  12.2%   721  386s
H  168   168                    349846.86392 392347.138  12.1%   721  390s
H  168   168                    349961.97569 392347.138  12.1%   721  391s
H  168   168                    350050.88963 392347.138  12.1%   721  399s
H  168   168                    350052.05698 392347.138  12.1%   721  399s
H  168   168                    350097.96169 392347.138  12.1%   721  420s
   169   171 392193.943   90 2490 350097.962 392347.138  12.1%   722  425s
   173   175 391996.956   92 2468 350097.962 392347.138  12.1%   751  432s
   176   178 392112.413   94 2505 350097.962 392347.138  12.1%   752  435s
   184   186 392124.663   99 2454 350097.962 392347.138  12.1%   742  440s
   188   190 391130.481  101 2497 350097.962 392347.138  12.1%   762  447s
   193   195 392075.903  104 2474 350097.962 392347.138  12.1%   765  451s
   197   199 392074.322  106 2473 350097.962 392347.138  12.1%   767  455s
   199   201 391867.551  107 2469 350097.962 392347.138  12.1%   797  462s
   201   203 390989.286  108 2466 350097.962 392347.138  12.1%   820  468s
   202   204 391825.167  109 2449 350097.962 392347.138  12.1%   830  471s
   203   205 391060.360  109 2465 350097.962 392347.138  12.1%   847  475s
   204   206 388781.857  110 2526 350097.962 392347.138  12.1%   938  494s
   206   208 391742.874  111 2437 350097.962 392347.138  12.1%   936  496s
   212   214 390159.240  115 2424 350097.962 392347.138  12.1%   982  509s
   213   215 391708.593  115 2447 350097.962 392347.138  12.1%   994  513s
   216   218 391691.020  117 2376 350097.962 392347.138  12.1%   987  515s
   223   225 391571.882  121 2346 350097.962 392347.138  12.1%   975  520s
   225   227 389903.712  122 2412 350097.962 392347.138  12.1%  1020  534s
   226   228 391594.590  122 2404 350097.962 392347.138  12.1%  1025  536s
   236   238 391578.421  128 2341 350097.962 392347.138  12.1%  1000  540s
   243   245 391570.632  131 2371 350097.962 392347.138  12.1%   989  545s
   250   252 391559.070  135 2387 350097.962 392347.138  12.1%   978  550s
   258   260 391544.346  140 2385 350097.962 392347.138  12.1%   967  555s
   265   267 391504.472  144 2343 350097.962 392347.138  12.1%   963  560s
   269   271 391492.655  146 2319 350097.962 392347.138  12.1%   966  565s
   275   277 391479.466  149 2276 350097.962 392347.138  12.1%   965  570s
H  278   278                    350169.42932 392347.138  12.0%   966  579s
H  278   278                    350388.10289 392347.138  12.0%   966  604s
H  278   278                    350943.00511 392347.138  11.8%   966  617s
H  278   278                    351987.73160 392347.138  11.5%   966  626s
H  278   278                    352153.09201 392347.138  11.4%   966  637s
H  278   278                    352464.64515 392347.138  11.3%   966  645s
H  278   278                    352660.69866 392347.138  11.3%   966  661s
H  278   278                    352800.31526 392347.138  11.2%   966  663s
H  278   278                    353020.00805 392347.138  11.1%   966  667s
H  278   278                    353943.60091 392347.138  10.9%   966  749s
H  278   278                    353993.32830 392347.138  10.8%   966  762s
   278   280 391482.576  150 2302 353993.328 392347.138  10.8%   967  781s
   285   287 391465.614  154 2304 353993.328 392347.138  10.8%   955  796s
   288   290 391472.935  155 2280 353993.328 392347.138  10.8%   952  800s
   296   298 391459.113  159 2243 353993.328 392347.138  10.8%   942  805s
H  300   300                    354037.48074 392347.138  10.8%   933  809s
   300   302 391461.524  161 2246 354037.481 392347.138  10.8%   933  810s
   303   305 391456.700  163 2230 354037.481 392347.138  10.8%   930  841s
   308   310 391413.734  165 2266 354037.481 392347.138  10.8%   929  845s
   312   314 391382.546  167 2260 354037.481 392347.138  10.8%   936  850s
   322   324 391376.765  173 2205 354037.481 392347.138  10.8%   921  855s
   332   334 391379.577  178 2206 354037.481 392347.138  10.8%   909  860s
   338   340 391333.577  181 2210 354037.481 392347.138  10.8%   913  867s
   343   345 391319.883  183 2181 354037.481 392347.138  10.8%   911  870s
   350   352 391310.954  187 2207 354037.481 392347.138  10.8%   908  876s
   356   358 389229.269  191 2240 354037.481 392347.138  10.8%   923  887s
   361   363 391315.784  194 2195 354037.481 392347.138  10.8%   918  890s
   366   368 391271.883  196 2185 354037.481 392347.138  10.8%   920  895s
   385   387 391247.706  206 2139 354037.481 392347.138  10.8%   885  900s
   389   391 390230.983  208 2227 354037.481 392347.138  10.8%   893  906s
   401   403 391172.415  214 2091 354037.481 392347.138  10.8%   876  911s
   407   409 391190.499  218 2137 354037.481 392347.138  10.8%   873  915s
   409   411 390202.452  219 2106 354037.481 392347.138  10.8%   882  920s
   424   426 390231.451  228 2167 354037.481 392347.138  10.8%   870  927s
   428   430 391075.551  230 2109 354037.481 392347.138  10.8%   868  930s
   436   438 391044.619  234 2113 354037.481 392347.138  10.8%   864  935s
   440   442 390666.149  236 2092 354037.481 392347.138  10.8%   868  940s
   442   444 390144.833  237 2138 354037.481 392347.138  10.8%   877  945s
   450   452 390985.800  242 2103 354037.481 392347.138  10.8%   872  950s
   456   458 390954.193  245 2086 354037.481 392347.138  10.8%   871  955s
   460   462 390927.428  247 2072 354037.481 392347.138  10.8%   875  960s
   464   466 390887.425  249 2059 354037.481 392347.138  10.8%   879  965s
   475   477 390836.033  255 2020 354037.481 392347.138  10.8%   871  970s
   482   484 390803.539  259 2056 354037.481 392347.138  10.8%   868  975s
   485   487 390797.369  261 2019 354037.481 392347.138  10.8%   875  980s
   500   502 390759.065  270 1994 354037.481 392347.138  10.8%   857  985s
   507   509 390726.888  273 1952 354037.481 392347.138  10.8%   856  990s
   522   524 390670.016  281 1942 354037.481 392347.138  10.8%   842  995s
   526   528 389845.933  283 2005 354037.481 392347.138  10.8%   846 1000s
   540   542 390560.102  291 1985 354037.481 392347.138  10.8%   834 1005s
   550   552 390608.841  296 2000 354037.481 392347.138  10.8%   827 1010s
   558   560 389819.986  300 2005 354037.481 392347.138  10.8%   824 1015s
   580   582 390540.357  313 2061 354037.481 392347.138  10.8%   801 1020s
   586   588 389730.575  316 2030 354037.481 392347.138  10.8%   803 1025s
   594   596 390491.083  320 2028 354037.481 392347.138  10.8%   801 1030s
   601   603 390452.706  324 2028 354037.481 392347.138  10.8%   800 1035s
   609   611 390412.884  328 2031 354037.481 392347.138  10.8%   798 1040s
   623   625 390363.176  335 2024 354037.481 392347.138  10.8%   789 1045s
   629   631 389471.288  338 2003 354037.481 392347.138  10.8%   793 1051s
   649   651 389971.279  349 2015 354037.481 392347.138  10.8%   774 1055s
   659   661 390201.413  354 1939 354037.481 392347.138  10.8%   770 1060s
   663   665 390226.896  356 1949 354037.481 392347.138  10.8%   774 1065s
   673   675 390121.815  361 2008 354037.481 392347.138  10.8%   771 1070s
   682   684 388974.627  367 2003 354037.481 392347.138  10.8%   772 1076s
   691   693 389939.973  371 1953 354037.481 392347.138  10.8%   768 1080s
   702   704 389199.928  377 1961 354037.481 392347.138  10.8%   767 1087s
   705   707 389201.194  378 1950 354037.481 392347.138  10.8%   770 1091s
   709   711 389208.074  380 1935 354037.481 392347.138  10.8%   773 1095s
   712   714 389168.495  382 2045 354037.481 392347.138  10.8%   782 1102s
   716   718 389202.617  384 1928 354037.481 392347.138  10.8%   785 1106s
   722   724 389895.221  387 1907 354037.481 392347.138  10.8%   784 1110s
   731   733 389183.030  391 1894 354037.481 392347.138  10.8%   783 1115s
   739   741 388839.583  396 1971 354037.481 392347.138  10.8%   784 1121s
H  747   747                    354220.29165 392347.138  10.8%   777 1130s
   759   761 389404.920  406 1876 354220.292 392347.138  10.8%   780 1135s
   767   769 389387.556  411 1874 354220.292 392347.138  10.8%   779 1140s
   770   772 388626.507  412 1857 354220.292 392347.138  10.8%   791 1148s
   776   778 389366.291  415 1871 354220.292 392347.138  10.8%   787 1150s
   790   792 389307.180  422 1815 354220.292 392347.138  10.8%   780 1155s
   796   798 388451.642  426 1882 354220.292 392347.138  10.8%   783 1161s
   804   806 387940.083  430 1926 354220.292 392347.138  10.8%   782 1166s
H  807   807                    354293.41079 392347.138  10.7%   780 1174s
H  807   807                    354335.86012 392347.138  10.7%   780 1177s
H  807   807                    354370.38008 392347.138  10.7%   780 1179s
H  807   807                    354513.73076 392347.138  10.7%   780 1181s
H  807   807                    354573.90679 392347.138  10.7%   780 1183s
H  807   807                    354602.02168 392347.138  10.6%   780 1185s
H  807   807                    354691.69723 392347.138  10.6%   780 1192s
H  807   807                    355094.97508 392347.138  10.5%   780 1193s
H  807   807                    355319.96433 392347.138  10.4%   780 1193s
H  807   807                    355386.47541 392347.138  10.4%   780 1194s
H  807   807                    355426.54277 392347.138  10.4%   780 1195s
H  807   807                    355684.19355 392347.138  10.3%   780 1196s
H  807   807                    355738.97074 392347.138  10.3%   780 1197s
H  807   807                    355770.87777 392347.138  10.3%   780 1199s
H  807   807                    355786.18374 392347.138  10.3%   780 1205s
H  807   807                    355815.32897 392347.138  10.3%   780 1207s
H  807   807                    355936.01136 392347.138  10.2%   780 1219s
H  807   807                    356003.74832 392347.138  10.2%   780 1248s
H  807   807                    356037.10530 392347.138  10.2%   780 1275s
   807   809 388714.178  432 1825 356037.105 392347.138  10.2%   780 1284s
   810   812 387924.887  433 1914 356037.105 392347.138  10.2%   783 1288s
   812   814 387920.701  434 1839 356037.105 392347.138  10.2%   787 1291s
   816   818 388684.357  436 1790 356037.105 392347.138  10.2%   790 1295s
   824   826 387927.180  440 1821 356037.105 392347.138  10.2%   792 1301s
   830   832 388658.933  444 1780 356037.105 392347.138  10.2%   791 1305s
   836   838 388638.713  447 1750 356037.105 392347.138  10.2%   793 1310s
   843   845 387894.763  450 1816 356037.105 392347.138  10.2%   797 1317s
   846   848 387877.976  452 1806 356037.105 392347.138  10.2%   804 1323s
   853   855 388567.634  456 1775 356037.105 392347.138  10.2%   800 1325s
   857   859 387811.124  458 1804 356037.105 392347.138  10.2%   807 1331s
   866   868 388474.956  463 1774 356037.105 392347.138  10.2%   804 1335s
   875   877 387726.146  470 1790 356037.105 392347.138  10.2%   804 1340s
   886   888 388408.642  477 1766 356037.105 392347.138  10.2%   799 1345s
   898   900 388364.081  483 1755 356037.105 392347.138  10.2%   795 1350s
   903   905 388085.500  486 1725 356037.105 392347.138  10.2%   798 1355s
   913   915 387995.375  491 1771 356037.105 392347.138  10.2%   797 1360s
   917   919 388239.630  493 1772 356037.105 392347.138  10.2%   800 1365s
   931   933 388205.115  500 1724 356037.105 392347.138  10.2%   795 1370s
   937   939 387442.558  503 1801 356037.105 392347.138  10.2%   800 1376s
   941   943 387479.919  505 1737 356037.105 392347.138  10.2%   803 1380s
   945   947 387409.270  507 1788 356037.105 392347.138  10.2%   810 1388s
   946   948 387417.354  508 1732 356037.105 392347.138  10.2%   815 1391s
   951   953 387373.705  510 1799 356037.105 392347.138  10.2%   816 1395s
   956   958 388067.622  513 1718 356037.105 392347.138  10.2%   819 1400s
   969   971 387396.916  520 1654 356037.105 392347.138  10.2%   819 1408s
   971   973 387343.005  521 1726 356037.105 392347.138  10.2%   821 1410s
H  979   979                    356044.93864 392347.138  10.2%   819 1433s
H  979   979                    356078.96224 392347.138  10.2%   819 1443s
H  979   979                    356080.53102 392347.138  10.2%   819 1459s
H  979   979                    356082.44718 392347.138  10.2%   819 1462s
H  979   979                    356105.44319 392347.138  10.2%   819 1471s
   979   981 387806.594  526 1696 356105.443 392347.138  10.2%   819 1493s
   980   982 387019.372  526 1697 356105.443 392347.138  10.2%   828 1498s
   981   983 384534.476  527 1754 356105.443 392347.138  10.2%   847 1510s
   982   984 385715.055  527 1669 356105.443 392347.138  10.2%   859 1517s
   988   990 384982.014  531 1668 356105.443 392347.138  10.2%   858 1520s
  1009  1011 385696.800  542 1631 356105.443 392347.138  10.2%   846 1525s
  1035  1037 385661.103  555 1613 356105.443 392347.138  10.2%   831 1530s
  1038  1038 infeasible  556      356105.443 392347.138  10.2%   855 1543s
  1040  1040 385141.199  557 1591 356105.443 392347.138  10.2%   855 1545s
  1058  1058 385637.594  566 1606 356105.443 392347.138  10.2%   848 1550s
  1068  1066 infeasible  572      356105.443 392347.138  10.2%   866 1563s
  1071  1067 infeasible  573      356105.443 392347.138  10.2%   875 1569s
  1075  1069 infeasible  575      356105.443 392347.138  10.2%   883 1574s
  1076  1070 385586.693  576 1648 356105.443 392347.138  10.2%   882 1575s
  1081  1073 infeasible  578      356105.443 392347.138  10.2%   894 1584s
  1083  1073 infeasible  579      356105.443 392347.138  10.2%   897 1586s
  1088  1076 385557.077  582 1610 356105.443 392347.138  10.2%   900 1590s
  1103  1089     cutoff  590      356105.443 392347.138  10.2%   905 1599s
  1104  1090 385504.284  590 1629 356105.443 392347.138  10.2%   904 1600s
  1109  1091 infeasible  592      356105.443 392347.138  10.2%   915 1607s
  1116  1098 385457.158  597 1583 356105.443 392347.138  10.2%   913 1610s
  1123  1101 385443.510  601 1562 356105.443 392347.138  10.2%   918 1615s
  1138  1114 385368.039  609 1576 356105.443 392347.138  10.2%   914 1620s
  1154  1130 385296.251  617 1535 356105.443 392347.138  10.2%   908 1625s
  1164  1136 infeasible  623      356105.443 392347.138  10.2%   912 1631s
  1167  1137 385266.880  625 1513 356105.443 392347.138  10.2%   916 1635s
  1179  1147 infeasible  632      356105.443 392347.138  10.2%   916 1641s
  1181  1147 infeasible  633      356105.443 392347.138  10.2%   923 1645s
  1183  1147 385201.546  634 1490 356105.443 392347.138  10.2%   930 1650s
  1188  1148 infeasible  637      356105.443 392347.138  10.2%   936 1656s
  1194  1148     cutoff  640      356105.443 392347.138  10.2%   940 1660s
  1198  1148 infeasible  643      356105.443 392347.138  10.2%   947 1665s
  1201  1149 infeasible  644      356105.443 392347.138  10.2%   955 1671s
  1208  1154 385098.350  648 1479 356105.443 392347.138  10.2%   956 1675s
  1210  1154 infeasible  649      356105.443 392347.138  10.2%   966 1681s
  1223  1165 infeasible  656      356105.443 392347.138  10.2%   967 1689s
  1225  1165 infeasible  657      356105.443 392347.138  10.2%   971 1692s
  1228  1166     cutoff  659      356105.443 392347.138  10.2%   974 1695s
  1242  1178 384978.257  667 1448 356105.443 392347.138  10.2%   970 1700s
  1250  1182 infeasible  671      356105.443 392347.138  10.2%   976 1706s
  1259  1187 384973.808  677 1472 356105.443 392347.138  10.2%   974 1710s
  1277  1201 infeasible  688      356105.443 392347.138  10.2%   970 1716s
  1282  1204 384295.594  690 1465 356105.443 392347.138  10.2%   972 1720s
  1299  1219 384272.092  700 1481 356105.443 392347.138  10.2%   967 1725s
  1307  1223 infeasible  704      356105.443 392347.138  10.2%   973 1731s
  1314  1228 384806.163  708 1446 356105.443 392347.138  10.2%   974 1735s
  1324  1234 infeasible  714      356105.443 392347.138  10.2%   976 1740s
  1335  1235 infeasible  720      356105.443 392347.138  10.2%   977 1745s
  1347  1239 infeasible  727      356105.443 392347.138  10.2%   982 1753s
  1354  1244     cutoff  730      356105.443 392347.138  10.2%   982 1755s
  1368  1252 infeasible  737      356105.443 392347.138  10.2%   981 1760s
  1381  1257 infeasible  744      356105.443 392347.138  10.2%   988 1768s
  1383  1257     cutoff  745      356105.443 392347.138  10.2%   994 1772s
  1387  1259     cutoff  747      356105.443 392347.138  10.2%   997 1775s
  1399  1264 infeasible  753      356105.443 392347.138  10.2%   998 1780s
  1412  1267 384108.238  760 1311 356105.443 392347.138  10.2%   997 1785s
  1421  1270     cutoff  765      356105.443 392347.138  10.2%  1002 1790s

Cutting planes:
  Gomory: 3
  Cover: 329
  Implied bound: 249
  MIR: 439
  Flow cover: 518
  Zero half: 5
  RLT: 6
  Relax-and-lift: 1
  BQP: 9

Explored 1431 nodes (1529500 simplex iterations) in 1800.05 seconds (2034.90 work units)
Thread count was 1 (of 72 available processors)

Solution count 10: 356105 356105 356082 ... 355815

Time limit reached
Best objective 3.561054431945e+05, best bound 3.923471190149e+05, gap 10.1772%
