machine_id,block_id,day,shift_id,assigned
fb_01,B10132,1,S1,1
fb_02,B30358,1,S1,1
fb_03,B18200,1,S1,1
fb_04,B30103,1,S1,1
fb_05,B14953,1,S1,1
fb_06,B14953,1,S1,1
fb_01,B10411,1,S2,1
fb_02,B32707,1,S2,1
fb_03,B5817,1,S2,1
fb_04,B14953,1,S2,1
fb_05,B14953,1,S2,1
fb_06,B10412,1,S2,1
fb_01,B32707,1,S3,1
fb_02,B35154,1,S3,1
fb_03,B9658,1,S3,1
fb_04,B14953,1,S3,1
fb_05,B14953,1,S3,1
fb_06,B32707,1,S3,1
fb_01,B11042,2,S1,1
fb_02,B5218,2,S1,1
fb_03,B18200,2,S1,1
fb_04,B14953,2,S1,1
fb_05,B14953,2,S1,1
fb_06,B32707,2,S1,1
sk_01,B10412,2,S1,1
sk_02,B9658,2,S1,1
sk_03,B9658,2,S1,1
sk_04,B10411,2,S1,1
sk_05,B10411,2,S1,1
sk_06,B10412,2,S1,1
fb_01,B11805,2,S2,1
fb_02,B5817,2,S2,1
fb_03,B5817,2,S2,1
fb_04,B14953,2,S2,1
fb_05,B14953,2,S2,1
fb_06,B32707,2,S2,1
sk_01,B10132,2,S2,1
sk_02,B9658,2,S2,1
sk_03,B10132,2,S2,1
sk_04,B10132,2,S2,1
sk_05,B10132,2,S2,1
sk_06,B5817,2,S2,1
fb_01,B13384,2,S3,1
fb_02,B6017,2,S3,1
fb_03,B9658,2,S3,1
fb_04,B30099,2,S3,1
fb_05,B30099,2,S3,1
fb_06,B32707,2,S3,1
sk_01,B5817,2,S3,1
sk_02,B5817,2,S3,1
sk_03,B18200,2,S3,1
sk_04,B18200,2,S3,1
sk_05,B32707,2,S3,1
sk_06,B32707,2,S3,1
fb_01,B14527,3,S1,1
fb_02,B9658,3,S1,1
fb_03,B18200,3,S1,1
fb_04,B30099,3,S1,1
fb_05,B30099,3,S1,1
fb_06,B32707,3,S1,1
pr_01,B10411,3,S1,1
pr_02,B10412,3,S1,1
pr_03,B10132,3,S1,1
pr_04,B10132,3,S1,1
pr_05,B9658,3,S1,1
pr_06,B5817,3,S1,1
sk_01,B11042,3,S1,1
sk_02,B9658,3,S1,1
sk_03,B11042,3,S1,1
sk_04,B11805,3,S1,1
sk_05,B6017,3,S1,1
sk_06,B6017,3,S1,1
fb_01,B18032,3,S2,1
fb_02,B10132,3,S2,1
fb_03,B5817,3,S2,1
fb_04,B30099,3,S2,1
fb_05,B30099,3,S2,1
fb_06,B32707,3,S2,1
pr_01,B18200,3,S2,1
sk_01,B11042,3,S2,1
sk_02,B9658,3,S2,1
sk_03,B9658,3,S2,1
sk_04,B6017,3,S2,1
sk_05,B6017,3,S2,1
sk_06,B11042,3,S2,1
fb_01,B18200,3,S3,1
fb_02,B18032,3,S3,1
fb_03,B9658,3,S3,1
fb_04,B30099,3,S3,1
fb_05,B30099,3,S3,1
fb_06,B32707,3,S3,1
sk_01,B5218,3,S3,1
sk_02,B11805,3,S3,1
sk_03,B11805,3,S3,1
sk_04,B11805,3,S3,1
sk_05,B11805,3,S3,1
sk_06,B13384,3,S3,1
fb_01,B20149,4,S1,1
fb_02,B18200,4,S1,1
fb_03,B18200,4,S1,1
fb_04,B30099,4,S1,1
fb_05,B30099,4,S1,1
fb_06,B32707,4,S1,1
ld_01,B9658,4,S1,1
ld_02,B10132,4,S1,1
ld_03,B10132,4,S1,1
ld_04,B10411,4,S1,1
ld_05,B10412,4,S1,1
ld_06,B10411,4,S1,1
pr_01,B11042,4,S1,1
pr_02,B11042,4,S1,1
pr_03,B11805,4,S1,1
pr_04,B11805,4,S1,1
pr_05,B6017,4,S1,1
pr_06,B9658,4,S1,1
sk_01,B10132,4,S1,1
sk_02,B9658,4,S1,1
sk_03,B9658,4,S1,1
sk_04,B10132,4,S1,1
sk_05,B10132,4,S1,1
sk_06,B10132,4,S1,1
fb_01,B20538,4,S2,1
fb_02,B20149,4,S2,1
fb_03,B5817,4,S2,1
fb_04,B30099,4,S2,1
fb_05,B30099,4,S2,1
fb_06,B32707,4,S2,1
ld_01,B10412,4,S2,1
ld_02,B10411,4,S2,1
ld_03,B10412,4,S2,1
pr_01,B9658,4,S2,1
sk_01,B13384,4,S2,1
sk_02,B9658,4,S2,1
sk_03,B9658,4,S2,1
sk_04,B13384,4,S2,1
sk_05,B14527,4,S2,1
sk_06,B14527,4,S2,1
fb_01,B20631,4,S3,1
fb_02,B20538,4,S3,1
fb_03,B9658,4,S3,1
fb_04,B30099,4,S3,1
fb_05,B30099,4,S3,1
fb_06,B32707,4,S3,1
sk_01,B9658,4,S3,1
sk_02,B9658,4,S3,1
sk_03,B9658,4,S3,1
sk_04,B9658,4,S3,1
sk_05,B5817,4,S3,1
sk_06,B5817,4,S3,1
fb_01,B20632,5,S1,1
fb_02,B20631,5,S1,1
fb_03,B18200,5,S1,1
fb_04,B30099,5,S1,1
fb_05,B30099,5,S1,1
fb_06,B32707,5,S1,1
ld_01,B9658,5,S1,1
ld_02,B9658,5,S1,1
ld_03,B6017,5,S1,1
ld_04,B11805,5,S1,1
ld_05,B11805,5,S1,1
ld_06,B11805,5,S1,1
pr_01,B10132,5,S1,1
pr_02,B10132,5,S1,1
pr_03,B13384,5,S1,1
pr_04,B13384,5,S1,1
pr_05,B9658,5,S1,1
pr_06,B9658,5,S1,1
sk_01,B9658,5,S1,1
sk_02,B9658,5,S1,1
sk_03,B9658,5,S1,1
sk_04,B9658,5,S1,1
sk_05,B5817,5,S1,1
sk_06,B5817,5,S1,1
fb_01,B20673,5,S2,1
fb_02,B20632,5,S2,1
fb_03,B5817,5,S2,1
fb_04,B30099,5,S2,1
fb_05,B30099,5,S2,1
fb_06,B32707,5,S2,1
ld_01,B11805,5,S2,1
ld_02,B11042,5,S2,1
ld_03,B11042,5,S2,1
ld_04,B11042,5,S2,1
ld_05,B11042,5,S2,1
pr_01,B9658,5,S2,1
pr_02,B9658,5,S2,1
pr_03,B5817,5,S2,1
pr_04,B5817,5,S2,1
pr_05,B14527,5,S2,1
sk_01,B5817,5,S2,1
sk_02,B5817,5,S2,1
sk_03,B5817,5,S2,1
sk_04,B5817,5,S2,1
sk_05,B5817,5,S2,1
sk_06,B5817,5,S2,1
fb_01,B21443,5,S3,1
fb_02,B20673,5,S3,1
fb_03,B9658,5,S3,1
fb_04,B30099,5,S3,1
fb_05,B30099,5,S3,1
fb_06,B32707,5,S3,1
sk_01,B5817,5,S3,1
sk_02,B5817,5,S3,1
sk_03,B5817,5,S3,1
sk_04,B5817,5,S3,1
sk_05,B18200,5,S3,1
sk_06,B18200,5,S3,1
fb_01,B21885,6,S1,1
fb_02,B21443,6,S1,1
fb_03,B18200,6,S1,1
fb_04,B30099,6,S1,1
fb_05,B30099,6,S1,1
fb_06,B32707,6,S1,1
ld_01,B9658,6,S1,1
ld_02,B9658,6,S1,1
ld_03,B9658,6,S1,1
ld_04,B9658,6,S1,1
ld_05,B5817,6,S1,1
ld_06,B5817,6,S1,1
pr_01,B9658,6,S1,1
pr_02,B9658,6,S1,1
pr_03,B5817,6,S1,1
pr_04,B5817,6,S1,1
pr_05,B5817,6,S1,1
pr_06,B5817,6,S1,1
sk_01,B9658,6,S1,1
sk_02,B9658,6,S1,1
sk_03,B9658,6,S1,1
sk_04,B9658,6,S1,1
sk_05,B5817,6,S1,1
sk_06,B5817,6,S1,1
fb_01,B21899,6,S2,1
fb_02,B21899,6,S2,1
fb_03,B5817,6,S2,1
fb_04,B30099,6,S2,1
fb_05,B30099,6,S2,1
fb_06,B32707,6,S2,1
ld_01,B10132,6,S2,1
ld_02,B10132,6,S2,1
ld_03,B10132,6,S2,1
ld_04,B13384,6,S2,1
ld_05,B13384,6,S2,1
pr_01,B5817,6,S2,1
pr_02,B5817,6,S2,1
pr_03,B5817,6,S2,1
pr_04,B18200,6,S2,1
sk_01,B5817,6,S2,1
sk_02,B5817,6,S2,1
sk_03,B18200,6,S2,1
sk_04,B18200,6,S2,1
sk_05,B18200,6,S2,1
sk_06,B18200,6,S2,1
fb_01,B22028,6,S3,1
fb_02,B22028,6,S3,1
fb_03,B9658,6,S3,1
fb_04,B30099,6,S3,1
fb_05,B30099,6,S3,1
fb_06,B32707,6,S3,1
sk_01,B18200,6,S3,1
sk_02,B18200,6,S3,1
sk_03,B18200,6,S3,1
sk_04,B18200,6,S3,1
sk_05,B18200,6,S3,1
sk_06,B18200,6,S3,1
fb_01,B26719,7,S1,1
fb_02,B30103,7,S1,1
fb_03,B18200,7,S1,1
fb_04,B30099,7,S1,1
fb_05,B30099,7,S1,1
fb_06,B32707,7,S1,1
ld_01,B9658,7,S1,1
ld_02,B9658,7,S1,1
ld_03,B9658,7,S1,1
ld_04,B5817,7,S1,1
ld_05,B5817,7,S1,1
ld_06,B5817,7,S1,1
pr_01,B9658,7,S1,1
pr_02,B9658,7,S1,1
pr_03,B9658,7,S1,1
pr_04,B5817,7,S1,1
pr_05,B5817,7,S1,1
pr_06,B5817,7,S1,1
sk_01,B9658,7,S1,1
sk_02,B9658,7,S1,1
sk_03,B9658,7,S1,1
sk_04,B5817,7,S1,1
sk_05,B5817,7,S1,1
sk_06,B5817,7,S1,1
fb_01,B30103,7,S2,1
fb_02,B31203,7,S2,1
fb_03,B5817,7,S2,1
fb_04,B30099,7,S2,1
fb_05,B30099,7,S2,1
fb_06,B32707,7,S2,1
ld_01,B5817,7,S2,1
ld_02,B5817,7,S2,1
ld_03,B5817,7,S2,1
ld_04,B5817,7,S2,1
ld_05,B18200,7,S2,1
pr_01,B18200,7,S2,1
pr_02,B18200,7,S2,1
pr_03,B18200,7,S2,1
pr_04,B18200,7,S2,1
pr_05,B18200,7,S2,1
pr_06,B18200,7,S2,1
sk_01,B18200,7,S2,1
sk_02,B18200,7,S2,1
sk_03,B18200,7,S2,1
sk_04,B18200,7,S2,1
sk_05,B20673,7,S2,1
sk_06,B20673,7,S2,1
fb_01,B31203,7,S3,1
fb_02,B31730,7,S3,1
fb_03,B9658,7,S3,1
fb_04,B30099,7,S3,1
fb_05,B30099,7,S3,1
fb_06,B32707,7,S3,1
pr_01,B18200,7,S3,1
pr_02,B18200,7,S3,1
sk_01,B20673,7,S3,1
sk_02,B20673,7,S3,1
sk_03,B20673,7,S3,1
sk_04,B20673,7,S3,1
sk_05,B20673,7,S3,1
sk_06,B20673,7,S3,1
fb_01,B31613,8,S1,1
fb_02,B32707,8,S1,1
fb_03,B18200,8,S1,1
fb_04,B30099,8,S1,1
fb_05,B30099,8,S1,1
fb_06,B11805,8,S1,1
ld_01,B9658,8,S1,1
ld_02,B9658,8,S1,1
ld_03,B9658,8,S1,1
ld_04,B5817,8,S1,1
ld_05,B5817,8,S1,1
ld_06,B5817,8,S1,1
pr_01,B20673,8,S1,1
pr_02,B20673,8,S1,1
pr_03,B9658,8,S1,1
pr_04,B5817,8,S1,1
pr_05,B5817,8,S1,1
pr_06,B18200,8,S1,1
sk_01,B9658,8,S1,1
sk_02,B9658,8,S1,1
sk_03,B9658,8,S1,1
sk_04,B9658,8,S1,1
sk_05,B5817,8,S1,1
sk_06,B5817,8,S1,1
fb_01,B31730,8,S2,1
fb_02,B35154,8,S2,1
fb_03,B5817,8,S2,1
fb_04,B30099,8,S2,1
fb_05,B30099,8,S2,1
fb_06,B11805,8,S2,1
ld_01,B18200,8,S2,1
ld_02,B18200,8,S2,1
ld_03,B18200,8,S2,1
ld_04,B18200,8,S2,1
ld_05,B18200,8,S2,1
ld_06,B18200,8,S2,1
pr_01,B18200,8,S2,1
pr_02,B18200,8,S2,1
sk_01,B5817,8,S2,1
sk_02,B5817,8,S2,1
sk_03,B18200,8,S2,1
sk_04,B18200,8,S2,1
sk_05,B18032,8,S2,1
sk_06,B20673,8,S2,1
fb_01,B32121,8,S3,1
fb_02,B5218,8,S3,1
fb_03,B9658,8,S3,1
fb_04,B30099,8,S3,1
fb_05,B30099,8,S3,1
fb_06,B11805,8,S3,1
ld_01,B18200,8,S3,1
sk_01,B18032,8,S3,1
sk_02,B20673,8,S3,1
sk_03,B18032,8,S3,1
sk_04,B20673,8,S3,1
sk_05,B18032,8,S3,1
sk_06,B20673,8,S3,1
fb_01,B22028,9,S1,1
fb_02,B5817,9,S1,1
fb_03,B18200,9,S1,1
fb_04,B30099,9,S1,1
fb_05,B30099,9,S1,1
fb_06,B22028,9,S1,1
ld_01,B9658,9,S1,1
ld_02,B5817,9,S1,1
ld_03,B5817,9,S1,1
ld_04,B18200,9,S1,1
ld_05,B18200,9,S1,1
ld_06,B20673,9,S1,1
pr_01,B20673,9,S1,1
pr_02,B18032,9,S1,1
pr_03,B9658,9,S1,1
pr_04,B9658,9,S1,1
pr_05,B5817,9,S1,1
pr_06,B9658,9,S1,1
sk_01,B5218,9,S1,1
sk_02,B9658,9,S1,1
sk_03,B9658,9,S1,1
sk_04,B5218,9,S1,1
sk_05,B11805,9,S1,1
sk_06,B11805,9,S1,1
fb_01,B35154,9,S2,1
fb_02,B6017,9,S2,1
fb_03,B5817,9,S2,1
fb_04,B30099,9,S2,1
fb_05,B30099,9,S2,1
fb_06,B22028,9,S2,1
ld_01,B20673,9,S2,1
ld_02,B20673,9,S2,1
pr_01,B5817,9,S2,1
pr_02,B18200,9,S2,1
sk_01,B5817,9,S2,1
sk_02,B11805,9,S2,1
sk_03,B11805,9,S2,1
sk_04,B18200,9,S2,1
sk_05,B18200,9,S2,1
sk_06,B18032,9,S2,1
fb_01,B4497,9,S3,1
fb_02,B9658,9,S3,1
fb_03,B9658,9,S3,1
fb_04,B30099,9,S3,1
fb_05,B30099,9,S3,1
fb_06,B22028,9,S3,1
sk_01,B20673,9,S3,1
sk_02,B18032,9,S3,1
sk_03,B18032,9,S3,1
sk_04,B11805,9,S3,1
sk_05,B11805,9,S3,1
sk_06,B11805,9,S3,1
fb_01,B5218,10,S1,1
fb_02,B18032,10,S1,1
fb_03,B18200,10,S1,1
fb_04,B30099,10,S1,1
fb_05,B30099,10,S1,1
fb_06,B22028,10,S1,1
ld_01,B9658,10,S1,1
ld_02,B9658,10,S1,1
ld_03,B9658,10,S1,1
ld_04,B5817,10,S1,1
ld_05,B20673,10,S1,1
ld_06,B18200,10,S1,1
pr_01,B11805,10,S1,1
pr_02,B18032,10,S1,1
pr_03,B11805,10,S1,1
pr_04,B11805,10,S1,1
pr_05,B5817,10,S1,1
pr_06,B20673,10,S1,1
sk_01,B4497,10,S1,1
sk_02,B9658,10,S1,1
sk_03,B9658,10,S1,1
sk_04,B6017,10,S1,1
sk_05,B6017,10,S1,1
sk_06,B4497,10,S1,1
fb_01,B5817,10,S2,1
fb_02,B18200,10,S2,1
fb_03,B5817,10,S2,1
fb_04,B30099,10,S2,1
fb_05,B30099,10,S2,1
fb_06,B22028,10,S2,1
ld_01,B5817,10,S2,1
ld_02,B20673,10,S2,1
ld_03,B18032,10,S2,1
pr_01,B5218,10,S2,1
pr_02,B5218,10,S2,1
pr_03,B9658,10,S2,1
pr_04,B18200,10,S2,1
pr_05,B18200,10,S2,1
sk_01,B11805,10,S2,1
sk_02,B9658,10,S2,1
sk_03,B9658,10,S2,1
sk_04,B6017,10,S2,1
sk_05,B11805,10,S2,1
sk_06,B11805,10,S2,1
fb_01,B6017,10,S3,1
fb_02,B20149,10,S3,1
fb_03,B9658,10,S3,1
fb_04,B30099,10,S3,1
fb_05,B30099,10,S3,1
fb_06,B22028,10,S3,1
sk_01,B9658,10,S3,1
sk_02,B5817,10,S3,1
sk_03,B5817,10,S3,1
sk_04,B11805,10,S3,1
sk_05,B11805,10,S3,1
sk_06,B11805,10,S3,1
fb_01,B9658,11,S1,1
fb_02,B20538,11,S1,1
fb_03,B18200,11,S1,1
fb_04,B30099,11,S1,1
fb_05,B30099,11,S1,1
fb_06,B22028,11,S1,1
ld_01,B9658,11,S1,1
ld_02,B9658,11,S1,1
ld_03,B5817,11,S1,1
ld_04,B18200,11,S1,1
ld_05,B18032,11,S1,1
ld_06,B18032,11,S1,1
pr_01,B11805,11,S1,1
pr_02,B11805,11,S1,1
pr_03,B4497,11,S1,1
pr_04,B6017,11,S1,1
pr_05,B5817,11,S1,1
pr_06,B6017,11,S1,1
sk_01,B5218,11,S1,1
sk_02,B9658,11,S1,1
sk_03,B5218,11,S1,1
sk_04,B6017,11,S1,1
sk_05,B6017,11,S1,1
sk_06,B11805,11,S1,1
fb_01,B10132,11,S2,1
fb_02,B20631,11,S2,1
fb_03,B5817,11,S2,1
fb_04,B30099,11,S2,1
fb_05,B30099,11,S2,1
fb_06,B22028,11,S2,1
ld_01,B18200,11,S2,1
ld_02,B20673,11,S2,1
ld_03,B20673,11,S2,1
ld_04,B5218,11,S2,1
ld_05,B5218,11,S2,1
ld_06,B11805,11,S2,1
pr_01,B9658,11,S2,1
pr_02,B9658,11,S2,1
sk_01,B6017,11,S2,1
sk_02,B9658,11,S2,1
sk_03,B9658,11,S2,1
sk_04,B6017,11,S2,1
sk_05,B5817,11,S2,1
sk_06,B6017,11,S2,1
fb_01,B22028,11,S3,1
fb_02,B20632,11,S3,1
fb_03,B9658,11,S3,1
fb_04,B30099,11,S3,1
fb_05,B30099,11,S3,1
fb_06,B22028,11,S3,1
ld_01,B11805,11,S3,1
ld_02,B11805,11,S3,1
ld_03,B11805,11,S3,1
ld_04,B11805,11,S3,1
ld_05,B11805,11,S3,1
ld_06,B11805,11,S3,1
sk_01,B5817,11,S3,1
sk_02,B5817,11,S3,1
sk_03,B9658,11,S3,1
sk_04,B9658,11,S3,1
sk_05,B9658,11,S3,1
sk_06,B9658,11,S3,1
fb_01,B13384,12,S1,1
fb_02,B20673,12,S1,1
fb_03,B18200,12,S1,1
fb_04,B30099,12,S1,1
fb_05,B30099,12,S1,1
fb_06,B22028,12,S1,1
ld_01,B9658,12,S1,1
ld_02,B9658,12,S1,1
ld_03,B5817,12,S1,1
ld_04,B6017,12,S1,1
ld_05,B6017,12,S1,1
ld_06,B6017,12,S1,1
pr_01,B6017,12,S1,1
pr_02,B6017,12,S1,1
pr_03,B5218,12,S1,1
pr_04,B11805,12,S1,1
pr_05,B5817,12,S1,1
pr_06,B5817,12,S1,1
sk_01,B10132,12,S1,1
sk_02,B9658,12,S1,1
sk_03,B9658,12,S1,1
sk_04,B10132,12,S1,1
sk_05,B10132,12,S1,1
sk_06,B10132,12,S1,1
fb_01,B14527,12,S2,1
fb_02,B21443,12,S2,1
fb_03,B5817,12,S2,1
fb_04,B30099,12,S2,1
fb_05,B12039,12,S2,1
fb_06,B12039,12,S2,1
ld_01,B6017,12,S2,1
ld_02,B4497,12,S2,1
ld_03,B11805,12,S2,1
ld_04,B11805,12,S2,1
ld_05,B11805,12,S2,1
ld_06,B11805,12,S2,1
pr_01,B5218,12,S2,1
pr_02,B11805,12,S2,1
pr_03,B9658,12,S2,1
pr_04,B9658,12,S2,1
pr_05,B9658,12,S2,1
pr_06,B9658,12,S2,1
sk_01,B9658,12,S2,1
sk_02,B9658,12,S2,1
sk_03,B9658,12,S2,1
sk_04,B9658,12,S2,1
sk_05,B9658,12,S2,1
sk_06,B9658,12,S2,1
fb_01,B18032,12,S3,1
fb_02,B21899,12,S3,1
fb_03,B9658,12,S3,1
fb_04,B12039,12,S3,1
fb_05,B12039,12,S3,1
fb_06,B22028,12,S3,1
sk_01,B5817,12,S3,1
sk_02,B5817,12,S3,1
sk_03,B5817,12,S3,1
sk_04,B5817,12,S3,1
sk_05,B5817,12,S3,1
sk_06,B5817,12,S3,1
fb_01,B18200,13,S1,1
fb_02,B22028,13,S1,1
fb_03,B18200,13,S1,1
fb_04,B12039,13,S1,1
fb_05,B12039,13,S1,1
fb_06,B22028,13,S1,1
ld_01,B9658,13,S1,1
ld_02,B9658,13,S1,1
ld_03,B9658,13,S1,1
ld_04,B9658,13,S1,1
ld_05,B5817,13,S1,1
ld_06,B5817,13,S1,1
pr_01,B10132,13,S1,1
pr_02,B10132,13,S1,1
pr_03,B10132,13,S1,1
pr_04,B9658,13,S1,1
pr_05,B5817,13,S1,1
pr_06,B5817,13,S1,1
sk_01,B13384,13,S1,1
sk_02,B9658,13,S1,1
sk_03,B9658,13,S1,1
sk_04,B13384,13,S1,1
sk_05,B13384,13,S1,1
sk_06,B12039,13,S1,1
fb_01,B18591,13,S2,1
fb_02,B30103,13,S2,1
fb_03,B5817,13,S2,1
fb_04,B12039,13,S2,1
fb_05,B12039,13,S2,1
fb_06,B11856,13,S2,1
ld_01,B6017,13,S2,1
ld_02,B6017,13,S2,1
ld_03,B6017,13,S2,1
ld_04,B6017,13,S2,1
ld_05,B5218,13,S2,1
ld_06,B5218,13,S2,1
pr_01,B9658,13,S2,1
pr_02,B9658,13,S2,1
pr_03,B9658,13,S2,1
pr_04,B9658,13,S2,1
pr_05,B5817,13,S2,1
pr_06,B5817,13,S2,1
sk_01,B12039,13,S2,1
sk_02,B9658,13,S2,1
sk_03,B9658,13,S2,1
sk_04,B12039,13,S2,1
sk_05,B14527,13,S2,1
sk_06,B14527,13,S2,1
fb_01,B20149,13,S3,1
fb_02,B31203,13,S3,1
fb_03,B9658,13,S3,1
fb_04,B11856,13,S3,1
fb_05,B11856,13,S3,1
fb_06,B18032,13,S3,1
ld_01,B11805,13,S3,1
ld_02,B11805,13,S3,1
ld_03,B11805,13,S3,1
ld_04,B11805,13,S3,1
sk_01,B5817,13,S3,1
sk_02,B5817,13,S3,1
sk_03,B5817,13,S3,1
sk_04,B5817,13,S3,1
sk_05,B5817,13,S3,1
sk_06,B5817,13,S3,1
fb_01,B20538,14,S1,1
fb_02,B31730,14,S1,1
fb_03,B18200,14,S1,1
fb_04,B11856,14,S1,1
fb_05,B11856,14,S1,1
fb_06,B18032,14,S1,1
ld_01,B9658,14,S1,1
ld_02,B9658,14,S1,1
ld_03,B9658,14,S1,1
ld_04,B9658,14,S1,1
ld_05,B9658,14,S1,1
ld_06,B9658,14,S1,1
pr_01,B13384,14,S1,1
pr_02,B13384,14,S1,1
pr_03,B9658,14,S1,1
pr_04,B9658,14,S1,1
pr_05,B5817,14,S1,1
pr_06,B5817,14,S1,1
sk_01,B11856,14,S1,1
sk_02,B9658,14,S1,1
sk_03,B9658,14,S1,1
sk_04,B11856,14,S1,1
sk_05,B12039,14,S1,1
sk_06,B12039,14,S1,1
fb_01,B20631,14,S2,1
fb_02,B18032,14,S2,1
fb_03,B5817,14,S2,1
fb_04,B11856,14,S2,1
fb_05,B11856,14,S2,1
fb_06,B18032,14,S2,1
ld_01,B5817,14,S2,1
ld_02,B10132,14,S2,1
ld_03,B10132,14,S2,1
ld_04,B5817,14,S2,1
ld_05,B5817,14,S2,1
ld_06,B5817,14,S2,1
pr_01,B5817,14,S2,1
pr_02,B14527,14,S2,1
pr_03,B14527,14,S2,1
pr_04,B5817,14,S2,1
pr_05,B12039,14,S2,1
pr_06,B12039,14,S2,1
sk_01,B12039,14,S2,1
sk_02,B9658,14,S2,1
sk_03,B9658,14,S2,1
sk_04,B12039,14,S2,1
sk_05,B18591,14,S2,1
sk_06,B5817,14,S2,1
fb_01,B20632,14,S3,1
fb_02,B35154,14,S3,1
fb_03,B9658,14,S3,1
fb_04,B11856,14,S3,1
fb_05,B11856,14,S3,1
fb_06,B18032,14,S3,1
ld_01,B10132,14,S3,1
ld_02,B10132,14,S3,1
pr_01,B12039,14,S3,1
sk_01,B5817,14,S3,1
sk_02,B5817,14,S3,1
sk_03,B5817,14,S3,1
sk_04,B5817,14,S3,1
sk_05,B5817,14,S3,1
sk_06,B5817,14,S3,1
fb_01,B20673,15,S1,1
fb_02,B5218,15,S1,1
fb_03,B18200,15,S1,1
fb_04,B14517,15,S1,1
fb_05,B14517,15,S1,1
fb_06,B18032,15,S1,1
ld_01,B9658,15,S1,1
ld_02,B9658,15,S1,1
ld_03,B5817,15,S1,1
ld_04,B5817,15,S1,1
ld_05,B5817,15,S1,1
ld_06,B5817,15,S1,1
pr_01,B18591,15,S1,1
pr_02,B9658,15,S1,1
pr_03,B9658,15,S1,1
pr_04,B5817,15,S1,1
pr_05,B5817,15,S1,1
pr_06,B5817,15,S1,1
sk_01,B11856,15,S1,1
sk_02,B9658,15,S1,1
sk_03,B9658,15,S1,1
sk_04,B11856,15,S1,1
sk_05,B11856,15,S1,1
sk_06,B11856,15,S1,1
fb_01,B21443,15,S2,1
fb_02,B5817,15,S2,1
fb_03,B5817,15,S2,1
fb_04,B14517,15,S2,1
fb_05,B8121,15,S2,1
fb_06,B8121,15,S2,1
ld_01,B12039,15,S2,1
ld_02,B12039,15,S2,1
ld_03,B14527,15,S2,1
ld_04,B13384,15,S2,1
ld_05,B14527,15,S2,1
ld_06,B13384,15,S2,1
pr_01,B12039,15,S2,1
pr_02,B12039,15,S2,1
pr_03,B5817,15,S2,1
pr_04,B12039,15,S2,1
pr_05,B12039,15,S2,1
pr_06,B11856,15,S2,1
sk_01,B9658,15,S2,1
sk_02,B5817,15,S2,1
sk_03,B5817,15,S2,1
sk_04,B5817,15,S2,1
sk_05,B5817,15,S2,1
sk_06,B5817,15,S2,1
fb_01,B21885,15,S3,1
fb_02,B6017,15,S3,1
fb_03,B9658,15,S3,1
fb_04,B8121,15,S3,1
fb_05,B8121,15,S3,1
fb_06,B18032,15,S3,1
pr_01,B11856,15,S3,1
pr_02,B11856,15,S3,1
sk_01,B5817,15,S3,1
sk_02,B5817,15,S3,1
sk_03,B18200,15,S3,1
sk_04,B18200,15,S3,1
sk_05,B18200,15,S3,1
sk_06,B18200,15,S3,1
fb_01,B21899,16,S1,1
fb_02,B9658,16,S1,1
fb_03,B18200,16,S1,1
fb_04,B8121,16,S1,1
fb_05,B8121,16,S1,1
fb_06,B18032,16,S1,1
ld_01,B12039,16,S1,1
ld_02,B9658,16,S1,1
ld_03,B9658,16,S1,1
ld_04,B5817,16,S1,1
ld_05,B5817,16,S1,1
ld_06,B5817,16,S1,1
pr_01,B9658,16,S1,1
pr_02,B9658,16,S1,1
pr_03,B5817,16,S1,1
pr_04,B5817,16,S1,1
pr_05,B5817,16,S1,1
pr_06,B18200,16,S1,1
sk_01,B5218,16,S1,1
sk_02,B9658,16,S1,1
sk_03,B8121,16,S1,1
sk_04,B5218,16,S1,1
sk_05,B6017,16,S1,1
sk_06,B6017,16,S1,1
fb_01,B18032,16,S2,1
fb_02,B18032,16,S2,1
fb_03,B5817,16,S2,1
fb_04,B8121,16,S2,1
fb_05,B8121,16,S2,1
fb_06,B18032,16,S2,1
ld_01,B5817,16,S2,1
ld_02,B11856,16,S2,1
ld_03,B12039,16,S2,1
ld_04,B12039,16,S2,1
ld_05,B18591,16,S2,1
pr_01,B18200,16,S2,1
pr_02,B11856,16,S2,1
pr_03,B11856,16,S2,1
pr_04,B5817,16,S2,1
pr_05,B5817,16,S2,1
pr_06,B18200,16,S2,1
sk_01,B6017,16,S2,1
sk_02,B9658,16,S2,1
sk_03,B9658,16,S2,1
sk_04,B6017,16,S2,1
sk_05,B14517,16,S2,1
sk_06,B9658,16,S2,1
fb_01,B26719,16,S3,1
fb_02,B18200,16,S3,1
fb_03,B9658,16,S3,1
fb_04,B8121,16,S3,1
fb_05,B8121,16,S3,1
fb_06,B18032,16,S3,1
pr_01,B11856,16,S3,1
pr_02,B11856,16,S3,1
pr_03,B11856,16,S3,1
pr_04,B11856,16,S3,1
sk_01,B5817,16,S3,1
sk_02,B5817,16,S3,1
sk_03,B5817,16,S3,1
sk_04,B5817,16,S3,1
sk_05,B5817,16,S3,1
sk_06,B5817,16,S3,1
fb_01,B30103,17,S1,1
fb_02,B20149,17,S1,1
fb_03,B18200,17,S1,1
fb_04,B30358,17,S1,1
fb_05,B30358,17,S1,1
fb_06,B18032,17,S1,1
ld_01,B9658,17,S1,1
ld_02,B9658,17,S1,1
ld_03,B9658,17,S1,1
ld_04,B5817,17,S1,1
ld_05,B5817,17,S1,1
ld_06,B18200,17,S1,1
pr_01,B6017,17,S1,1
pr_02,B6017,17,S1,1
pr_03,B5218,17,S1,1
pr_04,B5218,17,S1,1
pr_05,B5817,17,S1,1
pr_06,B5817,17,S1,1
sk_01,B8121,17,S1,1
sk_02,B9658,17,S1,1
sk_03,B9658,17,S1,1
sk_04,B9658,17,S1,1
sk_05,B9658,17,S1,1
sk_06,B9658,17,S1,1
fb_01,B31203,17,S2,1
fb_02,B20538,17,S2,1
fb_03,B5817,17,S2,1
fb_04,B30358,17,S2,1
fb_05,B30358,17,S2,1
fb_06,B18032,17,S2,1
ld_01,B11856,17,S2,1
ld_02,B5817,17,S2,1
ld_03,B5817,17,S2,1
ld_04,B18200,17,S2,1
ld_05,B11856,17,S2,1
ld_06,B11856,17,S2,1
pr_01,B9658,17,S2,1
pr_02,B9658,17,S2,1
pr_03,B5817,17,S2,1
pr_04,B8121,17,S2,1
pr_05,B8121,17,S2,1
pr_06,B14517,17,S2,1
sk_01,B9658,17,S2,1
sk_02,B9658,17,S2,1
sk_03,B5817,17,S2,1
sk_04,B5817,17,S2,1
sk_05,B5817,17,S2,1
sk_06,B5817,17,S2,1
fb_01,B31613,17,S3,1
fb_02,B20631,17,S3,1
fb_03,B9658,17,S3,1
fb_04,B30358,17,S3,1
fb_05,B30358,17,S3,1
fb_06,B18032,17,S3,1
sk_01,B18200,17,S3,1
sk_02,B18200,17,S3,1
sk_03,B18200,17,S3,1
sk_04,B18200,17,S3,1
sk_05,B18200,17,S3,1
sk_06,B18200,17,S3,1
fb_01,B31730,18,S1,1
fb_02,B20632,18,S1,1
fb_03,B18200,18,S1,1
fb_04,B30358,18,S1,1
fb_05,B30358,18,S1,1
fb_06,B18032,18,S1,1
ld_01,B9658,18,S1,1
ld_02,B9658,18,S1,1
ld_03,B6017,18,S1,1
ld_04,B5817,18,S1,1
ld_05,B5817,18,S1,1
ld_06,B5817,18,S1,1
pr_01,B9658,18,S1,1
pr_02,B9658,18,S1,1
pr_03,B9658,18,S1,1
pr_04,B9658,18,S1,1
pr_05,B5817,18,S1,1
pr_06,B5817,18,S1,1
sk_01,B9658,18,S1,1
sk_02,B9658,18,S1,1
sk_03,B9658,18,S1,1
sk_04,B9658,18,S1,1
sk_05,B5817,18,S1,1
sk_06,B5817,18,S1,1
fb_01,B32121,18,S2,1
fb_02,B20673,18,S2,1
fb_03,B5817,18,S2,1
fb_04,B30358,18,S2,1
fb_05,B30358,18,S2,1
fb_06,B18032,18,S2,1
ld_01,B6017,18,S2,1
ld_02,B6017,18,S2,1
ld_03,B6017,18,S2,1
ld_04,B5218,18,S2,1
ld_05,B5218,18,S2,1
ld_06,B8121,18,S2,1
pr_01,B5817,18,S2,1
pr_02,B18200,18,S2,1
pr_03,B18200,18,S2,1
pr_04,B8121,18,S2,1
pr_05,B8121,18,S2,1
pr_06,B18200,18,S2,1
sk_01,B5817,18,S2,1
sk_02,B5817,18,S2,1
sk_03,B18200,18,S2,1
sk_04,B18200,18,S2,1
sk_05,B18200,18,S2,1
sk_06,B18200,18,S2,1
fb_01,B18032,18,S3,1
fb_02,B21443,18,S3,1
fb_03,B9658,18,S3,1
fb_04,B30358,18,S3,1
fb_05,B30358,18,S3,1
fb_06,B18032,18,S3,1
pr_01,B18200,18,S3,1
sk_01,B18200,18,S3,1
sk_02,B18200,18,S3,1
sk_03,B18200,18,S3,1
sk_04,B18200,18,S3,1
sk_05,B18200,18,S3,1
sk_06,B18200,18,S3,1
fb_01,B35154,19,S1,1
fb_02,B21899,19,S1,1
fb_03,B18200,19,S1,1
fb_04,B30358,19,S1,1
fb_05,B30358,19,S1,1
fb_06,B18032,19,S1,1
ld_01,B9658,19,S1,1
ld_02,B9658,19,S1,1
ld_03,B9658,19,S1,1
ld_04,B9658,19,S1,1
ld_05,B5817,19,S1,1
ld_06,B5817,19,S1,1
pr_01,B9658,19,S1,1
pr_02,B9658,19,S1,1
pr_03,B5817,19,S1,1
pr_04,B5817,19,S1,1
pr_05,B5817,19,S1,1
pr_06,B18200,19,S1,1
sk_01,B9658,19,S1,1
sk_02,B9658,19,S1,1
sk_03,B9658,19,S1,1
sk_04,B9658,19,S1,1
sk_05,B5817,19,S1,1
sk_06,B5817,19,S1,1
fb_01,B4497,19,S2,1
fb_02,B18032,19,S2,1
fb_03,B5817,19,S2,1
fb_04,B30358,19,S2,1
fb_05,B30358,19,S2,1
fb_06,B18032,19,S2,1
ld_01,B5817,19,S2,1
ld_02,B18200,19,S2,1
ld_03,B18200,19,S2,1
ld_04,B8121,19,S2,1
ld_05,B18200,19,S2,1
pr_01,B18200,19,S2,1
pr_02,B18200,19,S2,1
pr_03,B18200,19,S2,1
pr_04,B18200,19,S2,1
pr_05,B18200,19,S2,1
pr_06,B18200,19,S2,1
sk_01,B5817,19,S2,1
sk_02,B5817,19,S2,1
sk_03,B18200,19,S2,1
sk_04,B18200,19,S2,1
sk_05,B18200,19,S2,1
sk_06,B18200,19,S2,1
fb_01,B5218,19,S3,1
fb_02,B30103,19,S3,1
fb_03,B9658,19,S3,1
fb_04,B30358,19,S3,1
fb_05,B30358,19,S3,1
fb_06,B18032,19,S3,1
pr_01,B18200,19,S3,1
sk_01,B18200,19,S3,1
sk_02,B18200,19,S3,1
sk_03,B18200,19,S3,1
sk_04,B18200,19,S3,1
sk_05,B18200,19,S3,1
sk_06,B18200,19,S3,1
fb_01,B5817,20,S1,1
fb_02,B31203,20,S1,1
fb_03,B18200,20,S1,1
fb_04,B30358,20,S1,1
fb_05,B30358,20,S1,1
fb_06,B18032,20,S1,1
ld_01,B9658,20,S1,1
ld_02,B9658,20,S1,1
ld_03,B5817,20,S1,1
ld_04,B5817,20,S1,1
ld_05,B5817,20,S1,1
ld_06,B18200,20,S1,1
pr_01,B9658,20,S1,1
pr_02,B9658,20,S1,1
pr_03,B5817,20,S1,1
pr_04,B5817,20,S1,1
pr_05,B18200,20,S1,1
pr_06,B18200,20,S1,1
sk_01,B5218,20,S1,1
sk_02,B9658,20,S1,1
sk_03,B9658,20,S1,1
sk_04,B4497,20,S1,1
sk_05,B4497,20,S1,1
sk_06,B4497,20,S1,1
fb_01,B6017,20,S2,1
fb_02,B31730,20,S2,1
fb_03,B5817,20,S2,1
fb_04,B30358,20,S2,1
fb_05,B30358,20,S2,1
fb_06,B18032,20,S2,1
ld_01,B18200,20,S2,1
ld_02,B18200,20,S2,1
ld_03,B18200,20,S2,1
ld_04,B18200,20,S2,1
ld_05,B18200,20,S2,1
ld_06,B18200,20,S2,1
pr_01,B18200,20,S2,1
pr_02,B18200,20,S2,1
pr_03,B18200,20,S2,1
pr_04,B18200,20,S2,1
pr_05,B18200,20,S2,1
sk_01,B9658,20,S2,1
sk_02,B5817,20,S2,1
sk_03,B5817,20,S2,1
sk_04,B5817,20,S2,1
sk_05,B18200,20,S2,1
sk_06,B18200,20,S2,1
fb_01,B9658,20,S3,1
fb_02,B18032,20,S3,1
fb_03,B9658,20,S3,1
fb_04,B30358,20,S3,1
fb_05,B30358,20,S3,1
fb_06,B18032,20,S3,1
sk_01,B20673,20,S3,1
sk_02,B20673,20,S3,1
sk_03,B18032,20,S3,1
sk_04,B20673,20,S3,1
sk_05,B18032,20,S3,1
sk_06,B20673,20,S3,1
fb_01,B10132,21,S1,1
fb_02,B35154,21,S1,1
fb_03,B18200,21,S1,1
fb_04,B30358,21,S1,1
fb_05,B30358,21,S1,1
fb_06,B18032,21,S1,1
ld_01,B9658,21,S1,1
ld_02,B9658,21,S1,1
ld_03,B9658,21,S1,1
ld_04,B5817,21,S1,1
ld_05,B5817,21,S1,1
ld_06,B18200,21,S1,1
pr_01,B4497,21,S1,1
pr_02,B4497,21,S1,1
pr_03,B20673,21,S1,1
pr_04,B18032,21,S1,1
pr_05,B5817,21,S1,1
pr_06,B5817,21,S1,1
sk_01,B6017,21,S1,1
sk_02,B9658,21,S1,1
sk_03,B9658,21,S1,1
sk_04,B6017,21,S1,1
sk_05,B6017,21,S1,1
sk_06,B6017,21,S1,1
fb_01,B18032,21,S2,1
fb_02,B5218,21,S2,1
fb_03,B5817,21,S2,1
fb_04,B30358,21,S2,1
fb_05,B30358,21,S2,1
fb_06,B18032,21,S2,1
ld_01,B18200,21,S2,1
ld_02,B18200,21,S2,1
ld_03,B18200,21,S2,1
ld_04,B18200,21,S2,1
ld_05,B18200,21,S2,1
pr_01,B5218,21,S2,1
pr_02,B4497,21,S2,1
pr_03,B18200,21,S2,1
pr_04,B18200,21,S2,1
pr_05,B9658,21,S2,1
pr_06,B9658,21,S2,1
sk_01,B6017,21,S2,1
sk_02,B9658,21,S2,1
sk_03,B9658,21,S2,1
sk_04,B9658,21,S2,1
sk_05,B9658,21,S2,1
sk_06,B9658,21,S2,1
fb_01,B13384,21,S3,1
fb_02,B5817,21,S3,1
fb_03,B9658,21,S3,1
fb_04,B30358,21,S3,1
fb_05,B30358,21,S3,1
fb_06,B18032,21,S3,1
sk_01,B9658,21,S3,1
sk_02,B5817,21,S3,1
sk_03,B5817,21,S3,1
sk_04,B5817,21,S3,1
sk_05,B5817,21,S3,1
sk_06,B5817,21,S3,1
fb_01,B14527,22,S1,1
fb_02,B6017,22,S1,1
fb_03,B18200,22,S1,1
fb_04,B30358,22,S1,1
fb_05,B30358,22,S1,1
fb_06,B20673,22,S1,1
ld_01,B9658,22,S1,1
ld_02,B9658,22,S1,1
ld_03,B5817,22,S1,1
ld_04,B5817,22,S1,1
ld_05,B18200,22,S1,1
ld_06,B18200,22,S1,1
pr_01,B6017,22,S1,1
pr_02,B6017,22,S1,1
pr_03,B6017,22,S1,1
pr_04,B9658,22,S1,1
pr_05,B5817,22,S1,1
pr_06,B5817,22,S1,1
sk_01,B5218,22,S1,1
sk_02,B9658,22,S1,1
sk_03,B9658,22,S1,1
sk_04,B5218,22,S1,1
sk_05,B10132,22,S1,1
sk_06,B10132,22,S1,1
fb_01,B20673,22,S2,1
fb_02,B9658,22,S2,1
fb_03,B5817,22,S2,1
fb_04,B30358,22,S2,1
fb_05,B30358,22,S2,1
fb_06,B20673,22,S2,1
ld_01,B20673,22,S2,1
ld_02,B4497,22,S2,1
ld_03,B18032,22,S2,1
ld_04,B5218,22,S2,1
ld_05,B4497,22,S2,1
ld_06,B20673,22,S2,1
pr_01,B9658,22,S2,1
pr_02,B9658,22,S2,1
pr_03,B9658,22,S2,1
pr_04,B5817,22,S2,1
sk_01,B10132,22,S2,1
sk_02,B9658,22,S2,1
sk_03,B10132,22,S2,1
sk_04,B13384,22,S2,1
sk_05,B13384,22,S2,1
sk_06,B13384,22,S2,1
fb_01,B18200,22,S3,1
fb_02,B20673,22,S3,1
fb_03,B9658,22,S3,1
fb_04,B30358,22,S3,1
fb_05,B30358,22,S3,1
fb_06,B20673,22,S3,1
ld_01,B4497,22,S3,1
ld_02,B18032,22,S3,1
ld_03,B4497,22,S3,1
sk_01,B9658,22,S3,1
sk_02,B5817,22,S3,1
sk_03,B5817,22,S3,1
sk_04,B5817,22,S3,1
sk_05,B5817,22,S3,1
sk_06,B5817,22,S3,1
fb_01,B20149,23,S1,1
fb_02,B18200,23,S1,1
fb_03,B18200,23,S1,1
fb_04,B30358,23,S1,1
fb_05,B30358,23,S1,1
fb_06,B20673,23,S1,1
ld_01,B9658,23,S1,1
ld_02,B9658,23,S1,1
ld_03,B9658,23,S1,1
ld_04,B9658,23,S1,1
ld_05,B5817,23,S1,1
ld_06,B5817,23,S1,1
pr_01,B10132,23,S1,1
pr_02,B10132,23,S1,1
pr_03,B13384,23,S1,1
pr_04,B13384,23,S1,1
pr_05,B5218,23,S1,1
pr_06,B9658,23,S1,1
sk_01,B6017,23,S1,1
sk_02,B9658,23,S1,1
sk_03,B9658,23,S1,1
sk_04,B5817,23,S1,1
sk_05,B5817,23,S1,1
sk_06,B6017,23,S1,1
fb_01,B20538,23,S2,1
fb_02,B20149,23,S2,1
fb_03,B5817,23,S2,1
fb_04,B30358,23,S2,1
fb_05,B30358,23,S2,1
fb_06,B20673,23,S2,1
ld_01,B5817,23,S2,1
ld_02,B6017,23,S2,1
ld_03,B6017,23,S2,1
ld_04,B6017,23,S2,1
ld_05,B6017,23,S2,1
ld_06,B6017,23,S2,1
pr_01,B9658,23,S2,1
pr_02,B9658,23,S2,1
pr_03,B5817,23,S2,1
pr_04,B5817,23,S2,1
pr_05,B5817,23,S2,1
sk_01,B6017,23,S2,1
sk_02,B9658,23,S2,1
sk_03,B9658,23,S2,1
sk_04,B5817,23,S2,1
sk_05,B6017,23,S2,1
sk_06,B14527,23,S2,1
fb_01,B20631,23,S3,1
fb_02,B20538,23,S3,1
fb_03,B9658,23,S3,1
fb_04,B30358,23,S3,1
fb_05,B30358,23,S3,1
fb_06,B20673,23,S3,1
ld_01,B6017,23,S3,1
sk_01,B14527,23,S3,1
sk_02,B9658,23,S3,1
sk_03,B14527,23,S3,1
sk_04,B5817,23,S3,1
sk_05,B5817,23,S3,1
sk_06,B9658,23,S3,1
fb_01,B20632,24,S1,1
fb_02,B20631,24,S1,1
fb_03,B18200,24,S1,1
fb_04,B30358,24,S1,1
fb_05,B30358,24,S1,1
fb_06,B20673,24,S1,1
ld_01,B9658,24,S1,1
ld_02,B9658,24,S1,1
ld_03,B9658,24,S1,1
ld_04,B9658,24,S1,1
ld_05,B5817,24,S1,1
ld_06,B5817,24,S1,1
pr_01,B6017,24,S1,1
pr_02,B6017,24,S1,1
pr_03,B9658,24,S1,1
pr_04,B9658,24,S1,1
pr_05,B9658,24,S1,1
pr_06,B5817,24,S1,1
sk_01,B9658,24,S1,1
sk_02,B9658,24,S1,1
sk_03,B9658,24,S1,1
sk_04,B5817,24,S1,1
sk_05,B5817,24,S1,1
sk_06,B9658,24,S1,1
fb_01,B20673,24,S2,1
fb_02,B20632,24,S2,1
fb_03,B5817,24,S2,1
fb_04,B30358,24,S2,1
fb_05,B30358,24,S2,1
fb_06,B20673,24,S2,1
ld_01,B10132,24,S2,1
ld_02,B5817,24,S2,1
ld_03,B10132,24,S2,1
ld_04,B5218,24,S2,1
ld_05,B5218,24,S2,1
ld_06,B10132,24,S2,1
pr_01,B5817,24,S2,1
pr_02,B5817,24,S2,1
pr_03,B5817,24,S2,1
pr_04,B14527,24,S2,1
pr_05,B14527,24,S2,1
pr_06,B14527,24,S2,1
sk_01,B9658,24,S2,1
sk_02,B5817,24,S2,1
sk_03,B5817,24,S2,1
sk_04,B5817,24,S2,1
sk_05,B5817,24,S2,1
sk_06,B18200,24,S2,1
fb_01,B21443,24,S3,1
fb_02,B20673,24,S3,1
fb_03,B9658,24,S3,1
fb_04,B30358,24,S3,1
fb_05,B30358,24,S3,1
fb_06,B20673,24,S3,1
ld_01,B13384,24,S3,1
ld_02,B13384,24,S3,1
ld_03,B13384,24,S3,1
pr_01,B14527,24,S3,1
sk_01,B18200,24,S3,1
sk_02,B18200,24,S3,1
sk_03,B18200,24,S3,1
sk_04,B18200,24,S3,1
sk_05,B18200,24,S3,1
sk_06,B18200,24,S3,1
fb_01,B21885,25,S1,1
fb_02,B21443,25,S1,1
fb_03,B18200,25,S1,1
fb_04,B30358,25,S1,1
fb_05,B30358,25,S1,1
fb_06,B20673,25,S1,1
ld_01,B9658,25,S1,1
ld_02,B9658,25,S1,1
ld_03,B9658,25,S1,1
ld_04,B5817,25,S1,1
ld_05,B5817,25,S1,1
ld_06,B5817,25,S1,1
pr_01,B9658,25,S1,1
pr_02,B9658,25,S1,1
pr_03,B9658,25,S1,1
pr_04,B5817,25,S1,1
pr_05,B5817,25,S1,1
pr_06,B5817,25,S1,1
sk_01,B9658,25,S1,1
sk_02,B9658,25,S1,1
sk_03,B9658,25,S1,1
sk_04,B5817,25,S1,1
sk_05,B5817,25,S1,1
sk_06,B5817,25,S1,1
fb_01,B21899,25,S2,1
fb_02,B21899,25,S2,1
fb_03,B5817,25,S2,1
fb_04,B30358,25,S2,1
fb_05,B30358,25,S2,1
fb_06,B20673,25,S2,1
ld_01,B5817,25,S2,1
ld_02,B6017,25,S2,1
ld_03,B6017,25,S2,1
ld_04,B6017,25,S2,1
ld_05,B6017,25,S2,1
ld_06,B14527,25,S2,1
pr_01,B18200,25,S2,1
pr_02,B18200,25,S2,1
pr_03,B18200,25,S2,1
pr_04,B18200,25,S2,1
pr_05,B18200,25,S2,1
sk_01,B5817,25,S2,1
sk_02,B18200,25,S2,1
sk_03,B18200,25,S2,1
sk_04,B18200,25,S2,1
sk_05,B18200,25,S2,1
sk_06,B18200,25,S2,1
fb_01,B20673,25,S3,1
fb_02,B30103,25,S3,1
fb_03,B9658,25,S3,1
fb_04,B30358,25,S3,1
fb_05,B30358,25,S3,1
fb_06,B20673,25,S3,1
ld_01,B14527,25,S3,1
ld_02,B14527,25,S3,1
sk_01,B18200,25,S3,1
sk_02,B18200,25,S3,1
sk_03,B18200,25,S3,1
sk_04,B18200,25,S3,1
sk_05,B18032,25,S3,1
sk_06,B18032,25,S3,1
fb_01,B26719,26,S1,1
fb_02,B31203,26,S1,1
fb_03,B18200,26,S1,1
fb_04,B30358,26,S1,1
fb_05,B30358,26,S1,1
fb_06,B20673,26,S1,1
ld_01,B9658,26,S1,1
ld_02,B9658,26,S1,1
ld_03,B9658,26,S1,1
ld_04,B5817,26,S1,1
ld_05,B5817,26,S1,1
ld_06,B5817,26,S1,1
pr_01,B18032,26,S1,1
pr_02,B9658,26,S1,1
pr_03,B5817,26,S1,1
pr_04,B5817,26,S1,1
pr_05,B18200,26,S1,1
pr_06,B5817,26,S1,1
sk_01,B9658,26,S1,1
sk_02,B9658,26,S1,1
sk_03,B9658,26,S1,1
sk_04,B5817,26,S1,1
sk_05,B5817,26,S1,1
sk_06,B9658,26,S1,1
fb_01,B30103,26,S2,1
fb_02,B31730,26,S2,1
fb_03,B5817,26,S2,1
fb_04,B30358,26,S2,1
fb_05,B30358,26,S2,1
fb_06,B20673,26,S2,1
ld_01,B18200,26,S2,1
ld_02,B18200,26,S2,1
ld_03,B18200,26,S2,1
ld_04,B18200,26,S2,1
pr_01,B18200,26,S2,1
pr_02,B18200,26,S2,1
pr_03,B18200,26,S2,1
pr_04,B18200,26,S2,1
pr_05,B18200,26,S2,1
pr_06,B18200,26,S2,1
sk_01,B5817,26,S2,1
sk_02,B18200,26,S2,1
sk_03,B18200,26,S2,1
sk_04,B20673,26,S2,1
sk_05,B18032,26,S2,1
sk_06,B18200,26,S2,1
fb_01,B31203,26,S3,1
fb_02,B20673,26,S3,1
fb_03,B9658,26,S3,1
fb_04,B30358,26,S3,1
fb_05,B30358,26,S3,1
fb_06,B20673,26,S3,1
sk_01,B18032,26,S3,1
sk_02,B20673,26,S3,1
sk_03,B18032,26,S3,1
sk_04,B20673,26,S3,1
sk_05,B20673,26,S3,1
sk_06,B20673,26,S3,1
fb_01,B31613,27,S1,1
fb_02,B35154,27,S1,1
fb_03,B18200,27,S1,1
fb_04,B30358,27,S1,1
fb_05,B30358,27,S1,1
fb_06,B20673,27,S1,1
ld_01,B9658,27,S1,1
ld_02,B9658,27,S1,1
ld_03,B5817,27,S1,1
ld_04,B5817,27,S1,1
ld_05,B5817,27,S1,1
ld_06,B18200,27,S1,1
pr_01,B20673,27,S1,1
pr_02,B18032,27,S1,1
pr_03,B9658,27,S1,1
pr_04,B9658,27,S1,1
pr_05,B9658,27,S1,1
pr_06,B5817,27,S1,1
sk_01,B9658,27,S1,1
sk_02,B9658,27,S1,1
sk_03,B9658,27,S1,1
sk_04,B5817,27,S1,1
sk_05,B5817,27,S1,1
sk_06,B9658,27,S1,1
fb_01,B31730,27,S2,1
fb_02,B5218,27,S2,1
fb_03,B5817,27,S2,1
fb_04,B30358,27,S2,1
fb_05,B30358,27,S2,1
fb_06,B20673,27,S2,1
ld_01,B18200,27,S2,1
ld_02,B18200,27,S2,1
ld_03,B18200,27,S2,1
ld_04,B18200,27,S2,1
ld_05,B18032,27,S2,1
pr_01,B5817,27,S2,1
pr_02,B18200,27,S2,1
pr_03,B18200,27,S2,1
sk_01,B5817,27,S2,1
sk_02,B5817,27,S2,1
sk_03,B20673,27,S2,1
sk_04,B18200,27,S2,1
sk_05,B18032,27,S2,1
sk_06,B18200,27,S2,1
fb_01,B32121,27,S3,1
fb_02,B5817,27,S3,1
fb_03,B9658,27,S3,1
fb_04,B30358,27,S3,1
fb_05,B30358,27,S3,1
fb_06,B20673,27,S3,1
sk_01,B18032,27,S3,1
sk_02,B18032,27,S3,1
sk_03,B20673,27,S3,1
sk_04,B20673,27,S3,1
sk_05,B18032,27,S3,1
sk_06,B20673,27,S3,1
fb_01,B20673,28,S1,1
fb_02,B6017,28,S1,1
fb_03,B18200,28,S1,1
fb_04,B30358,28,S1,1
fb_05,B30358,28,S1,1
fb_06,B20673,28,S1,1
ld_01,B9658,28,S1,1
ld_02,B9658,28,S1,1
ld_03,B9658,28,S1,1
ld_04,B5817,28,S1,1
ld_05,B18200,28,S1,1
ld_06,B5817,28,S1,1
pr_01,B20673,28,S1,1
pr_02,B18032,28,S1,1
pr_03,B20673,28,S1,1
pr_04,B9658,28,S1,1
pr_05,B9658,28,S1,1
pr_06,B5817,28,S1,1
sk_01,B9658,28,S1,1
sk_02,B9658,28,S1,1
sk_03,B5218,28,S1,1
sk_04,B5817,28,S1,1
sk_05,B5817,28,S1,1
sk_06,B5218,28,S1,1
fb_01,B35154,28,S2,1
fb_02,B9658,28,S2,1
fb_03,B5817,28,S2,1
fb_04,B30358,28,S2,1
fb_05,B30358,28,S2,1
fb_06,B20673,28,S2,1
ld_01,B20673,28,S2,1
ld_02,B18200,28,S2,1
ld_03,B20673,28,S2,1
ld_04,B18032,28,S2,1
ld_05,B18032,28,S2,1
pr_01,B18200,28,S2,1
pr_02,B18200,28,S2,1
pr_03,B5817,28,S2,1
sk_01,B9658,28,S2,1
sk_02,B5817,28,S2,1
sk_03,B5817,28,S2,1
sk_04,B5817,28,S2,1
sk_05,B5817,28,S2,1
sk_06,B5817,28,S2,1
fb_01,B4497,28,S3,1
fb_02,B20673,28,S3,1
fb_03,B9658,28,S3,1
fb_04,B30358,28,S3,1
fb_05,B30358,28,S3,1
fb_06,B20673,28,S3,1
sk_01,B18200,28,S3,1
sk_02,B18200,28,S3,1
sk_03,B18032,28,S3,1
sk_04,B18032,28,S3,1
sk_05,B20673,28,S3,1
sk_06,B20673,28,S3,1
fb_01,B5218,29,S1,1
fb_02,B18200,29,S1,1
fb_03,B18200,29,S1,1
fb_04,B30358,29,S1,1
fb_05,B30358,29,S1,1
fb_06,B20673,29,S1,1
ld_01,B9658,29,S1,1
ld_02,B9658,29,S1,1
ld_03,B5817,29,S1,1
ld_04,B5817,29,S1,1
ld_05,B20673,29,S1,1
ld_06,B18200,29,S1,1
pr_01,B18032,29,S1,1
pr_02,B5218,29,S1,1
pr_03,B5218,29,S1,1
pr_04,B9658,29,S1,1
pr_05,B5817,29,S1,1
pr_06,B5817,29,S1,1
sk_01,B9658,29,S1,1
sk_02,B9658,29,S1,1
sk_03,B4497,29,S1,1
sk_04,B5817,29,S1,1
sk_05,B5817,29,S1,1
sk_06,B4497,29,S1,1
fb_01,B5817,29,S2,1
fb_02,B20149,29,S2,1
fb_03,B5817,29,S2,1
fb_04,B30358,29,S2,1
fb_05,B30358,29,S2,1
fb_06,B20673,29,S2,1
ld_01,B18200,29,S2,1
ld_02,B18032,29,S2,1
ld_03,B20673,29,S2,1
ld_04,B20673,29,S2,1
ld_05,B18032,29,S2,1
ld_06,B20673,29,S2,1
pr_01,B5817,29,S2,1
pr_02,B5817,29,S2,1
pr_03,B5817,29,S2,1
pr_04,B18200,29,S2,1
sk_01,B9658,29,S2,1
sk_02,B9658,29,S2,1
sk_03,B6017,29,S2,1
sk_04,B6017,29,S2,1
sk_05,B6017,29,S2,1
sk_06,B6017,29,S2,1
fb_01,B6017,29,S3,1
fb_02,B20538,29,S3,1
fb_03,B9658,29,S3,1
fb_04,B30358,29,S3,1
fb_05,B30358,29,S3,1
fb_06,B20673,29,S3,1
sk_01,B9658,29,S3,1
sk_02,B9658,29,S3,1
sk_03,B9658,29,S3,1
sk_04,B9658,29,S3,1
sk_05,B5817,29,S3,1
sk_06,B5817,29,S3,1
fb_01,B9658,30,S1,1
fb_02,B20631,30,S1,1
fb_03,B18200,30,S1,1
fb_04,B30358,30,S1,1
fb_05,B30358,30,S1,1
fb_06,B20673,30,S1,1
ld_01,B9658,30,S1,1
ld_02,B5817,30,S1,1
ld_03,B5817,30,S1,1
ld_04,B18032,30,S1,1
ld_05,B5817,30,S1,1
ld_06,B18200,30,S1,1
pr_01,B6017,30,S1,1
pr_02,B6017,30,S1,1
pr_03,B4497,30,S1,1
pr_04,B4497,30,S1,1
pr_05,B9658,30,S1,1
pr_06,B9658,30,S1,1
sk_01,B9658,30,S1,1
sk_02,B5218,30,S1,1
sk_03,B5218,30,S1,1
sk_04,B5817,30,S1,1
sk_05,B5817,30,S1,1
sk_06,B6017,30,S1,1
fb_01,B10132,30,S2,1
fb_02,B20632,30,S2,1
fb_03,B5817,30,S2,1
fb_04,B30358,30,S2,1
fb_05,B30358,30,S2,1
fb_06,B31613,30,S2,1
ld_01,B5817,30,S2,1
ld_02,B5218,30,S2,1
ld_03,B5218,30,S2,1
pr_01,B9658,30,S2,1
pr_02,B9658,30,S2,1
pr_03,B9658,30,S2,1
pr_04,B5817,30,S2,1
pr_05,B5817,30,S2,1
sk_01,B6017,30,S2,1
sk_02,B6017,30,S2,1
sk_03,B6017,30,S2,1
sk_04,B5817,30,S2,1
sk_05,B9658,30,S2,1
sk_06,B9658,30,S2,1
fb_01,B31613,30,S3,1
fb_02,B31613,30,S3,1
fb_03,B9658,30,S3,1
fb_04,B30358,30,S3,1
fb_05,B30358,30,S3,1
fb_06,B31613,30,S3,1
sk_01,B5817,30,S3,1
sk_02,B5817,30,S3,1
sk_03,B5817,30,S3,1
sk_04,B5817,30,S3,1
sk_05,B18200,30,S3,1
sk_06,B18200,30,S3,1
fb_01,B31613,31,S1,1
fb_02,B21899,31,S1,1
fb_03,B18200,31,S1,1
fb_04,B30358,31,S1,1
fb_05,B30358,31,S1,1
fb_06,B31613,31,S1,1
ld_01,B9658,31,S1,1
ld_02,B9658,31,S1,1
ld_03,B9658,31,S1,1
ld_04,B9658,31,S1,1
ld_05,B9658,31,S1,1
ld_06,B9658,31,S1,1
pr_01,B6017,31,S1,1
pr_02,B6017,31,S1,1
pr_03,B5218,31,S1,1
pr_04,B5218,31,S1,1
pr_05,B9658,31,S1,1
pr_06,B5817,31,S1,1
sk_01,B9658,31,S1,1
sk_02,B9658,31,S1,1
sk_03,B10132,31,S1,1
sk_04,B5817,31,S1,1
sk_05,B5817,31,S1,1
sk_06,B10132,31,S1,1
fb_01,B18200,31,S2,1
fb_02,B30103,31,S2,1
fb_03,B5817,31,S2,1
fb_04,B30358,31,S2,1
fb_05,B30358,31,S2,1
fb_06,B6017,31,S2,1
ld_01,B5817,31,S2,1
ld_02,B5817,31,S2,1
ld_03,B6017,31,S2,1
ld_04,B6017,31,S2,1
ld_05,B6017,31,S2,1
ld_06,B6017,31,S2,1
pr_01,B5817,31,S2,1
pr_02,B5817,31,S2,1
pr_03,B5817,31,S2,1
pr_04,B5817,31,S2,1
pr_05,B18200,31,S2,1
pr_06,B18200,31,S2,1
sk_01,B9658,31,S2,1
sk_02,B9658,31,S2,1
sk_03,B10132,31,S2,1
sk_04,B10132,31,S2,1
sk_05,B9658,31,S2,1
sk_06,B9658,31,S2,1
fb_01,B20149,31,S3,1
fb_02,B31203,31,S3,1
fb_03,B9658,31,S3,1
fb_04,B30358,31,S3,1
fb_05,B30358,31,S3,1
fb_06,B6017,31,S3,1
ld_01,B4497,31,S3,1
ld_02,B4497,31,S3,1
ld_03,B4497,31,S3,1
sk_01,B9658,31,S3,1
sk_02,B9658,31,S3,1
sk_03,B5817,31,S3,1
sk_04,B18200,31,S3,1
sk_05,B18200,31,S3,1
sk_06,B18200,31,S3,1
fb_01,B20538,32,S1,1
fb_02,B31730,32,S1,1
fb_03,B18200,32,S1,1
fb_04,B30358,32,S1,1
fb_05,B30358,32,S1,1
fb_06,B6017,32,S1,1
ld_01,B9658,32,S1,1
ld_02,B5817,32,S1,1
ld_03,B5817,32,S1,1
ld_04,B5218,32,S1,1
ld_05,B5817,32,S1,1
ld_06,B5817,32,S1,1
pr_01,B10132,32,S1,1
pr_02,B10132,32,S1,1
pr_03,B10132,32,S1,1
pr_04,B9658,32,S1,1
pr_05,B9658,32,S1,1
pr_06,B9658,32,S1,1
sk_01,B9658,32,S1,1
sk_02,B9658,32,S1,1
sk_03,B6017,32,S1,1
sk_04,B5817,32,S1,1
sk_05,B5817,32,S1,1
sk_06,B6017,32,S1,1
fb_01,B20631,32,S2,1
fb_02,B6017,32,S2,1
fb_03,B5817,32,S2,1
fb_04,B30358,32,S2,1
fb_05,B30358,32,S2,1
fb_06,B6017,32,S2,1
ld_01,B5817,32,S2,1
ld_02,B18200,32,S2,1
ld_03,B6017,32,S2,1
ld_04,B6017,32,S2,1
ld_05,B6017,32,S2,1
ld_06,B6017,32,S2,1
pr_01,B9658,32,S2,1
pr_02,B9658,32,S2,1
pr_03,B5817,32,S2,1
pr_04,B5817,32,S2,1
pr_05,B18200,32,S2,1
pr_06,B18200,32,S2,1
sk_01,B9658,32,S2,1
sk_02,B5817,32,S2,1
sk_03,B20673,32,S2,1
sk_04,B18200,32,S2,1
sk_05,B18032,32,S2,1
sk_06,B20673,32,S2,1
fb_01,B20632,32,S3,1
fb_02,B35154,32,S3,1
fb_03,B9658,32,S3,1
fb_04,B30358,32,S3,1
fb_05,B30358,32,S3,1
fb_06,B6017,32,S3,1
ld_01,B5218,32,S3,1
sk_01,B18200,32,S3,1
sk_02,B18032,32,S3,1
sk_03,B20673,32,S3,1
sk_04,B18200,32,S3,1
sk_05,B18032,32,S3,1
sk_06,B20673,32,S3,1
fb_01,B6017,33,S1,1
fb_02,B5218,33,S1,1
fb_03,B18200,33,S1,1
fb_04,B30358,33,S1,1
fb_05,B30358,33,S1,1
fb_06,B6017,33,S1,1
ld_01,B9658,33,S1,1
ld_02,B9658,33,S1,1
ld_03,B9658,33,S1,1
ld_04,B9658,33,S1,1
ld_05,B9658,33,S1,1
ld_06,B9658,33,S1,1
pr_01,B20673,33,S1,1
pr_02,B18032,33,S1,1
pr_03,B20673,33,S1,1
pr_04,B6017,33,S1,1
pr_05,B9658,33,S1,1
pr_06,B9658,33,S1,1
sk_01,B9658,33,S1,1
sk_02,B9658,33,S1,1
sk_03,B6017,33,S1,1
sk_04,B5817,33,S1,1
sk_05,B5817,33,S1,1
sk_06,B6017,33,S1,1
fb_01,B21443,33,S2,1
fb_02,B5817,33,S2,1
fb_03,B5817,33,S2,1
fb_04,B30358,33,S2,1
fb_05,B30358,33,S2,1
fb_06,B6017,33,S2,1
ld_01,B5817,33,S2,1
ld_02,B5817,33,S2,1
ld_03,B10132,33,S2,1
ld_04,B10132,33,S2,1
ld_05,B18200,33,S2,1
ld_06,B18200,33,S2,1
pr_01,B5817,33,S2,1
pr_02,B5817,33,S2,1
pr_03,B18200,33,S2,1
pr_04,B18200,33,S2,1
sk_01,B18200,33,S2,1
sk_02,B18032,33,S2,1
sk_03,B20673,33,S2,1
sk_04,B18200,33,S2,1
sk_05,B18032,33,S2,1
sk_06,B20673,33,S2,1
fb_01,B21885,33,S3,1
fb_02,B9658,33,S3,1
fb_03,B9658,33,S3,1
fb_04,B30358,33,S3,1
fb_05,B30358,33,S3,1
fb_06,B6017,33,S3,1
ld_01,B10132,33,S3,1
ld_02,B10132,33,S3,1
ld_03,B10132,33,S3,1
sk_01,B18200,33,S3,1
sk_02,B18032,33,S3,1
sk_03,B20673,33,S3,1
sk_04,B18200,33,S3,1
sk_05,B18032,33,S3,1
sk_06,B20673,33,S3,1
fb_01,B21899,34,S1,1
fb_02,B32121,34,S1,1
fb_03,B18200,34,S1,1
fb_04,B30358,34,S1,1
fb_05,B30358,34,S1,1
fb_06,B32121,34,S1,1
ld_01,B9658,34,S1,1
ld_02,B9658,34,S1,1
ld_03,B5817,34,S1,1
ld_04,B5817,34,S1,1
ld_05,B20673,34,S1,1
ld_06,B18032,34,S1,1
pr_01,B20673,34,S1,1
pr_02,B6017,34,S1,1
pr_03,B18032,34,S1,1
pr_04,B9658,34,S1,1
pr_05,B5817,34,S1,1
pr_06,B18200,34,S1,1
sk_01,B9658,34,S1,1
sk_02,B9658,34,S1,1
sk_03,B5218,34,S1,1
sk_04,B5817,34,S1,1
sk_05,B5817,34,S1,1
sk_06,B5218,34,S1,1
fb_01,B32121,34,S2,1
fb_02,B18200,34,S2,1
fb_03,B5817,34,S2,1
fb_04,B30358,34,S2,1
fb_05,B30358,34,S2,1
fb_06,B32121,34,S2,1
ld_01,B20673,34,S2,1
ld_02,B18200,34,S2,1
ld_03,B18032,34,S2,1
ld_04,B20673,34,S2,1
ld_05,B18200,34,S2,1
ld_06,B20673,34,S2,1
pr_01,B18200,34,S2,1
pr_02,B18200,34,S2,1
sk_01,B9658,34,S2,1
sk_02,B9658,34,S2,1
sk_03,B6017,34,S2,1
sk_04,B5817,34,S2,1
sk_05,B6017,34,S2,1
sk_06,B6017,34,S2,1
fb_01,B26719,34,S3,1
fb_02,B20149,34,S3,1
fb_03,B9658,34,S3,1
fb_04,B30358,34,S3,1
fb_05,B30358,34,S3,1
fb_06,B32121,34,S3,1
ld_01,B6017,34,S3,1
ld_02,B6017,34,S3,1
sk_01,B9658,34,S3,1
sk_02,B6017,34,S3,1
sk_03,B6017,34,S3,1
sk_04,B5817,34,S3,1
sk_05,B5817,34,S3,1
sk_06,B6017,34,S3,1
fb_01,B30103,35,S1,1
fb_02,B20538,35,S1,1
fb_03,B18200,35,S1,1
fb_04,B30358,35,S1,1
fb_05,B30358,35,S1,1
fb_06,B32121,35,S1,1
ld_01,B9658,35,S1,1
ld_02,B5817,35,S1,1
ld_03,B18032,35,S1,1
ld_04,B18200,35,S1,1
ld_05,B20673,35,S1,1
ld_06,B20673,35,S1,1
pr_01,B5218,35,S1,1
pr_02,B5218,35,S1,1
pr_03,B6017,35,S1,1
pr_04,B6017,35,S1,1
pr_05,B6017,35,S1,1
pr_06,B9658,35,S1,1
sk_01,B9658,35,S1,1
sk_02,B9658,35,S1,1
sk_03,B6017,35,S1,1
sk_04,B5817,35,S1,1
sk_05,B5817,35,S1,1
sk_06,B6017,35,S1,1
fb_01,B31203,35,S2,1
fb_02,B20631,35,S2,1
fb_03,B5817,35,S2,1
fb_04,B30358,35,S2,1
fb_05,B30358,35,S2,1
fb_06,B32121,35,S2,1
ld_01,B18032,35,S2,1
ld_02,B18200,35,S2,1
ld_03,B6017,35,S2,1
pr_01,B9658,35,S2,1
pr_02,B5817,35,S2,1
pr_03,B5817,35,S2,1
pr_04,B5817,35,S2,1
sk_01,B18200,35,S2,1
sk_02,B18032,35,S2,1
sk_03,B20673,35,S2,1
sk_04,B18200,35,S2,1
sk_05,B18032,35,S2,1
sk_06,B20673,35,S2,1
fb_01,B32121,35,S3,1
fb_02,B20632,35,S3,1
fb_03,B9658,35,S3,1
fb_04,B30358,35,S3,1
fb_05,B30358,35,S3,1
fb_06,B32121,35,S3,1
sk_01,B18200,35,S3,1
sk_02,B18032,35,S3,1
sk_03,B20673,35,S3,1
sk_04,B18200,35,S3,1
sk_05,B18032,35,S3,1
sk_06,B20673,35,S3,1
fb_01,B31730,36,S1,1
fb_02,B32121,36,S1,1
fb_03,B18200,36,S1,1
fb_04,B30358,36,S1,1
fb_05,B30358,36,S1,1
fb_06,B21885,36,S1,1
ld_01,B9658,36,S1,1
ld_02,B9658,36,S1,1
ld_03,B5817,36,S1,1
ld_04,B5817,36,S1,1
ld_05,B5817,36,S1,1
ld_06,B6017,36,S1,1
pr_01,B20673,36,S1,1
pr_02,B18032,36,S1,1
pr_03,B6017,36,S1,1
pr_04,B18032,36,S1,1
pr_05,B9658,36,S1,1
pr_06,B9658,36,S1,1
sk_01,B9658,36,S1,1
sk_02,B9658,36,S1,1
sk_03,B6017,36,S1,1
sk_04,B5817,36,S1,1
sk_05,B5817,36,S1,1
sk_06,B6017,36,S1,1
fb_01,B4497,36,S2,1
fb_02,B21899,36,S2,1
fb_03,B5817,36,S2,1
fb_04,B30358,36,S2,1
fb_05,B30358,36,S2,1
fb_06,B4497,36,S2,1
ld_01,B6017,36,S2,1
ld_02,B6017,36,S2,1
ld_03,B6017,36,S2,1
ld_04,B6017,36,S2,1
ld_05,B5218,36,S2,1
ld_06,B5218,36,S2,1
pr_01,B5817,36,S2,1
pr_02,B18200,36,S2,1
pr_03,B18200,36,S2,1
pr_04,B18200,36,S2,1
sk_01,B9658,36,S2,1
sk_02,B5817,36,S2,1
sk_03,B18200,36,S2,1
sk_04,B18032,36,S2,1
sk_05,B20673,36,S2,1
sk_06,B18200,36,S2,1
fb_01,B4497,36,S3,1
fb_02,B30103,36,S3,1
fb_03,B9658,36,S3,1
fb_04,B30358,36,S3,1
fb_05,B30358,36,S3,1
fb_06,B4497,36,S3,1
ld_01,B6017,36,S3,1
sk_01,B18032,36,S3,1
sk_02,B20673,36,S3,1
sk_03,B18200,36,S3,1
sk_04,B18032,36,S3,1
sk_05,B20673,36,S3,1
sk_06,B18200,36,S3,1
fb_01,B35154,37,S1,1
fb_02,B31203,37,S1,1
fb_03,B18200,37,S1,1
fb_04,B30358,37,S1,1
fb_05,B30358,37,S1,1
fb_06,B4497,37,S1,1
ld_01,B9658,37,S1,1
ld_02,B9658,37,S1,1
ld_03,B5817,37,S1,1
ld_04,B18032,37,S1,1
ld_05,B18200,37,S1,1
ld_06,B18032,37,S1,1
pr_01,B20673,37,S1,1
pr_02,B18032,37,S1,1
pr_03,B6017,37,S1,1
pr_04,B9658,37,S1,1
pr_05,B5817,37,S1,1
pr_06,B5817,37,S1,1
sk_01,B9658,37,S1,1
sk_02,B9658,37,S1,1
sk_03,B5817,37,S1,1
sk_04,B5817,37,S1,1
sk_05,B4497,37,S1,1
sk_06,B4497,37,S1,1
fb_01,B4497,37,S2,1
fb_02,B31730,37,S2,1
fb_03,B5817,37,S2,1
fb_04,B30358,37,S2,1
fb_05,B30358,37,S2,1
fb_06,B4497,37,S2,1
ld_01,B20673,37,S2,1
ld_02,B18200,37,S2,1
ld_03,B18032,37,S2,1
ld_04,B6017,37,S2,1
ld_05,B6017,37,S2,1
ld_06,B20673,37,S2,1
pr_01,B18200,37,S2,1
pr_02,B18200,37,S2,1
pr_03,B18200,37,S2,1
sk_01,B9658,37,S2,1
sk_02,B18032,37,S2,1
sk_03,B20673,37,S2,1
sk_04,B18200,37,S2,1
sk_05,B18032,37,S2,1
sk_06,B20673,37,S2,1
fb_01,B5218,37,S3,1
fb_02,B21443,37,S3,1
fb_03,B9658,37,S3,1
fb_04,B30358,37,S3,1
fb_05,B30358,37,S3,1
fb_06,B21443,37,S3,1
sk_01,B18200,37,S3,1
sk_02,B18032,37,S3,1
sk_03,B20673,37,S3,1
sk_04,B18200,37,S3,1
sk_05,B18032,37,S3,1
sk_06,B20673,37,S3,1
fb_01,B5817,38,S1,1
fb_02,B5218,38,S1,1
fb_03,B18200,38,S1,1
fb_04,B30358,38,S1,1
fb_05,B30358,38,S1,1
fb_06,B21443,38,S1,1
ld_01,B9658,38,S1,1
ld_02,B9658,38,S1,1
ld_03,B5817,38,S1,1
ld_04,B5817,38,S1,1
ld_05,B18200,38,S1,1
ld_06,B18032,38,S1,1
pr_01,B20673,38,S1,1
pr_02,B18032,38,S1,1
pr_03,B18032,38,S1,1
pr_04,B4497,38,S1,1
pr_05,B4497,38,S1,1
pr_06,B9658,38,S1,1
sk_01,B9658,38,S1,1
sk_02,B9658,38,S1,1
sk_03,B5817,38,S1,1
sk_04,B4497,38,S1,1
sk_05,B4497,38,S1,1
sk_06,B4497,38,S1,1
fb_01,B21443,38,S2,1
fb_02,B5817,38,S2,1
fb_03,B5817,38,S2,1
fb_04,B30358,38,S2,1
fb_05,B30358,38,S2,1
fb_06,B21443,38,S2,1
ld_01,B18032,38,S2,1
ld_02,B20673,38,S2,1
ld_03,B18200,38,S2,1
ld_04,B20673,38,S2,1
ld_05,B18200,38,S2,1
ld_06,B6017,38,S2,1
pr_01,B18200,38,S2,1
pr_02,B9658,38,S2,1
pr_03,B5817,38,S2,1
pr_04,B5817,38,S2,1
pr_05,B18200,38,S2,1
sk_01,B9658,38,S2,1
sk_02,B4497,38,S2,1
sk_03,B4497,38,S2,1
sk_04,B4497,38,S2,1
sk_05,B5218,38,S2,1
sk_06,B18200,38,S2,1
fb_01,B9658,38,S3,1
fb_02,B9658,38,S3,1
fb_03,B21443,38,S3,1
fb_04,B30358,38,S3,1
fb_05,B30358,38,S3,1
fb_06,B21443,38,S3,1
ld_01,B6017,38,S3,1
sk_01,B18032,38,S3,1
sk_02,B20673,38,S3,1
sk_03,B18200,38,S3,1
sk_04,B18032,38,S3,1
sk_05,B20673,38,S3,1
sk_06,B18200,38,S3,1
fb_01,B10132,39,S1,1
fb_02,B21443,39,S1,1
fb_03,B18200,39,S1,1
fb_04,B30358,39,S1,1
fb_05,B30358,39,S1,1
fb_06,B21443,39,S1,1
ld_01,B9658,39,S1,1
ld_02,B9658,39,S1,1
ld_03,B5817,39,S1,1
ld_04,B5817,39,S1,1
ld_05,B18032,39,S1,1
ld_06,B20673,39,S1,1
pr_01,B20673,39,S1,1
pr_02,B4497,39,S1,1
pr_03,B4497,39,S1,1
pr_04,B4497,39,S1,1
pr_05,B4497,39,S1,1
pr_06,B4497,39,S1,1
sk_01,B9658,39,S1,1
sk_02,B9658,39,S1,1
sk_03,B5817,39,S1,1
sk_04,B5817,39,S1,1
sk_05,B4497,39,S1,1
sk_06,B4497,39,S1,1
fb_01,B12431,39,S2,1
fb_02,B18200,39,S2,1
fb_03,B5817,39,S2,1
fb_04,B30358,39,S2,1
fb_05,B30358,39,S2,1
fb_06,B21443,39,S2,1
ld_01,B18200,39,S2,1
ld_02,B18032,39,S2,1
ld_03,B20673,39,S2,1
ld_04,B18200,39,S2,1
ld_05,B18032,39,S2,1
ld_06,B4497,39,S2,1
pr_01,B4497,39,S2,1
pr_02,B9658,39,S2,1
pr_03,B9658,39,S2,1
pr_04,B18200,39,S2,1
pr_05,B18200,39,S2,1
pr_06,B18200,39,S2,1
sk_01,B9658,39,S2,1
sk_02,B9658,39,S2,1
sk_03,B5817,39,S2,1
sk_04,B4497,39,S2,1
sk_05,B4497,39,S2,1
sk_06,B4497,39,S2,1
fb_01,B10132,39,S3,1
fb_02,B20149,39,S3,1
fb_03,B9658,39,S3,1
fb_04,B30358,39,S3,1
fb_05,B30358,39,S3,1
fb_06,B10132,39,S3,1
ld_01,B4497,39,S3,1
ld_02,B4497,39,S3,1
sk_01,B9658,39,S3,1
sk_02,B4497,39,S3,1
sk_03,B5817,39,S3,1
sk_04,B5817,39,S3,1
sk_05,B5218,39,S3,1
sk_06,B5218,39,S3,1
fb_01,B18200,40,S1,1
fb_02,B20538,40,S1,1
fb_03,B18200,40,S1,1
fb_04,B30358,40,S1,1
fb_05,B30358,40,S1,1
fb_06,B10132,40,S1,1
ld_01,B9658,40,S1,1
ld_02,B9658,40,S1,1
ld_03,B20673,40,S1,1
ld_04,B18200,40,S1,1
ld_05,B20673,40,S1,1
ld_06,B18200,40,S1,1
pr_01,B5218,40,S1,1
pr_02,B5218,40,S1,1
pr_03,B4497,40,S1,1
pr_04,B4497,40,S1,1
pr_05,B4497,40,S1,1
pr_06,B4497,40,S1,1
sk_01,B9658,40,S1,1
sk_02,B9658,40,S1,1
sk_03,B5817,40,S1,1
sk_04,B5817,40,S1,1
sk_05,B4497,40,S1,1
sk_06,B4497,40,S1,1
fb_01,B20149,40,S2,1
fb_02,B10132,40,S2,1
fb_03,B5817,40,S2,1
fb_04,B30358,40,S2,1
fb_05,B30358,40,S2,1
fb_06,B10132,40,S2,1
ld_01,B4497,40,S2,1
ld_02,B4497,40,S2,1
ld_03,B4497,40,S2,1
ld_04,B4497,40,S2,1
ld_05,B4497,40,S2,1
ld_06,B4497,40,S2,1
pr_01,B4497,40,S2,1
pr_02,B5817,40,S2,1
pr_03,B4497,40,S2,1
pr_04,B9658,40,S2,1
pr_05,B9658,40,S2,1
pr_06,B5817,40,S2,1
sk_01,B9658,40,S2,1
sk_02,B9658,40,S2,1
sk_03,B6017,40,S2,1
sk_04,B6017,40,S2,1
sk_05,B4497,40,S2,1
sk_06,B4497,40,S2,1
fb_01,B20538,40,S3,1
fb_02,B21899,40,S3,1
fb_03,B9658,40,S3,1
fb_04,B30358,40,S3,1
fb_05,B30358,40,S3,1
fb_06,B10132,40,S3,1
ld_01,B4497,40,S3,1
ld_02,B4497,40,S3,1
pr_01,B5817,40,S3,1
sk_01,B9658,40,S3,1
sk_02,B6017,40,S3,1
sk_03,B10132,40,S3,1
sk_04,B6017,40,S3,1
sk_05,B6017,40,S3,1
sk_06,B6017,40,S3,1
fb_01,B20631,41,S1,1
fb_02,B30103,41,S1,1
fb_03,B18200,41,S1,1
fb_04,B30358,41,S1,1
fb_05,B30358,41,S1,1
fb_06,B10132,41,S1,1
ld_01,B9658,41,S1,1
ld_02,B9658,41,S1,1
ld_03,B5817,41,S1,1
ld_04,B5817,41,S1,1
ld_05,B5817,41,S1,1
ld_06,B5218,41,S1,1
pr_01,B6017,41,S1,1
pr_02,B6017,41,S1,1
pr_03,B6017,41,S1,1
pr_04,B4497,41,S1,1
pr_05,B4497,41,S1,1
pr_06,B4497,41,S1,1
sk_01,B9658,41,S1,1
sk_02,B9658,41,S1,1
sk_03,B5817,41,S1,1
sk_04,B5817,41,S1,1
sk_05,B6017,41,S1,1
sk_06,B12431,41,S1,1
fb_01,B20632,41,S2,1
fb_02,B31203,41,S2,1
fb_03,B5817,41,S2,1
fb_04,B30358,41,S2,1
fb_05,B30358,41,S2,1
fb_06,B10132,41,S2,1
ld_01,B5218,41,S2,1
ld_02,B5218,41,S2,1
ld_03,B4497,41,S2,1
ld_04,B4497,41,S2,1
ld_05,B4497,41,S2,1
ld_06,B4497,41,S2,1
pr_01,B4497,41,S2,1
pr_02,B4497,41,S2,1
pr_03,B9658,41,S2,1
pr_04,B9658,41,S2,1
pr_05,B9658,41,S2,1
pr_06,B5817,41,S2,1
sk_01,B9658,41,S2,1
sk_02,B9658,41,S2,1
sk_03,B6017,41,S2,1
sk_04,B6017,41,S2,1
sk_05,B6017,41,S2,1
sk_06,B18032,41,S2,1
fb_01,B10132,41,S3,1
fb_02,B31730,41,S3,1
fb_03,B9658,41,S3,1
fb_04,B30358,41,S3,1
fb_05,B30358,41,S3,1
fb_06,B35154,41,S3,1
ld_01,B4497,41,S3,1
ld_02,B4497,41,S3,1
ld_03,B4497,41,S3,1
ld_04,B4497,41,S3,1
pr_01,B5817,41,S3,1
sk_01,B20673,41,S3,1
sk_02,B18200,41,S3,1
sk_03,B18032,41,S3,1
sk_04,B6017,41,S3,1
sk_05,B18200,41,S3,1
sk_06,B18032,41,S3,1
fb_01,B35154,42,S1,1
fb_02,B35154,42,S1,1
fb_03,B18200,42,S1,1
fb_04,B30358,42,S1,1
fb_05,B30358,42,S1,1
fb_06,B35154,42,S1,1
ld_01,B9658,42,S1,1
ld_02,B9658,42,S1,1
ld_03,B9658,42,S1,1
ld_04,B9658,42,S1,1
ld_05,B5817,42,S1,1
ld_06,B5817,42,S1,1
pr_01,B18032,42,S1,1
pr_02,B6017,42,S1,1
pr_03,B6017,42,S1,1
pr_04,B9658,42,S1,1
pr_05,B9658,42,S1,1
pr_06,B5817,42,S1,1
sk_01,B9658,42,S1,1
sk_02,B9658,42,S1,1
sk_03,B5817,42,S1,1
sk_04,B5817,42,S1,1
sk_05,B6017,42,S1,1
sk_06,B6017,42,S1,1
fb_01,B35154,42,S2,1
fb_02,B5218,42,S2,1
fb_03,B5817,42,S2,1
fb_04,B30358,42,S2,1
fb_05,B30358,42,S2,1
fb_06,B35154,42,S2,1
ld_01,B6017,42,S2,1
ld_02,B6017,42,S2,1
ld_03,B6017,42,S2,1
ld_04,B6017,42,S2,1
ld_05,B6017,42,S2,1
ld_06,B4497,42,S2,1
pr_01,B18200,42,S2,1
sk_01,B9658,42,S2,1
sk_02,B9658,42,S2,1
sk_03,B20673,42,S2,1
sk_04,B18200,42,S2,1
sk_05,B18032,42,S2,1
sk_06,B20673,42,S2,1
fb_01,B21899,42,S3,1
fb_02,B5817,42,S3,1
fb_03,B9658,42,S3,1
fb_04,B30358,42,S3,1
fb_05,B30358,42,S3,1
fb_06,B35154,42,S3,1
ld_01,B4497,42,S3,1
ld_02,B4497,42,S3,1
ld_03,B6017,42,S3,1
ld_04,B4497,42,S3,1
ld_05,B4497,42,S3,1
ld_06,B4497,42,S3,1
sk_01,B18200,42,S3,1
sk_02,B18032,42,S3,1
sk_03,B20673,42,S3,1
sk_04,B18200,42,S3,1
sk_05,B18032,42,S3,1
sk_06,B20673,42,S3,1
fb_01,B35154,43,S1,1
fb_02,B9658,43,S1,1
fb_03,B18200,43,S1,1
fb_04,B30358,43,S1,1
fb_05,B30358,43,S1,1
fb_06,B35154,43,S1,1
ld_01,B9658,43,S1,1
ld_02,B9658,43,S1,1
ld_03,B5817,43,S1,1
ld_04,B18032,43,S1,1
ld_05,B18200,43,S1,1
ld_06,B18032,43,S1,1
pr_01,B20673,43,S1,1
pr_02,B6017,43,S1,1
pr_03,B18032,43,S1,1
pr_04,B20673,43,S1,1
pr_05,B9658,43,S1,1
pr_06,B9658,43,S1,1
sk_01,B9658,43,S1,1
sk_02,B5218,43,S1,1
sk_03,B5817,43,S1,1
sk_04,B5817,43,S1,1
sk_05,B5218,43,S1,1
sk_06,B6017,43,S1,1
fb_01,B26719,43,S2,1
fb_02,B26719,43,S2,1
fb_03,B5817,43,S2,1
fb_04,B30358,43,S2,1
fb_05,B30358,43,S2,1
fb_06,B26719,43,S2,1
ld_01,B6017,43,S2,1
ld_02,B6017,43,S2,1
ld_03,B6017,43,S2,1
ld_04,B4497,43,S2,1
ld_05,B6017,43,S2,1
pr_01,B18200,43,S2,1
pr_02,B18200,43,S2,1
pr_03,B5817,43,S2,1
sk_01,B9658,43,S2,1
sk_02,B6017,43,S2,1
sk_03,B5817,43,S2,1
sk_04,B6017,43,S2,1
sk_05,B6017,43,S2,1
sk_06,B6017,43,S2,1
fb_01,B30103,43,S3,1
fb_02,B18200,43,S3,1
fb_03,B9658,43,S3,1
fb_04,B30358,43,S3,1
fb_05,B30358,43,S3,1
fb_06,B26719,43,S3,1
sk_01,B18200,43,S3,1
sk_02,B18032,43,S3,1
sk_03,B20673,43,S3,1
sk_04,B6017,43,S3,1
sk_05,B18032,43,S3,1
sk_06,B20673,43,S3,1
fb_01,B31203,44,S1,1
fb_02,B20149,44,S1,1
fb_03,B18200,44,S1,1
fb_04,B30358,44,S1,1
fb_05,B30358,44,S1,1
fb_06,B9658,44,S1,1
ld_01,B9658,44,S1,1
ld_02,B9658,44,S1,1
ld_03,B5817,44,S1,1
ld_04,B20673,44,S1,1
ld_05,B18032,44,S1,1
ld_06,B18200,44,S1,1
pr_01,B18032,44,S1,1
pr_02,B5218,44,S1,1
pr_03,B6017,44,S1,1
pr_04,B5218,44,S1,1
pr_05,B6017,44,S1,1
pr_06,B6017,44,S1,1
sk_01,B9658,44,S1,1
sk_02,B6017,44,S1,1
sk_03,B5817,44,S1,1
sk_04,B5817,44,S1,1
sk_05,B6017,44,S1,1
sk_06,B6017,44,S1,1
fb_01,B9658,44,S2,1
fb_02,B20538,44,S2,1
fb_03,B5817,44,S2,1
fb_04,B30358,44,S2,1
fb_05,B30358,44,S2,1
fb_06,B9658,44,S2,1
ld_01,B20673,44,S2,1
ld_02,B18200,44,S2,1
ld_03,B20673,44,S2,1
ld_04,B20673,44,S2,1
ld_05,B6017,44,S2,1
ld_06,B6017,44,S2,1
pr_01,B5817,44,S2,1
pr_02,B9658,44,S2,1
pr_03,B18200,44,S2,1
pr_04,B9658,44,S2,1
pr_05,B5817,44,S2,1
sk_01,B6017,44,S2,1
sk_02,B6017,44,S2,1
sk_03,B6017,44,S2,1
sk_04,B6017,44,S2,1
sk_05,B10132,44,S2,1
sk_06,B10132,44,S2,1
fb_01,B31730,44,S3,1
fb_02,B9658,44,S3,1
fb_03,B9658,44,S3,1
fb_04,B30358,44,S3,1
fb_05,B30358,44,S3,1
fb_06,B9658,44,S3,1
sk_01,B18200,44,S3,1
sk_02,B18032,44,S3,1
sk_03,B20673,44,S3,1
sk_04,B18200,44,S3,1
sk_05,B18032,44,S3,1
sk_06,B32707,44,S3,1
fb_01,B9658,45,S1,1
fb_02,B21899,45,S1,1
fb_03,B18200,45,S1,1
fb_04,B30358,45,S1,1
fb_05,B30358,45,S1,1
fb_06,B9658,45,S1,1
ld_01,B9658,45,S1,1
ld_02,B9658,45,S1,1
ld_03,B5817,45,S1,1
ld_04,B18032,45,S1,1
ld_05,B5817,45,S1,1
ld_06,B18032,45,S1,1
pr_01,B6017,45,S1,1
pr_02,B6017,45,S1,1
pr_03,B6017,45,S1,1
pr_04,B6017,45,S1,1
pr_05,B6017,45,S1,1
pr_06,B18032,45,S1,1
sk_01,B10132,45,S1,1
sk_02,B10132,45,S1,1
sk_03,B5817,45,S1,1
sk_04,B5817,45,S1,1
sk_05,B10132,45,S1,1
sk_06,B10132,45,S1,1
fb_01,B9658,45,S2,1
fb_02,B30103,45,S2,1
fb_03,B5817,45,S2,1
fb_04,B30358,45,S2,1
fb_05,B30358,45,S2,1
fb_06,B9658,45,S2,1
ld_01,B5218,45,S2,1
ld_02,B5218,45,S2,1
ld_03,B6017,45,S2,1
ld_04,B6017,45,S2,1
ld_05,B6017,45,S2,1
ld_06,B6017,45,S2,1
pr_01,B5817,45,S2,1
pr_02,B10132,45,S2,1
pr_03,B18200,45,S2,1
pr_04,B18200,45,S2,1
sk_01,B20673,45,S2,1
sk_02,B18200,45,S2,1
sk_03,B18032,45,S2,1
sk_04,B32707,45,S2,1
sk_05,B20673,45,S2,1
sk_06,B18200,45,S2,1
fb_01,B9658,45,S3,1
fb_02,B31203,45,S3,1
fb_03,B9658,45,S3,1
fb_04,B30358,45,S3,1
fb_05,B30358,45,S3,1
fb_06,B9658,45,S3,1
ld_01,B6017,45,S3,1
ld_02,B6017,45,S3,1
sk_01,B18032,45,S3,1
sk_02,B32707,45,S3,1
sk_03,B20673,45,S3,1
sk_04,B18200,45,S3,1
sk_05,B18032,45,S3,1
sk_06,B32707,45,S3,1
fb_01,B9658,46,S1,1
fb_02,B31730,46,S1,1
fb_03,B18200,46,S1,1
fb_04,B30358,46,S1,1
fb_05,B30358,46,S1,1
fb_06,B9658,46,S1,1
ld_01,B5817,46,S1,1
ld_02,B18200,46,S1,1
ld_03,B18032,46,S1,1
ld_04,B18200,46,S1,1
ld_05,B6017,46,S1,1
ld_06,B6017,46,S1,1
pr_01,B32707,46,S1,1
pr_02,B18032,46,S1,1
pr_03,B20673,46,S1,1
pr_04,B10132,46,S1,1
pr_05,B18200,46,S1,1
pr_06,B10132,46,S1,1
sk_01,B10132,46,S1,1
sk_02,B10132,46,S1,1
sk_03,B5817,46,S1,1
sk_04,B5817,46,S1,1
sk_05,B10132,46,S1,1
sk_06,B10132,46,S1,1
fb_01,B5218,46,S2,1
fb_02,B9658,46,S2,1
fb_03,B5817,46,S2,1
fb_04,B30358,46,S2,1
fb_05,B30358,46,S2,1
fb_06,B9658,46,S2,1
ld_01,B6017,46,S2,1
ld_02,B6017,46,S2,1
ld_03,B18032,46,S2,1
ld_04,B10132,46,S2,1
ld_05,B6017,46,S2,1
ld_06,B6017,46,S2,1
pr_01,B10132,46,S2,1
pr_02,B5817,46,S2,1
pr_03,B5817,46,S2,1
pr_04,B18200,46,S2,1
sk_01,B10132,46,S2,1
sk_02,B10132,46,S2,1
sk_03,B20673,46,S2,1
sk_04,B18200,46,S2,1
sk_05,B18032,46,S2,1
sk_06,B32707,46,S2,1
fb_01,B5817,46,S3,1
fb_02,B5817,46,S3,1
fb_03,B9658,46,S3,1
fb_04,B30358,46,S3,1
fb_05,B30358,46,S3,1
fb_06,B9658,46,S3,1
ld_01,B6017,46,S3,1
ld_02,B6017,46,S3,1
sk_01,B20673,46,S3,1
sk_02,B18200,46,S3,1
sk_03,B18032,46,S3,1
sk_04,B32707,46,S3,1
sk_05,B20673,46,S3,1
sk_06,B18200,46,S3,1
fb_01,B9658,47,S1,1
fb_02,B9658,47,S1,1
fb_03,B18200,47,S1,1
fb_04,B30358,47,S1,1
fb_05,B30358,47,S1,1
fb_06,B9658,47,S1,1
ld_01,B5817,47,S1,1
ld_02,B32707,47,S1,1
ld_03,B32707,47,S1,1
ld_04,B18200,47,S1,1
ld_05,B18032,47,S1,1
ld_06,B20673,47,S1,1
pr_01,B20673,47,S1,1
pr_02,B18032,47,S1,1
pr_03,B10132,47,S1,1
pr_04,B10132,47,S1,1
pr_05,B10132,47,S1,1
pr_06,B5817,47,S1,1
sk_01,B5218,47,S1,1
sk_02,B5218,47,S1,1
sk_03,B5817,47,S1,1
sk_04,B5817,47,S1,1
sk_05,B10132,47,S1,1
sk_06,B10132,47,S1,1
fb_01,B9658,47,S2,1
fb_02,B9658,47,S2,1
fb_03,B5817,47,S2,1
fb_04,B30358,47,S2,1
fb_05,B30358,47,S2,1
fb_06,B9658,47,S2,1
ld_01,B20673,47,S2,1
ld_02,B18200,47,S2,1
ld_03,B10132,47,S2,1
ld_04,B10132,47,S2,1
ld_05,B10132,47,S2,1
ld_06,B10132,47,S2,1
pr_01,B18200,47,S2,1
pr_02,B18200,47,S2,1
sk_01,B10132,47,S2,1
sk_02,B10132,47,S2,1
sk_03,B5817,47,S2,1
sk_04,B10132,47,S2,1
sk_05,B10132,47,S2,1
sk_06,B10132,47,S2,1
fb_01,B9658,47,S3,1
fb_02,B18200,47,S3,1
fb_03,B9658,47,S3,1
fb_04,B30358,47,S3,1
fb_05,B30358,47,S3,1
fb_06,B9658,47,S3,1
sk_01,B10132,47,S3,1
sk_02,B10132,47,S3,1
sk_03,B5817,47,S3,1
sk_04,B5817,47,S3,1
sk_05,B10132,47,S3,1
sk_06,B10132,47,S3,1
fb_01,B12431,48,S1,1
fb_02,B20149,48,S1,1
fb_03,B18200,48,S1,1
fb_04,B30358,48,S1,1
fb_05,B30358,48,S1,1
fb_06,B9658,48,S1,1
ld_01,B5817,48,S1,1
ld_02,B20673,48,S1,1
ld_03,B18032,48,S1,1
ld_04,B20673,48,S1,1
ld_05,B18032,48,S1,1
ld_06,B18200,48,S1,1
pr_01,B10132,48,S1,1
pr_02,B5218,48,S1,1
pr_03,B10132,48,S1,1
pr_04,B10132,48,S1,1
pr_05,B10132,48,S1,1
pr_06,B10132,48,S1,1
sk_01,B9658,48,S1,1
sk_02,B10132,48,S1,1
sk_03,B5817,48,S1,1
sk_04,B5817,48,S1,1
sk_05,B10132,48,S1,1
sk_06,B10132,48,S1,1
fb_01,B9658,48,S2,1
fb_02,B20538,48,S2,1
fb_03,B5817,48,S2,1
fb_04,B30358,48,S2,1
fb_05,B30358,48,S2,1
fb_06,B9658,48,S2,1
ld_01,B10132,48,S2,1
ld_02,B10132,48,S2,1
ld_03,B10132,48,S2,1
ld_04,B10132,48,S2,1
pr_01,B5218,48,S2,1
pr_02,B10132,48,S2,1
pr_03,B5817,48,S2,1
pr_04,B10132,48,S2,1
pr_05,B5817,48,S2,1
pr_06,B5817,48,S2,1
sk_01,B10132,48,S2,1
sk_02,B10132,48,S2,1
sk_03,B10132,48,S2,1
sk_04,B10132,48,S2,1
sk_05,B10132,48,S2,1
sk_06,B10132,48,S2,1
fb_01,B18200,48,S3,1
fb_02,B9658,48,S3,1
fb_03,B9658,48,S3,1
fb_04,B30358,48,S3,1
fb_05,B30358,48,S3,1
fb_06,B9658,48,S3,1
sk_01,B10132,48,S3,1
sk_02,B10132,48,S3,1
sk_03,B10132,48,S3,1
sk_04,B10132,48,S3,1
sk_05,B10132,48,S3,1
sk_06,B10132,48,S3,1
fb_01,B20149,49,S1,1
fb_02,B21899,49,S1,1
fb_03,B18200,49,S1,1
fb_04,B30358,49,S1,1
fb_05,B30358,49,S1,1
fb_06,B9658,49,S1,1
ld_01,B5817,49,S1,1
ld_02,B5817,49,S1,1
ld_03,B5817,49,S1,1
ld_04,B10132,49,S1,1
ld_05,B10132,49,S1,1
ld_06,B10132,49,S1,1
pr_01,B10132,49,S1,1
pr_02,B10132,49,S1,1
pr_03,B10132,49,S1,1
pr_04,B10132,49,S1,1
pr_05,B10132,49,S1,1
pr_06,B10132,49,S1,1
sk_01,B9658,49,S1,1
sk_02,B12431,49,S1,1
sk_03,B5817,49,S1,1
sk_04,B5817,49,S1,1
sk_05,B9658,49,S1,1
sk_06,B9658,49,S1,1
fb_01,B20538,49,S2,1
fb_02,B14953,49,S2,1
fb_03,B5817,49,S2,1
fb_04,B30358,49,S2,1
fb_05,B30358,49,S2,1
fb_06,B9658,49,S2,1
ld_01,B10132,49,S2,1
ld_02,B10132,49,S2,1
ld_03,B10132,49,S2,1
ld_04,B10132,49,S2,1
ld_05,B5218,49,S2,1
ld_06,B5218,49,S2,1
pr_01,B10132,49,S2,1
pr_02,B10132,49,S2,1
pr_03,B10132,49,S2,1
pr_04,B5817,49,S2,1
pr_05,B10132,49,S2,1
pr_06,B9658,49,S2,1
sk_01,B9658,49,S2,1
sk_02,B9658,49,S2,1
sk_03,B9658,49,S2,1
sk_04,B9658,49,S2,1
sk_05,B9658,49,S2,1
sk_06,B9658,49,S2,1
fb_01,B20631,49,S3,1
fb_02,B31203,49,S3,1
fb_03,B9658,49,S3,1
fb_04,B30358,49,S3,1
fb_05,B30358,49,S3,1
fb_06,B9658,49,S3,1
ld_01,B10132,49,S3,1
ld_02,B10132,49,S3,1
ld_03,B10132,49,S3,1
sk_01,B9658,49,S3,1
sk_02,B9658,49,S3,1
sk_03,B9658,49,S3,1
sk_04,B18032,49,S3,1
sk_05,B32707,49,S3,1
sk_06,B20673,49,S3,1
fb_01,B20632,50,S1,1
fb_02,B31730,50,S1,1
fb_03,B18200,50,S1,1
fb_04,B30358,50,S1,1
fb_05,B30358,50,S1,1
fb_06,B9658,50,S1,1
ld_01,B9658,50,S1,1
ld_02,B5817,50,S1,1
ld_03,B10132,50,S1,1
ld_04,B10132,50,S1,1
ld_05,B10132,50,S1,1
ld_06,B10132,50,S1,1
pr_01,B32707,50,S1,1
pr_02,B20673,50,S1,1
pr_03,B9658,50,S1,1
pr_04,B9658,50,S1,1
pr_05,B9658,50,S1,1
pr_06,B9658,50,S1,1
sk_01,B9658,50,S1,1
sk_02,B9658,50,S1,1
sk_03,B5817,50,S1,1
sk_04,B5817,50,S1,1
sk_05,B9658,50,S1,1
sk_06,B9658,50,S1,1
fb_01,B9658,50,S2,1
fb_02,B5817,50,S2,1
fb_03,B5817,50,S2,1
fb_04,B30358,50,S2,1
fb_05,B30358,50,S2,1
fb_06,B9658,50,S2,1
ld_01,B10132,50,S2,1
ld_02,B10132,50,S2,1
ld_03,B10132,50,S2,1
ld_04,B10132,50,S2,1
ld_05,B10132,50,S2,1
ld_06,B10132,50,S2,1
pr_01,B9658,50,S2,1
pr_02,B9658,50,S2,1
pr_03,B12431,50,S2,1
pr_04,B5817,50,S2,1
pr_05,B5817,50,S2,1
sk_01,B9658,50,S2,1
sk_02,B18200,50,S2,1
sk_03,B18032,50,S2,1
sk_04,B32707,50,S2,1
sk_05,B20673,50,S2,1
sk_06,B18200,50,S2,1
fb_01,B9658,50,S3,1
fb_02,B9658,50,S3,1
fb_03,B9658,50,S3,1
fb_04,B30358,50,S3,1
fb_05,B30358,50,S3,1
fb_06,B9658,50,S3,1
ld_01,B10132,50,S3,1
ld_02,B10132,50,S3,1
ld_03,B10132,50,S3,1
ld_04,B10132,50,S3,1
sk_01,B18032,50,S3,1
sk_02,B32707,50,S3,1
sk_03,B20673,50,S3,1
sk_04,B18200,50,S3,1
sk_05,B18032,50,S3,1
sk_06,B32707,50,S3,1
fb_01,B21899,51,S1,1
fb_02,B9658,51,S1,1
fb_03,B18200,51,S1,1
fb_04,B30358,51,S1,1
fb_05,B30358,51,S1,1
fb_06,B9658,51,S1,1
ld_01,B9658,51,S1,1
ld_02,B9658,51,S1,1
ld_03,B9658,51,S1,1
ld_04,B9658,51,S1,1
ld_05,B9658,51,S1,1
ld_06,B9658,51,S1,1
pr_01,B18032,51,S1,1
pr_02,B9658,51,S1,1
pr_03,B9658,51,S1,1
pr_04,B9658,51,S1,1
pr_05,B18200,51,S1,1
pr_06,B5817,51,S1,1
sk_01,B9658,51,S1,1
sk_02,B9658,51,S1,1
sk_03,B5817,51,S1,1
sk_04,B5817,51,S1,1
sk_05,B9658,51,S1,1
sk_06,B9658,51,S1,1
fb_01,B9658,51,S2,1
fb_02,B18200,51,S2,1
fb_03,B5817,51,S2,1
fb_04,B30358,51,S2,1
fb_05,B30358,51,S2,1
fb_06,B9658,51,S2,1
ld_01,B9658,51,S2,1
ld_02,B5817,51,S2,1
ld_03,B5817,51,S2,1
ld_04,B32707,51,S2,1
ld_05,B32707,51,S2,1
ld_06,B32707,51,S2,1
pr_01,B18200,51,S2,1
sk_01,B9658,51,S2,1
sk_02,B9658,51,S2,1
sk_03,B5817,51,S2,1
sk_04,B9658,51,S2,1
sk_05,B9658,51,S2,1
sk_06,B9658,51,S2,1
fb_01,B9658,51,S3,1
fb_02,B20149,51,S3,1
fb_03,B9658,51,S3,1
fb_04,B30358,51,S3,1
fb_05,B30358,51,S3,1
fb_06,B9658,51,S3,1
ld_01,B20673,51,S3,1
ld_02,B12431,51,S3,1
ld_03,B20673,51,S3,1
sk_01,B9658,51,S3,1
sk_02,B9658,51,S3,1
sk_03,B9658,51,S3,1
sk_04,B20673,51,S3,1
sk_05,B18200,51,S3,1
sk_06,B18032,51,S3,1
fb_01,B30103,52,S1,1
fb_02,B20538,52,S1,1
fb_03,B18200,52,S1,1
fb_04,B30358,52,S1,1
fb_05,B30358,52,S1,1
fb_06,B9658,52,S1,1
ld_01,B9658,52,S1,1
ld_02,B9658,52,S1,1
ld_03,B18200,52,S1,1
ld_04,B18032,52,S1,1
ld_05,B9658,52,S1,1
ld_06,B5817,52,S1,1
pr_01,B20673,52,S1,1
pr_02,B18032,52,S1,1
pr_03,B9658,52,S1,1
pr_04,B9658,52,S1,1
pr_05,B9658,52,S1,1
pr_06,B9658,52,S1,1
sk_01,B9658,52,S1,1
sk_02,B9658,52,S1,1
sk_03,B5817,52,S1,1
sk_04,B5817,52,S1,1
sk_05,B9658,52,S1,1
sk_06,B9658,52,S1,1
fb_01,B31203,52,S2,1
fb_02,B9658,52,S2,1
fb_03,B5817,52,S2,1
fb_04,B30358,52,S2,1
fb_05,B30358,52,S2,1
fb_06,B9658,52,S2,1
ld_01,B18200,52,S2,1
ld_02,B18032,52,S2,1
pr_01,B9658,52,S2,1
pr_02,B5817,52,S2,1
pr_03,B9658,52,S2,1
pr_04,B18200,52,S2,1
pr_05,B9658,52,S2,1
pr_06,B5817,52,S2,1
sk_01,B9658,52,S2,1
sk_02,B32707,52,S2,1
sk_03,B20673,52,S2,1
sk_04,B18200,52,S2,1
sk_05,B18032,52,S2,1
sk_06,B32707,52,S2,1
fb_01,B9658,52,S3,1
fb_02,B21899,52,S3,1
fb_03,B9658,52,S3,1
fb_04,B30358,52,S3,1
fb_05,B30358,52,S3,1
fb_06,B9658,52,S3,1
sk_01,B20673,52,S3,1
sk_02,B18200,52,S3,1
sk_03,B18032,52,S3,1
sk_04,B32707,52,S3,1
sk_05,B20673,52,S3,1
sk_06,B18200,52,S3,1
fb_01,B31730,53,S1,1
fb_02,B30103,53,S1,1
fb_03,B18200,53,S1,1
fb_04,B30358,53,S1,1
fb_05,B30358,53,S1,1
fb_06,B9658,53,S1,1
ld_01,B9658,53,S1,1
ld_02,B9658,53,S1,1
ld_03,B9658,53,S1,1
ld_04,B9658,53,S1,1
ld_05,B9658,53,S1,1
ld_06,B9658,53,S1,1
pr_01,B32707,53,S1,1
pr_02,B20673,53,S1,1
pr_03,B9658,53,S1,1
pr_04,B9658,53,S1,1
pr_05,B5817,53,S1,1
pr_06,B18200,53,S1,1
sk_01,B9658,53,S1,1
sk_02,B9658,53,S1,1
sk_03,B5817,53,S1,1
sk_04,B5817,53,S1,1
sk_05,B9658,53,S1,1
sk_06,B9658,53,S1,1
fb_01,B9658,53,S2,1
fb_02,B31203,53,S2,1
fb_03,B5817,53,S2,1
fb_04,B30358,53,S2,1
fb_05,B30358,53,S2,1
fb_06,B9658,53,S2,1
ld_01,B9658,53,S2,1
ld_02,B9658,53,S2,1
ld_03,B5817,53,S2,1
ld_04,B5817,53,S2,1
ld_05,B20673,53,S2,1
ld_06,B18200,53,S2,1
pr_01,B18200,53,S2,1
sk_01,B9658,53,S2,1
sk_02,B18032,53,S2,1
sk_03,B32707,53,S2,1
sk_04,B20673,53,S2,1
sk_05,B18200,53,S2,1
sk_06,B18032,53,S2,1
fb_01,B9658,53,S3,1
fb_02,B31730,53,S3,1
fb_03,B9658,53,S3,1
fb_04,B30358,53,S3,1
fb_05,B30358,53,S3,1
fb_06,B9658,53,S3,1
ld_01,B18032,53,S3,1
ld_02,B20673,53,S3,1
sk_01,B32707,53,S3,1
sk_02,B20673,53,S3,1
sk_03,B18200,53,S3,1
sk_04,B18032,53,S3,1
sk_05,B9658,53,S3,1
sk_06,B20673,53,S3,1
fb_01,B9658,54,S1,1
fb_02,B5817,54,S1,1
fb_03,B18200,54,S1,1
fb_04,B30358,54,S1,1
fb_05,B30358,54,S1,1
fb_06,B9658,54,S1,1
ld_01,B9658,54,S1,1
ld_02,B9658,54,S1,1
ld_03,B9658,54,S1,1
ld_04,B5817,54,S1,1
ld_05,B32707,54,S1,1
ld_06,B32707,54,S1,1
pr_01,B20673,54,S1,1
pr_02,B18032,54,S1,1
pr_03,B9658,54,S1,1
pr_04,B18200,54,S1,1
pr_05,B9658,54,S1,1
pr_06,B9658,54,S1,1
sk_01,B9658,54,S1,1
sk_02,B9658,54,S1,1
sk_03,B5817,54,S1,1
sk_04,B9658,54,S1,1
sk_05,B9658,54,S1,1
sk_06,B9658,54,S1,1
fb_01,B9658,54,S2,1
fb_02,B9658,54,S2,1
fb_03,B5817,54,S2,1
fb_04,B30358,54,S2,1
fb_05,B30358,54,S2,1
fb_06,B9658,54,S2,1
ld_01,B32707,54,S2,1
ld_02,B20673,54,S2,1
ld_03,B18200,54,S2,1
ld_04,B20673,54,S2,1
pr_01,B5817,54,S2,1
pr_02,B9658,54,S2,1
pr_03,B18200,54,S2,1
sk_01,B9658,54,S2,1
sk_02,B9658,54,S2,1
sk_03,B18200,54,S2,1
sk_04,B18032,54,S2,1
sk_05,B32707,54,S2,1
sk_06,B20673,54,S2,1
fb_01,B5218,54,S3,1
fb_02,B9658,54,S3,1
fb_03,B9658,54,S3,1
fb_04,B30358,54,S3,1
fb_05,B30358,54,S3,1
fb_06,B9658,54,S3,1
sk_01,B18200,54,S3,1
sk_02,B18032,54,S3,1
sk_03,B32707,54,S3,1
sk_04,B20673,54,S3,1
sk_05,B18200,54,S3,1
sk_06,B9658,54,S3,1
fb_01,B5817,55,S1,1
fb_02,B18200,55,S1,1
fb_03,B18200,55,S1,1
fb_04,B30358,55,S1,1
fb_05,B30358,55,S1,1
fb_06,B9658,55,S1,1
ld_01,B9658,55,S1,1
ld_02,B9658,55,S1,1
ld_03,B9658,55,S1,1
ld_04,B9658,55,S1,1
ld_05,B18032,55,S1,1
ld_06,B5817,55,S1,1
pr_01,B18032,55,S1,1
pr_02,B32707,55,S1,1
pr_03,B9658,55,S1,1
pr_04,B9658,55,S1,1
pr_05,B9658,55,S1,1
pr_06,B9658,55,S1,1
sk_01,B9658,55,S1,1
sk_02,B5218,55,S1,1
sk_03,B5817,55,S1,1
sk_04,B5218,55,S1,1
sk_05,B9658,55,S1,1
sk_06,B9658,55,S1,1
fb_01,B9658,55,S2,1
fb_02,B20149,55,S2,1
fb_03,B5817,55,S2,1
fb_04,B30358,55,S2,1
fb_05,B30358,55,S2,1
fb_06,B9658,55,S2,1
ld_01,B20673,55,S2,1
ld_02,B20673,55,S2,1
ld_03,B18032,55,S2,1
ld_04,B18200,55,S2,1
ld_05,B18200,55,S2,1
pr_01,B5817,55,S2,1
pr_02,B18200,55,S2,1
pr_03,B18200,55,S2,1
sk_01,B9658,55,S2,1
sk_02,B9658,55,S2,1
sk_03,B5817,55,S2,1
sk_04,B9658,55,S2,1
sk_05,B9658,55,S2,1
sk_06,B9658,55,S2,1
fb_01,B9658,55,S3,1
fb_02,B20538,55,S3,1
fb_03,B9658,55,S3,1
fb_04,B30358,55,S3,1
fb_05,B30358,55,S3,1
fb_06,B9658,55,S3,1
sk_01,B9658,55,S3,1
sk_02,B9658,55,S3,1
sk_03,B9658,55,S3,1
sk_04,B9658,55,S3,1
sk_05,B9658,55,S3,1
sk_06,B9658,55,S3,1
fb_01,B9658,56,S1,1
fb_02,B9658,56,S1,1
fb_03,B18200,56,S1,1
fb_04,B30358,56,S1,1
fb_05,B30358,56,S1,1
fb_06,B9658,56,S1,1
ld_01,B9658,56,S1,1
ld_02,B9658,56,S1,1
ld_03,B9658,56,S1,1
ld_04,B9658,56,S1,1
ld_05,B5817,56,S1,1
ld_06,B18200,56,S1,1
pr_01,B5218,56,S1,1
pr_02,B5218,56,S1,1
pr_03,B9658,56,S1,1
pr_04,B9658,56,S1,1
pr_05,B9658,56,S1,1
pr_06,B9658,56,S1,1
sk_01,B9658,56,S1,1
sk_02,B9658,56,S1,1
sk_03,B5817,56,S1,1
sk_04,B5817,56,S1,1
sk_05,B9658,56,S1,1
sk_06,B9658,56,S1,1
fb_01,B12431,56,S2,1
fb_02,B21899,56,S2,1
fb_03,B5817,56,S2,1
fb_04,B30358,56,S2,1
fb_05,B30358,56,S2,1
fb_06,B9658,56,S2,1
ld_01,B18032,56,S2,1
ld_02,B32707,56,S2,1
ld_03,B18200,56,S2,1
ld_04,B32707,56,S2,1
ld_05,B18032,56,S2,1
pr_01,B9658,56,S2,1
pr_02,B9658,56,S2,1
pr_03,B9658,56,S2,1
pr_04,B9658,56,S2,1
pr_05,B5817,56,S2,1
sk_01,B9658,56,S2,1
sk_02,B9658,56,S2,1
sk_03,B5817,56,S2,1
sk_04,B9658,56,S2,1
sk_05,B9658,56,S2,1
sk_06,B9658,56,S2,1
fb_01,B9658,56,S3,1
fb_02,B30103,56,S3,1
fb_03,B9658,56,S3,1
fb_04,B30358,56,S3,1
fb_05,B30358,56,S3,1
fb_06,B9658,56,S3,1
sk_01,B9658,56,S3,1
sk_02,B9658,56,S3,1
sk_03,B9658,56,S3,1
sk_04,B9658,56,S3,1
sk_05,B9658,56,S3,1
sk_06,B9658,56,S3,1
fb_01,B18200,57,S1,1
fb_02,B31203,57,S1,1
fb_03,B18200,57,S1,1
fb_04,B30358,57,S1,1
fb_05,B30358,57,S1,1
fb_06,B9658,57,S1,1
ld_01,B9658,57,S1,1
ld_02,B9658,57,S1,1
ld_03,B9658,57,S1,1
ld_04,B9658,57,S1,1
ld_05,B9658,57,S1,1
ld_06,B9658,57,S1,1
pr_01,B9658,57,S1,1
pr_02,B9658,57,S1,1
pr_03,B9658,57,S1,1
pr_04,B9658,57,S1,1
pr_05,B9658,57,S1,1
pr_06,B9658,57,S1,1
sk_01,B9658,57,S1,1
sk_02,B12431,57,S1,1
sk_03,B5817,57,S1,1
sk_04,B5817,57,S1,1
sk_05,B9658,57,S1,1
sk_06,B9658,57,S1,1
fb_01,B20149,57,S2,1
fb_02,B31730,57,S2,1
fb_03,B5817,57,S2,1
fb_04,B30358,57,S2,1
fb_05,B30358,57,S2,1
fb_06,B9658,57,S2,1
ld_01,B9658,57,S2,1
ld_02,B9658,57,S2,1
ld_03,B9658,57,S2,1
ld_04,B5817,57,S2,1
ld_05,B5218,57,S2,1
ld_06,B5218,57,S2,1
pr_01,B5817,57,S2,1
pr_02,B9658,57,S2,1
pr_03,B9658,57,S2,1
pr_04,B5817,57,S2,1
sk_01,B9658,57,S2,1
sk_02,B9658,57,S2,1
sk_03,B9658,57,S2,1
sk_04,B9658,57,S2,1
sk_05,B9658,57,S2,1
sk_06,B9658,57,S2,1
fb_01,B20538,57,S3,1
fb_02,B5817,57,S3,1
fb_03,B9658,57,S3,1
fb_04,B30358,57,S3,1
fb_05,B30358,57,S3,1
fb_06,B9658,57,S3,1
ld_01,B5218,57,S3,1
sk_01,B32707,57,S3,1
sk_02,B20673,57,S3,1
sk_03,B18200,57,S3,1
sk_04,B18032,57,S3,1
sk_05,B32707,57,S3,1
sk_06,B20673,57,S3,1
fb_01,B20631,58,S1,1
fb_02,B9658,58,S1,1
fb_03,B18200,58,S1,1
fb_04,B30358,58,S1,1
fb_05,B30358,58,S1,1
fb_06,B9658,58,S1,1
ld_01,B9658,58,S1,1
ld_02,B9658,58,S1,1
ld_03,B9658,58,S1,1
ld_04,B9658,58,S1,1
ld_05,B9658,58,S1,1
ld_06,B9658,58,S1,1
pr_01,B20673,58,S1,1
pr_02,B18032,58,S1,1
pr_03,B9658,58,S1,1
pr_04,B9658,58,S1,1
pr_05,B9658,58,S1,1
pr_06,B12431,58,S1,1
sk_01,B9658,58,S1,1
sk_02,B9658,58,S1,1
sk_03,B5817,58,S1,1
sk_04,B5817,58,S1,1
sk_05,B9658,58,S1,1
sk_06,B9658,58,S1,1
fb_01,B20632,58,S2,1
fb_02,B9658,58,S2,1
fb_03,B5817,58,S2,1
fb_04,B30358,58,S2,1
fb_05,B30358,58,S2,1
fb_06,B9658,58,S2,1
ld_01,B9658,58,S2,1
ld_02,B9658,58,S2,1
ld_03,B9658,58,S2,1
ld_04,B5817,58,S2,1
ld_05,B5817,58,S2,1
pr_01,B9658,58,S2,1
pr_02,B18200,58,S2,1
pr_03,B9658,58,S2,1
pr_04,B5817,58,S2,1
sk_01,B9658,58,S2,1
sk_02,B9658,58,S2,1
sk_03,B5817,58,S2,1
sk_04,B9658,58,S2,1
sk_05,B9658,58,S2,1
sk_06,B9658,58,S2,1
fb_01,B9658,58,S3,1
fb_02,B18200,58,S3,1
fb_03,B9658,58,S3,1
fb_04,B30358,58,S3,1
fb_05,B30358,58,S3,1
fb_06,B9658,58,S3,1
sk_01,B18200,58,S3,1
sk_02,B18032,58,S3,1
sk_03,B32707,58,S3,1
sk_04,B20673,58,S3,1
sk_05,B9658,58,S3,1
sk_06,B18032,58,S3,1
fb_01,B9658,59,S1,1
fb_02,B20149,59,S1,1
fb_03,B18200,59,S1,1
fb_04,B30358,59,S1,1
fb_05,B30358,59,S1,1
fb_06,B9658,59,S1,1
ld_01,B9658,59,S1,1
ld_02,B9658,59,S1,1
ld_03,B9658,59,S1,1
ld_04,B9658,59,S1,1
ld_05,B9658,59,S1,1
ld_06,B9658,59,S1,1
pr_01,B9658,59,S1,1
pr_02,B9658,59,S1,1
pr_03,B9658,59,S1,1
pr_04,B18200,59,S1,1
pr_05,B9658,59,S1,1
pr_06,B9658,59,S1,1
sk_01,B9658,59,S1,1
sk_02,B9658,59,S1,1
sk_03,B5817,59,S1,1
sk_04,B5817,59,S1,1
sk_05,B9658,59,S1,1
sk_06,B9658,59,S1,1
fb_01,B21899,59,S2,1
fb_02,B20538,59,S2,1
fb_03,B5817,59,S2,1
fb_04,B30358,59,S2,1
fb_05,B30358,59,S2,1
fb_06,B9658,59,S2,1
ld_01,B5817,59,S2,1
ld_02,B18200,59,S2,1
ld_03,B12431,59,S2,1
ld_04,B18032,59,S2,1
ld_05,B20673,59,S2,1
pr_01,B5817,59,S2,1
pr_02,B9658,59,S2,1
pr_03,B5817,59,S2,1
sk_01,B9658,59,S2,1
sk_02,B9658,59,S2,1
sk_03,B9658,59,S2,1
sk_04,B9658,59,S2,1
sk_05,B32707,59,S2,1
sk_06,B20673,59,S2,1
fb_01,B9658,59,S3,1
fb_02,B9658,59,S3,1
fb_03,B9658,59,S3,1
fb_04,B30358,59,S3,1
fb_05,B30358,59,S3,1
fb_06,B9658,59,S3,1
sk_01,B18200,59,S3,1
sk_02,B18032,59,S3,1
sk_03,B32707,59,S3,1
sk_04,B20673,59,S3,1
sk_05,B18200,59,S3,1
sk_06,B18032,59,S3,1
fb_01,B9658,60,S1,1
fb_02,B30103,60,S1,1
fb_03,B18200,60,S1,1
fb_04,B30358,60,S1,1
fb_05,B30358,60,S1,1
fb_06,B9658,60,S1,1
ld_01,B9658,60,S1,1
ld_02,B9658,60,S1,1
ld_03,B9658,60,S1,1
ld_04,B9658,60,S1,1
ld_05,B9658,60,S1,1
ld_06,B9658,60,S1,1
pr_01,B32707,60,S1,1
pr_02,B20673,60,S1,1
pr_03,B18032,60,S1,1
pr_04,B18200,60,S1,1
pr_05,B9658,60,S1,1
pr_06,B9658,60,S1,1
sk_01,B9658,60,S1,1
sk_02,B9658,60,S1,1
sk_03,B5817,60,S1,1
sk_04,B5817,60,S1,1
sk_05,B9658,60,S1,1
sk_06,B9658,60,S1,1
fb_01,B30103,60,S2,1
fb_02,B31203,60,S2,1
fb_03,B5817,60,S2,1
fb_04,B30358,60,S2,1
fb_05,B30358,60,S2,1
fb_06,B9658,60,S2,1
ld_01,B9658,60,S2,1
ld_02,B5817,60,S2,1
ld_03,B5817,60,S2,1
pr_01,B5817,60,S2,1
pr_02,B9658,60,S2,1
pr_03,B9658,60,S2,1
pr_04,B5817,60,S2,1
sk_01,B9658,60,S2,1
sk_02,B9658,60,S2,1
sk_03,B32707,60,S2,1
sk_04,B20673,60,S2,1
sk_05,B18200,60,S2,1
sk_06,B18032,60,S2,1
fb_01,B31203,60,S3,1
fb_02,B31730,60,S3,1
fb_03,B9658,60,S3,1
fb_04,B30358,60,S3,1
fb_05,B30358,60,S3,1
fb_06,B9658,60,S3,1
sk_01,B32707,60,S3,1
sk_02,B20673,60,S3,1
sk_03,B18200,60,S3,1
sk_04,B18032,60,S3,1
sk_05,B32707,60,S3,1
sk_06,B20673,60,S3,1
fb_01,B9658,61,S1,1
fb_02,B5817,61,S1,1
fb_03,B18200,61,S1,1
fb_04,B30358,61,S1,1
fb_05,B30358,61,S1,1
fb_06,B9658,61,S1,1
ld_01,B9658,61,S1,1
ld_02,B9658,61,S1,1
ld_03,B9658,61,S1,1
ld_04,B9658,61,S1,1
ld_05,B5817,61,S1,1
ld_06,B5817,61,S1,1
pr_01,B32707,61,S1,1
pr_02,B20673,61,S1,1
pr_03,B18032,61,S1,1
pr_04,B18200,61,S1,1
pr_05,B9658,61,S1,1
pr_06,B9658,61,S1,1
sk_01,B9658,61,S1,1
sk_02,B9658,61,S1,1
sk_03,B5817,61,S1,1
sk_04,B9658,61,S1,1
sk_05,B9658,61,S1,1
sk_06,B9658,61,S1,1
fb_01,B31730,61,S2,1
fb_02,B9658,61,S2,1
fb_03,B5817,61,S2,1
fb_04,B30358,61,S2,1
fb_05,B30358,61,S2,1
fb_06,B9658,61,S2,1
ld_01,B32707,61,S2,1
ld_02,B32707,61,S2,1
ld_03,B32707,61,S2,1
ld_04,B18032,61,S2,1
ld_05,B20673,61,S2,1
ld_06,B18200,61,S2,1
pr_01,B9658,61,S2,1
pr_02,B9658,61,S2,1
pr_03,B5817,61,S2,1
pr_04,B18200,61,S2,1
sk_01,B9658,61,S2,1
sk_02,B18200,61,S2,1
sk_03,B18032,61,S2,1
sk_04,B32707,61,S2,1
sk_05,B20673,61,S2,1
sk_06,B18200,61,S2,1
fb_01,B9658,61,S3,1
fb_02,B9658,61,S3,1
fb_03,B9658,61,S3,1
fb_04,B30358,61,S3,1
fb_05,B30358,61,S3,1
fb_06,B9658,61,S3,1
ld_01,B18032,61,S3,1
ld_02,B20673,61,S3,1
sk_01,B18032,61,S3,1
sk_02,B32707,61,S3,1
sk_03,B20673,61,S3,1
sk_04,B9658,61,S3,1
sk_05,B9658,61,S3,1
sk_06,B32707,61,S3,1
fb_01,B9658,62,S1,1
fb_02,B18200,62,S1,1
fb_03,B18200,62,S1,1
fb_04,B30358,62,S1,1
fb_05,B30358,62,S1,1
fb_06,B9658,62,S1,1
ld_01,B9658,62,S1,1
ld_02,B9658,62,S1,1
ld_03,B9658,62,S1,1
ld_04,B9658,62,S1,1
ld_05,B9658,62,S1,1
ld_06,B5817,62,S1,1
pr_01,B18032,62,S1,1
pr_02,B9658,62,S1,1
pr_03,B9658,62,S1,1
pr_04,B9658,62,S1,1
pr_05,B9658,62,S1,1
pr_06,B5817,62,S1,1
sk_01,B9658,62,S1,1
sk_02,B9658,62,S1,1
sk_03,B5817,62,S1,1
sk_04,B5817,62,S1,1
sk_05,B9658,62,S1,1
sk_06,B9658,62,S1,1
fb_01,B9658,62,S2,1
fb_02,B20149,62,S2,1
fb_03,B5817,62,S2,1
fb_04,B30358,62,S2,1
fb_05,B30358,62,S2,1
fb_06,B9658,62,S2,1
ld_01,B32707,62,S2,1
ld_02,B32707,62,S2,1
ld_03,B18032,62,S2,1
ld_04,B20673,62,S2,1
ld_05,B20673,62,S2,1
ld_06,B32707,62,S2,1
pr_01,B18200,62,S2,1
sk_01,B9658,62,S2,1
sk_02,B9658,62,S2,1
sk_03,B5817,62,S2,1
sk_04,B9658,62,S2,1
sk_05,B9658,62,S2,1
sk_06,B9658,62,S2,1
fb_01,B9658,62,S3,1
fb_02,B20538,62,S3,1
fb_03,B9658,62,S3,1
fb_04,B30358,62,S3,1
fb_05,B30358,62,S3,1
fb_06,B9658,62,S3,1
ld_01,B18032,62,S3,1
ld_02,B18200,62,S3,1
ld_03,B18200,62,S3,1
sk_01,B9658,62,S3,1
sk_02,B9658,62,S3,1
sk_03,B20673,62,S3,1
sk_04,B18200,62,S3,1
sk_05,B18032,62,S3,1
sk_06,B32707,62,S3,1
fb_01,B5218,63,S1,1
fb_02,B9658,63,S1,1
fb_03,B18200,63,S1,1
fb_04,B30358,63,S1,1
fb_05,B30358,63,S1,1
fb_06,B9658,63,S1,1
ld_01,B9658,63,S1,1
ld_02,B9658,63,S1,1
ld_03,B9658,63,S1,1
ld_04,B9658,63,S1,1
ld_05,B18032,63,S1,1
ld_06,B5817,63,S1,1
pr_01,B32707,63,S1,1
pr_02,B20673,63,S1,1
pr_03,B9658,63,S1,1
pr_04,B18200,63,S1,1
pr_05,B9658,63,S1,1
pr_06,B9658,63,S1,1
sk_01,B9658,63,S1,1
sk_02,B9658,63,S1,1
sk_03,B5817,63,S1,1
sk_04,B5817,63,S1,1
sk_05,B9658,63,S1,1
sk_06,B9658,63,S1,1
fb_01,B5817,63,S2,1
fb_02,B30103,63,S2,1
fb_03,B5817,63,S2,1
fb_04,B30358,63,S2,1
fb_05,B30358,63,S2,1
fb_06,B9658,63,S2,1
ld_01,B18200,63,S2,1
pr_01,B9658,63,S2,1
pr_02,B9658,63,S2,1
pr_03,B9658,63,S2,1
pr_04,B5817,63,S2,1
sk_01,B9658,63,S2,1
sk_02,B9658,63,S2,1
sk_03,B9658,63,S2,1
sk_04,B9658,63,S2,1
sk_05,B9658,63,S2,1
sk_06,B20673,63,S2,1
fb_01,B9658,63,S3,1
fb_02,B31203,63,S3,1
fb_03,B9658,63,S3,1
fb_04,B30358,63,S3,1
fb_05,B30358,63,S3,1
fb_06,B9658,63,S3,1
sk_01,B18200,63,S3,1
sk_02,B18032,63,S3,1
sk_03,B32707,63,S3,1
sk_04,B20673,63,S3,1
sk_05,B18200,63,S3,1
sk_06,B18032,63,S3,1
fb_01,B9658,64,S1,1
fb_02,B31730,64,S1,1
fb_03,B18200,64,S1,1
fb_04,B30358,64,S1,1
fb_05,B30358,64,S1,1
fb_06,B9658,64,S1,1
ld_01,B9658,64,S1,1
ld_02,B9658,64,S1,1
ld_03,B9658,64,S1,1
ld_04,B9658,64,S1,1
ld_05,B9658,64,S1,1
ld_06,B9658,64,S1,1
pr_01,B18032,64,S1,1
pr_02,B9658,64,S1,1
pr_03,B9658,64,S1,1
pr_04,B18200,64,S1,1
pr_05,B9658,64,S1,1
pr_06,B9658,64,S1,1
sk_01,B5218,64,S1,1
sk_02,B9658,64,S1,1
sk_03,B5817,64,S1,1
sk_04,B5817,64,S1,1
sk_05,B9658,64,S1,1
sk_06,B9658,64,S1,1
fb_01,B9658,64,S2,1
fb_02,B5817,64,S2,1
fb_03,B5817,64,S2,1
fb_04,B30358,64,S2,1
fb_05,B30358,64,S2,1
fb_06,B9658,64,S2,1
ld_01,B9658,64,S2,1
ld_02,B5817,64,S2,1
ld_03,B32707,64,S2,1
ld_04,B32707,64,S2,1
ld_05,B20673,64,S2,1
ld_06,B32707,64,S2,1
pr_01,B9658,64,S2,1
pr_02,B5817,64,S2,1
pr_03,B5817,64,S2,1
sk_01,B9658,64,S2,1
sk_02,B9658,64,S2,1
sk_03,B9658,64,S2,1
sk_04,B9658,64,S2,1
sk_05,B9658,64,S2,1
sk_06,B9658,64,S2,1
fb_01,B12431,64,S3,1
fb_02,B9658,64,S3,1
fb_03,B9658,64,S3,1
fb_04,B30358,64,S3,1
fb_05,B30358,64,S3,1
fb_06,B9658,64,S3,1
ld_01,B18200,64,S3,1
ld_02,B20673,64,S3,1
sk_01,B9658,64,S3,1
sk_02,B9658,64,S3,1
sk_03,B9658,64,S3,1
sk_04,B32707,64,S3,1
sk_05,B20673,64,S3,1
sk_06,B18200,64,S3,1
fb_01,B9658,65,S1,1
fb_02,B5817,65,S1,1
fb_03,B18200,65,S1,1
fb_04,B30358,65,S1,1
fb_05,B30358,65,S1,1
fb_06,B5817,65,S1,1
ld_01,B9658,65,S1,1
ld_02,B9658,65,S1,1
ld_03,B9658,65,S1,1
ld_04,B9658,65,S1,1
ld_05,B9658,65,S1,1
ld_06,B5817,65,S1,1
pr_01,B20673,65,S1,1
pr_02,B9658,65,S1,1
pr_03,B9658,65,S1,1
pr_04,B18200,65,S1,1
pr_05,B9658,65,S1,1
pr_06,B9658,65,S1,1
sk_01,B9658,65,S1,1
sk_02,B12431,65,S1,1
sk_03,B12431,65,S1,1
sk_04,B9658,65,S1,1
sk_05,B9658,65,S1,1
sk_06,B9658,65,S1,1
fb_01,B18200,65,S2,1
fb_02,B18200,65,S2,1
fb_03,B5817,65,S2,1
fb_04,B30358,65,S2,1
fb_05,B30358,65,S2,1
fb_06,B5817,65,S2,1
ld_01,B5817,65,S2,1
ld_02,B18032,65,S2,1
ld_03,B18032,65,S2,1
pr_01,B9658,65,S2,1
pr_02,B9658,65,S2,1
pr_03,B9658,65,S2,1
pr_04,B5817,65,S2,1
sk_01,B9658,65,S2,1
sk_02,B9658,65,S2,1
sk_03,B9658,65,S2,1
sk_04,B35154,65,S2,1
sk_05,B35154,65,S2,1
sk_06,B9658,65,S2,1
fb_01,B20149,65,S3,1
fb_02,B20149,65,S3,1
fb_03,B5817,65,S3,1
fb_04,B30358,65,S3,1
fb_05,B30358,65,S3,1
fb_06,B5817,65,S3,1
sk_01,B9658,65,S3,1
sk_02,B9658,65,S3,1
sk_03,B35154,65,S3,1
sk_04,B35154,65,S3,1
sk_05,B9658,65,S3,1
sk_06,B9658,65,S3,1
fb_01,B20538,66,S1,1
fb_02,B20538,66,S1,1
fb_03,B18200,66,S1,1
fb_04,B30358,66,S1,1
fb_05,B30358,66,S1,1
fb_06,B5817,66,S1,1
ld_01,B9658,66,S1,1
ld_02,B5817,66,S1,1
ld_03,B9658,66,S1,1
ld_04,B9658,66,S1,1
ld_05,B18200,66,S1,1
ld_06,B9658,66,S1,1
pr_01,B35154,66,S1,1
pr_02,B9658,66,S1,1
pr_03,B9658,66,S1,1
pr_04,B9658,66,S1,1
pr_05,B9658,66,S1,1
pr_06,B9658,66,S1,1
sk_01,B9658,66,S1,1
sk_02,B9658,66,S1,1
sk_03,B35154,66,S1,1
sk_04,B35154,66,S1,1
sk_05,B9658,66,S1,1
sk_06,B9658,66,S1,1
fb_01,B20631,66,S2,1
fb_02,B5817,66,S2,1
fb_03,B5817,66,S2,1
fb_04,B30358,66,S2,1
fb_05,B30358,66,S2,1
fb_06,B5817,66,S2,1
ld_01,B9658,66,S2,1
ld_02,B9658,66,S2,1
ld_03,B9658,66,S2,1
ld_04,B9658,66,S2,1
ld_05,B20673,66,S2,1
ld_06,B20673,66,S2,1
pr_01,B12431,66,S2,1
pr_02,B9658,66,S2,1
pr_03,B12431,66,S2,1
sk_01,B9658,66,S2,1
sk_02,B9658,66,S2,1
sk_03,B35154,66,S2,1
sk_04,B35154,66,S2,1
sk_05,B9658,66,S2,1
sk_06,B9658,66,S2,1
fb_01,B20632,66,S3,1
fb_02,B30103,66,S3,1
fb_03,B5817,66,S3,1
fb_04,B30358,66,S3,1
fb_05,B30358,66,S3,1
fb_06,B5817,66,S3,1
sk_01,B9658,66,S3,1
sk_02,B9658,66,S3,1
sk_03,B35154,66,S3,1
sk_04,B35154,66,S3,1
sk_05,B9658,66,S3,1
sk_06,B9658,66,S3,1
fb_01,B5817,67,S1,1
fb_02,B31203,67,S1,1
fb_03,B18200,67,S1,1
fb_04,B30358,67,S1,1
fb_05,B30358,67,S1,1
fb_06,B5817,67,S1,1
ld_01,B9658,67,S1,1
ld_02,B9658,67,S1,1
ld_03,B9658,67,S1,1
ld_04,B9658,67,S1,1
ld_05,B9658,67,S1,1
ld_06,B9658,67,S1,1
pr_01,B35154,67,S1,1
pr_02,B35154,67,S1,1
pr_03,B35154,67,S1,1
pr_04,B9658,67,S1,1
pr_05,B9658,67,S1,1
pr_06,B9658,67,S1,1
sk_01,B9658,67,S1,1
sk_02,B9658,67,S1,1
sk_03,B35154,67,S1,1
sk_04,B35154,67,S1,1
sk_05,B9658,67,S1,1
sk_06,B9658,67,S1,1
fb_01,B5817,67,S2,1
fb_02,B31730,67,S2,1
fb_03,B5817,67,S2,1
fb_04,B30358,67,S2,1
fb_05,B30358,67,S2,1
fb_06,B5817,67,S2,1
ld_01,B9658,67,S2,1
ld_02,B35154,67,S2,1
ld_03,B12431,67,S2,1
ld_04,B12431,67,S2,1
pr_01,B9658,67,S2,1
pr_02,B9658,67,S2,1
pr_03,B9658,67,S2,1
pr_04,B9658,67,S2,1
sk_01,B9658,67,S2,1
sk_02,B9658,67,S2,1
sk_03,B35154,67,S2,1
sk_04,B35154,67,S2,1
sk_05,B9658,67,S2,1
sk_06,B9658,67,S2,1
fb_01,B21899,67,S3,1
fb_02,B5817,67,S3,1
fb_03,B5817,67,S3,1
fb_04,B30358,67,S3,1
fb_05,B30358,67,S3,1
fb_06,B5817,67,S3,1
sk_01,B9658,67,S3,1
sk_02,B9658,67,S3,1
sk_03,B35154,67,S3,1
sk_04,B35154,67,S3,1
sk_05,B9658,67,S3,1
sk_06,B9658,67,S3,1
fb_01,B5817,68,S1,1
fb_02,B5817,68,S1,1
fb_03,B18200,68,S1,1
fb_04,B30358,68,S1,1
fb_05,B30358,68,S1,1
fb_06,B5817,68,S1,1
ld_01,B9658,68,S1,1
ld_02,B9658,68,S1,1
ld_03,B9658,68,S1,1
ld_04,B9658,68,S1,1
ld_05,B9658,68,S1,1
ld_06,B9658,68,S1,1
pr_01,B35154,68,S1,1
pr_02,B35154,68,S1,1
pr_03,B35154,68,S1,1
pr_04,B9658,68,S1,1
pr_05,B9658,68,S1,1
pr_06,B9658,68,S1,1
sk_01,B9658,68,S1,1
sk_02,B9658,68,S1,1
sk_03,B35154,68,S1,1
sk_04,B35154,68,S1,1
sk_05,B9658,68,S1,1
sk_06,B9658,68,S1,1
fb_01,B5817,68,S2,1
fb_02,B5817,68,S2,1
fb_03,B5817,68,S2,1
fb_04,B30358,68,S2,1
fb_05,B30358,68,S2,1
fb_06,B5817,68,S2,1
ld_01,B9658,68,S2,1
ld_02,B9658,68,S2,1
ld_03,B35154,68,S2,1
ld_04,B35154,68,S2,1
ld_05,B35154,68,S2,1
ld_06,B35154,68,S2,1
pr_01,B9658,68,S2,1
pr_02,B9658,68,S2,1
pr_03,B9658,68,S2,1
pr_04,B9658,68,S2,1
sk_01,B9658,68,S2,1
sk_02,B9658,68,S2,1
sk_03,B35154,68,S2,1
sk_04,B35154,68,S2,1
sk_05,B9658,68,S2,1
sk_06,B9658,68,S2,1
fb_01,B30103,68,S3,1
fb_02,B18200,68,S3,1
fb_03,B5817,68,S3,1
fb_04,B30358,68,S3,1
fb_05,B30358,68,S3,1
fb_06,B5817,68,S3,1
sk_01,B9658,68,S3,1
sk_02,B9658,68,S3,1
sk_03,B35154,68,S3,1
sk_04,B35154,68,S3,1
sk_05,B9658,68,S3,1
sk_06,B9658,68,S3,1
fb_01,B31203,69,S1,1
fb_02,B20149,69,S1,1
fb_03,B18200,69,S1,1
fb_04,B30358,69,S1,1
fb_05,B30358,69,S1,1
fb_06,B5817,69,S1,1
ld_01,B9658,69,S1,1
ld_02,B9658,69,S1,1
ld_03,B9658,69,S1,1
ld_04,B9658,69,S1,1
ld_05,B9658,69,S1,1
ld_06,B9658,69,S1,1
pr_01,B35154,69,S1,1
pr_02,B35154,69,S1,1
pr_03,B35154,69,S1,1
pr_04,B9658,69,S1,1
pr_05,B9658,69,S1,1
pr_06,B9658,69,S1,1
sk_01,B9658,69,S1,1
sk_02,B9658,69,S1,1
sk_03,B35154,69,S1,1
sk_04,B35154,69,S1,1
sk_05,B9658,69,S1,1
sk_06,B9658,69,S1,1
fb_01,B5817,69,S2,1
fb_02,B20538,69,S2,1
fb_03,B5817,69,S2,1
fb_04,B30358,69,S2,1
fb_05,B30358,69,S2,1
fb_06,B5817,69,S2,1
ld_01,B9658,69,S2,1
ld_02,B9658,69,S2,1
ld_03,B35154,69,S2,1
ld_04,B35154,69,S2,1
ld_05,B35154,69,S2,1
pr_01,B9658,69,S2,1
pr_02,B9658,69,S2,1
pr_03,B9658,69,S2,1
sk_01,B9658,69,S2,1
sk_02,B9658,69,S2,1
sk_03,B35154,69,S2,1
sk_04,B35154,69,S2,1
sk_05,B9658,69,S2,1
sk_06,B9658,69,S2,1
fb_01,B31730,69,S3,1
fb_02,B5817,69,S3,1
fb_03,B5817,69,S3,1
fb_04,B30358,69,S3,1
fb_05,B30358,69,S3,1
fb_06,B5817,69,S3,1
sk_01,B9658,69,S3,1
sk_02,B9658,69,S3,1
sk_03,B35154,69,S3,1
sk_04,B35154,69,S3,1
sk_05,B9658,69,S3,1
sk_06,B9658,69,S3,1
fb_01,B5817,70,S1,1
fb_02,B30103,70,S1,1
fb_03,B18200,70,S1,1
fb_04,B30358,70,S1,1
fb_05,B30358,70,S1,1
fb_06,B5817,70,S1,1
ld_01,B9658,70,S1,1
ld_02,B9658,70,S1,1
ld_03,B9658,70,S1,1
ld_04,B9658,70,S1,1
ld_05,B9658,70,S1,1
ld_06,B9658,70,S1,1
pr_01,B35154,70,S1,1
pr_02,B35154,70,S1,1
pr_03,B35154,70,S1,1
pr_04,B9658,70,S1,1
pr_05,B9658,70,S1,1
pr_06,B9658,70,S1,1
sk_01,B9658,70,S1,1
sk_02,B9658,70,S1,1
sk_03,B35154,70,S1,1
sk_04,B35154,70,S1,1
sk_05,B9658,70,S1,1
sk_06,B9658,70,S1,1
fb_01,B5817,70,S2,1
fb_02,B31203,70,S2,1
fb_03,B5817,70,S2,1
fb_04,B30358,70,S2,1
fb_05,B30358,70,S2,1
fb_06,B5817,70,S2,1
ld_01,B35154,70,S2,1
ld_02,B35154,70,S2,1
ld_03,B35154,70,S2,1
ld_04,B35154,70,S2,1
pr_01,B9658,70,S2,1
pr_02,B9658,70,S2,1
pr_03,B9658,70,S2,1
pr_04,B9658,70,S2,1
sk_01,B9658,70,S2,1
sk_02,B9658,70,S2,1
sk_03,B35154,70,S2,1
sk_04,B35154,70,S2,1
sk_05,B9658,70,S2,1
sk_06,B9658,70,S2,1
fb_01,B5817,70,S3,1
fb_02,B31730,70,S3,1
fb_03,B5817,70,S3,1
fb_04,B30358,70,S3,1
fb_05,B30358,70,S3,1
fb_06,B5817,70,S3,1
sk_01,B9658,70,S3,1
sk_02,B9658,70,S3,1
sk_03,B9658,70,S3,1
sk_04,B9658,70,S3,1
sk_05,B9658,70,S3,1
sk_06,B9658,70,S3,1
fb_01,B5817,71,S1,1
fb_02,B5817,71,S1,1
fb_03,B18200,71,S1,1
fb_04,B30358,71,S1,1
fb_05,B30358,71,S1,1
fb_06,B5817,71,S1,1
ld_01,B9658,71,S1,1
ld_02,B9658,71,S1,1
ld_03,B9658,71,S1,1
ld_04,B9658,71,S1,1
ld_05,B9658,71,S1,1
ld_06,B9658,71,S1,1
pr_01,B35154,71,S1,1
pr_02,B35154,71,S1,1
pr_03,B9658,71,S1,1
pr_04,B9658,71,S1,1
pr_05,B9658,71,S1,1
pr_06,B9658,71,S1,1
sk_01,B9658,71,S1,1
sk_02,B9658,71,S1,1
sk_03,B35154,71,S1,1
sk_04,B35154,71,S1,1
sk_05,B9658,71,S1,1
sk_06,B9658,71,S1,1
fb_01,B5218,71,S2,1
fb_02,B5817,71,S2,1
fb_03,B5218,71,S2,1
fb_04,B30358,71,S2,1
fb_05,B30358,71,S2,1
fb_06,B5218,71,S2,1
ld_01,B9658,71,S2,1
ld_02,B9658,71,S2,1
ld_03,B35154,71,S2,1
ld_04,B35154,71,S2,1
ld_05,B35154,71,S2,1
ld_06,B35154,71,S2,1
pr_01,B9658,71,S2,1
pr_02,B9658,71,S2,1
pr_03,B9658,71,S2,1
pr_04,B9658,71,S2,1
sk_01,B9658,71,S2,1
sk_02,B9658,71,S2,1
sk_03,B35154,71,S2,1
sk_04,B5817,71,S2,1
sk_05,B9658,71,S2,1
sk_06,B18032,71,S2,1
fb_01,B5218,71,S3,1
fb_02,B5218,71,S3,1
fb_03,B5218,71,S3,1
fb_04,B30358,71,S3,1
fb_05,B30358,71,S3,1
fb_06,B20149,71,S3,1
sk_01,B32707,71,S3,1
sk_02,B5817,71,S3,1
sk_03,B20673,71,S3,1
sk_04,B18200,71,S3,1
sk_05,B18032,71,S3,1
sk_06,B32707,71,S3,1
fb_01,B20149,72,S1,1
fb_02,B18200,72,S1,1
fb_03,B18200,72,S1,1
fb_04,B30358,72,S1,1
fb_05,B30358,72,S1,1
fb_06,B20149,72,S1,1
ld_01,B9658,72,S1,1
ld_02,B9658,72,S1,1
ld_03,B9658,72,S1,1
ld_04,B9658,72,S1,1
ld_05,B9658,72,S1,1
ld_06,B9658,72,S1,1
pr_01,B35154,72,S1,1
pr_02,B9658,72,S1,1
pr_03,B9658,72,S1,1
pr_04,B9658,72,S1,1
pr_05,B5817,72,S1,1
pr_06,B18200,72,S1,1
sk_01,B9658,72,S1,1
sk_02,B9658,72,S1,1
sk_03,B5218,72,S1,1
sk_04,B5218,72,S1,1
sk_05,B5218,72,S1,1
sk_06,B5218,72,S1,1
fb_01,B20149,72,S2,1
fb_02,B20149,72,S2,1
fb_03,B20149,72,S2,1
fb_04,B30358,72,S2,1
fb_05,B30358,72,S2,1
fb_06,B20149,72,S2,1
ld_01,B9658,72,S2,1
ld_02,B9658,72,S2,1
ld_03,B9658,72,S2,1
ld_04,B35154,72,S2,1
ld_05,B35154,72,S2,1
ld_06,B35154,72,S2,1
sk_01,B9658,72,S2,1
sk_02,B5218,72,S2,1
sk_03,B5218,72,S2,1
sk_04,B5218,72,S2,1
sk_05,B5218,72,S2,1
sk_06,B5218,72,S2,1
fb_01,B20149,72,S3,1
fb_02,B20538,72,S3,1
fb_03,B20149,72,S3,1
fb_04,B30358,72,S3,1
fb_05,B30358,72,S3,1
fb_06,B20149,72,S3,1
sk_01,B5817,72,S3,1
sk_02,B20673,72,S3,1
sk_03,B18200,72,S3,1
sk_04,B18032,72,S3,1
sk_05,B32707,72,S3,1
sk_06,B5817,72,S3,1
fb_01,B20149,73,S1,1
fb_02,B20149,73,S1,1
fb_03,B18200,73,S1,1
fb_04,B30358,73,S1,1
fb_05,B30358,73,S1,1
fb_06,B20538,73,S1,1
ld_01,B9658,73,S1,1
ld_02,B9658,73,S1,1
ld_03,B35154,73,S1,1
ld_04,B9658,73,S1,1
ld_05,B5817,73,S1,1
ld_06,B18200,73,S1,1
pr_01,B32707,73,S1,1
pr_02,B18032,73,S1,1
pr_03,B5218,73,S1,1
pr_04,B5218,73,S1,1
pr_05,B5218,73,S1,1
pr_06,B5218,73,S1,1
sk_01,B9658,73,S1,1
sk_02,B9658,73,S1,1
sk_03,B5218,73,S1,1
sk_04,B32707,73,S1,1
sk_05,B32707,73,S1,1
sk_06,B5218,73,S1,1
fb_01,B18200,73,S2,1
fb_02,B30103,73,S2,1
fb_03,B20538,73,S2,1
fb_04,B30358,73,S2,1
fb_05,B30358,73,S2,1
fb_06,B20538,73,S2,1
pr_01,B5218,73,S2,1
pr_02,B5218,73,S2,1
pr_03,B5218,73,S2,1
pr_04,B5817,73,S2,1
pr_05,B5218,73,S2,1
pr_06,B9658,73,S2,1
sk_01,B9658,73,S2,1
sk_02,B9658,73,S2,1
sk_03,B32707,73,S2,1
sk_04,B32707,73,S2,1
sk_05,B5218,73,S2,1
sk_06,B9658,73,S2,1
fb_01,B20538,73,S3,1
fb_02,B31203,73,S3,1
fb_03,B20538,73,S3,1
fb_04,B30358,73,S3,1
fb_05,B30358,73,S3,1
fb_06,B20538,73,S3,1
pr_01,B5817,73,S3,1
pr_02,B9658,73,S3,1
pr_03,B18200,73,S3,1
sk_01,B9658,73,S3,1
sk_02,B9658,73,S3,1
sk_03,B32707,73,S3,1
sk_04,B32707,73,S3,1
sk_05,B9658,73,S3,1
sk_06,B9658,73,S3,1
fb_01,B20538,74,S1,1
fb_02,B31730,74,S1,1
fb_03,B18200,74,S1,1
fb_04,B30358,74,S1,1
fb_05,B30358,74,S1,1
fb_06,B20538,74,S1,1
ld_01,B9658,74,S1,1
ld_02,B9658,74,S1,1
ld_03,B5817,74,S1,1
ld_04,B9658,74,S1,1
ld_05,B5817,74,S1,1
ld_06,B32707,74,S1,1
pr_01,B32707,74,S1,1
pr_02,B5218,74,S1,1
pr_03,B5218,74,S1,1
pr_04,B5218,74,S1,1
pr_05,B9658,74,S1,1
pr_06,B9658,74,S1,1
sk_01,B9658,74,S1,1
sk_02,B9658,74,S1,1
sk_03,B32707,74,S1,1
sk_04,B32707,74,S1,1
sk_05,B9658,74,S1,1
sk_06,B9658,74,S1,1
fb_01,B20631,74,S2,1
fb_02,B20538,74,S2,1
fb_03,B20538,74,S2,1
fb_04,B30358,74,S2,1
fb_05,B30358,74,S2,1
fb_06,B31730,74,S2,1
ld_01,B5218,74,S2,1
ld_02,B5218,74,S2,1
ld_03,B32707,74,S2,1
ld_04,B18032,74,S2,1
ld_05,B18200,74,S2,1
ld_06,B18032,74,S2,1
pr_01,B9658,74,S2,1
pr_02,B9658,74,S2,1
pr_03,B9658,74,S2,1
sk_01,B9658,74,S2,1
sk_02,B9658,74,S2,1
sk_03,B32707,74,S2,1
sk_04,B9658,74,S2,1
sk_05,B9658,74,S2,1
sk_06,B9658,74,S2,1
fb_01,B20632,74,S3,1
fb_02,B31730,74,S3,1
fb_03,B31730,74,S3,1
fb_04,B31730,74,S3,1
fb_05,B31730,74,S3,1
fb_06,B31730,74,S3,1
ld_01,B5218,74,S3,1
ld_02,B5218,74,S3,1
ld_03,B5218,74,S3,1
ld_04,B5218,74,S3,1
ld_05,B5218,74,S3,1
ld_06,B5218,74,S3,1
sk_01,B9658,74,S3,1
sk_02,B9658,74,S3,1
sk_03,B9658,74,S3,1
sk_04,B9658,74,S3,1
sk_05,B9658,74,S3,1
sk_06,B9658,74,S3,1
fb_01,B20631,75,S1,1
fb_02,B20632,75,S1,1
fb_03,B18200,75,S1,1
fb_04,B20631,75,S1,1
fb_05,B20632,75,S1,1
fb_06,B31730,75,S1,1
ld_01,B9658,75,S1,1
ld_02,B9658,75,S1,1
ld_03,B9658,75,S1,1
ld_04,B9658,75,S1,1
ld_05,B9658,75,S1,1
ld_06,B32707,75,S1,1
pr_01,B32707,75,S1,1
pr_02,B9658,75,S1,1
pr_03,B9658,75,S1,1
pr_04,B9658,75,S1,1
pr_05,B9658,75,S1,1
pr_06,B9658,75,S1,1
sk_01,B9658,75,S1,1
sk_02,B9658,75,S1,1
sk_03,B32707,75,S1,1
sk_04,B9658,75,S1,1
sk_05,B9658,75,S1,1
sk_06,B9658,75,S1,1
fb_01,B20632,75,S2,1
fb_02,B18200,75,S2,1
fb_03,B20631,75,S2,1
fb_04,B20632,75,S2,1
fb_05,B20631,75,S2,1
fb_06,B20631,75,S2,1
ld_01,B32707,75,S2,1
ld_02,B5218,75,S2,1
ld_03,B5218,75,S2,1
ld_04,B32707,75,S2,1
ld_05,B5218,75,S2,1
ld_06,B5218,75,S2,1
pr_01,B9658,75,S2,1
pr_02,B9658,75,S2,1
pr_03,B9658,75,S2,1
sk_01,B9658,75,S2,1
sk_02,B9658,75,S2,1
sk_03,B32707,75,S2,1
sk_04,B32707,75,S2,1
sk_05,B9658,75,S2,1
sk_06,B9658,75,S2,1
fb_01,B21899,75,S3,1
fb_02,B18200,75,S3,1
fb_03,B18200,75,S3,1
fb_04,B20632,75,S3,1
fb_05,B18200,75,S3,1
fb_06,B18200,75,S3,1
ld_01,B5218,75,S3,1
sk_01,B9658,75,S3,1
sk_02,B9658,75,S3,1
sk_03,B32707,75,S3,1
sk_04,B32707,75,S3,1
sk_05,B5817,75,S3,1
sk_06,B5817,75,S3,1
fb_01,B18200,76,S1,1
fb_02,B18200,76,S1,1
fb_03,B18200,76,S1,1
fb_04,B18200,76,S1,1
fb_05,B18200,76,S1,1
fb_06,B18200,76,S1,1
ld_01,B9658,76,S1,1
ld_02,B9658,76,S1,1
ld_03,B9658,76,S1,1
ld_04,B9658,76,S1,1
ld_05,B9658,76,S1,1
ld_06,B9658,76,S1,1
pr_01,B32707,76,S1,1
pr_02,B9658,76,S1,1
pr_03,B9658,76,S1,1
pr_04,B9658,76,S1,1
pr_05,B9658,76,S1,1
pr_06,B9658,76,S1,1
sk_01,B9658,76,S1,1
sk_02,B9658,76,S1,1
sk_03,B32707,76,S1,1
sk_04,B32707,76,S1,1
sk_05,B5817,76,S1,1
sk_06,B5817,76,S1,1
fb_01,B30103,76,S2,1
fb_02,B18200,76,S2,1
fb_03,B18200,76,S2,1
fb_04,B18200,76,S2,1
fb_05,B18200,76,S2,1
fb_06,B18200,76,S2,1
ld_01,B9658,76,S2,1
ld_02,B9658,76,S2,1
ld_03,B9658,76,S2,1
ld_04,B32707,76,S2,1
ld_05,B32707,76,S2,1
ld_06,B32707,76,S2,1
pr_01,B9658,76,S2,1
pr_02,B5817,76,S2,1
sk_01,B9658,76,S2,1
sk_02,B9658,76,S2,1
sk_03,B32707,76,S2,1
sk_04,B32707,76,S2,1
sk_05,B5817,76,S2,1
sk_06,B5817,76,S2,1
fb_01,B31203,76,S3,1
fb_02,B30103,76,S3,1
fb_03,B18200,76,S3,1
fb_04,B18200,76,S3,1
fb_05,B18200,76,S3,1
fb_06,B18200,76,S3,1
sk_01,B9658,76,S3,1
sk_02,B5817,76,S3,1
sk_03,B32707,76,S3,1
sk_04,B32707,76,S3,1
sk_05,B9658,76,S3,1
sk_06,B5817,76,S3,1
fb_01,B18200,77,S1,1
fb_02,B31203,77,S1,1
fb_03,B18200,77,S1,1
fb_04,B18200,77,S1,1
fb_05,B18200,77,S1,1
fb_06,B18200,77,S1,1
ld_01,B9658,77,S1,1
ld_02,B9658,77,S1,1
ld_03,B9658,77,S1,1
ld_04,B9658,77,S1,1
ld_05,B9658,77,S1,1
ld_06,B9658,77,S1,1
pr_01,B32707,77,S1,1
pr_02,B9658,77,S1,1
pr_03,B9658,77,S1,1
pr_04,B9658,77,S1,1
pr_05,B9658,77,S1,1
pr_06,B5817,77,S1,1
sk_01,B9658,77,S1,1
sk_02,B9658,77,S1,1
sk_03,B32707,77,S1,1
sk_04,B32707,77,S1,1
sk_05,B5817,77,S1,1
sk_06,B5817,77,S1,1
fb_01,B18200,77,S2,1
fb_02,B18200,77,S2,1
fb_03,B18200,77,S2,1
fb_04,B18200,77,S2,1
fb_05,B18200,77,S2,1
fb_06,B18200,77,S2,1
ld_01,B9658,77,S2,1
ld_02,B5817,77,S2,1
ld_03,B32707,77,S2,1
ld_04,B32707,77,S2,1
ld_05,B32707,77,S2,1
pr_01,B5817,77,S2,1
pr_02,B5817,77,S2,1
pr_03,B5817,77,S2,1
sk_01,B9658,77,S2,1
sk_02,B9658,77,S2,1
sk_03,B32707,77,S2,1
sk_04,B32707,77,S2,1
sk_05,B5817,77,S2,1
sk_06,B5817,77,S2,1
fb_01,B18200,77,S3,1
fb_02,B18200,77,S3,1
fb_03,B18200,77,S3,1
fb_04,B18200,77,S3,1
fb_05,B30103,77,S3,1
fb_06,B30103,77,S3,1
sk_01,B9658,77,S3,1
sk_02,B5817,77,S3,1
sk_03,B32707,77,S3,1
sk_04,B32707,77,S3,1
sk_05,B9658,77,S3,1
sk_06,B5817,77,S3,1
fb_01,B30103,78,S1,1
fb_02,B30103,78,S1,1
fb_03,B18200,78,S1,1
fb_04,B30103,78,S1,1
fb_05,B30103,78,S1,1
fb_06,B30103,78,S1,1
ld_01,B9658,78,S1,1
ld_02,B9658,78,S1,1
ld_03,B9658,78,S1,1
ld_04,B5817,78,S1,1
ld_05,B9658,78,S1,1
ld_06,B5817,78,S1,1
pr_01,B32707,78,S1,1
pr_02,B32707,78,S1,1
pr_03,B9658,78,S1,1
pr_04,B9658,78,S1,1
pr_05,B9658,78,S1,1
pr_06,B5817,78,S1,1
sk_01,B9658,78,S1,1
sk_02,B5817,78,S1,1
sk_03,B32707,78,S1,1
sk_04,B32707,78,S1,1
sk_05,B9658,78,S1,1
sk_06,B5817,78,S1,1
fb_01,B30103,78,S2,1
fb_02,B30103,78,S2,1
fb_03,B30103,78,S2,1
fb_04,B30103,78,S2,1
fb_05,B30103,78,S2,1
fb_06,B30103,78,S2,1
ld_01,B5817,78,S2,1
ld_02,B5817,78,S2,1
ld_03,B32707,78,S2,1
ld_04,B32707,78,S2,1
pr_01,B5817,78,S2,1
pr_02,B5817,78,S2,1
sk_01,B9658,78,S2,1
sk_02,B5817,78,S2,1
sk_03,B32707,78,S2,1
sk_04,B32707,78,S2,1
sk_05,B9658,78,S2,1
sk_06,B5817,78,S2,1
fb_01,B30103,78,S3,1
fb_02,B21899,78,S3,1
fb_03,B21899,78,S3,1
fb_04,B30103,78,S3,1
fb_05,B21899,78,S3,1
fb_06,B21899,78,S3,1
sk_01,B9658,78,S3,1
sk_02,B5817,78,S3,1
sk_03,B32707,78,S3,1
sk_04,B32707,78,S3,1
sk_05,B9658,78,S3,1
sk_06,B5817,78,S3,1
fb_01,B31203,79,S1,1
fb_02,B31203,79,S1,1
fb_03,B21899,79,S1,1
fb_04,B31203,79,S1,1
fb_05,B31203,79,S1,1
fb_06,B31203,79,S1,1
ld_01,B9658,79,S1,1
ld_02,B9658,79,S1,1
ld_03,B9658,79,S1,1
ld_04,B5817,79,S1,1
ld_05,B9658,79,S1,1
ld_06,B5817,79,S1,1
pr_01,B32707,79,S1,1
pr_02,B9658,79,S1,1
pr_03,B9658,79,S1,1
pr_04,B9658,79,S1,1
pr_05,B5817,79,S1,1
pr_06,B5817,79,S1,1
sk_01,B9658,79,S1,1
sk_02,B9658,79,S1,1
sk_03,B32707,79,S1,1
sk_04,B32707,79,S1,1
sk_05,B5817,79,S1,1
sk_06,B5817,79,S1,1
fb_01,B31203,79,S2,1
fb_02,B31203,79,S2,1
fb_03,B31203,79,S2,1
fb_04,B31203,79,S2,1
fb_05,B31203,79,S2,1
fb_06,B31203,79,S2,1
ld_01,B32707,79,S2,1
ld_02,B32707,79,S2,1
ld_03,B32707,79,S2,1
ld_04,B32707,79,S2,1
ld_05,B32707,79,S2,1
ld_06,B32707,79,S2,1
pr_01,B5817,79,S2,1
pr_02,B5817,79,S2,1
sk_01,B9658,79,S2,1
sk_02,B9658,79,S2,1
sk_03,B32707,79,S2,1
sk_04,B32707,79,S2,1
sk_05,B5817,79,S2,1
sk_06,B5817,79,S2,1
fb_01,B31203,79,S3,1
fb_02,B31203,79,S3,1
fb_03,B31203,79,S3,1
fb_04,B31203,79,S3,1
fb_05,B31203,79,S3,1
fb_06,B31203,79,S3,1
sk_01,B9658,79,S3,1
sk_02,B5817,79,S3,1
sk_03,B32707,79,S3,1
sk_04,B32707,79,S3,1
sk_05,B9658,79,S3,1
sk_06,B5817,79,S3,1
fb_01,B14953,80,S1,1
fb_02,B14953,80,S1,1
fb_03,B31203,80,S1,1
fb_04,B14953,80,S1,1
fb_05,B30099,80,S1,1
fb_06,B30099,80,S1,1
ld_01,B9658,80,S1,1
ld_02,B5817,80,S1,1
ld_03,B9658,80,S1,1
ld_04,B5817,80,S1,1
ld_05,B9658,80,S1,1
ld_06,B5817,80,S1,1
pr_01,B32707,80,S1,1
pr_02,B9658,80,S1,1
pr_03,B9658,80,S1,1
pr_04,B9658,80,S1,1
pr_05,B9658,80,S1,1
pr_06,B5817,80,S1,1
sk_01,B9658,80,S1,1
sk_02,B5817,80,S1,1
sk_03,B32707,80,S1,1
sk_04,B32707,80,S1,1
sk_05,B9658,80,S1,1
sk_06,B5817,80,S1,1
fb_01,B30099,80,S2,1
fb_02,B30099,80,S2,1
fb_03,B14953,80,S2,1
fb_04,B30099,80,S2,1
fb_05,B30099,80,S2,1
fb_06,B30099,80,S2,1
ld_01,B5817,80,S2,1
ld_02,B32707,80,S2,1
ld_03,B32707,80,S2,1
ld_04,B32707,80,S2,1
pr_01,B5817,80,S2,1
pr_02,B5817,80,S2,1
pr_03,B5817,80,S2,1
sk_01,B9658,80,S2,1
sk_02,B5817,80,S2,1
sk_03,B32707,80,S2,1
sk_04,B32707,80,S2,1
sk_05,B9658,80,S2,1
sk_06,B5817,80,S2,1
fb_01,B30099,80,S3,1
fb_02,B30099,80,S3,1
fb_03,B30099,80,S3,1
fb_04,B30099,80,S3,1
fb_05,B30099,80,S3,1
fb_06,B30099,80,S3,1
sk_01,B9658,80,S3,1
sk_02,B5817,80,S3,1
sk_03,B32707,80,S3,1
sk_04,B32707,80,S3,1
sk_05,B9658,80,S3,1
sk_06,B5817,80,S3,1
fb_01,B30099,81,S1,1
fb_02,B30099,81,S1,1
fb_03,B30099,81,S1,1
fb_04,B30099,81,S1,1
fb_05,B30099,81,S1,1
fb_06,B30099,81,S1,1
ld_01,B9658,81,S1,1
ld_02,B9658,81,S1,1
ld_03,B5817,81,S1,1
ld_04,B9658,81,S1,1
ld_05,B5817,81,S1,1
ld_06,B9658,81,S1,1
pr_01,B32707,81,S1,1
pr_02,B32707,81,S1,1
pr_03,B9658,81,S1,1
pr_04,B9658,81,S1,1
pr_05,B9658,81,S1,1
pr_06,B5817,81,S1,1
sk_01,B9658,81,S1,1
sk_02,B5817,81,S1,1
sk_03,B32707,81,S1,1
sk_04,B32707,81,S1,1
sk_05,B9658,81,S1,1
sk_06,B5817,81,S1,1
fb_01,B30099,81,S2,1
fb_02,B30099,81,S2,1
fb_03,B30099,81,S2,1
fb_04,B30099,81,S2,1
fb_05,B30099,81,S2,1
fb_06,B30099,81,S2,1
ld_01,B5817,81,S2,1
ld_02,B9658,81,S2,1
ld_03,B5817,81,S2,1
ld_04,B32707,81,S2,1
ld_05,B32707,81,S2,1
pr_01,B5817,81,S2,1
pr_02,B5817,81,S2,1
pr_03,B5817,81,S2,1
sk_01,B9658,81,S2,1
sk_02,B5817,81,S2,1
sk_03,B32707,81,S2,1
sk_04,B32707,81,S2,1
sk_05,B9658,81,S2,1
sk_06,B5817,81,S2,1
fb_01,B30099,81,S3,1
fb_02,B30099,81,S3,1
fb_03,B30099,81,S3,1
fb_04,B12039,81,S3,1
fb_05,B12039,81,S3,1
fb_06,B11856,81,S3,1
sk_01,B9658,81,S3,1
sk_02,B5817,81,S3,1
sk_03,B32707,81,S3,1
sk_04,B32707,81,S3,1
sk_05,B9658,81,S3,1
sk_06,B5817,81,S3,1
fb_01,B11856,82,S1,1
fb_02,B11856,82,S1,1
fb_03,B30099,82,S1,1
fb_04,B14517,82,S1,1
fb_05,B8121,82,S1,1
fb_06,B8121,82,S1,1
ld_01,B9658,82,S1,1
ld_02,B5817,82,S1,1
ld_03,B9658,82,S1,1
ld_04,B5817,82,S1,1
ld_05,B9658,82,S1,1
ld_06,B5817,82,S1,1
pr_01,B32707,82,S1,1
pr_02,B9658,82,S1,1
pr_03,B9658,82,S1,1
pr_04,B9658,82,S1,1
pr_05,B5817,82,S1,1
pr_06,B5817,82,S1,1
sk_01,B11856,82,S1,1
sk_02,B12039,82,S1,1
sk_03,B32707,82,S1,1
sk_04,B32707,82,S1,1
sk_05,B12039,82,S1,1
sk_06,B12039,82,S1,1
fb_01,B8121,82,S2,1
fb_02,B8121,82,S2,1
fb_03,B30358,82,S2,1
fb_04,B30358,82,S2,1
fb_05,B11856,82,S2,1
fb_06,B30358,82,S2,1
ld_01,B5817,82,S2,1
ld_02,B32707,82,S2,1
ld_03,B32707,82,S2,1
ld_04,B32707,82,S2,1
ld_05,B32707,82,S2,1
ld_06,B32707,82,S2,1
pr_01,B5817,82,S2,1
pr_02,B5817,82,S2,1
sk_01,B9658,82,S2,1
sk_02,B5817,82,S2,1
sk_03,B32707,82,S2,1
sk_04,B32707,82,S2,1
sk_05,B9658,82,S2,1
sk_06,B5817,82,S2,1
fb_01,B30358,82,S3,1
fb_02,B30358,82,S3,1
fb_03,B30358,82,S3,1
fb_04,B30358,82,S3,1
fb_05,B30358,82,S3,1
fb_06,B30358,82,S3,1
ld_01,B32707,82,S3,1
sk_01,B9658,82,S3,1
sk_02,B5817,82,S3,1
sk_03,B32707,82,S3,1
sk_04,B32707,82,S3,1
sk_05,B9658,82,S3,1
sk_06,B5817,82,S3,1
fb_01,B30358,83,S1,1
fb_02,B30358,83,S1,1
fb_03,B30358,83,S1,1
fb_04,B30358,83,S1,1
fb_05,B30358,83,S1,1
fb_06,B30358,83,S1,1
ld_01,B9658,83,S1,1
ld_02,B9658,83,S1,1
ld_03,B5817,83,S1,1
ld_04,B9658,83,S1,1
ld_05,B5817,83,S1,1
ld_06,B5817,83,S1,1
pr_01,B32707,83,S1,1
pr_02,B9658,83,S1,1
pr_03,B9658,83,S1,1
pr_04,B9658,83,S1,1
pr_05,B5817,83,S1,1
pr_06,B5817,83,S1,1
sk_01,B8121,83,S1,1
sk_02,B8121,83,S1,1
sk_03,B32707,83,S1,1
sk_04,B32707,83,S1,1
sk_05,B11856,83,S1,1
sk_06,B11856,83,S1,1
fb_01,B30358,83,S2,1
fb_02,B30358,83,S2,1
fb_03,B30358,83,S2,1
fb_04,B30358,83,S2,1
fb_05,B30358,83,S2,1
fb_06,B30358,83,S2,1
ld_01,B5817,83,S2,1
ld_02,B32707,83,S2,1
ld_03,B32707,83,S2,1
pr_01,B12039,83,S2,1
pr_02,B12039,83,S2,1
pr_03,B12039,83,S2,1
pr_04,B12039,83,S2,1
pr_05,B11856,83,S2,1
pr_06,B11856,83,S2,1
sk_01,B11856,83,S2,1
sk_02,B14517,83,S2,1
sk_03,B32707,83,S2,1
sk_04,B32707,83,S2,1
sk_05,B9658,83,S2,1
sk_06,B5817,83,S2,1
fb_01,B30358,83,S3,1
fb_02,B30358,83,S3,1
fb_03,B30358,83,S3,1
fb_04,B30358,83,S3,1
fb_05,B30358,83,S3,1
fb_06,B30358,83,S3,1
sk_01,B9658,83,S3,1
sk_02,B5817,83,S3,1
sk_03,B32707,83,S3,1
sk_04,B32707,83,S3,1
sk_05,B9658,83,S3,1
sk_06,B5817,83,S3,1
fb_01,B30358,84,S1,1
fb_02,B30358,84,S1,1
fb_03,B30358,84,S1,1
fb_04,B30358,84,S1,1
fb_05,B30358,84,S1,1
fb_06,B30358,84,S1,1
ld_01,B9658,84,S1,1
ld_02,B9658,84,S1,1
ld_03,B9658,84,S1,1
ld_04,B5817,84,S1,1
ld_05,B9658,84,S1,1
ld_06,B5817,84,S1,1
pr_01,B32707,84,S1,1
pr_02,B32707,84,S1,1
pr_03,B9658,84,S1,1
pr_04,B5817,84,S1,1
pr_05,B8121,84,S1,1
pr_06,B8121,84,S1,1
sk_01,B9658,84,S1,1
sk_02,B5817,84,S1,1
sk_03,B32707,84,S1,1
sk_04,B32707,84,S1,1
sk_05,B9658,84,S1,1
sk_06,B5817,84,S1,1
fb_01,B30358,84,S2,1
fb_02,B30358,84,S2,1
fb_03,B30358,84,S2,1
fb_04,B30358,84,S2,1
fb_05,B30358,84,S2,1
fb_06,B30358,84,S2,1
ld_01,B32707,84,S2,1
ld_02,B32707,84,S2,1
ld_03,B32707,84,S2,1
ld_04,B11856,84,S2,1
ld_05,B12039,84,S2,1
ld_06,B12039,84,S2,1
pr_01,B8121,84,S2,1
pr_02,B8121,84,S2,1
pr_03,B11856,84,S2,1
pr_04,B11856,84,S2,1
pr_05,B5817,84,S2,1
pr_06,B11856,84,S2,1
sk_01,B9658,84,S2,1
sk_02,B5817,84,S2,1
sk_03,B32707,84,S2,1
sk_04,B32707,84,S2,1
sk_05,B9658,84,S2,1
sk_06,B5817,84,S2,1
fb_01,B30358,84,S3,1
fb_02,B30358,84,S3,1
fb_03,B30358,84,S3,1
fb_04,B30358,84,S3,1
fb_05,B30358,84,S3,1
fb_06,B30358,84,S3,1
ld_01,B12039,84,S3,1
pr_01,B11856,84,S3,1
pr_02,B14517,84,S3,1
pr_03,B14517,84,S3,1
pr_04,B11856,84,S3,1
pr_05,B14517,84,S3,1
sk_01,B9658,84,S3,1
sk_02,B5817,84,S3,1
sk_03,B32707,84,S3,1
sk_04,B32707,84,S3,1
sk_05,B9658,84,S3,1
sk_06,B5817,84,S3,1
fb_01,B30358,85,S1,1
fb_02,B30358,85,S1,1
fb_03,B30358,85,S1,1
fb_04,B30358,85,S1,1
fb_05,B30358,85,S1,1
fb_06,B30358,85,S1,1
ld_01,B9658,85,S1,1
ld_02,B5817,85,S1,1
ld_03,B5817,85,S1,1
ld_04,B32707,85,S1,1
ld_05,B32707,85,S1,1
ld_06,B32707,85,S1,1
pr_01,B32707,85,S1,1
pr_02,B9658,85,S1,1
pr_03,B9658,85,S1,1
pr_04,B9658,85,S1,1
pr_05,B9658,85,S1,1
pr_06,B5817,85,S1,1
sk_01,B9658,85,S1,1
sk_02,B5817,85,S1,1
sk_03,B32707,85,S1,1
sk_04,B32707,85,S1,1
sk_05,B9658,85,S1,1
sk_06,B5817,85,S1,1
fb_01,B30358,85,S2,1
fb_02,B30358,85,S2,1
fb_03,B30358,85,S2,1
fb_04,B30358,85,S2,1
fb_05,B30358,85,S2,1
fb_06,B30358,85,S2,1
ld_01,B32707,85,S2,1
ld_02,B32707,85,S2,1
ld_03,B11856,85,S2,1
ld_04,B8121,85,S2,1
ld_05,B11856,85,S2,1
ld_06,B14517,85,S2,1
pr_01,B5817,85,S2,1
pr_02,B5817,85,S2,1
pr_03,B5817,85,S2,1
sk_01,B9658,85,S2,1
sk_02,B5817,85,S2,1
sk_03,B32707,85,S2,1
sk_04,B32707,85,S2,1
sk_05,B9658,85,S2,1
sk_06,B5817,85,S2,1
fb_01,B30358,85,S3,1
fb_02,B30358,85,S3,1
fb_03,B30358,85,S3,1
fb_04,B30358,85,S3,1
fb_05,B30358,85,S3,1
fb_06,B30358,85,S3,1
ld_01,B8121,85,S3,1
ld_02,B32707,85,S3,1
ld_03,B11856,85,S3,1
ld_04,B14517,85,S3,1
ld_05,B8121,85,S3,1
ld_06,B11856,85,S3,1
sk_01,B9658,85,S3,1
sk_02,B5817,85,S3,1
sk_03,B32707,85,S3,1
sk_04,B32707,85,S3,1
sk_05,B9658,85,S3,1
sk_06,B5817,85,S3,1
fb_01,B30358,86,S1,1
fb_02,B30358,86,S1,1
fb_03,B30358,86,S1,1
fb_04,B30358,86,S1,1
fb_05,B30358,86,S1,1
fb_06,B30358,86,S1,1
ld_01,B9658,86,S1,1
ld_02,B9658,86,S1,1
ld_03,B5817,86,S1,1
ld_04,B9658,86,S1,1
ld_05,B5817,86,S1,1
ld_06,B9658,86,S1,1
pr_01,B32707,86,S1,1
pr_02,B9658,86,S1,1
pr_03,B9658,86,S1,1
pr_04,B9658,86,S1,1
pr_05,B5817,86,S1,1
pr_06,B5817,86,S1,1
sk_01,B9658,86,S1,1
sk_02,B5817,86,S1,1
sk_03,B32707,86,S1,1
sk_04,B32707,86,S1,1
sk_05,B9658,86,S1,1
sk_06,B5817,86,S1,1
fb_01,B30358,86,S2,1
fb_02,B30358,86,S2,1
fb_03,B30358,86,S2,1
fb_04,B30358,86,S2,1
fb_05,B30358,86,S2,1
fb_06,B30358,86,S2,1
ld_01,B5817,86,S2,1
ld_02,B5817,86,S2,1
ld_03,B32707,86,S2,1
ld_04,B32707,86,S2,1
pr_01,B5817,86,S2,1
pr_02,B5817,86,S2,1
sk_01,B9658,86,S2,1
sk_02,B5817,86,S2,1
sk_03,B32707,86,S2,1
sk_04,B32707,86,S2,1
sk_05,B9658,86,S2,1
sk_06,B5817,86,S2,1
fb_01,B30358,86,S3,1
fb_02,B30358,86,S3,1
fb_03,B30358,86,S3,1
fb_04,B30358,86,S3,1
fb_05,B30358,86,S3,1
fb_06,B30358,86,S3,1
sk_01,B9658,86,S3,1
sk_02,B9658,86,S3,1
sk_03,B32707,86,S3,1
sk_04,B32707,86,S3,1
sk_05,B5817,86,S3,1
sk_06,B5817,86,S3,1
fb_01,B30358,87,S1,1
fb_02,B30358,87,S1,1
fb_03,B30358,87,S1,1
fb_04,B30358,87,S1,1
fb_05,B30358,87,S1,1
fb_06,B30358,87,S1,1
ld_01,B9658,87,S1,1
ld_02,B9658,87,S1,1
ld_03,B5817,87,S1,1
ld_04,B9658,87,S1,1
ld_05,B5817,87,S1,1
ld_06,B9658,87,S1,1
pr_01,B32707,87,S1,1
pr_02,B32707,87,S1,1
pr_03,B9658,87,S1,1
pr_04,B9658,87,S1,1
pr_05,B9658,87,S1,1
pr_06,B5817,87,S1,1
sk_01,B9658,87,S1,1
sk_02,B9658,87,S1,1
sk_03,B5817,87,S1,1
sk_04,B5817,87,S1,1
sk_05,B9658,87,S1,1
sk_06,B9658,87,S1,1
fb_01,B30358,87,S2,1
fb_02,B30358,87,S2,1
fb_03,B30358,87,S2,1
fb_04,B30358,87,S2,1
fb_05,B30358,87,S2,1
fb_06,B30358,87,S2,1
ld_01,B32707,87,S2,1
ld_02,B32707,87,S2,1
ld_03,B5817,87,S2,1
ld_04,B5817,87,S2,1
ld_05,B32707,87,S2,1
pr_01,B5817,87,S2,1
pr_02,B5817,87,S2,1
pr_03,B5817,87,S2,1
sk_01,B9658,87,S2,1
sk_02,B9658,87,S2,1
sk_03,B5817,87,S2,1
sk_04,B5817,87,S2,1
sk_05,B5817,87,S2,1
sk_06,B9658,87,S2,1
fb_01,B30358,87,S3,1
fb_02,B30358,87,S3,1
fb_03,B30358,87,S3,1
fb_04,B30358,87,S3,1
fb_05,B30358,87,S3,1
fb_06,B30358,87,S3,1
sk_01,B9658,87,S3,1
sk_02,B9658,87,S3,1
sk_03,B5817,87,S3,1
sk_04,B5817,87,S3,1
sk_05,B5817,87,S3,1
sk_06,B9658,87,S3,1
fb_01,B30358,88,S1,1
fb_02,B30358,88,S1,1
fb_03,B30358,88,S1,1
fb_04,B30358,88,S1,1
fb_05,B30358,88,S1,1
fb_06,B30358,88,S1,1
ld_01,B9658,88,S1,1
ld_02,B9658,88,S1,1
ld_03,B5817,88,S1,1
ld_04,B32707,88,S1,1
ld_05,B32707,88,S1,1
ld_06,B9658,88,S1,1
pr_01,B9658,88,S1,1
pr_02,B9658,88,S1,1
pr_03,B9658,88,S1,1
pr_04,B9658,88,S1,1
pr_05,B9658,88,S1,1
pr_06,B9658,88,S1,1
sk_01,B9658,88,S1,1
sk_02,B9658,88,S1,1
sk_03,B5817,88,S1,1
sk_04,B5817,88,S1,1
sk_05,B5817,88,S1,1
sk_06,B9658,88,S1,1
fb_01,B30358,88,S2,1
fb_02,B30358,88,S2,1
fb_03,B30358,88,S2,1
fb_04,B30358,88,S2,1
fb_05,B30358,88,S2,1
fb_06,B30358,88,S2,1
ld_01,B5817,88,S2,1
ld_02,B32707,88,S2,1
ld_03,B32707,88,S2,1
ld_04,B5817,88,S2,1
ld_05,B5817,88,S2,1
ld_06,B32707,88,S2,1
pr_01,B5817,88,S2,1
pr_02,B5817,88,S2,1
pr_03,B5817,88,S2,1
pr_04,B5817,88,S2,1
pr_05,B5817,88,S2,1
sk_01,B9658,88,S2,1
sk_02,B9658,88,S2,1
sk_03,B5817,88,S2,1
sk_04,B5817,88,S2,1
sk_05,B5817,88,S2,1
sk_06,B9658,88,S2,1
fb_01,B30358,88,S3,1
fb_02,B30358,88,S3,1
fb_03,B30358,88,S3,1
fb_04,B30358,88,S3,1
fb_05,B30358,88,S3,1
fb_06,B30358,88,S3,1
ld_01,B32707,88,S3,1
sk_01,B9658,88,S3,1
sk_02,B9658,88,S3,1
sk_03,B5817,88,S3,1
sk_04,B5817,88,S3,1
sk_05,B5817,88,S3,1
sk_06,B9658,88,S3,1
fb_01,B30358,89,S1,1
fb_02,B30358,89,S1,1
fb_03,B30358,89,S1,1
fb_04,B30358,89,S1,1
fb_05,B30358,89,S1,1
fb_06,B30358,89,S1,1
ld_01,B9658,89,S1,1
ld_02,B9658,89,S1,1
ld_03,B9658,89,S1,1
ld_04,B5817,89,S1,1
ld_05,B9658,89,S1,1
ld_06,B5817,89,S1,1
pr_01,B9658,89,S1,1
pr_02,B9658,89,S1,1
pr_03,B9658,89,S1,1
pr_04,B9658,89,S1,1
pr_05,B9658,89,S1,1
pr_06,B5817,89,S1,1
sk_01,B9658,89,S1,1
sk_02,B9658,89,S1,1
sk_03,B5817,89,S1,1
sk_04,B5817,89,S1,1
sk_05,B5817,89,S1,1
sk_06,B9658,89,S1,1
fb_01,B30358,89,S2,1
fb_02,B30358,89,S2,1
fb_03,B30358,89,S2,1
fb_04,B30358,89,S2,1
fb_05,B30358,89,S2,1
fb_06,B30358,89,S2,1
ld_01,B9658,89,S2,1
ld_02,B5817,89,S2,1
ld_03,B9658,89,S2,1
ld_04,B5817,89,S2,1
ld_05,B9658,89,S2,1
pr_01,B5817,89,S2,1
pr_02,B5817,89,S2,1
pr_03,B5817,89,S2,1
pr_04,B5817,89,S2,1
sk_01,B9658,89,S2,1
sk_02,B9658,89,S2,1
sk_03,B5817,89,S2,1
sk_04,B5817,89,S2,1
sk_05,B5817,89,S2,1
sk_06,B9658,89,S2,1
fb_01,B30358,89,S3,1
fb_02,B30358,89,S3,1
fb_03,B30358,89,S3,1
fb_04,B30358,89,S3,1
fb_05,B30358,89,S3,1
fb_06,B30358,89,S3,1
sk_01,B9658,89,S3,1
sk_02,B9658,89,S3,1
sk_03,B5817,89,S3,1
sk_04,B5817,89,S3,1
sk_05,B18200,89,S3,1
sk_06,B18200,89,S3,1
fb_01,B30358,90,S1,1
fb_02,B30358,90,S1,1
fb_03,B30358,90,S1,1
fb_04,B30358,90,S1,1
fb_05,B30358,90,S1,1
fb_06,B30358,90,S1,1
ld_01,B5817,90,S1,1
ld_02,B9658,90,S1,1
ld_03,B5817,90,S1,1
ld_04,B9658,90,S1,1
ld_05,B5817,90,S1,1
ld_06,B9658,90,S1,1
pr_01,B9658,90,S1,1
pr_02,B9658,90,S1,1
pr_03,B9658,90,S1,1
pr_04,B9658,90,S1,1
pr_05,B5817,90,S1,1
pr_06,B5817,90,S1,1
sk_01,B9658,90,S1,1
sk_02,B9658,90,S1,1
sk_03,B32121,90,S1,1
sk_04,B32121,90,S1,1
sk_05,B18032,90,S1,1
sk_06,B5817,90,S1,1
fb_01,B30358,90,S2,1
fb_02,B30358,90,S2,1
fb_03,B30358,90,S2,1
fb_04,B30358,90,S2,1
fb_05,B30358,90,S2,1
fb_06,B30358,90,S2,1
ld_01,B5817,90,S2,1
ld_02,B9658,90,S2,1
ld_03,B5817,90,S2,1
ld_04,B9658,90,S2,1
pr_01,B5817,90,S2,1
pr_02,B5817,90,S2,1
pr_03,B5817,90,S2,1
pr_04,B18200,90,S2,1
sk_01,B9658,90,S2,1
sk_02,B9658,90,S2,1
sk_03,B32121,90,S2,1
sk_04,B32121,90,S2,1
sk_05,B18200,90,S2,1
sk_06,B18032,90,S2,1
fb_01,B30358,90,S3,1
fb_02,B30358,90,S3,1
fb_03,B30358,90,S3,1
fb_04,B30358,90,S3,1
fb_05,B30358,90,S3,1
fb_06,B30358,90,S3,1
sk_01,B9658,90,S3,1
sk_02,B9658,90,S3,1
sk_03,B32121,90,S3,1
sk_04,B32121,90,S3,1
sk_05,B5817,90,S3,1
sk_06,B20673,90,S3,1
fb_01,B30358,91,S1,1
fb_02,B30358,91,S1,1
fb_03,B30358,91,S1,1
fb_04,B30358,91,S1,1
fb_05,B30358,91,S1,1
fb_06,B30358,91,S1,1
ld_01,B5817,91,S1,1
ld_02,B5817,91,S1,1
ld_03,B9658,91,S1,1
ld_04,B9658,91,S1,1
ld_05,B5817,91,S1,1
ld_06,B9658,91,S1,1
pr_01,B32121,91,S1,1
pr_02,B20673,91,S1,1
pr_03,B9658,91,S1,1
pr_04,B9658,91,S1,1
pr_05,B9658,91,S1,1
pr_06,B5817,91,S1,1
sk_01,B9658,91,S1,1
sk_02,B9658,91,S1,1
sk_03,B32121,91,S1,1
sk_04,B32121,91,S1,1
sk_05,B18200,91,S1,1
sk_06,B18032,91,S1,1
fb_01,B30358,91,S2,1
fb_02,B30358,91,S2,1
fb_03,B30358,91,S2,1
fb_04,B30358,91,S2,1
fb_05,B30358,91,S2,1
fb_06,B30358,91,S2,1
ld_01,B5817,91,S2,1
ld_02,B9658,91,S2,1
ld_03,B5817,91,S2,1
ld_04,B9658,91,S2,1
ld_05,B18200,91,S2,1
pr_01,B5817,91,S2,1
pr_02,B18200,91,S2,1
sk_01,B9658,91,S2,1
sk_02,B9658,91,S2,1
sk_03,B32121,91,S2,1
sk_04,B32121,91,S2,1
sk_05,B5817,91,S2,1
sk_06,B20673,91,S2,1
fb_01,B30358,91,S3,1
fb_02,B30358,91,S3,1
fb_03,B30358,91,S3,1
fb_04,B30358,91,S3,1
fb_05,B30358,91,S3,1
fb_06,B30358,91,S3,1
sk_01,B9658,91,S3,1
sk_02,B9658,91,S3,1
sk_03,B32121,91,S3,1
sk_04,B32121,91,S3,1
sk_05,B18200,91,S3,1
sk_06,B18032,91,S3,1
ld_01,B5817,92,S1,1
ld_02,B20673,92,S1,1
ld_03,B20673,92,S1,1
ld_04,B9658,92,S1,1
ld_05,B18200,92,S1,1
ld_06,B5817,92,S1,1
pr_01,B32121,92,S1,1
pr_02,B32121,92,S1,1
pr_03,B18032,92,S1,1
pr_04,B9658,92,S1,1
pr_05,B9658,92,S1,1
pr_06,B9658,92,S1,1
sk_01,B9658,92,S1,1
sk_02,B9658,92,S1,1
sk_03,B32121,92,S1,1
sk_04,B32121,92,S1,1
sk_05,B5817,92,S1,1
sk_06,B20673,92,S1,1
ld_01,B9658,92,S2,1
ld_02,B9658,92,S2,1
ld_03,B32121,92,S2,1
pr_01,B9658,92,S2,1
pr_02,B18200,92,S2,1
sk_01,B9658,92,S2,1
sk_02,B9658,92,S2,1
sk_03,B32121,92,S2,1
sk_04,B32121,92,S2,1
sk_05,B18200,92,S2,1
sk_06,B18032,92,S2,1
sk_01,B9658,92,S3,1
sk_02,B9658,92,S3,1
sk_03,B32121,92,S3,1
sk_04,B32121,92,S3,1
sk_05,B5817,92,S3,1
sk_06,B20673,92,S3,1
ld_01,B18032,93,S1,1
ld_02,B9658,93,S1,1
ld_03,B9658,93,S1,1
ld_04,B9658,93,S1,1
ld_05,B9658,93,S1,1
ld_06,B9658,93,S1,1
pr_01,B32121,93,S1,1
pr_02,B32121,93,S1,1
pr_03,B18032,93,S1,1
pr_04,B9658,93,S1,1
pr_05,B9658,93,S1,1
pr_06,B5817,93,S1,1
sk_01,B9658,93,S1,1
sk_02,B9658,93,S1,1
sk_03,B32121,93,S1,1
sk_04,B32121,93,S1,1
sk_05,B18200,93,S1,1
sk_06,B18032,93,S1,1
ld_01,B32121,93,S2,1
ld_02,B32121,93,S2,1
ld_03,B32121,93,S2,1
ld_04,B32121,93,S2,1
pr_01,B5817,93,S2,1
pr_02,B18200,93,S2,1
pr_03,B9658,93,S2,1
sk_01,B9658,93,S2,1
sk_02,B9658,93,S2,1
sk_03,B32121,93,S2,1
sk_04,B32121,93,S2,1
sk_05,B5817,93,S2,1
sk_06,B20673,93,S2,1
sk_01,B9658,93,S3,1
sk_02,B9658,93,S3,1
sk_03,B32121,93,S3,1
sk_04,B32121,93,S3,1
sk_05,B18200,93,S3,1
sk_06,B18032,93,S3,1
ld_01,B5817,94,S1,1
ld_02,B18032,94,S1,1
ld_03,B18200,94,S1,1
ld_04,B18032,94,S1,1
ld_05,B5817,94,S1,1
ld_06,B9658,94,S1,1
pr_01,B32121,94,S1,1
pr_02,B32121,94,S1,1
pr_03,B20673,94,S1,1
pr_04,B9658,94,S1,1
pr_05,B9658,94,S1,1
pr_06,B9658,94,S1,1
sk_01,B9658,94,S1,1
sk_02,B9658,94,S1,1
sk_03,B32121,94,S1,1
sk_04,B32121,94,S1,1
sk_05,B5817,94,S1,1
sk_06,B20673,94,S1,1
ld_01,B9658,94,S2,1
ld_02,B9658,94,S2,1
ld_03,B32121,94,S2,1
ld_04,B32121,94,S2,1
ld_05,B32121,94,S2,1
ld_06,B32121,94,S2,1
pr_01,B18200,94,S2,1
pr_02,B18200,94,S2,1
sk_01,B9658,94,S2,1
sk_02,B9658,94,S2,1
sk_03,B32121,94,S2,1
sk_04,B32121,94,S2,1
sk_05,B18200,94,S2,1
sk_06,B18032,94,S2,1
sk_01,B9658,94,S3,1
sk_02,B9658,94,S3,1
sk_03,B32121,94,S3,1
sk_04,B32121,94,S3,1
sk_05,B5817,94,S3,1
sk_06,B20673,94,S3,1
ld_01,B18200,95,S1,1
ld_02,B20673,95,S1,1
ld_03,B20673,95,S1,1
ld_04,B18200,95,S1,1
ld_05,B9658,95,S1,1
ld_06,B9658,95,S1,1
pr_01,B32121,95,S1,1
pr_02,B32121,95,S1,1
pr_03,B18032,95,S1,1
pr_04,B9658,95,S1,1
pr_05,B9658,95,S1,1
pr_06,B9658,95,S1,1
sk_01,B9658,95,S1,1
sk_02,B9658,95,S1,1
sk_03,B32121,95,S1,1
sk_04,B32121,95,S1,1
sk_05,B18200,95,S1,1
sk_06,B18032,95,S1,1
ld_01,B9658,95,S2,1
ld_02,B32121,95,S2,1
ld_03,B32121,95,S2,1
ld_04,B32121,95,S2,1
ld_05,B32121,95,S2,1
pr_01,B9658,95,S2,1
pr_02,B5817,95,S2,1
pr_03,B5817,95,S2,1
sk_01,B9658,95,S2,1
sk_02,B9658,95,S2,1
sk_03,B32121,95,S2,1
sk_04,B32121,95,S2,1
sk_05,B5817,95,S2,1
sk_06,B20673,95,S2,1
sk_01,B9658,95,S3,1
sk_02,B9658,95,S3,1
sk_03,B32121,95,S3,1
sk_04,B32121,95,S3,1
sk_05,B18200,95,S3,1
sk_06,B18032,95,S3,1
ld_01,B18032,96,S1,1
ld_02,B5817,96,S1,1
ld_03,B18032,96,S1,1
ld_04,B5817,96,S1,1
ld_05,B9658,96,S1,1
ld_06,B9658,96,S1,1
pr_01,B32121,96,S1,1
pr_02,B32121,96,S1,1
pr_03,B20673,96,S1,1
pr_04,B9658,96,S1,1
pr_05,B9658,96,S1,1
pr_06,B9658,96,S1,1
sk_01,B9658,96,S1,1
sk_02,B9658,96,S1,1
sk_03,B32121,96,S1,1
sk_04,B32121,96,S1,1
sk_05,B5817,96,S1,1
sk_06,B20673,96,S1,1
ld_01,B9658,96,S2,1
ld_02,B9658,96,S2,1
ld_03,B9658,96,S2,1
ld_04,B32121,96,S2,1
ld_05,B32121,96,S2,1
ld_06,B32121,96,S2,1
pr_01,B18200,96,S2,1
pr_02,B18200,96,S2,1
sk_01,B9658,96,S2,1
sk_02,B9658,96,S2,1
sk_03,B32121,96,S2,1
sk_04,B32121,96,S2,1
sk_05,B18200,96,S2,1
sk_06,B18032,96,S2,1
ld_01,B32121,96,S3,1
sk_01,B9658,96,S3,1
sk_02,B9658,96,S3,1
sk_03,B32121,96,S3,1
sk_04,B32121,96,S3,1
sk_05,B31730,96,S3,1
sk_06,B31730,96,S3,1
ld_01,B18200,97,S1,1
ld_02,B20673,97,S1,1
ld_03,B20673,97,S1,1
ld_04,B9658,97,S1,1
ld_05,B9658,97,S1,1
ld_06,B9658,97,S1,1
pr_01,B32121,97,S1,1
pr_02,B32121,97,S1,1
pr_03,B18032,97,S1,1
pr_04,B9658,97,S1,1
pr_05,B9658,97,S1,1
pr_06,B9658,97,S1,1
sk_01,B9658,97,S1,1
sk_02,B9658,97,S1,1
sk_03,B31730,97,S1,1
sk_04,B31730,97,S1,1
sk_05,B5817,97,S1,1
sk_06,B20673,97,S1,1
ld_01,B32121,97,S2,1
ld_02,B32121,97,S2,1
ld_03,B32121,97,S2,1
ld_04,B32121,97,S2,1
pr_01,B5817,97,S2,1
pr_02,B18200,97,S2,1
sk_01,B9658,97,S2,1
sk_02,B9658,97,S2,1
sk_03,B31730,97,S2,1
sk_04,B31730,97,S2,1
sk_05,B18200,97,S2,1
sk_06,B18032,97,S2,1
sk_01,B9658,97,S3,1
sk_02,B9658,97,S3,1
sk_03,B31730,97,S3,1
sk_04,B31730,97,S3,1
sk_05,B5817,97,S3,1
sk_06,B20673,97,S3,1
ld_01,B18032,98,S1,1
ld_02,B5817,98,S1,1
ld_03,B18200,98,S1,1
ld_04,B18032,98,S1,1
ld_05,B32121,98,S1,1
ld_06,B32121,98,S1,1
pr_01,B20673,98,S1,1
pr_02,B31730,98,S1,1
pr_03,B31730,98,S1,1
pr_04,B31730,98,S1,1
pr_05,B9658,98,S1,1
pr_06,B9658,98,S1,1
sk_01,B9658,98,S1,1
sk_02,B9658,98,S1,1
sk_03,B31730,98,S1,1
sk_04,B31730,98,S1,1
sk_05,B18200,98,S1,1
sk_06,B18032,98,S1,1
ld_01,B32121,98,S2,1
ld_02,B9658,98,S2,1
ld_03,B9658,98,S2,1
ld_04,B9658,98,S2,1
ld_05,B32121,98,S2,1
pr_01,B9658,98,S2,1
pr_02,B9658,98,S2,1
pr_03,B5817,98,S2,1
sk_01,B9658,98,S2,1
sk_02,B9658,98,S2,1
sk_03,B31730,98,S2,1
sk_04,B31730,98,S2,1
sk_05,B5817,98,S2,1
sk_06,B20673,98,S2,1
sk_01,B9658,98,S3,1
sk_02,B9658,98,S3,1
sk_03,B31730,98,S3,1
sk_04,B31730,98,S3,1
sk_05,B18200,98,S3,1
sk_06,B18032,98,S3,1
ld_01,B5817,99,S1,1
ld_02,B20673,99,S1,1
ld_03,B20673,99,S1,1
ld_04,B9658,99,S1,1
ld_05,B9658,99,S1,1
ld_06,B9658,99,S1,1
pr_01,B18032,99,S1,1
pr_02,B31730,99,S1,1
pr_03,B31730,99,S1,1
pr_04,B31730,99,S1,1
pr_05,B9658,99,S1,1
pr_06,B9658,99,S1,1
sk_01,B9658,99,S1,1
sk_02,B9658,99,S1,1
sk_03,B31730,99,S1,1
sk_04,B31730,99,S1,1
sk_05,B5817,99,S1,1
sk_06,B20673,99,S1,1
ld_01,B9658,99,S2,1
ld_02,B9658,99,S2,1
ld_03,B31730,99,S2,1
ld_04,B31730,99,S2,1
ld_05,B31730,99,S2,1
pr_01,B9658,99,S2,1
pr_02,B5817,99,S2,1
pr_03,B18200,99,S2,1
pr_04,B18200,99,S2,1
sk_01,B9658,99,S2,1
sk_02,B9658,99,S2,1
sk_03,B31730,99,S2,1
sk_04,B31730,99,S2,1
sk_05,B18200,99,S2,1
sk_06,B18032,99,S2,1
sk_01,B9658,99,S3,1
sk_02,B9658,99,S3,1
sk_03,B31730,99,S3,1
sk_04,B31730,99,S3,1
sk_05,B5817,99,S3,1
sk_06,B20673,99,S3,1
ld_01,B18200,100,S1,1
ld_02,B18032,100,S1,1
ld_03,B5817,100,S1,1
ld_04,B18200,100,S1,1
ld_05,B9658,100,S1,1
ld_06,B9658,100,S1,1
pr_01,B20673,100,S1,1
pr_02,B31730,100,S1,1
pr_03,B31730,100,S1,1
pr_04,B31730,100,S1,1
pr_05,B9658,100,S1,1
pr_06,B9658,100,S1,1
sk_01,B9658,100,S1,1
sk_02,B9658,100,S1,1
sk_03,B31730,100,S1,1
sk_04,B31730,100,S1,1
sk_05,B18200,100,S1,1
sk_06,B18032,100,S1,1
ld_01,B9658,100,S2,1
ld_02,B31730,100,S2,1
ld_03,B31730,100,S2,1
ld_04,B31730,100,S2,1
ld_05,B31730,100,S2,1
pr_01,B9658,100,S2,1
pr_02,B5817,100,S2,1
pr_03,B18200,100,S2,1
sk_01,B9658,100,S2,1
sk_02,B9658,100,S2,1
sk_03,B31730,100,S2,1
sk_04,B31730,100,S2,1
sk_05,B5817,100,S2,1
sk_06,B20673,100,S2,1
sk_01,B9658,100,S3,1
sk_02,B9658,100,S3,1
sk_03,B31730,100,S3,1
sk_04,B31730,100,S3,1
sk_05,B18200,100,S3,1
sk_06,B18032,100,S3,1
ld_01,B20673,101,S1,1
ld_02,B5817,101,S1,1
ld_03,B18200,101,S1,1
ld_04,B20673,101,S1,1
ld_05,B9658,101,S1,1
ld_06,B9658,101,S1,1
pr_01,B18032,101,S1,1
pr_02,B31730,101,S1,1
pr_03,B31730,101,S1,1
pr_04,B31730,101,S1,1
pr_05,B9658,101,S1,1
pr_06,B9658,101,S1,1
sk_01,B9658,101,S1,1
sk_02,B9658,101,S1,1
sk_03,B31730,101,S1,1
sk_04,B31730,101,S1,1
sk_05,B5817,101,S1,1
sk_06,B20673,101,S1,1
ld_01,B9658,101,S2,1
ld_02,B9658,101,S2,1
ld_03,B31730,101,S2,1
ld_04,B31730,101,S2,1
ld_05,B31730,101,S2,1
ld_06,B31730,101,S2,1
pr_01,B9658,101,S2,1
pr_02,B9658,101,S2,1
pr_03,B5817,101,S2,1
pr_04,B18200,101,S2,1
sk_01,B9658,101,S2,1
sk_02,B9658,101,S2,1
sk_03,B31730,101,S2,1
sk_04,B31730,101,S2,1
sk_05,B18200,101,S2,1
sk_06,B18032,101,S2,1
sk_01,B9658,101,S3,1
sk_02,B9658,101,S3,1
sk_03,B31730,101,S3,1
sk_04,B31730,101,S3,1
sk_05,B5817,101,S3,1
sk_06,B20673,101,S3,1
ld_01,B18032,102,S1,1
ld_02,B18032,102,S1,1
ld_03,B5817,102,S1,1
ld_04,B18200,102,S1,1
ld_05,B9658,102,S1,1
ld_06,B9658,102,S1,1
pr_01,B20673,102,S1,1
pr_02,B31730,102,S1,1
pr_03,B31730,102,S1,1
pr_04,B31730,102,S1,1
pr_05,B9658,102,S1,1
pr_06,B9658,102,S1,1
sk_01,B9658,102,S1,1
sk_02,B9658,102,S1,1
sk_03,B31730,102,S1,1
sk_04,B31730,102,S1,1
sk_05,B18200,102,S1,1
sk_06,B18032,102,S1,1
ld_01,B9658,102,S2,1
ld_02,B9658,102,S2,1
ld_03,B31730,102,S2,1
ld_04,B31730,102,S2,1
ld_05,B31730,102,S2,1
ld_06,B31730,102,S2,1
pr_01,B9658,102,S2,1
pr_02,B5817,102,S2,1
pr_03,B18200,102,S2,1
sk_01,B9658,102,S2,1
sk_02,B9658,102,S2,1
sk_03,B31730,102,S2,1
sk_04,B31730,102,S2,1
sk_05,B5817,102,S2,1
sk_06,B20673,102,S2,1
sk_01,B9658,102,S3,1
sk_02,B9658,102,S3,1
sk_03,B31730,102,S3,1
sk_04,B31730,102,S3,1
sk_05,B18200,102,S3,1
sk_06,B18032,102,S3,1
ld_01,B20673,103,S1,1
ld_02,B5817,103,S1,1
ld_03,B20673,103,S1,1
ld_04,B9658,103,S1,1
ld_05,B9658,103,S1,1
ld_06,B9658,103,S1,1
pr_01,B18032,103,S1,1
pr_02,B31730,103,S1,1
pr_03,B31730,103,S1,1
pr_04,B9658,103,S1,1
pr_05,B9658,103,S1,1
pr_06,B9658,103,S1,1
sk_01,B9658,103,S1,1
sk_02,B9658,103,S1,1
sk_03,B31730,103,S1,1
sk_04,B31730,103,S1,1
sk_05,B5817,103,S1,1
sk_06,B20673,103,S1,1
ld_01,B31730,103,S2,1
ld_02,B31730,103,S2,1
ld_03,B31730,103,S2,1
ld_04,B31730,103,S2,1
pr_01,B5817,103,S2,1
pr_02,B18200,103,S2,1
sk_01,B9658,103,S2,1
sk_02,B9658,103,S2,1
sk_03,B31730,103,S2,1
sk_04,B31730,103,S2,1
sk_05,B18200,103,S2,1
sk_06,B31613,103,S2,1
sk_01,B9658,103,S3,1
sk_02,B9658,103,S3,1
sk_03,B31613,103,S3,1
sk_04,B31613,103,S3,1
sk_05,B18032,103,S3,1
sk_06,B5817,103,S3,1
ld_01,B18032,104,S1,1
ld_02,B18200,104,S1,1
ld_03,B18032,104,S1,1
ld_04,B5817,104,S1,1
ld_05,B9658,104,S1,1
ld_06,B9658,104,S1,1
pr_01,B31730,104,S1,1
pr_02,B31730,104,S1,1
pr_03,B9658,104,S1,1
pr_04,B9658,104,S1,1
pr_05,B9658,104,S1,1
pr_06,B9658,104,S1,1
sk_01,B9658,104,S1,1
sk_02,B9658,104,S1,1
sk_03,B31613,104,S1,1
sk_04,B31613,104,S1,1
sk_05,B20673,104,S1,1
sk_06,B18200,104,S1,1
ld_01,B9658,104,S2,1
ld_02,B9658,104,S2,1
ld_03,B31730,104,S2,1
ld_04,B31730,104,S2,1
ld_05,B31730,104,S2,1
pr_01,B5817,104,S2,1
pr_02,B18200,104,S2,1
sk_01,B9658,104,S2,1
sk_02,B9658,104,S2,1
sk_03,B31613,104,S2,1
sk_04,B31613,104,S2,1
sk_05,B18032,104,S2,1
sk_06,B5817,104,S2,1
sk_01,B9658,104,S3,1
sk_02,B9658,104,S3,1
sk_03,B31613,104,S3,1
sk_04,B31613,104,S3,1
sk_05,B20673,104,S3,1
sk_06,B18200,104,S3,1
ld_01,B18200,105,S1,1
ld_02,B5817,105,S1,1
ld_03,B9658,105,S1,1
ld_04,B9658,105,S1,1
ld_05,B9658,105,S1,1
ld_06,B9658,105,S1,1
pr_01,B31613,105,S1,1
pr_02,B31613,105,S1,1
pr_03,B20673,105,S1,1
pr_04,B18032,105,S1,1
pr_05,B9658,105,S1,1
pr_06,B9658,105,S1,1
sk_01,B9658,105,S1,1
sk_02,B9658,105,S1,1
sk_03,B31613,105,S1,1
sk_04,B31613,105,S1,1
sk_05,B18032,105,S1,1
sk_06,B5817,105,S1,1
ld_01,B31730,105,S2,1
ld_02,B31730,105,S2,1
pr_01,B18200,105,S2,1
pr_02,B9658,105,S2,1
pr_03,B18200,105,S2,1
sk_01,B9658,105,S2,1
sk_02,B9658,105,S2,1
sk_03,B31613,105,S2,1
sk_04,B31613,105,S2,1
sk_05,B20673,105,S2,1
sk_06,B18200,105,S2,1
sk_01,B9658,105,S3,1
sk_02,B9658,105,S3,1
sk_03,B31613,105,S3,1
sk_04,B31613,105,S3,1
sk_05,B18032,105,S3,1
sk_06,B5817,105,S3,1
ld_01,B20673,106,S1,1
ld_02,B18032,106,S1,1
ld_03,B18200,106,S1,1
ld_04,B20673,106,S1,1
ld_05,B18200,106,S1,1
ld_06,B9658,106,S1,1
pr_01,B31613,106,S1,1
pr_02,B31613,106,S1,1
pr_03,B18032,106,S1,1
pr_04,B9658,106,S1,1
pr_05,B9658,106,S1,1
pr_06,B9658,106,S1,1
sk_01,B9658,106,S1,1
sk_02,B9658,106,S1,1
sk_03,B31613,106,S1,1
sk_04,B31613,106,S1,1
sk_05,B20673,106,S1,1
sk_06,B18200,106,S1,1
ld_01,B9658,106,S2,1
ld_02,B9658,106,S2,1
ld_03,B9658,106,S2,1
ld_04,B31613,106,S2,1
ld_05,B31613,106,S2,1
ld_06,B31613,106,S2,1
pr_01,B5817,106,S2,1
pr_02,B5817,106,S2,1
sk_01,B9658,106,S2,1
sk_02,B9658,106,S2,1
sk_03,B31613,106,S2,1
sk_04,B31613,106,S2,1
sk_05,B18032,106,S2,1
sk_06,B5817,106,S2,1
ld_01,B31613,106,S3,1
sk_01,B9658,106,S3,1
sk_02,B9658,106,S3,1
sk_03,B31613,106,S3,1
sk_04,B31613,106,S3,1
sk_05,B20673,106,S3,1
sk_06,B18200,106,S3,1
ld_01,B18032,107,S1,1
ld_02,B5817,107,S1,1
ld_03,B18032,107,S1,1
ld_04,B5817,107,S1,1
ld_05,B9658,107,S1,1
ld_06,B9658,107,S1,1
pr_01,B31613,107,S1,1
pr_02,B20673,107,S1,1
pr_03,B9658,107,S1,1
pr_04,B9658,107,S1,1
pr_05,B18200,107,S1,1
pr_06,B18200,107,S1,1
sk_01,B9658,107,S1,1
sk_02,B9658,107,S1,1
sk_03,B31613,107,S1,1
sk_04,B31613,107,S1,1
sk_05,B18032,107,S1,1
sk_06,B5817,107,S1,1
ld_01,B9658,107,S2,1
ld_02,B31613,107,S2,1
ld_03,B31613,107,S2,1
ld_04,B31613,107,S2,1
ld_05,B31613,107,S2,1
pr_01,B9658,107,S2,1
sk_01,B9658,107,S2,1
sk_02,B9658,107,S2,1
sk_03,B31613,107,S2,1
sk_04,B31613,107,S2,1
sk_05,B20673,107,S2,1
sk_06,B18200,107,S2,1
sk_01,B9658,107,S3,1
sk_02,B9658,107,S3,1
sk_03,B31613,107,S3,1
sk_04,B31613,107,S3,1
sk_05,B18032,107,S3,1
sk_06,B5817,107,S3,1
ld_01,B18200,108,S1,1
ld_02,B20673,108,S1,1
ld_03,B20673,108,S1,1
ld_04,B9658,108,S1,1
ld_05,B9658,108,S1,1
ld_06,B9658,108,S1,1
pr_01,B31613,108,S1,1
pr_02,B31613,108,S1,1
pr_03,B18032,108,S1,1
pr_04,B9658,108,S1,1
pr_05,B9658,108,S1,1
pr_06,B9658,108,S1,1
sk_01,B9658,108,S1,1
sk_02,B9658,108,S1,1
sk_03,B31613,108,S1,1
sk_04,B31613,108,S1,1
sk_05,B20673,108,S1,1
sk_06,B31203,108,S1,1
ld_01,B31613,108,S2,1
ld_02,B31613,108,S2,1
pr_01,B9658,108,S2,1
pr_02,B5817,108,S2,1
pr_03,B5817,108,S2,1
pr_04,B18200,108,S2,1
sk_01,B9658,108,S2,1
sk_02,B9658,108,S2,1
sk_03,B31203,108,S2,1
sk_04,B31203,108,S2,1
sk_05,B18200,108,S2,1
sk_06,B18032,108,S2,1
sk_01,B9658,108,S3,1
sk_02,B9658,108,S3,1
sk_03,B31203,108,S3,1
sk_04,B31203,108,S3,1
sk_05,B5817,108,S3,1
sk_06,B20673,108,S3,1
ld_01,B18032,109,S1,1
ld_02,B5817,109,S1,1
ld_03,B18200,109,S1,1
ld_04,B18032,109,S1,1
ld_05,B5817,109,S1,1
ld_06,B9658,109,S1,1
pr_01,B31613,109,S1,1
pr_02,B20673,109,S1,1
pr_03,B9658,109,S1,1
pr_04,B9658,109,S1,1
pr_05,B9658,109,S1,1
pr_06,B31203,109,S1,1
sk_01,B9658,109,S1,1
sk_02,B9658,109,S1,1
sk_03,B31203,109,S1,1
sk_04,B31203,109,S1,1
sk_05,B18200,109,S1,1
sk_06,B18032,109,S1,1
ld_01,B9658,109,S2,1
ld_02,B9658,109,S2,1
ld_03,B9658,109,S2,1
ld_04,B9658,109,S2,1
ld_05,B31613,109,S2,1
ld_06,B31613,109,S2,1
pr_01,B31203,109,S2,1
pr_02,B31203,109,S2,1
pr_03,B31203,109,S2,1
sk_01,B9658,109,S2,1
sk_02,B9658,109,S2,1
sk_03,B31203,109,S2,1
sk_04,B31203,109,S2,1
sk_05,B5817,109,S2,1
sk_06,B20673,109,S2,1
ld_01,B31613,109,S3,1
ld_02,B31613,109,S3,1
ld_03,B31613,109,S3,1
sk_01,B9658,109,S3,1
sk_02,B9658,109,S3,1
sk_03,B31203,109,S3,1
sk_04,B31203,109,S3,1
sk_05,B18200,109,S3,1
sk_06,B18032,109,S3,1
ld_01,B20673,110,S1,1
ld_02,B20673,110,S1,1
ld_03,B31203,110,S1,1
ld_04,B31203,110,S1,1
ld_05,B9658,110,S1,1
ld_06,B31613,110,S1,1
pr_01,B18032,110,S1,1
pr_02,B9658,110,S1,1
pr_03,B9658,110,S1,1
pr_04,B9658,110,S1,1
pr_05,B5817,110,S1,1
pr_06,B18200,110,S1,1
sk_01,B9658,110,S1,1
sk_02,B9658,110,S1,1
sk_03,B31203,110,S1,1
sk_04,B31203,110,S1,1
sk_05,B5817,110,S1,1
sk_06,B20673,110,S1,1
ld_01,B31613,110,S2,1
ld_02,B9658,110,S2,1
ld_03,B9658,110,S2,1
pr_01,B18200,110,S2,1
pr_02,B31203,110,S2,1
pr_03,B31203,110,S2,1
pr_04,B31203,110,S2,1
pr_05,B31203,110,S2,1
pr_06,B31203,110,S2,1
sk_01,B9658,110,S2,1
sk_02,B9658,110,S2,1
sk_03,B31203,110,S2,1
sk_04,B31203,110,S2,1
sk_05,B18200,110,S2,1
sk_06,B18032,110,S2,1
sk_01,B9658,110,S3,1
sk_02,B9658,110,S3,1
sk_03,B31203,110,S3,1
sk_04,B31203,110,S3,1
sk_05,B5817,110,S3,1
sk_06,B20673,110,S3,1
ld_01,B18200,111,S1,1
ld_02,B18032,111,S1,1
ld_03,B5817,111,S1,1
ld_04,B18200,111,S1,1
ld_05,B31203,111,S1,1
ld_06,B31203,111,S1,1
pr_01,B20673,111,S1,1
pr_02,B9658,111,S1,1
pr_03,B9658,111,S1,1
pr_04,B9658,111,S1,1
pr_05,B9658,111,S1,1
pr_06,B5817,111,S1,1
sk_01,B9658,111,S1,1
sk_02,B9658,111,S1,1
sk_03,B31203,111,S1,1
sk_04,B31203,111,S1,1
sk_05,B18200,111,S1,1
sk_06,B18032,111,S1,1
ld_01,B31203,111,S2,1
ld_02,B31203,111,S2,1
ld_03,B9658,111,S2,1
ld_04,B9658,111,S2,1
ld_05,B9658,111,S2,1
pr_01,B18200,111,S2,1
pr_02,B31203,111,S2,1
pr_03,B31203,111,S2,1
pr_04,B31203,111,S2,1
pr_05,B31203,111,S2,1
pr_06,B31203,111,S2,1
sk_01,B9658,111,S2,1
sk_02,B9658,111,S2,1
sk_03,B31203,111,S2,1
sk_04,B31203,111,S2,1
sk_05,B5817,111,S2,1
sk_06,B20673,111,S2,1
pr_01,B31203,111,S3,1
sk_01,B9658,111,S3,1
sk_02,B9658,111,S3,1
sk_03,B31203,111,S3,1
sk_04,B31203,111,S3,1
sk_05,B18200,111,S3,1
sk_06,B18032,111,S3,1
ld_01,B20673,112,S1,1
ld_02,B20673,112,S1,1
ld_03,B18200,112,S1,1
ld_04,B5817,112,S1,1
ld_05,B31203,112,S1,1
ld_06,B31203,112,S1,1
pr_01,B18032,112,S1,1
pr_02,B9658,112,S1,1
pr_03,B9658,112,S1,1
pr_04,B9658,112,S1,1
pr_05,B5817,112,S1,1
pr_06,B18200,112,S1,1
sk_01,B9658,112,S1,1
sk_02,B9658,112,S1,1
sk_03,B31203,112,S1,1
sk_04,B31203,112,S1,1
sk_05,B5817,112,S1,1
sk_06,B20673,112,S1,1
ld_01,B31203,112,S2,1
ld_02,B31203,112,S2,1
ld_03,B9658,112,S2,1
ld_04,B9658,112,S2,1
ld_05,B9658,112,S2,1
ld_06,B9658,112,S2,1
pr_01,B31203,112,S2,1
pr_02,B31203,112,S2,1
pr_03,B31203,112,S2,1
pr_04,B31203,112,S2,1
pr_05,B31203,112,S2,1
sk_01,B9658,112,S2,1
sk_02,B9658,112,S2,1
sk_03,B31203,112,S2,1
sk_04,B31203,112,S2,1
sk_05,B22028,112,S2,1
sk_06,B18200,112,S2,1
ld_01,B9658,112,S3,1
sk_01,B9658,112,S3,1
sk_02,B9658,112,S3,1
sk_03,B31203,112,S3,1
sk_04,B31203,112,S3,1
sk_05,B18032,112,S3,1
sk_06,B5817,112,S3,1
