machine_id,block_id,day,shift_id,assigned
fb_01,B107189,1,S1,1
fb_02,B121928,1,S1,1
fb_03,B110288,1,S1,1
fb_04,B127158,1,S1,1
fb_05,B117387,1,S1,1
fb_06,B117387,1,S1,1
fb_01,B108060,1,S2,1
fb_02,B126413,1,S2,1
fb_03,B110471,1,S2,1
fb_04,B109915,1,S2,1
fb_05,B117387,1,S2,1
fb_06,B121154,1,S2,1
fb_01,B108124,1,S3,1
fb_02,B109915,1,S3,1
fb_03,B113324,1,S3,1
fb_04,B126589,1,S3,1
fb_05,B121154,1,S3,1
fb_06,B111867,1,S3,1
fb_01,B108339,2,S1,1
fb_02,B126589,2,S1,1
fb_03,B120266,2,S1,1
fb_04,B127158,2,S1,1
fb_05,B111867,2,S1,1
fb_06,B111480,2,S1,1
sk_01,B108060,2,S1,1
sk_02,B108124,2,S1,1
sk_03,B108124,2,S1,1
sk_04,B111867,2,S1,1
sk_05,B111867,2,S1,1
sk_06,B111867,2,S1,1
fb_01,B109340,2,S2,1
fb_02,B126869,2,S2,1
fb_03,B126413,2,S2,1
fb_04,B126589,2,S2,1
fb_05,B111480,2,S2,1
fb_06,B111480,2,S2,1
sk_01,B111867,2,S2,1
sk_02,B107189,2,S2,1
sk_03,B117387,2,S2,1
sk_04,B117387,2,S2,1
sk_05,B117387,2,S2,1
sk_06,B127158,2,S2,1
fb_01,B109517,2,S3,1
fb_02,B127158,2,S3,1
fb_03,B126589,2,S3,1
fb_04,B127158,2,S3,1
fb_05,B111480,2,S3,1
fb_06,B111480,2,S3,1
sk_01,B127158,2,S3,1
sk_02,B126589,2,S3,1
sk_03,B126589,2,S3,1
sk_04,B109915,2,S3,1
sk_05,B109915,2,S3,1
sk_06,B109915,2,S3,1
fb_01,B109915,3,S1,1
fb_02,B145584,3,S1,1
fb_03,B126869,3,S1,1
fb_04,B126589,3,S1,1
fb_05,B111480,3,S1,1
fb_06,B111480,3,S1,1
pr_01,B111867,3,S1,1
pr_02,B109915,3,S1,1
pr_03,B108124,3,S1,1
pr_04,B126589,3,S1,1
pr_05,B127158,3,S1,1
pr_06,B108060,3,S1,1
sk_01,B109517,3,S1,1
sk_02,B111867,3,S1,1
sk_03,B111867,3,S1,1
sk_04,B111867,3,S1,1
sk_05,B111867,3,S1,1
sk_06,B111867,3,S1,1
fb_01,B110288,3,S2,1
fb_02,B111480,3,S2,1
fb_03,B111480,3,S2,1
fb_04,B127158,3,S2,1
fb_05,B111480,3,S2,1
fb_06,B111480,3,S2,1
pr_01,B117387,3,S2,1
pr_02,B117387,3,S2,1
pr_03,B117387,3,S2,1
sk_01,B108339,3,S2,1
sk_02,B127158,3,S2,1
sk_03,B127158,3,S2,1
sk_04,B127158,3,S2,1
sk_05,B127158,3,S2,1
sk_06,B127158,3,S2,1
fb_01,B110471,3,S3,1
fb_02,B44010,3,S3,1
fb_03,B145584,3,S3,1
fb_04,B126589,3,S3,1
fb_05,B111480,3,S3,1
fb_06,B111480,3,S3,1
sk_01,B127158,3,S3,1
sk_02,B127158,3,S3,1
sk_03,B127158,3,S3,1
sk_04,B126589,3,S3,1
sk_05,B126589,3,S3,1
sk_06,B126589,3,S3,1
fb_01,B111410,4,S1,1
fb_02,B55424,4,S1,1
fb_03,B68233,4,S1,1
fb_04,B127158,4,S1,1
fb_05,B111480,4,S1,1
fb_06,B111480,4,S1,1
ld_01,B109915,4,S1,1
ld_02,B108124,4,S1,1
ld_03,B111867,4,S1,1
ld_04,B117387,4,S1,1
ld_05,B117387,4,S1,1
pr_01,B111867,4,S1,1
pr_02,B111867,4,S1,1
pr_03,B111867,4,S1,1
pr_04,B126589,4,S1,1
pr_05,B126589,4,S1,1
pr_06,B127158,4,S1,1
sk_01,B44010,4,S1,1
sk_02,B127158,4,S1,1
sk_03,B127158,4,S1,1
sk_04,B126589,4,S1,1
sk_05,B126589,4,S1,1
sk_06,B126589,4,S1,1
fb_01,B111480,4,S2,1
fb_02,B68233,4,S2,1
fb_03,B107189,4,S2,1
fb_04,B126589,4,S2,1
fb_05,B111480,4,S2,1
fb_06,B111480,4,S2,1
pr_01,B127158,4,S2,1
pr_02,B127158,4,S2,1
pr_03,B127158,4,S2,1
pr_04,B127158,4,S2,1
pr_05,B127158,4,S2,1
sk_01,B126589,4,S2,1
sk_02,B126589,4,S2,1
sk_03,B126589,4,S2,1
sk_04,B126589,4,S2,1
sk_05,B126589,4,S2,1
sk_06,B126589,4,S2,1
fb_01,B111480,4,S3,1
fb_02,B107189,4,S3,1
fb_03,B109915,4,S3,1
fb_04,B127158,4,S3,1
fb_05,B111480,4,S3,1
fb_06,B111480,4,S3,1
sk_01,B126589,4,S3,1
sk_02,B126589,4,S3,1
sk_03,B109915,4,S3,1
sk_04,B109915,4,S3,1
sk_05,B109915,4,S3,1
sk_06,B109915,4,S3,1
fb_01,B112038,5,S1,1
fb_02,B108060,5,S1,1
fb_03,B110288,5,S1,1
fb_04,B126589,5,S1,1
fb_05,B124193,5,S1,1
fb_06,B124193,5,S1,1
ld_01,B127158,5,S1,1
ld_02,B127158,5,S1,1
ld_03,B127158,5,S1,1
ld_04,B127158,5,S1,1
ld_05,B127158,5,S1,1
ld_06,B126589,5,S1,1
pr_01,B109915,5,S1,1
pr_02,B44010,5,S1,1
pr_03,B126589,5,S1,1
pr_04,B109915,5,S1,1
pr_05,B126589,5,S1,1
pr_06,B126589,5,S1,1
sk_01,B55424,5,S1,1
sk_02,B107189,5,S1,1
sk_03,B107189,5,S1,1
sk_04,B107189,5,S1,1
sk_05,B107189,5,S1,1
sk_06,B68233,5,S1,1
fb_01,B112990,5,S2,1
fb_02,B108339,5,S2,1
fb_03,B110471,5,S2,1
fb_04,B127158,5,S2,1
fb_05,B124193,5,S2,1
fb_06,B124193,5,S2,1
ld_01,B126589,5,S2,1
ld_02,B111867,5,S2,1
ld_03,B111867,5,S2,1
ld_04,B111867,5,S2,1
ld_05,B111867,5,S2,1
ld_06,B111867,5,S2,1
pr_01,B126589,5,S2,1
pr_02,B126589,5,S2,1
pr_03,B126589,5,S2,1
pr_04,B126589,5,S2,1
pr_05,B126589,5,S2,1
pr_06,B127158,5,S2,1
sk_01,B68233,5,S2,1
sk_02,B68233,5,S2,1
sk_03,B68233,5,S2,1
sk_04,B68233,5,S2,1
sk_05,B68233,5,S2,1
sk_06,B127158,5,S2,1
fb_01,B113324,5,S3,1
fb_02,B109340,5,S3,1
fb_03,B113324,5,S3,1
fb_04,B126589,5,S3,1
fb_05,B124193,5,S3,1
fb_06,B124193,5,S3,1
ld_01,B111867,5,S3,1
sk_01,B127158,5,S3,1
sk_02,B127158,5,S3,1
sk_03,B127158,5,S3,1
sk_04,B127158,5,S3,1
sk_05,B109915,5,S3,1
sk_06,B126589,5,S3,1
fb_01,B114477,6,S1,1
fb_02,B109915,6,S1,1
fb_03,B120266,6,S1,1
fb_04,B127158,6,S1,1
fb_05,B124193,6,S1,1
fb_06,B124193,6,S1,1
ld_01,B127158,6,S1,1
ld_02,B126589,6,S1,1
ld_03,B126589,6,S1,1
ld_04,B126589,6,S1,1
ld_05,B126589,6,S1,1
ld_06,B126589,6,S1,1
pr_01,B68233,6,S1,1
pr_02,B68233,6,S1,1
pr_03,B68233,6,S1,1
pr_04,B126589,6,S1,1
pr_05,B109915,6,S1,1
pr_06,B127158,6,S1,1
sk_01,B108060,6,S1,1
sk_02,B108060,6,S1,1
sk_03,B108339,6,S1,1
sk_04,B108339,6,S1,1
sk_05,B127158,6,S1,1
sk_06,B127158,6,S1,1
fb_01,B114861,6,S2,1
fb_02,B110288,6,S2,1
fb_03,B126413,6,S2,1
fb_04,B126589,6,S2,1
fb_05,B129183,6,S2,1
fb_06,B129183,6,S2,1
ld_01,B126589,6,S2,1
ld_02,B109915,6,S2,1
ld_03,B126589,6,S2,1
ld_04,B109915,6,S2,1
pr_01,B127158,6,S2,1
pr_02,B107189,6,S2,1
pr_03,B107189,6,S2,1
pr_04,B127158,6,S2,1
pr_05,B127158,6,S2,1
pr_06,B55424,6,S2,1
sk_01,B109915,6,S2,1
sk_02,B126589,6,S2,1
sk_03,B109915,6,S2,1
sk_04,B127158,6,S2,1
sk_05,B126589,6,S2,1
sk_06,B126589,6,S2,1
fb_01,B120266,6,S3,1
fb_02,B110471,6,S3,1
fb_03,B126589,6,S3,1
fb_04,B127158,6,S3,1
fb_05,B129183,6,S3,1
fb_06,B129183,6,S3,1
pr_01,B107189,6,S3,1
pr_02,B107189,6,S3,1
sk_01,B109915,6,S3,1
sk_02,B126589,6,S3,1
sk_03,B126589,6,S3,1
sk_04,B109915,6,S3,1
sk_05,B126589,6,S3,1
sk_06,B120266,6,S3,1
fb_01,B129183,7,S1,1
fb_02,B111410,7,S1,1
fb_03,B126869,7,S1,1
fb_04,B126589,7,S1,1
fb_05,B109340,7,S1,1
fb_06,B109340,7,S1,1
ld_01,B127158,7,S1,1
ld_02,B127158,7,S1,1
ld_03,B127158,7,S1,1
ld_04,B68233,7,S1,1
ld_05,B126589,7,S1,1
ld_06,B109915,7,S1,1
pr_01,B109915,7,S1,1
pr_02,B109915,7,S1,1
pr_03,B126589,7,S1,1
pr_04,B126589,7,S1,1
pr_05,B126589,7,S1,1
pr_06,B126589,7,S1,1
sk_01,B114861,7,S1,1
sk_02,B114861,7,S1,1
sk_03,B127158,7,S1,1
sk_04,B127158,7,S1,1
sk_05,B127158,7,S1,1
sk_06,B127158,7,S1,1
fb_01,B121455,7,S2,1
fb_02,B109340,7,S2,1
fb_03,B127158,7,S2,1
fb_04,B127158,7,S2,1
fb_05,B109340,7,S2,1
fb_06,B109340,7,S2,1
ld_01,B107189,7,S2,1
ld_02,B68233,7,S2,1
ld_03,B68233,7,S2,1
ld_04,B107189,7,S2,1
ld_05,B107189,7,S2,1
pr_01,B127158,7,S2,1
pr_02,B127158,7,S2,1
pr_03,B108060,7,S2,1
pr_04,B108060,7,S2,1
pr_05,B108339,7,S2,1
pr_06,B108339,7,S2,1
sk_01,B127158,7,S2,1
sk_02,B109915,7,S2,1
sk_03,B126589,7,S2,1
sk_04,B109915,7,S2,1
sk_05,B126589,7,S2,1
sk_06,B109915,7,S2,1
fb_01,B121928,7,S3,1
fb_02,B112038,7,S3,1
fb_03,B145584,7,S3,1
fb_04,B126589,7,S3,1
fb_05,B109340,7,S3,1
fb_06,B109340,7,S3,1
sk_01,B126589,7,S3,1
sk_02,B109915,7,S3,1
sk_03,B126589,7,S3,1
sk_04,B109915,7,S3,1
sk_05,B126589,7,S3,1
sk_06,B120266,7,S3,1
fb_01,B123357,8,S1,1
fb_02,B112990,8,S1,1
fb_03,B68233,8,S1,1
fb_04,B127158,8,S1,1
fb_05,B109340,8,S1,1
fb_06,B109340,8,S1,1
ld_01,B127158,8,S1,1
ld_02,B127158,8,S1,1
ld_03,B126589,8,S1,1
ld_04,B109915,8,S1,1
ld_05,B126589,8,S1,1
ld_06,B109915,8,S1,1
pr_01,B109915,8,S1,1
pr_02,B109915,8,S1,1
pr_03,B126589,8,S1,1
pr_04,B120266,8,S1,1
pr_05,B109915,8,S1,1
pr_06,B126589,8,S1,1
sk_01,B127158,8,S1,1
sk_02,B127158,8,S1,1
sk_03,B127158,8,S1,1
sk_04,B127158,8,S1,1
sk_05,B127158,8,S1,1
sk_06,B126589,8,S1,1
fb_01,B109340,8,S2,1
fb_02,B113324,8,S2,1
fb_03,B107189,8,S2,1
fb_04,B126589,8,S2,1
fb_05,B109340,8,S2,1
fb_06,B109340,8,S2,1
ld_01,B126589,8,S2,1
ld_02,B108339,8,S2,1
ld_03,B108060,8,S2,1
ld_04,B108060,8,S2,1
pr_01,B126589,8,S2,1
pr_02,B127158,8,S2,1
pr_03,B127158,8,S2,1
pr_04,B126589,8,S2,1
pr_05,B127158,8,S2,1
pr_06,B114861,8,S2,1
sk_01,B126589,8,S2,1
sk_02,B109915,8,S2,1
sk_03,B109915,8,S2,1
sk_04,B126589,8,S2,1
sk_05,B120266,8,S2,1
sk_06,B120266,8,S2,1
fb_01,B124453,8,S3,1
fb_02,B114477,8,S3,1
fb_03,B109915,8,S3,1
fb_04,B127158,8,S3,1
fb_05,B109340,8,S3,1
fb_06,B109340,8,S3,1
pr_01,B127158,8,S3,1
sk_01,B120266,8,S3,1
sk_02,B120266,8,S3,1
sk_03,B126589,8,S3,1
sk_04,B126589,8,S3,1
sk_05,B110288,8,S3,1
sk_06,B110288,8,S3,1
fb_01,B124540,9,S1,1
fb_02,B120266,9,S1,1
fb_03,B110288,9,S1,1
fb_04,B126589,9,S1,1
fb_05,B109340,9,S1,1
fb_06,B109340,9,S1,1
ld_01,B127158,9,S1,1
ld_02,B127158,9,S1,1
ld_03,B127158,9,S1,1
ld_04,B109915,9,S1,1
ld_05,B109915,9,S1,1
ld_06,B126589,9,S1,1
pr_01,B120266,9,S1,1
pr_02,B110288,9,S1,1
pr_03,B109915,9,S1,1
pr_04,B126589,9,S1,1
pr_05,B120266,9,S1,1
pr_06,B126589,9,S1,1
sk_01,B107189,9,S1,1
sk_02,B68233,9,S1,1
sk_03,B68233,9,S1,1
sk_04,B68233,9,S1,1
sk_05,B68233,9,S1,1
sk_06,B127158,9,S1,1
fb_01,B126413,9,S2,1
fb_02,B121928,9,S2,1
fb_03,B110471,9,S2,1
fb_04,B127158,9,S2,1
fb_05,B109340,9,S2,1
fb_06,B109340,9,S2,1
ld_01,B126589,9,S2,1
ld_02,B109915,9,S2,1
ld_03,B126589,9,S2,1
ld_04,B109915,9,S2,1
pr_01,B126589,9,S2,1
pr_02,B126589,9,S2,1
pr_03,B127158,9,S2,1
pr_04,B127158,9,S2,1
pr_05,B127158,9,S2,1
pr_06,B127158,9,S2,1
sk_01,B127158,9,S2,1
sk_02,B127158,9,S2,1
sk_03,B127158,9,S2,1
sk_04,B127158,9,S2,1
sk_05,B109915,9,S2,1
sk_06,B109915,9,S2,1
fb_01,B126492,9,S3,1
fb_02,B126413,9,S3,1
fb_03,B113324,9,S3,1
fb_04,B126589,9,S3,1
fb_05,B109340,9,S3,1
fb_06,B124453,9,S3,1
sk_01,B109915,9,S3,1
sk_02,B109915,9,S3,1
sk_03,B126589,9,S3,1
sk_04,B126589,9,S3,1
sk_05,B126589,9,S3,1
sk_06,B110288,9,S3,1
fb_01,B126589,10,S1,1
fb_02,B126492,10,S1,1
fb_03,B120266,10,S1,1
fb_04,B127158,10,S1,1
fb_05,B124453,10,S1,1
fb_06,B124453,10,S1,1
ld_01,B127158,10,S1,1
ld_02,B127158,10,S1,1
ld_03,B127158,10,S1,1
ld_04,B127158,10,S1,1
ld_05,B126589,10,S1,1
ld_06,B109915,10,S1,1
pr_01,B68233,10,S1,1
pr_02,B68233,10,S1,1
pr_03,B109915,10,S1,1
pr_04,B109915,10,S1,1
pr_05,B126589,10,S1,1
pr_06,B126589,10,S1,1
sk_01,B127158,10,S1,1
sk_02,B127158,10,S1,1
sk_03,B126589,10,S1,1
sk_04,B127158,10,S1,1
sk_05,B126589,10,S1,1
sk_06,B126589,10,S1,1
fb_01,B126869,10,S2,1
fb_02,B126589,10,S2,1
fb_03,B126413,10,S2,1
fb_04,B126589,10,S2,1
fb_05,B124453,10,S2,1
fb_06,B124453,10,S2,1
ld_01,B126589,10,S2,1
ld_02,B126589,10,S2,1
ld_03,B126589,10,S2,1
ld_04,B120266,10,S2,1
ld_05,B120266,10,S2,1
ld_06,B110288,10,S2,1
pr_01,B127158,10,S2,1
pr_02,B127158,10,S2,1
pr_03,B127158,10,S2,1
pr_04,B127158,10,S2,1
pr_05,B107189,10,S2,1
sk_01,B126589,10,S2,1
sk_02,B120266,10,S2,1
sk_03,B120266,10,S2,1
sk_04,B126589,10,S2,1
sk_05,B110288,10,S2,1
sk_06,B110288,10,S2,1
fb_01,B127158,10,S3,1
fb_02,B126869,10,S3,1
fb_03,B126589,10,S3,1
fb_04,B127158,10,S3,1
fb_05,B121455,10,S3,1
fb_06,B121455,10,S3,1
sk_01,B110288,10,S3,1
sk_02,B110288,10,S3,1
sk_03,B120266,10,S3,1
sk_04,B126589,10,S3,1
sk_05,B126589,10,S3,1
sk_06,B120266,10,S3,1
fb_01,B121455,11,S1,1
fb_02,B127158,11,S1,1
fb_03,B126869,11,S1,1
fb_04,B126589,11,S1,1
fb_05,B121455,11,S1,1
fb_06,B121455,11,S1,1
ld_01,B127158,11,S1,1
ld_02,B127158,11,S1,1
ld_03,B127158,11,S1,1
ld_04,B109915,11,S1,1
ld_05,B109915,11,S1,1
ld_06,B126589,11,S1,1
pr_01,B110288,11,S1,1
pr_02,B110288,11,S1,1
pr_03,B120266,11,S1,1
pr_04,B120266,11,S1,1
pr_05,B120266,11,S1,1
pr_06,B126589,11,S1,1
sk_01,B127158,11,S1,1
sk_02,B127158,11,S1,1
sk_03,B127158,11,S1,1
sk_04,B127158,11,S1,1
sk_05,B127158,11,S1,1
sk_06,B127158,11,S1,1
fb_01,B145584,11,S2,1
fb_02,B145584,11,S2,1
fb_03,B127158,11,S2,1
fb_04,B127158,11,S2,1
fb_05,B121455,11,S2,1
fb_06,B121455,11,S2,1
ld_01,B68233,11,S2,1
ld_02,B68233,11,S2,1
pr_01,B126589,11,S2,1
pr_02,B126589,11,S2,1
pr_03,B126589,11,S2,1
pr_04,B126589,11,S2,1
pr_05,B127158,11,S2,1
pr_06,B127158,11,S2,1
sk_01,B127158,11,S2,1
sk_02,B126589,11,S2,1
sk_03,B126589,11,S2,1
sk_04,B126589,11,S2,1
sk_05,B126589,11,S2,1
sk_06,B126589,11,S2,1
fb_01,B42891,11,S3,1
fb_02,B42891,11,S3,1
fb_03,B145584,11,S3,1
fb_04,B126589,11,S3,1
fb_05,B121455,11,S3,1
fb_06,B121455,11,S3,1
sk_01,B126589,11,S3,1
sk_02,B126589,11,S3,1
sk_03,B126589,11,S3,1
sk_04,B126589,11,S3,1
sk_05,B126589,11,S3,1
sk_06,B126589,11,S3,1
fb_01,B44010,12,S1,1
fb_02,B44010,12,S1,1
fb_03,B68233,12,S1,1
fb_04,B127158,12,S1,1
fb_05,B121455,12,S1,1
fb_06,B109915,12,S1,1
ld_01,B127158,12,S1,1
ld_02,B127158,12,S1,1
ld_03,B120266,12,S1,1
ld_04,B126589,12,S1,1
ld_05,B126589,12,S1,1
ld_06,B126589,12,S1,1
pr_01,B126589,12,S1,1
pr_02,B126589,12,S1,1
pr_03,B126589,12,S1,1
pr_04,B126589,12,S1,1
pr_05,B126589,12,S1,1
pr_06,B126589,12,S1,1
sk_01,B42891,12,S1,1
sk_02,B42891,12,S1,1
sk_03,B127158,12,S1,1
sk_04,B127158,12,S1,1
sk_05,B127158,12,S1,1
sk_06,B127158,12,S1,1
fb_01,B45231,12,S2,1
fb_02,B55424,12,S2,1
fb_03,B107189,12,S2,1
fb_04,B126589,12,S2,1
fb_05,B109915,12,S2,1
fb_06,B109915,12,S2,1
ld_01,B110288,12,S2,1
ld_02,B110288,12,S2,1
ld_03,B126589,12,S2,1
ld_04,B120266,12,S2,1
ld_05,B126589,12,S2,1
ld_06,B120266,12,S2,1
pr_01,B126589,12,S2,1
pr_02,B126589,12,S2,1
pr_03,B127158,12,S2,1
pr_04,B127158,12,S2,1
pr_05,B127158,12,S2,1
pr_06,B127158,12,S2,1
sk_01,B127158,12,S2,1
sk_02,B127158,12,S2,1
sk_03,B127158,12,S2,1
sk_04,B126589,12,S2,1
sk_05,B127158,12,S2,1
sk_06,B126589,12,S2,1
fb_01,B53160,12,S3,1
fb_02,B68233,12,S3,1
fb_03,B109915,12,S3,1
fb_04,B127158,12,S3,1
fb_05,B109915,12,S3,1
fb_06,B109915,12,S3,1
pr_01,B127158,12,S3,1
sk_01,B126589,12,S3,1
sk_02,B126589,12,S3,1
sk_03,B126589,12,S3,1
sk_04,B126589,12,S3,1
sk_05,B120266,12,S3,1
sk_06,B120266,12,S3,1
fb_01,B55424,13,S1,1
fb_02,B107189,13,S1,1
fb_03,B110288,13,S1,1
fb_04,B126589,13,S1,1
fb_05,B109915,13,S1,1
fb_06,B109915,13,S1,1
ld_01,B127158,13,S1,1
ld_02,B127158,13,S1,1
ld_03,B127158,13,S1,1
ld_04,B127158,13,S1,1
ld_05,B126589,13,S1,1
ld_06,B126589,13,S1,1
pr_01,B120266,13,S1,1
pr_02,B126589,13,S1,1
pr_03,B126589,13,S1,1
pr_04,B126589,13,S1,1
pr_05,B126589,13,S1,1
pr_06,B127158,13,S1,1
sk_01,B45231,13,S1,1
sk_02,B107189,13,S1,1
sk_03,B53160,13,S1,1
sk_04,B44010,13,S1,1
sk_05,B44010,13,S1,1
sk_06,B44010,13,S1,1
fb_01,B65573,13,S2,1
fb_02,B108339,13,S2,1
fb_03,B110471,13,S2,1
fb_04,B127158,13,S2,1
fb_05,B109915,13,S2,1
fb_06,B109915,13,S2,1
ld_01,B126589,13,S2,1
ld_02,B126589,13,S2,1
ld_03,B126589,13,S2,1
ld_04,B126589,13,S2,1
pr_01,B127158,13,S2,1
pr_02,B127158,13,S2,1
pr_03,B127158,13,S2,1
pr_04,B127158,13,S2,1
pr_05,B127158,13,S2,1
pr_06,B42891,13,S2,1
sk_01,B44010,13,S2,1
sk_02,B55424,13,S2,1
sk_03,B55424,13,S2,1
sk_04,B107189,13,S2,1
sk_05,B68233,13,S2,1
sk_06,B68233,13,S2,1
fb_01,B68233,13,S3,1
fb_02,B109915,13,S3,1
fb_03,B113324,13,S3,1
fb_04,B126589,13,S3,1
fb_05,B109915,13,S3,1
fb_06,B109915,13,S3,1
pr_01,B42891,13,S3,1
pr_02,B42891,13,S3,1
sk_01,B68233,13,S3,1
sk_02,B68233,13,S3,1
sk_03,B68233,13,S3,1
sk_04,B68233,13,S3,1
sk_05,B127158,13,S3,1
sk_06,B127158,13,S3,1
fb_01,B107189,14,S1,1
fb_02,B109915,14,S1,1
fb_03,B120266,14,S1,1
fb_04,B127158,14,S1,1
fb_05,B109915,14,S1,1
fb_06,B109915,14,S1,1
ld_01,B127158,14,S1,1
ld_02,B127158,14,S1,1
ld_03,B120266,14,S1,1
ld_04,B127158,14,S1,1
ld_05,B127158,14,S1,1
ld_06,B127158,14,S1,1
pr_01,B68233,14,S1,1
pr_02,B68233,14,S1,1
pr_03,B68233,14,S1,1
pr_04,B68233,14,S1,1
pr_05,B45231,14,S1,1
pr_06,B44010,14,S1,1
sk_01,B65573,14,S1,1
sk_02,B107189,14,S1,1
sk_03,B65573,14,S1,1
sk_04,B55424,14,S1,1
sk_05,B108339,14,S1,1
sk_06,B108339,14,S1,1
fb_01,B108060,14,S2,1
fb_02,B110288,14,S2,1
fb_03,B126413,14,S2,1
fb_04,B126589,14,S2,1
fb_05,B109915,14,S2,1
fb_06,B109915,14,S2,1
ld_01,B126589,14,S2,1
ld_02,B126589,14,S2,1
ld_03,B126589,14,S2,1
ld_04,B126589,14,S2,1
ld_05,B42891,14,S2,1
ld_06,B42891,14,S2,1
pr_01,B44010,14,S2,1
pr_02,B44010,14,S2,1
pr_03,B44010,14,S2,1
pr_04,B127158,14,S2,1
pr_05,B107189,14,S2,1
pr_06,B53160,14,S2,1
sk_01,B107189,14,S2,1
sk_02,B68233,14,S2,1
sk_03,B68233,14,S2,1
sk_04,B68233,14,S2,1
sk_05,B68233,14,S2,1
sk_06,B127158,14,S2,1
fb_01,B108124,14,S3,1
fb_02,B110471,14,S3,1
fb_03,B126589,14,S3,1
fb_04,B127158,14,S3,1
fb_05,B109915,14,S3,1
fb_06,B109915,14,S3,1
pr_01,B55424,14,S3,1
pr_02,B55424,14,S3,1
pr_03,B127158,14,S3,1
sk_01,B127158,14,S3,1
sk_02,B127158,14,S3,1
sk_03,B127158,14,S3,1
sk_04,B127158,14,S3,1
sk_05,B127158,14,S3,1
sk_06,B109915,14,S3,1
fb_01,B108339,15,S1,1
fb_02,B111410,15,S1,1
fb_03,B127158,15,S1,1
fb_04,B126589,15,S1,1
fb_05,B109915,15,S1,1
fb_06,B109915,15,S1,1
ld_01,B127158,15,S1,1
ld_02,B68233,15,S1,1
ld_03,B68233,15,S1,1
ld_04,B68233,15,S1,1
ld_05,B68233,15,S1,1
ld_06,B68233,15,S1,1
pr_01,B65573,15,S1,1
pr_02,B68233,15,S1,1
pr_03,B68233,15,S1,1
pr_04,B109915,15,S1,1
pr_05,B127158,15,S1,1
pr_06,B127158,15,S1,1
sk_01,B108060,15,S1,1
sk_02,B107189,15,S1,1
sk_03,B107189,15,S1,1
sk_04,B108124,15,S1,1
sk_05,B108124,15,S1,1
sk_06,B108124,15,S1,1
fb_01,B109915,15,S2,1
fb_02,B109915,15,S2,1
fb_03,B145584,15,S2,1
fb_04,B127158,15,S2,1
fb_05,B109915,15,S2,1
fb_06,B109915,15,S2,1
ld_01,B44010,15,S2,1
ld_02,B107189,15,S2,1
ld_03,B55424,15,S2,1
ld_04,B44010,15,S2,1
ld_05,B44010,15,S2,1
ld_06,B44010,15,S2,1
pr_01,B127158,15,S2,1
pr_02,B127158,15,S2,1
pr_03,B107189,15,S2,1
pr_04,B107189,15,S2,1
pr_05,B108339,15,S2,1
pr_06,B108339,15,S2,1
sk_01,B127158,15,S2,1
sk_02,B127158,15,S2,1
sk_03,B127158,15,S2,1
sk_04,B127158,15,S2,1
sk_05,B127158,15,S2,1
sk_06,B109915,15,S2,1
fb_01,B109517,15,S3,1
fb_02,B112038,15,S3,1
fb_03,B68233,15,S3,1
fb_04,B126589,15,S3,1
fb_05,B109915,15,S3,1
fb_06,B109915,15,S3,1
ld_01,B45231,15,S3,1
pr_01,B55424,15,S3,1
sk_01,B109915,15,S3,1
sk_02,B109915,15,S3,1
sk_03,B109915,15,S3,1
sk_04,B109915,15,S3,1
sk_05,B109915,15,S3,1
sk_06,B109915,15,S3,1
fb_01,B109915,16,S1,1
fb_02,B112990,16,S1,1
fb_03,B107189,16,S1,1
fb_04,B127158,16,S1,1
fb_05,B109915,16,S1,1
fb_06,B109915,16,S1,1
ld_01,B127158,16,S1,1
ld_02,B55424,16,S1,1
ld_03,B127158,16,S1,1
ld_04,B127158,16,S1,1
ld_05,B127158,16,S1,1
ld_06,B109915,16,S1,1
pr_01,B109915,16,S1,1
pr_02,B109915,16,S1,1
pr_03,B109915,16,S1,1
pr_04,B109915,16,S1,1
pr_05,B108124,16,S1,1
pr_06,B108124,16,S1,1
sk_01,B109517,16,S1,1
sk_02,B109517,16,S1,1
sk_03,B108339,16,S1,1
sk_04,B108339,16,S1,1
sk_05,B68233,16,S1,1
sk_06,B68233,16,S1,1
fb_01,B110288,16,S2,1
fb_02,B113324,16,S2,1
fb_03,B109915,16,S2,1
fb_04,B126589,16,S2,1
fb_05,B109915,16,S2,1
fb_06,B109915,16,S2,1
ld_01,B68233,16,S2,1
ld_02,B107189,16,S2,1
ld_03,B68233,16,S2,1
ld_04,B107189,16,S2,1
ld_05,B108339,16,S2,1
ld_06,B65573,16,S2,1
pr_01,B108124,16,S2,1
pr_02,B127158,16,S2,1
pr_03,B127158,16,S2,1
pr_04,B127158,16,S2,1
pr_05,B108060,16,S2,1
pr_06,B107189,16,S2,1
sk_01,B68233,16,S2,1
sk_02,B127158,16,S2,1
sk_03,B127158,16,S2,1
sk_04,B127158,16,S2,1
sk_05,B127158,16,S2,1
sk_06,B127158,16,S2,1
fb_01,B110471,16,S3,1
fb_02,B114477,16,S3,1
fb_03,B110288,16,S3,1
fb_04,B127158,16,S3,1
fb_05,B109915,16,S3,1
fb_06,B109915,16,S3,1
pr_01,B107189,16,S3,1
pr_02,B127158,16,S3,1
sk_01,B109915,16,S3,1
sk_02,B109915,16,S3,1
sk_03,B109915,16,S3,1
sk_04,B109915,16,S3,1
sk_05,B109915,16,S3,1
sk_06,B109915,16,S3,1
fb_01,B111410,17,S1,1
fb_02,B120266,17,S1,1
fb_03,B110471,17,S1,1
fb_04,B126589,17,S1,1
fb_05,B109915,17,S1,1
fb_06,B109915,17,S1,1
ld_01,B127158,17,S1,1
ld_02,B127158,17,S1,1
ld_03,B127158,17,S1,1
ld_04,B109915,17,S1,1
ld_05,B109915,17,S1,1
ld_06,B109915,17,S1,1
pr_01,B68233,17,S1,1
pr_02,B68233,17,S1,1
pr_03,B109915,17,S1,1
pr_04,B109915,17,S1,1
pr_05,B109915,17,S1,1
pr_06,B109517,17,S1,1
sk_01,B107189,17,S1,1
sk_02,B127158,17,S1,1
sk_03,B127158,17,S1,1
sk_04,B127158,17,S1,1
sk_05,B127158,17,S1,1
sk_06,B127158,17,S1,1
fb_01,B109915,17,S2,1
fb_02,B121928,17,S2,1
fb_03,B113324,17,S2,1
fb_04,B127158,17,S2,1
fb_05,B109915,17,S2,1
fb_06,B109915,17,S2,1
ld_01,B109915,17,S2,1
ld_02,B107189,17,S2,1
ld_03,B108124,17,S2,1
ld_04,B108124,17,S2,1
ld_05,B108124,17,S2,1
ld_06,B108060,17,S2,1
pr_01,B109517,17,S2,1
pr_02,B127158,17,S2,1
pr_03,B127158,17,S2,1
pr_04,B127158,17,S2,1
pr_05,B127158,17,S2,1
pr_06,B108339,17,S2,1
sk_01,B109915,17,S2,1
sk_02,B109915,17,S2,1
sk_03,B109915,17,S2,1
sk_04,B109915,17,S2,1
sk_05,B109915,17,S2,1
sk_06,B109915,17,S2,1
fb_01,B109915,17,S3,1
fb_02,B126413,17,S3,1
fb_03,B120266,17,S3,1
fb_04,B126589,17,S3,1
fb_05,B109915,17,S3,1
fb_06,B109915,17,S3,1
pr_01,B108339,17,S3,1
sk_01,B109915,17,S3,1
sk_02,B109915,17,S3,1
sk_03,B109915,17,S3,1
sk_04,B109915,17,S3,1
sk_05,B109915,17,S3,1
sk_06,B109915,17,S3,1
fb_01,B112038,18,S1,1
fb_02,B126492,18,S1,1
fb_03,B126413,18,S1,1
fb_04,B127158,18,S1,1
fb_05,B109915,18,S1,1
fb_06,B109915,18,S1,1
ld_01,B127158,18,S1,1
ld_02,B127158,18,S1,1
ld_03,B127158,18,S1,1
ld_04,B68233,18,S1,1
ld_05,B109915,18,S1,1
ld_06,B109915,18,S1,1
pr_01,B109915,18,S1,1
pr_02,B109915,18,S1,1
pr_03,B109915,18,S1,1
pr_04,B109915,18,S1,1
pr_05,B109915,18,S1,1
pr_06,B109915,18,S1,1
sk_01,B127158,18,S1,1
sk_02,B127158,18,S1,1
sk_03,B109915,18,S1,1
sk_04,B126589,18,S1,1
sk_05,B109915,18,S1,1
sk_06,B126589,18,S1,1
fb_01,B112990,18,S2,1
fb_02,B126589,18,S2,1
fb_03,B126589,18,S2,1
fb_04,B109915,18,S2,1
fb_05,B109915,18,S2,1
fb_06,B109915,18,S2,1
ld_01,B109915,18,S2,1
ld_02,B109915,18,S2,1
ld_03,B68233,18,S2,1
ld_04,B108339,18,S2,1
ld_05,B108339,18,S2,1
ld_06,B109517,18,S2,1
pr_01,B109915,18,S2,1
pr_02,B127158,18,S2,1
pr_03,B127158,18,S2,1
pr_04,B127158,18,S2,1
pr_05,B107189,18,S2,1
sk_01,B109915,18,S2,1
sk_02,B126589,18,S2,1
sk_03,B109915,18,S2,1
sk_04,B126589,18,S2,1
sk_05,B109915,18,S2,1
sk_06,B126589,18,S2,1
fb_01,B113324,18,S3,1
fb_02,B126869,18,S3,1
fb_03,B127158,18,S3,1
fb_04,B127158,18,S3,1
fb_05,B109915,18,S3,1
fb_06,B109915,18,S3,1
ld_01,B109517,18,S3,1
sk_01,B126589,18,S3,1
sk_02,B109915,18,S3,1
sk_03,B126589,18,S3,1
sk_04,B109915,18,S3,1
sk_05,B109915,18,S3,1
sk_06,B126589,18,S3,1
fb_01,B114477,19,S1,1
fb_02,B127158,19,S1,1
fb_03,B145584,19,S1,1
fb_04,B126589,19,S1,1
fb_05,B109915,19,S1,1
fb_06,B109915,19,S1,1
ld_01,B127158,19,S1,1
ld_02,B127158,19,S1,1
ld_03,B127158,19,S1,1
ld_04,B109915,19,S1,1
ld_05,B109915,19,S1,1
ld_06,B109915,19,S1,1
pr_01,B109915,19,S1,1
pr_02,B109915,19,S1,1
pr_03,B109915,19,S1,1
pr_04,B109915,19,S1,1
pr_05,B126589,19,S1,1
pr_06,B126589,19,S1,1
sk_01,B127158,19,S1,1
sk_02,B127158,19,S1,1
sk_03,B127158,19,S1,1
sk_04,B127158,19,S1,1
sk_05,B127158,19,S1,1
sk_06,B127158,19,S1,1
fb_01,B114861,19,S2,1
fb_02,B145584,19,S2,1
fb_03,B68233,19,S2,1
fb_04,B127158,19,S2,1
fb_05,B109915,19,S2,1
fb_06,B109915,19,S2,1
ld_01,B109915,19,S2,1
ld_02,B109915,19,S2,1
ld_03,B109915,19,S2,1
ld_04,B109915,19,S2,1
ld_05,B107189,19,S2,1
ld_06,B109915,19,S2,1
pr_01,B126589,19,S2,1
pr_02,B126589,19,S2,1
pr_03,B126589,19,S2,1
pr_04,B126589,19,S2,1
pr_05,B127158,19,S2,1
pr_06,B127158,19,S2,1
sk_01,B127158,19,S2,1
sk_02,B127158,19,S2,1
sk_03,B126589,19,S2,1
sk_04,B109915,19,S2,1
sk_05,B126589,19,S2,1
sk_06,B109915,19,S2,1
fb_01,B120266,19,S3,1
fb_02,B42891,19,S3,1
fb_03,B107189,19,S3,1
fb_04,B126589,19,S3,1
fb_05,B109915,19,S3,1
fb_06,B109915,19,S3,1
sk_01,B126589,19,S3,1
sk_02,B109915,19,S3,1
sk_03,B109915,19,S3,1
sk_04,B126589,19,S3,1
sk_05,B109915,19,S3,1
sk_06,B126589,19,S3,1
fb_01,B109915,20,S1,1
fb_02,B44010,20,S1,1
fb_03,B109915,20,S1,1
fb_04,B127158,20,S1,1
fb_05,B109915,20,S1,1
fb_06,B109915,20,S1,1
ld_01,B127158,20,S1,1
ld_02,B126589,20,S1,1
ld_03,B109915,20,S1,1
ld_04,B126589,20,S1,1
ld_05,B109915,20,S1,1
ld_06,B126589,20,S1,1
pr_01,B109915,20,S1,1
pr_02,B109915,20,S1,1
pr_03,B109915,20,S1,1
pr_04,B126589,20,S1,1
pr_05,B126589,20,S1,1
pr_06,B126589,20,S1,1
sk_01,B68233,20,S1,1
sk_02,B68233,20,S1,1
sk_03,B42891,20,S1,1
sk_04,B107189,20,S1,1
sk_05,B107189,20,S1,1
sk_06,B114861,20,S1,1
fb_01,B109915,20,S2,1
fb_02,B55424,20,S2,1
fb_03,B110288,20,S2,1
fb_04,B126589,20,S2,1
fb_05,B109915,20,S2,1
fb_06,B109915,20,S2,1
ld_01,B126589,20,S2,1
ld_02,B109915,20,S2,1
ld_03,B109915,20,S2,1
ld_04,B126589,20,S2,1
pr_01,B126589,20,S2,1
pr_02,B127158,20,S2,1
pr_03,B127158,20,S2,1
pr_04,B127158,20,S2,1
pr_05,B127158,20,S2,1
pr_06,B127158,20,S2,1
sk_01,B114861,20,S2,1
sk_02,B68233,20,S2,1
sk_03,B127158,20,S2,1
sk_04,B127158,20,S2,1
sk_05,B127158,20,S2,1
sk_06,B127158,20,S2,1
fb_01,B121928,20,S3,1
fb_02,B68233,20,S3,1
fb_03,B110471,20,S3,1
fb_04,B127158,20,S3,1
fb_05,B109915,20,S3,1
fb_06,B109915,20,S3,1
pr_01,B127158,20,S3,1
sk_01,B127158,20,S3,1
sk_02,B126589,20,S3,1
sk_03,B109915,20,S3,1
sk_04,B126589,20,S3,1
sk_05,B109915,20,S3,1
sk_06,B109915,20,S3,1
fb_01,B123357,21,S1,1
fb_02,B107189,21,S1,1
fb_03,B113324,21,S1,1
fb_04,B126589,21,S1,1
fb_05,B109915,21,S1,1
fb_06,B109915,21,S1,1
ld_01,B127158,21,S1,1
ld_02,B127158,21,S1,1
ld_03,B127158,21,S1,1
ld_04,B127158,21,S1,1
ld_05,B127158,21,S1,1
ld_06,B109915,21,S1,1
pr_01,B68233,21,S1,1
pr_02,B109915,21,S1,1
pr_03,B126589,21,S1,1
pr_04,B109915,21,S1,1
pr_05,B127158,21,S1,1
pr_06,B127158,21,S1,1
sk_01,B68233,21,S1,1
sk_02,B68233,21,S1,1
sk_03,B44010,21,S1,1
sk_04,B44010,21,S1,1
sk_05,B55424,21,S1,1
sk_06,B55424,21,S1,1
fb_01,B109915,21,S2,1
fb_02,B108339,21,S2,1
fb_03,B120266,21,S2,1
fb_04,B127158,21,S2,1
fb_05,B109915,21,S2,1
fb_06,B109915,21,S2,1
ld_01,B126589,21,S2,1
ld_02,B109915,21,S2,1
ld_03,B126589,21,S2,1
ld_04,B109915,21,S2,1
ld_05,B126589,21,S2,1
pr_01,B127158,21,S2,1
pr_02,B127158,21,S2,1
pr_03,B107189,21,S2,1
pr_04,B114861,21,S2,1
pr_05,B114861,21,S2,1
pr_06,B42891,21,S2,1
sk_01,B68233,21,S2,1
sk_02,B68233,21,S2,1
sk_03,B127158,21,S2,1
sk_04,B127158,21,S2,1
sk_05,B127158,21,S2,1
sk_06,B127158,21,S2,1
fb_01,B109915,21,S3,1
fb_02,B109915,21,S3,1
fb_03,B126413,21,S3,1
fb_04,B126589,21,S3,1
fb_05,B109915,21,S3,1
fb_06,B109915,21,S3,1
sk_01,B127158,21,S3,1
sk_02,B126589,21,S3,1
sk_03,B109915,21,S3,1
sk_04,B126589,21,S3,1
sk_05,B109915,21,S3,1
sk_06,B126589,21,S3,1
fb_01,B124540,22,S1,1
fb_02,B109915,22,S1,1
fb_03,B126589,22,S1,1
fb_04,B127158,22,S1,1
fb_05,B121928,22,S1,1
fb_06,B121928,22,S1,1
ld_01,B127158,22,S1,1
ld_02,B127158,22,S1,1
ld_03,B127158,22,S1,1
ld_04,B127158,22,S1,1
ld_05,B109915,22,S1,1
ld_06,B126589,22,S1,1
pr_01,B68233,22,S1,1
pr_02,B68233,22,S1,1
pr_03,B109915,22,S1,1
pr_04,B44010,22,S1,1
pr_05,B44010,22,S1,1
pr_06,B126589,22,S1,1
sk_01,B108339,22,S1,1
sk_02,B108339,22,S1,1
sk_03,B107189,22,S1,1
sk_04,B107189,22,S1,1
sk_05,B127158,22,S1,1
sk_06,B127158,22,S1,1
fb_01,B126413,22,S2,1
fb_02,B110288,22,S2,1
fb_03,B127158,22,S2,1
fb_04,B126589,22,S2,1
fb_05,B121928,22,S2,1
fb_06,B121928,22,S2,1
ld_01,B107189,22,S2,1
ld_02,B114861,22,S2,1
ld_03,B114861,22,S2,1
ld_04,B109915,22,S2,1
ld_05,B68233,22,S2,1
ld_06,B109915,22,S2,1
pr_01,B126589,22,S2,1
pr_02,B126589,22,S2,1
pr_03,B127158,22,S2,1
pr_04,B127158,22,S2,1
pr_05,B55424,22,S2,1
pr_06,B55424,22,S2,1
sk_01,B126589,22,S2,1
sk_02,B109915,22,S2,1
sk_03,B127158,22,S2,1
sk_04,B109915,22,S2,1
sk_05,B126589,22,S2,1
sk_06,B109915,22,S2,1
fb_01,B126492,22,S3,1
fb_02,B110471,22,S3,1
fb_03,B145584,22,S3,1
fb_04,B127158,22,S3,1
fb_05,B121928,22,S3,1
fb_06,B121928,22,S3,1
ld_01,B114861,22,S3,1
pr_01,B55424,22,S3,1
pr_02,B127158,22,S3,1
sk_01,B126589,22,S3,1
sk_02,B109915,22,S3,1
sk_03,B126589,22,S3,1
sk_04,B109915,22,S3,1
sk_05,B126589,22,S3,1
sk_06,B109915,22,S3,1
fb_01,B126589,23,S1,1
fb_02,B111410,23,S1,1
fb_03,B68233,23,S1,1
fb_04,B126589,23,S1,1
fb_05,B121928,23,S1,1
fb_06,B121928,23,S1,1
ld_01,B127158,23,S1,1
ld_02,B127158,23,S1,1
ld_03,B126589,23,S1,1
ld_04,B126589,23,S1,1
ld_05,B109915,23,S1,1
ld_06,B126589,23,S1,1
pr_01,B109915,23,S1,1
pr_02,B109915,23,S1,1
pr_03,B109915,23,S1,1
pr_04,B126589,23,S1,1
pr_05,B126589,23,S1,1
pr_06,B126589,23,S1,1
sk_01,B127158,23,S1,1
sk_02,B127158,23,S1,1
sk_03,B127158,23,S1,1
sk_04,B127158,23,S1,1
sk_05,B127158,23,S1,1
sk_06,B127158,23,S1,1
fb_01,B126869,23,S2,1
fb_02,B110288,23,S2,1
fb_03,B107189,23,S2,1
fb_04,B127158,23,S2,1
fb_05,B110288,23,S2,1
fb_06,B110288,23,S2,1
ld_01,B68233,23,S2,1
ld_02,B68233,23,S2,1
ld_03,B68233,23,S2,1
ld_04,B55424,23,S2,1
ld_05,B55424,23,S2,1
ld_06,B44010,23,S2,1
pr_01,B127158,23,S2,1
pr_02,B127158,23,S2,1
pr_03,B127158,23,S2,1
pr_04,B107189,23,S2,1
pr_05,B107189,23,S2,1
pr_06,B108339,23,S2,1
sk_01,B127158,23,S2,1
sk_02,B126589,23,S2,1
sk_03,B126589,23,S2,1
sk_04,B109915,23,S2,1
sk_05,B109915,23,S2,1
sk_06,B126589,23,S2,1
fb_01,B127158,23,S3,1
fb_02,B112038,23,S3,1
fb_03,B110288,23,S3,1
fb_04,B126589,23,S3,1
fb_05,B110288,23,S3,1
fb_06,B110288,23,S3,1
ld_01,B44010,23,S3,1
pr_01,B108339,23,S3,1
sk_01,B126589,23,S3,1
sk_02,B109915,23,S3,1
sk_03,B109915,23,S3,1
sk_04,B126589,23,S3,1
sk_05,B109915,23,S3,1
sk_06,B126589,23,S3,1
fb_01,B110288,24,S1,1
fb_02,B112990,24,S1,1
fb_03,B110288,24,S1,1
fb_04,B127158,24,S1,1
fb_05,B110288,24,S1,1
fb_06,B110288,24,S1,1
ld_01,B127158,24,S1,1
ld_02,B127158,24,S1,1
ld_03,B127158,24,S1,1
ld_04,B109915,24,S1,1
ld_05,B126589,24,S1,1
ld_06,B109915,24,S1,1
pr_01,B109915,24,S1,1
pr_02,B109915,24,S1,1
pr_03,B109915,24,S1,1
pr_04,B126589,24,S1,1
pr_05,B126589,24,S1,1
pr_06,B126589,24,S1,1
sk_01,B145584,24,S1,1
sk_02,B145584,24,S1,1
sk_03,B107189,24,S1,1
sk_04,B107189,24,S1,1
sk_05,B68233,24,S1,1
sk_06,B68233,24,S1,1
fb_01,B145584,24,S2,1
fb_02,B113324,24,S2,1
fb_03,B110471,24,S2,1
fb_04,B126589,24,S2,1
fb_05,B110288,24,S2,1
fb_06,B110288,24,S2,1
ld_01,B109915,24,S2,1
ld_02,B107189,24,S2,1
ld_03,B108339,24,S2,1
ld_04,B126589,24,S2,1
pr_01,B126589,24,S2,1
pr_02,B126589,24,S2,1
pr_03,B127158,24,S2,1
pr_04,B127158,24,S2,1
pr_05,B127158,24,S2,1
pr_06,B127158,24,S2,1
sk_01,B145584,24,S2,1
sk_02,B68233,24,S2,1
sk_03,B127158,24,S2,1
sk_04,B127158,24,S2,1
sk_05,B127158,24,S2,1
sk_06,B127158,24,S2,1
fb_01,B42891,24,S3,1
fb_02,B114477,24,S3,1
fb_03,B113324,24,S3,1
fb_04,B127158,24,S3,1
fb_05,B110288,24,S3,1
fb_06,B110288,24,S3,1
pr_01,B127158,24,S3,1
sk_01,B145584,24,S3,1
sk_02,B145584,24,S3,1
sk_03,B127158,24,S3,1
sk_04,B126589,24,S3,1
sk_05,B109915,24,S3,1
sk_06,B126589,24,S3,1
fb_01,B44010,25,S1,1
fb_02,B120266,25,S1,1
fb_03,B120266,25,S1,1
fb_04,B126589,25,S1,1
fb_05,B110288,25,S1,1
fb_06,B110288,25,S1,1
ld_01,B127158,25,S1,1
ld_02,B127158,25,S1,1
ld_03,B127158,25,S1,1
ld_04,B127158,25,S1,1
ld_05,B126589,25,S1,1
ld_06,B109915,25,S1,1
pr_01,B68233,25,S1,1
pr_02,B68233,25,S1,1
pr_03,B145584,25,S1,1
pr_04,B145584,25,S1,1
pr_05,B145584,25,S1,1
pr_06,B126589,25,S1,1
sk_01,B145584,25,S1,1
sk_02,B145584,25,S1,1
sk_03,B42891,25,S1,1
sk_04,B127158,25,S1,1
sk_05,B127158,25,S1,1
sk_06,B127158,25,S1,1
fb_01,B45231,25,S2,1
fb_02,B126413,25,S2,1
fb_03,B126589,25,S2,1
fb_04,B127158,25,S2,1
fb_05,B110288,25,S2,1
fb_06,B110288,25,S2,1
ld_01,B126589,25,S2,1
ld_02,B109915,25,S2,1
ld_03,B126589,25,S2,1
ld_04,B109915,25,S2,1
ld_05,B126589,25,S2,1
pr_01,B127158,25,S2,1
pr_02,B127158,25,S2,1
pr_03,B127158,25,S2,1
pr_04,B127158,25,S2,1
pr_05,B107189,25,S2,1
pr_06,B107189,25,S2,1
sk_01,B145584,25,S2,1
sk_02,B127158,25,S2,1
sk_03,B127158,25,S2,1
sk_04,B109915,25,S2,1
sk_05,B126589,25,S2,1
sk_06,B109915,25,S2,1
fb_01,B53160,25,S3,1
fb_02,B126492,25,S3,1
fb_03,B127158,25,S3,1
fb_04,B126589,25,S3,1
fb_05,B110288,25,S3,1
fb_06,B110288,25,S3,1
sk_01,B126589,25,S3,1
sk_02,B109915,25,S3,1
sk_03,B127158,25,S3,1
sk_04,B109915,25,S3,1
sk_05,B126589,25,S3,1
sk_06,B109915,25,S3,1
fb_01,B55424,26,S1,1
fb_02,B126589,26,S1,1
fb_03,B145584,26,S1,1
fb_04,B127158,26,S1,1
fb_05,B110288,26,S1,1
fb_06,B110288,26,S1,1
ld_01,B127158,26,S1,1
ld_02,B127158,26,S1,1
ld_03,B127158,26,S1,1
ld_04,B126589,26,S1,1
ld_05,B145584,26,S1,1
ld_06,B145584,26,S1,1
pr_01,B109915,26,S1,1
pr_02,B109915,26,S1,1
pr_03,B145584,26,S1,1
pr_04,B109915,26,S1,1
pr_05,B145584,26,S1,1
pr_06,B126589,26,S1,1
sk_01,B45231,26,S1,1
sk_02,B53160,26,S1,1
sk_03,B44010,26,S1,1
sk_04,B127158,26,S1,1
sk_05,B127158,26,S1,1
sk_06,B127158,26,S1,1
fb_01,B65573,26,S2,1
fb_02,B126869,26,S2,1
fb_03,B68233,26,S2,1
fb_04,B126589,26,S2,1
fb_05,B110288,26,S2,1
fb_06,B110288,26,S2,1
ld_01,B68233,26,S2,1
ld_02,B68233,26,S2,1
ld_03,B107189,26,S2,1
ld_04,B107189,26,S2,1
pr_01,B126589,26,S2,1
pr_02,B127158,26,S2,1
pr_03,B127158,26,S2,1
pr_04,B127158,26,S2,1
pr_05,B127158,26,S2,1
pr_06,B42891,26,S2,1
sk_01,B127158,26,S2,1
sk_02,B127158,26,S2,1
sk_03,B126589,26,S2,1
sk_04,B109915,26,S2,1
sk_05,B126589,26,S2,1
sk_06,B109915,26,S2,1
fb_01,B68233,26,S3,1
fb_02,B127158,26,S3,1
fb_03,B107189,26,S3,1
fb_04,B127158,26,S3,1
fb_05,B110288,26,S3,1
fb_06,B110288,26,S3,1
pr_01,B42891,26,S3,1
sk_01,B126589,26,S3,1
sk_02,B126589,26,S3,1
sk_03,B109915,26,S3,1
sk_04,B109915,26,S3,1
sk_05,B126589,26,S3,1
sk_06,B109915,26,S3,1
fb_01,B107189,27,S1,1
fb_02,B145584,27,S1,1
fb_03,B110288,27,S1,1
fb_04,B126589,27,S1,1
fb_05,B110288,27,S1,1
fb_06,B110288,27,S1,1
ld_01,B127158,27,S1,1
ld_02,B127158,27,S1,1
ld_03,B127158,27,S1,1
ld_04,B109915,27,S1,1
ld_05,B109915,27,S1,1
ld_06,B126589,27,S1,1
pr_01,B109915,27,S1,1
pr_02,B45231,27,S1,1
pr_03,B44010,27,S1,1
pr_04,B126589,27,S1,1
pr_05,B109915,27,S1,1
pr_06,B109915,27,S1,1
sk_01,B145584,27,S1,1
sk_02,B65573,27,S1,1
sk_03,B65573,27,S1,1
sk_04,B55424,27,S1,1
sk_05,B107189,27,S1,1
sk_06,B68233,27,S1,1
fb_01,B108060,27,S2,1
fb_02,B42891,27,S2,1
fb_03,B110288,27,S2,1
fb_04,B127158,27,S2,1
fb_05,B110288,27,S2,1
fb_06,B110288,27,S2,1
ld_01,B109915,27,S2,1
ld_02,B126589,27,S2,1
ld_03,B109915,27,S2,1
ld_04,B145584,27,S2,1
ld_05,B145584,27,S2,1
ld_06,B42891,27,S2,1
pr_01,B127158,27,S2,1
pr_02,B126589,27,S2,1
pr_03,B126589,27,S2,1
pr_04,B126589,27,S2,1
pr_05,B127158,27,S2,1
pr_06,B53160,27,S2,1
sk_01,B68233,27,S2,1
sk_02,B68233,27,S2,1
sk_03,B68233,27,S2,1
sk_04,B68233,27,S2,1
sk_05,B68233,27,S2,1
sk_06,B68233,27,S2,1
fb_01,B108124,27,S3,1
fb_02,B44010,27,S3,1
fb_03,B110471,27,S3,1
fb_04,B126589,27,S3,1
fb_05,B110288,27,S3,1
fb_06,B110288,27,S3,1
ld_01,B42891,27,S3,1
pr_01,B53160,27,S3,1
pr_02,B127158,27,S3,1
pr_03,B127158,27,S3,1
sk_01,B127158,27,S3,1
sk_02,B127158,27,S3,1
sk_03,B127158,27,S3,1
sk_04,B127158,27,S3,1
sk_05,B127158,27,S3,1
sk_06,B127158,27,S3,1
fb_01,B108339,28,S1,1
fb_02,B55424,28,S1,1
fb_03,B113324,28,S1,1
fb_04,B127158,28,S1,1
fb_05,B110288,28,S1,1
fb_06,B110288,28,S1,1
ld_01,B53160,28,S1,1
ld_02,B127158,28,S1,1
ld_03,B127158,28,S1,1
ld_04,B126589,28,S1,1
ld_05,B126589,28,S1,1
ld_06,B109915,28,S1,1
pr_01,B65573,28,S1,1
pr_02,B65573,28,S1,1
pr_03,B68233,28,S1,1
pr_04,B68233,28,S1,1
pr_05,B68233,28,S1,1
pr_06,B68233,28,S1,1
sk_01,B145584,28,S1,1
sk_02,B145584,28,S1,1
sk_03,B42891,28,S1,1
sk_04,B44010,28,S1,1
sk_05,B44010,28,S1,1
sk_06,B108060,28,S1,1
fb_01,B110288,28,S2,1
fb_02,B68233,28,S2,1
fb_03,B120266,28,S2,1
fb_04,B127158,28,S2,1
fb_05,B110288,28,S2,1
fb_06,B110288,28,S2,1
ld_01,B109915,28,S2,1
ld_02,B126589,28,S2,1
ld_03,B109915,28,S2,1
ld_04,B44010,28,S2,1
ld_05,B53160,28,S2,1
ld_06,B45231,28,S2,1
pr_01,B145584,28,S2,1
pr_02,B127158,28,S2,1
pr_03,B127158,28,S2,1
pr_04,B127158,28,S2,1
pr_05,B127158,28,S2,1
pr_06,B107189,28,S2,1
sk_01,B108060,28,S2,1
sk_02,B108124,28,S2,1
sk_03,B108124,28,S2,1
sk_04,B107189,28,S2,1
sk_05,B107189,28,S2,1
sk_06,B127158,28,S2,1
fb_01,B109517,28,S3,1
fb_02,B107189,28,S3,1
fb_03,B126589,28,S3,1
fb_04,B127158,28,S3,1
fb_05,B110288,28,S3,1
fb_06,B110288,28,S3,1
ld_01,B127158,28,S3,1
ld_02,B127158,28,S3,1
pr_01,B55424,28,S3,1
sk_01,B127158,28,S3,1
sk_02,B127158,28,S3,1
sk_03,B127158,28,S3,1
sk_04,B126589,28,S3,1
sk_05,B109915,28,S3,1
sk_06,B109915,28,S3,1
fb_01,B110288,29,S1,1
fb_02,B108339,29,S1,1
fb_03,B127158,29,S1,1
fb_04,B127158,29,S1,1
fb_05,B65573,29,S1,1
fb_06,B65573,29,S1,1
ld_01,B127158,29,S1,1
ld_02,B127158,29,S1,1
ld_03,B127158,29,S1,1
ld_04,B145584,29,S1,1
ld_05,B68233,29,S1,1
ld_06,B68233,29,S1,1
pr_01,B108124,29,S1,1
pr_02,B44010,29,S1,1
pr_03,B44010,29,S1,1
pr_04,B145584,29,S1,1
pr_05,B126589,29,S1,1
pr_06,B109915,29,S1,1
sk_01,B109517,29,S1,1
sk_02,B109517,29,S1,1
sk_03,B55424,29,S1,1
sk_04,B55424,29,S1,1
sk_05,B108339,29,S1,1
sk_06,B108339,29,S1,1
fb_01,B68233,29,S2,1
fb_02,B68233,29,S2,1
fb_03,B145584,29,S2,1
fb_04,B127158,29,S2,1
fb_05,B68233,29,S2,1
fb_06,B68233,29,S2,1
ld_01,B68233,29,S2,1
ld_02,B68233,29,S2,1
ld_03,B68233,29,S2,1
ld_04,B107189,29,S2,1
ld_05,B55424,29,S2,1
ld_06,B65573,29,S2,1
pr_01,B127158,29,S2,1
pr_02,B127158,29,S2,1
pr_03,B108060,29,S2,1
pr_04,B108060,29,S2,1
pr_05,B127158,29,S2,1
pr_06,B107189,29,S2,1
sk_01,B107189,29,S2,1
sk_02,B107189,29,S2,1
sk_03,B68233,29,S2,1
sk_04,B68233,29,S2,1
sk_05,B68233,29,S2,1
sk_06,B127158,29,S2,1
fb_01,B110471,29,S3,1
fb_02,B68233,29,S3,1
fb_03,B68233,29,S3,1
fb_04,B127158,29,S3,1
fb_05,B68233,29,S3,1
fb_06,B68233,29,S3,1
ld_01,B65573,29,S3,1
ld_02,B65573,29,S3,1
pr_01,B42891,29,S3,1
pr_02,B107189,29,S3,1
sk_01,B127158,29,S3,1
sk_02,B127158,29,S3,1
sk_03,B127158,29,S3,1
sk_04,B127158,29,S3,1
sk_05,B127158,29,S3,1
sk_06,B127158,29,S3,1
fb_01,B111410,30,S1,1
fb_02,B68233,30,S1,1
fb_03,B107189,30,S1,1
fb_04,B127158,30,S1,1
fb_05,B68233,30,S1,1
fb_06,B68233,30,S1,1
ld_01,B44010,30,S1,1
ld_02,B127158,30,S1,1
ld_03,B127158,30,S1,1
ld_04,B109915,30,S1,1
ld_05,B107189,30,S1,1
ld_06,B126589,30,S1,1
pr_01,B68233,30,S1,1
pr_02,B68233,30,S1,1
pr_03,B109517,30,S1,1
pr_04,B109517,30,S1,1
pr_05,B127158,30,S1,1
pr_06,B127158,30,S1,1
sk_01,B145584,30,S1,1
sk_02,B145584,30,S1,1
sk_03,B65573,30,S1,1
sk_04,B65573,30,S1,1
sk_05,B65573,30,S1,1
sk_06,B108339,30,S1,1
fb_01,B68233,30,S2,1
fb_02,B110471,30,S2,1
fb_03,B68233,30,S2,1
fb_04,B127158,30,S2,1
fb_05,B68233,30,S2,1
fb_06,B68233,30,S2,1
ld_01,B108124,30,S2,1
ld_02,B44010,30,S2,1
ld_03,B108060,30,S2,1
ld_04,B145584,30,S2,1
pr_01,B127158,30,S2,1
pr_02,B127158,30,S2,1
pr_03,B127158,30,S2,1
pr_04,B107189,30,S2,1
pr_05,B108339,30,S2,1
pr_06,B127158,30,S2,1
sk_01,B68233,30,S2,1
sk_02,B68233,30,S2,1
sk_03,B68233,30,S2,1
sk_04,B68233,30,S2,1
sk_05,B68233,30,S2,1
sk_06,B68233,30,S2,1
fb_01,B112038,30,S3,1
fb_02,B111410,30,S3,1
fb_03,B68233,30,S3,1
fb_04,B127158,30,S3,1
fb_05,B68233,30,S3,1
fb_06,B68233,30,S3,1
pr_01,B55424,30,S3,1
pr_02,B55424,30,S3,1
pr_03,B108339,30,S3,1
pr_04,B55424,30,S3,1
sk_01,B68233,30,S3,1
sk_02,B68233,30,S3,1
sk_03,B68233,30,S3,1
sk_04,B68233,30,S3,1
sk_05,B68233,30,S3,1
sk_06,B68233,30,S3,1
fb_01,B112990,31,S1,1
fb_02,B68233,31,S1,1
fb_03,B110471,31,S1,1
fb_04,B127158,31,S1,1
fb_05,B68233,31,S1,1
fb_06,B68233,31,S1,1
ld_01,B127158,31,S1,1
ld_02,B127158,31,S1,1
ld_03,B127158,31,S1,1
ld_04,B127158,31,S1,1
ld_05,B127158,31,S1,1
ld_06,B68233,31,S1,1
pr_01,B65573,31,S1,1
pr_02,B65573,31,S1,1
pr_03,B65573,31,S1,1
pr_04,B145584,31,S1,1
pr_05,B145584,31,S1,1
pr_06,B68233,31,S1,1
sk_01,B107189,31,S1,1
sk_02,B107189,31,S1,1
sk_03,B68233,31,S1,1
sk_04,B68233,31,S1,1
sk_05,B68233,31,S1,1
sk_06,B68233,31,S1,1
fb_01,B113324,31,S2,1
fb_02,B112038,31,S2,1
fb_03,B113324,31,S2,1
fb_04,B127158,31,S2,1
fb_05,B68233,31,S2,1
fb_06,B68233,31,S2,1
ld_01,B107189,31,S2,1
ld_02,B55424,31,S2,1
ld_03,B68233,31,S2,1
ld_04,B108339,31,S2,1
ld_05,B109517,31,S2,1
ld_06,B109517,31,S2,1
pr_01,B68233,31,S2,1
pr_02,B68233,31,S2,1
pr_03,B68233,31,S2,1
pr_04,B68233,31,S2,1
pr_05,B68233,31,S2,1
pr_06,B68233,31,S2,1
sk_01,B68233,31,S2,1
sk_02,B68233,31,S2,1
sk_03,B68233,31,S2,1
sk_04,B68233,31,S2,1
sk_05,B68233,31,S2,1
sk_06,B68233,31,S2,1
fb_01,B114477,31,S3,1
fb_02,B112990,31,S3,1
fb_03,B120266,31,S3,1
fb_04,B127158,31,S3,1
fb_05,B45231,31,S3,1
fb_06,B45231,31,S3,1
ld_01,B55424,31,S3,1
pr_01,B108339,31,S3,1
sk_01,B68233,31,S3,1
sk_02,B68233,31,S3,1
sk_03,B68233,31,S3,1
sk_04,B68233,31,S3,1
sk_05,B68233,31,S3,1
sk_06,B68233,31,S3,1
fb_01,B120266,32,S1,1
fb_02,B113324,32,S1,1
fb_03,B126589,32,S1,1
fb_04,B127158,32,S1,1
fb_05,B108124,32,S1,1
fb_06,B108124,32,S1,1
ld_01,B145584,32,S1,1
ld_02,B68233,32,S1,1
ld_03,B68233,32,S1,1
ld_04,B68233,32,S1,1
ld_05,B68233,32,S1,1
ld_06,B68233,32,S1,1
pr_01,B68233,32,S1,1
pr_02,B68233,32,S1,1
pr_03,B68233,32,S1,1
pr_04,B68233,32,S1,1
pr_05,B68233,32,S1,1
pr_06,B68233,32,S1,1
sk_01,B68233,32,S1,1
sk_02,B68233,32,S1,1
sk_03,B45231,32,S1,1
sk_04,B45231,32,S1,1
sk_05,B45231,32,S1,1
sk_06,B68233,32,S1,1
fb_01,B108124,32,S2,1
fb_02,B114477,32,S2,1
fb_03,B127158,32,S2,1
fb_04,B127158,32,S2,1
fb_05,B108124,32,S2,1
fb_06,B108124,32,S2,1
ld_01,B68233,32,S2,1
ld_02,B68233,32,S2,1
ld_03,B68233,32,S2,1
ld_04,B108339,32,S2,1
ld_05,B65573,32,S2,1
ld_06,B65573,32,S2,1
pr_01,B68233,32,S2,1
pr_02,B68233,32,S2,1
pr_03,B68233,32,S2,1
pr_04,B107189,32,S2,1
pr_05,B107189,32,S2,1
sk_01,B68233,32,S2,1
sk_02,B68233,32,S2,1
sk_03,B68233,32,S2,1
sk_04,B68233,32,S2,1
sk_05,B68233,32,S2,1
sk_06,B68233,32,S2,1
fb_01,B108124,32,S3,1
fb_02,B120266,32,S3,1
fb_03,B145584,32,S3,1
fb_04,B127158,32,S3,1
fb_05,B108124,32,S3,1
fb_06,B108124,32,S3,1
ld_01,B65573,32,S3,1
ld_02,B65573,32,S3,1
sk_01,B68233,32,S3,1
sk_02,B68233,32,S3,1
sk_03,B68233,32,S3,1
sk_04,B68233,32,S3,1
sk_05,B68233,32,S3,1
sk_06,B68233,32,S3,1
fb_01,B123357,33,S1,1
fb_02,B126413,33,S1,1
fb_03,B107189,33,S1,1
fb_04,B127158,33,S1,1
fb_05,B111410,33,S1,1
fb_06,B111410,33,S1,1
ld_01,B68233,33,S1,1
ld_02,B68233,33,S1,1
ld_03,B68233,33,S1,1
ld_04,B68233,33,S1,1
ld_05,B68233,33,S1,1
ld_06,B68233,33,S1,1
pr_01,B68233,33,S1,1
pr_02,B68233,33,S1,1
pr_03,B68233,33,S1,1
pr_04,B68233,33,S1,1
pr_05,B68233,33,S1,1
pr_06,B68233,33,S1,1
sk_01,B145584,33,S1,1
sk_02,B145584,33,S1,1
sk_03,B108124,33,S1,1
sk_04,B108124,33,S1,1
sk_05,B108124,33,S1,1
sk_06,B108124,33,S1,1
fb_01,B111410,33,S2,1
fb_02,B126589,33,S2,1
fb_03,B111410,33,S2,1
fb_04,B127158,33,S2,1
fb_05,B111410,33,S2,1
fb_06,B111410,33,S2,1
ld_01,B107189,33,S2,1
ld_02,B68233,33,S2,1
ld_03,B107189,33,S2,1
ld_04,B68233,33,S2,1
ld_05,B68233,33,S2,1
ld_06,B68233,33,S2,1
pr_01,B68233,33,S2,1
pr_02,B68233,33,S2,1
pr_03,B45231,33,S2,1
pr_04,B45231,33,S2,1
pr_05,B45231,33,S2,1
pr_06,B45231,33,S2,1
sk_01,B108124,33,S2,1
sk_02,B108124,33,S2,1
sk_03,B108124,33,S2,1
sk_04,B108124,33,S2,1
sk_05,B108124,33,S2,1
sk_06,B108124,33,S2,1
fb_01,B111410,33,S3,1
fb_02,B126869,33,S3,1
fb_03,B111410,33,S3,1
fb_04,B127158,33,S3,1
fb_05,B111410,33,S3,1
fb_06,B111410,33,S3,1
pr_01,B45231,33,S3,1
sk_01,B108124,33,S3,1
sk_02,B108124,33,S3,1
sk_03,B108124,33,S3,1
sk_04,B108124,33,S3,1
sk_05,B68233,33,S3,1
sk_06,B129183,33,S3,1
fb_01,B124540,34,S1,1
fb_02,B127158,34,S1,1
fb_03,B113324,34,S1,1
fb_04,B127158,34,S1,1
fb_05,B111410,34,S1,1
fb_06,B111410,34,S1,1
ld_01,B68233,34,S1,1
ld_02,B68233,34,S1,1
ld_03,B68233,34,S1,1
ld_04,B68233,34,S1,1
ld_05,B68233,34,S1,1
ld_06,B68233,34,S1,1
pr_01,B68233,34,S1,1
pr_02,B108124,34,S1,1
pr_03,B108124,34,S1,1
pr_04,B145584,34,S1,1
pr_05,B108124,34,S1,1
pr_06,B108124,34,S1,1
sk_01,B129183,34,S1,1
sk_02,B129183,34,S1,1
sk_03,B108124,34,S1,1
sk_04,B108124,34,S1,1
sk_05,B108124,34,S1,1
sk_06,B108124,34,S1,1
fb_01,B126413,34,S2,1
fb_02,B145584,34,S2,1
fb_03,B120266,34,S2,1
fb_04,B127158,34,S2,1
fb_05,B111410,34,S2,1
fb_06,B111410,34,S2,1
ld_01,B68233,34,S2,1
ld_02,B68233,34,S2,1
ld_03,B68233,34,S2,1
ld_04,B45231,34,S2,1
ld_05,B45231,34,S2,1
ld_06,B45231,34,S2,1
pr_01,B108124,34,S2,1
pr_02,B108124,34,S2,1
pr_03,B108124,34,S2,1
pr_04,B108124,34,S2,1
pr_05,B108124,34,S2,1
pr_06,B108124,34,S2,1
sk_01,B129183,34,S2,1
sk_02,B129183,34,S2,1
sk_03,B108124,34,S2,1
sk_04,B68233,34,S2,1
sk_05,B108124,34,S2,1
sk_06,B107189,34,S2,1
fb_01,B126492,34,S3,1
fb_02,B42891,34,S3,1
fb_03,B126589,34,S3,1
fb_04,B127158,34,S3,1
fb_05,B111410,34,S3,1
fb_06,B113324,34,S3,1
ld_01,B45231,34,S3,1
ld_02,B45231,34,S3,1
pr_01,B108124,34,S3,1
pr_02,B108124,34,S3,1
sk_01,B129183,34,S3,1
sk_02,B129183,34,S3,1
sk_03,B68233,34,S3,1
sk_04,B68233,34,S3,1
sk_05,B68233,34,S3,1
sk_06,B68233,34,S3,1
fb_01,B126589,35,S1,1
fb_02,B55424,35,S1,1
fb_03,B127158,35,S1,1
fb_04,B127158,35,S1,1
fb_05,B113324,35,S1,1
fb_06,B113324,35,S1,1
ld_01,B145584,35,S1,1
ld_02,B108124,35,S1,1
ld_03,B68233,35,S1,1
ld_04,B108124,35,S1,1
ld_05,B108124,35,S1,1
ld_06,B108124,35,S1,1
pr_01,B129183,35,S1,1
pr_02,B129183,35,S1,1
pr_03,B129183,35,S1,1
pr_04,B68233,35,S1,1
pr_05,B68233,35,S1,1
pr_06,B108124,35,S1,1
sk_01,B129183,35,S1,1
sk_02,B129183,35,S1,1
sk_03,B42891,35,S1,1
sk_04,B68233,35,S1,1
sk_05,B68233,35,S1,1
sk_06,B42891,35,S1,1
fb_01,B126869,35,S2,1
fb_02,B113324,35,S2,1
fb_03,B145584,35,S2,1
fb_04,B127158,35,S2,1
fb_05,B113324,35,S2,1
fb_06,B113324,35,S2,1
ld_01,B108124,35,S2,1
ld_02,B108124,35,S2,1
ld_03,B108124,35,S2,1
ld_04,B108124,35,S2,1
ld_05,B108124,35,S2,1
ld_06,B108124,35,S2,1
pr_01,B108124,35,S2,1
pr_02,B108124,35,S2,1
pr_03,B68233,35,S2,1
pr_04,B108124,35,S2,1
pr_05,B108124,35,S2,1
pr_06,B108124,35,S2,1
sk_01,B127158,35,S2,1
sk_02,B68233,35,S2,1
sk_03,B68233,35,S2,1
sk_04,B68233,35,S2,1
sk_05,B68233,35,S2,1
sk_06,B68233,35,S2,1
fb_01,B127158,35,S3,1
fb_02,B107189,35,S3,1
fb_03,B107189,35,S3,1
fb_04,B127158,35,S3,1
fb_05,B113324,35,S3,1
fb_06,B113324,35,S3,1
ld_01,B108124,35,S3,1
ld_02,B108124,35,S3,1
pr_01,B107189,35,S3,1
sk_01,B68233,35,S3,1
sk_02,B68233,35,S3,1
sk_03,B68233,35,S3,1
sk_04,B68233,35,S3,1
sk_05,B68233,35,S3,1
sk_06,B68233,35,S3,1
fb_01,B113324,36,S1,1
fb_02,B108339,36,S1,1
fb_03,B113324,36,S1,1
fb_04,B127158,36,S1,1
fb_05,B113324,36,S1,1
fb_06,B113324,36,S1,1
ld_01,B68233,36,S1,1
ld_02,B68233,36,S1,1
ld_03,B68233,36,S1,1
ld_04,B68233,36,S1,1
ld_05,B129183,36,S1,1
ld_06,B129183,36,S1,1
pr_01,B129183,36,S1,1
pr_02,B68233,36,S1,1
pr_03,B68233,36,S1,1
pr_04,B68233,36,S1,1
pr_05,B68233,36,S1,1
pr_06,B68233,36,S1,1
sk_01,B127158,36,S1,1
sk_02,B55424,36,S1,1
sk_03,B107189,36,S1,1
sk_04,B107189,36,S1,1
sk_05,B107189,36,S1,1
sk_06,B107189,36,S1,1
fb_01,B145584,36,S2,1
fb_02,B113324,36,S2,1
fb_03,B113324,36,S2,1
fb_04,B127158,36,S2,1
fb_05,B113324,36,S2,1
fb_06,B113324,36,S2,1
ld_01,B108124,36,S2,1
ld_02,B129183,36,S2,1
ld_03,B108124,36,S2,1
ld_04,B108124,36,S2,1
ld_05,B108124,36,S2,1
ld_06,B108124,36,S2,1
pr_01,B68233,36,S2,1
pr_02,B68233,36,S2,1
pr_03,B42891,36,S2,1
pr_04,B42891,36,S2,1
pr_05,B42891,36,S2,1
sk_01,B127158,36,S2,1
sk_02,B68233,36,S2,1
sk_03,B68233,36,S2,1
sk_04,B68233,36,S2,1
sk_05,B68233,36,S2,1
sk_06,B68233,36,S2,1
fb_01,B42891,36,S3,1
fb_02,B113324,36,S3,1
fb_03,B113324,36,S3,1
fb_04,B127158,36,S3,1
fb_05,B113324,36,S3,1
fb_06,B113324,36,S3,1
ld_01,B108124,36,S3,1
sk_01,B127158,36,S3,1
sk_02,B68233,36,S3,1
sk_03,B68233,36,S3,1
sk_04,B68233,36,S3,1
sk_05,B68233,36,S3,1
sk_06,B68233,36,S3,1
fb_01,B44010,37,S1,1
fb_02,B113324,37,S1,1
fb_03,B120266,37,S1,1
fb_04,B127158,37,S1,1
fb_05,B113324,37,S1,1
fb_06,B113324,37,S1,1
ld_01,B42891,37,S1,1
ld_02,B42891,37,S1,1
ld_03,B68233,37,S1,1
ld_04,B68233,37,S1,1
ld_05,B68233,37,S1,1
ld_06,B68233,37,S1,1
pr_01,B68233,37,S1,1
pr_02,B68233,37,S1,1
pr_03,B68233,37,S1,1
pr_04,B68233,37,S1,1
pr_05,B68233,37,S1,1
pr_06,B68233,37,S1,1
sk_01,B127158,37,S1,1
sk_02,B42891,37,S1,1
sk_03,B108339,37,S1,1
sk_04,B108339,37,S1,1
sk_05,B68233,37,S1,1
sk_06,B68233,37,S1,1
fb_01,B126869,37,S2,1
fb_02,B110471,37,S2,1
fb_03,B126589,37,S2,1
fb_04,B127158,37,S2,1
fb_05,B126869,37,S2,1
fb_06,B126869,37,S2,1
ld_01,B68233,37,S2,1
ld_02,B68233,37,S2,1
ld_03,B68233,37,S2,1
ld_04,B68233,37,S2,1
ld_05,B129183,37,S2,1
ld_06,B129183,37,S2,1
pr_01,B127158,37,S2,1
pr_02,B127158,37,S2,1
pr_03,B107189,37,S2,1
pr_04,B107189,37,S2,1
pr_05,B127158,37,S2,1
pr_06,B55424,37,S2,1
sk_01,B127158,37,S2,1
sk_02,B68233,37,S2,1
sk_03,B68233,37,S2,1
sk_04,B127158,37,S2,1
sk_05,B127158,37,S2,1
sk_06,B127158,37,S2,1
fb_01,B53160,37,S3,1
fb_02,B126869,37,S3,1
fb_03,B127158,37,S3,1
fb_04,B127158,37,S3,1
fb_05,B126869,37,S3,1
fb_06,B126869,37,S3,1
pr_01,B107189,37,S3,1
sk_01,B127158,37,S3,1
sk_02,B127158,37,S3,1
sk_03,B127158,37,S3,1
sk_04,B127158,37,S3,1
sk_05,B127158,37,S3,1
sk_06,B127158,37,S3,1
fb_01,B55424,38,S1,1
fb_02,B126869,38,S1,1
fb_03,B145584,38,S1,1
fb_04,B127158,38,S1,1
fb_05,B126869,38,S1,1
fb_06,B126869,38,S1,1
ld_01,B127158,38,S1,1
ld_02,B127158,38,S1,1
ld_03,B107189,38,S1,1
ld_04,B107189,38,S1,1
ld_05,B127158,38,S1,1
ld_06,B107189,38,S1,1
pr_01,B68233,38,S1,1
pr_02,B68233,38,S1,1
pr_03,B127158,38,S1,1
pr_04,B127158,38,S1,1
pr_05,B127158,38,S1,1
pr_06,B127158,38,S1,1
sk_01,B127158,38,S1,1
sk_02,B53160,38,S1,1
sk_03,B44010,38,S1,1
sk_04,B44010,38,S1,1
sk_05,B127158,38,S1,1
sk_06,B127158,38,S1,1
fb_01,B126869,38,S2,1
fb_02,B112038,38,S2,1
fb_03,B107189,38,S2,1
fb_04,B127158,38,S2,1
fb_05,B126869,38,S2,1
fb_06,B126869,38,S2,1
ld_01,B68233,38,S2,1
ld_02,B68233,38,S2,1
ld_03,B68233,38,S2,1
ld_04,B68233,38,S2,1
ld_05,B68233,38,S2,1
ld_06,B68233,38,S2,1
pr_01,B127158,38,S2,1
pr_02,B127158,38,S2,1
pr_03,B127158,38,S2,1
pr_04,B127158,38,S2,1
pr_05,B108339,38,S2,1
pr_06,B108339,38,S2,1
sk_01,B127158,38,S2,1
sk_02,B127158,38,S2,1
sk_03,B127158,38,S2,1
sk_04,B127158,38,S2,1
sk_05,B127158,38,S2,1
sk_06,B127158,38,S2,1
fb_01,B126869,38,S3,1
fb_02,B112990,38,S3,1
fb_03,B126869,38,S3,1
fb_04,B127158,38,S3,1
fb_05,B126869,38,S3,1
fb_06,B126869,38,S3,1
pr_01,B42891,38,S3,1
pr_02,B42891,38,S3,1
sk_01,B127158,38,S3,1
sk_02,B127158,38,S3,1
sk_03,B126589,38,S3,1
sk_04,B127158,38,S3,1
sk_05,B109915,38,S3,1
sk_06,B126589,38,S3,1
fb_01,B107189,39,S1,1
fb_02,B126869,39,S1,1
fb_03,B126869,39,S1,1
fb_04,B127158,39,S1,1
fb_05,B126869,39,S1,1
fb_06,B126869,39,S1,1
ld_01,B127158,39,S1,1
ld_02,B127158,39,S1,1
ld_03,B127158,39,S1,1
ld_04,B127158,39,S1,1
ld_05,B127158,39,S1,1
ld_06,B127158,39,S1,1
pr_01,B109915,39,S1,1
pr_02,B44010,39,S1,1
pr_03,B44010,39,S1,1
pr_04,B126589,39,S1,1
pr_05,B127158,39,S1,1
pr_06,B127158,39,S1,1
sk_01,B127158,39,S1,1
sk_02,B55424,39,S1,1
sk_03,B55424,39,S1,1
sk_04,B107189,39,S1,1
sk_05,B107189,39,S1,1
sk_06,B109915,39,S1,1
fb_01,B108060,39,S2,1
fb_02,B114477,39,S2,1
fb_03,B110471,39,S2,1
fb_04,B127158,39,S2,1
fb_05,B110471,39,S2,1
fb_06,B110471,39,S2,1
ld_01,B108339,39,S2,1
ld_02,B108339,39,S2,1
ld_03,B42891,39,S2,1
ld_04,B42891,39,S2,1
ld_05,B68233,39,S2,1
ld_06,B68233,39,S2,1
pr_01,B127158,39,S2,1
pr_02,B127158,39,S2,1
pr_03,B127158,39,S2,1
pr_04,B127158,39,S2,1
pr_05,B127158,39,S2,1
pr_06,B127158,39,S2,1
sk_01,B127158,39,S2,1
sk_02,B126589,39,S2,1
sk_03,B109915,39,S2,1
sk_04,B126589,39,S2,1
sk_05,B127158,39,S2,1
sk_06,B109915,39,S2,1
fb_01,B110471,39,S3,1
fb_02,B120266,39,S3,1
fb_03,B120266,39,S3,1
fb_04,B127158,39,S3,1
fb_05,B110471,39,S3,1
fb_06,B110471,39,S3,1
ld_01,B68233,39,S3,1
pr_01,B127158,39,S3,1
pr_02,B53160,39,S3,1
pr_03,B53160,39,S3,1
sk_01,B127158,39,S3,1
sk_02,B126589,39,S3,1
sk_03,B109915,39,S3,1
sk_04,B126589,39,S3,1
sk_05,B127158,39,S3,1
sk_06,B109915,39,S3,1
fb_01,B108339,40,S1,1
fb_02,B126413,40,S1,1
fb_03,B126589,40,S1,1
fb_04,B127158,40,S1,1
fb_05,B110471,40,S1,1
fb_06,B110471,40,S1,1
ld_01,B127158,40,S1,1
ld_02,B127158,40,S1,1
ld_03,B127158,40,S1,1
ld_04,B127158,40,S1,1
ld_05,B127158,40,S1,1
ld_06,B127158,40,S1,1
pr_01,B109915,40,S1,1
pr_02,B109915,40,S1,1
pr_03,B126589,40,S1,1
pr_04,B126589,40,S1,1
pr_05,B126589,40,S1,1
pr_06,B127158,40,S1,1
sk_01,B127158,40,S1,1
sk_02,B108060,40,S1,1
sk_03,B108060,40,S1,1
sk_04,B107189,40,S1,1
sk_05,B126589,40,S1,1
sk_06,B109915,40,S1,1
fb_01,B110471,40,S2,1
fb_02,B126589,40,S2,1
fb_03,B127158,40,S2,1
fb_04,B110471,40,S2,1
fb_05,B110471,40,S2,1
fb_06,B110471,40,S2,1
ld_01,B127158,40,S2,1
ld_02,B127158,40,S2,1
ld_03,B126589,40,S2,1
ld_04,B109915,40,S2,1
ld_05,B44010,40,S2,1
ld_06,B44010,40,S2,1
pr_01,B127158,40,S2,1
pr_02,B127158,40,S2,1
pr_03,B127158,40,S2,1
pr_04,B107189,40,S2,1
pr_05,B107189,40,S2,1
pr_06,B55424,40,S2,1
sk_01,B127158,40,S2,1
sk_02,B126589,40,S2,1
sk_03,B109915,40,S2,1
sk_04,B127158,40,S2,1
sk_05,B127158,40,S2,1
sk_06,B109915,40,S2,1
fb_01,B109517,40,S3,1
fb_02,B110471,40,S3,1
fb_03,B145584,40,S3,1
fb_04,B110471,40,S3,1
fb_05,B110471,40,S3,1
fb_06,B110471,40,S3,1
ld_01,B53160,40,S3,1
pr_01,B55424,40,S3,1
sk_01,B126589,40,S3,1
sk_02,B127158,40,S3,1
sk_03,B109915,40,S3,1
sk_04,B126589,40,S3,1
sk_05,B127158,40,S3,1
sk_06,B109915,40,S3,1
fb_01,B110471,41,S1,1
fb_02,B127158,41,S1,1
fb_03,B107189,41,S1,1
fb_04,B110471,41,S1,1
fb_05,B110471,41,S1,1
fb_06,B110471,41,S1,1
ld_01,B127158,41,S1,1
ld_02,B127158,41,S1,1
ld_03,B127158,41,S1,1
ld_04,B126589,41,S1,1
ld_05,B109915,41,S1,1
ld_06,B126589,41,S1,1
pr_01,B109915,41,S1,1
pr_02,B109915,41,S1,1
pr_03,B109915,41,S1,1
pr_04,B126589,41,S1,1
pr_05,B126589,41,S1,1
pr_06,B126589,41,S1,1
sk_01,B127158,41,S1,1
sk_02,B109517,41,S1,1
sk_03,B109517,41,S1,1
sk_04,B108339,41,S1,1
sk_05,B108339,41,S1,1
sk_06,B126589,41,S1,1
fb_01,B112990,41,S2,1
fb_02,B145584,41,S2,1
fb_03,B112990,41,S2,1
fb_04,B112990,41,S2,1
fb_05,B112990,41,S2,1
fb_06,B112990,41,S2,1
ld_01,B109915,41,S2,1
ld_02,B126589,41,S2,1
ld_03,B107189,41,S2,1
ld_04,B55424,41,S2,1
ld_05,B55424,41,S2,1
pr_01,B127158,41,S2,1
pr_02,B127158,41,S2,1
pr_03,B127158,41,S2,1
pr_04,B127158,41,S2,1
pr_05,B108060,41,S2,1
pr_06,B108060,41,S2,1
sk_01,B109915,41,S2,1
sk_02,B126589,41,S2,1
sk_03,B127158,41,S2,1
sk_04,B109915,41,S2,1
sk_05,B126589,41,S2,1
sk_06,B127158,41,S2,1
fb_01,B112990,41,S3,1
fb_02,B42891,41,S3,1
fb_03,B112990,41,S3,1
fb_04,B112990,41,S3,1
fb_05,B112990,41,S3,1
fb_06,B112990,41,S3,1
pr_01,B107189,41,S3,1
sk_01,B109915,41,S3,1
sk_02,B126589,41,S3,1
sk_03,B127158,41,S3,1
sk_04,B109915,41,S3,1
sk_05,B126589,41,S3,1
sk_06,B127158,41,S3,1
fb_01,B112990,42,S1,1
fb_02,B55424,42,S1,1
fb_03,B120266,42,S1,1
fb_04,B112990,42,S1,1
fb_05,B112990,42,S1,1
fb_06,B112990,42,S1,1
ld_01,B127158,42,S1,1
ld_02,B127158,42,S1,1
ld_03,B127158,42,S1,1
ld_04,B109915,42,S1,1
ld_05,B126589,42,S1,1
ld_06,B109915,42,S1,1
pr_01,B109517,42,S1,1
pr_02,B109517,42,S1,1
pr_03,B109915,42,S1,1
pr_04,B109915,42,S1,1
pr_05,B126589,42,S1,1
pr_06,B126589,42,S1,1
sk_01,B127158,42,S1,1
sk_02,B127158,42,S1,1
sk_03,B42891,42,S1,1
sk_04,B107189,42,S1,1
sk_05,B107189,42,S1,1
sk_06,B109915,42,S1,1
fb_01,B112990,42,S2,1
fb_02,B112990,42,S2,1
fb_03,B126589,42,S2,1
fb_04,B112990,42,S2,1
fb_05,B44010,42,S2,1
fb_06,B44010,42,S2,1
ld_01,B126589,42,S2,1
ld_02,B109915,42,S2,1
ld_03,B109915,42,S2,1
ld_04,B107189,42,S2,1
ld_05,B108060,42,S2,1
ld_06,B108060,42,S2,1
pr_01,B126589,42,S2,1
pr_02,B126589,42,S2,1
pr_03,B127158,42,S2,1
pr_04,B127158,42,S2,1
pr_05,B127158,42,S2,1
pr_06,B108339,42,S2,1
sk_01,B126589,42,S2,1
sk_02,B109915,42,S2,1
sk_03,B127158,42,S2,1
sk_04,B109915,42,S2,1
sk_05,B127158,42,S2,1
sk_06,B127158,42,S2,1
fb_01,B112038,42,S3,1
fb_02,B107189,42,S3,1
fb_03,B127158,42,S3,1
fb_04,B44010,42,S3,1
fb_05,B44010,42,S3,1
fb_06,B44010,42,S3,1
pr_01,B108339,42,S3,1
pr_02,B127158,42,S3,1
sk_01,B109915,42,S3,1
sk_02,B126589,42,S3,1
sk_03,B127158,42,S3,1
sk_04,B109915,42,S3,1
sk_05,B126589,42,S3,1
sk_06,B126589,42,S3,1
fb_01,B44010,43,S1,1
fb_02,B108339,43,S1,1
fb_03,B145584,43,S1,1
fb_04,B44010,43,S1,1
fb_05,B126413,43,S1,1
fb_06,B126413,43,S1,1
ld_01,B127158,43,S1,1
ld_02,B127158,43,S1,1
ld_03,B127158,43,S1,1
ld_04,B126589,43,S1,1
ld_05,B127158,43,S1,1
ld_06,B126589,43,S1,1
pr_01,B109915,43,S1,1
pr_02,B109915,43,S1,1
pr_03,B107189,43,S1,1
pr_04,B109915,43,S1,1
pr_05,B126589,43,S1,1
pr_06,B126589,43,S1,1
sk_01,B127158,43,S1,1
sk_02,B127158,43,S1,1
sk_03,B44010,43,S1,1
sk_04,B44010,43,S1,1
sk_05,B55424,43,S1,1
sk_06,B107189,43,S1,1
fb_01,B126413,43,S2,1
fb_02,B126413,43,S2,1
fb_03,B107189,43,S2,1
fb_04,B126413,43,S2,1
fb_05,B126413,43,S2,1
fb_06,B126413,43,S2,1
ld_01,B109915,43,S2,1
ld_02,B126589,43,S2,1
ld_03,B109915,43,S2,1
ld_04,B108339,43,S2,1
ld_05,B109517,43,S2,1
ld_06,B109517,43,S2,1
pr_01,B126589,43,S2,1
pr_02,B127158,43,S2,1
pr_03,B127158,43,S2,1
pr_04,B127158,43,S2,1
pr_05,B127158,43,S2,1
pr_06,B107189,43,S2,1
sk_01,B107189,43,S2,1
sk_02,B44010,43,S2,1
sk_03,B44010,43,S2,1
sk_04,B109915,43,S2,1
sk_05,B126589,43,S2,1
sk_06,B109915,43,S2,1
fb_01,B114477,43,S3,1
fb_02,B126413,43,S3,1
fb_03,B126413,43,S3,1
fb_04,B126413,43,S3,1
fb_05,B126413,43,S3,1
fb_06,B126413,43,S3,1
pr_01,B42891,43,S3,1
pr_02,B42891,43,S3,1
sk_01,B126589,43,S3,1
sk_02,B109915,43,S3,1
sk_03,B126589,43,S3,1
sk_04,B127158,43,S3,1
sk_05,B120266,43,S3,1
sk_06,B109915,43,S3,1
fb_01,B120266,44,S1,1
fb_02,B126413,44,S1,1
fb_03,B126413,44,S1,1
fb_04,B126413,44,S1,1
fb_05,B126413,44,S1,1
fb_06,B126413,44,S1,1
ld_01,B127158,44,S1,1
ld_02,B127158,44,S1,1
ld_03,B107189,44,S1,1
ld_04,B126589,44,S1,1
ld_05,B126589,44,S1,1
ld_06,B109915,44,S1,1
pr_01,B109915,44,S1,1
pr_02,B109915,44,S1,1
pr_03,B44010,44,S1,1
pr_04,B44010,44,S1,1
pr_05,B44010,44,S1,1
pr_06,B44010,44,S1,1
sk_01,B44010,44,S1,1
sk_02,B44010,44,S1,1
sk_03,B44010,44,S1,1
sk_04,B44010,44,S1,1
sk_05,B44010,44,S1,1
sk_06,B44010,44,S1,1
fb_01,B126413,44,S2,1
fb_02,B126413,44,S2,1
fb_03,B120266,44,S2,1
fb_04,B120266,44,S2,1
fb_05,B120266,44,S2,1
fb_06,B120266,44,S2,1
ld_01,B109915,44,S2,1
ld_02,B109915,44,S2,1
ld_03,B127158,44,S2,1
ld_04,B126589,44,S2,1
ld_05,B107189,44,S2,1
ld_06,B42891,44,S2,1
pr_01,B120266,44,S2,1
pr_02,B127158,44,S2,1
pr_03,B127158,44,S2,1
pr_04,B107189,44,S2,1
pr_05,B126589,44,S2,1
pr_06,B126589,44,S2,1
sk_01,B44010,44,S2,1
sk_02,B44010,44,S2,1
sk_03,B44010,44,S2,1
sk_04,B44010,44,S2,1
sk_05,B108339,44,S2,1
sk_06,B108339,44,S2,1
fb_01,B120266,44,S3,1
fb_02,B120266,44,S3,1
fb_03,B126589,44,S3,1
fb_04,B120266,44,S3,1
fb_05,B120266,44,S3,1
fb_06,B120266,44,S3,1
pr_01,B55424,44,S3,1
pr_02,B55424,44,S3,1
pr_03,B127158,44,S3,1
sk_01,B107189,44,S3,1
sk_02,B107189,44,S3,1
sk_03,B126589,44,S3,1
sk_04,B127158,44,S3,1
sk_05,B127158,44,S3,1
sk_06,B109915,44,S3,1
fb_01,B120266,45,S1,1
fb_02,B120266,45,S1,1
fb_03,B127158,45,S1,1
fb_04,B120266,45,S1,1
fb_05,B120266,45,S1,1
fb_06,B120266,45,S1,1
ld_01,B127158,45,S1,1
ld_02,B127158,45,S1,1
ld_03,B126589,45,S1,1
ld_04,B120266,45,S1,1
ld_05,B109915,45,S1,1
ld_06,B55424,45,S1,1
pr_01,B44010,45,S1,1
pr_02,B44010,45,S1,1
pr_03,B109915,45,S1,1
pr_04,B44010,45,S1,1
pr_05,B44010,45,S1,1
pr_06,B44010,45,S1,1
sk_01,B126589,45,S1,1
sk_02,B127158,45,S1,1
sk_03,B120266,45,S1,1
sk_04,B109915,45,S1,1
sk_05,B126589,45,S1,1
sk_06,B120266,45,S1,1
fb_01,B120266,45,S2,1
fb_02,B112038,45,S2,1
fb_03,B145584,45,S2,1
fb_04,B120266,45,S2,1
fb_05,B120266,45,S2,1
fb_06,B120266,45,S2,1
ld_01,B127158,45,S2,1
ld_02,B126589,45,S2,1
ld_03,B109915,45,S2,1
ld_04,B109915,45,S2,1
ld_05,B44010,45,S2,1
ld_06,B44010,45,S2,1
pr_01,B44010,45,S2,1
pr_02,B44010,45,S2,1
pr_03,B44010,45,S2,1
pr_04,B44010,45,S2,1
pr_05,B44010,45,S2,1
pr_06,B126589,45,S2,1
sk_01,B120266,45,S2,1
sk_02,B109915,45,S2,1
sk_03,B126589,45,S2,1
sk_04,B127158,45,S2,1
sk_05,B120266,45,S2,1
sk_06,B109915,45,S2,1
fb_01,B120266,45,S3,1
fb_02,B120266,45,S3,1
fb_03,B107189,45,S3,1
fb_04,B120266,45,S3,1
fb_05,B120266,45,S3,1
fb_06,B120266,45,S3,1
ld_01,B44010,45,S3,1
ld_02,B44010,45,S3,1
pr_01,B44010,45,S3,1
pr_02,B107189,45,S3,1
pr_03,B127158,45,S3,1
pr_04,B108339,45,S3,1
pr_05,B108339,45,S3,1
pr_06,B107189,45,S3,1
sk_01,B126589,45,S3,1
sk_02,B127158,45,S3,1
sk_03,B120266,45,S3,1
sk_04,B109915,45,S3,1
sk_05,B126589,45,S3,1
sk_06,B127158,45,S3,1
fb_01,B126492,46,S1,1
fb_02,B120266,46,S1,1
fb_03,B120266,46,S1,1
fb_04,B120266,46,S1,1
fb_05,B120266,46,S1,1
fb_06,B120266,46,S1,1
ld_01,B126589,46,S1,1
ld_02,B107189,46,S1,1
ld_03,B108339,46,S1,1
ld_04,B109915,46,S1,1
ld_05,B44010,46,S1,1
ld_06,B44010,46,S1,1
pr_01,B109915,46,S1,1
pr_02,B109915,46,S1,1
pr_03,B120266,46,S1,1
pr_04,B120266,46,S1,1
pr_05,B126589,46,S1,1
pr_06,B120266,46,S1,1
sk_01,B127158,46,S1,1
sk_02,B127158,46,S1,1
sk_03,B107189,46,S1,1
sk_04,B120266,46,S1,1
sk_05,B109915,46,S1,1
sk_06,B126589,46,S1,1
fb_01,B126589,46,S2,1
fb_02,B114477,46,S2,1
fb_03,B120266,46,S2,1
fb_04,B120266,46,S2,1
fb_05,B120266,46,S2,1
fb_06,B120266,46,S2,1
ld_01,B44010,46,S2,1
ld_02,B44010,46,S2,1
ld_03,B107189,46,S2,1
ld_04,B44010,46,S2,1
ld_05,B44010,46,S2,1
ld_06,B44010,46,S2,1
pr_01,B126589,46,S2,1
pr_02,B127158,46,S2,1
pr_03,B127158,46,S2,1
pr_04,B126589,46,S2,1
pr_05,B127158,46,S2,1
sk_01,B109915,46,S2,1
sk_02,B126589,46,S2,1
sk_03,B109915,46,S2,1
sk_04,B120266,46,S2,1
sk_05,B120266,46,S2,1
sk_06,B127158,46,S2,1
fb_01,B120266,46,S3,1
fb_02,B120266,46,S3,1
fb_03,B120266,46,S3,1
fb_04,B120266,46,S3,1
fb_05,B120266,46,S3,1
fb_06,B120266,46,S3,1
ld_01,B44010,46,S3,1
ld_02,B44010,46,S3,1
ld_03,B44010,46,S3,1
sk_01,B109915,46,S3,1
sk_02,B126589,46,S3,1
sk_03,B109915,46,S3,1
sk_04,B126589,46,S3,1
sk_05,B127158,46,S3,1
sk_06,B120266,46,S3,1
fb_01,B127158,47,S1,1
fb_02,B120266,47,S1,1
fb_03,B126589,47,S1,1
fb_04,B120266,47,S1,1
fb_05,B120266,47,S1,1
fb_06,B120266,47,S1,1
ld_01,B120266,47,S1,1
ld_02,B127158,47,S1,1
ld_03,B120266,47,S1,1
ld_04,B127158,47,S1,1
ld_05,B126589,47,S1,1
ld_06,B120266,47,S1,1
pr_01,B109915,47,S1,1
pr_02,B109915,47,S1,1
pr_03,B109915,47,S1,1
pr_04,B120266,47,S1,1
pr_05,B120266,47,S1,1
pr_06,B120266,47,S1,1
sk_01,B109915,47,S1,1
sk_02,B126589,47,S1,1
sk_03,B109915,47,S1,1
sk_04,B127158,47,S1,1
sk_05,B120266,47,S1,1
sk_06,B120266,47,S1,1
fb_01,B120266,47,S2,1
fb_02,B126589,47,S2,1
fb_03,B127158,47,S2,1
fb_04,B120266,47,S2,1
fb_05,B120266,47,S2,1
fb_06,B120266,47,S2,1
ld_01,B127158,47,S2,1
ld_02,B126589,47,S2,1
ld_03,B109915,47,S2,1
ld_04,B109915,47,S2,1
pr_01,B126589,47,S2,1
pr_02,B126589,47,S2,1
pr_03,B126589,47,S2,1
pr_04,B127158,47,S2,1
pr_05,B127158,47,S2,1
pr_06,B107189,47,S2,1
sk_01,B109915,47,S2,1
sk_02,B126589,47,S2,1
sk_03,B109915,47,S2,1
sk_04,B127158,47,S2,1
sk_05,B127158,47,S2,1
sk_06,B120266,47,S2,1
fb_01,B145584,47,S3,1
fb_02,B120266,47,S3,1
fb_03,B145584,47,S3,1
fb_04,B120266,47,S3,1
fb_05,B120266,47,S3,1
fb_06,B120266,47,S3,1
pr_01,B127158,47,S3,1
sk_01,B109915,47,S3,1
sk_02,B126589,47,S3,1
sk_03,B109915,47,S3,1
sk_04,B126589,47,S3,1
sk_05,B127158,47,S3,1
sk_06,B120266,47,S3,1
fb_01,B42891,48,S1,1
fb_02,B127158,48,S1,1
fb_03,B120266,48,S1,1
fb_04,B120266,48,S1,1
fb_05,B120266,48,S1,1
fb_06,B120266,48,S1,1
ld_01,B120266,48,S1,1
ld_02,B127158,48,S1,1
ld_03,B126589,48,S1,1
ld_04,B120266,48,S1,1
ld_05,B127158,48,S1,1
ld_06,B126589,48,S1,1
pr_01,B109915,48,S1,1
pr_02,B109915,48,S1,1
pr_03,B109915,48,S1,1
pr_04,B126589,48,S1,1
pr_05,B120266,48,S1,1
pr_06,B120266,48,S1,1
sk_01,B127158,48,S1,1
sk_02,B120266,48,S1,1
sk_03,B120266,48,S1,1
sk_04,B126589,48,S1,1
sk_05,B126589,48,S1,1
sk_06,B109915,48,S1,1
fb_01,B120266,48,S2,1
fb_02,B145584,48,S2,1
fb_03,B120266,48,S2,1
fb_04,B120266,48,S2,1
fb_05,B126589,48,S2,1
fb_06,B126589,48,S2,1
ld_01,B120266,48,S2,1
ld_02,B109915,48,S2,1
ld_03,B126589,48,S2,1
ld_04,B107189,48,S2,1
ld_05,B109915,48,S2,1
ld_06,B109915,48,S2,1
pr_01,B120266,48,S2,1
pr_02,B126589,48,S2,1
pr_03,B126589,48,S2,1
pr_04,B127158,48,S2,1
pr_05,B127158,48,S2,1
pr_06,B127158,48,S2,1
sk_01,B126589,48,S2,1
sk_02,B109915,48,S2,1
sk_03,B127158,48,S2,1
sk_04,B109915,48,S2,1
sk_05,B127158,48,S2,1
sk_06,B120266,48,S2,1
fb_01,B126589,48,S3,1
fb_02,B42891,48,S3,1
fb_03,B126589,48,S3,1
fb_04,B126589,48,S3,1
fb_05,B126589,48,S3,1
fb_06,B126589,48,S3,1
sk_01,B127158,48,S3,1
sk_02,B109915,48,S3,1
sk_03,B120266,48,S3,1
sk_04,B109915,48,S3,1
sk_05,B127158,48,S3,1
sk_06,B120266,48,S3,1
fb_01,B53160,49,S1,1
fb_02,B55424,49,S1,1
fb_03,B126589,49,S1,1
fb_04,B126589,49,S1,1
fb_05,B126589,49,S1,1
fb_06,B126589,49,S1,1
ld_01,B127158,49,S1,1
ld_02,B120266,49,S1,1
ld_03,B127158,49,S1,1
ld_04,B126589,49,S1,1
ld_05,B120266,49,S1,1
ld_06,B127158,49,S1,1
pr_01,B109915,49,S1,1
pr_02,B109915,49,S1,1
pr_03,B120266,49,S1,1
pr_04,B109915,49,S1,1
pr_05,B120266,49,S1,1
pr_06,B120266,49,S1,1
sk_01,B127158,49,S1,1
sk_02,B127158,49,S1,1
sk_03,B42891,49,S1,1
sk_04,B42891,49,S1,1
sk_05,B126589,49,S1,1
sk_06,B120266,49,S1,1
fb_01,B55424,49,S2,1
fb_02,B126589,49,S2,1
fb_03,B127158,49,S2,1
fb_04,B126589,49,S2,1
fb_05,B126589,49,S2,1
fb_06,B126589,49,S2,1
ld_01,B126589,49,S2,1
ld_02,B109915,49,S2,1
ld_03,B109915,49,S2,1
ld_04,B109915,49,S2,1
ld_05,B109915,49,S2,1
pr_01,B126589,49,S2,1
pr_02,B126589,49,S2,1
pr_03,B127158,49,S2,1
pr_04,B127158,49,S2,1
pr_05,B127158,49,S2,1
pr_06,B127158,49,S2,1
sk_01,B120266,49,S2,1
sk_02,B109915,49,S2,1
sk_03,B126589,49,S2,1
sk_04,B109915,49,S2,1
sk_05,B120266,49,S2,1
sk_06,B126589,49,S2,1
fb_01,B126589,49,S3,1
fb_02,B107189,49,S3,1
fb_03,B145584,49,S3,1
fb_04,B126589,49,S3,1
fb_05,B126589,49,S3,1
fb_06,B126589,49,S3,1
sk_01,B127158,49,S3,1
sk_02,B109915,49,S3,1
sk_03,B120266,49,S3,1
sk_04,B109915,49,S3,1
sk_05,B126589,49,S3,1
sk_06,B110288,49,S3,1
fb_01,B126589,50,S1,1
fb_02,B108339,50,S1,1
fb_03,B126589,50,S1,1
fb_04,B126589,50,S1,1
fb_05,B126589,50,S1,1
fb_06,B126589,50,S1,1
ld_01,B120266,50,S1,1
ld_02,B127158,50,S1,1
ld_03,B126589,50,S1,1
ld_04,B120266,50,S1,1
ld_05,B127158,50,S1,1
ld_06,B126589,50,S1,1
pr_01,B109915,50,S1,1
pr_02,B109915,50,S1,1
pr_03,B120266,50,S1,1
pr_04,B120266,50,S1,1
pr_05,B110288,50,S1,1
pr_06,B120266,50,S1,1
sk_01,B127158,50,S1,1
sk_02,B127158,50,S1,1
sk_03,B53160,50,S1,1
sk_04,B55424,50,S1,1
sk_05,B55424,50,S1,1
sk_06,B55424,50,S1,1
fb_01,B107189,50,S2,1
fb_02,B126589,50,S2,1
fb_03,B126589,50,S2,1
fb_04,B126589,50,S2,1
fb_05,B126589,50,S2,1
fb_06,B126589,50,S2,1
ld_01,B120266,50,S2,1
ld_02,B127158,50,S2,1
ld_03,B109915,50,S2,1
ld_04,B109915,50,S2,1
ld_05,B109915,50,S2,1
pr_01,B126589,50,S2,1
pr_02,B127158,50,S2,1
pr_03,B127158,50,S2,1
pr_04,B42891,50,S2,1
pr_05,B42891,50,S2,1
pr_06,B126589,50,S2,1
sk_01,B107189,50,S2,1
sk_02,B107189,50,S2,1
sk_03,B120266,50,S2,1
sk_04,B109915,50,S2,1
sk_05,B126589,50,S2,1
sk_06,B109915,50,S2,1
fb_01,B108060,50,S3,1
fb_02,B126589,50,S3,1
fb_03,B126589,50,S3,1
fb_04,B126589,50,S3,1
fb_05,B126589,50,S3,1
fb_06,B126589,50,S3,1
pr_01,B126589,50,S3,1
pr_02,B42891,50,S3,1
sk_01,B110288,50,S3,1
sk_02,B109915,50,S3,1
sk_03,B120266,50,S3,1
sk_04,B109915,50,S3,1
sk_05,B126589,50,S3,1
sk_06,B120266,50,S3,1
fb_01,B126589,51,S1,1
fb_02,B126589,51,S1,1
fb_03,B126589,51,S1,1
fb_04,B126589,51,S1,1
fb_05,B126589,51,S1,1
fb_06,B126589,51,S1,1
ld_01,B127158,51,S1,1
ld_02,B42891,51,S1,1
ld_03,B126589,51,S1,1
ld_04,B120266,51,S1,1
ld_05,B126589,51,S1,1
ld_06,B120266,51,S1,1
pr_01,B109915,51,S1,1
pr_02,B109915,51,S1,1
pr_03,B120266,51,S1,1
pr_04,B120266,51,S1,1
pr_05,B109915,51,S1,1
pr_06,B127158,51,S1,1
sk_01,B108060,51,S1,1
sk_02,B108339,51,S1,1
sk_03,B108339,51,S1,1
sk_04,B107189,51,S1,1
sk_05,B107189,51,S1,1
sk_06,B109915,51,S1,1
fb_01,B108339,51,S2,1
fb_02,B126589,51,S2,1
fb_03,B127158,51,S2,1
fb_04,B126589,51,S2,1
fb_05,B126589,51,S2,1
fb_06,B126589,51,S2,1
ld_01,B127158,51,S2,1
ld_02,B120266,51,S2,1
ld_03,B42891,51,S2,1
ld_04,B110288,51,S2,1
ld_05,B109915,51,S2,1
ld_06,B109915,51,S2,1
pr_01,B126589,51,S2,1
pr_02,B107189,51,S2,1
pr_03,B107189,51,S2,1
pr_04,B53160,51,S2,1
pr_05,B53160,51,S2,1
pr_06,B55424,51,S2,1
sk_01,B110288,51,S2,1
sk_02,B120266,51,S2,1
sk_03,B109915,51,S2,1
sk_04,B127158,51,S2,1
sk_05,B120266,51,S2,1
sk_06,B109915,51,S2,1
fb_01,B126589,51,S3,1
fb_02,B126589,51,S3,1
fb_03,B145584,51,S3,1
fb_04,B126589,51,S3,1
fb_05,B126589,51,S3,1
fb_06,B126589,51,S3,1
pr_01,B55424,51,S3,1
pr_02,B55424,51,S3,1
pr_03,B127158,51,S3,1
pr_04,B126589,51,S3,1
sk_01,B126589,51,S3,1
sk_02,B120266,51,S3,1
sk_03,B109915,51,S3,1
sk_04,B110288,51,S3,1
sk_05,B120266,51,S3,1
sk_06,B109915,51,S3,1
fb_01,B126589,52,S1,1
fb_02,B126589,52,S1,1
fb_03,B126589,52,S1,1
fb_04,B126589,52,S1,1
fb_05,B126589,52,S1,1
fb_06,B126589,52,S1,1
ld_01,B126589,52,S1,1
ld_02,B127158,52,S1,1
ld_03,B126589,52,S1,1
ld_04,B120266,52,S1,1
ld_05,B120266,52,S1,1
ld_06,B109915,52,S1,1
pr_01,B109915,52,S1,1
pr_02,B109915,52,S1,1
pr_03,B110288,52,S1,1
pr_04,B120266,52,S1,1
pr_05,B120266,52,S1,1
pr_06,B108060,52,S1,1
sk_01,B127158,52,S1,1
sk_02,B127158,52,S1,1
sk_03,B108339,52,S1,1
sk_04,B108339,52,S1,1
sk_05,B126589,52,S1,1
sk_06,B110288,52,S1,1
fb_01,B126589,52,S2,1
fb_02,B112038,52,S2,1
fb_03,B127158,52,S2,1
fb_04,B127158,52,S2,1
fb_05,B127158,52,S2,1
fb_06,B127158,52,S2,1
ld_01,B107189,52,S2,1
ld_02,B55424,52,S2,1
ld_03,B55424,52,S2,1
ld_04,B53160,52,S2,1
ld_05,B109915,52,S2,1
ld_06,B109915,52,S2,1
pr_01,B107189,52,S2,1
pr_02,B108339,52,S2,1
pr_03,B108339,52,S2,1
sk_01,B120266,52,S2,1
sk_02,B109915,52,S2,1
sk_03,B126589,52,S2,1
sk_04,B120266,52,S2,1
sk_05,B109915,52,S2,1
sk_06,B110288,52,S2,1
fb_01,B127158,52,S3,1
fb_02,B127158,52,S3,1
fb_03,B127158,52,S3,1
fb_04,B127158,52,S3,1
fb_05,B127158,52,S3,1
fb_06,B127158,52,S3,1
sk_01,B120266,52,S3,1
sk_02,B109915,52,S3,1
sk_03,B126589,52,S3,1
sk_04,B120266,52,S3,1
sk_05,B109915,52,S3,1
sk_06,B126589,52,S3,1
fb_01,B127158,53,S1,1
fb_02,B127158,53,S1,1
fb_03,B127158,53,S1,1
fb_04,B127158,53,S1,1
fb_05,B127158,53,S1,1
fb_06,B127158,53,S1,1
ld_01,B110288,53,S1,1
ld_02,B120266,53,S1,1
ld_03,B120266,53,S1,1
ld_04,B109915,53,S1,1
ld_05,B109915,53,S1,1
ld_06,B109915,53,S1,1
pr_01,B109915,53,S1,1
pr_02,B109915,53,S1,1
pr_03,B110288,53,S1,1
pr_04,B109915,53,S1,1
pr_05,B120266,53,S1,1
pr_06,B120266,53,S1,1
sk_01,B127158,53,S1,1
sk_02,B110288,53,S1,1
sk_03,B126589,53,S1,1
sk_04,B110288,53,S1,1
sk_05,B127158,53,S1,1
sk_06,B126589,53,S1,1
fb_01,B127158,53,S2,1
fb_02,B114477,53,S2,1
fb_03,B127158,53,S2,1
fb_04,B127158,53,S2,1
fb_05,B127158,53,S2,1
fb_06,B127158,53,S2,1
ld_01,B107189,53,S2,1
ld_02,B108339,53,S2,1
ld_03,B108339,53,S2,1
ld_04,B108060,53,S2,1
pr_01,B120266,53,S2,1
pr_02,B126589,53,S2,1
pr_03,B126589,53,S2,1
pr_04,B126589,53,S2,1
pr_05,B108339,53,S2,1
pr_06,B108339,53,S2,1
sk_01,B110288,53,S2,1
sk_02,B127158,53,S2,1
sk_03,B126589,53,S2,1
sk_04,B110288,53,S2,1
sk_05,B127158,53,S2,1
sk_06,B126589,53,S2,1
fb_01,B112038,53,S3,1
fb_02,B127158,53,S3,1
fb_03,B145584,53,S3,1
fb_04,B127158,53,S3,1
fb_05,B127158,53,S3,1
fb_06,B127158,53,S3,1
pr_01,B127158,53,S3,1
pr_02,B127158,53,S3,1
sk_01,B110288,53,S3,1
sk_02,B127158,53,S3,1
sk_03,B126589,53,S3,1
sk_04,B110288,53,S3,1
sk_05,B127158,53,S3,1
sk_06,B120266,53,S3,1
fb_01,B127158,54,S1,1
fb_02,B127158,54,S1,1
fb_03,B127158,54,S1,1
fb_04,B127158,54,S1,1
fb_05,B127158,54,S1,1
fb_06,B127158,54,S1,1
ld_01,B127158,54,S1,1
ld_02,B126589,54,S1,1
ld_03,B110288,54,S1,1
ld_04,B109915,54,S1,1
ld_05,B127158,54,S1,1
ld_06,B109915,54,S1,1
pr_01,B110288,54,S1,1
pr_02,B110288,54,S1,1
pr_03,B110288,54,S1,1
pr_04,B110288,54,S1,1
pr_05,B126589,54,S1,1
pr_06,B126589,54,S1,1
sk_01,B126589,54,S1,1
sk_02,B110288,54,S1,1
sk_03,B127158,54,S1,1
sk_04,B120266,54,S1,1
sk_05,B126589,54,S1,1
sk_06,B110288,54,S1,1
fb_01,B127158,54,S2,1
fb_02,B127158,54,S2,1
fb_03,B127158,54,S2,1
fb_04,B127158,54,S2,1
fb_05,B127158,54,S2,1
fb_06,B127158,54,S2,1
ld_01,B126589,54,S2,1
ld_02,B126589,54,S2,1
ld_03,B120266,54,S2,1
ld_04,B120266,54,S2,1
ld_05,B108339,54,S2,1
ld_06,B120266,54,S2,1
pr_01,B126589,54,S2,1
pr_02,B126589,54,S2,1
pr_03,B127158,54,S2,1
pr_04,B127158,54,S2,1
pr_05,B127158,54,S2,1
pr_06,B127158,54,S2,1
sk_01,B127158,54,S2,1
sk_02,B120266,54,S2,1
sk_03,B126589,54,S2,1
sk_04,B110288,54,S2,1
sk_05,B127158,54,S2,1
sk_06,B120266,54,S2,1
fb_01,B114477,54,S3,1
fb_02,B127158,54,S3,1
fb_03,B127158,54,S3,1
fb_04,B127158,54,S3,1
fb_05,B127158,54,S3,1
fb_06,B127158,54,S3,1
ld_01,B109915,54,S3,1
sk_01,B126589,54,S3,1
sk_02,B110288,54,S3,1
sk_03,B127158,54,S3,1
sk_04,B120266,54,S3,1
sk_05,B126589,54,S3,1
sk_06,B110288,54,S3,1
fb_01,B127158,55,S1,1
fb_02,B127158,55,S1,1
fb_03,B127158,55,S1,1
fb_04,B127158,55,S1,1
fb_05,B127158,55,S1,1
fb_06,B127158,55,S1,1
ld_01,B110288,55,S1,1
ld_02,B127158,55,S1,1
ld_03,B110288,55,S1,1
ld_04,B127158,55,S1,1
ld_05,B126589,55,S1,1
ld_06,B110288,55,S1,1
pr_01,B110288,55,S1,1
pr_02,B110288,55,S1,1
pr_03,B120266,55,S1,1
pr_04,B120266,55,S1,1
pr_05,B120266,55,S1,1
pr_06,B126589,55,S1,1
sk_01,B127158,55,S1,1
sk_02,B120266,55,S1,1
sk_03,B126589,55,S1,1
sk_04,B110288,55,S1,1
sk_05,B127158,55,S1,1
sk_06,B120266,55,S1,1
fb_01,B127158,55,S2,1
fb_02,B145584,55,S2,1
fb_03,B127158,55,S2,1
fb_04,B127158,55,S2,1
fb_05,B127158,55,S2,1
fb_06,B127158,55,S2,1
ld_01,B110288,55,S2,1
ld_02,B127158,55,S2,1
ld_03,B126589,55,S2,1
ld_04,B126589,55,S2,1
ld_05,B110288,55,S2,1
pr_01,B126589,55,S2,1
pr_02,B126589,55,S2,1
pr_03,B126589,55,S2,1
pr_04,B127158,55,S2,1
pr_05,B127158,55,S2,1
pr_06,B127158,55,S2,1
sk_01,B109915,55,S2,1
sk_02,B126589,55,S2,1
sk_03,B110288,55,S2,1
sk_04,B127158,55,S2,1
sk_05,B120266,55,S2,1
sk_06,B109915,55,S2,1
fb_01,B145584,55,S3,1
fb_02,B42891,55,S3,1
fb_03,B145584,55,S3,1
fb_04,B145584,55,S3,1
fb_05,B145584,55,S3,1
fb_06,B145584,55,S3,1
sk_01,B126589,55,S3,1
sk_02,B110288,55,S3,1
sk_03,B127158,55,S3,1
sk_04,B120266,55,S3,1
sk_05,B109915,55,S3,1
sk_06,B126589,55,S3,1
fb_01,B145584,56,S1,1
fb_02,B55424,56,S1,1
fb_03,B145584,56,S1,1
fb_04,B145584,56,S1,1
fb_05,B145584,56,S1,1
fb_06,B145584,56,S1,1
ld_01,B127158,56,S1,1
ld_02,B126589,56,S1,1
ld_03,B127158,56,S1,1
ld_04,B120266,56,S1,1
ld_05,B110288,56,S1,1
ld_06,B127158,56,S1,1
pr_01,B110288,56,S1,1
pr_02,B109915,56,S1,1
pr_03,B110288,56,S1,1
pr_04,B120266,56,S1,1
pr_05,B120266,56,S1,1
pr_06,B126589,56,S1,1
sk_01,B127158,56,S1,1
sk_02,B127158,56,S1,1
sk_03,B42891,56,S1,1
sk_04,B110288,56,S1,1
sk_05,B120266,56,S1,1
sk_06,B109915,56,S1,1
fb_01,B145584,56,S2,1
fb_02,B42891,56,S2,1
fb_03,B145584,56,S2,1
fb_04,B145584,56,S2,1
fb_05,B145584,56,S2,1
fb_06,B145584,56,S2,1
ld_01,B126589,56,S2,1
ld_02,B110288,56,S2,1
ld_03,B120266,56,S2,1
ld_04,B126589,56,S2,1
pr_01,B126589,56,S2,1
pr_02,B120266,56,S2,1
pr_03,B126589,56,S2,1
pr_04,B127158,56,S2,1
pr_05,B127158,56,S2,1
pr_06,B127158,56,S2,1
sk_01,B127158,56,S2,1
sk_02,B127158,56,S2,1
sk_03,B126589,56,S2,1
sk_04,B110288,56,S2,1
sk_05,B120266,56,S2,1
sk_06,B109915,56,S2,1
fb_01,B145584,56,S3,1
fb_02,B107189,56,S3,1
fb_03,B145584,56,S3,1
fb_04,B145584,56,S3,1
fb_05,B145584,56,S3,1
fb_06,B145584,56,S3,1
sk_01,B127158,56,S3,1
sk_02,B127158,56,S3,1
sk_03,B126589,56,S3,1
sk_04,B110288,56,S3,1
sk_05,B120266,56,S3,1
sk_06,B109915,56,S3,1
fb_01,B126492,57,S1,1
fb_02,B108339,57,S1,1
fb_03,B145584,57,S1,1
fb_04,B145584,57,S1,1
fb_05,B145584,57,S1,1
fb_06,B145584,57,S1,1
ld_01,B127158,57,S1,1
ld_02,B126589,57,S1,1
ld_03,B120266,57,S1,1
ld_04,B110288,57,S1,1
ld_05,B127158,57,S1,1
ld_06,B109915,57,S1,1
pr_01,B110288,57,S1,1
pr_02,B109915,57,S1,1
pr_03,B120266,57,S1,1
pr_04,B120266,57,S1,1
pr_05,B126589,57,S1,1
pr_06,B109915,57,S1,1
sk_01,B127158,57,S1,1
sk_02,B127158,57,S1,1
sk_03,B55424,57,S1,1
sk_04,B55424,57,S1,1
sk_05,B107189,57,S1,1
sk_06,B126869,57,S1,1
fb_01,B145584,57,S2,1
fb_02,B145584,57,S2,1
fb_03,B145584,57,S2,1
fb_04,B145584,57,S2,1
fb_05,B145584,57,S2,1
fb_06,B145584,57,S2,1
ld_01,B120266,57,S2,1
ld_02,B120266,57,S2,1
ld_03,B126589,57,S2,1
ld_04,B110288,57,S2,1
ld_05,B110288,57,S2,1
ld_06,B126589,57,S2,1
pr_01,B127158,57,S2,1
pr_02,B127158,57,S2,1
pr_03,B127158,57,S2,1
pr_04,B127158,57,S2,1
pr_05,B42891,57,S2,1
pr_06,B127158,57,S2,1
sk_01,B126869,57,S2,1
sk_02,B126869,57,S2,1
sk_03,B107189,57,S2,1
sk_04,B42891,57,S2,1
sk_05,B126589,57,S2,1
sk_06,B110288,57,S2,1
fb_01,B145584,57,S3,1
fb_02,B145584,57,S3,1
fb_03,B145584,57,S3,1
fb_04,B145584,57,S3,1
fb_05,B145584,57,S3,1
fb_06,B145584,57,S3,1
sk_01,B126869,57,S3,1
sk_02,B126869,57,S3,1
sk_03,B120266,57,S3,1
sk_04,B109915,57,S3,1
sk_05,B42891,57,S3,1
sk_06,B126589,57,S3,1
fb_01,B145584,58,S1,1
fb_02,B145584,58,S1,1
fb_03,B145584,58,S1,1
fb_04,B145584,58,S1,1
fb_05,B145584,58,S1,1
fb_06,B145584,58,S1,1
ld_01,B127158,58,S1,1
ld_02,B127158,58,S1,1
ld_03,B120266,58,S1,1
ld_04,B120266,58,S1,1
ld_05,B110288,58,S1,1
ld_06,B109915,58,S1,1
pr_01,B110288,58,S1,1
pr_02,B126869,58,S1,1
pr_03,B126869,58,S1,1
pr_04,B126589,58,S1,1
pr_05,B127158,58,S1,1
pr_06,B107189,58,S1,1
sk_01,B126869,58,S1,1
sk_02,B126869,58,S1,1
sk_03,B108339,58,S1,1
sk_04,B110288,58,S1,1
sk_05,B120266,58,S1,1
sk_06,B109915,58,S1,1
fb_01,B145584,58,S2,1
fb_02,B145584,58,S2,1
fb_03,B145584,58,S2,1
fb_04,B145584,58,S2,1
fb_05,B145584,58,S2,1
fb_06,B145584,58,S2,1
ld_01,B127158,58,S2,1
ld_02,B127158,58,S2,1
ld_03,B126589,58,S2,1
ld_04,B109915,58,S2,1
ld_05,B42891,58,S2,1
pr_01,B107189,58,S2,1
pr_02,B42891,58,S2,1
pr_03,B42891,58,S2,1
pr_04,B42891,58,S2,1
pr_05,B55424,58,S2,1
pr_06,B55424,58,S2,1
sk_01,B126869,58,S2,1
sk_02,B126869,58,S2,1
sk_03,B145584,58,S2,1
sk_04,B126589,58,S2,1
sk_05,B110288,58,S2,1
sk_06,B120266,58,S2,1
fb_01,B145584,58,S3,1
fb_02,B108060,58,S3,1
fb_03,B108060,58,S3,1
fb_04,B108060,58,S3,1
fb_05,B108060,58,S3,1
fb_06,B108060,58,S3,1
pr_01,B55424,58,S3,1
sk_01,B126869,58,S3,1
sk_02,B126869,58,S3,1
sk_03,B109915,58,S3,1
sk_04,B145584,58,S3,1
sk_05,B126589,58,S3,1
sk_06,B110288,58,S3,1
fb_01,B42891,59,S1,1
fb_02,B108060,59,S1,1
fb_03,B53160,59,S1,1
fb_04,B53160,59,S1,1
fb_05,B53160,59,S1,1
fb_06,B42891,59,S1,1
ld_01,B126589,59,S1,1
ld_02,B110288,59,S1,1
ld_03,B127158,59,S1,1
ld_04,B126869,59,S1,1
ld_05,B126869,59,S1,1
ld_06,B107189,59,S1,1
pr_01,B110288,59,S1,1
pr_02,B109915,59,S1,1
pr_03,B110288,59,S1,1
pr_04,B109915,59,S1,1
pr_05,B126869,59,S1,1
pr_06,B126869,59,S1,1
sk_01,B126869,59,S1,1
sk_02,B126869,59,S1,1
sk_03,B108060,59,S1,1
sk_04,B108060,59,S1,1
sk_05,B108060,59,S1,1
sk_06,B108060,59,S1,1
fb_01,B42891,59,S2,1
fb_02,B112038,59,S2,1
fb_03,B42891,59,S2,1
fb_04,B42891,59,S2,1
fb_05,B42891,59,S2,1
fb_06,B42891,59,S2,1
ld_01,B107189,59,S2,1
ld_02,B55424,59,S2,1
ld_03,B55424,59,S2,1
ld_04,B42891,59,S2,1
ld_05,B42891,59,S2,1
pr_01,B120266,59,S2,1
pr_02,B126869,59,S2,1
pr_03,B145584,59,S2,1
pr_04,B145584,59,S2,1
pr_05,B126589,59,S2,1
pr_06,B108339,59,S2,1
sk_01,B126869,59,S2,1
sk_02,B126869,59,S2,1
sk_03,B108060,59,S2,1
sk_04,B108060,59,S2,1
sk_05,B108060,59,S2,1
sk_06,B120266,59,S2,1
fb_01,B42891,59,S3,1
fb_02,B108339,59,S3,1
fb_03,B108339,59,S3,1
fb_04,B108339,59,S3,1
fb_05,B108339,59,S3,1
fb_06,B108339,59,S3,1
pr_01,B126869,59,S3,1
pr_02,B120266,59,S3,1
pr_03,B126589,59,S3,1
sk_01,B126869,59,S3,1
sk_02,B126869,59,S3,1
sk_03,B109915,59,S3,1
sk_04,B145584,59,S3,1
sk_05,B126589,59,S3,1
sk_06,B110288,59,S3,1
fb_01,B55424,60,S1,1
fb_02,B108339,60,S1,1
fb_03,B108339,60,S1,1
fb_04,B108339,60,S1,1
fb_05,B108339,60,S1,1
fb_06,B108339,60,S1,1
ld_01,B120266,60,S1,1
ld_02,B110288,60,S1,1
ld_03,B109915,60,S1,1
ld_04,B145584,60,S1,1
ld_05,B145584,60,S1,1
ld_06,B120266,60,S1,1
pr_01,B126869,60,S1,1
pr_02,B126869,60,S1,1
pr_03,B126869,60,S1,1
pr_04,B126589,60,S1,1
pr_05,B108060,60,S1,1
pr_06,B108060,60,S1,1
sk_01,B126869,60,S1,1
sk_02,B126869,60,S1,1
sk_03,B53160,60,S1,1
sk_04,B53160,60,S1,1
sk_05,B53160,60,S1,1
sk_06,B42891,60,S1,1
fb_01,B108339,60,S2,1
fb_02,B114477,60,S2,1
fb_03,B55424,60,S2,1
fb_04,B55424,60,S2,1
fb_05,B55424,60,S2,1
fb_06,B55424,60,S2,1
ld_01,B110288,60,S2,1
ld_02,B126589,60,S2,1
ld_03,B109915,60,S2,1
ld_04,B109915,60,S2,1
ld_05,B126869,60,S2,1
ld_06,B126869,60,S2,1
pr_01,B108060,60,S2,1
pr_02,B108060,60,S2,1
pr_03,B108060,60,S2,1
pr_04,B108060,60,S2,1
pr_05,B108060,60,S2,1
pr_06,B108060,60,S2,1
sk_01,B126869,60,S2,1
sk_02,B126869,60,S2,1
sk_03,B42891,60,S2,1
sk_04,B42891,60,S2,1
sk_05,B42891,60,S2,1
sk_06,B42891,60,S2,1
fb_01,B107189,60,S3,1
fb_02,B55424,60,S3,1
fb_03,B55424,60,S3,1
fb_04,B55424,60,S3,1
fb_05,B55424,60,S3,1
fb_06,B55424,60,S3,1
ld_01,B126869,60,S3,1
ld_02,B126869,60,S3,1
ld_03,B108339,60,S3,1
sk_01,B126869,60,S3,1
sk_02,B126869,60,S3,1
sk_03,B42891,60,S3,1
sk_04,B42891,60,S3,1
sk_05,B42891,60,S3,1
sk_06,B42891,60,S3,1
fb_01,B55424,61,S1,1
fb_02,B55424,61,S1,1
fb_03,B55424,61,S1,1
fb_04,B55424,61,S1,1
fb_05,B107189,61,S1,1
fb_06,B107189,61,S1,1
ld_01,B126589,61,S1,1
ld_02,B126869,61,S1,1
ld_03,B126869,61,S1,1
ld_04,B126869,61,S1,1
ld_05,B108060,61,S1,1
ld_06,B108060,61,S1,1
pr_01,B126869,61,S1,1
pr_02,B126869,61,S1,1
pr_03,B126869,61,S1,1
pr_04,B126869,61,S1,1
pr_05,B53160,61,S1,1
pr_06,B53160,61,S1,1
sk_01,B126869,61,S1,1
sk_02,B126869,61,S1,1
sk_03,B42891,61,S1,1
sk_04,B108060,61,S1,1
sk_05,B108060,61,S1,1
sk_06,B108060,61,S1,1
fb_01,B107189,61,S2,1
fb_02,B107189,61,S2,1
fb_03,B107189,61,S2,1
fb_04,B107189,61,S2,1
fb_05,B107189,61,S2,1
fb_06,B107189,61,S2,1
ld_01,B108060,61,S2,1
ld_02,B108060,61,S2,1
ld_03,B108060,61,S2,1
ld_04,B108060,61,S2,1
pr_01,B53160,61,S2,1
pr_02,B53160,61,S2,1
pr_03,B53160,61,S2,1
pr_04,B42891,61,S2,1
pr_05,B42891,61,S2,1
pr_06,B42891,61,S2,1
sk_01,B126869,61,S2,1
sk_02,B126869,61,S2,1
sk_03,B55424,61,S2,1
sk_04,B55424,61,S2,1
sk_05,B55424,61,S2,1
sk_06,B55424,61,S2,1
fb_01,B107189,61,S3,1
fb_02,B107189,61,S3,1
fb_03,B107189,61,S3,1
fb_04,B107189,61,S3,1
fb_05,B107189,61,S3,1
fb_06,B107189,61,S3,1
pr_01,B42891,61,S3,1
pr_02,B42891,61,S3,1
pr_03,B42891,61,S3,1
pr_04,B42891,61,S3,1
pr_05,B42891,61,S3,1
pr_06,B42891,61,S3,1
sk_01,B126869,61,S3,1
sk_02,B126869,61,S3,1
sk_03,B55424,61,S3,1
sk_04,B55424,61,S3,1
sk_05,B55424,61,S3,1
sk_06,B55424,61,S3,1
fb_01,B107189,62,S1,1
fb_02,B112038,62,S1,1
fb_03,B112038,62,S1,1
fb_04,B112038,62,S1,1
fb_05,B112038,62,S1,1
fb_06,B112038,62,S1,1
ld_01,B126869,62,S1,1
ld_02,B126869,62,S1,1
ld_03,B126869,62,S1,1
ld_04,B126869,62,S1,1
ld_05,B126869,62,S1,1
ld_06,B42891,62,S1,1
pr_01,B126869,62,S1,1
pr_02,B126869,62,S1,1
pr_03,B126869,62,S1,1
pr_04,B108060,62,S1,1
pr_05,B108060,62,S1,1
pr_06,B108060,62,S1,1
sk_01,B126869,62,S1,1
sk_02,B126869,62,S1,1
sk_03,B55424,62,S1,1
sk_04,B55424,62,S1,1
sk_05,B55424,62,S1,1
sk_06,B55424,62,S1,1
fb_01,B112038,62,S2,1
fb_02,B112038,62,S2,1
fb_03,B112038,62,S2,1
fb_04,B112038,62,S2,1
fb_05,B112038,62,S2,1
fb_06,B112038,62,S2,1
ld_01,B42891,62,S2,1
ld_02,B42891,62,S2,1
ld_03,B42891,62,S2,1
ld_04,B42891,62,S2,1
ld_05,B42891,62,S2,1
ld_06,B53160,62,S2,1
pr_01,B108060,62,S2,1
pr_02,B42891,62,S2,1
pr_03,B42891,62,S2,1
pr_04,B42891,62,S2,1
pr_05,B42891,62,S2,1
pr_06,B42891,62,S2,1
sk_01,B126869,62,S2,1
sk_02,B126869,62,S2,1
sk_03,B55424,62,S2,1
sk_04,B55424,62,S2,1
sk_05,B55424,62,S2,1
sk_06,B55424,62,S2,1
fb_01,B112038,62,S3,1
fb_02,B112038,62,S3,1
fb_03,B126492,62,S3,1
fb_04,B126492,62,S3,1
fb_05,B126492,62,S3,1
fb_06,B126492,62,S3,1
ld_01,B53160,62,S3,1
ld_02,B53160,62,S3,1
ld_03,B53160,62,S3,1
pr_01,B42891,62,S3,1
pr_02,B42891,62,S3,1
pr_03,B55424,62,S3,1
pr_04,B55424,62,S3,1
pr_05,B55424,62,S3,1
pr_06,B55424,62,S3,1
sk_01,B126869,62,S3,1
sk_02,B126869,62,S3,1
sk_03,B126589,62,S3,1
sk_04,B126589,62,S3,1
sk_05,B55424,62,S3,1
sk_06,B55424,62,S3,1
fb_01,B126492,63,S1,1
fb_02,B126492,63,S1,1
fb_03,B114477,63,S1,1
fb_04,B114477,63,S1,1
fb_05,B114477,63,S1,1
fb_06,B114477,63,S1,1
ld_01,B126869,63,S1,1
ld_02,B126869,63,S1,1
ld_03,B126869,63,S1,1
ld_04,B55424,63,S1,1
ld_05,B55424,63,S1,1
ld_06,B42891,63,S1,1
pr_01,B126869,63,S1,1
pr_02,B126869,63,S1,1
pr_03,B126869,63,S1,1
pr_04,B126589,63,S1,1
pr_05,B55424,63,S1,1
pr_06,B55424,63,S1,1
sk_01,B126589,63,S1,1
sk_02,B126589,63,S1,1
sk_03,B55424,63,S1,1
sk_04,B55424,63,S1,1
sk_05,B55424,63,S1,1
sk_06,B108339,63,S1,1
fb_01,B114477,63,S2,1
fb_02,B114477,63,S2,1
fb_03,B114477,63,S2,1
fb_04,B114477,63,S2,1
fb_05,B114477,63,S2,1
fb_06,B114477,63,S2,1
ld_01,B42891,63,S2,1
ld_02,B42891,63,S2,1
ld_03,B108060,63,S2,1
ld_04,B42891,63,S2,1
ld_05,B108060,63,S2,1
ld_06,B42891,63,S2,1
pr_01,B55424,63,S2,1
pr_02,B55424,63,S2,1
pr_03,B55424,63,S2,1
pr_04,B55424,63,S2,1
pr_05,B55424,63,S2,1
pr_06,B55424,63,S2,1
sk_01,B126589,63,S2,1
sk_02,B126589,63,S2,1
sk_03,B108339,63,S2,1
sk_04,B108339,63,S2,1
sk_05,B108339,63,S2,1
sk_06,B108339,63,S2,1
fb_01,B114477,63,S3,1
ld_01,B108060,63,S3,1
ld_02,B42891,63,S3,1
pr_01,B55424,63,S3,1
pr_02,B55424,63,S3,1
pr_03,B55424,63,S3,1
pr_04,B55424,63,S3,1
pr_05,B55424,63,S3,1
pr_06,B55424,63,S3,1
sk_01,B126589,63,S3,1
sk_02,B126589,63,S3,1
sk_03,B108339,63,S3,1
sk_04,B108339,63,S3,1
sk_05,B108339,63,S3,1
sk_06,B108339,63,S3,1
ld_01,B126589,64,S1,1
ld_02,B126869,64,S1,1
ld_03,B126869,64,S1,1
ld_04,B126869,64,S1,1
ld_05,B55424,64,S1,1
ld_06,B55424,64,S1,1
pr_01,B126589,64,S1,1
pr_02,B126589,64,S1,1
pr_03,B126589,64,S1,1
pr_04,B126589,64,S1,1
pr_05,B126589,64,S1,1
pr_06,B108339,64,S1,1
sk_01,B126589,64,S1,1
sk_02,B126589,64,S1,1
sk_03,B108339,64,S1,1
sk_04,B108339,64,S1,1
sk_05,B108339,64,S1,1
sk_06,B108339,64,S1,1
ld_01,B55424,64,S2,1
ld_02,B55424,64,S2,1
ld_03,B55424,64,S2,1
ld_04,B55424,64,S2,1
ld_05,B55424,64,S2,1
ld_06,B55424,64,S2,1
pr_01,B108339,64,S2,1
pr_02,B108339,64,S2,1
pr_03,B108339,64,S2,1
pr_04,B108339,64,S2,1
pr_05,B108339,64,S2,1
pr_06,B108339,64,S2,1
sk_01,B126589,64,S2,1
sk_02,B126589,64,S2,1
sk_03,B108339,64,S2,1
sk_04,B108339,64,S2,1
sk_05,B108339,64,S2,1
sk_06,B108339,64,S2,1
ld_01,B55424,64,S3,1
pr_01,B108339,64,S3,1
pr_02,B108339,64,S3,1
pr_03,B55424,64,S3,1
pr_04,B55424,64,S3,1
pr_05,B55424,64,S3,1
pr_06,B55424,64,S3,1
sk_01,B126589,64,S3,1
sk_02,B126589,64,S3,1
sk_03,B108339,64,S3,1
sk_04,B108339,64,S3,1
sk_05,B108339,64,S3,1
sk_06,B107189,64,S3,1
ld_01,B126589,65,S1,1
ld_02,B126589,65,S1,1
ld_03,B126589,65,S1,1
ld_04,B126589,65,S1,1
ld_05,B108339,65,S1,1
ld_06,B108339,65,S1,1
pr_01,B126589,65,S1,1
pr_02,B126589,65,S1,1
pr_03,B126589,65,S1,1
pr_04,B126589,65,S1,1
pr_05,B107189,65,S1,1
pr_06,B108339,65,S1,1
sk_01,B126589,65,S1,1
sk_02,B126589,65,S1,1
sk_03,B107189,65,S1,1
sk_04,B107189,65,S1,1
sk_05,B107189,65,S1,1
sk_06,B107189,65,S1,1
ld_01,B108339,65,S2,1
ld_02,B108339,65,S2,1
ld_03,B108339,65,S2,1
ld_04,B108339,65,S2,1
ld_05,B55424,65,S2,1
ld_06,B55424,65,S2,1
pr_01,B108339,65,S2,1
pr_02,B108339,65,S2,1
pr_03,B108339,65,S2,1
pr_04,B108339,65,S2,1
pr_05,B108339,65,S2,1
pr_06,B108339,65,S2,1
sk_01,B126589,65,S2,1
sk_02,B126589,65,S2,1
sk_03,B107189,65,S2,1
sk_04,B107189,65,S2,1
sk_05,B107189,65,S2,1
sk_06,B107189,65,S2,1
ld_01,B55424,65,S3,1
pr_01,B108339,65,S3,1
pr_02,B108339,65,S3,1
pr_03,B108339,65,S3,1
pr_04,B108339,65,S3,1
pr_05,B55424,65,S3,1
pr_06,B55424,65,S3,1
sk_01,B126589,65,S3,1
sk_02,B126589,65,S3,1
sk_03,B107189,65,S3,1
sk_04,B107189,65,S3,1
sk_05,B107189,65,S3,1
sk_06,B107189,65,S3,1
ld_01,B126589,66,S1,1
ld_02,B126589,66,S1,1
ld_03,B126589,66,S1,1
ld_04,B126589,66,S1,1
ld_05,B108339,66,S1,1
ld_06,B108339,66,S1,1
pr_01,B126589,66,S1,1
pr_02,B126589,66,S1,1
pr_03,B126589,66,S1,1
pr_04,B126589,66,S1,1
pr_05,B107189,66,S1,1
pr_06,B107189,66,S1,1
sk_01,B126589,66,S1,1
sk_02,B126589,66,S1,1
sk_03,B107189,66,S1,1
sk_04,B107189,66,S1,1
sk_05,B107189,66,S1,1
sk_06,B107189,66,S1,1
ld_01,B108339,66,S2,1
ld_02,B108339,66,S2,1
ld_03,B108339,66,S2,1
ld_04,B55424,66,S2,1
ld_05,B108339,66,S2,1
ld_06,B108339,66,S2,1
pr_01,B107189,66,S2,1
pr_02,B107189,66,S2,1
pr_03,B107189,66,S2,1
pr_04,B107189,66,S2,1
pr_05,B107189,66,S2,1
pr_06,B107189,66,S2,1
sk_01,B126589,66,S2,1
sk_02,B126589,66,S2,1
sk_03,B107189,66,S2,1
sk_04,B107189,66,S2,1
sk_05,B107189,66,S2,1
sk_06,B107189,66,S2,1
ld_01,B108339,66,S3,1
pr_01,B107189,66,S3,1
pr_02,B107189,66,S3,1
pr_03,B55424,66,S3,1
pr_04,B55424,66,S3,1
pr_05,B55424,66,S3,1
sk_01,B126589,66,S3,1
sk_02,B126589,66,S3,1
sk_03,B107189,66,S3,1
sk_04,B107189,66,S3,1
sk_05,B107189,66,S3,1
sk_06,B107189,66,S3,1
ld_01,B126589,67,S1,1
ld_02,B126589,67,S1,1
ld_03,B126589,67,S1,1
ld_04,B107189,67,S1,1
ld_05,B107189,67,S1,1
ld_06,B107189,67,S1,1
pr_01,B126589,67,S1,1
pr_02,B126589,67,S1,1
pr_03,B126589,67,S1,1
pr_04,B126589,67,S1,1
pr_05,B126589,67,S1,1
pr_06,B107189,67,S1,1
sk_01,B126589,67,S1,1
sk_02,B126589,67,S1,1
sk_03,B107189,67,S1,1
sk_04,B107189,67,S1,1
sk_05,B107189,67,S1,1
sk_06,B120266,67,S1,1
ld_01,B107189,67,S2,1
ld_02,B107189,67,S2,1
ld_03,B107189,67,S2,1
ld_04,B107189,67,S2,1
ld_05,B107189,67,S2,1
ld_06,B55424,67,S2,1
pr_01,B107189,67,S2,1
pr_02,B107189,67,S2,1
pr_03,B107189,67,S2,1
pr_04,B107189,67,S2,1
pr_05,B107189,67,S2,1
pr_06,B107189,67,S2,1
sk_01,B126589,67,S2,1
sk_02,B126589,67,S2,1
sk_03,B109915,67,S2,1
sk_04,B145584,67,S2,1
sk_05,B110288,67,S2,1
sk_06,B127158,67,S2,1
ld_01,B55424,67,S3,1
ld_02,B55424,67,S3,1
pr_01,B107189,67,S3,1
pr_02,B107189,67,S3,1
pr_03,B107189,67,S3,1
pr_04,B107189,67,S3,1
sk_01,B126589,67,S3,1
sk_02,B126589,67,S3,1
sk_03,B120266,67,S3,1
sk_04,B109915,67,S3,1
sk_05,B145584,67,S3,1
sk_06,B110288,67,S3,1
ld_01,B126589,68,S1,1
ld_02,B126589,68,S1,1
ld_03,B126589,68,S1,1
ld_04,B107189,68,S1,1
ld_05,B107189,68,S1,1
ld_06,B126589,68,S1,1
pr_01,B110288,68,S1,1
pr_02,B109915,68,S1,1
pr_03,B120266,68,S1,1
pr_04,B120266,68,S1,1
pr_05,B145584,68,S1,1
pr_06,B145584,68,S1,1
sk_01,B126589,68,S1,1
sk_02,B126589,68,S1,1
sk_03,B127158,68,S1,1
sk_04,B120266,68,S1,1
sk_05,B109915,68,S1,1
sk_06,B145584,68,S1,1
ld_01,B107189,68,S2,1
ld_02,B107189,68,S2,1
ld_03,B107189,68,S2,1
ld_04,B107189,68,S2,1
ld_05,B107189,68,S2,1
ld_06,B107189,68,S2,1
pr_01,B126589,68,S2,1
pr_02,B126589,68,S2,1
pr_03,B126589,68,S2,1
pr_04,B126589,68,S2,1
pr_05,B127158,68,S2,1
pr_06,B107189,68,S2,1
sk_01,B126589,68,S2,1
sk_02,B126589,68,S2,1
sk_03,B110288,68,S2,1
sk_04,B127158,68,S2,1
sk_05,B120266,68,S2,1
sk_06,B109915,68,S2,1
ld_01,B107189,68,S3,1
pr_01,B107189,68,S3,1
pr_02,B107189,68,S3,1
sk_01,B126589,68,S3,1
sk_02,B126589,68,S3,1
sk_03,B145584,68,S3,1
sk_04,B110288,68,S3,1
sk_05,B127158,68,S3,1
sk_06,B120266,68,S3,1
ld_01,B145584,69,S1,1
ld_02,B127158,69,S1,1
ld_03,B145584,69,S1,1
ld_04,B120266,69,S1,1
ld_05,B110288,69,S1,1
ld_06,B120266,69,S1,1
pr_01,B110288,69,S1,1
pr_02,B109915,69,S1,1
pr_03,B120266,69,S1,1
pr_04,B120266,69,S1,1
pr_05,B145584,69,S1,1
pr_06,B126589,69,S1,1
sk_01,B126589,69,S1,1
sk_02,B126589,69,S1,1
sk_03,B109915,69,S1,1
sk_04,B145584,69,S1,1
sk_05,B110288,69,S1,1
sk_06,B127158,69,S1,1
ld_01,B110288,69,S2,1
ld_02,B109915,69,S2,1
ld_03,B126589,69,S2,1
ld_04,B126589,69,S2,1
ld_05,B126589,69,S2,1
ld_06,B126589,69,S2,1
pr_01,B126589,69,S2,1
pr_02,B126589,69,S2,1
pr_03,B126589,69,S2,1
pr_04,B127158,69,S2,1
pr_05,B127158,69,S2,1
sk_01,B126589,69,S2,1
sk_02,B126589,69,S2,1
sk_03,B120266,69,S2,1
sk_04,B109915,69,S2,1
sk_05,B145584,69,S2,1
sk_06,B110288,69,S2,1
ld_01,B107189,69,S3,1
ld_02,B107189,69,S3,1
ld_03,B107189,69,S3,1
sk_01,B126589,69,S3,1
sk_02,B126589,69,S3,1
sk_03,B127158,69,S3,1
sk_04,B120266,69,S3,1
sk_05,B109915,69,S3,1
sk_06,B145584,69,S3,1
ld_01,B127158,70,S1,1
ld_02,B127158,70,S1,1
ld_03,B120266,70,S1,1
ld_04,B110288,70,S1,1
ld_05,B120266,70,S1,1
ld_06,B109915,70,S1,1
pr_01,B110288,70,S1,1
pr_02,B109915,70,S1,1
pr_03,B120266,70,S1,1
pr_04,B145584,70,S1,1
pr_05,B145584,70,S1,1
pr_06,B109915,70,S1,1
sk_01,B126589,70,S1,1
sk_02,B126589,70,S1,1
sk_03,B110288,70,S1,1
sk_04,B127158,70,S1,1
sk_05,B120266,70,S1,1
sk_06,B109915,70,S1,1
ld_01,B126589,70,S2,1
ld_02,B126589,70,S2,1
ld_03,B126589,70,S2,1
pr_01,B126589,70,S2,1
pr_02,B126589,70,S2,1
pr_03,B126589,70,S2,1
pr_04,B126589,70,S2,1
pr_05,B127158,70,S2,1
pr_06,B126589,70,S2,1
sk_01,B126589,70,S2,1
sk_02,B126589,70,S2,1
sk_03,B145584,70,S2,1
sk_04,B110288,70,S2,1
sk_05,B127158,70,S2,1
sk_06,B120266,70,S2,1
pr_01,B127158,70,S3,1
sk_01,B126589,70,S3,1
sk_02,B126589,70,S3,1
sk_03,B109915,70,S3,1
sk_04,B145584,70,S3,1
sk_05,B110288,70,S3,1
sk_06,B127158,70,S3,1
ld_01,B145584,71,S1,1
ld_02,B145584,71,S1,1
ld_03,B127158,71,S1,1
ld_04,B110288,71,S1,1
ld_05,B120266,71,S1,1
ld_06,B109915,71,S1,1
pr_01,B110288,71,S1,1
pr_02,B109915,71,S1,1
pr_03,B120266,71,S1,1
pr_04,B145584,71,S1,1
pr_05,B110288,71,S1,1
pr_06,B145584,71,S1,1
sk_01,B126589,71,S1,1
sk_02,B126589,71,S1,1
sk_03,B120266,71,S1,1
sk_04,B109915,71,S1,1
sk_05,B145584,71,S1,1
sk_06,B110288,71,S1,1
ld_01,B109915,71,S2,1
ld_02,B126589,71,S2,1
ld_03,B126589,71,S2,1
ld_04,B126589,71,S2,1
ld_05,B126589,71,S2,1
pr_01,B126589,71,S2,1
pr_02,B126589,71,S2,1
pr_03,B126589,71,S2,1
pr_04,B127158,71,S2,1
pr_05,B126589,71,S2,1
pr_06,B127158,71,S2,1
sk_01,B126589,71,S2,1
sk_02,B126589,71,S2,1
sk_03,B127158,71,S2,1
sk_04,B120266,71,S2,1
sk_05,B109915,71,S2,1
sk_06,B145584,71,S2,1
sk_01,B126589,71,S3,1
sk_02,B126589,71,S3,1
sk_03,B110288,71,S3,1
sk_04,B127158,71,S3,1
sk_05,B120266,71,S3,1
sk_06,B109915,71,S3,1
ld_01,B145584,72,S1,1
ld_02,B127158,72,S1,1
ld_03,B145584,72,S1,1
ld_04,B110288,72,S1,1
ld_05,B127158,72,S1,1
ld_06,B120266,72,S1,1
pr_01,B110288,72,S1,1
pr_02,B109915,72,S1,1
pr_03,B109915,72,S1,1
pr_04,B120266,72,S1,1
pr_05,B120266,72,S1,1
pr_06,B145584,72,S1,1
sk_01,B126589,72,S1,1
sk_02,B126589,72,S1,1
sk_03,B145584,72,S1,1
sk_04,B110288,72,S1,1
sk_05,B127158,72,S1,1
sk_06,B120266,72,S1,1
ld_01,B110288,72,S2,1
ld_02,B109915,72,S2,1
ld_03,B126589,72,S2,1
ld_04,B126589,72,S2,1
ld_05,B126589,72,S2,1
pr_01,B126589,72,S2,1
pr_02,B126589,72,S2,1
pr_03,B126589,72,S2,1
pr_04,B126589,72,S2,1
pr_05,B126589,72,S2,1
pr_06,B127158,72,S2,1
sk_01,B126589,72,S2,1
sk_02,B126589,72,S2,1
sk_03,B109915,72,S2,1
sk_04,B145584,72,S2,1
sk_05,B110288,72,S2,1
sk_06,B127158,72,S2,1
pr_01,B127158,72,S3,1
sk_01,B126589,72,S3,1
sk_02,B126589,72,S3,1
sk_03,B120266,72,S3,1
sk_04,B109915,72,S3,1
sk_05,B145584,72,S3,1
sk_06,B110288,72,S3,1
ld_01,B145584,73,S1,1
ld_02,B127158,73,S1,1
ld_03,B120266,73,S1,1
ld_04,B110288,73,S1,1
ld_05,B127158,73,S1,1
ld_06,B120266,73,S1,1
pr_01,B110288,73,S1,1
pr_02,B109915,73,S1,1
pr_03,B120266,73,S1,1
pr_04,B110288,73,S1,1
pr_05,B145584,73,S1,1
pr_06,B120266,73,S1,1
sk_01,B126589,73,S1,1
sk_02,B126589,73,S1,1
sk_03,B127158,73,S1,1
sk_04,B120266,73,S1,1
sk_05,B109915,73,S1,1
sk_06,B145584,73,S1,1
ld_01,B109915,73,S2,1
ld_02,B109915,73,S2,1
ld_03,B126589,73,S2,1
ld_04,B126589,73,S2,1
ld_05,B126589,73,S2,1
ld_06,B126589,73,S2,1
pr_01,B145584,73,S2,1
pr_02,B126589,73,S2,1
pr_03,B126589,73,S2,1
pr_04,B126589,73,S2,1
pr_05,B127158,73,S2,1
pr_06,B126589,73,S2,1
sk_01,B126589,73,S2,1
sk_02,B126589,73,S2,1
sk_03,B110288,73,S2,1
sk_04,B127158,73,S2,1
sk_05,B120266,73,S2,1
sk_06,B109915,73,S2,1
ld_01,B126589,73,S3,1
sk_01,B126589,73,S3,1
sk_02,B126589,73,S3,1
sk_03,B145584,73,S3,1
sk_04,B110288,73,S3,1
sk_05,B127158,73,S3,1
sk_06,B120266,73,S3,1
ld_01,B145584,74,S1,1
ld_02,B145584,74,S1,1
ld_03,B110288,74,S1,1
ld_04,B120266,74,S1,1
ld_05,B110288,74,S1,1
ld_06,B110288,74,S1,1
pr_01,B126589,74,S1,1
pr_02,B126589,74,S1,1
pr_03,B110288,74,S1,1
pr_04,B109915,74,S1,1
pr_05,B120266,74,S1,1
pr_06,B145584,74,S1,1
sk_01,B109915,74,S1,1
sk_02,B145584,74,S1,1
sk_03,B110288,74,S1,1
sk_04,B127158,74,S1,1
sk_05,B120266,74,S1,1
sk_06,B109915,74,S1,1
ld_01,B109915,74,S2,1
ld_02,B126589,74,S2,1
ld_03,B126589,74,S2,1
ld_04,B126589,74,S2,1
pr_01,B126589,74,S2,1
pr_02,B126589,74,S2,1
pr_03,B127158,74,S2,1
pr_04,B145584,74,S2,1
pr_05,B127158,74,S2,1
sk_01,B145584,74,S2,1
sk_02,B110288,74,S2,1
sk_03,B127158,74,S2,1
sk_04,B120266,74,S2,1
sk_05,B109915,74,S2,1
sk_06,B145584,74,S2,1
sk_01,B110288,74,S3,1
sk_02,B127158,74,S3,1
sk_03,B120266,74,S3,1
sk_04,B109915,74,S3,1
sk_05,B145584,74,S3,1
sk_06,B110288,74,S3,1
ld_01,B145584,75,S1,1
ld_02,B126589,75,S1,1
ld_03,B126589,75,S1,1
ld_04,B127158,75,S1,1
ld_05,B127158,75,S1,1
ld_06,B120266,75,S1,1
pr_01,B110288,75,S1,1
pr_02,B110288,75,S1,1
pr_03,B109915,75,S1,1
pr_04,B109915,75,S1,1
pr_05,B120266,75,S1,1
pr_06,B120266,75,S1,1
sk_01,B127158,75,S1,1
sk_02,B120266,75,S1,1
sk_03,B109915,75,S1,1
sk_04,B145584,75,S1,1
sk_05,B110288,75,S1,1
sk_06,B127158,75,S1,1
ld_01,B126589,75,S2,1
ld_02,B109915,75,S2,1
ld_03,B110288,75,S2,1
ld_04,B109915,75,S2,1
pr_01,B145584,75,S2,1
pr_02,B145584,75,S2,1
pr_03,B145584,75,S2,1
pr_04,B127158,75,S2,1
pr_05,B127158,75,S2,1
pr_06,B127158,75,S2,1
sk_01,B120266,75,S2,1
sk_02,B109915,75,S2,1
sk_03,B145584,75,S2,1
sk_04,B110288,75,S2,1
sk_05,B127158,75,S2,1
sk_06,B120266,75,S2,1
sk_01,B109915,75,S3,1
sk_02,B145584,75,S3,1
sk_03,B110288,75,S3,1
sk_04,B127158,75,S3,1
sk_05,B120266,75,S3,1
sk_06,B109915,75,S3,1
ld_01,B145584,76,S1,1
ld_02,B127158,76,S1,1
ld_03,B145584,76,S1,1
ld_04,B120266,76,S1,1
ld_05,B127158,76,S1,1
ld_06,B145584,76,S1,1
pr_01,B110288,76,S1,1
pr_02,B109915,76,S1,1
pr_03,B109915,76,S1,1
pr_04,B120266,76,S1,1
pr_05,B120266,76,S1,1
pr_06,B120266,76,S1,1
sk_01,B145584,76,S1,1
sk_02,B110288,76,S1,1
sk_03,B127158,76,S1,1
sk_04,B120266,76,S1,1
sk_05,B109915,76,S1,1
sk_06,B145584,76,S1,1
ld_01,B120266,76,S2,1
ld_02,B110288,76,S2,1
ld_03,B109915,76,S2,1
ld_04,B127158,76,S2,1
ld_05,B110288,76,S2,1
ld_06,B109915,76,S2,1
pr_01,B145584,76,S2,1
pr_02,B145584,76,S2,1
pr_03,B127158,76,S2,1
pr_04,B127158,76,S2,1
sk_01,B110288,76,S2,1
sk_02,B127158,76,S2,1
sk_03,B120266,76,S2,1
sk_04,B109915,76,S2,1
sk_05,B145584,76,S2,1
sk_06,B110288,76,S2,1
sk_01,B127158,76,S3,1
sk_02,B120266,76,S3,1
sk_03,B109915,76,S3,1
sk_04,B145584,76,S3,1
sk_05,B110288,76,S3,1
sk_06,B127158,76,S3,1
ld_01,B145584,77,S1,1
ld_02,B127158,77,S1,1
ld_03,B120266,77,S1,1
ld_04,B145584,77,S1,1
ld_05,B120266,77,S1,1
ld_06,B110288,77,S1,1
pr_01,B110288,77,S1,1
pr_02,B110288,77,S1,1
pr_03,B109915,77,S1,1
pr_04,B109915,77,S1,1
pr_05,B120266,77,S1,1
pr_06,B145584,77,S1,1
sk_01,B120266,77,S1,1
sk_02,B109915,77,S1,1
sk_03,B145584,77,S1,1
sk_04,B110288,77,S1,1
sk_05,B127158,77,S1,1
sk_06,B120266,77,S1,1
ld_01,B120266,77,S2,1
ld_02,B109915,77,S2,1
ld_03,B109915,77,S2,1
pr_01,B145584,77,S2,1
pr_02,B120266,77,S2,1
pr_03,B127158,77,S2,1
pr_04,B145584,77,S2,1
pr_05,B127158,77,S2,1
pr_06,B127158,77,S2,1
sk_01,B109915,77,S2,1
sk_02,B145584,77,S2,1
sk_03,B110288,77,S2,1
sk_04,B127158,77,S2,1
sk_05,B120266,77,S2,1
sk_06,B109915,77,S2,1
sk_01,B145584,77,S3,1
sk_02,B113324,77,S3,1
sk_03,B110288,77,S3,1
sk_04,B127158,77,S3,1
sk_05,B120266,77,S3,1
sk_06,B109915,77,S3,1
ld_01,B145584,78,S1,1
ld_02,B127158,78,S1,1
ld_03,B110288,78,S1,1
ld_04,B127158,78,S1,1
ld_05,B145584,78,S1,1
ld_06,B120266,78,S1,1
pr_01,B110288,78,S1,1
pr_02,B110288,78,S1,1
pr_03,B109915,78,S1,1
pr_04,B109915,78,S1,1
pr_05,B120266,78,S1,1
pr_06,B120266,78,S1,1
sk_01,B145584,78,S1,1
sk_02,B113324,78,S1,1
sk_03,B110288,78,S1,1
sk_04,B127158,78,S1,1
sk_05,B120266,78,S1,1
sk_06,B109915,78,S1,1
ld_01,B110288,78,S2,1
ld_02,B127158,78,S2,1
ld_03,B120266,78,S2,1
ld_04,B109915,78,S2,1
ld_05,B110288,78,S2,1
ld_06,B109915,78,S2,1
pr_01,B120266,78,S2,1
pr_02,B145584,78,S2,1
pr_03,B145584,78,S2,1
pr_04,B127158,78,S2,1
pr_05,B127158,78,S2,1
pr_06,B127158,78,S2,1
sk_01,B145584,78,S2,1
sk_02,B113324,78,S2,1
sk_03,B110288,78,S2,1
sk_04,B127158,78,S2,1
sk_05,B120266,78,S2,1
sk_06,B109915,78,S2,1
sk_01,B145584,78,S3,1
sk_02,B113324,78,S3,1
sk_03,B110288,78,S3,1
sk_04,B127158,78,S3,1
sk_05,B120266,78,S3,1
sk_06,B109915,78,S3,1
ld_01,B145584,79,S1,1
ld_02,B127158,79,S1,1
ld_03,B145584,79,S1,1
ld_04,B120266,79,S1,1
ld_05,B110288,79,S1,1
ld_06,B127158,79,S1,1
pr_01,B110288,79,S1,1
pr_02,B109915,79,S1,1
pr_03,B113324,79,S1,1
pr_04,B110288,79,S1,1
pr_05,B120266,79,S1,1
pr_06,B109915,79,S1,1
sk_01,B145584,79,S1,1
sk_02,B113324,79,S1,1
sk_03,B110288,79,S1,1
sk_04,B127158,79,S1,1
sk_05,B120266,79,S1,1
sk_06,B109915,79,S1,1
ld_01,B110288,79,S2,1
ld_02,B120266,79,S2,1
ld_03,B109915,79,S2,1
ld_04,B120266,79,S2,1
ld_05,B109915,79,S2,1
pr_01,B145584,79,S2,1
pr_02,B113324,79,S2,1
pr_03,B127158,79,S2,1
pr_04,B120266,79,S2,1
pr_05,B127158,79,S2,1
pr_06,B145584,79,S2,1
sk_01,B120266,79,S2,1
sk_02,B109915,79,S2,1
sk_03,B120266,79,S2,1
sk_04,B109915,79,S2,1
sk_05,B145584,79,S2,1
sk_06,B113324,79,S2,1
sk_01,B120266,79,S3,1
sk_02,B109915,79,S3,1
sk_03,B120266,79,S3,1
sk_04,B109915,79,S3,1
sk_05,B110288,79,S3,1
sk_06,B127158,79,S3,1
ld_01,B127158,80,S1,1
ld_02,B145584,80,S1,1
ld_03,B110288,80,S1,1
ld_04,B145584,80,S1,1
ld_05,B113324,80,S1,1
ld_06,B127158,80,S1,1
pr_01,B110288,80,S1,1
pr_02,B109915,80,S1,1
pr_03,B109915,80,S1,1
pr_04,B109915,80,S1,1
pr_05,B113324,80,S1,1
pr_06,B120266,80,S1,1
sk_01,B120266,80,S1,1
sk_02,B109915,80,S1,1
sk_03,B120266,80,S1,1
sk_04,B109915,80,S1,1
sk_05,B145584,80,S1,1
sk_06,B113324,80,S1,1
ld_01,B113324,80,S2,1
ld_02,B120266,80,S2,1
ld_03,B110288,80,S2,1
ld_04,B109915,80,S2,1
ld_05,B120266,80,S2,1
ld_06,B109915,80,S2,1
pr_01,B120266,80,S2,1
pr_02,B120266,80,S2,1
pr_03,B145584,80,S2,1
pr_04,B127158,80,S2,1
sk_01,B120266,80,S2,1
sk_02,B109915,80,S2,1
sk_03,B120266,80,S2,1
sk_04,B109915,80,S2,1
sk_05,B110288,80,S2,1
sk_06,B127158,80,S2,1
ld_01,B109915,80,S3,1
sk_01,B110288,80,S3,1
sk_02,B120266,80,S3,1
sk_03,B109915,80,S3,1
sk_04,B110288,80,S3,1
sk_05,B120266,80,S3,1
sk_06,B109915,80,S3,1
ld_01,B145584,81,S1,1
ld_02,B127158,81,S1,1
ld_03,B110288,81,S1,1
ld_04,B120266,81,S1,1
ld_05,B113324,81,S1,1
ld_06,B120266,81,S1,1
pr_01,B110288,81,S1,1
pr_02,B109915,81,S1,1
pr_03,B109915,81,S1,1
pr_04,B109915,81,S1,1
pr_05,B113324,81,S1,1
pr_06,B120266,81,S1,1
sk_01,B110288,81,S1,1
sk_02,B126492,81,S1,1
sk_03,B126492,81,S1,1
sk_04,B145584,81,S1,1
sk_05,B113324,81,S1,1
sk_06,B127158,81,S1,1
ld_01,B109915,81,S2,1
ld_02,B110288,81,S2,1
ld_03,B109915,81,S2,1
ld_04,B109915,81,S2,1
pr_01,B120266,81,S2,1
pr_02,B120266,81,S2,1
pr_03,B120266,81,S2,1
pr_04,B145584,81,S2,1
pr_05,B127158,81,S2,1
sk_01,B126492,81,S2,1
sk_02,B126492,81,S2,1
sk_03,B145584,81,S2,1
sk_04,B113324,81,S2,1
sk_05,B127158,81,S2,1
sk_06,B145584,81,S2,1
sk_01,B126492,81,S3,1
sk_02,B126492,81,S3,1
sk_03,B113324,81,S3,1
sk_04,B127158,81,S3,1
sk_05,B145584,81,S3,1
sk_06,B113324,81,S3,1
ld_01,B127158,82,S1,1
ld_02,B120266,82,S1,1
ld_03,B109915,82,S1,1
ld_04,B109915,82,S1,1
ld_05,B110288,82,S1,1
ld_06,B113324,82,S1,1
pr_01,B113324,82,S1,1
pr_02,B110288,82,S1,1
pr_03,B145584,82,S1,1
pr_04,B113324,82,S1,1
pr_05,B145584,82,S1,1
pr_06,B127158,82,S1,1
sk_01,B126492,82,S1,1
sk_02,B126492,82,S1,1
sk_03,B110288,82,S1,1
sk_04,B127158,82,S1,1
sk_05,B145584,82,S1,1
sk_06,B113324,82,S1,1
ld_01,B120266,82,S2,1
ld_02,B120266,82,S2,1
ld_03,B109915,82,S2,1
ld_04,B120266,82,S2,1
pr_01,B127158,82,S2,1
pr_02,B145584,82,S2,1
pr_03,B126492,82,S2,1
pr_04,B126492,82,S2,1
pr_05,B126492,82,S2,1
pr_06,B126492,82,S2,1
sk_01,B126492,82,S2,1
sk_02,B126492,82,S2,1
sk_03,B126413,82,S2,1
sk_04,B126413,82,S2,1
sk_05,B110288,82,S2,1
sk_06,B127158,82,S2,1
pr_01,B126492,82,S3,1
pr_02,B126492,82,S3,1
sk_01,B126413,82,S3,1
sk_02,B126413,82,S3,1
sk_03,B145584,82,S3,1
sk_04,B113324,82,S3,1
sk_05,B110288,82,S3,1
sk_06,B127158,82,S3,1
ld_01,B145584,83,S1,1
ld_02,B145584,83,S1,1
ld_03,B127158,83,S1,1
ld_04,B145584,83,S1,1
ld_05,B113324,83,S1,1
ld_06,B110288,83,S1,1
pr_01,B110288,83,S1,1
pr_02,B113324,83,S1,1
pr_03,B145584,83,S1,1
pr_04,B127158,83,S1,1
pr_05,B127158,83,S1,1
pr_06,B127158,83,S1,1
sk_01,B126413,83,S1,1
sk_02,B126413,83,S1,1
sk_03,B145584,83,S1,1
sk_04,B110471,83,S1,1
sk_05,B113324,83,S1,1
sk_06,B110288,83,S1,1
ld_01,B113324,83,S2,1
ld_02,B126492,83,S2,1
ld_03,B126492,83,S2,1
ld_04,B126492,83,S2,1
pr_01,B126413,83,S2,1
pr_02,B126492,83,S2,1
pr_03,B126492,83,S2,1
pr_04,B126413,83,S2,1
pr_05,B126413,83,S2,1
pr_06,B126492,83,S2,1
sk_01,B126413,83,S2,1
sk_02,B126413,83,S2,1
sk_03,B127158,83,S2,1
sk_04,B145584,83,S2,1
sk_05,B110471,83,S2,1
sk_06,B113324,83,S2,1
pr_01,B126492,83,S3,1
sk_01,B126413,83,S3,1
sk_02,B126413,83,S3,1
sk_03,B110288,83,S3,1
sk_04,B127158,83,S3,1
sk_05,B145584,83,S3,1
sk_06,B110471,83,S3,1
ld_01,B127158,84,S1,1
ld_02,B145584,84,S1,1
ld_03,B127158,84,S1,1
ld_04,B110288,84,S1,1
ld_05,B113324,84,S1,1
ld_06,B126492,84,S1,1
pr_01,B110288,84,S1,1
pr_02,B110471,84,S1,1
pr_03,B113324,84,S1,1
pr_04,B145584,84,S1,1
pr_05,B145584,84,S1,1
pr_06,B127158,84,S1,1
sk_01,B126413,84,S1,1
sk_02,B126413,84,S1,1
sk_03,B113324,84,S1,1
sk_04,B110288,84,S1,1
sk_05,B127158,84,S1,1
sk_06,B120266,84,S1,1
ld_01,B126492,84,S2,1
ld_02,B127158,84,S2,1
ld_03,B126413,84,S2,1
ld_04,B126413,84,S2,1
pr_01,B145584,84,S2,1
pr_02,B126413,84,S2,1
pr_03,B126413,84,S2,1
pr_04,B126413,84,S2,1
pr_05,B126413,84,S2,1
sk_01,B126413,84,S2,1
sk_02,B126413,84,S2,1
sk_03,B109915,84,S2,1
sk_04,B145584,84,S2,1
sk_05,B110471,84,S2,1
sk_06,B113324,84,S2,1
sk_01,B126413,84,S3,1
sk_02,B126413,84,S3,1
sk_03,B110288,84,S3,1
sk_04,B127158,84,S3,1
sk_05,B120266,84,S3,1
sk_06,B109915,84,S3,1
ld_01,B145584,85,S1,1
ld_02,B145584,85,S1,1
ld_03,B110288,85,S1,1
ld_04,B113324,85,S1,1
ld_05,B110471,85,S1,1
ld_06,B126413,85,S1,1
pr_01,B110288,85,S1,1
pr_02,B109915,85,S1,1
pr_03,B110471,85,S1,1
pr_04,B113324,85,S1,1
pr_05,B113324,85,S1,1
pr_06,B120266,85,S1,1
sk_01,B126413,85,S1,1
sk_02,B126413,85,S1,1
sk_03,B145584,85,S1,1
sk_04,B110471,85,S1,1
sk_05,B113324,85,S1,1
sk_06,B110288,85,S1,1
ld_01,B126413,85,S2,1
ld_02,B126413,85,S2,1
pr_01,B127158,85,S2,1
pr_02,B127158,85,S2,1
pr_03,B126413,85,S2,1
pr_04,B126413,85,S2,1
pr_05,B126413,85,S2,1
pr_06,B126413,85,S2,1
sk_01,B126413,85,S2,1
sk_02,B126413,85,S2,1
sk_03,B127158,85,S2,1
sk_04,B120266,85,S2,1
sk_05,B109915,85,S2,1
sk_06,B145584,85,S2,1
pr_01,B126413,85,S3,1
sk_01,B126413,85,S3,1
sk_02,B126413,85,S3,1
sk_03,B110471,85,S3,1
sk_04,B113324,85,S3,1
sk_05,B110288,85,S3,1
sk_06,B127158,85,S3,1
ld_01,B113324,86,S1,1
ld_02,B127158,86,S1,1
ld_03,B127158,86,S1,1
ld_04,B110288,86,S1,1
ld_05,B120266,86,S1,1
ld_06,B110471,86,S1,1
pr_01,B110288,86,S1,1
pr_02,B110471,86,S1,1
pr_03,B113324,86,S1,1
pr_04,B120266,86,S1,1
pr_05,B145584,86,S1,1
pr_06,B109915,86,S1,1
sk_01,B126413,86,S1,1
sk_02,B126413,86,S1,1
sk_03,B120266,86,S1,1
sk_04,B109915,86,S1,1
sk_05,B145584,86,S1,1
sk_06,B110471,86,S1,1
ld_01,B109915,86,S2,1
ld_02,B113324,86,S2,1
ld_03,B126413,86,S2,1
ld_04,B126413,86,S2,1
ld_05,B126413,86,S2,1
ld_06,B126413,86,S2,1
pr_01,B127158,86,S2,1
pr_02,B145584,86,S2,1
pr_03,B110288,86,S2,1
pr_04,B126413,86,S2,1
pr_05,B126413,86,S2,1
pr_06,B126413,86,S2,1
sk_01,B126413,86,S2,1
sk_02,B126413,86,S2,1
sk_03,B113324,86,S2,1
sk_04,B110288,86,S2,1
sk_05,B127158,86,S2,1
sk_06,B120266,86,S2,1
pr_01,B126413,86,S3,1
pr_02,B126413,86,S3,1
sk_01,B126413,86,S3,1
sk_02,B126413,86,S3,1
sk_03,B109915,86,S3,1
sk_04,B145584,86,S3,1
sk_05,B110471,86,S3,1
sk_06,B113324,86,S3,1
ld_01,B145584,87,S1,1
ld_02,B127158,87,S1,1
ld_03,B145584,87,S1,1
ld_04,B110288,87,S1,1
ld_05,B110471,87,S1,1
ld_06,B113324,87,S1,1
pr_01,B109915,87,S1,1
pr_02,B110471,87,S1,1
pr_03,B113324,87,S1,1
pr_04,B120266,87,S1,1
pr_05,B145584,87,S1,1
pr_06,B127158,87,S1,1
sk_01,B126413,87,S1,1
sk_02,B126413,87,S1,1
sk_03,B110288,87,S1,1
sk_04,B127158,87,S1,1
sk_05,B120266,87,S1,1
sk_06,B109915,87,S1,1
ld_01,B109915,87,S2,1
ld_02,B110288,87,S2,1
ld_03,B120266,87,S2,1
ld_04,B110288,87,S2,1
ld_05,B109915,87,S2,1
ld_06,B126413,87,S2,1
pr_01,B126413,87,S2,1
pr_02,B126413,87,S2,1
pr_03,B126413,87,S2,1
pr_04,B126413,87,S2,1
pr_05,B126413,87,S2,1
sk_01,B126413,87,S2,1
sk_02,B126413,87,S2,1
sk_03,B145584,87,S2,1
sk_04,B110471,87,S2,1
sk_05,B113324,87,S2,1
sk_06,B110288,87,S2,1
ld_01,B126413,87,S3,1
ld_02,B126413,87,S3,1
ld_03,B126413,87,S3,1
sk_01,B126413,87,S3,1
sk_02,B124540,87,S3,1
sk_03,B124540,87,S3,1
sk_04,B127158,87,S3,1
sk_05,B120266,87,S3,1
sk_06,B109915,87,S3,1
ld_01,B109915,88,S1,1
ld_02,B145584,88,S1,1
ld_03,B120266,88,S1,1
ld_04,B127158,88,S1,1
ld_05,B110471,88,S1,1
ld_06,B113324,88,S1,1
pr_01,B126413,88,S1,1
pr_02,B126413,88,S1,1
pr_03,B110288,88,S1,1
pr_04,B109915,88,S1,1
pr_05,B110471,88,S1,1
pr_06,B113324,88,S1,1
sk_01,B124540,88,S1,1
sk_02,B124453,88,S1,1
sk_03,B124453,88,S1,1
sk_04,B145584,88,S1,1
sk_05,B110471,88,S1,1
sk_06,B113324,88,S1,1
ld_01,B126413,88,S2,1
ld_02,B126413,88,S2,1
ld_03,B126413,88,S2,1
ld_04,B126413,88,S2,1
pr_01,B126413,88,S2,1
pr_02,B126413,88,S2,1
pr_03,B120266,88,S2,1
pr_04,B145584,88,S2,1
pr_05,B127158,88,S2,1
pr_06,B124540,88,S2,1
sk_01,B124453,88,S2,1
sk_02,B124453,88,S2,1
sk_03,B110288,88,S2,1
sk_04,B127158,88,S2,1
sk_05,B120266,88,S2,1
sk_06,B109915,88,S2,1
pr_01,B120266,88,S3,1
sk_01,B124453,88,S3,1
sk_02,B124453,88,S3,1
sk_03,B145584,88,S3,1
sk_04,B110471,88,S3,1
sk_05,B113324,88,S3,1
sk_06,B110288,88,S3,1
ld_01,B126413,89,S1,1
ld_02,B126413,89,S1,1
ld_03,B109915,89,S1,1
ld_04,B120266,89,S1,1
ld_05,B110288,89,S1,1
ld_06,B110471,89,S1,1
pr_01,B124453,89,S1,1
pr_02,B124453,89,S1,1
pr_03,B110288,89,S1,1
pr_04,B109915,89,S1,1
pr_05,B110471,89,S1,1
pr_06,B113324,89,S1,1
sk_01,B124453,89,S1,1
sk_02,B124453,89,S1,1
sk_03,B127158,89,S1,1
sk_04,B120266,89,S1,1
sk_05,B124193,89,S1,1
sk_06,B124193,89,S1,1
ld_01,B145584,89,S2,1
ld_02,B126413,89,S2,1
ld_03,B113324,89,S2,1
ld_04,B127158,89,S2,1
ld_05,B120266,89,S2,1
pr_01,B145584,89,S2,1
pr_02,B127158,89,S2,1
pr_03,B124540,89,S2,1
sk_01,B124193,89,S2,1
sk_02,B124193,89,S2,1
sk_03,B109915,89,S2,1
sk_04,B145584,89,S2,1
sk_05,B110471,89,S2,1
sk_06,B113324,89,S2,1
sk_01,B124193,89,S3,1
sk_02,B124193,89,S3,1
sk_03,B110288,89,S3,1
sk_04,B127158,89,S3,1
sk_05,B120266,89,S3,1
sk_06,B109915,89,S3,1
ld_01,B145584,90,S1,1
ld_02,B110288,90,S1,1
ld_03,B113324,90,S1,1
ld_04,B109915,90,S1,1
ld_05,B110471,90,S1,1
ld_06,B124453,90,S1,1
pr_01,B124193,90,S1,1
pr_02,B124193,90,S1,1
pr_03,B124453,90,S1,1
pr_04,B109915,90,S1,1
pr_05,B110471,90,S1,1
pr_06,B120266,90,S1,1
sk_01,B124193,90,S1,1
sk_02,B124193,90,S1,1
sk_03,B145584,90,S1,1
sk_04,B110471,90,S1,1
sk_05,B113324,90,S1,1
sk_06,B110288,90,S1,1
ld_01,B124453,90,S2,1
ld_02,B124540,90,S2,1
pr_01,B145584,90,S2,1
pr_02,B127158,90,S2,1
pr_03,B120266,90,S2,1
pr_04,B110288,90,S2,1
pr_05,B127158,90,S2,1
sk_01,B124193,90,S2,1
sk_02,B124193,90,S2,1
sk_03,B127158,90,S2,1
sk_04,B120266,90,S2,1
sk_05,B109915,90,S2,1
sk_06,B145584,90,S2,1
sk_01,B124193,90,S3,1
sk_02,B124193,90,S3,1
sk_03,B110471,90,S3,1
sk_04,B113324,90,S3,1
sk_05,B110288,90,S3,1
sk_06,B127158,90,S3,1
ld_01,B127158,91,S1,1
ld_02,B120266,91,S1,1
ld_03,B145584,91,S1,1
ld_04,B110471,91,S1,1
ld_05,B127158,91,S1,1
ld_06,B110288,91,S1,1
pr_01,B124193,91,S1,1
pr_02,B124193,91,S1,1
pr_03,B124193,91,S1,1
pr_04,B110288,91,S1,1
pr_05,B110471,91,S1,1
pr_06,B113324,91,S1,1
sk_01,B124193,91,S1,1
sk_02,B124193,91,S1,1
sk_03,B120266,91,S1,1
sk_04,B109915,91,S1,1
sk_05,B123357,91,S1,1
sk_06,B123357,91,S1,1
ld_01,B109915,91,S2,1
ld_02,B124453,91,S2,1
ld_03,B120266,91,S2,1
ld_04,B124193,91,S2,1
ld_05,B124193,91,S2,1
pr_01,B113324,91,S2,1
pr_02,B145584,91,S2,1
pr_03,B127158,91,S2,1
sk_01,B123357,91,S2,1
sk_02,B123357,91,S2,1
sk_03,B145584,91,S2,1
sk_04,B110471,91,S2,1
sk_05,B121928,91,S2,1
sk_06,B121928,91,S2,1
sk_01,B121928,91,S3,1
sk_02,B121928,91,S3,1
sk_03,B113324,91,S3,1
sk_04,B110288,91,S3,1
sk_05,B127158,91,S3,1
sk_06,B120266,91,S3,1
ld_01,B113324,92,S1,1
ld_02,B127158,92,S1,1
ld_03,B145584,92,S1,1
ld_04,B110288,92,S1,1
ld_05,B110471,92,S1,1
ld_06,B113324,92,S1,1
pr_01,B124193,92,S1,1
pr_02,B109915,92,S1,1
pr_03,B121928,92,S1,1
pr_04,B120266,92,S1,1
pr_05,B145584,92,S1,1
pr_06,B127158,92,S1,1
sk_01,B121928,92,S1,1
sk_02,B121928,92,S1,1
sk_03,B109915,92,S1,1
sk_04,B145584,92,S1,1
sk_05,B110471,92,S1,1
sk_06,B113324,92,S1,1
ld_01,B124193,92,S2,1
ld_02,B124193,92,S2,1
ld_03,B124193,92,S2,1
ld_04,B124193,92,S2,1
ld_05,B124193,92,S2,1
pr_01,B123357,92,S2,1
pr_02,B123357,92,S2,1
pr_03,B121928,92,S2,1
pr_04,B123357,92,S2,1
sk_01,B121928,92,S2,1
sk_02,B121928,92,S2,1
sk_03,B110288,92,S2,1
sk_04,B127158,92,S2,1
sk_05,B120266,92,S2,1
sk_06,B109915,92,S2,1
sk_01,B121928,92,S3,1
sk_02,B121928,92,S3,1
sk_03,B145584,92,S3,1
sk_04,B110471,92,S3,1
sk_05,B113324,92,S3,1
sk_06,B110288,92,S3,1
ld_01,B127158,93,S1,1
ld_02,B120266,93,S1,1
ld_03,B109915,93,S1,1
ld_04,B121928,93,S1,1
ld_05,B124193,93,S1,1
ld_06,B123357,93,S1,1
pr_01,B110288,93,S1,1
pr_02,B109915,93,S1,1
pr_03,B121928,93,S1,1
pr_04,B121928,93,S1,1
pr_05,B121928,93,S1,1
pr_06,B110471,93,S1,1
sk_01,B121928,93,S1,1
sk_02,B121928,93,S1,1
sk_03,B127158,93,S1,1
sk_04,B120266,93,S1,1
sk_05,B109915,93,S1,1
sk_06,B145584,93,S1,1
ld_01,B121928,93,S2,1
ld_02,B123357,93,S2,1
pr_01,B110471,93,S2,1
pr_02,B113324,93,S2,1
pr_03,B120266,93,S2,1
pr_04,B145584,93,S2,1
pr_05,B145584,93,S2,1
pr_06,B127158,93,S2,1
sk_01,B121928,93,S2,1
sk_02,B121928,93,S2,1
sk_03,B110471,93,S2,1
sk_04,B113324,93,S2,1
sk_05,B110288,93,S2,1
sk_06,B127158,93,S2,1
sk_01,B121928,93,S3,1
sk_02,B121928,93,S3,1
sk_03,B120266,93,S3,1
sk_04,B109915,93,S3,1
sk_05,B145584,93,S3,1
sk_06,B110471,93,S3,1
ld_01,B145584,94,S1,1
ld_02,B110471,94,S1,1
ld_03,B109915,94,S1,1
ld_04,B113324,94,S1,1
ld_05,B145584,94,S1,1
ld_06,B120266,94,S1,1
pr_01,B109915,94,S1,1
pr_02,B110288,94,S1,1
pr_03,B121928,94,S1,1
pr_04,B121928,94,S1,1
pr_05,B121928,94,S1,1
pr_06,B110471,94,S1,1
sk_01,B121928,94,S1,1
sk_02,B121928,94,S1,1
sk_03,B113324,94,S1,1
sk_04,B110288,94,S1,1
sk_05,B127158,94,S1,1
sk_06,B120266,94,S1,1
ld_01,B110288,94,S2,1
ld_02,B110471,94,S2,1
ld_03,B127158,94,S2,1
ld_04,B110288,94,S2,1
ld_05,B121928,94,S2,1
ld_06,B121928,94,S2,1
pr_01,B113324,94,S2,1
pr_02,B120266,94,S2,1
pr_03,B145584,94,S2,1
pr_04,B127158,94,S2,1
pr_05,B121928,94,S2,1
sk_01,B121455,94,S2,1
sk_02,B121455,94,S2,1
sk_03,B109915,94,S2,1
sk_04,B145584,94,S2,1
sk_05,B110471,94,S2,1
sk_06,B113324,94,S2,1
ld_01,B121928,94,S3,1
sk_01,B121455,94,S3,1
sk_02,B121455,94,S3,1
sk_03,B110288,94,S3,1
sk_04,B127158,94,S3,1
sk_05,B120266,94,S3,1
sk_06,B109915,94,S3,1
ld_01,B145584,95,S1,1
ld_02,B113324,95,S1,1
ld_03,B120266,95,S1,1
ld_04,B110471,95,S1,1
ld_05,B109915,95,S1,1
ld_06,B110288,95,S1,1
pr_01,B121455,95,S1,1
pr_02,B121455,95,S1,1
pr_03,B110288,95,S1,1
pr_04,B109915,95,S1,1
pr_05,B121928,95,S1,1
pr_06,B113324,95,S1,1
sk_01,B121455,95,S1,1
sk_02,B121455,95,S1,1
sk_03,B145584,95,S1,1
sk_04,B111480,95,S1,1
sk_05,B110471,95,S1,1
sk_06,B113324,95,S1,1
ld_01,B121928,95,S2,1
ld_02,B121928,95,S2,1
ld_03,B121928,95,S2,1
ld_04,B121928,95,S2,1
pr_01,B120266,95,S2,1
pr_02,B120266,95,S2,1
pr_03,B145584,95,S2,1
pr_04,B127158,95,S2,1
pr_05,B127158,95,S2,1
sk_01,B121455,95,S2,1
sk_02,B121455,95,S2,1
sk_03,B110288,95,S2,1
sk_04,B127158,95,S2,1
sk_05,B120266,95,S2,1
sk_06,B109915,95,S2,1
sk_01,B121455,95,S3,1
sk_02,B121455,95,S3,1
sk_03,B145584,95,S3,1
sk_04,B111480,95,S3,1
sk_05,B110471,95,S3,1
sk_06,B113324,95,S3,1
ld_01,B127158,96,S1,1
ld_02,B113324,96,S1,1
ld_03,B145584,96,S1,1
ld_04,B127158,96,S1,1
ld_05,B120266,96,S1,1
ld_06,B110288,96,S1,1
pr_01,B121455,96,S1,1
pr_02,B121455,96,S1,1
pr_03,B121455,96,S1,1
pr_04,B110471,96,S1,1
pr_05,B113324,96,S1,1
pr_06,B109915,96,S1,1
sk_01,B121455,96,S1,1
sk_02,B121455,96,S1,1
sk_03,B110288,96,S1,1
sk_04,B127158,96,S1,1
sk_05,B120266,96,S1,1
sk_06,B109915,96,S1,1
ld_01,B120266,96,S2,1
ld_02,B121928,96,S2,1
ld_03,B109915,96,S2,1
ld_04,B121455,96,S2,1
ld_05,B121455,96,S2,1
pr_01,B145584,96,S2,1
pr_02,B110288,96,S2,1
sk_01,B121455,96,S2,1
sk_02,B121455,96,S2,1
sk_03,B145584,96,S2,1
sk_04,B111480,96,S2,1
sk_05,B110471,96,S2,1
sk_06,B113324,96,S2,1
sk_01,B121455,96,S3,1
sk_02,B121455,96,S3,1
sk_03,B110288,96,S3,1
sk_04,B121154,96,S3,1
sk_05,B121154,96,S3,1
sk_06,B127158,96,S3,1
ld_01,B110471,97,S1,1
ld_02,B113324,97,S1,1
ld_03,B145584,97,S1,1
ld_04,B109915,97,S1,1
ld_05,B110288,97,S1,1
ld_06,B109915,97,S1,1
pr_01,B121455,97,S1,1
pr_02,B121455,97,S1,1
pr_03,B111480,97,S1,1
pr_04,B121455,97,S1,1
pr_05,B110288,97,S1,1
pr_06,B110471,97,S1,1
sk_01,B121154,97,S1,1
sk_02,B121154,97,S1,1
sk_03,B120266,97,S1,1
sk_04,B109915,97,S1,1
sk_05,B145584,97,S1,1
sk_06,B111480,97,S1,1
ld_01,B121455,97,S2,1
ld_02,B121455,97,S2,1
ld_03,B121455,97,S2,1
ld_04,B121455,97,S2,1
pr_01,B113324,97,S2,1
pr_02,B120266,97,S2,1
pr_03,B145584,97,S2,1
pr_04,B127158,97,S2,1
pr_05,B127158,97,S2,1
sk_01,B121154,97,S2,1
sk_02,B121154,97,S2,1
sk_03,B110471,97,S2,1
sk_04,B113324,97,S2,1
sk_05,B110288,97,S2,1
sk_06,B127158,97,S2,1
sk_01,B120266,97,S3,1
sk_02,B120266,97,S3,1
sk_03,B109915,97,S3,1
sk_04,B145584,97,S3,1
sk_05,B111480,97,S3,1
sk_06,B110471,97,S3,1
ld_01,B121455,98,S1,1
ld_02,B121455,98,S1,1
ld_03,B110471,98,S1,1
ld_04,B127158,98,S1,1
ld_05,B145584,98,S1,1
ld_06,B111480,98,S1,1
pr_01,B121154,98,S1,1
pr_02,B111480,98,S1,1
pr_03,B109915,98,S1,1
pr_04,B110471,98,S1,1
pr_05,B113324,98,S1,1
pr_06,B120266,98,S1,1
sk_01,B126492,98,S1,1
sk_02,B120266,98,S1,1
sk_03,B120266,98,S1,1
sk_04,B113324,98,S1,1
sk_05,B110288,98,S1,1
sk_06,B127158,98,S1,1
ld_01,B127158,98,S2,1
ld_02,B110288,98,S2,1
ld_03,B113324,98,S2,1
ld_04,B121455,98,S2,1
pr_01,B120266,98,S2,1
pr_02,B145584,98,S2,1
pr_03,B127158,98,S2,1
sk_01,B120266,98,S2,1
sk_02,B120266,98,S2,1
sk_03,B109915,98,S2,1
sk_04,B145584,98,S2,1
sk_05,B111480,98,S2,1
sk_06,B110471,98,S2,1
sk_01,B120266,98,S3,1
sk_02,B120266,98,S3,1
sk_03,B113324,98,S3,1
sk_04,B110288,98,S3,1
sk_05,B127158,98,S3,1
sk_06,B109915,98,S3,1
ld_01,B120266,99,S1,1
ld_02,B109915,99,S1,1
ld_03,B113324,99,S1,1
ld_04,B110471,99,S1,1
ld_05,B121154,99,S1,1
ld_06,B121154,99,S1,1
pr_01,B110288,99,S1,1
pr_02,B109915,99,S1,1
pr_03,B110471,99,S1,1
pr_04,B113324,99,S1,1
pr_05,B109915,99,S1,1
pr_06,B120266,99,S1,1
sk_01,B120266,99,S1,1
sk_02,B120266,99,S1,1
sk_03,B145584,99,S1,1
sk_04,B111480,99,S1,1
sk_05,B110471,99,S1,1
sk_06,B126589,99,S1,1
ld_01,B111480,99,S2,1
ld_02,B120266,99,S2,1
pr_01,B120266,99,S2,1
pr_02,B120266,99,S2,1
pr_03,B127158,99,S2,1
pr_04,B145584,99,S2,1
pr_05,B126492,99,S2,1
pr_06,B120266,99,S2,1
sk_01,B120266,99,S2,1
sk_02,B120266,99,S2,1
sk_03,B113324,99,S2,1
sk_04,B110288,99,S2,1
sk_05,B127158,99,S2,1
sk_06,B109915,99,S2,1
sk_01,B120266,99,S3,1
sk_02,B120266,99,S3,1
sk_03,B145584,99,S3,1
sk_04,B111480,99,S3,1
sk_05,B110471,99,S3,1
sk_06,B126589,99,S3,1
ld_01,B127158,100,S1,1
ld_02,B145584,100,S1,1
ld_03,B110471,100,S1,1
ld_04,B113324,100,S1,1
ld_05,B110288,100,S1,1
ld_06,B120266,100,S1,1
pr_01,B111480,100,S1,1
pr_02,B110471,100,S1,1
pr_03,B110288,100,S1,1
pr_04,B120266,100,S1,1
pr_05,B120266,100,S1,1
pr_06,B120266,100,S1,1
sk_01,B120266,100,S1,1
sk_02,B120266,100,S1,1
sk_03,B113324,100,S1,1
sk_04,B109340,100,S1,1
sk_05,B110288,100,S1,1
sk_06,B127158,100,S1,1
ld_01,B109915,100,S2,1
ld_02,B120266,100,S2,1
ld_03,B120266,100,S2,1
ld_04,B109915,100,S2,1
ld_05,B126492,100,S2,1
ld_06,B120266,100,S2,1
pr_01,B145584,100,S2,1
pr_02,B126589,100,S2,1
pr_03,B120266,100,S2,1
pr_04,B127158,100,S2,1
pr_05,B126589,100,S2,1
sk_01,B120266,100,S2,1
sk_02,B120266,100,S2,1
sk_03,B109915,100,S2,1
sk_04,B145584,100,S2,1
sk_05,B111480,100,S2,1
sk_06,B110471,100,S2,1
sk_01,B120266,100,S3,1
sk_02,B120266,100,S3,1
sk_03,B126589,100,S3,1
sk_04,B113324,100,S3,1
sk_05,B109340,100,S3,1
sk_06,B110288,100,S3,1
ld_01,B111480,101,S1,1
ld_02,B126589,101,S1,1
ld_03,B145584,101,S1,1
ld_04,B110471,101,S1,1
ld_05,B127158,101,S1,1
ld_06,B110288,101,S1,1
pr_01,B110288,101,S1,1
pr_02,B109915,101,S1,1
pr_03,B110471,101,S1,1
pr_04,B113324,101,S1,1
pr_05,B113324,101,S1,1
pr_06,B120266,101,S1,1
sk_01,B120266,101,S1,1
sk_02,B120266,101,S1,1
sk_03,B127158,101,S1,1
sk_04,B109915,101,S1,1
sk_05,B145584,101,S1,1
sk_06,B111480,101,S1,1
ld_01,B111480,101,S2,1
ld_02,B126589,101,S2,1
ld_03,B110288,101,S2,1
ld_04,B120266,101,S2,1
ld_05,B120266,101,S2,1
ld_06,B120266,101,S2,1
pr_01,B120266,101,S2,1
pr_02,B120266,101,S2,1
pr_03,B120266,101,S2,1
pr_04,B145584,101,S2,1
pr_05,B126589,101,S2,1
pr_06,B127158,101,S2,1
sk_01,B120266,101,S2,1
sk_02,B120266,101,S2,1
sk_03,B110471,101,S2,1
sk_04,B126589,101,S2,1
sk_05,B113324,101,S2,1
sk_06,B109340,101,S2,1
ld_01,B120266,101,S3,1
sk_01,B145584,101,S3,1
sk_02,B127158,101,S3,1
sk_03,B110288,101,S3,1
sk_04,B127158,101,S3,1
sk_05,B109915,101,S3,1
sk_06,B145584,101,S3,1
ld_01,B113324,102,S1,1
ld_02,B110471,102,S1,1
ld_03,B109915,102,S1,1
ld_04,B145584,102,S1,1
ld_05,B127158,102,S1,1
ld_06,B113324,102,S1,1
pr_01,B109340,102,S1,1
pr_02,B111480,102,S1,1
pr_03,B109915,102,S1,1
pr_04,B120266,102,S1,1
pr_05,B120266,102,S1,1
pr_06,B120266,102,S1,1
sk_01,B126589,102,S1,1
sk_02,B145584,102,S1,1
sk_03,B111480,102,S1,1
sk_04,B110471,102,S1,1
sk_05,B126589,102,S1,1
sk_06,B113324,102,S1,1
ld_01,B110288,102,S2,1
ld_02,B126589,102,S2,1
ld_03,B120266,102,S2,1
ld_04,B120266,102,S2,1
ld_05,B120266,102,S2,1
ld_06,B120266,102,S2,1
pr_01,B145584,102,S2,1
pr_02,B145584,102,S2,1
pr_03,B127158,102,S2,1
pr_04,B127158,102,S2,1
sk_01,B127158,102,S2,1
sk_02,B145584,102,S2,1
sk_03,B109340,102,S2,1
sk_04,B110288,102,S2,1
sk_05,B127158,102,S2,1
sk_06,B111480,102,S2,1
sk_01,B145584,102,S3,1
sk_02,B111480,102,S3,1
sk_03,B145584,102,S3,1
sk_04,B111480,102,S3,1
sk_05,B110471,102,S3,1
sk_06,B126589,102,S3,1
ld_01,B111480,103,S1,1
ld_02,B127158,103,S1,1
ld_03,B109915,103,S1,1
ld_04,B145584,103,S1,1
ld_05,B145584,103,S1,1
ld_06,B109340,103,S1,1
pr_01,B111480,103,S1,1
pr_02,B110471,103,S1,1
pr_03,B111480,103,S1,1
pr_04,B145584,103,S1,1
pr_05,B145584,103,S1,1
pr_06,B110288,103,S1,1
sk_01,B113324,103,S1,1
sk_02,B109340,103,S1,1
sk_03,B113324,103,S1,1
sk_04,B109340,103,S1,1
sk_05,B110288,103,S1,1
sk_06,B127158,103,S1,1
ld_01,B120266,103,S2,1
ld_02,B127158,103,S2,1
ld_03,B120266,103,S2,1
pr_01,B126589,103,S2,1
pr_02,B127158,103,S2,1
pr_03,B126589,103,S2,1
pr_04,B113324,103,S2,1
pr_05,B145584,103,S2,1
pr_06,B126589,103,S2,1
sk_01,B109915,103,S2,1
sk_02,B110471,103,S2,1
sk_03,B109915,103,S2,1
sk_04,B145584,103,S2,1
sk_05,B111480,103,S2,1
sk_06,B110471,103,S2,1
sk_01,B126589,103,S3,1
sk_02,B110288,103,S3,1
sk_03,B126589,103,S3,1
sk_04,B113324,103,S3,1
sk_05,B109340,103,S3,1
sk_06,B110288,103,S3,1
ld_01,B110471,104,S1,1
ld_02,B113324,104,S1,1
ld_03,B111480,104,S1,1
ld_04,B126589,104,S1,1
ld_05,B145584,104,S1,1
ld_06,B126589,104,S1,1
pr_01,B109340,104,S1,1
pr_02,B110288,104,S1,1
pr_03,B110471,104,S1,1
pr_04,B113324,104,S1,1
pr_05,B109340,104,S1,1
pr_06,B109915,104,S1,1
sk_01,B127158,104,S1,1
sk_02,B127158,104,S1,1
sk_03,B109915,104,S1,1
sk_04,B109915,104,S1,1
sk_05,B145584,104,S1,1
sk_06,B111480,104,S1,1
ld_01,B145584,104,S2,1
ld_02,B110288,104,S2,1
ld_03,B111480,104,S2,1
ld_04,B111480,104,S2,1
ld_05,B126589,104,S2,1
pr_01,B110471,104,S2,1
pr_02,B113324,104,S2,1
pr_03,B145584,104,S2,1
pr_04,B126589,104,S2,1
pr_05,B127158,104,S2,1
sk_01,B110471,104,S2,1
sk_02,B126589,104,S2,1
sk_03,B110471,104,S2,1
sk_04,B126589,104,S2,1
sk_05,B113324,104,S2,1
sk_06,B109340,104,S2,1
sk_01,B110288,104,S3,1
sk_02,B109915,104,S3,1
sk_03,B110288,104,S3,1
sk_04,B127158,104,S3,1
sk_05,B109915,104,S3,1
sk_06,B145584,104,S3,1
ld_01,B110471,105,S1,1
ld_02,B109340,105,S1,1
ld_03,B113324,105,S1,1
ld_04,B110288,105,S1,1
ld_05,B127158,105,S1,1
ld_06,B110471,105,S1,1
pr_01,B110288,105,S1,1
pr_02,B109915,105,S1,1
pr_03,B110471,105,S1,1
pr_04,B145584,105,S1,1
pr_05,B109915,105,S1,1
pr_06,B126589,105,S1,1
sk_01,B111480,105,S1,1
sk_02,B113324,105,S1,1
sk_03,B111480,105,S1,1
sk_04,B110471,105,S1,1
sk_05,B126589,105,S1,1
sk_06,B113324,105,S1,1
ld_01,B109340,105,S2,1
ld_02,B113324,105,S2,1
ld_03,B113324,105,S2,1
ld_04,B145584,105,S2,1
ld_05,B109915,105,S2,1
ld_06,B109340,105,S2,1
pr_01,B111480,105,S2,1
pr_02,B127158,105,S2,1
pr_03,B127158,105,S2,1
sk_01,B109340,105,S2,1
sk_02,B145584,105,S2,1
sk_03,B109340,105,S2,1
sk_04,B110288,105,S2,1
sk_05,B127158,105,S2,1
sk_06,B109915,105,S2,1
sk_01,B145584,105,S3,1
sk_02,B111480,105,S3,1
sk_03,B145584,105,S3,1
sk_04,B111480,105,S3,1
sk_05,B110471,105,S3,1
sk_06,B126589,105,S3,1
ld_01,B127158,106,S1,1
ld_02,B145584,106,S1,1
ld_03,B110471,106,S1,1
ld_04,B110288,106,S1,1
ld_05,B109915,106,S1,1
ld_06,B111480,106,S1,1
pr_01,B111480,106,S1,1
pr_02,B110288,106,S1,1
pr_03,B109340,106,S1,1
pr_04,B110471,106,S1,1
pr_05,B109915,106,S1,1
pr_06,B113324,106,S1,1
sk_01,B113324,106,S1,1
sk_02,B109340,106,S1,1
sk_03,B113324,106,S1,1
sk_04,B109340,106,S1,1
sk_05,B110288,106,S1,1
sk_06,B127158,106,S1,1
ld_01,B126589,106,S2,1
ld_02,B127158,106,S2,1
ld_03,B110471,106,S2,1
ld_04,B109915,106,S2,1
pr_01,B145584,106,S2,1
pr_02,B145584,106,S2,1
pr_03,B126589,106,S2,1
pr_04,B127158,106,S2,1
pr_05,B126589,106,S2,1
sk_01,B109915,106,S2,1
sk_02,B110471,106,S2,1
sk_03,B109915,106,S2,1
sk_04,B145584,106,S2,1
sk_05,B111480,106,S2,1
sk_06,B110471,106,S2,1
sk_01,B126589,106,S3,1
sk_02,B110288,106,S3,1
sk_03,B126589,106,S3,1
sk_04,B113324,106,S3,1
sk_05,B109340,106,S3,1
sk_06,B110288,106,S3,1
ld_01,B111480,107,S1,1
ld_02,B110471,107,S1,1
ld_03,B126589,107,S1,1
ld_04,B110288,107,S1,1
ld_05,B109340,107,S1,1
ld_06,B113324,107,S1,1
pr_01,B109340,107,S1,1
pr_02,B110288,107,S1,1
pr_03,B113324,107,S1,1
pr_04,B109915,107,S1,1
pr_05,B110471,107,S1,1
pr_06,B113324,107,S1,1
sk_01,B127158,107,S1,1
sk_02,B127158,107,S1,1
sk_03,B145584,107,S1,1
sk_04,B109915,107,S1,1
sk_05,B145584,107,S1,1
sk_06,B111480,107,S1,1
ld_01,B145584,107,S2,1
ld_02,B111480,107,S2,1
ld_03,B127158,107,S2,1
ld_04,B126589,107,S2,1
ld_05,B145584,107,S2,1
ld_06,B109915,107,S2,1
pr_01,B145584,107,S2,1
pr_02,B111480,107,S2,1
pr_03,B127158,107,S2,1
pr_04,B110288,107,S2,1
pr_05,B126589,107,S2,1
sk_01,B110471,107,S2,1
sk_02,B126589,107,S2,1
sk_03,B110471,107,S2,1
sk_04,B126589,107,S2,1
sk_05,B113324,107,S2,1
sk_06,B109340,107,S2,1
ld_01,B109915,107,S3,1
sk_01,B110288,107,S3,1
sk_02,B109915,107,S3,1
sk_03,B110288,107,S3,1
sk_04,B127158,107,S3,1
sk_05,B109915,107,S3,1
sk_06,B145584,107,S3,1
ld_01,B127158,108,S1,1
ld_02,B109340,108,S1,1
ld_03,B113324,108,S1,1
ld_04,B126589,108,S1,1
ld_05,B110288,108,S1,1
ld_06,B110471,108,S1,1
pr_01,B109340,108,S1,1
pr_02,B110288,108,S1,1
pr_03,B109915,108,S1,1
pr_04,B110471,108,S1,1
pr_05,B113324,108,S1,1
pr_06,B145584,108,S1,1
sk_01,B109915,108,S1,1
sk_02,B110288,108,S1,1
sk_03,B109915,108,S1,1
sk_04,B110288,108,S1,1
sk_05,B145584,108,S1,1
sk_06,B111480,108,S1,1
ld_01,B110288,108,S2,1
ld_02,B109340,108,S2,1
ld_03,B113324,108,S2,1
ld_04,B111480,108,S2,1
ld_05,B145584,108,S2,1
ld_06,B110288,108,S2,1
pr_01,B145584,108,S2,1
pr_02,B126589,108,S2,1
pr_03,B126589,108,S2,1
pr_04,B127158,108,S2,1
pr_05,B127158,108,S2,1
sk_01,B109915,108,S2,1
sk_02,B110288,108,S2,1
sk_03,B109915,108,S2,1
sk_04,B110288,108,S2,1
sk_05,B110471,108,S2,1
sk_06,B126589,108,S2,1
ld_01,B109915,108,S3,1
sk_01,B109915,108,S3,1
sk_02,B110288,108,S3,1
sk_03,B109915,108,S3,1
sk_04,B110288,108,S3,1
sk_05,B113324,108,S3,1
sk_06,B109340,108,S3,1
ld_01,B127158,109,S1,1
ld_02,B110471,109,S1,1
ld_03,B145584,109,S1,1
ld_04,B126589,109,S1,1
ld_05,B109340,109,S1,1
ld_06,B113324,109,S1,1
pr_01,B111480,109,S1,1
pr_02,B110288,109,S1,1
pr_03,B110288,109,S1,1
pr_04,B110288,109,S1,1
pr_05,B109915,109,S1,1
pr_06,B109915,109,S1,1
sk_01,B109915,109,S1,1
sk_02,B110288,109,S1,1
sk_03,B109915,109,S1,1
sk_04,B110288,109,S1,1
sk_05,B127158,109,S1,1
sk_06,B145584,109,S1,1
ld_01,B110288,109,S2,1
ld_02,B109915,109,S2,1
pr_01,B110471,109,S2,1
pr_02,B126589,109,S2,1
pr_03,B145584,109,S2,1
pr_04,B109915,109,S2,1
pr_05,B109915,109,S2,1
sk_01,B109915,109,S2,1
sk_02,B110288,109,S2,1
sk_03,B109915,109,S2,1
sk_04,B110288,109,S2,1
sk_05,B111480,109,S2,1
sk_06,B110471,109,S2,1
sk_01,B109915,109,S3,1
sk_02,B110288,109,S3,1
sk_03,B109915,109,S3,1
sk_04,B110288,109,S3,1
sk_05,B126589,109,S3,1
sk_06,B114477,109,S3,1
ld_01,B110471,110,S1,1
ld_02,B145584,110,S1,1
ld_03,B111480,110,S1,1
ld_04,B126589,110,S1,1
ld_05,B110288,110,S1,1
ld_06,B110288,110,S1,1
pr_01,B110288,110,S1,1
pr_02,B110288,110,S1,1
pr_03,B110288,110,S1,1
pr_04,B109915,110,S1,1
pr_05,B109915,110,S1,1
pr_06,B109915,110,S1,1
sk_01,B114477,110,S1,1
sk_02,B114477,110,S1,1
sk_03,B113324,110,S1,1
sk_04,B109340,110,S1,1
sk_05,B127158,110,S1,1
sk_06,B145584,110,S1,1
ld_01,B110288,110,S2,1
ld_02,B109915,110,S2,1
ld_03,B109915,110,S2,1
ld_04,B109915,110,S2,1
ld_05,B109915,110,S2,1
pr_01,B145584,110,S2,1
pr_02,B127158,110,S2,1
sk_01,B114477,110,S2,1
sk_02,B114477,110,S2,1
sk_03,B111480,110,S2,1
sk_04,B110471,110,S2,1
sk_05,B126589,110,S2,1
sk_06,B113324,110,S2,1
sk_01,B114477,110,S3,1
sk_02,B114477,110,S3,1
sk_03,B109340,110,S3,1
sk_04,B127158,110,S3,1
sk_05,B145584,110,S3,1
sk_06,B111480,110,S3,1
ld_01,B109915,111,S1,1
ld_02,B110288,111,S1,1
ld_03,B109915,111,S1,1
ld_04,B110288,111,S1,1
ld_05,B127158,111,S1,1
ld_06,B145584,111,S1,1
pr_01,B109340,111,S1,1
pr_02,B111480,111,S1,1
pr_03,B110471,111,S1,1
pr_04,B113324,111,S1,1
pr_05,B145584,111,S1,1
pr_06,B127158,111,S1,1
sk_01,B114477,111,S1,1
sk_02,B114477,111,S1,1
sk_03,B110471,111,S1,1
sk_04,B126589,111,S1,1
sk_05,B113324,111,S1,1
sk_06,B109340,111,S1,1
ld_01,B109915,111,S2,1
ld_02,B110288,111,S2,1
ld_03,B110288,111,S2,1
ld_04,B109915,111,S2,1
pr_01,B126589,111,S2,1
pr_02,B114477,111,S2,1
pr_03,B114477,111,S2,1
pr_04,B114477,111,S2,1
pr_05,B114477,111,S2,1
pr_06,B114477,111,S2,1
sk_01,B114477,111,S2,1
sk_02,B114477,111,S2,1
sk_03,B127158,111,S2,1
sk_04,B145584,111,S2,1
sk_05,B111480,111,S2,1
sk_06,B110471,111,S2,1
sk_01,B114477,111,S3,1
sk_02,B114477,111,S3,1
sk_03,B126589,111,S3,1
sk_04,B113324,111,S3,1
sk_05,B109340,111,S3,1
sk_06,B127158,111,S3,1
ld_01,B109340,112,S1,1
ld_02,B127158,112,S1,1
ld_03,B113324,112,S1,1
ld_04,B111480,112,S1,1
ld_05,B110471,112,S1,1
ld_06,B111480,112,S1,1
pr_01,B109340,112,S1,1
pr_02,B110471,112,S1,1
pr_03,B113324,112,S1,1
pr_04,B113324,112,S1,1
pr_05,B126589,112,S1,1
pr_06,B145584,112,S1,1
sk_01,B114477,112,S1,1
sk_02,B114477,112,S1,1
sk_03,B145584,112,S1,1
sk_04,B111480,112,S1,1
sk_05,B110471,112,S1,1
sk_06,B126589,112,S1,1
ld_01,B145584,112,S2,1
ld_02,B126589,112,S2,1
ld_03,B114477,112,S2,1
ld_04,B114477,112,S2,1
ld_05,B114477,112,S2,1
pr_01,B114477,112,S2,1
pr_02,B114477,112,S2,1
pr_03,B127158,112,S2,1
pr_04,B126589,112,S2,1
pr_05,B127158,112,S2,1
pr_06,B114477,112,S2,1
sk_01,B113324,112,S2,1
sk_02,B113324,112,S2,1
sk_03,B109340,112,S2,1
sk_04,B127158,112,S2,1
sk_05,B112990,112,S2,1
sk_06,B145584,112,S2,1
pr_01,B114477,112,S3,1
pr_02,B114477,112,S3,1
sk_01,B113324,112,S3,1
sk_02,B113324,112,S3,1
sk_03,B111480,112,S3,1
sk_04,B110471,112,S3,1
sk_05,B126589,112,S3,1
sk_06,B109340,112,S3,1
